time,x,y,vx,vy,ax,ay,jx,jy,snapx,snapy,cracklex,crackley,POPx,POPy,contour_error,allowed_error,error_utilisation,modal_x,modal_y
0,0,0,1.41666630549197e-16,0,0,0,-4.97706221533589e-10,0,0,0,-3.42095543047843e-09,0,0,0,0,0.1,0,-3.71105098500852e-18,-1.97563474655023e-25
0.001,5.87155649250664e-20,0,8.30376340637147e-16,3.57783978423032e-21,9.61879147588705e-13,0,-6.39313997081851e-10,0,-8.44479624880282e-12,0,-3.42095543047843e-09,0,199999953415.362,-198265581021.726,0,0.1,0,-8.13937976707963e-18,1.38017225731257e-17
0.002,2.77777714227608e-10,-2.75368862530174e-10,1.66666627993394e-06,-1.65221317518105e-06,0.0083333313926293,-0.00826106587590517,33.3333255712624,-33.0442635036211,99999.9767076842,-99132.7905108631,199999953.415374,-198265581.021726,199999934148.023,-195441727492.499,2.75368862530174e-10,0.1,2.75368862530174e-09,2.73182917204229e-09,-2.70813912359502e-09
0.003,1.77777736130423e-08,-1.76196851831406e-08,5.33333207530159e-05,-5.28472894930501e-05,0.133333301475588,-0.132059393450766,266.666601343702,-263.883465774097,399999.897197076,-395119.235278839,399999887.563397,-393707308.514225,199999899975.088,-40290453027.2704,1.76196851831406e-08,0.1,1.76196851831406e-07,1.73606912203446e-07,-1.72062845492006e-07
0.004,2.02499951079134e-07,-2.00277403700698e-07,0.000404999900247292,-0.000399441846549193,0.674999828508763,-0.66079913049279,899.999758984716,-862.571431232896,899999.734747982,-808971.770306699,599999787.538472,-433997761.541495,199999827437.298,191150456323.268,2.00277403700698e-07,0.0999999999999985,2.00277403700701e-06,1.9567515798346e-06,-1.93521247587287e-06
0.005,1.13777749013031e-06,-1.11093903912094e-06,0.00170666622041582,-0.00164284564063775,2.13333274560043,-1.99222480437085,2133.33269207354,-1856.68367250461,1599999.43600519,-1147394.30368656,799999614.975671,-242847305.218227,199999598055.33,193533565201.133,1.11093903912094e-06,0.0999999999999515,1.11093903912148e-05,1.08415510085682e-05,-1.05820688788527e-05
0.006,4.3402766158698e-06,-4.10890738752271e-06,0.00520833186532834,-0.00476315052313181,5.20833174142532,-4.45501628103858,4166.66520191083,-3093.24603460028,2499998.85001052,-1293474.82630422,999999213.030999,-49313740.0170942,169230495286.755,193381317359.933,4.10890738752271e-06,0.0999999999992936,4.10890738755173e-05,4.06439264095732e-05,-3.84195002604516e-05
0.007,1.29599535401095e-05,-1.16691442040403e-05,0.0129597395707145,-0.0109808121873773,10.7987141744835,-8.19516113057048,7194.86874098464,-4379.14751135306,3584613.3106849,-1246097.90764135,1169229708.31776,144067577.342839,-199999427097.728,191794589655.801,1.16691442040403e-05,0.0999999999937015,0.000116691442047753,0.000118869257288103,-0.000106588166557359
0.008,3.26770196800957e-05,-2.75278486768943e-05,0.0280003749100919,-0.0215656289542614,19.9724278794012,-13.1653548916181,11330.7636679788,-5521.24586538035,4653843.30545379,-1006133.03547061,969230281.220028,335862166.99864,-199999642679.214,187718984743.129,2.75278486768943e-05,0.0999999999599584,0.000275278486879169,0.000292592908459762,-0.000244309879697078
0.009,7.27537784206739e-05,-5.66352253588023e-05,0.0544525431057533,-0.0376437370359837,33.7833182618652,-19.1258686225363,16435.8888402626,-6328.16131989407,5523073.76533393,-576411.376100404,769230638.540257,523581151.741769,-199999686539.416,174881594161.316,5.66352253588023e-05,0.0999999998015131,0.000566352254712158,0.000633868518857335,-0.000485482731066146
0.01,0.000147073556015605,-0.000104916001332673,0.0974047026945235,-0.0600064816532099,53.1006157709457,-25.6476853721003,22310.2446437767,-6613.63518776356,6192304.56060448,34610.5727220237,569230952.00084,698462745.903085,-199999661670,9134388886.03349,0.000104916001332673,0.0999999991888911,0.00104916002183656,0.00124251130290672,-0.000862993773272185
0.011,0.000275009419206881,-0.000178841322886497,0.162714542839944,-0.0889260374560855,78.5935512011219,-32.127224216316,28753.8314034367,-6228.27084394246,6661535.68176882,737640.513068125,369231290.330816,707597134.789119,-199999531442.568,-166366296651.736,0.000178841322886497,0.0999999971641282,0.00178841327958208,0.00224449024602386,-0.00140136637562255
0.012,0.000482093406018325,-0.000284832616991531,0.256808983664081,-0.124016360180717,110.731355680021,-37.8756738769534,35566.6494751318,-5164.5594795884,6930767.20638004,1362054.49953138,169231758.888198,541230838.137382,-199998697201.934,-178890732449.137,0.000284832616991531,0.0999999912858736,0.00284832641812207,0.00378585579489554,-0.00210867917833397
0.013,0.000800485756890561,-0.000428586559955542,0.386484176616876,-0.164226244185391,149.783260772441,-42.2764547476053,42548.6994447553,-3561.70468306328,6999999.61666727,1813839.97144419,-30766938.3137352,362340105.688246,61527648822.9161,-181983338751.429,0.000428586559955542,0.0999999759772574,0.00428586662913812,0.00602284447659326,-0.0029694198569119
0.014,0.00126924450951573,-0.000614466305550192,0.558707684489116,-0.20796766363604,195.829395854511,-44.8784320664464,49543.5702004038,-1597.02521523354,6999996.5027649,2085188.40775672,30760710.5091134,180356766.936817,-61517580176.2902,-181976132133.011,0.000614466305550192,0.0999999396137482,0.00614466676603586,0.00910917432970607,-0.00394036858552793
0.015,0.00193441599105128,-0.000845051223009908,0.780476300577393,-0.253291078511289,248.875527858875,-45.4103859554843,56548.6941283941,548.012220636175,6999998.42318587,2174557.10862703,-30756869.6671767,-1619365.19619439,61507798658.5423,-179713001460.152,0.000845051223009908,0.0999998597667855,0.00845052408054064,0.0131820027821697,-0.00495077017223073
0.016,0.00284904633363406,-0.00112086581567874,1.05879207293308,-0.298066597253579,308.921657878862,-43.7828531164616,63543.5654165228,2691.807479755,6999995.45284796,2083081.24270076,30750928.9913653,-181332366.656347,-61496290959.1843,-174444308560.808,0.00112086581567874,0.0999996958991358,0.0112086922425174,0.0183489036185257,-0.00590692552100732
0.017,0.00407318166706609,-0.00144029016324563,1.40065294824863,-0.340165375640895,375.967783831184,-40.0869955893223,70548.6869520403,4655.14848770078,6999998.23635973,1814526.72176401,-30745361.9678217,-355776675.217155,61481634554.7501,-163111760355.658,0.00144029016324563,0.0999993786893837,0.0144029911197692,0.0246777740034087,-0.00670072336589746
0.018,0.00567386811749531,-0.00179965076466957,1.81306097321877,-0.377638559158877,450.013907409182,-34.5906761766238,77543.5594465086,6264.6015784636,6999993.69166929,1377194.16636902,30736272.5869283,-518888435.572813,-61463892011.8697,-133866461886.752,0.00179965076466957,0.0999987950539917,0.0179967244975091,0.0321907253795514,-0.00722122220227031
0.019,0.007725151808166,-0.00219348768855935,2.30301409444541,-0.408890138090539,531.060025418122,-27.7295366901499,84548.6772924691,7360.04045006518,6999998.01825028,791372.499852835,-30727619.4249409,-652754897.459565,61439506222.7582,-21437237288.2087,0.00219348768855935,0.0999977678388751,0.0219353665183175,0.040862504254158,-0.0073680778369833
0.02,0.0103080788573891,-0.00261498841713055,2.87751435652455,-0.432835135903385,619.106140429239,-20.0834956912886,91543.5514187116,7821.46262830686,6999990.15193669,127898.983749166,30711886.7978166,-674192134.747773,-61408554106.389,107479860385.51,0.00261498841713055,0.0999960290728886,0.0261509226053811,0.050623540282925,-0.00706539371330395
0.021,0.0135106953795971,-0.00305656186364074,3.54355970561246,-0.449013779456673,714.152246881964,-12.3059705993828,98548.6627550294,7630.17885474735,6999997.76168114,-492553.220806984,-30696667.3085725,-566712274.362281,61356820374.874,139133895362.047,0.00305656186364074,0.0999931856194802,0.030567701635913,0.061367267016128,-0.00627438303520037
0.022,0.0174280474817621,-0.00351048198433295,4.3081521824446,-0.457609206394454,816.198348940798,-5.0107231551259,105543.538319786,6877.45847931956,6999979.50456,-989698.547488241,30660153.0663015,-427578379.000234,-61284400550.7235,148748970457.153,0.00351048198433295,0.0999886760377872,0.0351087955500709,0.0729609501610874,-0.00500293873280424
0.023,0.0221621812645938,-0.00396949490322192,5.17828973059909,-0.459362726258873,925.244433521674,1.30682086105191,112548.633834088,5698.76223740757,6999997.45735005,-1342902.4412599,-30624247.484422,-278829408.543063,29715124445.141,150367516224.032,0.00396949490322192,0.0999817174799029,0.039702207596302,0.0852589259307401,-0.00331018733431581
0.024,0.0278221427702224,-0.00442731249434705,6.16097411889642,-0.455440706182048,1041.2892001734,6.29392562291501,119538.271688437,4241.50634458019,6984230.77208874,-1546548.09169095,-909123.039283102,-128461892.319031,33353467854.1704,146755334551.009,0.00442731249434705,0.0999712415180797,0.0442858608847663,0.098116931463472,-0.00130489750857536
0.025,0.0345239755828506,-0.00487896462618628,7.26319673344155,-0.44728791501985,1164.3208254552,9.74686241186952,126527.606810328,2655.1865291549,6999998.3829762,-1601632.31673447,32444344.8138759,18293442.2319778,-199992214369.123,137531773334.884,0.00487896462618628,0.0999558179328148,0.048811212064371,0.111406096873372,0.000862295357885986
0.026,0.0423907123226901,-0.00532100297013016,8.49194771394499,-0.436478489737988,1294.34550583901,11.6100121802514,133510.495329983,1085.62289575892,6932446.62060691,-1514572.98783505,-167547869.554571,155825215.566862,-199997549309.543,119903522717.91,0.00532100297013016,0.0999335657183782,0.0532454029022164,0.125025206292828,0.0030120839491177
0.027,0.0515523717167121,-0.00575155715876043,9.85419522741163,-0.424570603027825,1431.28596660313,11.9693154314672,140325.835090965,-331.053563839717,6664899.97639757,-1298796.01090924,-367545418.864115,275728738.284772,-199998226380.135,87519423734.5008,0.00575155715876043,0.0999020508364839,0.0575719628436294,0.138910169144225,0.00495374428208578
0.028,0.062145871930119,-0.00617024997687271,11.3567379471786,-0.412971062354136,1574.87466085305,11.0384652945426,146773.629320182,-1477.39863498422,6197355.44434338,-979307.560757212,-567543645.24425,363248162.019273,-199998377530.122,32704888827.9645,0.00617024997687271,0.099858171074527,0.0617901360547418,0.153038945863031,0.00650465716227658
0.029,0.0743147626951152,-0.00657798577167563,13.0060070009608,-0.402819106423054,1724.64404402213,9.13331694321744,152653.879878983,-2269.63129992714,5529812.61033406,-599706.954323957,-767542022.774573,395953050.847237,-199998292156.855,-28852335462.9843,0.00657798577167563,0.0997980295635528,0.0659129824550962,0.167430558905582,0.00751003048276326
0.03,0.0882087577663,-0.00697663821976409,14.8078659727874,-0.394904298681199,1879.92657327364,6.62862216062524,157766.588429237,-2676.17045140458,4662271.44148129,-218180.071208212,-967540314.931224,367100715.384253,-199997961452.641,-66868952381.8119,0.00697663821976409,0.0997167997316822,0.0699645219114213,0.182138179513283,0.00786064695112707
0.031,0.103983067377828,-0.00736868036031076,16.7674109046865,-0.389635386469606,2039.85470745607,3.90175891983129,161911.756719676,-2721.94499031769,3594732.14582376,115486.167985135,-1167538276.38384,300231763.002441,-199997140739.959,-84249523967.6661,0.00736868036031076,0.0996085859969478,0.0739763574250171,0.197237033528927,0.00750651794320477
0.032,0.121797530702276,-0.00775681132797704,18.8887702984557,-0.387063544772844,2203.36090732173,1.28408524384125,164889.386870518,-2470.38452815928,2327195.29906994,373593.169003743,-1367535417.1238,215982239.034775,-199994464710.691,-89609252018.8305,0.00775681132797704,0.0994662863360105,0.0779843262849232,0.212808367418571,0.00646463698689066
0.033,0.141815548311443,-0.00814362731910592,21.1749051178329,-0.386944133748722,2369.17763616957,-0.967239378811147,166499.482050241,-2003.73511497462,859662.649590787,544770.782029102,-1567529881.83449,126372987.015944,-17857573868.2443,-86886329091.3969,0.00814362731910592,0.0992814649425889,0.0820256562875568,0.228921083397408,0.00481969018123557
0.034,0.164202814892762,-0.00853136539718119,23.6274103095777,-0.388817904066299,2535.84495049872,-2.6811472019807,166572.403496603,-1410.25889428612,-716796.019177827,627700.604499348,-1585387455.70273,39486657.9245474,199994333849.719,-77390884972.4115,0.00853136539718119,0.099044245446477,0.0861369114250206,0.245612861695875,0.0027174643106371
0.035,0.189125866944545,-0.00892173254223753,26.2463576046303,-0.392098563594634,2701.80305784036,-3.77419930457024,165096.246138549,-775.713441653229,-2202186.3079557,628491.81993769,-1385393121.85301,-37904227.047864,199997004429.916,-61466207700.1256,0.00892173254223753,0.0987432373202686,0.0903528462744274,0.262872756642038,0.000351564508842906
0.036,0.216750539094187,-0.00931582170513718,29.0302856964169,-0.396157962544566,2865.57564517981,-4.24454529941677,162234.696103738,-176.41810318943,-3487580.92759375,559854.489039763,-1185396117.42309,-99370434.7479896,199997814919.426,-39917440857.4045,0.00931582170513718,0.0983655090538756,0.094706181005324,0.28062785320172,-0.0020551999971136
0.037,0.247240496812813,-0.00971410889960612,31.9763497013042,-0.400401880894193,3025.8773180425,-4.15926112391347,158187.750086585,327.09826166677,-4572978.13755714,440525.333863071,-985398302.503684,-139287875.605394,199998128473.007,-15557301784.1902,0.00971410889960612,0.0978966211686228,0.0992282346790496,0.298736862655031,-0.00427282667422604
0.038,0.28075595132352,-0.0101165187218027,35.0805193397555,-0.404330105303964,3181.62267926524,-3.63576306216013,153155.405819189,695.386774067606,-5458377.37582432,293458.807365193,-785400174.030676,-154845177.389603,199998185011.824,6802805333.06636,0.0101165187218027,0.0973207320950124,0.103950294084576,0.316992221606274,-0.00608722077134566
0.039,0.317452574204261,-0.0105225398643199,38.3377789340122,-0.407575660370203,3331.9263296252,-2.81917096372322,147337.661387195,912.556793656631,-6143778.45734877,142015.032642123,-585401989.018807,-148042372.056537,199997981717.505,23303826207.3699,0.0105225398643199,0.0966207904182583,0.108905545263802,0.335130554131436,-0.00732194659294999
0.04,0.357480611988639,-0.0109313683014,41.7423274061551,-0.409920857998614,3476.10286803479,-1.85930938966949,140934.51493229,984.434611312149,-6629181.45550882,5624.57368926277,-385404007.301302,-124738545.849167,199997195016.965,33006588287.665,0.0109313683014,0.0957788267150969,0.114131365734062,0.352850377882167,-0.00785631281367587
0.041,0.400984200764814,-0.0113420555009464,45.2877782762231,-0.411291935038187,3613.66689145457,-0.891476974642248,134145.964338968,933.191010124773,-6914586.86530166,-102610.678016071,-185406812.284634,-91731957.5615017,199991907537.512,36653922310.315,0.0113420555009464,0.0947763573989106,0.119671781151159,0.369835241335251,-0.00763785813614521
0.042,0.448100880772411,-0.0117536426316066,48.9673596600183,-0.411737435002982,3744.33299422165,-0.0233527163561877,127172.006052113,790.82334037961,-6999997.72381711,-176015.674422415,14585095.2533297,-55078035.2511866,-29132584179.6807,35332134835.2467,0.0117536426316066,0.0935949118644429,0.125579931616687,0.385779973699504,-0.00668790761570891
0.043,0.498961310678391,-0.0121652676829754,52.7741123559195,-0.411396712478564,3868.00621840339,0.671755286555114,120174.445445226,593.157337470812,-6999978.92065362,-213427.642255979,-14547488.9263509,-19745900.4159399,29062867087.8376,30127259887.1217,0.0121652676829754,0.0922166928942468,0.13192045063822,0.400417452025856,-0.0050996185073565
0.044,0.5536891634711,-0.0125762386737786,56.7010387699372,-0.410464521482335,3984.6794607596,1.15616312199058,113172.036591291,374.877954988048,-6999994.97603605,-218109.912728358,14515378.161487,10381359.4711818,-29009282800.6763,22197068085.0978,0.0125762386737786,0.0906253794150379,0.138771707825719,0.413543098750696,-0.00302873317932559
0.045,0.612401112391729,-0.0129860716046132,60.7411379462265,-0.409156653502759,4094.35271037245,1.42464122502985,106174.464423869,165.658233342797,-6999984.23927473,-196630.019214627,-14493904.6391899,32578427.5562795,28965633246.4116,12881794928.8624,0.0129860716046132,0.0888070819850471,0.146227883118598,0.425033863972126,-0.000678016649781911
0.046,0.67520683069065,-0.0133944962313371,64.8874108622386,-0.407680490048155,4197.02597392729,1.49795092814675,99172.0608378154,-12.5356062722129,-6999995.32729083,-157610.694193916,14471728.6072213,45460222.4851419,-28926791448.859,3650641473.34537,0.0133944962313371,0.0867514610087817,0.154400814413733,0.434859174644132,0.00172299860025666
0.047,0.742208991630609,-0.0138014360183956,69.132856562629,-0.406213150774227,4292.69924377326,1.4143387885865,92174.4802429212,-146.807748978001,-6999986.99440804,-110325.150972102,-14455062.8416377,49110863.9584872,28892948695.2466,-4157017147.46191,0.0138014360183956,0.0844530151658453,0.163421471587402,0.443082753709839,0.0039408697410188
0.048,0.813503268482044,-0.0142069706611314,73.470476020505,-0.404888591741103,4381.37252521464,1.22038039906771,85172.0812085415,-233.270304162103,-6999995.58290205,-63292.7955873456,14437885.853609,44953846.8110253,-28861838338.7907,-9622828158.2564,0.0142069706611314,0.0819125455747299,0.173440717309539,0.449855243942781,0.00576136511634336
0.049,0.889178334525771,-0.0146112902170065,77.8932682814567,-0.403793602406665,4463.0458123695,0.962555053740515,78174.4942621752,-275.689981036979,-6999988.61621784,-23150.3628554485,-14423952.4836504,35331018.6527689,28833601820.182,-12359782856.9753,0.0146112902170065,0.0791387993327123,0.184628656742419,0.455398468792624,0.00701050980881551
0.05,0.969315863049445,-0.0150146491775562,82.3942343154699,-0.402971381609627,4537.71910973156,0.680663403594947,71172.0992700189,-283.234798579555,-6999995.7677914,6000.76436976778,14409649.3365316,22971235.7963788,-28807015304.6912,-12432313131.4129,0.0150146491775562,0.0761502940154724,0.197171256810978,0.459982965748418,0.00757145294540657
0.051,1.05399052734991,-0.015417327009072,86.9663731692188,-0.402430481945711,4605.3924124336,0.403739513452549,64174.5071576783,-267.82046885283,-6999989.62610721,22755.8436004401,-14397365.9681595,10538922.6649659,28782188715.1409,-10228582138.551,0.015417327009072,0.0729773224887259,0.211261889081417,0.463901061587354,0.00739550468693715
0.052,1.1432700007303,-0.0158195992362278,91.6026858102549,-0.402156506142884,4666.06572447509,0.148627262912611,57172.1158800398,-241.499927704109,-6999995.8977178,28180.4745702721,14384822.7469824,310340.395459592,-28758362913.798,-6370825418.21099,0.0158195992362278,0.0696641349979733,0.227083839291022,0.467438164355574,0.0065063024868254
0.053,1.2372149565022,-0.016221720510803,96.2961712864017,-0.402123972257424,4719.73904161161,-0.0789961551662106,50174.5193332099,-214.226087172529,-6999990.25642772,25305.4022566261,-14373540.1668156,-6060485.02275139,28735627461.0706,-1648776120.55991,0.016221720510803,0.0662712929753916,0.244777486336755,0.470845086816829,0.00499677314552972
0.054,1.33587906798317,-0.0166239186838881,101.039830563203,-0.402306130149144,4766.41236754439,-0.28164832105317,43172.1315779417,-192.225723882592,-6999995.98286423,18420.5291731841,14362087.2944953,-7709261.14343352,-28713454480.2404,3062306960.31833,0.0166239186838881,0.0628781863570919,0.264382922711528,0.474314080807869,0.00301928570889189
0.055,1.43930900849871,-0.017026396968287,105.826662689681,-0.402681116943932,4806.08569841818,-0.465821061083062,36174.531062978,-177.149440787674,-6999990.62280986,12242.4215099097,-14351367.1857451,-4646954.18311518,28691920393.2111,6908020134.37485,0.017026396968287,0.0595857034571176,0.285746344851672,0.477960867303776,0.000770066465817089
0.056,1.54754445138009,-0.0174293400396976,110.649668629653,-0.403233608378081,4838.75903777191,-0.63733594895653,29172.1467433047,-166.079159396895,-6999996.02979913,11049.4774710598,14340553.2071948,2261065.9718827,-28670616663.2023,9163328133.68204,0.0174293400396976,0.056519039621466,0.308379975251347,0.481814335442137,-0.00153049589007817
0.057,1.66061806996627,-0.0178329195039461,115.501847433392,-0.403951971755007,4864.43238198349,-0.797131719950345,22174.5425539986,-152.37192758428,-6999990.78492353,17892.2075097835,-14330063.4560075,11424394.1055647,28649611586.8008,9317983056.83613,0.0178329195039461,0.0538306280068746,0.331278310586841,0.485814816651931,-0.00365964332935132
0.058,1.77855553760184,-0.0182372945832288,120.376200063183,-0.404821753737885,4883.10573453493,-0.938265228801438,15172.1616726137,-127.214525845545,-6999996.04258614,33975.5931437663,14319548.1307925,20742377.1624009,-28628553076.7837,7138036704.26683,0.0182372945832288,0.051703172921939,0.352730665306814,0.489820994797027,-0.00541395334560789
0.059,1.90137552763897,-0.0186426050735852,125.265725570624,-0.405817039881398,4894.77909192123,-1.04473747701872,8174.55397858012,-81.6780713366599,-6999990.77099374,58286.9886585534,-14309004.9459996,27880413.8666677,28607505049.4739,2721069051.4983,0.0186426050735852,0.0503527632556795,0.370239960395469,0.493624672197391,-0.0066288167208995
0.06,2.02908971343543,-0.0190489554304765,130.163424916593,-0.406891717536489,4899.45245765954,-1.09251194050451,1172.17662262163,-8.99736427714161,-6999996.023415,87527.9370477007,14298500.1034743,30601482.9419946,-28586129120.4631,-3458064387.10241,0.0190489554304765,0.05,0.380979108609529,0.496971857181172,-0.00719381022145373
0.061,2.16170276835657,-0.019456391006337,135.062297154113,-0.407972893925038,4897.12582826509,-1.05278917511693,-5825.43450559557,93.2549701770731,-6999990.58785074,116400.387796144,-14287629.0169854,27143418.5548922,28564487888.5758,-10558179394.6632,0.019456391006337,0.05,0.389127820126741,0.499588042832103,-0.00706253009884791
0.062,2.2992123657734,-0.0198648696908074,139.955343242747,-0.408958612559488,4887.79920738103,-0.89725003209075,-12827.8081599734,221.467370684889,-6999995.97294444,138264.716653705,14276858.8715906,16585239.1601728,-28542219940.5563,-17484282027.2413,0.0198648696908074,0.05,0.397297393816149,0.501205165728901,-0.00625603066162553
0.063,2.44160917906464,-0.0202742341421981,144.83556223707,-0.409721539437513,4871.4725914519,-0.604614608303449,-19825.4227401589,365.11065991414,-6999990.22404312,146107.814800257,-14265361.0689653,-899042.867068544,28519389334.7445,-23068623253.2293,0.0202742341421981,0.05,0.405484682843961,0.501587601187641,-0.00485966377619873
0.064,2.58887688161479,-0.0206841910888692,149.695955095386,-0.410119477112039,4848.14598434743,-0.167561074102576,-26827.7924131784,506.924182738658,-6999995.89044471,133674.460306574,14254028.2657768,-23967666.1202978,-28495569414.3424,-26221495127.9509,0.0206841910888692,0.05,0.413683821777385,0.50055467847563,-0.0030137721665316
0.065,2.74099214681632,-0.0210943045255347,154.529520874,-0.410012514183179,4817.81938234501,0.401113165462392,-33825.4105510596,624.244560530575,-6999989.64688611,96596.0467458505,-14241541.1485656,-50189161.2482487,28470828507.6623,-25989769690.0616,0.0210943045255347,0.05,0.421886090510695,0.497997569189479,-0.000899284952815901
0.066,2.8979246480677,-0.0215040088718797,159.329260529987,-0.409285487192793,4780.49278966484,1.06420798208728,-40827.7758304354,691.414398370472,-6999995.77378084,33412.0004347048,14229287.359097,-76178930.9383103,-28444615285.6927,-21563843166.9214,0.0215040088718797,0.05,0.430080177437594,0.493888976362039,0.00128026072245285
0.067,3.05963705877579,-0.0219126462919559,164.088173121623,-0.407873357165597,4736.1662023031,1.7587333987201,-47825.397729751,683.142959834973,-6999988.79406459,-53548.8518135951,-14215327.9265957,-97742774.1052317,28417005502.9068,-12372223035.2224,0.0219126462919559,0.05,0.438252925839119,0.488284771594213,0.00331843770196904
0.068,3.22608505235375,-0.0223195294881711,168.799259604765,-0.405786152813041,4684.8396249969,2.39829596100427,-54827.7580201939,578.660683796225,-6999995.61923973,-157477.737436438,14201677.5763121,-110114997.140454,-28387222339.0075,1520126259.60579,0.0223195294881711,0.05,0.446390589763422,0.481317521611559,0.00502543392908412
0.069,3.39721730222378,-0.0227240275266425,173.455519039992,-0.403129348256807,4626.51305331242,2.87992861533179,-61825.3840043687,366.3788021662,-6999987.55283309,-266832.671447129,-14185544.7626953,-108594870.880848,28355352848.0931,18740125790.2558,0.0227240275266425,0.05,0.454480550532849,0.473182635133875,0.00624547379100099
0.07,3.57297548181478,-0.0231256678444152,178.04995238194,-0.400115070970872,4561.18649274721,3.09557277520219,-68827.7384374417,48.3720495770235,-6999995.42117157,-366057.47943281,14169808.0853978,-89854745.0905925,-28320199828.6027,36546472468.9808,0.0231256678444152,0.05,0.462513356888304,0.464118569859963,0.00687055373525317
0.071,3.75329426456563,-0.0235242430174157,182.575558693972,-0.397059761144561,4488.85993822553,2.94746306390059,-75825.3689878752,-356.521723656252,-6999985.71300047,-437638.988288912,-14150391.7432049,-53308272.6216117,28281866740.6197,51989972558.6521,0.0235242430174157,0.05,0.470484860348315,0.45438309901535,0.00684931320127981
0.072,3.93810132392251,-0.0239199070743008,187.025338929501,-0.394365286702125,4409.53339639365,2.36540338285289,-82827.7162522907,-812.14985282289,-6999995.17137335,-464952.274657249,14131474.9974148,-1318300.06401445,-28238303200.5219,63024783924.9931,0.0239199070743008,0.05,0.478398141486016,0.444227995405613,0.00619038672488966
0.073,4.1273173333429,-0.0243132443140832,191.392292155399,-0.392482980014096,4323.20686120554,1.32318370868725,-89825.3520700322,-1267.25714685798,-6999982.84797612,-434758.182758767,-14106828.2031071,61706483.8609786,28189636207.834,68450370139.8779,0.0243132443140832,0.05,0.486264886281663,0.433874615267232,0.0049601458296847
0.074,4.32085596629254,-0.024705294417401,195.66941932389,-0.391862743052719,4229.88034114166,-0.148316016817456,-96827.6900594085,-1659.75369266307,-6999994.85807534,-338826.51382785,14082808.004727,130156854.000856,-28131814376.6059,67102489481.7752,0.024705294417401,0.05,0.49410588834802,0.423492745802498,0.00327527807192013
0.075,4.51862389625049,-0.0250975208840106,199.849719506545,-0.392891424611844,4129.55382862895,-1.95299422033255,-103825.332149211,-1922.31803124355,-6999977.95725891,-175118.415086106,-14049006.371928,197259343.482632,28064998724.1646,56867203073.0795,0.0250975208840106,0.05,0.501950417680213,0.413184733199143,0.00129111567094176
0.076,4.72052079670548,-0.0254917147658617,203.926193654606,-0.395826071217642,4022.22733537499,-3.92762543507734,-110827.657109869,-1989.3289074095,-6999994.4642687,50574.5299330658,14015992.3522365,254126546.555711,-27979133672.5778,33881494194.2445,0.0254917147658617,0.05,0.509834295317235,0.402976369153157,-0.000813019814728947
0.077,4.92643934116309,-0.0258898319325639,207.891840846522,-0.400729061066211,3907.90085123448,-5.84790092416959,-117825.306766907,-1806.04418849953,-6999968.03875497,321641.823585899,-13963141.3278013,288008040.749955,27874430424.0298,-5241816981.22799,0.0258898319325639,0.05,0.517796638651278,0.392815338010874,-0.00284997684053881
0.078,5.13626520314112,-0.0262937701569276,211.739662033523,-0.407414420460809,3786.57439469257,-7.44534126979231,-124827.610637922,-1341.27198070279,-6999993.96487076,607028.955844429,13911289.0962245,282766223.768588,-27710945718.025,-51942045260.3055,0.0262937701569276,0.05,0.525875403138551,0.382577281133906,-0.00464090785339469
0.079,5.34987705618124,-0.0267051032162368,215.462656305948,-0.415417877152699,3658.24795099766,-8.43813532049726,-131825.267449198,-601.516920517452,-6999938.1486336,863824.156982865,-13799656.6219093,230824178.508283,27488966898.0223,-89253234749.7488,0.0267051032162368,0.05,0.534102064324735,0.372078793544048,-0.00602997619795209
0.08,5.56714657384387,-0.0271248026216246,219.053824620952,-0.424003926343476,3522.92155990499,-8.57298835088642,-138827.52393166,362.843786594648,-6999993.32180629,1050021.71811627,13689310.2762615,141570943.758534,-6190203759.98215,-113059236464.499,0.0271248026216246,0.05,0.542496052432492,0.361096001902472,-0.00689652107246922
0.081,5.78793842976321,-0.027552987794543,222.50616627214,-0.43221553255236,3380.59606293899,-7.6662493494599,-145821.704298954,1464.80777051277,-6989399.11341002,1135063.04364256,7499106.51627939,28511707.2940347,-36184938617.8023,-126771010061.406,0.027552987794543,0.05,0.55105975589086,0.349386847526169,-0.00716392601163856
0.082,6.01211029923671,-0.0279887449613215,225.812686593999,-0.438960069279903,3231.27940122864,-5.6344402313294,-152813.384682209,2592.99816612544,-6999992.47620264,1100189.24590589,-28685832.1015228,-98259302.7673703,57378449966.3609,-133270738624.359,0.0279887449613215,0.05,0.55977489922643,0.336714875200394,-0.0068047610107893
0.083,6.23951286480817,-0.0284300452470632,228.966391920385,-0.443119850280956,3074.96363010506,-2.51327694015492,-159818.156999468,3621.84597087692,-6999989.08332099,935294.57382634,28692617.864838,-231530041.391729,199981466460.005,-133410367993.837,0.0284300452470632,0.05,0.568600904941264,0.322872218412931,-0.00584204100952629
0.084,6.46998981103475,-0.028873781238921,231.960282669181,-0.443677080644826,2911.65859322801,1.53206921207014,-166770.469529446,4419.14046267509,-6871305.73222614,637059.348437692,228674084.324843,-364940409.385566,199990448013.193,-125154852527.271,0.028873781238921,0.05,0.577475624778421,0.307699411596975,-0.00434671417031303
0.085,6.70337784380127,-0.0293159324324061,234.787422004696,-0.43984551345084,2741.49891611517,6.20370116188129,-173494.106478175,4852.87046433212,-6542636.42389471,209541.51278849,428664532.339586,-490095261.912837,199991344990.862,-98433334108.7581,0.0293159324324061,0.05,0.586318648648123,0.29110048667228,-0.0024317725867287
0.086,6.93950683081973,-0.0297518627734758,237.441102955785,-0.431201694385026,2564.81326848648,11.0755584500343,-179789.078745068,4800.9587904794,-6013976.21906072,-329770.416178726,628655877.329073,-588528596.021595,199989533291.573,-10374457279.3396,0.0297518627734758,0.05,0.595037255469515,0.273052884062934,-0.000243631654171676
0.087,7.17820013049752,-0.0301767451880852,239.915047216103,-0.417805226754505,2382.13031050866,15.6131116640665,-185455.395436582,4175.19500007665,-5285325.57508566,-923486.240839991,828645410.620642,-598903053.3009,199981450148.108,108121374033.329,0.0301767451880852,0.05,0.603534903761705,0.25361193156186,0.00204839904554801
0.088,7.41927512059754,-0.0305860913124579,242.203605134702,-0.400282485246311,2194.1786924134,19.2312514254244,-190293.068064666,2970.27746159177,-4356689.43939097,-1468328.60712423,1028626860.76875,-490781679.267571,137428172316.307,150353725411.624,0.0305860913124579,0.05,0.611721826249159,0.23290963427225,0.00426371758670818
0.089,7.66254392680114,-0.0309763281871293,244.301955182864,-0.379830012813536,2001.88444361301,21.3918323754683,-194112.539378298,1281.61696906903,-3259348.49246406,-1883933.42368598,1166055033.08506,-340427953.855946,-199982346830.375,167081511524.537,0.0309763281871293,0.05,0.619526563742585,0.211147965448484,0.00622252927939627
0.09,7.9078143457491,-0.0313453297829948,246.206287051146,-0.358124153009628,1806.32823989622,21.6817063700319,-196822.190745357,-744.683512957555,-2193284.63279473,-2140820.62177966,966072686.255857,-173346442.331409,-199990605246.886,175199414298.242,0.0313453297829948,0.05,0.626906595659897,0.188587326478443,0.00775815688614506
0.091,8.15489090960771,-0.0316928275988187,247.91387723467,-0.33717735460635,1608.56208600696,19.8450214480584,-198565.770802565,-2942.97745351978,-1327207.24916232,-2226567.35696195,766082081.008971,1852971.96683227,-199992837257.128,179406917383.385,0.0316928275988187,0.05,0.633856551976373,0.165530842379364,0.00872909779276701
0.092,8.4035759243962,-0.0320206654479654,249.422965487548,-0.319173344179735,1409.45205889175,15.7965444329431,-199543.269150762,-5138.71717160114,-661121.586782775,-2135010.92630342,566089243.751845,181259889.350218,-199993163783.449,181313019268.62,0.0320206654479654,0.05,0.640413308959308,0.14230444026748,0.00902999754538096
0.093,8.65367033559458,-0.0323328841692565,250.732557645375,-0.306292930049759,1209.6642441064,9.62808648888482,-199954.678309632,-7152.87931668468,-195028.924924985,-1863094.5273189,366096079.968396,362572908.618838,-199991415409.98,181325517074.925,0.0323328841692565,0.05,0.64665768338513,0.119233278316226,0.00860062453155098
0.094,8.90497439422912,-0.0326356295582713,251.842225632914,-0.300535180723269,1009.664734372,1.61164395652195,-199999.991097142,-8804.46647018167,71071.447341045,-1409858.8601626,166104664.558416,543898425.693763,-199981984870.333,178794386316.977,0.0326356295582713,0.05,0.652712591165426,0.0966166030264752,0.00743206293465772
0.095,9.15728812296513,-0.0329368802914014,252.75190747149,-0.303536594090908,809.719630526581,-7.79965244002895,-199879.197648333,-9912.57705311112,137185.119465001,-776563.241310345,-33877320.317701,722692812.010739,-199930553492.567,169894843901.813,0.0329368802914014,0.05,0.658737605828029,0.0747034955991432,0.00556958765734376
0.096,9.41041158220833,-0.0332459949062844,253.461707289736,-0.316390434273511,609.895048778203,-17.9729833599642,-199792.272947943,-10299.4780810992,3342.5223998539,31076.9926513008,-233807873.810267,892587655.912552,199416170599.367,116764544566.783,0.0332459949062844,0.05,0.664919898125689,0.0536718555786535,0.00311199207789104
0.097,9.66414493677814,-0.03357307951664,253.971698678934,-0.339469812985049,410.0737881196,-28.1032931460621,-199872.598334015,-9802.64650306365,-130757.26611073,982046.920847244,-34391703.2109002,1009352200.47957,199677240956.44,-163374197339.079,0.03357307951664,0.05,0.6714615903328,0.0336126312363986,0.000207461957611428
0.098,9.91828835479392,-0.0339281856476338,254.281814605998,-0.372270060005793,210.138399087034,-37.253498080178,-199987.271911572,-8343.15251486647,-65310.34884341,1909712.02265728,165285537.745539,845978003.140494,-179979961733.301,-185079681292.768,0.0339281856476338,0.05,0.678563712952676,0.0145210744714474,-0.00295365155703534
0.099,10.1726419057936,-0.034320386618003,254.391953871136,-0.413343142253505,10.1385204255932,-44.5085099033956,-199999.936151831,-6041.29810388426,9985.20803547904,2663150.18716243,-14694423.9877613,660898321.988605,-15869185582.8537,-191140540800.911,0.034320386618003,0.05,0.686407732360059,-0.00370259146246933,-0.00614889029980625
0.1,10.4270055958738,-0.0347568746916213,254.302093343176,-0.460402498252138,-189.859533408951,-49.1160473824566,-199999.943020053,-3079.55551252772,-12643.8087437091,3228478.23875058,-30563609.570615,469757781.187694,198181228147.829,-193842187925.508,0.0347568746916213,0.05,0.695137493832427,-0.021241937195501,-0.00913694880670396
0.101,10.6811794256202,-0.0352422103074673,254.012232108982,-0.510502285795083,-389.862634717132,-50.511147569908,-199994.838428891,351.494585492604,55883.1957595901,3601314.92597552,167617618.577213,275915592.548187,-199478842337.244,-195282571108.721,0.0352422103074673,0.05,0.704844206149345,-0.0383448616147164,-0.0116740813872736
0.102,10.934963397387,-0.035777757501757,253.52238669066,-0.560227597789652,-589.809906896811,-48.3211463631325,-199888.392897566,4058.22021255743,123761.393168694,3779589.23296935,-31861223.7600304,80633021.439467,-191399623915.573,-196109966438.734,0.035777757501757,0.05,0.71555515003514,-0.0552986028933033,-0.0135323529008534
0.103,11.1881575690174,-0.0363613114202412,252.832650291665,-0.605887977048172,-789.649704286084,-42.3678639457854,-199812.462053596,7845.44096184006,-3799.64254912319,3762167.27118945,-223260847.675603,-115476944.999267,199938448474.391,-196579856444.681,0.0363613114202412,0.05,0.727226228404824,-0.072400783389197,-0.014517992228831
0.104,11.4405620906388,-0.0369869202341344,251.943086086697,-0.643712542339351,-989.492945533548,-32.6687763332024,-199894.569045239,11517.1064511224,-127091.265988042,3548400.39796784,-23322399.2012109,-312056801.443948,199982564884.614,-196797319427.086,0.0369869202341344,0.05,0.739738404682688,-0.0899299728148117,-0.0144880843293963
0.105,11.6919771092792,-0.0376449026706849,250.853625369518,-0.670046007725053,-1189.44661467145,-19.4376790381945,-199999.991083347,14876.6788951304,-50422.3827469458,3137944.93681035,176660165.683403,-508854120.871034,199991536065.321,-196783319248.961,0.0376449026706849,0.05,0.752898053413698,-0.108119756625949,-0.0133640096856176
0.106,11.9422026776585,-0.038322061837502,249.564179383011,-0.681545198609028,-1389.43404060455,-3.08503599989085,-199928.751460574,17727.3995516304,226233.550968212,2530699.15631483,376651701.748724,-705637440.119995,199993227730.926,-196465882572.721,0.038322061837502,0.05,0.76644123675004,-0.127137461159614,-0.0111403710518236
0.107,12.1910388314055,-0.0390020956949022,248.074836032699,-0.675375790416078,-1589.17856695486,15.7819208114541,-199480.859854111,19872.5356741232,702881.866582399,1726828.77490848,576644929.481646,-902103322.692715,199992890787.933,-195535779037.324,0.0390020956949022,0.05,0.780041913898044,-0.147067951295983,-0.00788859895051981
0.108,12.4382858657147,-0.0396662042735397,246.386059876274,-0.649409014075015,-1788.20354535032,36.3593729950847,-198456.323374323,21115.7234910056,1379523.24145611,726957.562583956,776637820.268608,-1097639101.73004,199990666013.533,-192363890565.7,0.0396662042735397,0.05,0.793324085470795,-0.167903711814447,-0.0037549525907929
0.109,12.6837448119943,-0.0402938934381348,244.498892116275,-0.602417957735657,-1985.83233452282,57.6476202549687,-196655.149445056,21261.8008542969,2256156.3947302,-466863.484315791,976628486.282143,-1290002992.29574,199982449132.721,-3645266977.48499,0.0402938934381348,0.05,0.805877868762697,-0.189542093430944,0.00104682128581964
0.11,12.9272181145079,-0.0408639741600003,242.41515059247,-0.534271028136163,-2181.18830175408,78.4608369822677,-193877.348398996,20149.3283293518,3332776.1055787,-1758689.11011506,1176610935.41486,-1293648259.27322,-162294006203.976,193930362293.356,0.0408639741600003,0.05,0.817279483200005,-0.211789901925052,0.006247400944929
0.111,13.1685105065034,-0.0413557403380244,240.137626752206,-0.446080927765358,-2373.20992252798,97.5232931451029,-189983.315826745,17776.1368166491,4428240.03789239,-2955372.18820891,1014316929.21089,-1099717896.97987,-199981553038.175,197202116025.38,0.0413557403380244,0.05,0.827114806760489,-0.234374797216948,0.0115373234455198
0.112,13.4074300570933,-0.0417502289606796,237.670203808463,-0.340206306471388,-2560.81839807895,113.646674306302,-185081.247583087,14303.7726992879,5342566.19058426,-3956489.02717608,814335376.172712,-902515780.954488,-199989588653.711,198256495810.502,0.0417502289606796,0.05,0.835004579213592,-0.256962589444495,0.0165853313271916
0.113,13.6437892339434,-0.0420314000671994,235.017767478352,-0.220103113340046,-2743.10097290349,125.830043882502,-179364.845302526,9929.06853093619,6056906.77243012,-4759876.56022532,614345787.518994,-704259285.143984,-199991389557.099,198755373810.691,0.0420314000671994,0.05,0.840628001343987,-0.279180183936971,0.0210593916117139
0.114,13.8774058140073,-0.0421871372348113,232.186017498406,-0.0901295357942133,-2919.34330682978,133.27007905971,-173034.097534596,4850.188223774,6571256.86517058,-5364758.15846396,414354397.961879,-505503911.333292,-199990496415.048,199033384428.433,0.0421871372348113,0.05,0.843742744696225,-0.300643502570982,0.0246492736664439
0.115,14.1081035978136,-0.0422100508340589,229.181267950465,0.0446521069662044,-3089.03104980281,135.361930610048,-166288.995219848,-734.14965961853,6885616.01492494,-5770745.37758303,214363901.54683,-306470526.904859,-199981560054.988,199201130154.348,0.0422100508340589,0.05,0.844201016681179,-0.320988035788106,0.0270886428763925
0.116,14.3357129238159,-0.0420980828450412,226.010247271038,0.178674062254309,-3251.84984226328,131.699629887577,-159329.527514157,-6624.93011229493,6999989.13644427,-5977615.33941072,14382341.4917754,-107269396.750511,-28757925019.8547,199304680091.819,0.0420980828450412,0.05,0.841961656900824,-0.339899054444597,0.0281745387636439
0.117,14.5600709829907,-0.0418549128072672,222.679899689488,0.306062149176639,-3407.67817639917,122.076318234455,-152327.14019447,-12622.9627033989,6999992.51542619,-5985232.39611532,-14375583.5280151,92035283.341308,-9084566096.63449,199365346753.718,0.0418549128072672,0.05,0.837098256145344,-0.357138545073015,0.0277823796469399
0.118,14.7810219472692,-0.0414901646669168,219.197223933724,0.420834943508071,-3556.5080947901,106.484385436337,-145335.849565156,-18528.9499000513,6981074.64884983,-5793514.43939715,-23460149.6245323,291400630.095026,84757721957.4423,199392441031.904,0.0414901646669168,0.05,0.829803293338335,-0.372566156538218,0.0258750924309243
0.119,14.9984169853143,-0.0410194143801696,215.569211155401,0.517103071551079,-3698.35378548402,85.1155531066457,-138352.378704126,-24143.5319508956,6999993.36020395,-5402417.58878617,61297572.3328197,490793071.12693,-122705813187.303,199387241505.189,0.0410194143801696,0.05,0.820388287603393,-0.386151479822358,0.0225055541675343
0.12,15.2121142528539,-0.0404639981879209,211.802849377642,0.589268567022455,-3833.20106398819,58.3609190082743,-131342.187526619,-29267.3217972008,6999938.02594314,-4811930.89690664,-61408240.8546111,690180312.632119,122928439951.738,199341940729.338,0.0404639981879209,0.05,0.809279963758419,-0.397975726883036,0.0178121922321121
0.121,15.4219789026581,-0.0398506215171148,207.905142341955,0.632224255345177,-3961.04839519032,26.8109677289226,-124352.465547778,-33700.9388810031,6999994.00506443,-4022079.61390985,61520199.0971896,889522253.361457,-123092422352.729,199230413094.646,0.0398506215171148,0.05,0.797012430342296,-0.408222339838849,0.0120082569734748
0.122,15.6278830873996,-0.0392107684983083,203.883085917229,0.641553130711946,-4081.89573921999,-8.74445598292952,-117342.226846914,-37245.0522993831,6999967.99298525,-3032942.15400126,-61572223.2555834,1088752666.4561,123197472776.972,198967259938.878,0.0392107684983083,0.05,0.784215369966165,-0.417157842490867,0.00536588945270911
0.123,15.8297059597328,-0.0385799121276118,199.743684187054,0.61372768097526,-4195.74311087959,-47.3162302790731,-110352.512053427,-39700.4569101664,6999994.50611818,-1844705.85757568,61625249.5214549,1287719926.39498,-123283642661.002,198119330083.857,0.0385799121276118,0.05,0.771598242552236,-0.425104875886682,-0.00180340120335474
0.124,16.0273336722878,-0.0379965251611734,195.493933026254,0.546309077256191,-4302.59049162346,-87.716165158208,-103342.252196325,-40868.2829161973,6999977.93430899,-457926.266138767,-61658393.1395468,1485839256.47884,123350720533.645,53845327175.3282,0.0379965251611734,0.05,0.759930503223467,-0.432410113050835,-0.00916990780132421
0.125,16.2206593776828,-0.0375008921704644,191.140836530345,0.438144808275608,-4402.43789163813,-128.563527776096,-96352.5450051639,-40574.3153329008,6999994.9014363,1054835.65392773,61692327.3940962,1539684583.65416,-123408784645.098,-198297388990.388,0.0375008921704644,0.05,0.750017843409288,-0.439410236118587,-0.0164064667507796
0.126,16.409583228519,-0.0371337350051883,186.691390574128,0.28953242982146,-4495.28529917074,-168.362073575965,-89342.2720707827,-38782.6869519777,6999982.83650787,2495371.5430867,-61716457.2510017,1341387194.66377,123457674058.624,-199163147205.772,0.0371337350051883,0.05,0.742674700103765,-0.446399310763871,-0.0232068788381323
0.127,16.594012377388,-0.036934732517888,182.152599260023,0.102249139466901,-4581.1327218297,-205.681808688422,-82352.5711838897,-35649.8156694267,6999995.21628615,3737177.16414758,61741216.8076218,1142224047.458,-123501448307.414,-199433331726.629,0.036934732517888,0.05,0.73869465035776,-0.453600713018098,-0.0293010339473253
0.128,16.773860976868,-0.0369411009614521,177.531458461842,-0.120588783471331,-4659.98015109632,-239.28097482335,-75342.2889339183,-31374.7653701713,6999985.70894119,4779684.54574226,-61760231.4997923,942790715.731369,123539980725.214,-199550005386.737,0.0369411009614521,0.05,0.738822019229041,-0.461146283474042,-0.034466928067618
0.129,16.9490501795291,-0.0371863526269375,172.834972286721,-0.374722906859032,-4731.8275930485,-268.117080718257,-68352.5933439395,-26156.9438007945,6999995.46780395,5622700.25878017,61779749.2254205,743240710.344632,-123575325250.579,-199596053499.45,0.0371863526269375,0.05,0.74372705253875,-0.46906464537518,-0.0385395846435608
0.13,17.1195081379301,-0.0376992533691558,168.070136607274,-0.654952037705404,-4796.67504100555,-291.347117440166,-61342.3038890641,-20195.8891957585,6999987.55440401,6266142.94237517,-61795576.025157,543644656.845182,123607378963.428,-199585855842.23,0.0376992533691558,0.05,0.753985067383117,-0.477279709490401,-0.0414162518667411
0.131,17.2851700046224,-0.0385029796046551,163.243955534162,-0.955331753941151,-4854.52250007263,-308.327643799256,-54352.6128928454,-13691.1882342677,6999995.66786063,6709994.67129918,61811802.9382707,344058801.002952,-123637340623.983,-199476950071.942,0.0385029796046551,0.05,0.770059592093103,-0.485619383034713,-0.04305742254279
0.132,17.4459779321476,-0.039614474871985,158.363424938768,-1.26937398593687,-4905.36996472025,-318.61480310396,-47342.3175469522,-6842.41032081238,6999988.80048691,6954314.99726622,-61825537.6857128,144581850.931011,123665123904.518,-198783513860.23,0.039614474871985,0.05,0.792289497439699,-0.493833509006299,-0.0434836303668974
0.133,17.6018810730405,-0.0410440059693085,153.435548934553,-1.59024657398718,-4949.21743940975,-321.964241597395,-40352.6306613253,151.065016275972,6999995.82475346,6999505.09126711,61839586.2188051,-54201662.929219,-123691506064.028,107432861326.347,0.0410440059693085,0.05,0.82088011938617,-0.501619174692152,-0.0427683871373492
0.134,17.7528355798269,-0.0427949181430144,148.46732339167,-1.91097006202334,-4986.06491937374,-318.317981276752,-33342.3302944731,7141.3747529662,6999989.65794014,6999019.85900107,-61851919.8452217,53231198.3971276,123716412274.597,-107064324763.676,0.0427949181430144,0.05,0.855898362860289,-0.508650836376946,-0.0410279909586818
0.135,17.8988046050265,-0.0448635650458303,143.465752425899,-2.22454952684988,-5015.91240864204,-307.672685741418,-26352.6471944098,14149.1661570385,6999995.94423222,6998718.89501635,61864492.4293751,-53833126.3665483,-123740393496.596,109258487496.935,0.0448635650458303,0.05,0.897271300916607,-0.514612268821999,-0.03840899857188
0.136,18.0397583011504,-0.0472393014047656,138.437831906168,-2.52398250892315,-5038.75990296532,-290.02857988762,-19342.3424028793,21139.1782367878,6999990.23991354,6999515.01239827,-61875901.0672211,55425361.1303866,123763382564.617,-111843974400.434,0.0472393014047656,0.0500584915086186,0.943682080324622,-0.519227209775004,-0.0350735197777956
0.137,18.1756738207038,-0.0499044830542618,133.39056595024,-2.80227353650005,-5054.60740609081,-265.385066750045,-12352.6628830719,28147.7652673512,6999996.03012838,6999018.38632844,61887481.4973949,-56418613.2700472,-123785804951.728,114044682167.219,0.0499044830542618,0.0510895294111366,0.976804516100779,-0.522285733964945,-0.0311832545544316
0.138,18.3065353161842,-0.0528344665159192,128.330950425809,-3.05241961795523,-5063.45491412044,-233.742443529984,-5342.35407968681,35137.5817940724,6999990.60915,6999622.114142,-61898323.4543332,57626068.8971721,123807598059.277,-116061012707.537,0.0528344665159192,0.0531636055798393,0.993808940151251,-0.523663845302471,-0.0268837646307164
0.139,18.432333940083,-0.0559976091220643,123.265989452384,-3.26742523299139,-5065.30243063288,-195.100282209554,1647.32196741257,42146.6734405451,6999996.08472521,6999217.6766854,61909274.60494,-58434943.8103651,-123829121408.303,117804275993.32,0.0559976091220643,0.0559991153872374,0.999973101982724,-0.52333446524864,-0.0222905169529349
0.14,18.5530678448842,-0.059355268739858,118.202678896392,-3.44028709528825,-5060.14995195741,-149.458830576468,8657.63450253879,49136.3076913242,6999990.79862569,6999684.8708717,-61919846.803363,59369332.1829549,123850314250.183,-119433490495.895,0.059355268739858,0.0593559686971167,0.999988207466341,-0.521368856808733,-0.0174780246458555
0.141,18.668742183066,-0.0628618038834184,113.148022878912,-3.56400967943082,-5047.99748160026,-96.8177619564479,15647.3070968045,56145.7716466404,6999996.10894772,6999337.45780671,61930467.4468199,-60064158.3129397,-123871511669.417,120905901033.476,0.0628618038834184,0.0630322005782829,0.997296672283353,-0.517928464170023,-0.0124731114839725
0.142,18.7793691070991,-0.0664645735087687,108.109017265052,-3.63158949444507,-5028.84501601739,-37.1772945281822,22657.6231875324,63135.2280086939,6999990.82056007,6999726.25001049,-61941044.2225975,60841742.7205368,123892652136.775,-122333043439.037,0.0664645735087687,0.066860589873685,0.994076983681052,-0.513248082364388,-0.00725289597050287
0.143,18.8849677694489,-0.0701039371201085,103.092666177327,-3.63603103829667,-5002.69255873311,29.462839685827,29647.2922613373,70144.9862894915,6999996.10240565,6999401.47101151,61951607.9141771,-61491300.7185001,-123914082572.859,123686423360.696,0.0701039371201085,0.0707053182806527,0.991494541356039,-0.507612101488937,-0.00174763905672347
0.144,18.9855643225729,-0.0737132546064268,98.1059654794409,-3.57033066997159,-4969.54010623936,103.102431761678,36657.6118205961,77134.2565140372,6999990.66903367,6999753.38197336,-61962474.658683,62195122.6421963,123935737821.924,-125054653067.558,0.0737132546064268,0.074458699699399,0.989988475544407,-0.501326223696622,0.00415188866686935
0.145,19.0811919189232,-0.077218886350102,93.1559192952514,-3.4274929350479,-4929.38766217428,183.741720209931,43647.2772086118,84144.2650151538,6999996.06328457,6999421.17808178,61973263.1632413,-62859530.4253623,-123958018048.104,126416552351.973,0.077218886350102,0.0780380066159013,0.989503572665163,-0.494687459809808,0.0105832873349151
0.146,19.1718907109444,-0.0805401930865775,88.2495234869278,-3.20051407780988,-4882.23522297425,271.380486582069,50657.6002338033,91133.3258534149,6999990.31742486,6999769.9238324,-61984754.8848621,63557021.9266104,123980851045.398,-127866198823.319,0.0805401930865775,0.0813824172286698,0.989651030643072,-0.487955346502674,0.0176987901023033
0.147,19.2577078510751,-0.083589536024324,83.393782179599,-2.88239871732287,-4828.08279250542,366.018962476104,57647.2616489606,98143.5632552756,6999995.98806247,6999393.84634734,61996096.1605388,-64309176.8967042,-124004750518.764,129386444727.423,0.083589536024324,0.0844501039373966,0.989809747141218,-0.481327167745356,0.0256502706379825
0.148,19.3386974917463,-0.0862722767146625,78.5956912337138,-2.46614300890674,-4766.93036704434,467.65689555986,64657.5882266835,105132.366920629,6999989.70896357,6999777.89181435,-62008654.3582252,65077267.8307189,124029632723.336,-131123888222.489,0.0862722767146625,0.0872154807106593,0.989185360347598,-0.474919541727882,0.034574475650271
0.149,19.414920785383,-0.0884867771970296,73.8622547756207,-1.94475168138414,-4698.77795083754,576.294534142359,71647.2452139219,112142.829464797,6999995.87096737,6999293.21553381,62020978.3651111,-66046620.3917741,-124056231078.948,133063533048.976,0.0884867771970296,0.0896666237693667,0.986841853493092,-0.468758083993175,0.044579910201675
0.15,19.4864458844017,-0.0901243998681258,69.2004686637741,-1.31122082671987,-4623.62553986804,691.931546758726,78657.5755355587,119131.276625633,6999988.73379301,6999778.36166652,-62035252.7138367,67016912.6571982,124084443923.384,-135776792849.759,0.0901243998681258,0.0918028769863863,0.981716508530453,-0.462776052345086,0.0557366370892837
0.151,19.5533479412131,-0.0910695076813683,64.6173370256977,-0.558555351023295,-4541.4731389892,814.568224684267,85647.2273836486,126141.933978153,6999995.70304091,6998906.87789884,62049191.2095463,-68759880.1925603,-124115443455.749,139508502404.599,0.0910695076813683,0.093632650438627,0.972625545199761,-0.456821992275427,0.0680699394278561
0.152,19.6157091082184,-0.0911994640225052,60.1198557174384,0.320248622705942,-4452.32074369898,944.203964975605,92657.5617750517,133129.712333023,6999987.17252258,6999901.24890858,-62066252.2462027,70748622.2120383,124149100429.007,-199652892204.444,0.0911994640225052,0.0951714176775158,0.958265267535792,-0.45067552772372,0.0815584218658416
0.153,19.6736185378123,-0.0903846331570944,55.7150288676377,1.33218537814137,-4356.16835983385,1080.83710049961,99647.2073381893,140131.712410855,6999995.47049088,6970823.42501839,62082848.1828044,-128904269.992406,-124187561012.548,-199880779370.147,0.0903846331570944,0.0964399145326823,0.937211875343006,-0.444069658493741,0.0961366701428811
0.154,19.7271723823792,-0.0884883848441399,51.4098523292737,2.48424310206616,-4253.01598210076,1224.42441221217,106657.546305936,147004.770237649,6999984.5381674,6741978.76534091,-62104712.4278602,-328785049.362553,124230652755.589,-199914330526.556,0.0884883848441399,0.0974625396507889,0.907922009432509,-0.436717315032639,0.111702118989451
0.155,19.7764737942962,-0.0853671508426803,47.2113302319747,3.7832781971949,-4142.86361803405,1374.73704456061,113647.183596481,153549.037423258,6999995.151715,6313236.55072841,62125939.926066,-528699379.889109,-124283144889.563,-199922900509.212,0.0853671508426803,0.0982659545191006,0.868735781995451,-0.428339533366375,0.128124941438239
0.156,19.821632925928,-0.0808706542489438,43.1264584244855,5.23581827139392,-4025.71126100271,1531.34625357506,120657.527860677,159564.603800624,6999979.51919628,5684575.7205847,-62157204.9634969,-728622280.39832,124344794786.211,-199920350506.754,0.0808706542489438,0.0988778784473509,0.817884197343541,-0.418692490209359,0.145258785193127
0.157,19.8627669296305,-0.0748423382423267,39.1622410369894,6.84786223089146,-3901.55892188347,1693.62337817464,127647.152909856,164851.548322592,6999994.71162589,4855993.26492852,62187589.8227146,-928542630.905075,-124430471176.938,-199906762446.99,0.0748423382423267,0.0993260719002885,0.753501440361595,-0.407590781687286,0.162951042687594
0.158,19.8999999577439,-0.067119994746745,35.3256739115751,8.62468036027224,-3770.40659162247,1860.73983657611,134657.50300453,169209.952478326,6999967.06586011,3827497.2528046,-62242881.3542153,-1128449393.35202,124546077059.046,-199871778699.733,0.067119994746745,0.099637499698925,0.67364190138815,-0.3949247291503,0.181051656704858
0.159,19.9334631625964,-0.0575365930117308,31.6237611770631,10.5706144049734,-3632.25428947869,2031.66713479117,141647.106309223,172439.913071338,6999997.22303546,2599111.97010267,62303195.7048232,-1328321172.0518,-199989133505.517,-199756731763.718,0.0575365930117308,0.0998376639551671,0.576301475138361,-0.380670102229065,0.199419623242476
0.16,19.9632946963877,-0.0459213081043008,28.0634980363333,12.6888776702737,-3487.10513357252,2205.17689378839,148644.923607833,174341.571665862,6962305.85198751,1170912.43309497,-137685937.800694,-1528077903.81552,-199996315811.466,-95754605634.9191,0.0459213081043008,0.0999500951794555,0.459442364930732,-0.364889410126289,0.217926587902296
0.161,19.9896397046821,-0.0321007491374788,24.6518683453233,14.9813560340998,-3335.01033787482,2379.84525224539,155505.053771618,174732.48604611,6724621.75628108,-405042.77446396,-337682253.61216,-1623832509.45044,-199997321620.239,199759196208.828,0.0321007491374788,0.0999959888109066,0.321020368108781,-0.347724801322712,0.236457223973632
0.162,20.0126502624683,-0.0159003785275252,21.3957155678887,17.4484340272112,-3176.20758682239,2554.11290145254,162027.501514184,173548.820216289,6286940.8418588,-1928995.68580999,-537679575.232393,-1424073313.24161,-199997555083.116,199874935381.952,0.0203187395729786,0.1,0.203187395729786,-0.329383865561848,0.254906480769674
0.163,20.0324851360238,0.00285394478928795,18.3015454853352,20.0889421687274,-3011.13456138128,2726.46820639602,168012.269642579,170941.100363088,5649262.48908481,-3253131.53136062,-737677130.315155,-1224198377.85966,-199997435393.901,199910330672.096,0.0324851360237552,0.099999694853035,0.324852351514644,-0.310120941955854,0.273174662702308
0.164,20.0493093452342,0.0243344657734601,15.375326199331,22.90028939437,-2840.42893990902,2895.58703752756,173259.360660608,167109.188031243,4811586.6410727,-4377374.74388423,-937674565.709056,-1024288047.18756,-199996949460.415,199924498947.103,0.0493093452341924,0.099977973892191,0.493202085565006,-0.290216054049997,0.291162475090863
0.165,20.0632935259147,0.0487102095692573,12.6222881344443,25.8786604508248,-2664.92839822838,3060.34515369979,177568.777193916,162252.99001359,3773913.60063335,-5301700.54159824,-1137671515.16954,-824363548.240463,-199995734091.002,199928043602.033,0.0632935259147231,0.0999124690051398,0.633489759035653,-0.269953554964367,0.308767803698291
0.166,20.0746130921343,0.0761458572657266,10.046724040802,29.0192158003603,-2485.67060930893,3219.81822985302,180740.522414616,156572.429038471,2536244.21841311,-6026100.06803768,-1337667249.26054,-624435504.638425,-199991760211.346,199921476989.064,0.0746130921342854,0.099788086669152,0.747715430015865,-0.249602563517328,0.325884749120473
0.167,20.0834471985427,0.10680082157239,7.65178899733676,32.3162915425875,-2303.89324231659,3373.28186633491,182574.601048307,150267.43146428,1098581.08900301,-6550574.83418137,-1537659009.47193,-424514027.649319,-77587617228.9295,199893498510.765,0.0834471985426823,0.099587487100997,0.837928548774949,-0.22940107202834,0.342404986094106
0.168,20.0899775028717,0.14082852241945,5.43930143670362,35.7635993398768,-2121.02886004274,3520.21158693993,182891.421363203,143537.915199358,-477871.729083393,-6875142.11257584,-1615246626.70086,-224620529.138584,199991578921.815,199714554443.791,0.0899775028716654,0.0992911873476902,0.906198276757323,-0.209545224172592,0.358221286559754
0.169,20.094386738688,0.178375862479953,3.40957300670801,39.3544263324969,-1938.63724933272,3660.28281576791,181639.258250591,136583.748581275,-1993122.56631603,-6999905.36449254,-1415255047.75171,-24905974.6947934,199995545561.348,50290357050.3952,0.0943867386879624,0.0988777713628339,0.954579956516298,-0.190184642772378,0.37323283673036
0.17,20.0968571717169,0.219582902378005,1.56136589707546,43.0818337529987,-1758.22209505886,3793.3645561027,178971.840751336,129579.771955622,-3308379.84126378,-6999666.16066213,-1215259502.1673,25384382.3556018,199996746802.438,-50882055860.5961,0.0968571717169198,0.098324219989037,0.985079482224412,-0.171423471970658,0.387351806229479
0.171,20.097569107508,0.264582723525824,-0.107970643420975,46.9388222177179,-1581.0986542807,3919.44660562274,175089.163950123,122584.317643494,-4423640.97002983,-6999722.80623683,-1015262755.36491,-25497673.5049943,199997209334.662,51004020842.7427,0.0975691075080434,0.0976063725108281,0.999618211374666,-0.153325329224648,0.400510396780306
0.172,20.0966995765637,0.313501407969202,-1.60230262519302,50.9183937243252,-1408.38218805775,4038.5289374184,170191.224470632,115580.346670645,-5338905.12072868,-6999718.46932049,-815265546.030251,25506347.337673,199997290864.846,-51122616108.7934,0.0966995765636796,0.0966995312764499,1.00000046832936,-0.135920411326339,0.412666991195888
0.173,20.0944212190781,0.366458038039962,-2.92651132128927,55.0135468520767,-1240.98796051803,4150.61154580327,164478.019458699,108584.860938976,-6054172.02132673,-6999773.43003721,-615268255.159732,-25616268.7711203,199996992685.602,51276217356.2459,0.0944212190780576,0.0955792214544247,0.987884371113869,-0.11921382097113,0.423809871255935
0.174,20.0909013696731,0.423564696342285,-4.08629327028387,59.2172835594017,-1079.63123857118,4255.69438715815,158149.546141906,101580.825410779,-6569441.78014492,-6999751.59013021,-415271262.478911,25659948.5851255,199995874052.872,-51423914663.3285,0.0909013696731265,0.0942221167191771,0.964756182925205,-0.103194284902396,0.433957984171217
0.175,20.0863013421317,0.484926465718928,-5.08796027908443,63.5226023746321,-924.827292034996,4353.77747076885,151405.801376204,94585.3331424974,-6884715.10559739,-6999803.59887675,-215275388.42433,-25763966.0782029,199989306695.033,51588264596.4474,0.0863013421316836,0.0926071401262433,0.931908079809359,-0.0878424106860591,0.443158716148399
0.176,20.0807759141275,0.550641429249603,-5.93823942617922,67.9225052344427,-776.891394555215,4444.86075762859,144446.78012751,87581.245604681,-6999995.84067421,-6999773.43265672,-15286081.7292973,25824298.5182444,30587737933.7553,-51746405419.1513,0.0807759141274822,0.0907167478168966,0.890418980743455,-0.0731376847044846,0.451482927850426
0.177,20.074473011716,0.620800670223233,-6.64407447866639,72.4099906307606,-635.945885539275,4528.94426446647,137444.239202419,80585.7599203802,-6999988.05344252,-6999822.33684806,15301656.2039851,-25922106.9009068,-30590667176.0877,51912675800.764,0.074473011715984,0.0885384013670162,0.841137975908021,-0.0590635486874083,0.459017767963895
0.178,20.0675335800866,0.695488272143033,-7.21246452663325,76.978060490649,-502.000364698717,4606.02795589543,130446.803532437,73581.6286427151,-6999981.73082657,-6999788.10584858,-15289010.9721026,25990568.8998571,30564420972.6546,-52074175060.5823,0.0675335800866108,0.0860662325636345,0.784669876617159,-0.0456102169281223,0.465857992588043
0.179,20.0600915647607,0.774781318702829,-7.65040853552617,81.6197132785037,-375.054826682649,4676.11185248941,123444.271366286,66586.1567921397,-6999988.53130935,-6999834.62447901,15275410.0066651,-26083606.1607256,-30538526547.1901,52240864366.7367,0.0600915647606826,0.0833029021797441,0.721362199734914,-0.0327757263869356,0.472096652568177
0.18,20.0522739112757,0.858749893795793,-7.9649075092932,86.3279509188087,-255.109276118955,4739.1959214043,116446.830785556,59581.9871753081,-6999982.38457628,-6999797.79845637,-15263116.540525,26157258.2060111,30513783317.4586,-52404632400.0023,0.05227391127573,0.0802616519256584,0.651293737688681,-0.0205660330855759,0.477816063486733
0.181,20.0442005651828,0.947457081493451,-8.16296041543182,91.0957718540147,-142.16370897079,4795.28018569707,109444.302473262,52586.5339005548,-6999988.609459,-6999842.85645036,15250666.7769333,-26247374.1939912,-30488486332.2567,52572973461.2023,0.0442005651827593,0.0769685462152757,0.574267897163256,-0.00899433382259043,0.483079932225838
0.182,20.0359844720485,1.0409589660568,-8.25156825656049,95.9161780106535,-36.2181293780589,4844.36461414759,102446.857782803,45582.329519251,-6999982.18584821,-6999803.74391375,-15237819.5553237,26325599.2672111,30463285447.8918,-52740251982.4882,0.0359844720484723,0.0734648977012807,0.489818582403675,0.00192030793040829,0.487927392487283
0.183,20.0277315774529,1.13930463191709,-8.23773000179322,100.782167813001,62.7274669787875,4886.44923188426,95444.3339014182,38586.8985329737,-6999988.36267959,-6999848.27063778,15225465.8925681,-26414652.7152773,-30436661336.0709,52912556986.796,0.0277315774529221,0.0698098677419333,0.397244377477374,0.012154889707722,0.492369504671741
0.184,20.019540826992,1.24253616368881,-8.12844665183527,105.686743193101,154.673076082292,4921.53400852967,88446.8854947955,31582.6616954761,-6999981.22745601,-6999806.64485966,-15211195.4435024,26497904.2715187,30409222588.9716,-53085623038.4949,0.0195408269920314,0.0660832300682853,0.295700240013078,0.0216847567657113,0.496388530769061
0.185,20.0115041662754,1.3506886461516,-7.93071717693317,110.622902559737,239.61870281504,4949.61897131915,81444.3668733826,24587.2563989125,-6999987.81160503,-6999851.55210738,15198027.1454692,-26587718.7669762,-30379283814.9166,53264794770.1259,0.0115041662754081,0.062388282965971,0.184396263665132,0.0304860210233961,0.499940019178483
0.186,20.0037065409293,1.463790164265,-7.65154257522627,115.583647853382,317.564342983652,4970.70409002198,74446.9148613816,17582.9884532167,-6999979.42636698,-6999806.8734893,-15181256.6694474,26677076.0031498,30347485155.7707,-53446589509.2643,0.00370654092932199,0.058854892276297,0.0629776181038861,0.0385378751676558,0.502957462538781
0.187,19.9962258965946,1.58186180315092,-7.29792181770631,120.561977469308,388.510002400941,4984.78939427656,67444.4027208634,10587.6123528108,-6999986.94045853,-6999853.09224077,15166228.4863256,-26769513.5061145,-30311601221.4683,53636078272.9309,0.0037741034054406,0.0556426445015227,0.0678275347847156,0.0458245782320603,0.505359042367341
0.188,19.98913317893,1.7049176481103,-6.8768558991055,125.55089335915,452.455676372933,4991.87485333426,60446.9469611187,3583.31385019569,-6999976.51258294,-6999804.56661042,-15145372.7351427,26866564.7668164,30272366424.8073,-53830212233.1506,0.010866821069996,0.0529440862771023,0.205250894559225,0.0523369235086984,0.507055779362247
0.189,19.9824923336104,1.83296478460569,-6.39534379079158,130.54339390617,509.401372197572,4991.96049973643,53444.4431565723,-3412.02913607018,-6999985.70210568,-6999853.10796018,15126993.6896645,-26963647.4663343,-30226404390.0374,54034185418.0778,0.0175076663896121,0.0509880234944716,0.343368210605582,0.0580730525563461,0.50796027798494
0.19,19.9763603063309,1.96600329828001,-5.86038648289471,135.532481075953,559.347084235171,4985.04630152953,46446.9832172476,-10416.3583701938,-6999971.91061103,-6999799.66271748,-15099410.7003729,27070537.9517434,30174609158.3262,-54245148868.9566,0.0236396936691037,0.0500428504327605,0.472389031893115,0.0630385442104695,0.507995208309484
0.191,19.9707870428046,2.10402627493893,-5.27898294672301,140.511153240917,602.292822204045,4971.13229486977,39444.4907028125,-17411.6636220803,-6999984.01673229,-6999851.69920021,15075198.4579533,-27174610.917213,-30111154401.1503,54468823671.4306,0.0292129571954263,0.05,0.584259143908525,0.0672457790553066,0.507100702295898
0.192,19.9658154887685,2.24701980057205,-4.65813416596337,145.472412383657,638.238578800143,4950.21844583059,32447.0257595755,-24416.0244894605,-6999964.39547486,-6999791.89828171,-15035955.9431968,27294212.7542176,30037167822.6162,-54702380522.5677,0.0341845112314623,0.05,0.683690224629245,0.0707126501803459,0.505239959658733
0.193,19.9614815899808,2.39496296133469,-4.00483911120445,150.409256866665,667.184367917976,4922.30479516159,25444.5495807661,-31411.2863447856,-6999981.76750676,-6999848.87578877,15001211.8794195,-27408167.7683501,-29940951989.0262,54952559894.5088,0.0385184100191616,0.05,0.770368200383231,0.0734607538198426,0.502402539265658
0.194,19.9578142922294,2.5478278435721,-3.32609875658145,155.314688693106,689.130179277303,4887.39130604094,18447.0782605342,-38415.6805444761,-6999951.03162182,-6999780.76360987,-14939740.1096067,27544392.1261587,29823947349.8539,-55216390232.0365,0.0421857077706242,0.05,0.843714155412485,0.0755132423830377,0.498605045952213
0.195,19.9548355413278,2.70557953380011,-2.62891207063543,160.181706216294,704.076034729803,4845.47802516376,11444.628016749,-45410.8918437282,-6999978.7980565,-6999844.56659973,14884207.2402473,-27671998.1058783,-29656655649.4568,55502323793.7108,0.0451644586722253,0.05,0.903289173444506,0.0768925528917963,0.493889177273676
0.196,19.9525602831296,2.86817611873331,-1.92028001199376,165.003311464294,712.021918354745,4796.56491163387,4447.14854637109,-52415.3220220819,-6999922.91864098,-6999765.40280875,-14772448.4092095,27830325.687834,29440885768.8351,-55807077365.2437,0.0474397168704286,0.05,0.948794337408572,0.0776182334522914,0.48831735440877
0.197,19.9509964635225,3.03556868526394,-1.20720154336357,169.772502781888,712.967870070634,4740.65202000311,-2555.2537821797,-59410.4734416076,-6999974.92416577,-6999838.61580354,14668437.3596254,-27976751.6774097,-29058486477.3552,56141900881.3336,0.0490035364774926,0.05,0.980070729549851,0.0777050777934203,0.481966391084476
0.198,19.9501450284548,3.20770132049515,-0.496677593640549,174.482282227552,706.913862795663,4677.73930370752,-9552.73756874674,-66414.9434497696,-6999835.73004483,-6999744.41704028,-14390049.1177329,28165149.2039239,28511565335.3704,-56502997632.6162,0.0498549715451944,0.05,0.997099430903887,0.0771617457912548,0.474919842243142
0.199,19.9499999239295,3.38451111171753,0.204292899093398,179.125648138155,693.859997002264,4607.8268279492,-16555.016395793,-73410.0224584801,-6999969.9964949,-6999830.76665266,14121516.2176397,-28337848.4286923,25972390683.1532,56906279577.439,0.050000076070507,0.05,1.00000152141014,0.0759899976770902,0.46725979177539
0.2,19.950548096146,3.56592814644918,0.88870953106478,183.695602609889,673.808431377203,4530.91453822764,-23543.5969024092,-80414.5377694175,-6972862.28493571,-6999715.47529264,40093906.9007928,28568431.1487467,-134391902714.597,-57347171299.6897,0.0494519038539778,0.05,0.989038077079556,0.0741846103082365,0.459058886702843
0.201,19.9517694955715,3.75187551240884,1.54958457092355,188.185143972444,646.779485987528,4447.00251466029,-30518.810884347,-87409.526891019,-6999964.32939219,-6999820.62979374,-94297995.8138045,-28778740.150943,188634950495.462,57849745902.6057,0.0482305044285098,0.05,0.964610088570197,0.0717340122954129,0.450373387966948
0.202,19.9536370912279,3.94226929756546,2.17993563362211,192.587274369854,612.752836395546,4356.09069140376,-37534.4850532405,-94414.0952665712,-6999944.84995829,-6999674.49699338,94336954.6816575,29071005.7516626,199915541673.251,-58408275951.2928,0.0463629087720747,0.05,0.927258175441494,0.0686216275121695,0.441237902875227
0.203,19.9561168569317,4.1370185901065,2.7727601666853,196.894992125765,571.742431557291,4258.17917037816,-44453.9421689144,-101408.968973347,-6805650.12444,-6999807.62921736,294252496.389251,-29337270.1996312,199957493888.665,59062272082.576,0.0438831430683315,0.05,0.87766286136663,0.0648274161764351,0.431662288695346
0.204,19.9591677984848,4.33602547850153,3.32115527897052,201.101299446851,523.943037971138,4153.26786897317,-51079.1397961783,-108413.601525651,-6411418.88114074,-6999613.7633757,494209990.260329,29725001.882945,199964432774.387,-59804305516.8819,0.0408322015151583,0.05,0.816644030303166,0.060330133848105,0.421631003579561
0.205,19.9627421493465,4.53918505146335,3.81851243568325,205.19919465294,469.748888917474,4041.35692288675,-57210.126276726,-115408.320172338,-5817226.67449322,-6999790.9142512,694174423.034716,-30079303.6339368,199963509036.65,60706580976.9324,0.0372578506534786,0.05,0.745157013069573,0.055111318448576,0.411104935095175
0.206,19.9667857648837,4.74638539803341,4.25871731398014,209.181680036505,409.754176853522,3922.44622348089,-62646.9384881957,-122413.03297491,-5023070.49694018,-6999516.92739667,894137932.07132,30627277.3429956,199956461182.85,-61759150532.5305,0.0332142351163114,0.05,0.664284702326228,0.0491608885079058,0.400025500135903
0.207,19.9712387165639,4.9575076075324,4.63634976522443,213.041753918821,344.753057624769,3796.53596329057,-67189.6139422364,-129407.52945539,-4028954.33427736,-6999769.22531994,1094094393.25403,-31131873.1895349,199938181762.841,63115947603.7508,0.0287612834360615,0.05,0.575225668721231,0.0424838012068533,0.3883205861328
0.208,19.976036086111,5.17242576968247,4.94688377690694,216.772418717985,275.739646338511,3663.62599040813,-70638.1980495934,-136412.345292704,-2834890.85014189,-6999343.12470759,1294032575.01687,31984074.4142158,199878061065.682,-64763406595.2464,0.0239639138889665,0.05,0.479278277779329,0.0351071095254692,0.375911736005618
0.209,19.9811089596189,5.39100697454207,5.18688742608676,220.366672771534,203.908003212227,3523.71660575687,-72792.7596020484,-143406.490281304,-1440919.24459218,-6999740.753591,1493910636.08255,-32779332.1810306,163896745957.166,67116536603.812,0.0188910403811384,0.05,0.377820807622768,0.0270867269921338,0.362721858533477
0.21,19.9863856215585,5.61311131269895,5.35422250837325,223.81751870219,130.65059812498,3376.8075783991,-73459.4074042726,-150411.434611552,134939.764471095,-6998961.81747012,1657807382.04033,34337204.4227814,-199867307506.659,-70407211475.6383,0.0136143784414529,0.05,0.272287568829057,0.0185132450049484,0.348682712284338
0.211,19.9917929452914,5.83859187518286,5.44823330250353,227.117954913637,57.5266340288033,3222.89945211241,-72528.8751666992,-157404.962362056,1692813.49275809,-6999828.21878516,1457940074.53367,-36070007.0528568,-199927671769.331,199212949647.227,0.00820705470862748,0.05,0.16414109417255,0.00951621553901181,0.33374143230284
0.212,19.9972579361707,6.06729475397875,5.46983671597028,230.260985403723,-13.9211746987516,3061.99686451268,-70140.4129153025,-164389.623426093,3050789.73140709,-6936291.75101435,1258012402.76434,163142942.59437,-199945470421.975,199728326151.683,0.00274206382925257,0.05,0.0548412765850514,0.000266073146395664,0.317865485616463
0.213,20.0027092595525,6.29905905216893,5.42140455074031,233.239639869923,-82.334855075824,2894.1746077151,-66493.9412275835,-171211.055651452,4208829.39896044,-6673284.64534409,1058066932.34236,362871268.746053,-199951688779.601,199784501925.95,0.00270925955252466,0.05,0.0541851910504931,-0.00902809281007357,0.301045681054722
0.214,20.0080785982596,6.53371696941464,5.3065666164753,236.047113520212,-146.556368435569,2719.69571264002,-61789.4036439151,-177669.607245435,5166920.486913,-6210521.12563516,858115243.562758,562655770.672003,-199951575134.723,199774818216.575,0.00807859825960122,0.05,0.161571965192024,-0.0181261573185233,0.283297605308513
0.215,20.0133018106195,6.77109406538452,5.13001078817094,238.676964451155,-205.627623944398,2539.0229447443,-56226.7507977432,-183565.504682699,5925059.94290856,-5547977.94585487,658163668.428368,762430588.888578,-199944572702.444,199704951839.557,0.0133018106195273,0.05,0.266036212390546,-0.0267694426170595,0.264662361861435
0.216,20.0183198885551,7.01100972252247,4.89728305609957,241.123313412716,-258.790481849812,2352.81884389315,-50005.9331161027,-188698.983175469,6483251.3249857,-4685694.88104651,458219095.725924,962135540.728135,-199921957044.173,199444219278.964,0.0183198885550908,0.05,0.366397771101816,-0.0346967948937717,0.24520675761899
0.217,20.0230797157244,7.25327780858412,4.61458757602525,243.381043566891,-305.486749535677,2161.94567937701,-43326.892569413,-192870.369582938,6841509.44218949,-3623837.2306789,258297138.681743,1161579760.0071,-199799511502.356,-137855570810.231,0.0230797157243714,0.05,0.461594314487428,-0.0416626460900319,0.225022930156785
0.218,20.0275346257147,7.49770753842425,4.28858672916341,245.445997338964,-345.358162840496,1967.45124382269,-36389.5344764675,-195936.392862082,6999906.82512005,-2531185.25607691,58497627.1793879,1023724189.19687,-117315491564.099,-199418723027.983,0.0275346257147433,0.05,0.550692514294866,-0.0474552790216222,0.204227453748885
0.219,20.0316447604274,7.74410450810766,3.92620190999424,247.315099515499,-378.242882445355,1770.41156991731,-29379.931419684,-197988.952477399,6999746.70651738,-1607170.42839403,-58817864.3847075,824305466.168884,114210810700.521,-199665943101.956,0.0316447604274046,0.05,0.632895208548092,-0.0519135152059852,0.182959754406202
0.22,20.0353772355655,7.99227175487584,3.53443418730254,248.986281429617,-404.12798470541,1571.74809705578,-22390.5585102422,-199217.247829892,6998034.24748294,-882697.933776129,55392946.3158136,624639523.066928,-107443696181.935,-199714527874.853,0.0353772355655302,0.05,0.707544711310604,-0.0549401541966147,0.161378571118102
0.221,20.0387061658979,8.24201067562821,3.12027867505854,250.458298148795,-423.014770754871,1372.18528540752,-15382.7350722987,-199820.91175678,6999705.34570778,-357915.674646627,-52050749.8661209,424924995.192075,90858179272.5784,-199656942308.045,0.0387061658978674,0.05,0.774123317957347,-0.0565103843175504,0.139655205868044
0.222,20.0416126647452,8.493121751285,2.69073774269539,251.730529367112,-434.902542521824,1172.24791760669,-8393.91207164517,-199999.641090882,6993083.68547795,-32819.1506085752,38807429.4064574,225268052.88403,-64249255123.3556,-199262796701.838,0.0416126647451911,0.05,0.832253294903822,-0.0566732970097857,0.117963747593237
0.223,20.0440848438439,8.74540507157042,2.25280483965111,252.80277971996,-439.796121898137,972.261108999448,-1392.13288065151,-199953.036681166,6999766.48732273,92817.5039245354,-25441825.7168981,26005256.1821915,-198630138840.262,-197037720500.652,0.0440848438439261,0.05,0.881696876878522,-0.0555461901646085,0.0964692057262498
0.224,20.0461178097695,8.99866066014921,1.8134765637333,253.675079221775,-437.700888095186,772.350605374588,5561.80767067331,-199880.056169234,6875009.5921857,20303.8998565222,-224071964.557161,-171032464.318461,-199575029971.809,136851098180.291,0.0461178097695303,0.05,0.922356195390606,-0.0533023408696212,0.075314733075757
0.225,20.0477136471714,9.25268860094177,1.37969141494838,254.347487197121,-428.747236582095,572.457897873653,12291.5187755851,-199922.459985173,6551150.11264263,-82303.0153719142,-423646994.52897,-34181366.1381693,-199664917672.248,155629782637.526,0.0477136471714417,0.05,0.954272943428833,-0.050153615157782,0.0546092003918373
0.226,20.0488812827114,9.50728899317985,0.958162480273761,254.819970020524,-413.25906995418,372.495074060611,18597.5679046846,-199995.915386404,6027670.65927754,-38669.4901913206,-623311912.201217,121448416.499357,-199650132774.299,-144886354880.396,0.0488812827114451,0.05,0.977625654228902,-0.0463307024928966,0.0344165962940445
0.227,20.0496361609328,9.76226187728445,0.555179170967689,255.092464544941,-391.759870794097,172.494028400408,24280.3075857525,-199998.008394263,5304533.6806691,10335.7488678383,-822962044.965481,-23437938.3810394,-199544492513.376,16881244393.8415,0.0496361609327813,0.05,0.992723218655627,-0.0420635955198295,0.014749643607145
0.228,20.0499997207734,10.017407256101,0.176407589957273,255.164960455865,-364.972771062692,-27.5020150573018,29140.1028285203,-199996.578073853,4381799.38944693,-4661.56731628031,-1022506537.47886,-6556693.98719795,-199163166251.298,37753275584.5011,0.0499997207733571,0.05,0.999994415467143,-0.0375643205827233,-0.00443059110727201
0.229,20.0499986724391,10.2725251325899,-0.173309093925031,255.037459416258,-333.820484760955,-227.500443643995,32977.4550881856,-199998.225775566,3259711.26884242,7658.37648877228,-1221669703.74019,31196581.5973031,-168307260190.289,45469514757.6966,0.0499986724390631,0.05,0.999973448781262,-0.033013573549735,-0.0232098993424027
0.23,20.0496640747522,10.5274155093889,-0.490149871395226,254.709962814892,-299.423798458164,-427.487746237935,35598.2802951263,-199967.390855819,1953887.93500709,61589.7154649363,-1389976963.93048,76666096.3550154,199136363644.817,-187784461368.201,0.0496640747522328,0.05,0.993281495044656,-0.0285525110431725,-0.0417120042221696
0.231,20.0490302161338,10.7818784033765,-0.771505137953793,254.182503267729,-263.071939674354,-627.419388905852,36890.3691421089,-199898.765502404,663479.152899015,44363.5811358514,-1190840600.28566,-111118365.013185,199554537668.773,508323401.99512,0.0490302161337617,0.05,0.980604322675234,-0.0242804003034612,-0.0600859096704264
0.232,20.0481333414193,11.0357138814121,-1.01606926860214,253.455137264307,-226.039989616773,-827.314471165049,36991.6870844765,-199909.876383208,-427584.178552262,-66500.622176336,-991286062.616891,-110610041.61119,199682242043.563,198259812969.836,0.0481333414192839,0.05,0.962666828385679,-0.0202578711683035,-0.0784907432384558
0.233,20.0470103916377,11.2887220397108,-1.22372431827369,252.527853814926,-189.418988871924,-1027.26777204074,36101.7402482897,-199998.638724028,-1319029.12014737,-77980.7573026164,-791603820.573328,87649771.3586457,199737077066.462,199460958601.735,0.0470103916376701,0.05,0.940207832753401,-0.0165137576347138,-0.0970803523097898
0.234,20.0456979135028,11.5407029242915,-1.39534359422504,251.400579040979,-154.100374775624,-1227.28248197492,34420.1987307241,-199999.551102551,-2010764.40218747,109399.493356951,-591866743.506866,287110729.960381,199760642101.008,199700702770.687,0.0456979135028419,0.05,0.913958270056838,-0.0130532959151188,-0.115989177690332
0.235,20.0442311679844,11.7914565360612,-1.53259199347797,250.073328643821,-120.775879343184,-1427.17116067985,32146.7943971094,-199713.312793752,-2502750.82464383,496360.574702697,-392106101.405857,486811432.73107,199765104798.182,199735755733.021,0.0442311679843783,0.05,0.884623359687566,-0.00986657906041218,-0.135319366845983
0.236,20.0426434385789,12.0407830185885,-1.63772627380502,248.546405501782,-89.9374878292995,-1626.54683562431,29481.2847058956,-198940.257210062,-2794974.3736506,1083039.88530028,-192340996.607678,686547188.464092,199753008931.382,199682795540.919,0.0426434385789101,0.05,0.852868771578201,-0.00693643646835285,-0.155129412229879
0.237,20.040965539326,12.2884830450881,-1.71339529794343,246.820599314356,-61.8774241009228,-1824.82282824383,26623.4320020964,-197480.663264606,-2887438.86579258,1869428.47153483,7412012.32370736,886229984.00501,199720454304.032,199438572797.515,0.040965539325974,0.05,0.81931078651948,-0.00424497855711533,-0.175425240187702
0.238,20.0392255225838,12.5343584050996,-1.7624402726833,244.897386314129,-36.6881545107369,-2021.2127623348,23772.9858848493,-195134.880038936,-2780166.62631684,2855377.74193859,207132466.62774,1085668556.80252,199653051672.306,21280599574.8988,0.0392255225838447,0.05,0.784510451676894,-0.00177818649487766,-0.19615458198395
0.239,20.0374485865613,12.7782127906034,-1.78769500106113,242.779127421593,-14.2624109841225,-2214.73812205165,21129.6610004584,-191733.121252,-2473207.63385294,3951686.59852857,406785518.300045,1106949156.37742,199503722696.388,-199461031775.695,0.0374485865613465,0.05,0.748971731226931,0.000471875026918499,-0.217205136013486
0.24,20.0356571825816,13.0198527670449,-1.79178617088972,240.469225814055,5.70675644090507,-2404.31921935465,18893.0967462054,-187261.203580579,-1966670.25420472,4958905.23901818,606289240.996433,907488124.601729,199033812360.006,-199710976899.377,0.0356571825816161,0.05,0.713143651632322,0.00250740730759663,-0.238406794702618
0.241,20.0338713220227,13.2590888369548,-1.7769337237846,237.972138624864,23.7258593423562,-2588.95804358565,17262.7434145593,-181881.839442077,-1260864.10702829,5766537.87517018,805323053.356439,707777147.702352,78459238504.2873,-199777469457.47,0.0338713220226516,0.05,0.677426440453033,0.00432772290355447,-0.25953856783082
0.242,20.0321090826364,13.495736428811,-1.74475242779859,235.293228577105,40.4956603472315,-2767.84697529347,16417.6173739594,-175794.709237873,-416311.434419703,6374426.28805164,883782291.860726,507999678.244881,-199007081790.711,-199784518427.916,0.0321090826364347,0.05,0.642181652728695,0.00593427578865607,-0.2803410975312
0.243,20.0303873040505,13.7296167043392,-1.69608217813364,232.438566153356,56.8441270908832,-2940.37812912921,16410.0292385049,-169199.580530437,367967.316545668,6782533.70717472,684775210.070015,308215159.816965,-199482426545.455,-199721545017.341,0.0303873040505174,0.05,0.607746081010347,0.00733726013402709,-0.300534515400972
0.244,20.0287223997022,13.9605571663946,-1.63094483859054,229.414729834199,73.5439574215665,-3106.1433953438,17087.1370889957,-162296.226167599,953001.313342955,6990888.09455874,485292783.52456,108493614.799624,-199631229201.856,-199082902912.646,0.0287223997021755,0.05,0.57444799404351,0.00856240727022953,-0.319840011591925
0.245,20.0271311181737,14.1883920670747,-1.54867992213319,226.22860633533,91.1801593299364,-3264.9343903159,18249.512922567,-155284.271749459,1338478.48226659,6999840.25782631,285661554.322704,-90589288.1130214,-199696264419.772,174918561139.74,0.0271311181737097,0.05,0.542622363474194,0.00965569254847706,-0.338002974827054
0.246,20.0256311277898,14.4129626166509,-1.44814168816569,222.887194132283,110.138201075006,-3416.72655187775,19697.5394712584,-148300.573042166,1524291.90437941,6996710.25028316,85965289.9029323,84329273.0267189,-199724571757.471,-162548704875.498,0.0256311277898256,0.05,0.512622555796511,0.0106842949010387,-0.354815427016025
0.247,20.0242414020766,14.6341170227517,-1.32789875118868,219.397485571407,130.603892189615,-3561.52148777864,21231.5265919631,-141288.789606062,1510394.9084036,6999765.17087213,-113759281.854539,-78219431.8487794,-199729491257.904,155282051084.767,0.0242414020765871,0.05,0.484828041531742,0.0117335447481932,-0.370135291267553
0.248,20.022982405567,14.8517104906683,-1.18643376760085,215.766484351227,152.56333429328,-3699.3169612859,22651.7536108964,-134302.253809387,1296770.88092011,6999186.76456574,-313488773.112443,77062619.235987,-199712320843.709,-152944123055.753,0.0229824055669816,0.05,0.459648111339632,0.0129002022233179,-0.383899386074389
0.249,20.0218760799011,15.0656052248925,-1.02234315432349,212.001184730572,175.80290386914,-3830.11315061492,23758.4947184242,-127290.026422379,883425.947385813,6999777.32227384,-513201093.956152,-75881503.8197662,-199663591320.083,151230424734.891,0.0218760799011335,0.05,0.43752159802267,0.0142827648943222,-0.396128571376184
0.25,20.0209456302033,15.2756704292784,-0.834536812679416,208.108591294824,199.909258729322,-3953.90963402577,24352.0428536073,-120302.984781226,270393.05776962,6999511.03082152,-712864685.276235,75348920.9151243,-199547547147.728,-150143593503.563,0.0209456302032933,0.05,0.418912604065866,0.0159697847142941,-0.406924668088733
0.251,20.0202151117425,15.4817823073244,-0.62243783260512,204.095698641921,224.269372849831,-4070.70656112116,24232.7456441682,-113290.823222197,-542245.401080479,6999788.15498486,-912412232.423962,-74794672.5884387,-199190145821.756,149301194987.501,0.020215111742484,0.05,0.404302234849681,0.0180273555909889,-0.416459540027021
0.252,20.0197088169136,15.6838240621239,-0.386182138260951,199.96951142828,248.070627498666,-4180.50373516151,23201.0957692847,-106303.54887101,-1554252.70641532,6999644.07989093,-1111602378.24572,74506522.3990619,-191932620947.866,-148707321426.469,0.0197088169135959,0.05,0.394176338271919,0.0204869994320304,-0.424957501484468
0.253,20.0194504626479,15.8816858964926,-0.126817921199647,195.737024391241,270.301332659164,-4283.30124037723,21059.053103587,-99291.4360834903,-2761821.39513341,6999796.941576,-1303534999.19358,-74200799.0274067,199046551149.67,148240905420.588,0.0194504626479208,0.05,0.389009252958417,0.0233351251297295,-0.432672841195044
0.254,20.019462179573,16.0752650129367,0.153499979208414,191.405242209286,289.770512838283,-4379.09896808538,17678.6386340484,-92304.0327238579,-3965833.11875372,6999716.59525889,-1104488448.04391,74040106.3931811,199534373020.109,-147905955747.144,0.0194621795730008,0.05,0.389243591460016,0.0265050791416583,-0.439864712279174
0.255,20.0197633370784,16.2644656137229,0.451404481611695,186.981159696726,305.290467437162,-4467.89696524203,13193.8170200915,-85291.9470680269,-4970554.38028758,6999803.7237785,-904954075.023805,-73865849.353963,199669955177.735,147648310702.034,0.0197633370784089,0.05,0.395266741568179,0.029872862344067,-0.446771862070708
0.256,20.0203693713928,16.4491989008605,0.76242738932535,182.471781544563,315.856501169405,-4549.69516941012,7804.06392815498,-78304.4682171417,-5775673.47772251,6999762.02977555,-705284119.84607,73782461.3480706,199716536751.459,-147471752743.908,0.0203693713928423,0.05,0.407387427856847,0.0332585102083695,-0.453589662842146
0.257,20.021290781457,16.6293830761425,1.0811955876787,177.884102613387,320.663502527747,-4624.49360419184,1709.03448003799,-71292.3935821495,-6381099.32919286,6999808.61475166,-505567583.094612,-73689291.3958369,199710027640.854,147347223488.519,0.0212907814570329,0.05,0.425815629140658,0.0364345320994418,-0.460451648567752
0.258,20.0225323238202,16.8049433411374,1.40163068982585,173.22512760468,319.106047330432,-4692.29223554754,-4891.56363613464,-64304.8717425144,-6786811.89846704,6999792.93510009,-305857555.453758,73657932.092682,199612067454.144,-147278344094.368,0.0225323238202293,0.05,0.450646476404586,0.0391408042467456,-0.467417297526809
0.259,20.0240924072177,16.975811897213,1.71714873939089,168.501851407178,310.778418655316,-4753.09107109816,-11798.0356345445,-57292.7962320503,-6992863.42019373,6999811.69514558,-106245487.999614,-73620412.0016859,198652490381.187,147247620506.385,0.0240924072177116,0.05,0.481848144354231,0.0411043934946237,-0.474467171391301
0.26,20.0259626868484,17.1419279455351,2.02085989153433,163.721278732792,295.474520916508,-4806.89009623378,-18810.9130502286,-50305.2534728212,-6999782.66300275,6999815.09339709,92407002.3815731,73627208.5046991,-116725373231.185,-147258642195.448,0.0259626868483736,0.05,0.519253736967471,0.0420623220974317,-0.481505791332106
0.261,20.0281278577985,17.3032376870789,2.30576520306221,158.890404486316,273.174254144624,-4853.68930673524,-25783.9464409124,-43293.1678822043,-6965738.34723676,6999812.98080406,-24318370.8496121,-73631433.6907486,-19334977019.3631,147299982948.582,0.0281278577985233,0.05,0.562557155970467,0.0417850169593919,-0.488371875384767
0.262,20.0305656223356,17.4596943226337,2.56488535320493,154.01623339066,243.902579844222,-4893.48870253337,-32765.0664697449,-36305.6206210875,-6999724.20659606,6999831.53858761,-43653347.868975,73668549.2578336,90303545092.9775,-147375367701.067,0.0305656223356401,0.05,0.611312446712802,0.0400979066915625,-0.494854848512418
0.263,20.0332467062408,17.6112580528052,2.79123771275323,149.105760357801,207.634138360933,-4926.28826993394,-39771.5667594256,-29293.5173691545,-6998225.78191854,6999812.4039949,46650197.2240024,-73706818.4432332,-96381694182.5708,147476852082.043,0.0332467062408242,0.05,0.664934124816483,0.0368978742943681,-0.500715941969974
0.264,20.0361348410905,17.7578960780246,2.97782083734822,144.165990122439,164.367217839488,-4952.088020702,-46762.5310584297,-22305.9788990342,-6999766.43178582,6999844.0115927,-49731496.9585684,73770033.6388046,100943775760.861,-147608509718.657,0.0361348410904512,0.05,0.722696821809024,0.0321622233444486,-0.505711771153527
0.265,20.0391867598504,17.8995825985434,3.1176389309723,139.203917596637,114.100720972996,-4970.8879329442,-53770.339276068,-15293.8512889085,-6999026.04086396,6999809.79037217,51212278.8022927,-73838476.0798527,-103966784898.977,147764525615.814,0.0391867598503737,0.05,0.783735197007474,0.0259498388036177,-0.509618068652468
0.266,20.0423521960749,18.036298814447,3.2036892454222,134.226547527781,56.8350721069324,-4982.68802889537,-60761.0869750135,-8306.33331564033,-6999797.15451116,6999853.57710023,-52754506.0966841,73926049.5359609,106500998811.406,-147949612364.574,0.0423521960749049,0.0500488123041275,0.846217804681294,0.0183944323077169,-0.512251260643479
0.267,20.0455738840586,18.1680329256426,3.22897583058644,129.240874821829,-7.43026832140226,-4987.48827898139,-67769.5112161044,-1294.1749824994,-6999301.16120214,6999804.82045375,53746492.7147222,-74023562.8286128,-108527677024.393,148159316959.531,0.0455738840586406,0.05099950964842,0.893614161642288,0.00969060265320031,-0.513485816129561
0.268,20.0487875584961,18.2947801318765,3.18649559150334,124.253904239839,-78.6949943558602,-4985.28871550926,-74760.0270771206,5693.3112760333,-6999818.50699961,6999860.91610505,-54781184.3096707,74135754.1309177,110355291269.348,-148399419068.043,0.0487875584961337,0.0529383870343221,0.921591329643323,7.41424798448695e-05,-0.513265732668738
0.269,20.0519219546236,18.4165426327164,3.06925258426917,119.272630675782,-156.959462746741,-4976.08930112528,-81768.8436277301,12705.5068326925,-6999422.0456746,6999796.96070195,55574106.9596776,-74263664.9371257,-111969113639.055,148666362035.75,0.0519219546236016,0.0556031239179389,0.933795638896655,-0.0102014112098336,-0.511609116148375
0.27,20.0548988080009,18.5333296275719,2.87024351187947,114.304058905467,-242.223420425872,-4959.89007865797,-88759.1401388648,19692.9496879318,-6999832.49553445,6999866.4767827,-56395006.6793775,74402697.0986245,113522657098.885,-148967676434.408,0.0548988080009138,0.0587702616682758,0.934125635015647,-0.0208896636156717,-0.508605493648509
0.271,20.0576328546406,18.6451573156706,2.58247247886511,109.355183804781,-334.487145869571,-4936.69100226865,-95768.2496948891,26705.1895671914,-6999466.17366439,6999785.33566412,57127650.419508,-74564979.3357835,-115003614207.472,149300402131.708,0.0576328546405804,0.0622518921405312,0.925800849723195,-0.0317752394477359,-0.504406213334036
0.272,20.0600318308435,18.7520488960829,2.1989360524078,104.433010165481,-433.750399193481,-4906.4921266801,-102758.319312378,33692.5758135429,-6999840.33034861,6999870.55739419,-57875963.7879638,74735422.7959249,116547346254.688,-149675004342.6,0.060031830843478,0.0658923832514148,0.911058727598672,-0.0426943478637235,-0.499208949641035
0.273,20.0619964733293,18.8540345676905,1.71263841323249,99.5445328384847,-540.013428525592,-4869.29339614257,-109767.673066946,40704.868248278,-6999442.62100923,6999768.47801881,58671382.4667246,-74939581.546675,-118142565263.622,150088915302.541,0.061996473329291,0.0695651703632514,0.891199906584881,-0.0535500695149929,-0.493237896640224
0.274,20.0634205190975,18.9511515292166,1.11657603452282,94.6967566328044,-653.275966946192,-4825.09487988074,-116757.470424231,47692.1817547405,-6999842.52117432,6999873.35412341,-59471182.796897,75149333.7558654,120109876328.129,-150557774250.456,0.0634205190974804,0.0731696393569578,0.866760034009238,-0.0643209507913365,-0.486721627961581
0.275,20.0641907055812,19.0434439791849,0.403753214894004,89.8966763659341,-773.538265916629,-4773.89650980057,-123767.030224081,54704.5368133668,-6999258.76580715,6999743.80075404,60638693.5312322,-75408440.4945907,-122437915429.561,151079259442.616,0.0641907055812432,0.0766281242785827,0.837691202617422,-0.0750621466276576,-0.479870808361848
0.276,20.0641867705243,19.1309631159562,-0.432833602966032,85.1512968654825,-900.799920654501,-4715.6983741911,-130756.375962361,61691.7562704473,-6999839.0299907,6999874.98998076,-61799221.8983284,75670818.9480253,123457959125.078,-151678908289.217,0.064186770524298,0.07988303944044,0.803509367869696,-0.085899100055411,-0.472857924458641
0.277,20.0632814522282,19.2137671376753,-1.40017989759123,80.4676129042182,-1035.06137192052,-4650.50038857701,-137766.538276782,68704.1868518539,-6999909.27232655,6999706.35478418,61658737.2267499,-76008089.3411912,199800542065.245,152354537117.928,0.063281452228189,0.0828941628339421,0.763400582921113,-0.0970144594585306,-0.465800983699216
0.278,20.0613404896834,19.2919212423157,-2.50528695607696,75.8526293294104,-1176.30926335467,-4578.30266845694,-144702.318090151,75691.2815848205,-6838350.26406718,6999875.53400195,261459279.291994,76346447.7767367,199917725328.649,-153153133360.963,0.06134048968336,0.0856360847387448,0.71629255202985,-0.108629596055107,-0.458752714891172
0.279,20.0582226485678,19.3654976276095,-3.75507454340304,71.313340852494,-1324.37885012509,-4499.10510607765,-151376.619093671,82703.8048204839,-6476932.12211164,6999645.4150982,461377004.620644,-76806685.5842265,199938433039.336,154072579044.876,0.058222648567817,0.0880958324654001,0.660901281461686,-0.120982332159525,-0.45169625514213
0.28,20.0537798894132,19.4345754911022,-5.15620030156652,66.8567523400554,-1478.90870834433,-4412.90785997316,-157589.539641299,89690.7256559642,-5915585.90097133,6999875.01903641,661315437.659979,77265893.460649,199943320639.497,-155216621505.545,0.0537798894131711,0.090270679328757,0.595762542312438,-0.134301963842645,-0.444547658451967
0.281,20.0478577291401,19.4992410300563,-6.71486048971075,62.4898584146871,-1639.33749072484,-4319.71078651799,-163141.143936678,96703.3641848133,-5154298.80299215,6999532.60174429,861258758.299169,-77950728.0448957,199940369730.59,156583206909.973,0.0478577291400697,0.0921661431751364,0.519254983352501,-0.148783543878864,-0.437164900424736
0.282,20.0402958024067,19.5595874415202,-8.43659005025307,58.2196639559415,-1804.9039100879,-4219.51412352003,-167831.489965567,103690.018623687,-4193069.85982769,6999873.47715438,1061199128.02976,78632478.8650748,199928956152.711,-158493955435.075,0.0402958024067424,0.0937941771713138,0.42961944570549,-0.164563873171551,-0.429362417963462
0.283,20.0309286228962,19.6157149221807,-10.3260626675954,54.0531634428832,-1974.64673808886,-4112.31766665943,-171460.638768687,110702.792681035,-3031906.25372157,6999258.97830192,1261128084.18247,-79861476.5699989,199900423000.036,160947292391.99,0.0309286228962122,0.0951715530480811,0.324977599982917,-0.181701513518236,-0.420929705215008
0.284,20.0195865445441,19.6677306684495,-12.3868908299372,49.9973617293932,-2147.40481278608,-3998.12184859815,-173828.664243151,117688.945469783,-1670827.95803909,6999871.14792789,1461028507.18251,81085815.8219907,199806615842.3,-167157079498.168,0.0195865445440546,0.096318434682554,0.203351981462405,-0.200162715730118,-0.411652100806229
0.285,20.0060969226986,19.7157488761837,-14.6214259049283,46.0592529843213,-2321.8170609814,-3876.92641813008,-174735.676844959,124701.500012373,-109896.14293543,6997378.42400082,1660835123.02481,-86071263.6761772,-170640913596.494,177126485869.147,0.00609692269859963,0.0972571377187596,0.0626886914586179,-0.219814558149486,-0.401331723787532
0.286,19.9902854746747,19.7598907406285,-17.0305613409,42.2458414356861,-2496.33799008211,-3748.73319384608,-174043.595578629,131685.363885514,1465618.52329113,6999870.40325921,1490194209.42831,91055222.1929734,-199802102961.003,-182080998368.121,0.009714525325343,0.0980110689913497,0.0991166143305751,-0.240425878268475,-0.389806513163916
0.287,19.971977810281,19.8002844551951,-19.6136164326097,38.5641198454759,-2669.40873578515,-3613.54030559683,-171866.180301118,138700.415066808,2855911.68123894,6999885.12626812,1290392106.46731,-91025776.175154,-199893536343.242,-199790715130.29,0.0280221897189925,0.098603837717403,0.284189645836135,-0.261676097111244,-0.376965557116021
0.288,19.9510009745891,19.8370652122494,-22.3684301727069,35.0210909372703,-2839.6402237919,-3471.36344354273,-168398.388156035,145621.488852467,4046357.0195316,6808963.99252781,1090498570.12407,-290816491.305444,-199920445960.4,-199905902516.318,0.0489990254109216,0.0990585289503566,0.494647214430951,-0.283172514559017,-0.362759235260214
0.289,19.9271848353145,19.8703751727188,-25.2915514263035,31.6236592822495,-3005.84201369507,-3322.39427152182,-163840.101925786,152251.726948923,5036895.36667841,6418194.54996429,890578124.16364,-490722393.821762,-199929192579.291,-199926540618.27,0.072815164685526,0.0993971280755198,0.73256809422303,-0.30447591605001,-0.347203577531702
0.29,19.9003632732121,19.9003632732108,-28.3784385670552,28.3784384604729,-3167.02356863318,-3167.02356463608,-158391.239029122,158391.239211873,5827508.8945524,5827508.88583339,690648931.582635,-690648934.440032,-199926540631.264,-199929192569.22,0.0996367267878853,0.0996400838671274,0.999966307944435,-0.325132300353493,-0.330379763343999
0.291,19.8703751726115,19.9271848352087,-31.6236593927362,25.2915513238082,-3322.39427533229,-3005.84200952005,-152251.726758884,163840.102098392,6418194.55581988,5036895.35510875,490722390.95137,-890578127.009252,-199905902544.935,-199920445947.827,0.0728151647913471,0.0993971280745444,0.732568095294848,-0.344707593627135,-0.312429214917028
0.292,19.8370652120298,19.9510009743829,-35.0210910514715,22.3684300744709,-3471.36344716071,-2839.64021945052,-145621.488658013,168398.388315671,6808963.9954984,4046357.00512566,290816488.406435,-1090498572.95708,-199790715358.297,-199893536315.04,0.0489990256171282,0.0990585289478913,0.494647216524926,-0.362821936281404,-0.293544836136942
0.293,19.8002844548595,19.9719778099788,-38.5641199631976,19.6136163387924,-3613.54030901938,-2669.40873129179,-138700.414870871,171866.180444932,6999885.12622569,2855911.66401098,91025773.0481381,-1290392109.27212,-182080991772.148,-199802102798.15,0.0280221900212396,0.0986038377128779,0.284189648914444,-0.379180212777482,-0.273959297732976
0.294,19.7598907401735,19.9902854742809,-42.2458415567324,17.030561251645,-3748.73319707295,-2496.33798545405,-131685.363690082,174043.595703841,6999870.40338775,1465618.50333979,-91055218.7240099,-1490194212.07027,177126471896.734,-170640908486.265,0.00971452571913645,0.0980110689841393,0.0991166183557135,-0.393595901086275,-0.253931545180126
0.295,19.7157488756061,20.0060969222179,-46.0592531084967,14.6214258203603,-3876.92642116147,-2321.8170562384,-124701.499817408,174735.676949731,6997378.42061211,-109896.16297361,86071253.1727239,-1660835120.55653,-167157051778.553,199806615893.815,0.0060969222178926,0.0972571377081952,0.0626886865227873,-0.406005986118195,-0.23373286334657
0.296,19.6677306677462,20.0195865439812,-49.9973618565033,12.3868907501614,-3998.12185143686,-2147.4048079479,-117688.945278839,173828.664329128,6999871.14789556,-1670827.97558314,-81085798.6058293,-1461028504.66272,160947259917.746,199900422983.57,0.0195865439811662,0.0963184346679392,0.203351975649225,-0.416475251947165,-0.213633830857432
0.297,19.6157149213489,20.030928622256,-54.053163572736,10.326062592698,-4112.31766930569,-1974.64673317305,-110702.792487012,171460.638838377,6999258.9795308,-3031906.26875401,79861461.3119168,-1261128081.67909,-158493926874.7,199928956147.23,0.0309286222559813,0.0951715530287137,0.324977593321924,-0.42518839138292,-0.193893015945524
0.298,19.5595874405573,20.0402958016941,-58.2196640883438,8.43658998030387,-4219.51412597301,-1804.90390510949,-103690.018431501,167831.490021475,6999873.47712316,-4193069.87235948,-78632465.5627835,-1061199125.53185,156583181155.501,199940369728.684,0.0402958016940858,0.0937941771465106,0.42961943822101,-0.432430531089592,-0.174746860527419
0.299,19.4992410289598,20.04785772836,-62.489858549446,6.71486042476591,-4319.71078877772,-1639.33748569638,-96703.3639903005,163141.143981305,6999532.60213813,-5154298.81302699,77950715.592717,-861258755.80317,-155216597446.978,199943320639.338,0.0478577283599577,0.0921661431442649,0.519254975062236,-0.438558241011846,-0.156400189404553
0.3,19.4345754898698,20.0537798885706,-66.856752476977,5.15620024167086,-4412.90786203925,-1478.90870327586,-89690.7254632738,157589.539677149,6999875.01900736,-5915585.90851049,-77265881.8542607,-661315435.163832,154072556333.085,199938433040.617,0.0537798885706238,0.09027067929127,0.595762533226276,-0.443963954597263,-0.139017973940909
0.301,19.3654976262392,20.0582226476679,-71.3133409913851,3.75507448859263,-4499.10510795015,-1324.37884502412,-82703.8046258047,151376.61912323,6999645.41531964,-6476932.12715401,76806674.4788239,-461377002.123216,-153153111648.432,199917725335.137,0.0582226476679146,0.0880958324208777,0.660901271580658,-0.449037347753473,-0.122719130483751
0.302,19.2919212408056,20.0613404887312,-75.8526294700768,2.50528690638156,-4578.30267013553,-1176.30925822626,-75691.2813918538,144702.318115904,6999875.53397425,-6838350.26660966,-76346437.1696086,-261459276.788085,152354516245.494,199800542207.549,0.0613404887311972,0.0856360846869413,0.716292541344444,-0.45412746658113,-0.107572931295852
0.303,19.2137671360238,20.0632814512289,-80.4676130464665,1.40017985303681,-4650.50039006175,-1035.0613667672,-68704.1866570902,137766.538301268,6999706.35492738,-6999909.27229396,76008079.0758855,-61658734.5805288,-151678888098.587,123457953054.152,0.0632814512288959,0.0828941627748375,0.763400571410379,-0.459509281880734,-0.0935983445159691
0.304,19.1309631141616,20.064186769483,-85.1512970091184,0.432833563577192,-4715.69837548186,-900.799915476466,-61691.7560773079,130756.375987193,6999874.98995389,-6999839.03034741,-75670809.0227014,61799218.4736231,151079239845.295,-122437944998.913,0.0641867694830189,0.0798830393742987,0.803509355499938,-0.465357865856101,-0.0807663320111061
0.305,19.0434439772461,20.0641907045032,-89.896676510764,-0.40375324909284,-4773.89651089737,-773.538260715743,-54704.5366185579,123767.030241916,6999743.80085384,-6999258.78437325,75408430.8225932,-60638726.5252903,-150557755158.719,120109979253.349,0.0641907045031758,0.0766281242060149,0.837691189341904,-0.47173260983861,-0.069004907668981
0.306,18.9511515271324,20.0634205179878,-94.6967567786338,-1.11657606351546,-4825.0948807835,-653.275961737965,-47692.1815614858,116757.470424156,6999873.35409707,-6999842.52127504,-75149324.336126,59471252.7340811,150088896660.728,-118142699240.094,0.0634205179878187,0.0731696392789886,0.866760019767249,-0.478572891195323,-0.0582069287285274
0.307,18.8540345654601,20.0619964721932,-99.5445329851201,-1.71263843701519,-4869.2933968513,-540.013423311459,-40704.8680534466,109767.673079375,6999768.47809131,-6999442.61816268,74939572.3246019,-58671446.516703,-149674986095.43,116547468553.805,0.0619964721932398,0.0695651702813937,0.891199891302814,-0.485705469245097,-0.0482409585594081
0.308,18.7520488937055,20.0600318296862,-104.433010312728,-2.19893607097136,-4906.49212719473,-433.750393971062,-33692.5756202089,102758.319316046,6999870.5573682,-6999840.33040248,-74735413.7708284,57876022.0371023,149300384240.762,-115003725984.933,0.0600318296862454,0.0658923831677452,0.911058711193063,-0.49286274324326,-0.038964357670165
0.309,18.6451573131458,20.0576328534674,-109.355183952445,-2.58247249220293,-4936.69100258921,-334.48714063846,-26705.1893723534,95768.249708998,6999785.33571775,-6999466.17135784,74564970.4699337,-57127703.9478308,-148967658861.471,113522759473.745,0.0576328534674104,0.0622518920577724,0.925800832108439,-0.499709961556083,-0.0302372977930846
0.31,18.5333296248993,20.054898806817,-114.304059053355,-2.87024351998012,-4959.89007878441,-242.223415184154,-19692.9494945442,88759.1401455786,6999866.47675694,-6999832.4955688,-74402688.391537,56395055.5259142,148666344752.176,-111969208017.365,0.0548988068170218,0.0587702615898799,0.934125616117305,-0.505878622872625,-0.0219363298026153
0.311,18.4165426298959,20.0519219534342,-119.2726308237,-3.0692525871235,-4976.08930105761,-156.959457494106,-12705.5066378575,81768.8436431032,6999796.96074149,-6999422.04405157,74263656.3606394,-55574152.4914509,-148399402045.225,110355379043.662,0.0519219534342241,0.0556031238481757,0.933795618677774,-0.511002743487005,-0.0139661864706482
0.312,18.2947801289082,20.0487875573065,-124.253904387592,-3.18649558909826,-4985.28871524745,-78.6949890909841,-5693.31108260993,74760.0270859799,6999860.91607952,-6999818.50702119,-74135745.6845859,54781226.5522115,148159300174.439,-108527759004.487,0.0487875573065288,0.0529383869783683,0.921591308145909,-0.514754426677502,-0.00626869868593722
0.313,18.1680329225266,20.0455738828741,-129.240874969223,-3.22897582291097,-4987.48827852546,-7.43026304404798,1294.17517732303,67769.5112324007,6999804.82048215,-6999301.15997122,74023554.4898532,-53746532.4522756,-147949595794.835,106501075799.82,0.045573882874077,0.0509995096124503,0.89361413904559,-0.516875283073748,0.00117201085421701
0.314,18.0362988111839,20.0423521949007,-134.226547674622,-3.20368923246204,-4982.68802824531,56.8350773977834,8306.33350908397,60761.0869855034,6999853.57707492,-6999797.15452359,-73926041.3049814,52754543.3475444,147764509242.57,-103966857304.698,0.042352194900662,0.0500488122954052,0.846217781366816,-0.517200697370322,0.00832851025064707
0.315,17.8995825951338,20.0391867586917,-139.203917742731,-3.11763891271509,-4970.88793210002,114.100726277529,15293.8514837135,53770.3392931028,6999809.79039089,-6999026.03982839,73838467.9375883,-51212313.9571531,-147608493520.717,100943843985.853,0.0391867586917414,0.05,0.783735173834827,-0.515674670130588,0.0151332695946864
0.316,17.7578960744693,20.0361348399527,-144.165990267592,-2.9778208137787,-4952.08801966368,164.367223158557,22305.9790924864,46762.5310702934,6999844.01156812,-6999766.43179261,-73770025.583129,49731530.0286998,147476836040.091,-96381757743.7026,0.0361348399527301,0.05,0.722696799054603,-0.51235390880643,0.0214857294464396
0.317,17.6112580491053,20.0332467051293,-149.105760501818,-2.79123768385786,-4926.28826870151,207.634143694719,29293.5175639363,39771.5667772245,6999812.40400503,-6998225.78063577,73706810.4569619,-46650227.7150027,-147375351795.485,90303603488.5587,0.0332467051293328,0.05,0.664934102586656,-0.507400904017537,0.0272624982962703
0.318,17.4596943187905,20.0305656212557,-154.016233533348,-2.56488531896743,-4893.48870110682,243.902585193819,36305.6208145372,32765.0664833127,6999831.53856425,-6999724.20660649,-73668541.3385229,43653375.7735559,147299967160.859,-19335000304.9984,0.0305656212557146,0.05,0.611312425114292,-0.501066802494764,0.0323296392379954
0.319,17.3032376830937,20.0281278567555,-158.89040462748,-2.3057651634674,-4853.68930511459,273.174259511445,43293.168076959,25783.9464645421,6999812.98080616,-6965738.33098543,73631425.8223364,24318375.4685575,-147258626504.856,-116725415451.877,0.0281278567555034,0.05,0.562557135110069,-0.493665869680368,0.0365558379237998
0.32,17.1419279414096,20.0259626858476,-163.721278872239,-2.02085984655833,-4806.89009441903,295.474526314095,50305.2536662589,18810.9130853823,6999815.09337607,-6999782.66324281,-73627200.6825195,-92407039.9833196,147247604892.787,198652488979.54,0.0259626858476381,0.05,0.519253716952761,-0.485544131697211,0.0398251866074402
0.321,16.975811892949,20.0240924062647,-168.501851544712,-1.71714868900134,-4753.09106908933,310.778424081485,57292.7964267758,11798.0356503111,6999811.69513994,-6992863.45873636,73620404.2102677,106245448.99622,-147278328533.581,199612067887.126,0.0240924062646606,0.05,0.481848125293212,-0.477045319061114,0.04204843845531
0.322,16.804943336737,20.0225323229203,-173.225127740108,-1.40163063401013,-4692.29223334464,319.106052746837,64304.8719359319,4891.56359405407,6999792.93508342,-6786811.97579658,-73657924.3233133,305857516.883346,147347207956.719,199710027928.806,0.0225323229202772,0.05,0.450646458405544,-0.468477459398142,0.0431711973117315
0.323,16.6293830716077,20.0212907806156,-177.884102746516,-1.08119552648213,-4624.49360179488,320.66350785697,71292.3937768465,-1709.03461864591,6999808.61473846,-6381099.44494883,73689283.6334055,505567544.812152,-147471737209.732,199716537007.593,0.021290780615594,0.05,0.425815612311879,-0.46008335986537,0.0431790939439483
0.324,16.4491988961939,20.0203693706152,-182.471781675198,-0.762427322889803,-4549.69516681911,315.856506295694,78304.4684105334,-7804.0642016874,6999762.029767,-5775673.63163288,-73782453.5763288,705284081.819745,147648295134.418,199669955468.827,0.0203693706152492,0.05,0.407387412304985,-0.452017803014445,0.0421006954673681
0.325,16.264465608927,20.0197633363698,-186.981159824673,-0.451404410213853,-4467.896962457,305.290472206638,85291.9472627013,-13193.8174664991,6999803.72375788,-4970554.57207872,73865841.5580888,904954037.288571,-147905940099.938,199534373415.695,0.0197633363697562,0.05,0.395266727395125,-0.444333589375777,0.0400081390039625
0.326,16.0752650080142,20.019462178938,-191.405242334351,-0.153499903297813,-4379.09896510633,289.770517059207,92304.0329172215,-17678.6392910309,6999716.595266,-3965833.3480823,-74040098.5418498,1104488410.70427,148240889647.963,199046550404.055,0.019462178938042,0.05,0.389243578760841,-0.436977675308077,0.0370154617499353
0.327,15.8816858914465,20.0194504620909,-195.737024513229,0.126818000962897,-4283.30123720416,270.301336102186,99291.4362781579,-21059.0540086937,6999796.94154813,-2761821.66217601,74200791.1061135,1303534961.10832,-148707305448.983,-191932516979.756,0.0194504620908553,0.05,0.389009241817106,-0.429797654225775,0.0332748184743475
0.328,15.6838240569574,20.0197088164379,-199.969511546999,0.386182220969445,-4180.50373179444,248.070629901048,106303.549064351,-23201.0969431455,6999644.07992975,-1554252.95955756,-74506514.3428696,1111602444.12856,149301178725.927,-199190144121.473,0.0197088164378521,0.05,0.394176328757041,-0.422557823335291,0.0289709743159017
0.329,15.481782302041,20.0202151113504,-204.095698757176,0.622437917089631,-4070.70655756007,224.269373962807,113290.823416897,-24232.7470379923,6999788.15494984,-542245.587489736,74794664.3830574,912412300.007091,-150143576780.546,-199547546765.493,0.0202151113504421,0.05,0.404302227008841,-0.414963151267395,0.0243143248608444
0.33,15.2756704238816,20.0209456298961,-208.108591406421,0.834536897551669,-3953.90963027066,199.909258366758,120302.984974575,-24352.0443999389,6999511.03094263,270392.939135261,-75348912.3974886,712864753.241598,151230407372.364,-199663591163.378,0.0209456298960617,0.05,0.418912597921235,-0.406688718915404,0.0195315371822442
0.331,15.0656052193859,20.0218760796783,-212.001184838317,1.02234323804311,-3830.11314666571,175.802901912295,127290.026617214,-23758.4963493768,6999777.32223132,883425.89679517,75881494.974875,513201162.078221,-152944104450.166,-199712320759.669,0.0218760796783322,0.05,0.437521593566643,-0.397411698447183,0.0148531285684486
0.332,14.851710485056,20.0229824054267,-215.766484454925,1.18643384854259,-3699.31695714257,152.563330691631,134302.254002858,-22651.7552582707,6999186.76498111,1296770.8984932,-77062609.47529,313488841.31847,155282030634.454,-199729491205.023,0.022982405426653,0.05,0.459648108533059,-0.386842731590543,0.0104988973704457
0.333,14.6341170170378,20.0242414020151,-219.397485670864,1.3278988277108,-3561.52148344085,130.603886960693,141288.78980154,-21231.5281876524,6999765.17082305,1510394.99420916,78219421.159164,113759350.113446,-162548686085.593,-199724571720.204,0.0242414020151287,0.05,0.484828040302574,-0.374753658132865,0.00666263715008247
0.334,14.4129626108398,20.025631127802,-222.887194227306,1.44814175867819,-3416.72654734563,110.138194304676,148300.573235262,-19697.5409470066,6996710.24893941,1524292.05846235,-84329264.9264288,-85965221.6067576,174918547574.09,-199696264390.944,0.0256311278020185,0.05,0.51262255604037,-0.360998948848307,0.00349762894429984
0.335,14.1883920611708,20.0271311182528,-226.228606425724,1.548679985166,-3264.93438559057,91.1801511722829,155284.271943001,-18249.5142100796,6999840.25781242,1338478.70466052,90589282.647661,-285661485.997701,-199082902371.619,-199631229177.472,0.0271311182527967,0.05,0.542622365055934,-0.345528831253147,0.00110431280255134
0.336,13.9605571604027,20.02872239984,-229.41472991977,1.63094489286186,-3106.14339042584,73.5439480989848,162296.226358408,-17087.1381199475,6990888.08926188,953001.604074081,-108493619.723958,-485292715.175173,-199721544907.733,-199482426522.708,0.0287223998400101,0.05,0.574447996800203,-0.328392950593963,-0.000478689438000957
0.337,13.7296166982643,20.0303873042378,-232.438566233916,1.6960822226182,-2940.37812402379,56.8441168941067,169199.580713657,-16410.0299445482,6782533.69708405,367967.675637554,-308215164.631691,-684775141.697761,-199784518366.49,-199007081768.837,0.0303873042378058,0.05,0.607746084756116,-0.309734301963625,-0.0012793685598016
0.338,13.4957364226581,20.032109082863,-235.29322865247,1.74475246179608,-2767.84697001064,40.495649635324,175794.709408686,-16417.6176867211,6374426.2732692,-416311.006944622,-507999682.998828,-883782223.466596,-199777469404.884,78459104997.1032,0.0321090828630091,0.05,0.642181657260181,-0.289774537874635,-0.00139252490910641
0.339,13.2590888307292,20.0338713222778,-237.972138694863,1.77693374698679,-2588.95803814038,23.7258485373984,181881.839595555,-17262.7432878995,5766537.85556793,-1260863.67791267,-707777152.403711,-805323118.469493,-199710976838.235,199033812318.481,0.0338713222778324,0.05,0.677426445556648,-0.268793459292572,-0.000975401079281533
0.34,13.0198527607521,20.0356571828546,-240.469225878536,1.79178618341908,-2404.31921376648,5.70674596631098,187261.203712114,-18893.0962229938,4958905.21474496,-1966669.89022292,-907488129.241946,-606289306.151011,-199461031668.307,199503722682.904,0.0356571828546315,0.05,0.71314365709263,-0.247105043937129,-0.000239013178376412
0.341,12.7782127842489,20.0374485868418,-242.779127480424,1.78769500343546,-2214.73811634485,-14.2624207643743,191733.121356961,-21129.6601458451,3951686.56966886,-2473207.33509319,-1106949160.91025,-406785583.468107,21280609127.4218,199653051664.861,0.0374485868417622,0.05,0.748971736835244,-0.225032392654811,0.00056515033989946
0.342,12.5343583986891,20.0392255228619,-244.897386367206,1.76244026575181,-2021.21275653783,-36.6881632976382,195134.880114362,-23772.9847640009,2855377.71332231,-2780166.39209501,-1085668551.78283,-207132531.803246,199438572679.847,199720454298.441,0.0392255228619085,0.05,0.78451045723817,-0.20288404100148,0.00116333405173091
0.343,12.2884830386275,20.0409655395929,-246.820599361602,1.71339528282178,-1824.82282238491,-61.8774316607705,197480.663313902,-26623.4306796144,1869428.44787941,-2887438.69674894,-886229979.102984,-7412077.50480549,199682795469.415,199753008925.988,0.0409655395929036,0.05,0.819310791858072,-0.18093374869961,0.00128149990031832
0.344,12.0407830120835,20.0426434388272,-248.546405543148,1.63772625181026,-1626.54682972711,-89.9374939929707,198940.257238142,-29481.283246961,1083039.86651113,-2794974.26979075,-686547183.633569,192340931.421184,199735755661.567,199765104791.814,0.0426434388271666,0.05,0.852868776543332,-0.15940464949607,0.000669003934024271
0.345,11.7914565295179,20.0442311682078,-250.07332867928,1.53259196606352,-1427.17115476316,-120.775884006892,199713.312805447,-32146.7928669094,496360.560709008,-2502750.78597367,-486811427.972002,392106036.212994,199700702648.972,199760642092.21,0.0442311682078014,0.05,0.884623364156027,-0.138457621728358,-0.000878355928614033
0.346,11.5407029177156,20.0456979136968,-251.400579070517,1.39534356291571,-1227.28247605275,-154.100377900665,199999.551102611,-34420.1971944278,109399.484060472,-2010764.42871457,-287110725.32303,591866678.305196,199460958103.004,199737077052.546,0.0456979136967597,0.05,0.913958273935194,-0.118184061257857,-0.00349815467412269
0.347,11.2887220331084,20.047010391799,-252.527853838543,1.22372428460028,-1027.26776612241,-189.418990484856,199998.638717027,-36101.7387711478,-77980.7622106991,-1319029.21188309,-87649767.2200258,791603755.35775,198259810018.982,199682242017.958,0.0470103917989775,0.05,0.94020783597955,-0.0986035634973628,-0.00724594503834274
0.348,11.035713874789,20.0481333415464,-253.455137282009,1.01606923403636,-827.314465255605,-226.039989809301,199909.876372876,-36991.6857317068,-66500.624421234,-427584.33551636,110610042.798956,991285997.375708,508326147.257297,199554537609.604,0.0481333415463538,0.05,0.962666830927077,-0.0796666762385069,-0.0120860901204697
0.349,10.7818783967386,20.0490302162264,-254.182503279528,0.771505103843003,-627.41938300755,-263.071938603445,199898.765490879,-36890.3679789092,44363.5814513505,663478.93066415,111118368.946213,1190840534.98531,-187784392289.593,199136363428.065,0.0490302162263916,0.05,0.980604324527832,-0.0612623968844199,-0.0178896378977727
0.35,10.5274155027422,20.0496640748115,-254.709962820798,0.4901498388972,-427.487740347466,-299.423796346049,199967.390858089,-35598.2793868478,61589.7542527671,1953887.64736349,-76666023.3433798,1389976898.41338,45469098659.9742,-168307144951.471,0.0496640748114743,0.05,0.993281496229486,-0.0432297870731134,-0.0244393568867025
0.351,10.2725251259402,20.049998672467,-255.037459416266,0.173309063943514,-227.500437737031,-333.820481890519,199998.22578378,-32977.4544811028,7658.28023937438,3259710.97330113,-31196924.6834057,1221669753.46191,37754136956.9344,-199163166682.994,0.0499986724669981,0.05,0.999973449339961,-0.0253734783002641,-0.0314413597879551
0.352,10.0174072494542,20.0499997207728,-255.164960449985,-0.176407616812001,-27.5020092115386,-364.972767724673,199996.577957837,-29140.1024921846,-4661.57596556407,4381799.14342154,6557212.27352874,1022506586.77891,16880431208.0553,-199544492624.296,0.0499997207728455,0.05,0.999994415456911,-0.00748290652948372,-0.0385423892254149
0.353,9.76226187064651,20.0496361609071,-255.092464533259,-0.555179194355185,172.494034178328,-391.759867234543,199998.008393209,-24280.307470811,10335.8519119923,5304533.4838883,23437643.4815841,822962094.154615,-144886063231.43,-199650132826.725,0.0496361609071272,0.05,0.992723218142544,0.0106466682357797,-0.0453525389921423
0.354,9.50728898655648,20.0488812826642,-254.819970003058,-0.958162500075002,372.495079852106,-413.259066370003,199995.915389657,-18597.5679619831,-38669.5362221383,6027670.51162956,-121448419.749845,623311961.327891,155629857824.158,-199664917701.254,0.0488812826641976,0.05,0.977625653283951,0.0291941773228193,-0.0514727564919198
0.355,9.25268859433876,20.0477136471062,-254.347487173869,-1.37969143121645,572.45790364777,-428.747233120855,199922.459953197,-12291.5189559732,-82303.027059905,6551150.01410682,34181438.0743122,423647043.626637,136851017291.036,-199575029972.363,0.0477136471061712,0.05,0.954272942123424,0.0482956640407491,-0.0565248015944629
0.356,8.99866065357233,20.0461178096897,-253.675079192764,-1.81347657664471,772.350611119503,-437.700884855419,199880.056148056,-5561.80792505886,20303.9196599251,6875009.54274727,171032455.365348,224072013.654274,-197037720961.011,-198630138057.246,0.0461178096896901,0.05,0.922356193793803,0.0680312188762978,-0.0601807477174319
0.357,8.74540506502542,20.0440848437528,-252.802779685213,-2.25280484945611,972.261114731577,-439.796118929247,199953.036675239,1392.13260150601,92817.5145447675,6999766.48737292,-26005265.595663,25441875.5970282,-199262796693.097,-64249312766.376,0.0440848437527528,0.05,0.881696875055056,0.0884176822690558,-0.0621891622685024
0.358,8.49312174477762,20.0416126646456,-251.730529326634,-2.6907377496695,1172.24792333663,-434.902539826154,199999.64109087,8393.91180788305,-32819.1493974439,6993083.70658676,-225268062.28876,-38807437.1693478,-199656942298.09,90858152726.4178,0.0416126646456476,0.05,0.832253292912952,0.109408517371227,-0.062395458438448
0.359,8.24201066916417,20.0387061657927,-250.458298102587,-3.12027867946566,1372.18529113649,-423.014768314835,199820.911753279,15382.7348213499,-357915.682835249,6999705.34578062,-424925004.58685,52050715.55707,-199714527865.661,-107443642564.847,0.0387061657926502,0.05,0.774123315853004,0.130899563597223,-0.0607544010924308
0.36,7.99227174846087,20.0353772354571,-248.986281377684,-3.53443418939606,1571.74810277559,-404.127982519776,199217.247813506,22390.5582511483,-882697.951354929,6998034.24005527,-624639532.452511,-55392927.0077774,-199665943091.263,114210787048.267,0.0353772354570836,0.05,0.707544709141672,0.152738657608936,-0.0573329784431802
0.361,7.74410450174748,20.0316447603179,-247.315099457857,-3.92620191003232,1770.41157561038,-378.242880520384,197988.952438743,29379.9311588311,-1607170.45535307,6999746.70664795,-824305475.543774,58817860.0864767,-199418723014.6,-117315483239.297,0.0316447603179171,0.05,0.632895206358342,0.174737869580105,-0.0523024494949407
0.362,7.49770753212455,20.0275346256062,-245.445997275654,-4.28858672740704,1967.45124946206,-345.358161176683,195936.392791783,36389.5342149824,-2531185.29240414,6999906.82511478,-1023724198.55837,-58497623.14309,-137855555034.488,-199799511516.834,0.0275346256061511,0.05,0.550692512123021,0.196687123771685,-0.0459203816354008
0.363,7.25327780235054,20.0230797156183,-243.381043497983,-4.6145875727356,2161.94568492642,-305.486748132647,192870.369474261,43326.8923099394,-3623837.26847976,6841509.44621327,-1161579753.59286,-258297134.659924,199444219235.326,-199921957046.366,0.02307971561833,0.05,0.4615943123666,0.218367861859095,-0.0385045129728203
0.364,7.01100971636055,20.018319888453,-241.123313338318,-4.89728305153583,2352.81884931665,-258.790480703588,188698.983032189,50005.9328626483,-4685694.91245496,6483251.33303016,-962135534.357535,-458219091.70629,199704951815.909,-199944572703.408,0.0183198884529965,0.05,0.36639776905993,0.239565472793853,-0.030401340345111
0.365,6.77109405929968,20.0133018105225,-238.67696437141,-5.13001078258619,2539.02295000987,-205.627623046905,183565.504511192,56226.7505543748,-5547977.97090454,5925059.95497217,-762430582.541626,-658163664.409698,199774818195.552,-199951575134.953,0.0133018105225275,0.05,0.266036210450551,0.260079808883787,-0.021953666688816
0.366,6.53371696341215,20.0080785981686,-236.047113435291,-5.30656661011255,2719.69571772261,-146.556367774743,177669.607052049,61789.4034146196,-6210521.14434838,5166920.50299499,-562655764.346075,-858115239.544651,199784501899.732,-199951688779.935,0.00807859816859846,0.05,0.161571963371969,0.279734417131422,-0.0134707894015163
0.367,6.29905904625387,20.0027092594682,-233.239639780019,-5.42140454382854,2894.17461259601,-82.3348546355827,171211.055442511,66493.9410163791,-6673284.65774459,4208829.41906037,-362871262.446355,-1058066928.32459,199728326099.619,-199945470422.113,0.00270925946818679,0.05,0.0541851893637357,0.298385026776394,-0.00520426385261108
0.368,6.067294748156,19.9972579360935,-230.260985309045,-5.46983670872036,3061.9968691795,-13.9211744589952,164389.623207893,70140.4127262067,-6936291.75714113,3050789.75552473,-163142936.346723,-1258012398.7467,199212949245.206,-199927671769.125,0.00274206390648857,0.05,0.0548412781297714,0.31592673853337,0.00266846865467175
0.369,5.83859186945708,19.9917929452215,-227.117954814402,-5.44823329510421,3222.89945655898,57.5266340921923,157404.962140786,72528.8750037297,-6999828.21886525,1692813.5208936,36070012.8984831,-1457940070.5159,-70407229908.0827,-199867307504.952,0.00820705477852357,0.05,0.164141095570471,0.332299237449319,0.0100510940545563
0.37,5.6131113070746,19.9863856214961,-223.817518598619,-5.35422250098717,3376.80758262457,130.650598040137,150411.434390052,73459.4072714479,-6998961.8209208,134939.796625216,-34337217.0095996,-1657807378.02086,67116567883.6249,163896737388.45,0.0136143785039451,0.05,0.272287570078902,0.347489542768418,0.0169255145255364
0.371,5.39100696902336,19.9811089595637,-220.366672663848,-5.18688741884648,3523.71660975832,203.908003010952,143406.490055273,72792.7595019607,-6999740.75398859,-1440919.21270142,32779350.8740253,-1493910640.63241,-64763442323.399,199878061066.881,0.0188910404363014,0.05,0.377820808726028,0.36153184895986,0.0233394255417709
0.372,5.17242576427341,19.976036086063,-216.772418606411,-4.94688376991284,3663.62599418498,275.739646052334,136412.345069668,70638.1979791211,-6999343.12427626,-2834890.82280038,-31984091.4493737,-1294032579.56553,63115980110.3047,199938181762.696,0.0239639139370027,0.05,0.479278278740054,0.374503511603899,0.0293859905274326
0.373,4.95750760223677,19.9712387165227,-213.041753803582,-4.63634975854738,3796.53596684311,344.753057281034,129407.529229685,67189.6138968317,-6999769.22567049,-4028954.31148455,31131888.660931,-1094094397.80284,-61759179677.6103,199956461182.379,0.0287612834772553,0.05,0.575225669545105,0.386516978803928,0.0351792019158853
0.374,4.74638539285475,19.966785764849,-209.181679917826,-4.258717307666,3922.44622680891,409.754176475136,122413.032751732,62646.938463306,-6999516.92684836,-5023070.4786927,-30627291.0166793,-894137936.624563,60706606586.7504,199963509035.891,0.0332142351510178,0.05,0.664284703020357,0.39770841536498,0.0408290083870189
0.375,4.539185046405,19.9627421493179,-205.199194531045,-3.81851242975711,4041.35692599066,469.748888522534,115408.31994714,57210.126267807,-6999790.91457166,-5817226.66079926,30079315.5700711,-694174427.588635,-59804327802.4505,199964432773.09,0.0372578506820602,0.05,0.745157013641204,0.408224159494431,0.0464190575663258
0.376,4.33602547356659,19.959167798462,-201.101299321964,-3.32115527344168,4153.26787185279,523.943037573398,108413.601302387,51079.1397986756,-6999613.76290282,-6411418.87200121,-29725012.2323793,-494209994.811484,59062291242.6926,199957493885.692,0.0408322015380165,0.05,0.81664403076033,0.418206361311454,0.0519892195382309
0.377,4.13701858529785,19.9561168569141,-196.89499199811,-2.77276016155162,4258.17917303382,571.742431166092,101408.968748575,44453.9421782497,-6999807.62951385,-6805650.11986984,29337279.0103137,-294252500.925792,-58408292172.6093,199915541654.995,0.0438831430858535,0.05,0.87766286171707,0.427779206480905,0.0575245321257563
0.378,3.94226929288575,19.9536370912153,-192.587274239656,-2.1799356288744,4356.0906938353,612.752836014182,94414.0950432038,37534.4850655439,-6999674.49658984,-6999944.84996814,-29071013.1622955,-94336959.2707974,57849759360.6162,188634959700.117,0.046362908784662,0.05,0.92725817569324,0.437037060829514,0.0629515631269136
0.379,3.7518755078605,19.9517694955635,-188.185143839926,-1.54958456655108,4447.00251686798,646.779485618184,87409.526666593,30518.8108958904,-6999820.63007182,-6999964.32938887,28778746.1983207,94298000.4293195,-57347182133.4734,-134391909742.285,0.0482305044365319,0.05,0.964610088730637,0.446035662609571,0.0681424505429615
0.38,3.56592814203444,19.9505480961422,-183.695602475276,-0.888709527055748,4530.91454021132,673.808431019768,80414.5375459314,23543.5969144068,-6999715.47494024,-6972862.2838307,-28568435.9351527,-40093909.3129659,56906287916.3534,25972393296.3617,0.0494519038578076,0.05,0.989038077156152,0.454787183239386,0.0729261185653276
0.381,3.38451110743835,19.9499999239295,-179.12564800167,-0.204292895435693,4607.82682970912,693.859996657094,73410.0222343842,16555.0164081357,-6999830.76691721,-6999969.9964954,28337851.9812007,-14121516.0166042,-56503003576.2488,28511564938.1215,0.050000076070507,0.05,1.00000152141014,0.463259586864406,0.0771051946528973
0.382,3.20770131635329,19.9501450284583,-174.482282089419,0.49667759695926,4677.73930524356,706.913862462852,66414.9432260298,9552.73758112164,-6999744.41672414,-6999835.73004291,-28165151.5950481,14390048.9215173,56141904520.5986,-29058486089.4627,0.0498549715417091,0.05,0.997099430834183,0.47138029889087,0.080475670467317
0.383,3.03556868126095,19.9509964635291,-169.772502642331,1.20720154635565,4740.65202131537,712.967869750185,59410.473217702,2555.25379452458,-6999838.61605889,-6999974.92416612,27976752.9255504,-14668437.1679455,-55807078769.5384,29440885386.7516,0.0490035364708561,0.05,0.980070729417122,0.479043771492635,0.0828466907819681
0.384,2.8681761148705,19.952560283139,-165.003311323537,1.92028001467157,4796.56491272225,712.021918046657,52415.321798311,-4447.1485339945,-6999765.4025181,-6999922.91864069,-27830325.8439879,14772448.2187912,55502323024.6839,-29656655269.7716,0.0474397168609606,0.05,0.948794337219212,0.486122162651119,0.0840589150390198
0.385,2.70557953007856,19.9548355413398,-160.18170607456,2.62891207301134,4845.47802602845,704.076034434075,45410.8916200416,-11444.628004404,-6999844.56684975,-6999978.79805676,27671997.180696,-14884207.0509792,-55216387335.5564,29823946971.9896,0.0451644586602278,0.05,0.903289173204556,0.492478050031411,0.0839996221490893
0.386,2.54782783999268,19.9578142922436,-155.314688550619,3.3260987586678,4887.39130668198,689.130178993925,38415.6803203168,-18447.0782481576,-6999780.76333683,-6999951.03162174,-27544390.1548629,14939739.9210103,54952554909.4676,-29940951612.4746,0.0421857077563956,0.05,0.843714155127913,0.497977918442166,0.0826130933093697
0.387,2.39496295789804,19.961481589997,-150.409256723649,4.00483911301361,4922.30479557872,667.18436764696,31411.2861210541,-25444.5495684209,-6999848.87603696,-6999981.76750697,27408164.7546047,-15001211.6914642,-54702373475.9206,30037167447.1927,0.0385184100029861,0.05,0.770368200059721,0.502505098436647,0.0799053198882799
0.388,2.24701979727859,19.9658154887864,-145.472412240336,4.65813416750767,4950.21844602404,638.238578541578,24416.0242653905,-32447.025747199,-6999791.89802026,-6999964.39547484,-27294208.7212804,15035955.7557285,54468814583.7729,-30111154026.5081,0.0341845112136099,0.05,0.683690224272198,0.505970905021508,0.0759426501017082
0.389,2.10402627178885,19.9707870428238,-140.511153097514,5.27898294801494,4971.13229483957,602.29282195785,17411.6633987735,-39444.4906904935,-6999851.69944965,-6999984.01673236,27174605.8624925,-15075198.2707795,-54245137751.2809,30174608784.2476,0.0292129571761599,0.05,0.584259143523198,0.508322914800165,0.0708445811156475
0.39,1.96600329527328,19.9763603063513,-135.532480932692,5.86038648394654,4985.04630127553,559.347084001311,10416.3581459632,-46446.9832047275,-6999799.6624628,-6999971.91061104,-27070531.8887883,15099410.5134681,54034172275.9113,-30226404016.5261,0.0236396936486649,0.0500428504402966,0.472389031413551,0.509549612703748,0.0647714713989956
0.391,1.83296478174205,19.9824923336318,-130.543393763275,6.39534379161579,4991.96049925879,509.401371976197,3412.02891293537,-53444.4431440845,-6999853.10821363,-6999985.70210581,26963640.387123,-15126993.5030579,-53830197063.8669,30272366051.8444,0.0175076663682319,0.05098802352735,0.343368209964851,0.50968100111598,0.057908431532246
0.392,1.70491764538928,19.9891331789521,-125.550893216844,6.87685589971458,4991.8748526328,452.455676164061,-3583.31407459535,-60446.9469485999,-6999804.56635844,-6999976.51258294,-26866556.6767443,15145372.5487848,53636061069.6914,-30311600848.9714,0.0108668210479017,0.0529440863284369,0.205250893942899,0.508785163034038,0.0504470086514789
0.393,1.58186180057182,19.9962258966172,-120.561977327816,7.29792181811276,4984.78939335146,388.510002204559,-10587.6125757805,-67444.4027083314,-6999853.09250034,-6999986.94045864,26769504.392947,-15166228.3001866,-53446570257.9374,30347484783.4883,0.00377410338283823,0.0556426445654943,0.0678275343005294,0.506961163672507,0.042566473309088
0.394,1.46379016182689,20.0037065409522,-115.583647712927,7.65154257544258,4970.70408887304,317.564342799763,-17582.9886777941,-74446.9148488615,-6999806.87323636,-6999979.42636708,-26677065.8649892,15181256.4833033,53264773455.1301,-30379283442.724,0.00370654095224054,0.0588548923480595,0.0629776184165046,0.504329027127887,0.0344165344029664
0.395,1.35068864385334,20.0115041662984,-110.622902420543,7.93071717697184,4949.61896994655,239.618702643655,-24587.2566216958,-81444.3668608941,-6999851.55237379,-6999987.81160514,26587707.5901409,-15198026.9594208,-53085599637.2635,30409222217.0583,0.0115041662984474,0.0623882830415569,0.184396263811018,0.501017799273563,0.0261031453826074
0.396,1.24253616152902,20.019540827015,-105.686743055391,8.12844665170884,4921.53400693328,154.67307592339,-31582.6619202387,-88446.8854822759,-6999806.64460227,-6999981.22745601,-26497892.0471227,15211195.2576374,52912531481.8966,-30436660962.5947,0.019540827015021,0.0660832301445133,0.295700240019872,0.497152882305557,0.0176787441595872
0.397,1.13930462989417,20.0277315774757,-100.782167677,8.23773000151414,4886.44923006423,62.7274668323893,-38586.8987556657,-95444.3338889302,-6999848.27090847,-6999988.36267967,26414639.4347738,-15225465.7049573,-52740224349.3904,30463285072.8326,0.0277315774757199,0.0698098678163207,0.397244377380651,0.492843881735671,0.00913782043939497
0.398,1.04095896416894,20.0359844720709,-95.9161778765839,8.25156825614126,4844.36461210367,-36.2181295119535,-45582.3297441834,-102446.857770284,-6999803.74364838,-6999982.18584821,-26325584.9146166,15237819.3678753,52572943696.6614,-30488485957.4712,0.0359844720709148,0.0734648977719569,0.489818582237936,0.488174141917459,0.000418175445782743
0.399,0.947457079738595,20.0442005652047,-91.0957717221011,8.16296041488495,4795.28018342951,-142.163709092267,-52586.5341230061,-109444.302460774,-6999842.85671466,-6999988.60945907,26247358.7820448,-15250666.5895951,-52404600493.364,30513782944.7884,0.044200565204715,0.076968546280901,0.574267896958878,0.483192966653393,-0.00859231989223079
0.4,0.85874989217168,20.0522739112971,-86.3279507892742,7.96490750863114,4739.19591891292,-255.109276227913,-59581.9874004119,-116446.830773037,-6999797.7981793,-6999982.38457627,-26157241.7113192,15263116.3551933,52240830371.1415,-30538526176.6988,0.0522739112970783,0.0802616519853475,0.651293737470309,0.477911248370393,-0.0180441940535743
0.401,0.774781317206967,20.0600915647813,-81.6197131515727,7.65040853476151,4676.1118497744,-375.054826779017,-66586.1570143852,-123444.271353799,-6999834.62470504,-6999988.53130943,26083588.6598223,-15275409.8215054,-52074139021.9049,30564420608.7638,0.0600915647813061,0.0833029022329937,0.721362199521371,0.47230088819692,-0.0281112528959617
0.402,0.695488270772707,20.0675335801064,-76.9780603665446,7.21246452577847,4606.02795295664,-502.000364782582,-73581.6288679307,-130446.803519917,-6999788.10555618,-6999981.73082655,-25990550.3620825,15289010.7872581,51912637947.5854,-30590666806.6209,0.0675335801064136,0.0860662326102568,0.78466987642219,0.466298016279657,-0.0389733820236452
0.403,0.620800668975505,20.0744730117349,-72.4099905097071,6.64407447773402,4528.94426130412,-635.945885610565,-80585.7601423433,-137444.239189818,-6999822.33701083,-6999988.05344259,25922087.5855014,-15301656.0193628,-51746365973.9285,30587737574.5355,0.0744730117349022,0.088538401407078,0.841137975741096,0.459809651368943,-0.0507989726556045
0.404,0.55064142812131,20.0807759141454,-67.9225051166631,5.93823942518178,4444.8607542427,-776.891394614052,-87581.2458298904,-144446.780115008,-6999773.43234592,-6999995.84067469,-25824278.3884272,15286081.5551727,51588224326.5276,199989306695.07,0.0807759141454341,0.090716747850664,0.890418980609905,0.452723109176118,-0.0637286849167749
0.405,0.484926464706685,20.0863013421486,-63.5226022603504,5.08796027803442,4353.77746715961,-924.827292081359,-94585.3333639764,-151405.801363789,-6999803.59857109,-6884715.10577198,25763945.9381004,215275388.250243,-51423874339.0896,199995874050.819,0.0863013421486087,0.0926071401541317,0.93190807971148,0.444917209728893,-0.0778621084391622
0.406,0.423564695442481,20.090901369689,-59.2172834488404,4.08629326919367,4255.6943833259,-1079.63123860523,-101580.825635302,-158149.546129761,-6999751.58980253,-6569441.78049638,-25659928.4009892,415271262.301043,51276179547.4769,199996992685.607,0.0909013696889716,0.0942221167417079,0.964756182862677,0.436274171328101,-0.0932484038192676
0.407,0.366458037248766,20.0944212190928,-55.0135467454594,2.92651132017101,4150.61154174845,-1240.98796054016,-108584.86115938,-164478.019446992,-6999773.42841166,-6054172.02185257,25616251.1464877,615268254.986651,-51122583407.0236,199997290864.853,0.0944212190928049,0.0955792214721859,0.987884371084587,0.426691025302928,-0.109880891038991
0.408,0.313501407282559,20.0966995765773,-50.9183936218731,1.60230262405843,4038.5289331424,-1408.38218806846,-115580.346892786,-170191.224459541,-6999718.4689868,-5338905.12143349,-25506332.2605359,815265545.851504,51004002268.3242,199997209334.667,0.0966995765773078,0.096699531290064,1.00000046832951,0.416089447439377,-0.127695325432213
0.409,0.264582722939459,20.0975691075205,-46.9388221196524,0.10797064228111,3919.4466011265,-1581.09865428069,-122584.317860877,-175089.163939826,-6999722.80011318,-4423640.97091465,25497670.0077882,1015262755.18617,-50882060380.6402,199996746802.352,0.0975691075205276,0.0976063725209244,0.99961821139917,0.404423069276182,-0.146571851595689
0.41,0.219582901887421,20.0968571717283,-43.0818336595373,-1.56136589821029,3793.36455139138,-1758.22209504899,-129579.772169383,-178971.840742014,-6999666.16029571,-3308379.8423273,-25384390.3728519,1215259501.98852,50290372219.3986,199995545561.139,0.09685717172826,0.0983242199962293,0.985079482267691,0.391681589761908,-0.166340396945319
0.411,0.178375862080439,20.0943867386982,-39.3544262438538,-3.40957300782854,3660.2828108423,-1938.63724931411,-136583.748796162,-181639.25824242,-6999905.36455886,-1993122.56755821,24905981.8465466,1415255047.54985,199714554211.829,199991578921.84,0.0943867386981836,0.0988777713677019,0.954579956572673,0.377891327101793,-0.186788937307482
0.412,0.140828522106081,20.0899775028808,-35.7635992562665,-5.43930143780165,3520.21158180059,-2121.02886001659,-143537.915410761,-182891.421356383,-6875142.1056064,-477871.730547445,224620536.058376,1615246626.47169,199893498482.869,-77587616806.4742,0.0899775028807746,0.099291187350767,0.906198276820984,0.363112204707094,-0.207673794651937
0.413,0.106800821340026,20.0834471985507,-32.3162914642207,-7.65178899840556,3373.28186098881,-2303.89324228454,-150267.431665258,-182574.601043162,-6550574.82030659,1098581.08752101,424514034.541244,1537659009.66521,199921476977.46,-199991760211.367,0.0834471985507079,0.0995874871027588,0.837928548840713,0.347431699674603,-0.228730943684044
0.414,0.0761458571090239,20.0746130921413,-29.0192157274375,-10.0467240418364,3219.81822431405,-2485.67060927234,-156572.429222156,-180740.522410845,-6026100.04727662,2536244.21708005,624435511.518704,1337667249.45348,199928043594.982,-199995734091.009,0.0746130921412522,0.0997880866700128,0.747715430079231,0.330957325663888,-0.249687431372355
0.415,0.0487102094826782,20.0632935259207,-25.878660383529,-12.6222881354403,3060.34514798866,-2664.92839818865,-162252.990173074,-177568.777191387,-5301700.51396042,3773913.59948802,824363555.113686,1137671515.36247,199924498941.883,-199996949460.42,0.0632935259206775,0.0999124690054484,0.633489759093292,0.31380908579488,-0.270273024990471
0.416,0.0243344657512957,20.0493093452392,-22.9002893328603,-15.3753262002862,2895.58703167192,-2840.4289398673,-167109.188159629,-173259.360659118,-4377374.70937577,4811586.64010921,1024288054.05558,937674565.892998,199910330667.677,-199997435393.908,0.0493093452391662,0.099977973892231,0.493202085614558,0.296112747318154,-0.290232583445999
0.417,0.00285394482568557,20.0324851360278,-20.0889421131314,-18.3015454862481,2726.46820043035,-3011.13456133852,-170941.100453492,-168012.269641961,-3253131.48998635,5649262.48830519,1224198384.72326,737677130.498998,199874935377.764,-199997555083.112,0.0324851360277911,0.0999996948530273,0.324852351555028,0.277994584297227,-0.309338651883195
0.418,-0.0159003784385277,20.0126502624714,-17.448433977619,-21.3957155687587,2554.11289541829,-3176.20758677939,-173548.820261928,-162027.501514253,-1928995.63757421,6286940.8412626,1424073320.10102,537679575.415889,199759196204.552,-199997321620.242,0.0203187395052892,0.1,0.203187395052892,0.259578081398469,-0.327403149637347
0.419,-0.0321007490019118,19.9896397046844,-14.9813559905563,-24.6518683461503,2379.84524619077,-3335.01033783225,-174732.486040084,-155505.053772201,-405042.719370907,6724621.75589305,1623832516.30557,337682253.80636,-95754619352.3185,-199996315811.466,0.0321007490019118,0.0999959888109084,0.321020366753051,0.240982894840154,-0.344287027590103
0.42,-0.0459213079282142,19.9632946963892,-12.6888776327724,-28.0634980371181,2205.17688776791,-3487.10513353061,-174341.571604528,-148644.923608706,1170912.48725851,6962305.85179345,1528077896.95326,137685937.994741,-199756731761.241,-199989133505.461,0.0459213079282142,0.0999500951794595,0.459442363168968,0.222326139056097,-0.359906980872219
0.421,-0.0575365928011406,19.9334631625971,-10.5706143734526,-31.6237611778064,2031.66712885935,-3632.25428943765,-172439.912957419,-141647.106310152,2599112.01833114,6999997.22303543,1328321165.19201,-62303195.5107205,-199871778700.506,124546076708.104,0.0575365928011406,0.0998376639551706,0.576301473029015,0.203725614119151,-0.374238600710082
0.422,-0.067119994507579,19.8999999577439,-8.62468033461855,-35.3256739122778,1860.73983078118,-3770.40659158234,-169209.952319609,-134657.503005427,3827497.2941729,6999967.06587879,1128449386.49151,62242881.1973817,-199906762449.042,-124430470899.997,0.067119994507579,0.0996374996989249,0.673641898987788,0.185303348474528,-0.387315698845399
0.423,-0.0748423379803763,19.8627669296298,-6.84786221094673,-39.1622410376524,1693.62337255797,-3901.55892184425,-164851.548125955,-127647.152910767,4855993.29943989,6999994.71162606,928542624.042469,-62187589.7026155,-199920350510.106,124344794547.638,0.0748423379803763,0.0993260719002819,0.753501437724368,0.167187479610952,-0.399225670243618
0.424,-0.0808706539698229,19.8216329259267,-5.23581825696207,-43.1264584251097,1531.34624817117,-4025.71126096438,-159564.60357289,-120657.527861567,5684575.74822725,6999979.51919724,728622273.532266,62157204.8450153,-199922900514.715,-124283144654.235,0.0808706539698229,0.0988778784473348,0.817884194520789,0.149511658744866,-0.410100259171093
0.425,-0.0853671505517904,19.7764737942943,-3.78327818804874,-47.2113302325611,1374.73703939713,-4142.86361799609,-153549.037171316,-113647.183597384,6313236.57150216,6999995.15171514,528699373.017552,-62125939.8092198,-199914330537.047,124230652523.393,0.0853671505517904,0.0982659545190719,0.868735779035474,0.132411983667956,-0.420102189085514
0.426,-0.0884883845466427,19.7271723823767,-2.48424309795423,-51.4098523298231,1224.42440730996,-4253.01598206436,-147004.769968396,-106657.546306819,6741978.77925119,6999984.53816761,328785042.480504,62104712.7141751,-199880779399.092,-124187560781.602,0.0884883845466427,0.0974625396507447,0.907922006380495,0.116021787285058,-0.429408946764018
0.427,-0.0903846328578911,19.6736185378092,-1.33218537879498,-55.7150288681511,1080.83709587246,-4356.16835979834,-140131.712131137,-99647.2073390914,6970823.43203215,6999995.47049099,128904263.081662,-62082848.0674269,-199652892531.004,124149100198.045,0.0903846328578911,0.0964399145326202,0.937211872241125,0.100464815475234,-0.438195333145837
0.428,-0.0911994637262222,19.6157091082148,-0.320248627845892,-60.1198557179168,944.203960630668,-4452.32074366436,-133129.712049652,-92657.5617759345,6999901.2488483,6999987.17252258,-70748629.4495925,62066252.1306179,139508512807.696,-124115443224.454,0.0911994637262222,0.0951714176774337,0.958265264423466,0.0858474780525669,-0.44661649302439
0.429,-0.0910695073923524,19.5533479412091,0.558555341679471,-64.6173370261419,814.568220621899,-4541.47313895553,-126141.933696728,-85647.2273845368,6998906.87580199,6999995.70304105,68759883.3581039,-62049191.0938357,-135776795819.801,124084443723,0.0910695073923524,0.0936326504385232,0.972625542114139,0.0722509431642286,-0.454793069037578
0.43,-0.0901243995904381,19.4864458843973,1.31122081345415,-69.200468664185,691.931542977139,-4623.62553983522,-119131.276345217,-78657.5755364221,6999778.36124945,6999988.73377662,-67016912.4616969,62035252.6291639,133063543963.297,-124056230904.874,0.0901243995904381,0.0918028769862598,0.98171650550698,0.0597241058914975,-0.462799896890688
0.431,-0.0884867769344516,19.4149207853782,1.94475166447705,-73.8622547759992,576.294530641489,-4698.7779508056,-112142.829182871,-71647.245214815,6999293.22077014,6999995.87096744,66046631.5015997,-62020978.2757097,-131123921696.615,124029632544.213,0.0884867769344516,0.0896666237692174,0.986841850566356,0.0482792801369731,-0.470659297947554
0.432,-0.0862722764706948,19.3386974917411,2.46614298864086,-78.595691234061,467.656892344165,-4766.93036701329,-105132.366633298,-64657.5882275616,6999777.89142343,6999989.70896384,-65077290.1950148,62008654.2685035,129386495398.118,-124004750339.042,0.0862722764706948,0.0872154807104876,0.989185357552247,0.0378914617332947,-0.478339563534305
0.433,-0.0835895358021825,19.2577078510696,2.88239869398399,-83.3937821799155,366.018959545522,-4828.08279247525,-98143.5629710724,-57647.2616498531,6999393.84892747,6999995.98806283,64309205.2031032,-61996096.0705385,-127866261447.216,123980850864.851,0.0835895358021825,0.0844501039372038,0.98980974451303,0.0285012257458244,-0.485758714275325
0.434,-0.0805401928891926,19.1718907109386,3.2005140516835,-88.2495234872146,271.380483938887,-4882.23522294497,-91133.3255631179,-50657.6002346508,6999769.92340697,6999990.31742471,-63557056.2441125,61984754.7943126,126416625355.98,-123958017867.354,0.0805401928891926,0.0813824172284583,0.989651028220243,0.0200209385583432,-0.492793102178943
0.435,-0.0772188861801168,19.0811919189172,3.42749290642259,-93.1559192955094,183.741717854155,-4929.38766214585,-84144.2647302727,-43647.2772094738,6999421.17984084,6999996.06328535,62859569.1118744,-61973263.0730407,-125054735010.856,123935737641.823,0.0772188861801168,0.0780380066156746,0.989503570489802,0.0123436335978961,-0.499289958961603
0.436,-0.0737132544661971,18.9855643225666,3.57033063913417,-98.1059654796709,103.102429694696,-4969.54010621179,-77134.2562217111,-36657.6118214823,6999753.38144728,6999990.66903322,-62195165.8989811,61962474.5687824,123686513924.735,-123914082392.586,0.0737132544661971,0.0744586996991617,0.98998847366424,0.00535365907591702,-0.505082619966891
0.437,-0.0701039370117012,18.8849677694423,3.63603100553729,-103.092666177529,29.4628379074699,-5002.69255870643,-70144.9860042268,-29647.2922628202,6999401.47251067,6999996.10240571,61491348.0257492,-61951607.8238034,-122333142537.928,123892651955.238,0.0701039370117012,0.0707053182804102,0.991494539826211,-0.00106196463620197,-0.510006910103753
0.438,-0.0664645734339621,18.7793691070924,3.63158946005138,-108.109017265228,-37.1772960167696,-5028.84501599218,-63135.2277147929,-22657.623188182,6999726.24926745,6999990.82055955,-60841794.5121789,61941044.1314343,120906009114.197,-123871511486.364,0.0664645734339621,0.0668605898734443,0.994076982565787,-0.00700258738455262,-0.513917082620685
0.439,-0.0628618038437011,18.6687421830591,3.56400964369403,-113.148022879063,-96.8177631556344,-5047.99748157571,-56145.7713612625,-15647.3070974711,6999337.45931237,6999996.10894778,60064214.6020183,-61930467.3549298,-119433608548.991,123850314066.351,0.0628618038437011,0.0630322005780528,0.997296671656883,-0.0125444363875534,-0.516699766604025
0.44,-0.0593552687364292,18.5530678448771,3.44028705849652,-118.202678896519,-149.458831485132,-5060.14995193374,-49136.3073960726,-8657.63450345233,6999684.86963989,6999990.79862602,-59369393.9469723,61919846.7114214,117804405169.318,-123829121224.371,0.0593552687364292,0.0593559686969052,0.999988207412137,-0.0177334891719954,-0.518284590589299
0.441,-0.0559976091558327,18.4323339400758,3.26742519543692,-123.265989452488,-195.100282828527,-5065.30243061015,-42146.6731558789,-1647.32196834133,6999217.67827758,6999996.08472526,58435011.2223459,-61909274.5129496,-116061155582.87,123807597875.378,0.0559976091558327,0.0559991153870555,0.99997310258899,-0.0225813802670335,-0.518650491129528
0.442,-0.0528344665875037,18.3065353161769,3.052419579926,-128.330950425891,-233.742443858212,-5063.45491409863,-35137.5814979206,5342.35407879077,6999622.11170849,6999990.60914999,-57626144.3605246,61898323.3624287,114044839691.551,-123785804768.002,0.0528344665875037,0.0531636055796982,0.993808941500382,-0.0270646974971586,-0.517827145800086
0.443,-0.0499044831639907,18.1756738206965,2.80227349828843,-133.3905659503,-265.385066789351,-5054.6074060699,-28147.7649851105,12352.6628821604,6999018.38719374,6999996.03012842,56418695.3310259,-61887481.4055729,-111844150670.011,123763382380.922,0.0499044831639907,0.0510895294110486,0.976804518250239,-0.0311276988378795,-0.51589145287255
0.444,-0.0472393015526784,18.039758301143,2.52398247081544,-138.437831906207,-290.028579637949,-5038.75990294531,-21139.1779420369,19342.3424019657,6999515.00718976,6999990.23991331,-55425455.3389855,61875900.9753494,109258671614.425,-123740393312.745,0.0472393015526784,0.0500584915085971,0.943682083279826,-0.0346881375281197,-0.512959461209676
0.445,-0.0448635652316776,17.8988046050191,2.22454948913596,-143.465752425919,-307.67268520763,-5015.91240862295,-14149.1658839069,26352.6471934814,6998718.88765798,6999995.94423216,53833216.2754397,-61864492.3373952,-107064445711.002,123716412090.344,0.0448635652316776,0.05,0.897271304633552,-0.0376455960544194,-0.509174592953925
0.446,-0.0427949183662629,17.7528355798195,1.91097002498128,-148.467323391672,-318.317980463565,-4986.06491935557,-7141.37446239637,33342.3302935599,6999019.88107792,6999989.65794006,-53231229.4355621,61851919.7529486,107432879628.508,-123691505879.242,0.0427949183662629,0.05,0.855898367325259,-0.0398914801175591,-0.504693350197427
0.447,-0.0410440062291434,17.6018810730331,1.59024653790614,-153.435548934537,-321.964240486994,-4949.21743939249,-151.064716100192,40352.6306603964,6999505.09145661,6999995.82475339,54201650.192946,-61839586.1262935,-198783508994.747,123665123719.474,0.0410440062291434,0.05,0.820880124582867,-0.0413196880976661,-0.499669928165747
0.448,-0.0396144751672957,17.4459779321402,1.26937395111584,-158.363424938735,-318.614801695223,-4905.36996470392,6842.41061562123,47342.3175460399,6954314.98715218,6999988.80048683,-144581858.801801,61825537.5931806,-199476949386.443,-123637340438.674,0.0396144751672957,0.05,0.792289503345914,-0.0418369007737973,-0.494241244581956
0.449,-0.0385029799340339,17.2851700046151,0.955331720674255,-163.243955534113,-308.32764210205,-4854.52250005721,13691.1885151423,54352.6128919176,6709994.65365716,6999995.66786067,-344058808.173085,-61811802.8454955,-199585855542.622,123607378777.494,0.0385029799340339,0.05,0.770059598680678,-0.0413715708343919,-0.488513837004791
0.45,-0.0376992537309069,17.1195081379228,0.654952006272916,-168.07013660721,-291.347115472089,-4796.67504099106,20195.8894554474,61342.3038881518,6266142.91770518,6999987.55440393,-543644663.715707,61795575.9320024,-199596053284.402,-123575325063.903,0.0376992537309069,0.05,0.753985074618138,-0.0398812939976995,-0.482553878643632
0.451,-0.0371863530190948,16.9490501795219,0.374722877520069,-172.834972286643,-268.117078503962,-4731.82759303493,26156.9440324188,68352.5933430107,5622700.22734727,6999995.46780398,-743240717.000107,-61779749.1319005,-199550005205.784,123539980537.726,0.0371863530190948,0.05,0.743727060381896,-0.0373589533772118,-0.476381245634179
0.452,-0.0369411013818039,16.7738609768609,0.120588756456956,-177.531458461752,-239.280972394253,-4659.98015108369,31374.7655670636,75342.288933005,4779684.50774428,6999985.70894094,-942790722.205892,61760231.4058254,-199433331555.047,-123501448121.147,0.0369411013818039,0.05,0.738822027636079,-0.0338372908055198,-0.46996816157068
0.453,-0.0369347329640085,16.5940123773809,-0.102249163960329,-182.15259925992,-205.681806082499,-4581.13272181798,35649.8158251124,82352.571182962,3737177.11976086,6999995.21628619,-1142224053.76094,-61741216.715322,-199163147054.43,123457673873.779,0.0369347329640085,0.05,0.73869465928017,-0.0293914852142999,-0.463242494693159
0.454,-0.0371337354744752,16.4095832285121,-0.289532451638777,-186.691390574014,-168.362070837594,-4495.28529915991,38782.6870601512,89342.2720698695,2495371.4924727,6999982.83650775,-1341387200.81537,61716457.1584845,-198297388763.216,-123408784459.75,0.0371337354744752,0.05,0.742674709489504,-0.0241395120000062,-0.456095328200744
0.455,-0.0375008926601836,16.220659377676,-0.438144827309157,-191.14083653022,-128.563524955884,-4402.43789162829,40574.3153874409,96352.5450042131,1054835.59727573,6999994.90143636,-1539684589.57858,-61692327.3012941,53845338906.5911,123350720347.72,0.0375008926601836,0.05,0.750017853203672,-0.0182402752531433,-0.44839201461502
0.456,-0.0379965256685093,16.0273336722811,-0.54630909345185,-195.49393302612,-87.7161623122627,-4302.59049161456,40868.2829130335,103342.25219539,-457926.322849563,6999977.9343089,-1485839250.67199,61658393.0464262,198119329813.018,-123283642474.164,0.0379965256685093,0.05,0.759930513370186,-0.0118897166218082,-0.439985594709581
0.457,-0.0385799126497232,15.8297059597263,-0.613727694335779,-199.743684186912,-47.3162274636904,-4195.74311087162,39700.4568531764,110352.512052477,-1844705.90861505,6999994.50611817,-1287719920.85897,-61625249.4277391,198967259694.368,123197472589.13,0.0385799126497232,0.05,0.771598252994465,-0.00531510275082686,-0.430731246808571
0.458,-0.0392107690323841,15.6278830873932,-0.641553141293855,-203.88308591708,-8.74445324914438,-4081.89573921296,37245.0521940807,117342.226845979,-3032942.19962687,6999967.99298505,-1088752661.16461,61572223.1613912,199230412897.397,-123092422163.99,0.0392107690323841,0.05,0.784215380647682,0.00123307491579831,-0.420500347415128
0.459,-0.0398506220604251,15.4219789026518,-0.632224263253338,-207.905142341798,26.8109703354661,-3961.04839518421,33700.9387326877,124352.465546851,-4022079.65434318,6999994.00506445,-889522248.26721,-61520199.002595,199341940555.116,122928439761.687,0.0398506220604251,0.05,0.797012441208502,0.0074923878461994,-0.409192780877424
0.46,-0.0404639987378625,15.2121142528479,-0.589268572404758,-211.80284937748,58.3609214471256,-3833.20106398301,29267.321610973,131342.187525708,-4811930.93233283,6999938.02594269,-690180307.712093,61408240.7590897,199387241337.666,-122705812995.635,0.0404639987378625,0.05,0.809279974757249,0.0132025934603368,-0.39674632199908
0.461,-0.0410194149343065,14.9984169853084,-0.517103074593345,-215.569211155234,85.1155553423693,-3698.35378547974,24143.5317316737,138352.378703197,-5402417.61937609,6999993.36020397,-490793066.374428,-61297572.2365449,199392440858.214,84757721824.3845,0.0410194149343065,0.05,0.82038829868613,0.0181213033640965,-0.38314221595174
0.462,-0.0414901652230158,14.7810219472635,-0.420834944429127,-219.197223933553,106.484387438325,-3556.50809478682,18528.9496525839,145335.849564328,-5793514.46532141,6981074.64887961,-291400625.516213,23460149.5878397,199365346560.492,-9084566082.47308,0.0414901652230158,0.05,0.829803304460316,0.022039657530597,-0.368406460357057
0.463,-0.0418549133633286,14.5600709829851,-0.306062148223572,-222.679899689315,122.076319976774,-3407.6781763967,12622.9624322505,152327.14019358,-5985232.41755738,6999992.51542622,-92035278.9557213,14375583.5053666,199304679861.339,-28757924974.5702,0.0418549133633286,0.05,0.837098267266573,0.024796480513398,-0.352606745693173
0.464,-0.0420980833993245,14.3357129238105,-0.178674059697873,-226.010247270862,131.699631348749,-3251.8498422617,6624.92982185885,159329.527513263,-5977615.35658243,6999989.13644429,107269400.905617,-14382341.4692037,199201129858.5,-199981560055.037,0.0420980833993245,0.05,0.841961667986489,0.0262895618825266,-0.335845446722772
0.465,-0.0422100513851043,14.1081035978084,-0.0446521030965052,-229.181267950288,135.361931772934,-3089.03104980213,734.149354086678,166288.995218964,-5770745.39074756,6885616.01494758,306470530.764118,-214363901.524258,199033384015.542,-199990496415.072,0.0422100513851043,0.05,0.844201027702085,0.0264829993951633,-0.318249137050896
0.466,-0.0421871377814569,13.8774058140023,0.0901295406719827,-232.186017498228,133.270079911122,-2919.34330682996,-4850.18854060956,173034.097533747,-5364758.16797567,6571256.8652158,505503914.77966,-414354397.939309,198755373170.796,-199991389557.12,0.0421871377814569,0.05,0.843742755629138,0.0254099393294708,-0.299956129017293
0.467,-0.0420314006085947,13.6437892339385,0.220103118909362,-235.017767478176,125.830044412857,-2743.10097290449,-9929.06885566719,179364.845301733,-4759876.56661061,6056906.77249793,704259287.950456,-614345787.496467,198256494663.068,-199989588653.734,0.0420314006085947,0.05,0.840628012171894,0.0231705040717295,-0.281104124157788
0.468,-0.0417502294962948,13.4074300570886,0.340206312407737,-237.670203808288,113.646674509169,-2560.81839808063,-14303.7730291921,185081.247582374,-3956489.03132862,5342566.19067463,902515782.613524,-814335376.150157,197202113422.261,-199981553037.684,0.0417502294962948,0.05,0.835004589925896,0.019925167274351,-0.261819888270139
0.469,-0.041355740867657,13.1685105064989,0.446080933738975,-240.137626752033,97.5232930160766,-2373.20992253034,-17776.1371503102,189983.315826134,-2955372.19200397,4428240.03800563,1099717896.03578,-1014316929.18912,193930352635.158,-162294006233.997,0.041355740867657,0.05,0.82711481735314,0.0158842755631401,-0.242212062258848
0.47,-0.0408639746837795,12.9272181145035,0.53427103381317,-242.415150592299,78.4608365171621,-2181.18830175699,-20149.328668835,193877.348398506,-1758689.1196506,3332776.10569925,1293648248.67094,-1176610935.42311,-3645217712.40641,199982449132.773,0.0408639746837795,0.05,0.817279493675591,0.0112947800249445,-0.222367770721623
0.471,-0.0402938939565266,12.6837448119901,0.602417962776186,-244.498892116108,57.6476194458756,-1985.83233452616,-21261.8012004409,196655.149444683,-466863.479835862,2256156.39484329,1290003030.95854,-976628486.289665,-192363907496.303,199990666013.558,0.0402938939565266,0.05,0.805877879130533,0.00642549122332893,-0.202353276595417
0.472,-0.0396662047873527,12.4382858657107,0.649409018135563,-246.38605987611,36.3593718478588,-1788.20354535402,-21115.7238160469,198456.32337405,726957.597363391,1379523.2415604,1097639123.46223,-776637820.276107,-195535784109.888,199992890787.956,0.0396662047873527,0.05,0.793324095747055,0.00155213696637888,-0.18221813340892
0.473,-0.0390020962052808,12.1910388314017,0.675375793173569,-248.074836032539,15.781919360067,-1589.17856695878,-19872.535954304,199480.859853937,1726828.82878121,702881.866678273,902103339.352345,-576644929.488151,-196465885239.298,199993227730.946,0.0390020962052808,0.05,0.780041924105616,-0.00305728795557326,-0.162000755179756
0.474,-0.0383220623458932,11.9422026776548,0.681545199784715,-249.564179382855,-3.08503770183927,-1389.43404060858,-17727.3997700513,199928.751460493,2530699.22550956,226233.551055571,705637454.113047,-376651701.757204,-196783321057.759,199991536065.349,0.0383220623458932,0.05,0.766441246917864,-0.00715703899953881,-0.141733339262654
0.475,-0.0376449031787848,11.6919771092756,0.670046007101742,-250.853625369366,-19.4376809218636,-1189.44661467554,-14876.6790376615,199999.991083347,3137945.01909373,-50422.3826689584,508854133.055288,-176660165.691855,-196797320848.4,199982564884.696,0.0376449031787848,0.05,0.752898063575695,-0.0105375303274095,-0.121445391945487
0.476,-0.0369869207438196,11.4405620906354,0.643712539775434,-251.943086086549,-32.6687783161421,-989.4929455376,-11517.1065055136,199894.569045313,3548400.49172482,-127091.265918442,312056812.206888,23322399.1928406,-196579857668.704,199938448475.159,0.0369869207438196,0.05,0.739738414876392,-0.0130374540631092,-0.101165526371661
0.477,-0.0363613119334868,11.1881575690142,0.605887972490183,-252.832650291522,-42.3678659344832,-789.649704290034,-7845.44091729809,199812.462053737,3762167.37509735,-3799.64248802141,115476954.538184,223260847.668,-196109967544.305,-191399624037.897,0.0363613119334868,0.05,0.727226238669737,-0.0145529638875216,-0.0809213794828354
0.478,-0.0357777580205432,10.9349633973839,0.560227591282944,-253.52238669052,-48.3211482537906,-589.809906900598,-4058.22005948144,199888.392897744,3779589.34586338,123761.39316103,-80633013.006121,31861223.6301031,-195282572088.408,-199478842285.163,0.0357777580205432,0.05,0.715555160410863,-0.0150430682361317,-0.0607376849732586
0.479,-0.0352422108336752,10.6811794256172,0.51050227749339,-254.012232108845,-50.5111492496784,-389.862634720749,-351.494315584986,199994.838429005,3601315.04681305,55883.1956486213,-275915585.094529,-167617618.65506,-193842188613.083,198181228384.377,0.0352422108336752,0.05,0.704844216673503,-0.0145307548636575,-0.0406330159279912
0.48,-0.0347568752269208,10.427005595871,0.460402488426103,-254.302093343043,-49.1160487305225,-189.859533412517,3079.55590735409,199999.943020057,3228478.36741198,-12643.8088142501,-469757773.707612,30563609.729317,-191140540568.196,-15869185670.4026,0.0347568752269208,0.05,0.695137504538415,-0.0130997872407353,-0.0206171290536765
0.481,-0.0343203871637311,10.1726419057909,0.413343131298751,-254.391953871006,-44.5085107909499,10.1385204220184,6041.29863114932,199999.936151829,2663150.32342265,9985.20807983243,-660898314.275809,14694424.0589144,-185079674716.782,-179979961872.636,0.0343203871637311,0.05,0.686407743274623,-0.0108875318497162,-0.00069048405885862
0.482,-0.0339281862046669,9.91828835479135,0.372270048450229,-254.281814605873,-37.2534983702233,210.138399083492,8343.15318498184,199987.271911626,1909712.17178845,-65310.348797571,-845977988.99259,-165285537.813721,-163374354588.612,199677240986.007,0.0339281862046669,0.05,0.678563724093338,-0.00807455187668222,0.0191551634104124
0.483,-0.0335730800852559,9.66414493677569,0.339469801498632,-253.971698678812,-28.1032926956322,410.073788116125,9802.64730317421,199872.598334086,982047.005530468,-130757.266118289,-1009352343.55831,34391703.1722854,116764591679.77,199416170637.635,0.0335730800852559,0.05,0.671461601705117,-0.00487199742103929,0.0389357795876083
0.484,-0.0332459954860258,9.41041158220601,0.316390423646124,-253.461707289617,-17.9729820889659,609.89504877479,10299.4789022055,199792.272947994,31076.9578120404,3342.52237281912,-892587751.878543,233807873.80992,169894869868.931,-199930553490.864,0.0332459954860258,0.05,0.664919909720516,-0.00150798885721459,0.0586728393004741
0.485,-0.032936880881,9.15728812296292,0.303536585135484,-252.751907471374,-7.79965038025623,809.71963052321,9912.57779572308,199879.197648356,-776563.359131697,137185.119437307,-722692882.008929,33877320.3190559,178794402846.08,-199981984869.578,0.032936880881,0.05,0.658737617620001,0.00178600245274965,0.0783908282755289
0.486,-0.0326356301556771,8.90497439422702,0.300535174176507,-251.842225632802,1.61164668901809,1009.66473436864,8804.46706272793,199999.991097141,-1409859.03971759,71071.4473216339,-543898479.162849,-166104664.55052,181325531110.135,-199991415409.979,0.0326356301556771,0.05,0.652712603113543,0.00478872915480193,0.0981158151512134
0.487,-0.032332884771752,8.65367033559259,0.306292926499747,-250.732557645266,9.62808971581923,1209.66424410304,7152.87970529017,199954.678309619,-1863094.75332575,-195028.924933875,-362572948.051913,-366096079.960499,181313033344.187,-199993163783.457,0.032332884771752,0.05,0.646657695435039,0.007302760704678,0.117873877543245
0.488,-0.0320206660523424,8.40357592439432,0.319173344011766,-249.422965487442,15.7965479294806,1409.45205888837,5138.7173168101,199543.269150741,-2135011.18470557,-661121.586786129,-181259914.707726,-566089243.743954,179406933333.923,-199992837257.138,0.0320206660523424,0.05,0.640413321046848,0.009167242223316,0.13768791462642
0.489,-0.0316928282016021,8.15489090960594,0.337177357963534,-247.913877234569,19.8450249570422,1608.56208600354,2942.97733030633,198565.770802541,-2226567.63274827,-1327207.24915865,-1852981.37380284,-766082081.001091,175199434440.762,-199990605246.902,0.0316928282016021,0.05,0.633856564032042,0.0102686799565551,0.157572868785611
0.49,-0.0313453303806987,7.90781434574742,0.358124159768001,-246.206287051047,21.6817096171812,1806.32823989281,744.683112611277,196822.19074534,-2140820.89690019,-2193284.63278343,173346453.066959,-966072686.248049,167081539716.355,-199982346830.407,0.0313453303806987,0.05,0.626906607613973,0.0105487451315875,0.177529835523749
0.491,-0.0309763287765292,7.66254392679956,0.379830022573715,-244.301955182769,21.3918350876766,2001.88444360957,-1281.61763446743,194112.539378295,-1883933.67397505,-3259348.49244668,340427992.783315,-1166055033.07846,150353767898.769,137428172305.775,0.0309763287765292,0.05,0.619526575530584,0.0100083651975526,0.197539648453749
0.492,-0.0305860918908625,7.41927512059605,0.400282497346261,-242.20360513461,19.231253355348,2194.17869240998,-2970.27835073436,190293.068064693,-1468328.79724235,-4356689.4393721,490781760.682083,-1028626860.77268,108121423240.454,199981450148.141,0.0305860918908625,0.05,0.61172183781725,0.00870771941115769,0.217556574570185
0.493,-0.0301767457535803,7.17820013049612,0.417805240311923,-239.915047216015,15.6131126254078,2382.13031050529,-4175.19603042893,185455.395436626,-923486.32494004,-5285325.57507066,598903183.922538,-828645410.62454,-10374503436.3368,199989533291.594,0.0301767457535803,0.05,0.603534915071606,0.0067621250710842,0.237502993739057
0.494,-0.0297518633251068,6.93950683081842,0.431201708379761,-237.4411029557,11.0755583588528,2564.81326848316,-4800.95984731375,179789.078745125,-329770.392735671,-6013976.21904951,588528680.486201,-628655877.332851,-98433338083.9422,199991344990.883,0.0297518633251068,0.05,0.595037266502135,0.00433412695510734,0.257266993411102
0.495,-0.0293159329702625,6.70337784380004,0.439845526833371,-234.787422004614,6.20370003949874,2741.49891611191,-4852.87145615365,173494.106478241,209541.618708559,-6542636.42388692,490095342.402258,-428664532.341965,-125154854354.025,199990448013.212,0.0293159329702625,0.05,0.586318659405249,0.00162226710414527,0.276704706297579
0.496,-0.0288737817641163,6.46998981103361,0.443677092430058,-231.960282669102,1.53206716416833,2911.65859322482,-4419.1413086363,166770.469529519,637059.533933804,-6871305.73222228,364940488.048233,-228674084.328753,-133410378668.148,199981466460.046,0.0288737817641163,0.05,0.577475635282326,-0.00115306845700684,0.295647619020393
0.497,-0.0284300457616298,6.2395128648071,0.443119859629419,-228.966391920309,-2.51327972861322,3074.96363010115,-3621.84659379,159818.156999542,935294.832647964,-6999989.08332101,231530109.380086,-28692617.8687064,-133270758748.429,57378449974.0981,0.0284300457616298,0.05,0.568600915232596,-0.00376620861309839,0.313914131472557
0.498,-0.0279887454680263,6.01211029923572,0.438960075574254,-225.812686593928,-5.63444350274571,3231.27940122498,-2592.99849957646,152813.384682282,1100189.56265383,-6999992.47620266,98259350.6316567,28685832.1053917,-126771041023.139,-36184938563.2957,0.0279887454680263,0.05,0.559774909360527,-0.00600408692063981,0.331324188278195
0.499,-0.0275529882966313,5.78793842976229,0.432215535463097,-222.506166272072,-7.66625278926594,3380.5960629354,-1464.80776844399,145821.704299038,1135063.39277392,-6989399.11337892,-28511690.3914824,-7499106.45790413,-113059279390.1,-6190203938.97573,0.0275529882966313,0.05,0.551059765932625,-0.00768391717103496,0.347715409040483
0.5,-0.027124803122507,5.56714657384302,0.424003925873976,-219.053824620887,-8.57299161302947,3522.92155990151,-362.843434097495,138827.523931774,1050022.06268739,-6999993.32180631,-141570969.781583,-13689310.3968799,-89253285171.1327,27488967139.1706,0.027124803122507,0.05,0.54249606245014,-0.00866898765956189,0.362958475459983
0.501,-0.0267051037191471,5.34987705618045,0.415417873653168,-215.462656305887,-8.43813806435407,3658.24795099428,601.517596172147,131825.267449292,863824.450320005,-6999938.1486336,-230824254.952716,13799656.7421718,-51942082848.9134,-27710945959.1517,0.0267051037191471,0.05,0.534102074382943,-0.00888102995267717,0.376969348520862
0.502,-0.0262937706645853,5.13626520314038,0.407414414600621,-211.739662033465,-7.44534320561802,3786.5743946893,1341.27290520764,124827.610638037,607029.153942833,-6999993.96487078,-282766337.855266,-13911289.2168749,-5241822585.82085,27874430663.655,0.0262937706645853,0.05,0.525875413291705,-0.00830790038069969,0.389716823654757
0.503,-0.0258898324468883,4.92643934116241,0.400729053760649,-207.891840846468,-5.84790185570521,3907.90085123131,1806.04525315117,117825.306767001,321641.904847423,-6999968.03875582,-288008160.38745,13963141.4467801,33881499629.5577,-27979133919.3428,0.0258898324468883,0.05,0.517796648937766,-0.00700569801176461,0.401224890957914
0.504,-0.0254917152877777,4.72052079670485,0.395826063521503,-203.926193654554,-3.92762528104252,4022.22733537192,1989.32999440979,110827.657109982,50574.4942747522,-6999994.46426871,-254126660.757892,-14015992.4725622,56867213843.3354,28064998964.6214,0.0254917152877777,0.05,0.509834305755553,-0.00509488593527762,0.411569711728693
0.505,-0.0250975214133669,4.51862389624991,0.392891417602629,-199.849719506496,-1.95299301569815,4129.55382862598,1922.31902727948,103825.332149305,-175118.559561472,-6999977.95725896,-197259446.914557,14049006.4920592,67102507543.8489,-28131814617.0221,0.0250975214133669,0.05,0.501950428267339,-0.0027504762798869,0.420871558510708
0.506,-0.0247052949530051,4.320855966292,0.391862737717918,-195.669419323845,-0.148313904870836,4229.8803411388,1659.75449551804,96827.6900595222,-338826.752704104,-6999994.85807536,-130156939.370708,-14082808.1249627,68450397728.0525,28189636448.3817,0.0247052949530051,0.05,0.494105899060101,-0.000186910886755571,0.429282564632446
0.507,-0.0243132448538429,4.12731733334241,0.392482977149529,-191.392292155356,1.32318649097204,4323.20686120278,1267.25767274977,89825.3520701258,-434758.493210786,-6999982.8479762,-61706541.6426553,14106828.3234191,63024821628.8177,-28238303441.1437,0.0243132448538429,0.05,0.486264897076857,0.00236112302942625,0.436971527736554
0.508,-0.0239199076154596,3.93810132392206,0.394365286828935,-187.025338929461,2.36540652771149,4409.533396391,812.15004571046,82827.7162524044,-464952.624039032,-6999995.17137335,1318279.98616237,-14131475.1177246,51990016519.9136,28281866981.1379,0.0239199076154596,0.05,0.478398152309193,0.00466019247645193,0.444107281857982
0.509,-0.0235242435568579,3.75329426456522,0.397059764453966,-182.575558693935,2.94746622542179,4488.85993822298,356.521564363736,75825.3689879691,-437639.335792913,-6999985.71300051,53308296.5060759,14150391.8634133,36546513825.3349,-28320200068.9696,0.0235242435568579,0.05,0.470484871137157,0.00649987434304547,0.450842273806712
0.51,-0.0231256683790079,3.57297548181441,0.400115077305574,-178.049952381906,3.09557560937724,4561.18649274476,-48.3725375385836,68827.7384375557,-366057.782372472,-6999995.42117158,89854810.3320458,-14169808.2055553,18740154635.0891,28355353088.2533,0.0231256683790079,0.05,0.462513367580158,0.00771263043527737,0.457297938523902
0.511,-0.0227240280535768,3.39721730222344,0.403129357134172,-173.45551903996,2.8799308221509,4626.51305331008,-366.379555640288,61825.3840044627,-266832.894722881,-6999987.552833,108594964.967135,14185544.882698,1520138835.87146,-28387222578.8772,0.0227240280535768,0.05,0.454480561071535,0.00818981387150836,0.463553273904236
0.512,-0.0223195300052587,3.22608505235344,0.405786163487413,-168.799259604735,2.39829731909672,4684.83962499466,-578.661611404982,54827.7580203079,-157477.860310302,-6999995.61923974,110115103.803006,-14201677.6961793,-12372223312.2053,28417005742.9562,0.0223195300052587,0.05,0.446390600105175,0.00789217195599755,0.469637686172879
0.513,-0.021912646797849,3.05963705877551,0.407873368718154,-164.088173121595,1.75873378553242,4736.16620230098,-683.143957059815,47825.3977298441,-53548.8681930048,-6999988.79406443,97742880.4866049,14215328.0467769,-21563852432.8151,-28444615526.0411,0.021912646797849,0.05,0.438252935956979,0.00685373490052077,0.475528748770469
0.514,-0.0215040093661928,2.89792464806744,0.409285498635041,-159.329260529961,1.06420738059103,4780.49278966281,-691.415360415861,40827.7758305487,33412.0860771925,-6999995.77378085,76179028.0537898,-14229287.4792636,-25989786300.8736,28470828747.9426,0.0215040093661928,0.05,0.430080187323856,0.00517862895664542,0.481155031081172
0.515,-0.0210943050088622,2.74099214681609,0.410012524561046,-154.529520873976,0.401111660130833,4817.81938234309,-624.245391357668,33825.4105511518,96596.2209831656,-6999989.64688614,50189241.7529161,14241541.268679,-26221518026.1779,-28495569654.5283,0.0210943050088622,0.05,0.421886100177245,0.00303106435508598,0.486403658829821
0.516,-0.0206841915627022,2.58887688161458,0.410119485601418,-149.695955095364,-0.167563310360857,4848.14598434561,-506.924802502408,26827.7924132917,133674.703722993,-6999995.89044472,23967723.7267382,-14254028.3858471,-23068650193.6886,28519389574.5969,0.0206841915627022,0.05,0.413683831254044,0.00061944615096972,0.491131811333734
0.517,-0.0202742346087525,2.44160917906445,0.409721545423497,-144.83556223705,-0.604617334138716,4871.47259145018,-365.111011948327,19825.4227402498,146108.102352887,-6999990.224043,899073.533049667,14265361.1887497,-17484310622.3653,-28542220180.3071,0.0202742346087525,0.05,0.405484692175049,-0.00182383960575165,0.495180988343758
0.518,-0.0198648701527853,2.29921236577323,0.408958615692585,-139.955343242728,-0.897252962246242,4887.79920737943,-221.46742459931,12827.8081601045,138265.020574754,-6999995.97294444,-16585237.0893156,-14276858.9915569,-10558206128.7639,28564488069.8931,0.0198648701527853,0.05,0.397297403055705,-0.00406496780609409,0.498392623807406
0.519,-0.0194563914666431,2.16170276835642,0.407972894151539,-135.062297154096,-1.05279200799509,4897.12582826357,-93.2547235906748,5825.43450567588,116400.680421056,-6999990.58790104,-27143443.2180795,14287629.0783357,-3458086432.76156,-28586129184.7263,0.0194563914666431,0.05,0.389127829332862,-0.005891309684974,0.500623511190349
0.52,-0.0190489558919194,2.02908971343529,0.406891715100928,-130.163424916578,-1.09251438551295,4899.45245765809,8.99788748254791,-1172.17662255011,87528.1939865958,-6999996.023415,-30601529.6508411,-14298500.1063905,2721052986.8308,28607505055.247,0.0190489558919194,0.05,0.380979117838389,-0.00713191781591863,0.501759541945141
0.521,-0.0186426055385888,1.90137552763885,0.405817035303175,-125.26572557061,-1.04473927876309,4894.77909191986,81.6788254748616,-8174.5539785091,58287.19082917,-6999990.77099377,-27880476.6640103,14309004.9488568,7138026285.42904,-28628553082.4624,0.0186426055385888,0.0503527632556804,0.370239969630379,-0.00767383585448436,0.501726442060812
0.522,-0.0182372950535778,1.77855553760173,0.404821747765927,-120.37620006317,-0.938266186222416,4883.10573453363,127.215449019598,-15172.1616725422,33975.7273078743,-6999996.04258614,-20742450.3785813,-14319548.133606,9317977284.56193,28649611592.359,0.0182372950535778,0.0517031729219406,0.352730674403904,-0.00747263226040954,0.500496499518784
0.523,-0.0178329199805869,1.66061806996618,0.403951965306477,-115.501847433381,-0.79713169958461,4864.43238198226,152.372947352275,-22174.5425539297,17892.265571574,-6999990.78492347,-11424473.0940193,14330063.4587533,9163326314.19997,-28670616668.5015,0.0178329199805869,0.0538306280068767,0.331278319441282,-0.00655614245699487,0.498090678577568
0.524,-0.0174293405226051,1.54754445138001,0.403233602466171,-110.649668629642,-0.63733489301692,4838.75903777075,166.080197420195,-29172.1467432352,11049.455634897,-6999996.02979913,-2261146.77944383,-14340553.2097481,6908022243.87232,28691920397.7933,0.0174293405226051,0.0565190396214683,0.30837998379549,-0.00502108977074707,0.494575972561491
0.525,-0.0170263974564069,1.43930900849864,0.402681112600206,-105.826662689672,-0.465818991315689,4806.08569841709,177.150416707484,-36174.5310629066,12242.3199773893,-6999990.62280983,4646875.46442848,14351367.1880451,3062313531.12175,-28713454484.1621,0.0170263974564069,0.0595857034571198,0.285746353043559,-0.00302297117774685,0.49005831238635
0.526,-0.0166239191751592,1.33587906798311,0.402306128342921,-101.039830563195,-0.281645339016253,4766.41236754338,192.226560005608,-43172.1315778698,18420.3522073786,-6999995.98286401,7709188.99555023,-14362087.296117,-1648764343.51545,28735627464.9324,0.0166239191751592,0.0628781863570938,0.264382930524581,-0.000760265885783509,0.484671775873948
0.527,-0.0162217210022578,1.23721495650215,0.402123973819114,-96.2961712863947,-0.078992436588677,4719.73904161067,214.226712653509,-50174.5193331381,25305.1590311711,-6999990.25642774,6060424.65203477,14373540.1688156,-6370807870.8119,-28758362917.7676,0.0162217210022578,0.0662712929753936,0.244777493752549,0.00154541511075432,0.478565193975843
0.528,-0.015819599724168,1.14327000073024,0.402156511692986,-91.6026858102489,0.148631476027806,4666.06572447423,241.500282698896,-57172.1158799677,28180.1797478,-6999995.8977178,-310383.218777132,-14384822.7489519,-10228558836.4478,28782188719.1445,0.015819599724168,0.0696641349979754,0.227083846295196,0.00367122818627155,0.471887489017758
0.529,-0.0154173274893086,1.05399052734986,0.402430491836363,-86.9663731692137,0.40374392811262,4605.3924124328,267.820511031232,-64174.5071576144,22755.5171061853,-6999989.62610733,-10538942.0552249,14397365.9701927,-12432285087.3365,-28807015309.533,0.0154173274893086,0.0729773224887279,0.211261895662039,0.00541484879065629,0.464773187283596
0.53,-0.0150146496457014,0.969315863049402,0.402971395881215,-82.3942343154655,0.680667695479229,4537.71910973083,283.234509601016,-71172.0992699553,6000.43250729215,-6999995.76779179,-22971227.1425614,-14409649.3393397,-12359753033.1541,28833601826.4603,0.0150146496457014,0.076150294015474,0.197171262958622,0.00661391718482918,0.457329512745907
0.531,-0.014611290668796,0.889178334525733,0.403793620771172,-77.893268281453,0.962558893767083,4463.04581236886,275.689369701629,-78174.4942621768,-23150.6711454915,-6999988.6162179,-35330980.1757138,14423952.4871208,-9622798985.10212,-28861838342.5679,0.014611290668796,0.0791387993327133,0.184628662451241,0.00716127505675127,0.449626297924048
0.532,-0.0142069710927508,0.813503268482009,0.404888613590434,-73.4704760205019,1.22038348124167,4381.37252521409,233.269408637721,-85172.081208473,-63293.0508137573,-6999995.58290206,-44953779.1608159,-14437885.8554469,-4156993611.01488,28892948698.7825,0.0142069710927508,0.0819125455747309,0.173440722578807,0.00701453512671834,0.441689657827504
0.533,-0.0138014364267839,0.742208991630576,0.406213175218453,-69.1328565626266,1.4143408598722,4292.69924377272,146.806635975053,-92174.4802431603,-110325.326780081,-6999986.99410044,-49110772.7718308,14455062.8433356,3650656950.68165,-28926791452.1198,0.0138014364267839,0.0844530151658463,0.163421476423086,0.00619911410774103,0.43349999564029
0.534,-0.0133944966144375,0.67520683069062,0.407680515981791,-64.8874108622367,1.49795181437332,4197.02597392683,12.534365634317,-99172.0608377478,-157610.77107657,-6999995.32729084,-45460115.8211491,-14471728.6087841,12881800330.4593,28965633249.2906,0.0133944966144375,0.0867514610087825,0.154400818829801,0.00480452967516642,0.42499447975835
0.535,-0.012986071961546,0.612401112391701,0.409156679693979,-60.741137946225,1.42464085017959,4094.35271037205,-165.65949663262,-106174.464423802,-196629.986732489,-6999984.23927498,-32578315.4906898,14493904.6405064,22197062334.5783,-29009282803.1732,0.012986071961546,0.088807081985048,0.146227887137789,0.00297444543114312,0.416073695689234
0.536,-0.0125762390049158,0.553689163471073,0.410464546677079,-56.7010387699361,1.15616151854352,3984.67946075927,-374.879130714181,-113172.036591224,-218109.77105589,-6999994.97603606,-10381253.1561116,-14515378.1626676,30127243394.7757,29062867089.8427,0.0125762390049158,0.0906253794150386,0.138771711479631,0.000891573829221386,0.40661177331062
0.537,-0.0121652679899088,0.498961310678365,0.411396735509903,-52.7741123559186,0.671752595231652,3868.00621840313,-593.158321121304,-120174.445445159,-213427.402514613,-6999978.9206538,19745990.2386641,14547488.927175,35332109303.9937,-29132584180.9754,0.0121652679899088,0.0922166928942474,0.131920453966612,-0.00124094911169516,0.396468961287415
0.538,-0.0117536429170076,0.448100880772386,0.411737454894678,-48.9673596600177,-0.0233562575721563,3744.33299422145,-790.824043633366,-127172.006052046,-176015.357623952,-6999997.72381712,55078099.5426578,-14585095.2537966,36653890143.4114,199991907537.533,0.0117536429170076,0.0935949118644435,0.125579934666008,-0.00321977354903706,0.385505394578578
0.539,-0.0113420557683299,0.400984200764789,0.411291951092251,-45.2877782762226,-0.891481051317659,3613.66689145444,-933.191369794642,-134145.964338901,-102610.313009589,-6914586.86530215,91731989.6860692,185406812.283735,33006552282.8529,199997195016.973,0.0113420557683299,0.0947763573989113,0.119671783972362,-0.00486106275076888,0.373594703601851
0.54,-0.0109313685548123,0.357480611988615,0.40992086985804,-41.7423274061547,-1.85931363965763,3476.10286803473,-984.434595914054,-140934.514932225,5624.95281790663,-6629181.45550996,124738541.968922,385404007.300707,23303789813.8587,199997981717.51,0.0109313685548123,0.0957788267150972,0.114131368379868,-0.00601776249664693,0.360636275760102
0.541,-0.0105225401079795,0.317452574204237,0.407575668050059,-38.3377789340119,-2.81917501092567,3331.92632962522,-912.55640714271,-147337.661387132,142015.389693758,-6143778.45735051,148042331.782781,585401989.018216,6802772343.09392,199998185011.832,0.0105225401079795,0.0966207904182587,0.108905547785614,-0.00659273388490909,0.346565735500119
0.542,-0.0101165189597271,0.280755951323496,0.404330109187438,-35.0805193397554,-3.63576655241148,3181.62267926528,-695.386056167046,-153155.405819138,293459.107648086,-5458377.37582638,154845104.125875,785400174.030048,-15557327414.63,199998128473.017,0.0101165189597271,0.0973207320950127,0.10395029652932,-0.00654653683730449,0.331363535313801
0.543,-0.00971410913526061,0.247240496812789,0.400401881693151,-31.976349701304,-4.15926375937438,3025.87731804258,-327.097284358462,-158187.750086537,440525.548066645,-4572978.13755982,139287776.711244,985398302.503065,-39917454698.036,199997814919.417,0.00971410913526061,0.0978966211686231,0.0992282370862263,-0.00589924042250016,0.315061021192454
0.544,-0.00931582194113954,0.216750539094164,0.396157961228183,-29.0302856964165,-4.24454686752515,2865.57564517997,176.419242945467,-162234.696103692,559854.597431031,-3487580.92759704,99370322.0132085,1185396117.42248,-61466208069.3417,199997004429.923,0.00931582194113954,0.0983655090538759,0.0947061834045626,-0.00472628581009492,0.297743417168294
0.545,-0.00892173278014678,0.189125866944522,0.392098561293386,-26.2463576046298,-3.77419969753152,2701.80305784057,775.71463337182,-165096.246138506,628491.815409569,-2202186.30795963,37904113.9438668,1385393121.8524,-77390874043.862,199994333849.734,0.00892173278014678,0.0987432373202689,0.0903528486837998,-0.00314906372713488,0.279549477098049
0.546,-0.00853136563739067,0.16420281489274,0.388817901962572,-23.6274103095769,-2.68114642388277,2535.84495049897,1410.26002674169,-166572.403496565,627700.492331505,-716796.019182497,-39486760.0999952,1585387455.70214,-86886310221.6118,-17857573867.2777,0.00853136563739067,0.0990442454464772,0.0861369138502949,-0.00132140926841654,0.260667879177869
0.547,-0.00814362756084683,0.141815548311422,0.386944132966526,-21.1749051178319,-0.967237540584557,2369.17763616985,2003.73608731744,-166499.482050207,544770.57711898,859662.649586002,-126373070.321606,1567529881.83486,-89609227835.9188,-199994464710.702,0.00814362756084683,0.099281464942589,0.0820256587224615,0.000586404138558253,0.241330751604848
0.548,-0.00775681156942818,0.121797530702256,0.387063546277625,-18.8887702984546,1.2840879390811,2203.36090732247,2470.38525797135,-164889.38687091,373592.892879312,2327195.29906308,-215982298.157525,1367535417.12464,-84249495726.7425,-199997140739.966,0.00775681156942818,0.0994662863360107,0.0779843287123902,0.00240440415681004,0.221804823896441
0.549,-0.00736868059879982,0.103983067377809,0.389635390986284,-16.7674109046849,3.90176219814396,2039.85470745642,2721.94541915078,-161911.756720074,115485.846858953,3594732.14581774,-300231793.884267,1167538276.38467,-66868919599.2451,-199997961452.631,0.00736868059879982,0.0996085859969479,0.0739763598192791,0.00397863227707448,0.202380064033119
0.55,-0.00697663845203944,0.0882087577662828,0.394904306636072,-14.8078659727855,6.62862570342697,1879.92657327344,2676.17054913449,-157766.588429215,-218180.406824936,4662271.44147784,-367100713.483512,967540314.931921,-28852296388.8567,-199998292156.859,0.00697663845203944,0.0997167997316823,0.0699645242407715,0.00518425627156376,0.183355306993327
0.551,-0.00657798599422233,0.0743147626950998,0.402819117914065,-13.0060070009591,9.13332041788327,1724.64404402194,2269.63106950527,-152653.879878963,-599707.268502877,5529812.61033133,-395953009.872369,767542022.775062,32704928058.1505,-199998377530.125,0.00657798599422233,0.0997980295635529,0.065912984685067,0.00593485655787911,0.165021400387843
0.552,-0.00617025018624221,0.0621458719301053,0.412971077154273,-11.3567379471771,11.0384683901608,1574.87466085288,1477.39811740696,-146773.629320167,-979307.81434617,6197355.44434131,-363248081.814218,567543645.244942,87519434918.5687,-199998226380.14,0.00617025018624221,0.099858171074527,0.0617901381514105,0.00618715174988565,0.147643394535617
0.553,-0.00575155735187813,0.0515523717166998,0.424570620625961,-9.85419522741027,11.9693178965472,1431.28596660307,331.052834640106,-140325.835090933,-1298796.1787011,6664899.97639618,-275728646.89587,367545418.865096,119903517157.484,-199997549309.547,0.00575155735187813,0.0999020508364839,0.0575719647766998,0.00594103915393617,0.131443518892872
0.554,-0.00532100314454496,0.042390712322679,0.436478509412401,-8.4919477139438,11.6100138472357,1294.34550583886,-1085.62374798269,-133510.49532999,-1514573.06701823,6932446.62060599,-155825129.73858,167547869.555066,137531762509.233,-199992214369.142,0.00532100314454496,0.0999335657183782,0.0532454046475238,0.00523546727034236,0.116586590972672
0.555,-0.00487896478023781,0.0345239755828408,0.447287935925424,-7.26319673344039,9.74686320089203,1164.32082545517,-2655.1874194524,-126527.606810334,-1601632.3155022,6999998.38297674,-18293367.2293471,-32444344.8140761,146755322495.584,33353467851.4582,0.00487896478023781,0.0999558179328148,0.0488112136055672,0.00414112322437184,0.10316924671928
0.556,-0.00442731262724622,0.0278221427702136,0.455440727434726,-6.16097411889534,6.29392553425429,1041.28920017334,-4241.50719815254,-119538.271688456,-1546548.02148375,6984230.7720883,128461955.266237,909123.037382089,150367504047.41,29715124448.3745,0.00442731262724622,0.0999712415180797,0.0442858622141402,0.00275110343351871,0.0912139954205844
0.557,-0.00396949501505157,0.0221621812645861,0.459362747010326,-5.17828973059805,1.30681996390542,925.244433521624,-5698.7629913286,-112548.633834107,-1342902.31419381,6999997.45734987,278829459.313647,30624247.4857566,148748958221.664,-61284400552.4146,0.00396949501505157,0.0999817174799029,0.039702208714803,0.00117075432702482,0.0806687977822357
0.558,-0.00351048207597967,0.0174280474817554,0.457609225894996,-4.30815218244361,-5.01072473472955,816.19834894075,-6877.45908270852,-105543.538319773,-989698.375826655,6999979.50456004,427578417.535311,-30660153.0666583,139133882312.85,61356820375.5164,0.00351048207597967,0.0999886760377872,0.0351087964666419,-0.000492180357573306,0.0714130877077785
0.559,-0.00305656193666981,0.0135106953795914,0.44901379710598,-3.54355970561153,-12.3059726906474,714.152246881928,-7630.17926938205,-98548.6627550169,-492553.017134919,6999997.76168114,566712299.848161,30696667.308858,107479838879.462,-61408554106.8072,0.00305656193666981,0.0999931856194802,0.0305677023662535,-0.00213608616153306,0.0632704387464084
0.56,-0.00261498847361638,0.0103080788573843,0.432835151288936,-2.87751435652364,-20.0834980920206,619.106140429026,-7821.46283006618,-91543.5514186992,127899.202213769,6999990.15193659,674192138.727622,-30711886.7979225,-21437310449.755,61439506223.2426,0.00261498847361638,0.0999960290728886,0.0261509231702619,-0.00367185794017109,0.0560264466827872
0.561,-0.0021934877308846,0.00772515180816204,0.408890151010445,-2.30301409444471,-27.72953918577,531.060025417981,-7360.0404436073,-84548.6772924577,791372.685716514,6999998.01825028,652754828.277867,30727619.4253201,-133866446620.281,-61463892012.4636,0.0021934877308846,0.0999977678388751,0.0219353669415794,-0.00502660873383173,0.0494500604667054
0.562,-0.00179965079531445,0.00567386811749203,0.377638569614614,-1.81306097321798,-34.5906785837289,450.013907409058,-6264.60141814482,-77543.5594464965,1377194.29068424,6999993.69166915,518888381.657586,-30736272.5870892,-163111748705.49,61481634554.8679,0.00179965079531445,0.0999987950539918,0.0179967248039616,-0.0061446509455918,0.0433162653556954
0.563,-0.00144029018460687,0.00407318166706353,0.340165383788253,-1.40065294824796,-40.0869977824522,375.967783831071,-4655.14822808187,-70548.6869520285,1814526.79798908,6999998.23635974,355776632.952096,30745361.9677787,-174444300135.769,-61496290959.083,0.00144029018460687,0.0999993786893837,0.0144029913333829,-0.00698643849247479,0.03742789586724
0.564,-0.00112086582994308,0.00284904633363211,0.29806660334863,-1.05879207293252,-43.7828550185532,308.92165787876,-2691.80716364021,-63543.5654165118,2083081.28087329,6999995.45284793,181332332.816327,-30750928.9913035,-179712995051.263,61507798658.4141,0.00112086582994308,0.0999996958991358,0.0112086923851612,-0.00752662979869114,0.0316344670653162
0.565,-0.000845051232076239,0.00193441599104984,0.253291082867311,-0.780476300576931,-45.4103875278084,248.875527858785,-548.011882140256,-56548.6941283831,2174557.11616399,6999998.42318587,1619337.76506436,30756869.6671106,-181976126902.755,-61517580176.1413,0.000845051232076239,0.0999998597667855,0.00845052417120407,-0.00775215701965953,0.0258462300934372
0.566,-0.000614466310990154,0.0012692445095147,0.207967666589143,-0.558707684488776,-44.8784333008601,195.829395854432,1597.02554842247,-49543.5702003928,2085188.39047767,6999996.5027652,-180356789.137691,-30760710.5090294,-181983334174.526,61527648822.3835,0.000614466310990154,0.0999999396137482,0.00614466682043552,-0.0076607470527305,0.0200421438837846
0.567,-0.000428586563004981,0.00080048575688984,0.164226246066858,-0.38648417661661,-42.2764556610519,149.783260772372,3561.70498856551,-42548.6994447451,1813839.93425272,6999999.61666726,-362340123.312217,30766938.3133541,-178890728285.973,-199998697201.937,0.000428586563004981,0.0999999759772574,0.00428586665963252,-0.00726012602834066,0.0142710640258374
0.568,-0.000284832618567022,0.000482093406017836,0.124016361294602,-0.25680898366388,-37.8756745062899,110.731355679844,5164.55973978113,-35566.6494751213,1362054.44679752,6930767.20637965,-541230851.59819,-169231758.888441,-166366294245.073,-199999531442.628,0.000284832618567022,0.0999999912858736,0.00284832643387698,-0.00656801591753591,0.00864611551528101
0.569,-0.000178841323621713,0.000275009419206506,0.0889260380614,-0.162714542839798,-32.1272246139388,78.5935512010725,6228.27104508134,-28753.8314034267,737640.448076789,6661535.6817699,-707597145.843263,-369231290.331069,9134420312.89311,-199999661670.036,0.000178841323621713,0.0999999971641282,0.00178841328693423,-0.00561292458946524,0.00333277349259649
0.57,-0.000104916001630615,0.000147073556015412,0.0600064819504159,-0.0974047026944214,-25.6476856015882,53.1006157709072,6613.63532362154,-22310.2446437688,34610.5123899734,6192304.56060354,-698462725.530369,-569230952.001076,174881588689.266,-199999686539.473,0.000104916001630615,0.0999999991888911,0.00104916002481598,-0.00443561968669437,-0.00146876923093276
0.571,-5.6635225453991e-05,7.27537784205658e-05,0.0376437371623788,-0.054452543105686,-19.1258687431893,33.783318261834,6328.16140469498,-16435.8888402553,-576411.418795763,5523073.76533269,-523581136.841103,-769230638.540549,187718981077.189,-199999642679.946,5.6635225453991e-05,0.0999999998015131,0.000566352255664045,-0.00309093263169924,-0.00554613389789802
0.572,-2.75278486935408e-05,3.26770196800405e-05,0.0215656289958783,-0.0280003749100524,-13.1653549464875,19.9724278793766,5521.24591432486,-11330.7636679729,-1006133.06509827,4653843.30545216,-335862155.763915,-969230281.220494,191794587359.909,-199999427097.727,2.75278486935408e-05,0.0999999999599584,0.000275278487045634,-0.00164881490649332,-0.00870013348589243
0.573,-1.16691441994912e-05,1.29599535400825e-05,0.0109808121941111,-0.0129597395706968,-8.19516114952591,10.7987141744639,4379.14753591008,-7194.86874100474,-1246097.92718223,3584613.31068281,-144067568.404006,-1169229708.31822,193381315649.221,169230495287.248,1.16691441994912e-05,0.0999999999937015,0.000116691442002262,-0.000193141848057864,-0.010770495745854
0.574,-4.10890738236682e-06,4.34027661585124e-06,0.00476315052029011,-0.0052083318653216,-4.45501628378372,5.20833174142303,3093.24604379525,-4166.66520190895,-1293474.83776163,2499998.85000823,49313747.245215,-999999213.030965,193533563661.444,199999598055.328,4.10890738236682e-06,0.0999999999992936,4.10890738239584e-05,0.0011824577464242,-0.011659420045878
0.575,-1.11093903706618e-06,1.1377774901176e-06,0.00164284563794281,-0.00170666622041073,-1.99222480250919,2.13333274559822,1856.6836735998,-2133.33269207343,-1147394.30868569,1599999.43600493,242847310.906659,-799999614.975638,191150454453.739,199999827437.101,1.11093903706618e-06,0.0999999999999515,1.11093903706672e-05,0.00238150352436979,-0.0113504174154976
0.576,-2.00277403306722e-07,2.02499951073914e-07,0.000399441845860798,-0.000404999900243748,-0.66079912916555,0.674999828507866,862.571429443065,-899.999758983638,-808971.770552162,899999.734747879,433997765.360398,-599999787.538453,-40290458167.0056,199999899975.092,2.00277403306722e-07,0.0999999999999985,2.00277403306725e-06,0.00331362679702715,-0.00991912903775724
0.577,-1.7619685152868e-08,1.77777736107239e-08,5.28472893967119e-05,-5.33333207506979e-05,-0.132059393195682,0.133333301474184,263.88346521173,-266.666601342339,-395119.234275267,399999.897196972,393707307.193392,-399999887.563361,-195441726514.821,199999934148.031,1.7619685152868e-08,0.1,1.7619685152868e-07,0.00390470283147225,-0.00753354092900623
0.578,-2.75368862615115e-10,2.77777713309517e-10,1.65221317253046e-06,-1.66666627869536e-06,-0.00826106586080438,0.0083333313926063,33.0442634473557,-33.3333255690417,-99132.7903392857,99999.9767076275,198265580.678571,-199999953.415329,-198265580678.571,199999953415.331,2.75368862621422e-10,0.1,2.75368862621422e-09,0.00410696293584474,-0.0044432967529088
0.579,0,1.68361477241106e-19,0,-4.10285413424141e-16,0,4.62521367101533e-13,0,5.02192836905798e-11,1.10440526730942e-23,5.47107001541636e-08,0,1.65112364131943e-06,0,0,1.68361477241106e-19,0.1,1.68361477241106e-18,0.00390702852258235,-0.000959255814905634
0.58,0,-2.52435489670724e-28,0,0,0,5.40371188143256e-13,0,1.05755545665226e-10,0,5.6361823795262e-08,0,0,0,0,2.52435489670724e-28,0.1,2.52435489670724e-27,0.00332953392553888,0.00257459114672639
