time,x,y,vx,vy,ax,ay,jx,jy,snapx,snapy,cracklex,crackley,POPx,POPy,contour_error,allowed_error,error_utilisation,modal_x,modal_y
0,6.15582104979953e-13,-1.34929697624982e-14,-4.24995387614177e-11,-3.73726581898782e-13,5.9382306302629e-10,1.0514643722019e-11,5.24121846411049e-09,-1.39480984239397e-11,4.90472369668642e-08,-1.66229120948536e-10,0.160111038737558,-0.000378800661084217,0.000140955382984059,-3.13446865322461e-07,1.34929697624982e-14,0.1,1.34929697624982e-13,-1.99213019343892e-15,-1.2748281534345e-15
0.001,1.18895390234583e-12,-2.73544142732306e-14,-7.1834545642219e-11,-7.28528199091592e-13,1.22348721518088e-09,1.9037965001868e-11,9.03486690850754e-08,-2.21323742818323e-10,0.000160202929032482,-3.79113746516322e-07,0.282764606016736,-0.00062955325531388,199999617146.93,-186532644770.857,2.73544142732306e-14,0.1,2.73544142732306e-13,5.38409816510082e-16,-2.02493447935277e-15
0.002,2.79510569541929e-10,-2.59114684188483e-10,1.66658566666373e-06,-1.55443977297449e-06,0.00833331941347118,-0.00777219350790815,33.3332699211872,-31.0887741294121,99999.8090164692,-93266.3223864372,199999617.519893,-186532644.771627,199999463623.186,-169137642308.402,2.59114684188483e-10,0.1,2.59114684188483e-09,2.73183843810568e-09,-2.54787907403705e-09
0.003,1.77800157166312e-08,-1.65565759236156e-08,5.33331758411079e-05,-4.95970816431432e-05,0.133333074986881,-0.123630304719883,266.666131639333,-245.811025953085,399999.158347986,-364367.788312265,399999081.205589,-355670287.08008,199999190906.342,32439146252.2694,1.65565759236156e-08,0.1,1.65565759236156e-07,1.73606663299464e-07,-1.61679220074547e-07
0.004,2.02502433817265e-07,-1.87038183614068e-07,0.000404999166529911,-0.000371410133474508,0.674998599505428,-0.609551974917019,899.998029078812,-782.607433430034,899997.835006772,-703818.50226621,599998272.151284,-323231140.827793,199998611237.581,160199223043.703,1.87038183614068e-07,0.0999999999999985,1.87038183614071e-06,1.95674827283094e-06,-1.80713784188231e-06
0.005,1.13777885841899e-06,-1.02545575512549e-06,0.00170666303899085,-0.00150170187982493,2.13332853410884,-1.79126554866346,2133.32810203825,-1621.34163560288,1599995.41277687,-946950.031572152,799996883.409369,-163031917.784028,199996776307.396,171991048950.008,1.02545575512549e-06,0.0999999999999515,1.02545575512599e-05,1.08415314547037e-05,-9.76460918200439e-06
0.006,4.34027235322902e-06,-3.73359000288243e-06,0.00520832140539782,-0.00426682298970807,5.20832035595791,-3.90608789265225,4166.65475257492,-2621.14245124206,2499990.68433995,-1023986.42488118,999993659.722516,8959131.16606685,169228448540.504,173424279575.636,3.73359000288243e-06,0.0999999999992936,3.7335900029088e-05,4.06438483642023e-05,-3.48809211043583e-05
0.007,1.29599316094565e-05,-1.04326646021719e-05,0.0129597109267591,-0.00965232801298119,10.7986872465036,-7.03050435616944,7194.84700820322,-3611.74526394428,3584598.56833273,-928315.153927291,1169222108.2579,182383410.741795,-199995387093.446,169365875026.481,1.04326646021719e-05,0.0999999999937015,0.00010432664602829,0.000118869011491279,-9.5143144592199e-05
0.008,3.26769519629455e-05,-2.42391270566636e-05,0.0280003057668218,-0.0186344135026774,19.9723707495981,-11.0689530505069,11330.7240661528,-4420.64106666294,4653822.98304391,-661248.805672255,969226721.152151,351749285.76836,-199997110411.333,156270744666.917,2.42391270566636e-05,0.0999999999599586,0.000242391270663693,0.000292592246763448,-0.000214575133479046
0.009,7.27536061376988e-05,-4.91691943560184e-05,0.0544523935521977,-0.0320079367446465,33.7832108816649,-15.7550823580297,16435.8275580409,-4879.97010533986,5523051.1489904,-231364.147570437,769229610.724824,508020030.435342,-199997457037.594,107227481017.698,4.91691943560184e-05,0.0999999998015141,0.000491691944536124,0.000633866938217436,-0.000419894946532685
0.01,0.000147073169943025,-8.9873258389567e-05,0.0974044113603679,-0.0502195037832873,53.1004357224046,-20.6615967203853,22310.1606028905,-4839.45299085635,6192282.03119642,330269.623373754,569232153.670847,615247511.453079,-199997249611.926,-89163493012.9915,8.9873258389567e-05,0.0999999991888954,0.000898732591185331,0.00124250790502853,-0.000735296985631631
0.011,0.000275008637459274,-0.000151211371586297,0.162714025786037,-0.073220889778284,78.5932761482253,-25.2370887931984,28753.72583599,-4216.42019392489,6661515.5600613,900935.388320336,369234904.04527,526084018.440099,-199996185999.051,-150528463457.057,0.000151211371586297,0.0999999971641443,0.00151211375874433,0.00224448361356096,-0.00117599919856489
0.012,0.000482091951907721,-0.000237711828532968,0.256808135631965,-0.100395367007091,110.730965740954,-28.9216326425414,35566.5261504102,-3077.53087362734,6930752.37110703,1351755.17503191,169238718.038231,375555554.983028,-199989351776.004,-165698493141.256,0.000237711828532968,0.0999999912859262,0.00237711849247354,0.00378584392045121,-0.00174160794495285
0.013,0.000800483239292601,-0.000353021711061968,0.386482874911822,-0.13061620523019,149.782741640713,-31.2675974400409,42548.5663219096,-1565.61433662745,6999996.41325725,1644461.48344431,-30750633.7373403,209857061.841737,61444290612.0985,-170990513022.401,0.000353021711061968,0.0999999759774085,0.00353021795866951,0.00602282477442161,-0.00241100755959522
0.014,0.00126924040896191,-0.000499462620197933,0.558705796574524,-0.162385213801591,195.828741242846,-31.9831294626829,49543.4281334026,155.277258900662,6999967.92482596,1768823.28877484,30693656.8747403,38866548.8192859,-61348634497.5968,-171980360897.849,0.000499462620197933,0.0999999396141383,0.00499462921802922,0.00910914375927148,-0.00314035313650626
0.015,0.00193440965069991,-0.000677739733204536,0.78047368090105,-0.193995714483749,248.874712755474,-30.9441286496268,56548.5181142519,1914.87042860218,6999987.2644519,1721699.6571452,-30654977.6224537,-133113812.07862,61252884419.8651,-169594015743.92,0.000677739733204536,0.0999998597677045,0.00677740683615854,0.0131819580616084,-0.00386479093961689
0.016,0.00284903693736464,-0.000886817974298435,1.05878855043973,-0.223702417668757,308.920667542963,-28.1976604451161,63543.3867039645,3541.74751041742,6999958.72903938,1503788.83719462,30597906.7973642,-302707827.822596,-61141090037.6678,-162449078595.051,0.000886817974298435,0.0999996959011407,0.0088682067110998,0.0183488413338127,-0.00450382658005096
0.017,0.00407316822165352,-0.00112396902127221,1.40064833655821,-0.24989253945451,375.966585717581,-23.9612385323395,70548.4542047315,4867.10758726824,6999986.0908179,1119856.4700745,-30543183.2399294,-465156906.417696,61003776925.5271,-144086901506.696,0.00112396902127221,0.0999993786934828,0.0112397600460838,0.0246776907686996,-0.00496980938773892
0.018,0.00567384942367494,-0.00138498841115046,1.81305504949007,-0.271254163710372,450.012484261627,-18.6177324819913,77543.3360000854,5730.37112054945,6999944.79604074,582656.112903457,30460593.6855225,-609243807.924427,-60841150764.7016,-78572148863.1538,0.00138498841115046,0.0999987950619242,0.0138500509960426,0.0321906178846292,-0.00517866154089522
0.019,0.00772512643894794,-0.00166457728808352,2.30300662143044,-0.286935641206722,531.05833437779,-12.7008477791715,84548.3709011764,5995.30997134684,6999984.81434391,-65873.769452547,-30380557.0788319,-687815956.787601,60629068705.3076,92640741601.4963,0.00166457728808352,0.0999977678535168,0.0166461444471631,0.0408623693746241,-0.00506172708973414
0.02,0.0103080451204027,-0.00195687248273702,2.87750504481074,-0.29667769995402,619.104160471526,-6.84925065444063,91543.2702817665,5600.96834710074,6999918.79161773,-707369.3554394,30248511.6263744,-595175215.186108,-60368007173.4242,145553352081.699,0.00195687248273702,0.0999960290988364,0.0195695019129494,0.0506233750152822,-0.00457741534967344
0.021,0.0135106512892879,-0.0022560755446663,3.54354825087313,-0.300867947350379,714.149916234425,-1.69509813124713,98548.2519946697,4620.2702760819,6999983.29965739,-1229767.89458466,-30119495.5467274,-449621863.104396,59958755934.0959,161297321324.196,0.0022560755446663,0.0999931856638551,0.0225622929171444,0.0613670684981486,-0.00372102761874993
0.022,0.0174279907058107,-0.0025570757592034,4.30813820169521,-0.30047526175949,816.195638244826,2.24207194208492,105543.168672544,3192.5743368324,6999843.18207771,-1598741.09702695,29839260.3872437,-288324541.780173,-59402179217.6702,167392096438.602,0.0025570757592034,0.0999886761113524,0.0255736535240821,0.0729607154268719,-0.00253081278718631
0.023,0.022162109081646,-0.00285596667371023,5.17827281312036,-0.29691397808711,925.241226627981,4.59419631079436,112548.031121613,1477.56965165512,6999981.35285611,-1803369.59058783,-29562918.8301257,-120932445.341535,28224981711.7937,169132422441.826,0.00285596667371023,0.0999817175985531,0.0285648890847977,0.0852586517894261,-0.00108873331504559
0.024,0.0278220519726163,-0.00315041320531046,6.16095372231681,-0.291885187964127,1041.28549731407,5.15697294386677,119537.935178674,-358.077424529839,6984530.92488188,-1839735.82470845,-1337937.11847781,48199977.1003309,33588986448.9604,167705761688.207,0.00315041320531046,0.0999712417049076,0.0315131947106325,0.0981166138657885,0.000484484160180095
0.025,0.034523862491026,-0.00343985560745486,7.26317249989712,-0.287210470489747,1164.31687450704,3.89404867656706,126527.395299405,-2145.76230040676,6999987.48098788,-1707682.96676401,32251049.3307644,215905738.788578,-199938502573.516,162514762765.928,0.00343985560745486,0.099955818220588,0.0344137606863825,0.111405731460592,0.00203959416822798
0.026,0.0423905729852202,-0.00372554580919709,8.49191941430176,-0.284663566429193,1294.34130795114,0.937200631020212,133510.185221297,-3718.40660398216,6932269.27903189,-1410519.84659247,-167687453.244226,378420501.554541,-199980792046.327,150386008789.483,0.00372554580919709,0.0999335661519841,0.0372802247798411,0.125024790767492,0.00341335455574031
0.027,0.0515522019210567,-0.00401041591904453,9.8541625396207,-0.285803635003772,1431.28134737031,-3.41712972897245,140325.2806417,-4914.65186499912,6664591.4297645,-956906.340643189,-367668245.293124,528806510.344051,-199985912934.342,118965363511.327,0.00401041591904453,0.0999020514760633,0.0401434791357156,0.138909703570619,0.00444586138759481
0.028,0.0621456670314011,-0.00429878252671695,11.3567003065181,-0.291814550072863,1574.86931293986,-8.71714345576322,146772.706963329,-5587.32738988506,6196930.22800421,-368617.148543475,-567654158.230572,647771873.855394,-199986889430.659,11071407366.2331,0.00429878252671695,0.099858171999871,0.0430488806336502,0.153038430964507,0.00499893983485188
0.029,0.0743145173100471,-0.00459589681533429,13.0059634758573,-0.303359710658652,1724.63754320398,-14.380356132311,152652.47896398,-5630.2133669398,5529282.62505831,284690.428995035,-767641047.664404,658843281.221631,-199985925053.899,-108715026339.062,0.00459589681533429,0.0997980308804113,0.0460519789297405,0.167429993007443,0.00497369137214174
0.03,0.0882084653499585,-0.00490736787149771,14.8078151540811,-0.320481179224892,1879.91839055922,-19.7629468639869,157764.610077697,-5034.22046839046,4661648.61486695,889176.197047135,-967626972.72116,550128254.882563,-199982832889.582,-143425179822.252,0.00490736787149771,0.0997168015808843,0.0492130492925723,0.182137554617637,0.00432523409485185
0.031,0.103982719695661,-0.00523852812670346,16.7673508068271,-0.342591313489559,2039.8442211644,-24.2668672405378,161909.114734056,-3893.88434053908,3594030.225701,1367591.86201857,-1167609805.61299,406703075.060294,-199975359885.296,-155998667665.271,0.00523852812670346,0.0996085885674491,0.0525911289582849,0.197236331034672,0.00307256631836471
0.032,0.121797117209576,-0.00559384169902773,18.8886982735521,-0.368561544950907,2203.34741707059,-27.4156717487137,164886.010830303,-2348.94071893457,2326432.74014536,1696295.60324623,-1367585165.49972,250704407.395,-199951138039.463,-160801214370.806,0.00559384169902773,0.0994662898831586,0.0562385679168161,0.212807554026232,0.00130167490635595
0.033,0.141815055454529,-0.00597643002513362,21.1748177858787,-0.396859865118457,2369.16038211284,-28.8813806487262,166495.325798025,-554.093114385972,858872.005625904,1866599.40345583,-1567536303.53967,89903193.0241668,-17651512373.5814,-161287958595.515,0.00597643002513362,0.0992814698129829,0.0601968326656672,0.228920107733522,-0.000839052717244489
0.034,0.164202225352061,-0.00638774462928402,23.6273035151413,-0.425704790523837,2535.82315238362,-28.4939105274878,166567.487733152,1330.57655914936,-717490.05410056,1875858.61718224,-1585187815.91276,-71384765.5713771,199947415635.592,-157976984565.29,0.00638774462928402,0.099044252110702,0.0644938448537571,0.24561165217285,-0.00315086061355161
0.035,0.189125158864352,-0.00682739726583399,26.2462264464767,-0.453225060509073,2701.77602826293,-26.2438844950303,165090.728340368,3144.41329611836,-2202704.16219553,1725485.35932821,-1385240400.27575,-229361750.136693,199971504246.206,-149447691772.739,0.00682739726583399,0.0987432464142106,0.0691429288965673,0.262871221182496,-0.00540293656782091
0.036,0.216749685401694,-0.00729315042341107,29.030124669653,-0.477619959599919,2865.54286326837,-22.2811824647572,162228.732562075,4730.30983174944,-3487958.81034817,1421399.76330515,-1185268896.02731,-378809441.909455,199978722479.594,-130554985718.254,0.00729315042341107,0.098365521427709,0.07414336159211,0.280625881828842,-0.00735517380785689
0.037,0.247239464694581,-0.0077810667023652,31.9761528530433,-0.497315958873279,3025.83840405624,-16.9087474494067,158181.469090793,5940.54570981348,-4573238.34513568,977312.828536569,-985290173.544894,-509364427.627725,199981382128.635,-83441828024.6199,0.0077810667023652,0.0978966379412802,0.0794824711654796,0.298734333322896,-0.00878309797902123
0.038,0.280754701843852,-0.00828581058325077,35.0802803980319,-0.511113466862801,3181.57737150331,-10.567916139425,153148.915889239,6649.26935319875,-5458537.82761626,426227.486896534,-785308791.41314,-592806255.652354,199981604742.183,26070319225.6667,0.00828581058325077,0.0973207547115518,0.0851391936674661,0.316989008511515,-0.00950244444521172
0.039,0.317451062042003,-0.0088010869410011,38.3374914165122,-0.518310193419189,3331.87446624722,-3.80324782208008,147331.053933373,6783.43876547338,-6143855.81665831,-153543.609142987,-585327186.667912,-566735936.42669,199979233131.145,103563471124.302,0.0088010869410011,0.0966208207065648,0.0910889275897355,0.335126537438368,-0.00939084716518109
0.04,0.35747878527394,-0.00932017916182726,41.7419847116403,-0.518770063428527,3476.04437020936,2.81327829405251,140927.864395569,6363.78776663777,-6629193.38676064,-668497.810007526,-385347953.534242,-463172465.302384,199970848406.191,131691752336.096,0.00932017916182726,0.0957788669371393,0.0973093487099216,0.352845453718229,-0.00840420372227407
0.041,0.400982000998813,-0.00983651348576674,45.2873737587644,-0.512904508974313,3613.60174537145,8.7711089011541,134139.325506775,5485.6523493684,-6914555.91609179,-1065824.39914186,-185377105.126558,-331480712.966279,199916534796.269,142806601819.431,0.00983651348576674,0.0947764102905316,0.103786516661831,0.369829330915246,-0.00658547708142063
0.042,0.448098242811486,-0.0103441651382572,48.9668866828503,-0.501580832939721,3744.26122659173,13.6745525405357,127165.400460585,4277.88869404663,-6999974.75382021,-1325901.81119842,14539429.6695979,-188674111.146836,-28760801659.4838,146198523634.841,0.0103441651382572,0.0935949806564532,0.110520511524289,0.38577303052332,-0.00406435134883406
0.043,0.498958162757259,-0.0108382523286285,52.7735643133712,-0.485994962787654,3867.92786454705,17.2641362489447,120167.901954656,2882.01624788059,-6999815.72498035,-1441476.66052784,-14221371.9898813,-42475587.5119814,28185615656.317,144231560138.649,0.0108382523286285,0.0922167813066009,0.117530152051107,0.400409466223366,-0.00104736507650952
0.044,0.553685427248825,-0.0113151951024307,56.7004091352857,-0.467530632411352,3984.59466281129,19.4243445503151,113165.673146289,1443.3403869532,-6999944.28914207,-1411836.4679705,13964243.6663155,101755972.626681,-27793144590.6548,136444219220.456,0.0113151951024307,0.0906254916144892,0.124856647956894,0.413534098032908,0.00220062291011964
0.045,0.612396703075078,-0.011772830794894,60.7404203275434,-0.447614546878213,4094.26153313933,20.1844112078537,106168.078788214,105.122608499454,-6999876.61777108,-1241858.38573359,-13828900.9243394,238200191.84715,27507326622.7198,119437675290.431,0.011772830794894,0.0888072224932231,0.132566141180604,0.425023911666069,0.00538180422846312
0.046,0.675201657111043,-0.0122103852089564,64.8865989070179,-0.42757363044178,4196.9285149405,19.7132812252624,99165.8722744174,-997.729402095487,-6999951.85538406,-943939.356241222,13678425.6982545,357637867.137591,-27272146943.2314,83733553619.5392,0.0122103852089564,0.0867516345515398,0.140751067943304,0.434848363835916,0.00819508337140243
0.047,0.742202956332974,-0.0126283047212242,69.1319440421397,-0.408500937786192,4292.59555468543,18.3066773543005,92168.2142740578,-1748.89423249799,-6999909.50315742,-544434.712293861,-13593721.2449792,441371420.757137,27091067205.6754,13587085430.4806,0.0126283047212242,0.084453226448543,0.149530163053257,0.443071198683136,0.0103670421739393
0.048,0.813496267783567,-0.0130279627905293,73.4694567117518,-0.391140942965269,4381.2626773822,16.3596937976716,85166.0230881447,-2070.37872017487,-6999957.69079956,-96269.748821484,13497345.9605656,454958506.187621,-26934156981.9611,-61240148505.4596,0.0130279627905293,0.0819127989696483,0.159046729624715,0.449843069367581,0.0116810467924936
0.049,0.889170258581973,-0.0134112692547003,77.8921360790204,-0.375814037215952,4462.9298489261,14.3144549479267,78168.325044161,-1949.37590732012,-6999927.42332997,328068.683113407,-13436811.0213981,393718357.682162,26805351502.5489,-99949496807.8924,0.0134112692547003,0.0791390984609249,0.169464518999066,0.455385798112248,0.0120014126569514
0.05,0.969306595901859,-0.0137802341487407,82.3929830994278,-0.362404020088715,4537.59708767976,12.5905685460743,71166.1467739032,-1441.10629483361,-6999961.5586001,671812.292391623,13368540.481016,293768860.874267,-26687125434.0112,-116642458898.748,0.0137802341487407,0.0761506412062143,0.180960185370261,0.459969909649357,0.0112898350252362
0.051,1.05397994697948,-0.0141365527906992,86.9649969348832,-0.350410767625918,4605.26436980092,11.5294697717931,64168.4216313038,-641.849981821311,-6999936.58083609,907259.923816516,-13318584.9529977,177126401.975516,26583212599.7474,-122123783890.9,0.0141365527906992,0.0729777180962859,0.193710534660013,0.463887707912433,0.00961193429002588
0.052,1.14325797909873,-0.0144812666895117,91.6011785260068,-0.339044650289149,4665.93171101154,11.3656823278797,57166.2562934237,333.619179001147,-6999963.55948921,1023324.43384658,13264627.6466106,55002618.0846113,-26482112029.1128,-119824144798.051,0.0144812666895117,0.0696645765564513,0.207871308566372,0.467424570244897,0.00713287241572661
0.053,1.23720135959885,-0.0148145299649986,96.2945270365982,-0.327340311058207,4719.5990928752,12.2151381541184,50168.5113624187,1364.47423109036,-6999939.98785715,1018414.97953217,-13217484.3825048,-64821526.7134451,26387125861.0678,-109470066510.951,0.0148145299649986,0.0662717741692693,0.223542075803793,0.470831273990863,0.00410231476712526
0.054,1.33586375586339,-0.0151354935528802,101.038043397672,-0.314276813106077,4766.26653079324,14.0734550344188,43166.3604866796,2332.23343618065,-6999963.90930912,898858.419563246,13169641.4784188,-174291593.2244,-26289644579.2125,-87637938195.8736,0.0151354935528802,0.0628786957858014,0.240709406639728,0.474300034268249,0.000830213931973202
0.055,1.43929183532856,-0.0154423090546197,105.824726777728,-0.298895424082793,4805.9340088637,16.8224175007536,36168.5997906789,3129.33973609905,-6999939.09012031,680747.857240909,-13120003.1007965,-261929531.420277,26192432093.1452,-47921651948.3721,0.0154423090546197,0.0595862231699289,0.259159051087718,0.477946537687021,-0.00234413224268427
0.056,1.54752526547422,-0.0157322455981471,110.647578101592,-0.280406191815304,4838.60154379352,20.2464795080736,29166.4661043562,3671.13588563842,-6999962.87717453,394857.499846446,13072428.9921988,-309851183.368652,-26088544679.3821,8340978043.21277,0.0157322455981471,0.0565195433994032,0.278350543049738,0.481799644617764,-0.00508658991787259
0.057,1.66059671383359,-0.0160019028123473,115.499596545255,-0.258271175738867,4864.2691201748,24.0637498204941,22168.6913508969,3912.45795680774,-6999934.72052202,89176.8054994003,-13016115.6871862,-301510205.32544,25979937828.5595,56303368261.8204,0.0160019028123473,0.053831079367036,0.297261414790547,0.485799666127831,-0.0071026999059718
0.058,1.77853184798511,-0.0162474887555422,120.373783029496,-0.232248427869475,4882.93675731026,27.9728904528433,15166.5785621684,3860.26355435473,-6999960.86729493,-184181.715695129,12963822.141218,-245206837.063619,-25861860402.8001,83299333630.6758,0.0162474887555422,0.0517035228202891,0.314243360399544,0.489805275937551,-0.00816852939008062
0.059,1.90134933556405,-0.0164651169628671,125.263136740602,-0.202385625382433,4894.60443849831,31.7036661487425,8168.78929587603,3567.36164239957,-6999927.97535511,-387738.885943411,-12898038.2615843,-161907503.432942,25734939768.0068,94914630534.3852,0.0164651169628671,0.0503529474636586,0.326994104461323,0.493608277398689,-0.00815446340162753
0.06,2.02906084425399,-0.0166510735680971,130.16065859614,-0.168968856750799,4899.27218642263,35.0541285405381,1166.70145801717,3114.48810982875,-6999958.54373269,-502189.074109161,12836901.5062626,-66992872.8985558,-25598852787.4903,95705792004.5474,0.0166510735680971,0.05,0.333021471361941,0.496954690738936,-0.00703923297071375
0.061,2.16167104180068,-0.0168020176291247,135.059347795096,-0.132443176155729,4896.9399814735,37.9103443758298,-5831.10511042794,2594.7535646044,-6999921.06862017,-521329.051005443,-12761951.2812272,28712919.1059931,25452486646.7071,86417228641.4877,0.0168020176291247,0.05,0.336040352582493,0.499570030635468,-0.00491257881900962
0.062,2.2991775960019,-0.0169150945369147,139.952205250874,-0.0933204266574862,4887.60784935713,40.2528196193093,-12833.1650735819,2102.1838445922,-6999956.77657804,-449407.517578706,12690535.3653169,115130147.747482,-25301670689.1227,64608853445.6509,0.0169150945369147,0.05,0.338301890738294,0.501186262649042,-0.00196623782470295
0.063,2.44157117472297,-0.0169879558659527,144.83223017617,-0.0520860808721305,4871.27576674817,42.15218009863,-19830.9935275931,1721.10954312818,-6999917.07655728,-301972.943108398,-12611135.3238003,179739001.193133,25144006044.4704,26746566165.6413,0.0169879558659527,0.05,0.339759117319055,0.501567795689857,0.0015257896314844
0.064,2.58883544588416,-0.0170186900524209,149.692423477391,-0.00911596281260628,4847.94376049328,43.7533741106595,-26833.0255041391,1513.46386164395,-6999956.20885885,-108860.658832445,12532870.720506,206485567.358774,-24988390121.4096,-21289699048.4165,0.0170186900524209,0.05,0.340373801048418,0.500533993797971,0.0052355953169106
0.065,2.74094707747639,-0.0170056799289203,154.525784379744,0.0353844259369662,4817.6118045135,45.2459348333197,-33830.8800093255,1504.29770331616,-6999917.53319904,86980.0590021212,-12455519.4008905,185195868.310356,24832613185.2857,-60573226282.104,0.0170056799289203,0.05,0.340113598578407,0.497976061259956,0.0088153197701692
0.066,2.89787573754647,-0.0169474167359461,159.325313779302,0.0814042180161546,4780.27992450981,46.8220646597603,-40832.8865333616,1673.78015875978,-6999956.74600729,241889.314171426,12377093.7842317,124622642.028251,-24682009383.5821,-83536634919.6041,0.0169474167359461,0.05,0.338948334718922,0.493866728433081,0.011933048574517
0.067,3.05958409421155,-0.0168423115210212,164.084010911129,0.129107984112534,4735.94809403527,48.6340792228226,-47830.7684007083,1964.05802145873,-6999920.65691485,324743.638739874,-12304915.5993277,41086007.1086444,24535951770.9557,-93355896323.8838,0.0168423115210212,0.05,0.336846230420425,0.488261886408106,0.0143067342823633
0.068,3.22602781564375,-0.0166885454105871,168.794876659294,0.17877915023712,4684.61633681807,50.7634669024901,-54832.7521901284,2293.78534769894,-6999957.5966287,319151.697686576,12231036.1714659,-52269889.2152413,-24392943995.0102,-92527048599.113,0.0166885454105871,0.05,0.333770908211743,0.481294111633724,0.0157324654788211
0.069,3.39715557008319,-0.016483989495446,173.450910266781,0.23073975279237,4626.28462796289,53.2042611571395,-61830.659759338,2571.38092601138,-6999923.03245474,220618.284171779,-12161907.8235108,-144796937.814356,24254337770.868,-80172329650.7621,0.016483989495446,0.05,0.32967978990892,0.47315881206759,0.0161041048392876
0.07,3.57290902582348,-0.0162262111741504,178.04511260641,0.285259772818139,4560.95299030001,55.8584778885339,-68832.6213560767,2706.23868633419,-6999957.77139281,35735.1815320419,12092429.9471965,-224969267.465118,-24112523095.9099,-51335315890.6028,0.0162262111741504,0.05,0.324524223483008,0.46409443424245,0.0154223299531783
0.071,3.75322285122447,-0.0159125715796835,182.570482929328,0.342467524399736,4488.62140077468,58.5429503162295,-75830.551666346,2620.9333481519,-6999921.60299357,-214901.743878377,-12020093.148669,-276304583.35572,23970592330.5374,-1009211589.00516,0.0159125715796835,0.05,0.31825143159367,0.454358731127632,0.0137922849289871
0.072,3.93802471469925,-0.0155404070160793,187.020022099597,0.402273603331742,4409.28988373258,61.0103399780683,-82832.4882171928,2267.71111066416,-6999956.39997697,-491710.9330286,11950499.1817084,-277313794.944722,-23814693627.1316,54663152381.4596,0.0155404070160793,0.05,0.310808140321587,0.444203448159883,0.0114102823897769
0.073,4.12723528472829,-0.0151072730138884,191.386729379313,0.464324747827868,4322.95841678628,62.9882542877445,-89830.438483184,1646.45380556011,-6999913.24760882,-741693.151782592,-11864194.4453683,-222650642.563259,23649538445.7303,91969544001.044,0.0151072730138884,0.05,0.302145460277768,0.433849909950388,0.00854119441810453
0.074,4.32076822984779,-0.0146112123615154,195.663605627398,0.528004102795938,4229.62702971092,64.2305851413199,-96832.3422382752,808.763589829396,-6999952.67283133,-918359.022345329,11785344.0002015,-130681098.56221,-23449315400.2774,111807787818.204,0.0146112123615154,0.05,0.292224247230309,0.4234678708592,0.00548922405492127
0.075,4.5185302186679,-0.0140509973708952,199.843650122865,0.592481496580987,4129.29569830536,64.5630476947083,-103830.31045834,-156.301350494005,-6999891.98653126,-993136.226998437,-11663971.400011,-18873310.7440014,23220674063.6295,120422030909.524,0.0140509973708952,0.05,0.281019947417905,0.413159646358708,0.00256546702208361
0.076,4.72042091986168,-0.0134263017713908,203.919863724793,0.656801088025005,4021.96446538655,63.9120502635442,-110832.164318228,-1138.80389437952,-6999945.62089946,-951798.522287676,11556702.6634562,101548720.165527,-22901686661.6369,120544210014.938,0.0134263017713908,0.05,0.268526035427817,0.402951002439667,5.58928951222551e-05
0.077,4.92633300219249,-0.0127377731034908,207.885245741107,0.719990338986147,3907.63330013798,62.3192945701299,-117830.148535573,-2019.73735491528,-6999839.76156682,-789977.69711468,-11344983.9981057,222092930.180467,22501540221.1622,111138176759.83,0.0127377731034908,0.05,0.254755462069815,0.392789605394762,-0.00180686170470474
0.078,5.13615213450291,-0.0119869906507139,211.73279704183,0.78117828195294,3786.30227845507,59.9462146123823,-124831.910532436,-2680.14555747976,-6999933.97545434,-512315.678554298,11156556.2228915,333231106.940297,-21778605902.8426,85133773408.3024,0.0119869906507139,0.05,0.239739813014279,0.382551087773996,-0.00286504626697972
0.079,5.34975698576497,-0.0111763044036978,215.455516992733,0.8397136319178,3657.97135291896,57.0689969740036,-131829.89599743,-3011.65672032919,-6999666.72218287,-136517.68490985,-10622049.6798648,418364880.348595,20744560523.5584,23179423307.7283,0.0111763044036978,0.05,0.223526088073955,0.372052046154156,-0.00304863867471913
0.08,5.56701922507296,-0.0103085603857461,219.046406516826,0.895271672616102,3522.64071757544,54.0597747005779,-138831.416317699,-2935.12872784679,-6999916.49160095,293436.907092609,10122510.8435253,441544303.656315,2728120598.69578,-64732027685.8444,0.0103085603857461,0.05,0.206171207714922,0.361068618810271,-0.00237838813509444
0.081,5.78780352180476,-0.00938673219773005,222.498465318006,0.947930647349765,3380.31114376868,51.3422579757293,-145825.816867113,-2431.70834020699,-6988429.92045808,702615.196906002,12850631.4423184,376812275.970459,-48628922651.8835,-115098513765.755,0.00938673219773005,0.05,0.187734643954601,0.349358768517859,-0.000959078543493836
0.082,6.01196754724742,-0.00841350345023632,225.80469894523,0.998188895045495,3230.99122750803,49.3198635085603,-152815.926292292,-1559.87009094339,-6999893.7503417,1021878.21599358,-35778291.2097285,261713762.204688,71817452626.0751,-137866116853.179,0.00841350345023632,0.05,0.168270069004726,0.336686069502764,0.00103577547480355
0.083,6.23936198062533,-0.00739087003405564,228.958114668357,1.04690889240044,3074.67238368577,48.3088070644436,-159821.739612801,-430.112679989652,-6999763.31523839,1214658.91977168,36039161.4164508,123847645.351492,199685928710.338,-148455621655.486,0.00739087003405564,0.05,0.147817400681113,0.322842694043398,0.00338553344727175
0.084,6.4698305034504,-0.00631982698690284,231.951712720704,1.09520900946662,2911.36508918915,48.5004794676623,-166770.202359213,821.727458848531,-6863881.18946677,1264278.75429543,235725090.127353,-24607976.3040109,199825104972.797,-152451398401.538,0.00631982698690284,0.05,0.126396539738057,0.307669216757124,0.00584752496673175
0.085,6.70320981992945,-0.00520017852164583,234.778560215608,1.14432877002882,2741.21055979612,49.9438928326758,-173482.916819454,2048.2936585917,-6528243.54685302,1163445.07879065,435550195.100896,-177059374.705562,199838375181.261,-151290950844.578,0.00520017852164583,0.05,0.104003570432917,0.291069717926475,0.0081827769273527
0.086,6.93932980350309,-0.00403048963166389,237.431961089653,1.19548207897212,2564.54443950123,52.5380953452631,-179760.078872894,3097.99389155548,-5992774.16416149,910740.228662799,635388570.282857,-328350325.550148,199804654884.25,-143517746874.764,0.00403048963166389,0.05,0.0806097926332777,0.273021748460571,0.0101796825648636
0.087,7.17801383267345,-0.0028081871607741,239.905654833591,1.24970608405654,2381.9021968351,56.0307543907767,-185401.8579761,3820.63933296408,-5257483.26643651,510631.029675269,835193225.167598,-471868072.424912,199659226071.433,-121340160193.489,0.0028081871607741,0.05,0.056163743215482,0.253580864932671,0.0116732589475422
0.088,7.41907932647186,-0.0015298117507659,242.194016317776,1.30771159094778,2194.01911523091,60.0230087198389,-190208.468092274,4075.11296639464,-4322460.4282332,-21907.1228463872,1034852451.23921,-593208232.618388,110640725916.051,-46908731266.857,0.0015298117507659,0.05,0.030596235015318,0.232879462008409,0.012558161060494
0.089,7.66233847961144,-0.000191415391310446,244.292254829752,1.36974339704795,2001.82650236315,63.986345555578,-193995.062173901,3748.78360536125,-3232287.61403596,-638569.721098204,1145493177.15508,-640116963.885222,-199692721889.347,92729292055.599,0.000191415391310446,0.05,0.00382830782620892,0.211120087478477,0.0127943159303977
0.09,7.9075991897724,0.00121091416319682,246.196591151206,1.43547180732335,1806.39789138152,67.3130218602518,-196687.885319675,2805.6102843297,-2186640.79782555,-1232322.03895563,945800455.265221,-547387671.829587,-199842546863.449,143147074853.361,0.00121091416319682,0.05,0.0242182832639364,0.188563885221343,0.0124049034446152
0.091,8.15466611504977,0.00268045437366713,247.904318402795,1.50396063239195,1608.76599229922,69.4172043079238,-198434.932981011,1323.45225526817,-1340761.61599206,-1708136.17335853,745957908.401011,-404240596.97618,-199884113698.259,160873264527.653,0.00268045437366713,0.05,0.0536090874733425,0.165514746977711,0.0114674848003551
0.092,8.40334169403413,0.00421926986601466,249.413672884216,1.57373937071767,1409.77667632341,69.8259180963767,-199436.029661752,-559.992005823847,-694745.764440175,-2031940.13807089,546073794.701884,-243367332.448474,-199891656271.782,168632189272.058,0.00421926986601466,0.05,0.0843853973202933,0.142299138435578,0.0101001568454766
0.093,8.6534269912441,0.00582774240576013,250.723636842061,1.64293790108423,1210.07595725942,68.2164211406649,-199891.053804887,-2685.5104452403,-248617.797874182,-2190991.37588333,346182138.429322,-74735143.1763622,-199858485965.597,171848632847.747,0.00582774240576013,0.05,0.116554848115203,0.119242282394892,0.0084449874490794
0.094,8.90472234313797,0.00750424925692155,251.833738594889,1.70944471988065,1010.10996414164,64.430119509989,-199999.890281207,-4885.22795390386,-2364.90242765887,-2179802.20263582,146323652.463282,97113489.6714348,-199583281955.505,171998018900.713,0.00750424925692155,0.05,0.150084985138431,0.0966428204042111,0.00665076950519192
0.095,9.15702780424412,0.0092450050549741,252.743852653366,1.77107440475885,810.124962714441,58.4783426204973,-199962.357237729,-6987.80707522051,44167.1090578705,-1996689.70351403,-53259629.49231,269111508.572186,-43517230597.584,168773298552.602,0.0092450050549741,0.05,0.184900101099482,0.0747484321592688,0.00485692676368025
0.096,9.41014339365594,0.0110440732781319,253.454001216853,1.82573868164821,610.173999208284,50.5440748323827,-199952.072815184,-8821.81214135635,-30851.1357332315,-1643191.54566554,-96776860.0898386,437884807.124809,195886272018.907,159136668333.465,0.0110440732781319,0.05,0.220881465562638,0.0537347747292384,0.00318018179970618
0.097,9.66386915470767,0.0128935490989236,253.964191637815,1.87161755649154,410.198533276456,40.980278413887,-199998.664668959,-10219.5385054039,-29684.8598136163,-1125738.404374,99109411.9290949,597021475.45827,-124661536363.036,126743829815.33,0.0128935490989236,0.05,0.257870981978472,0.0336898741345264,0.00170526579605312
0.098,9.91800511191787,0.0147839117836516,254.274388981993,1.90732637467877,210.196350182132,30.3026552784385,-199999.571745535,-11025.6422004129,7093.78393396009,-465345.014008062,-25552124.4338823,723765305.273569,39285285624.3012,-56939801575.9156,0.0147839117836516,0.05,0.295678235673032,0.0146062385943341,0.000480505492372499
0.099,10.1723512659508,0.0167045384418567,254.384585991306,1.93206833374408,10.1977035279574,19.1625956301577,-199998.706476215,-11138.5945287135,1184.30231222921,229950.390477549,13733161.1902094,666825503.697591,-53509553743.2465,-152288704985.968,0.0167045384418567,0.05,0.334090768837134,-0.00361726828254148,-0.000481424221985776
0.1,10.4267076177662,0.0186443465676291,254.294784665281,1.94572647249844,-189.800351501751,8.24376851791437,-199999.573852261,-10600.6128372181,-11837.3133691879,820631.541682156,-39776392.5522557,514536798.711531,194158309538.153,-171934959643.958,0.0186443465676291,0.05,0.372886931352582,-0.0211641856969285,-0.00119803721802409
0.101,10.680874168439,0.0205924663975703,254.004982514603,1.94882671276335,-389.80438348001,-1.86793637200517,-199998.939643655,-9551.36872278753,45465.4488476352,1249200.86057171,154381916.987085,342601839.067456,-169546543881.959,-179398324595.446,0.0205924663975703,0.05,0.411849327951407,-0.0382815747030882,-0.00170841608433337
0.102,10.9346509185513,0.0225388219032481,253.515191258567,1.94240407226401,-589.7619245192,-10.7450792881941,-199904.540993626,-8160.76666344799,115074.093893742,1502103.53734144,-15164626.8952523,163203514.471876,-197586717807.837,-182761282960.22,0.0225388219032481,0.05,0.450776438064962,-0.0552551976883531,-0.00206349108746718
0.103,11.1878379158187,0.0244745570019327,252.82549396415,1.92783423736943,-789.619688683743,-18.1352086506868,-199829.980332814,-6607.5215826973,1116.10809457171,1573926.41033321,-212751344.704386,-19557768.4884873,188706362588.565,-184039620707.893,0.0244745570019327,0.05,0.489491140038653,-0.0723807739967593,-0.00231679385008079
0.104,11.4402352934781,0.0263922875430547,251.93595217923,1.9066552404253,-989.476706755001,-23.9666949738289,-199903.78883664,-5074.04732672631,-117282.055315532,1462348.83149077,-24044982.1173398,-203597389.196519,199601951265.041,-183744201865.471,0.0263922875430547,0.05,0.527845750861093,-0.0899347179070455,-0.0025167682676678
0.105,11.6916431851965,0.0282861727407942,250.84650469252,1.88038523216716,-1189.43482736851,-28.3511567914169,-199999.826391136,-3744.12122347803,-41526.0618003521,1166879.34136152,175556969.146708,-387341591.06211,199849714989.21,-181543633750.937,0.0282861727407942,0.05,0.565723454815884,-0.108148319798004,-0.00270142870577596
0.106,11.9418616391819,0.0301518035143428,249.557072011231,1.85033884255769,-1389.41783022439,-31.5839595941237,-199920.265682531,-2801.16994993938,233955.76484096,688765.933423939,375406684.135659,-568885224.813136,199889210004.516,-175534727523.442,0.0301518035143428,0.05,0.603036070286855,-0.12718664460773,-0.0028958804597242
0.107,12.1906906953885,0.0319859072295157,248.067750348479,1.81744392597045,-1589.15022152689,-34.1428747284566,-199465.291707289,-2426.10241684257,709307.053978876,32113.3448490817,575295894.140327,-744419952.336626,199890075975.235,-155590073178.149,0.0319859072295157,0.05,0.639718144590313,-0.147132549165177,-0.00311291283702495
0.108,12.4379306610377,0.0337858702861761,246.37901133535,1.7820610381758,-1788.15664830516,-36.6834733846341,-198435.021693577,-2792.13072702482,1384547.98610682,-790101.644076619,775185970.115872,-900010025.514773,199863159524.379,47842899377.8035,0.0337858702861761,0.05,0.675717405723521,-0.167976966769662,-0.00335655472091123
0.109,12.6833825859729,0.0355490838779987,244.491901899134,1.74381271409345,-1985.76187071251,-40.0186631504622,-196629.570195825,-4024.26356729586,2259665.53598488,-1666190.21990249,975049129.640529,-852167126.136913,199756081863.926,165962804816.544,0.0355490838779987,0.05,0.710981677559974,-0.189616311029944,-0.00362815783559815
0.11,12.9268489378978,0.0372721402544375,242.408244145923,1.70147009684918,-2181.09077678214,-45.0111345651849,-193849.08741471,-6088.87688279739,3334592.70655737,-2435375.94363113,1174805211.50458,-686204321.320258,-160989853960.602,181164785741.928,0.0372721402544375,0.05,0.74544280508875,-0.211857162119267,-0.00393411775184019
0.111,13.1681344769826,0.0389499830304367,240.130832199515,1.65298154571187,-2373.0834748857,-52.4245182739338,-189953.923744727,-8837.16085613167,4428902.99108165,-3030997.87208043,1013815357.54387,-505039535.578168,-199774122011.044,186552489414.759,0.0389499830304367,0.05,0.778999660608734,-0.234427693735243,-0.00429345317207484
0.112,13.4070473011666,0.0405751492157235,237.663550490773,1.595613791988,-2560.6623018305,-62.8535783016346,-185051.408761875,-12089.5864144321,5342831.28761999,-3442761.16295121,814041235.532493,-318487046.163206,-199879671785.327,189020862483.072,0.0405751492157235,0.05,0.81150298431447,-0.256994925300462,-0.00474316964888121
0.113,13.6433999077296,0.0421371754475736,235.011285209158,1.52612993183231,-2742.91494972908,-76.7097506026281,-179334.87013512,-15660.0876233844,6056932.68725982,-3666737.77787288,614161563.746644,-129466183.679903,-199906351344.628,190154804997.891,0.0421371754475736,0.05,0.842743508951472,-0.279187551488891,-0.00534020923816696
0.114,13.8770101035321,0.0436221868939711,232.179736237316,1.44097520465413,-2919.12732269135,-94.216861695354,-173004.17439121,-19359.8660255976,6571141.07533415,-3701126.55905384,414255212.401399,60688621.3182317,-199903185748.843,190453944756.042,0.0436221868939711,0.05,0.872443737879421,-0.300623687080195,-0.00615965953227218
0.115,14.1077017190516,0.0450126735800814,229.175217612376,1.3364656713283,-3088.78521330899,-115.409240649232,-166259.2229073,-22998.9059498663,6885444.69486113,-3545210.96535759,214352026.651975,251142566.074514,-199829831760.473,190027552651.92,0.0450126735800814,0.05,0.900253471601629,-0.320941203062262,-0.00728939678926317
0.116,14.3353051225897,0.0462874561197395,226.004457627809,1.2089781570465,-3251.57431477416,-140.130977172747,-159299.907171073,-26386.8743734113,6999881.80563287,-3199054.62295711,14522194.8911287,441170118.726654,-28919723626.7279,188708659886.469,0.0462874561197395,0.05,0.925749122394791,-0.339827705967233,-0.00882170951035503
0.117,14.5596575348188,0.0474218416203586,222.674400370504,1.05514052157709,-3407.37306566516,-168.035987643701,-152297.584221932,-29333.8924936907,6999944.13871063,-2663530.17428722,-14397528.73519,629878778.613309,895068067.823341,185875673121.188,0.0474218416203586,0.05,0.948436832407173,-0.357047246982221,-0.0108427475187205
0.118,14.780603157272,0.0483879696927364,219.192044577639,0.872021459903978,-3556.17304011143,-198.588920608402,-145304.689669577,-31651.5039998178,6985994.14400935,-1940713.55911332,-13502460.6677106,815754451.734636,54922418498.9204,179513843359.489,0.0483879696927364,0.05,0.967759393854728,-0.372461070588853,-0.0134208507045918
0.119,14.9979931889288,0.0491553476258503,215.564383420127,0.65731882075345,-3697.98469468508,-231.067342569032,-138316.293019485,-33154.4213591705,6999952.8925911,-1035202.18569894,41419957.8314783,995268295.094213,-83390646133.8346,159894496285.934,0.0491553476258503,0.05,0.983106952517006,-0.386039737087934,-0.0165949158973816
0.12,15.2116858191808,0.04969157242092,211.798408268649,0.409544535773804,-3832.7975825423,-264.566824701208,-131309.528589,-33665.340314608,6999677.52735566,40013.3575382419,-41970688.3023292,1155162791.38018,84503243606.0362,-27714599997.1878,0.04969157242092,0.05,0.9938314484184,-0.397864689441803,-0.0203639554491925
0.121,15.4215462351582,0.0499632339092127,207.90112149014,0.128199610636449,-3960.61074651394,-298.020785980165,-124316.752531861,-33052.3646613792,6999958.46085635,1181318.84891983,42532555.3034895,1127448191.38298,-85355516344.9744,-159901638895.67,0.0499632339092127,0.05,0.999264678184254,-0.408118875006212,-0.0246789046109487
0.122,15.6274466237177,0.0499369727931494,203.879520087988,-0.186104826704259,-4081.42398753609,-330.301245753486,-117309.753712743,-31333.9719899172,6999813.25798735,2228816.22085497,-42822961.0409563,967546552.487249,85942530986.1271,-175445293578.583,0.0499369727931494,0.05,0.998739455862988,-0.417067662667072,-0.0294377017582703
0.123,15.8292661716083,0.0495805957015404,199.740606791028,-0.531662736686027,-4195.23739084132,-360.3668620948,-110317.028180112,-28650.6233750817,6999961.56243945,3108640.12655292,43119569.9444601,792101258.908579,-86464320492.5355,-180119656080.818,0.0495805957015404,0.05,0.991611914030807,-0.425031998206951,-0.0344850323708794
0.124,16.0268910654375,0.0488641103073975,195.49137862246,-0.905805300557748,-4302.05085432534,-387.338653515793,-103309.917552782,-25175.9525617546,6999848.97213764,3810681.55742109,-43344750.5470392,611981602.82766,86917419357.2498,-181108561422.613,0.0488641103073975,0.05,0.977282206147951,-0.432356490901441,-0.0396180347294553
0.125,16.2202144917337,0.047760603314842,191.138838369124,-1.30507282676529,-4401.86444995811,-410.514814555088,-96317.2547193576,-21089.4649631567,6999962.93126923,4332108.87953745,43572668.8090041,430873041.404946,-87357207846.4083,-179517934200.575,0.047760603314842,0.05,0.95521206629684,-0.439375595575096,-0.0445980882314561
0.126,16.4091366369096,0.0462469420159392,186.689983039836,-1.72539389859408,-4494.67810098414,-429.373892818825,-89310.0649883244,-16571.8392186169,6999856.99615503,4673222.95384211,-43784539.0358569,251355107.204284,87781565484.4339,-174399224411.917,0.0462469420159392,0.05,0.924938840318783,-0.446381205983158,-0.0491676491146254
0.127,16.5935646873065,0.0443042957679144,182.151815456337,-2.16226582072672,-4580.49187733243,-443.574494676992,-82317.4700007726,-11802.0052485746,6999963.23986139,4837378.44884043,43997026.4468722,76955882.7923061,-88212695384.2234,-160827467697.474,0.0443042957679144,0.05,0.886085915358287,-0.453594791909296,-0.0530704684070677
0.128,16.7734128291557,0.041918477674492,177.531332602636,-2.61093322201981,-4659.30570840461,-452.951685865153,-75310.2103635845,-6952.95343628761,6999853.91861614,4833920.597784,-44215668.93529,-83871584.9051967,88649870053.9717,-108194246689.473,0.041918477674492,0.05,0.83836955348984,-0.461146735760704,-0.0560731803747899
0.129,16.9486022486182,0.0390801103482806,172.835537327788,-3.06656012743784,-4731.11966734255,-457.506165693628,-68317.689301093,-2179.00100540446,6999963.18470784,4695951.88953407,44434201.1164756,-192065831.594664,-89093827672.5027,97254038949.2925,0.0390801103482806,0.05,0.781602206965613,-0.469064786630587,-0.0579861065734411
0.13,17.1190611317431,0.0357846281705056,168.07142658529,-3.52438032727828,-4795.93368159401,-457.36514947456,-61310.357987105,2437.12697482382,6999850.47198806,4552513.07741405,-44659626.5534503,-94811792.6453341,89545199275.7766,149351609818.994,0.0357846281705056,0.05,0.715692563410112,-0.477272643228639,-0.0586811405885322
0.131,17.2847246645079,0.032032160561854,163.246003251828,-3.97977086698027,-4853.74782656631,-452.661344942715,-54317.9131285136,6967.12609088502,6999963.4450725,4532377.08967821,44885572.719615,54539817.1737232,-89985348138.7882,159646632356.648,0.032032160561854,0.05,0.640643211237081,-0.485598674863574,-0.0581045763699948
0.132,17.4455350327757,0.0278274097355151,158.366264249613,-4.42818964981484,-4904.56202643306,-443.412288394438,-47310.5044551037,11553.3808612095,6999856.34372272,4666740.22303026,-45099775.4160799,214186449.53045,90415750442.2348,157527831056.329,0.0278274097355151,0.05,0.556548194710301,-0.493793807745927,-0.0562825913646136
0.133,17.6014414223391,0.0231796359563205,153.439212487971,-4.86503722057417,-4948.37635202264,-429.483276020495,-40318.1287073478,16353.4689475144,6999964.44352776,4959690.58808887,45315975.0229342,371714280.586861,-90814986026.7415,138846507468.893,0.0231796359563205,0.05,0.463592719126409,-0.501556720033919,-0.0533178443827186
0.134,17.7524000188802,0.0181027926202854,148.471844863696,-5.28550050187373,-4985.1907298035,-410.582224127698,-33310.6421073123,21522.1577604748,6999872.92553731,5400828.12241018,-45499011.0001975,510560788.055827,91184409456.5862,33741209189.4967,0.0181027926202854,0.05,0.362055852405708,-0.508563805754385,-0.049377218833872
0.135,17.8983740080148,0.0126158173688379,143.47116432239,-5.68439995455806,-5015.00521926616,-386.273152957636,-26318.3212856982,27183.8898117778,6999966.11926542,5928259.51506075,45685398.4526551,544301997.245379,-91518078498.8073,-128209592740.468,0.0126158173688379,0.05,0.252316347376759,-0.514500931117244,-0.0446719538873033
0.136,18.0393335752601,0.00674306285485279,138.444167744395,-6.05607150852097,-5037.81975651242,-356.039758455168,-19310.7654802887,33362.9320600045,6999892.47846866,6408456.71593589,-45832680.0420268,416092404.504944,91816436537.8976,-155563793430.135,0.00674306285485279,0.0500572567033541,0.134706999522828,-0.519093873893061,-0.0394323511613225
0.137,18.1752559060738,0.000514802226342151,133.397858109316,-6.39434568400862,-5053.63438884862,-319.409731127859,-12318.4866024173,39953.5076792878,6999968.01669559,6746767.22372577,45983756.4916223,260528611.074834,-92087564031.2361,-154911734631.46,0.000514802226342151,0.0510845122134094,0.0100774619162756,-0.522134499312473,-0.0338802174331232
0.138,18.3061251858288,-0.00603230633391077,128.339232287081,-6.69264463566569,-5062.44906446509,-276.045873057163,-5310.87463481366,46804.7205861125,6999907.99117158,6929839.96748487,-46103807.534974,105616876.443452,92330860146.3436,-111500815263.754,0.00603230633391077,0.0531556261513369,0.113483873122602,-0.523500181376451,-0.0282028771738176
0.139,18.4319325998454,-0.0128548836505748,123.275293285047,-6.94412970357273,-5064.26382195305,-225.763275541896,1681.36992928229,53768.7855226085,6999969.61370979,6979706.43629645,46227052.6066052,-5883938.82025396,-92558240013.1818,6860988688.14812,0.0128548836505748,0.0559889184249968,0.229596927609797,-0.523164662971825,-0.0225321148286983
0.14,18.5526763333704,-0.0199026427459114,118.213037964454,-7.14184548993716,-5059.07861930146,-168.505331583105,8689.02669596064,60746.6934876095,6999917.54630979,6977252.99182027,-46331187.401423,977049.868030492,92768571856.6275,3358918348.2597,0.0199026427459114,0.0593442222268156,0.335376250611944,-0.521199406935269,-0.01693023332782
0.141,18.668361571603,-0.0271183257208882,113.159469354014,-7.27881453057719,-5046.89349033974,-104.269708803032,15681.2400772133,67724.9948240886,6999970.64483669,6979909.50086243,46437384.4499244,4335968.21633631,-92973957030.1961,-2752794600.88886,0.0271183257208882,0.063019495642095,0.430316451196318,-0.517765423844687,-0.0113842479471894
0.142,18.7790004996757,-0.0344376967447018,108.121584305578,-7.34805826599352,-5027.7083992909,-33.0541512669341,22688.9337547707,74706.6135099591,6999921.0507715,6982869.07177832,-46536572.5746047,1583173.61542014,93172761787.6832,-440803960.725981,0.0344376967447018,0.0668474410851667,0.515168511848144,-0.513096491875186,-0.00580802134782185
0.143,18.8846123026762,-0.0417895400184629,103.106385864072,-7.34259523670227,-5001.52337890776,45.1441422743417,29681.1153128869,81690.2007012184,6999970.85909075,6984231.84341337,46636189.2072838,1142369.65469497,-93377589861.1281,-660763927.660098,0.0417895400184629,0.0706921652104361,0.591148112298781,-0.507475507086883,-5.15362312342003e-05
0.144,18.9852231656284,-0.0490956571321602,98.1208708696417,-7.25544191334545,-4968.33839620003,130.326621760376,36688.8413349386,88674.8936021379,6999918.25336746,6985043.83110424,-46741400.6476644,481605.727045428,93586773016.0073,-459525686.277859,0.0490956571321602,0.0744459090434799,0.659480927333241,-0.501206351811752,0.00608373977991336
0.145,19.0808662735112,-0.0562708655386683,93.1720423794652,-7.07961365457578,-4928.15348652297,222.494098398789,43680.9866834856,95660.1016484913,6999970.23922781,6985295.67398814,46845372.3620351,22080.0407680772,-93814494866.9171,-512000149.282424,0.0562708655386683,0.0780258750916108,0.721182113915419,-0.49458407224902,0.0128249509988629
0.146,19.1715818112379,-0.0632229977401553,88.2668972180756,-6.80812529275501,-4880.96861609508,321.646830230954,50688.7438597507,102645.323029142,6999908.36415637,6985061.75395427,-46969122.4981902,-489920.108494649,94059280372.3217,-505849491.394586,0.0632229977401553,0.0813711751329618,0.776970439923572,-0.487866288690777,0.0204054089360599
0.147,19.2574169636746,-0.0698529010243468,83.4124384520666,-6.43399164868059,-4826.78382710364,427.784581406678,57680.8442093875,109630.055514793,6999968.88184435,6984318.90910008,47090157.8673116,-995769.599920871,-94339705772.9734,970157055.735378,0.0698529010243468,0.0844399192975641,0.827249736918708,-0.481248602673647,0.0290418225857378
0.148,19.3384259156146,-0.0760544376999124,78.6156628844549,-5.95022801977221,-4765.59908091474,540.906670837654,64688.6348858708,116614.038231936,6999889.18682516,6983808.21802802,-47249547.8984603,-25612.544144195,94654737406.7657,-21740482631.8592,0.0760544376999124,0.0872064639489031,0.872119270246699,-0.474846344811336,0.0389134232010509
0.149,19.4146698517981,-0.0817144857494714,73.88357358922,-5.34985054402168,-4697.41443241269,661.011703056429,71680.6750883152,123594.21022992,6999967.0076301,6972912.36416795,47405189.5009747,-21766095.1760372,-95030601963.1681,78385258272.021,0.0817144857494714,0.0896588328006272,0.911393592767134,-0.468684358123735,0.0501449913221643
0.15,19.4862169568793,-0.0867129409412719,69.2231673387945,-4.62587983750138,-4622.22983256401,788.092007838357,78688.506257036,130569.303756212,6999856.89614947,6990338.89812792,-47625412.454486,56619163.0957196,95466945138.7919,-123191326279.948,0.0867129409412719,0.0917963226619739,0.944623253162104,-0.462695711910695,0.062795378168074
0.151,19.5531424154498,-0.090922721659225,64.6414472133208,-3.77133678876623,-4540.0453576382,922.16078459891,85680.4616044821,137567.420348174,6999964.9562644,6985362.39808367,47841532.6764661,-66572163.183805,-96000534398.4508,-185679188491.304,0.090922721659225,0.0936273022489954,0.971113334200555,-0.456729358058781,0.0768525574057584
0.152,19.6155284119924,-0.0942097599080347,60.1454099406834,-2.77923238809543,-4450.86093998899,1063.20205415276,92688.347238019,144488.550133251,6999806.22174162,6825950.64065421,-48159001.713778,-252251351.674785,96631714176.9505,-192171484192.836,0.0942097599080347,0.0951672096224098,0.989939289822893,-0.450565875219946,0.0922357675353826
0.153,19.6734641309131,-0.0964330277982669,55.7420586073022,-1.64266051233989,-4354.67668981887,1211.05353056923,99680.1792446005,151156.346517369,6999963.07711634,6477613.546883,48472712.4548278,-444422835.867341,-97412655406.4462,-193727331065.412,0.0964330277982669,0.0964367510707546,0.99996139156031,-0.443939666265904,0.108803967179592
0.154,19.727045756473,-0.0974447028957435,51.4383898755217,-0.35496933826692,-4251.49250911083,1365.36654141527,106688.143235377,157379.460757807,6999729.46186792,5936327.04548296,-48939942.9429241,-638150166.932514,98343981161.4723,-194053197084.567,0.0974447028957435,0.097460301637299,0.999839947739814,-0.436565371566497,0.126368697257612
0.155,19.776376472836,-0.0970905172937238,47.241406839953,1.09004811466778,-4141.30856013567,1525.59972178479,113679.793389301,162964.37052031,6999961.50950575,5201150.28000816,49404038.2097104,-832203364.016894,-99534669599.7448,-193677368049.891,0.0970905172937238,0.0982645050472936,0.988052779047685,-0.428165873377439,0.144709607718461
0.156,19.8215664639672,-0.095210299079243,43.1581060657878,2.6979605909744,-4024.12469926301,1691.01789699409,120687.867806312,167717.139556968,6999598.21291557,4272108.23196632,-50130631.3808774,-1025880732.06666,100984845790.218,-192489830133.482,0.095210299079243,0.0988770685071516,0.962915876418369,-0.418499150543222,0.16359102132339
0.157,19.862732913701,-0.091638707495092,39.1954906528721,4.47350472667317,-3899.94117975341,1860.69209013543,127679.231511169,171444.225784545,6999960.00442982,3149982.58483292,50854214.4000469,-1218370562.20008,-103284462308.651,-189602067504.32,0.091638707495092,0.0993257457777871,0.9226077969765,-0.407381381893795,0.182777897087624
0.158,19.9000000055819,-0.0862061618529401,35.3605570070742,6.42039158134102,-3768.75779605672,2033.50034536586,134687.404545748,173953.422743694,6999171.98767552,1836810.98888069,-52430247.8990855,-1407972629.7044,106476326764.096,-179920819127.12,0.0862061618529401,0.0996375000397708,0.86519796079318,-0.394704102273553,0.202049647921919
0.159,19.9334989229265,-0.078739963311066,31.6603081446467,8.54111460837719,-3630.57510737801,2208.13001479822,141678.107463935,175056.260614535,6999979.9031585,338877.949612727,54046078.8555004,-1587893448.8316,-199922719008.998,96148962038.6105,0.078739963311066,0.0998378364269838,0.788678582479623,-0.380443811557914,0.221210503640101
0.16,19.9633678483657,-0.0690656066309144,28.1017393402029,10.8367638721554,-3485.39633239581,2383.09507168616,148671.789953354,174617.216666738,6954064.6225095,-1200941.01819957,-145876640.162331,-1491744486.79312,-199974396068.478,184940916645.064,0.0690656066309144,0.0999502926702074,0.690999543731212,-0.364663204486563,0.240095482591638
0.161,19.9897519564224,-0.057008254567092,24.6918301689005,13.3069067804927,-3333.2801551709,2556.87089963418,155519.587189771,172701.22689125,6708200.78431293,-2600215.04667016,-345851036.238716,-1306803570.14823,-199981659779.995,191949327122.214,0.057008254567092,0.0999960751135325,0.57010492164184,-0.347504067857817,0.258571712943065
0.162,20.0128033427852,-0.0423942477647639,21.437411763813,15.9496420738272,-3174.47244199735,2728.06221629568,162021.532179334,169479.601614026,6262358.91818421,-3811043.95325728,-545832696.025506,-1114854243.02622,-199983467910.727,194351424602.083,0.0442854132871659,0.1,0.442854132871659,-0.32917319064161,0.276536270562003
0.163,20.0326807780137,-0.0250524957966072,18.3449694048371,18.761764084273,-3009.41903511928,2895.4585848686,167977.644171521,165143.522443356,5616534.48820334,-4828722.48398246,-745816163.941792,-920502818.424321,-199982843036.2,195405887424.846,0.0411784020721934,0.1,0.411784020721934,-0.309923834826259,0.29391228759377
0.164,20.0495492616961,-0.0048156870957924,15.4204425386962,21.7389529173811,-2838.76575901597,3058.04247084554,173187.940103914,159887.116198065,4770726.90274345,-5651522.35869435,-945799006.982252,-725096930.99962,-199979769078.694,195778446525.471,0.0497827297045403,0.1,0.497827297045403,-0.290034858102523,0.31064433677244
0.165,20.0635793766246,0.0184786936589832,12.6690247961062,24.8759684450478,-2663.35842111877,3214.99113381104,177452.437541653,153905.675114959,3724938.01122185,-6278730.06643124,-1145778776.0639,-529318484.474223,-199971894253.91,195525792687.11,0.0635793766246167,0.0999872740426984,0.635874687387375,-0.26978955276259,0.326693660767485
0.166,20.074946442988,0.0449875428635427,10.0949640095641,28.1668455358504,-2484.242809863,3365.67737105341,180571.157515801,147394.873438405,2479173.28803099,-6710285.65456191,-1345750670.31951,-333792691.787087,-199945948494.934,193949986342.554,0.0749464429880184,0.0999252426538143,0.750025128762173,-0.249456262801848,0.342033733537559
0.167,20.0838294725839,0.0748615107896233,7.70136223487012,31.605089670902,-2302.66468856265,3509.66955079869,182344.131143922,140550.016435673,1033449.64346402,-6947103.35317771,-1545696618.81497,-139842705.444404,-61311222264.2161,182100458532.485,0.0838294725839148,0.0997950850614267,0.840016044200127,-0.229272642459316,0.356646588856605
0.168,20.0904099232492,0.108244569863516,5.48997693856313,35.1838720700845,-2120.0640033343,3646.73029595933,182594.513940935,133563.341806196,-542902.586483061,-6995895.82935587,-1607007841.07868,42257753.0881494,199944778645.456,-64245324006.9059,0.0904099232492115,0.0995764703583544,0.907944647202753,-0.209435040007086,0.3705202635223
0.169,20.0948702648619,0.145273776405737,3.46105441601559,38.8962192796712,-1938.00044429426,3776.80005592122,181281.431563686,126577.867299383,-2049938.03823902,-6985760.73827118,-1407063062.43187,-21987570.9186886,199970681082.181,30159558672.3327,0.0948702648618678,0.0992469064467318,0.955901481048046,-0.190093864471417,0.383647570341323
0.17,20.0973924357575,0.18607920080981,1.61329606999764,42.7351433109671,-1757.97016014831,3899.88263490462,178561.290441078,119586.139368764,-3357015.76012979,-6992668.5298537,-1207092381.34769,8171987.75362759,199978451043.562,-14384504308.9045,0.0973924357575306,0.0987820834084037,0.985932189290565,-0.171354543065876,0.396026059300685
0.171,20.0981563572973,0.23078392514832,-0.0560015765410337,46.6936537914303,-1581.28022721533,4015.97320265209,174634.058232115,112595.159415402,-4464118.9159557,-6991688.79425452,-1007113930.30173,-6212516.55524468,199981346635.321,9187185630.38446,0.0981563572972561,0.0981563521639232,1.00000005229751,-0.153282275025228,0.407658173243143
0.172,20.0973386271904,0.279504040042051,-1.55074909100094,50.7647591100298,-1409.03774820674,4125.07186505036,169699.712575447,105601.895560475,-5371242.17293977,-6993307.71799457,-807132583.663876,2974669.07509177,199981673394.85,-5500690551.15657,0.0973386271903607,0.0973433503939561,0.99995147892921,-0.13590890066143,0.418550918774692
0.173,20.0951114122628,0.332348644029867,-2.87586415393265,54.9414664496797,-1242.14984624526,4227.17737333459,163958.234389574,98609.1583952596,-6078383.91990622,-6993083.39419506,-607150910.266663,-2526021.47601878,199979332540.676,3946488876.68823,0.095111412262785,0.096316786404525,0.987485316041614,-0.119240987925081,0.42871512156251
0.174,20.0916415415125,0.389419842631908,-4.0370715784048,59.2167828159497,-1081.32366316178,4322.28973346621,157609.604903291,91615.4697384726,-6585545.16390254,-6993636.17123273,-407171577.724111,1420467.40061866,199970969303.765,-2459156632.94577,0.0916415415125016,0.0950513903286612,0.96412626049583,-0.103268331052006,0.438164316468311
0.175,20.0870897988591,0.450812748166468,-5.0407033290095,63.5837147169501,-927.06636064629,4410.40851939877,150853.80244541,84622.1339415013,-6892731.25697477,-6993445.28214859,-207200608.419294,-1038689.23228751,199919213961.556,1910540693.36593,0.0870897988591395,0.0935240404384403,0.931202271104444,-0.0879720294298247,0.446913395342928
0.176,20.0816104160063,0.516615479432558,-5.89349854431879,68.0352687017486,-779.685127296812,4491.53383719018,143890.790753219,77628.4877381855,-6999972.25841328,-6993528.70103419,-7281394.45787232,871851.461038789,14882479831.1047,-1135021380.40995,0.0816104160062956,0.0917150705893257,0.889825581356461,-0.0733313660720394,0.454977138402741
0.177,20.0753507649935,0.586909161742857,-6.60240511763185,72.56445122156,-639.29491613518,4565.66565859385,136889.658210882,70635.2057926517,-6999812.4129556,-6993224.36026336,7601085.37330188,-263169.919344272,-15394105759.4018,962992078.371289,0.0753507649934839,0.0896097628121865,0.840876737408757,-0.0593288342005981,0.462368778200618
0.178,20.0684512357461,0.661767926942815,-7.17442165161648,77.1642689427165,-505.90453870426,4632.80424846938,129891.080656319,63642.0103461084,-6999908.380462,-6993006.03414352,-7793020.38623677,699822.159001779,15815708909.8604,-494689274.048975,0.0684512357461458,0.0872000269210513,0.784990993272511,-0.0459529899689246,0.469098731954536
0.179,20.061045218635,0.741258913641389,-7.61654749428272,81.8277287203904,-379.514052087015,4692.94985182337,122889.911717149,56649.271774832,-6999793.5463933,-6992553.55662154,8022688.52369242,205132.884968323,-16265690676.1443,466325231.098022,0.0610452186350052,0.0844862666570493,0.72254605452982,-0.0331996595118501,0.475173625617451
0.18,20.0532591041551,0.825442267478952,-7.9357830240208,86.5478377949419,-260.123377765416,4746.1029004389,115891.418566571,49656.8985055248,-6999903.70320768,-6992115.26112102,-8243002.15259117,671458.116053137,16757949672.4051,-209787880.726804,0.0532591041550532,0.0814794294160501,0.653650921916766,-0.0210722573233925,0.480595699294722
0.181,20.0452122829727,0.914371141541038,-8.13912754691354,91.3176038183195,-147.732586636247,4792.26384448237,108890.186353898,42665.084008815,-6999767.73052407,-6991548.69694533,8514947.51988396,461670.235334273,-17293588718.7726,163326895.461112,0.0452122829727131,0.0782032339847255,0.578138277267969,-0.00958135886800035,0.485362648132369
0.182,20.037017145889,1.00809169681848,-8.23358145763762,96.1300349672877,-42.3415855559087,4831.43323789303,101891.793832347,35673.7933681366,-6999899.57736357,-6991005.36326226,-8778641.19902903,624997.130789984,17858932126.7716,-143734640.217314,0.0370171458890347,0.0746965679919113,0.495566889941225,0.00125641718263392,0.489467907754536
0.183,20.0287790838956,1.10664310275007,-8.22614401314653,100.978139959148,56.049539503028,4863.61162675677,94890.4814230716,28683.0765476663,-6999748.75249921,-6990452.23345158,9080290.92781583,481262.49057647,-18459168586.4087,-38325425.5709043,0.028779083895639,0.0710160439655259,0.405247635444317,0.0114201015592637,0.492901351279762
0.184,20.0205964881285,1.21005753777048,-8.12381563319371,105.85492806854,147.440890799601,4888.79955580123,87892.1962879382,21692.8585578891,-6999898.0458646,-6989990.13367379,-9378877.65873287,442937.065004014,19061544127.497,-155946490.41485,0.020596488128529,0.0672387000127685,0.306318952100766,0.0208864680231476,0.495650324226413
0.185,20.0125607499282,1.31836018984723,-7.93359552585491,110.753409072421,231.832369149281,4906.99748661736,80890.7857272651,14703.0639016661,-6999746.15145958,-6989625.16985399,9682666.46884217,286990.574590849,-19671104775.6819,-108530858.301583,0.0125607499282232,0.0634648282223525,0.197916708829904,0.0296323214836382,0.49770091225732
0.186,20.0047562607841,1.43156925694148,-7.6624841486735,115.666593164515,309.224075949133,4918.20578124375,73892.602391577,7713.56413862303,-6999899.03737858,-6989392.44470855,-9988438.30697748,178459.716288854,20267731477.6381,-104948904.166305,0.00475626078405611,0.059820910957216,0.0795083309155522,0.0376367533294079,0.49903931490357
0.187,19.9972604123918,1.5496959473673,-7.31748066864817,120.587490835648,379.615908571047,4922.42467453045,66891.0870902909,724.243432288599,-6999753.60994674,-6989266.45944434,10279293.1707437,73510.8121228905,-20852311872.3337,-40584044.2415987,0.002739587608243,0.0564626422830627,0.0485203578413616,0.0448831473400445,0.499653190070517
0.188,19.9901435965944,1.67274448002858,-6.90558558759327,125.509112756877,443.007963225496,4919.65429529383,59892.9977416172,-6264.99303575706,-6999900.47271216,-6989213.24065434,-10573018.7017236,32926.7678805334,21436090218.3491,13567397.4090219,0.00985640340557836,0.053578008893795,0.183963600161331,0.0513607418133017,0.499532838699658
0.189,19.9834692054361,1.80071208455068,-6.43379803747974,130.424469688264,499.400141731332,4909.89470169087,52891.3834412569,-13254.1875517946,-6999755.44630471,-6989173.53018776,10863071.5167128,46494.1652887382,-22014604241.8553,77961587.5555647,0.0165307945639128,0.0513904020750115,0.321670854798603,0.0570656038472733,0.498672116514352
0.19,19.9772936311057,1.93358900134347,-5.90911856075957,135.326572436512,548.792540686114,4893.14593837142,45893.3904300034,-20243.3248413018,-6999899.67690892,-6989088.05522869,-11151532.7252702,124455.752842485,22632512306.2125,139441607.897632,0.0227063688942621,0.0501617295222708,0.452663197830548,0.0620009260578245,0.4970689879229
0.191,19.971666265992,2.07135848165093,-5.33854625084593,140.208431870801,591.185065710162,4869.40809605521,38891.687072116,-27232.3274283861,-6999734.95348108,-6988893.8786719,11480979.5810313,263897.360738493,-23280363170.1026,201063621.377191,0.0283337340080436,0.05,0.566674680160872,0.0661766276023373,0.494725673204373
0.192,19.9666295026317,2.21399678764709,-4.72908167972062,145.063059000167,626.577828786949,4838.68137404804,31893.8125478969,-34221.0558477741,-6999894.1554851,-6988529.44950047,-11799383.589191,464960.982112202,24063365136.1122,288742421.909252,0.0333704973682529,0.05,0.667409947365059,0.0696083047666917,0.491648380320257
0.193,19.9622187337769,2.36147319264053,-4.08772388479974,149.883465113163,654.970730333339,4800.96614299996,24892.029261473,-41209.3046930465,-6999661.85650624,-6987920.1173074,12263981.5470078,753703.404021482,-24966663763.975,376062458.550852,0.0377812662231065,0.05,0.75562532446213,0.0723156436312009,0.487846653231681
0.194,19.958462352346,2.51374998145121,-3.42147344720394,154.662661985002,676.363932385787,4756.26301953477,17894.3382851128,-48196.7852815755,-6999881.20684121,-6986978.3826741,-12702682.2170754,1129765.86256123,26369672494.063,606085357.599379,0.0415376476540317,0.05,0.830752953080633,0.0743204535415721,0.483332405524704
0.195,19.9553817515259,2.6707824510346,-2.73732930207849,159.393662167623,690.757311690097,4704.57295860972,10892.5006825786,-55183.0977670921,-6999399.05281126,-6985545.57413274,13666990.2770647,1735851.22017318,-28250086231.4,585784909.611031,0.0446182484740625,0.05,0.89236496948125,0.0756445201266466,0.478118738004977
0.196,19.9529913247317,2.83251891144945,-2.04229197252069,164.069479396962,698.151213591027,4645.8974017718,3895.22677720052,-62167.6777847965,-6999857.10564989,-6983516.83045776,-14583095.9544227,2321636.12977659,64361983799.5443,3036840761.99786,0.0470086752682732,0.05,0.940173505365465,0.0763074859783148,0.472218658917106
0.197,19.9512984658798,2.99890068731137,-1.34335985967784,168.683129162412,698.546763048711,4580.23847904615,-3101.19487912677,-69149.5276570625,-6982259.20970454,-6979676.77394698,49778887.8451736,5358476.89173843,-134711681312.206,-5711535191.51521,0.0487015341201698,0.05,0.974030682403395,0.0763249693939917,0.465643833875555
0.198,19.9503035718383,3.16986212000889,-0.647526452422081,173.227629773841,691.957122059295,4507.59976810095,-10081.0165917942,-76127.4771150955,-6999836.16251547,-6977174.064651,-84932793.4671088,-353058.299707756,196606463458.954,5248219363.83631,0.0496964281616634,0.05,0.993928563233268,0.0757071192817854,0.458403489436124
0.199,19.9500000516852,3.3453305710427,0.0382216214922262,177.696002970065,678.37022385662,4427.98386378628,-17090.5514071335,-83103.9530056691,-6986465.7242531,-6974903.01326879,111673669.992121,4895161.06399203,199407691940.022,105120146260.919,0.0499999483148237,0.05,0.999998966296474,0.0744577861487554,0.450503578523723
0.2,19.9503743200976,3.52522642485166,0.706888473482498,182.08127345348,657.8133605195,4341.39765514024,-23987.9456810673,-90058.8884140291,-6775088.20829097,-6917447.77907434,311081361.932617,110015307.324881,199449039738.183,142958238048.715,0.0496256799024195,0.05,0.99251359804839,0.0725741619694469,0.44194626973917
0.201,19.9514058378338,3.70946310020634,1.35159330358346,186.37649453174,630.498028004574,4247.90433531447,-30574.251701769,-96897.5021664329,-6364282.32648926,-6735953.3527251,510530401.671385,252973545.373635,199187604607.732,137945233345.315,0.0485941621662214,0.05,0.971883243324427,0.0700475321109263,0.432729894965201
0.202,19.9530673237948,3.89794711895703,1.96576642400452,190.574839147187,596.835023023337,4147.68676644728,-36650.0708933213,-103483.977874247,-5754158.12251401,-6414007.19067881,709718006.27974,390918778.719012,197530697629.466,85550576633.5514,0.0469326762052305,0.05,0.938653524104609,0.0668662617566873,0.422849829490385
0.203,19.9553251658166,4.09057829028398,2.54334860289225,194.669731924703,557.434389848843,4041.06450271484,-42016.4482297572,-109688.267246127,-4945674.76741953,-5980313.12364302,907248703.909801,476469355.352628,-196978378523.43,-77841821674.4358,0.0446748341834002,0.05,0.893496683668005,0.0630209621180874,0.412300772508165
0.204,19.9581400300895,4.28725002776492,3.0789866500336,198.654974779149,513.088104920224,3928.46224705687,-46541.3283749758,-115443.31932904,-4136915.25277144,-5542764.67912761,710270325.386885,398627533.67825,-198690746868.833,-135846000799.707,0.0418599699105258,0.05,0.837199398210515,0.0585113057437294,0.40108035662558
0.205,19.9614676371748,4.48784976529907,3.56814254372437,202.524807049859,464.588418525273,3810.30832306051,-50356.223589532,-120809.411241462,-3525990.30081898,-5212060.14584921,511579578.518441,262781532.878589,-198781098203.524,-148507859124.389,0.0385323628252152,0.05,0.770647256504304,0.0533534942767023,0.389193387605667
0.206,19.965259538294,4.692259376423,4.00698484470457,206.273851702273,412.546180502626,3686.93049084081,-53659.5542841257,-125914.831930726,-3113801.2714023,-5023532.54253282,312798480.315155,114273673.75423,-198108001570.742,-145816306580.492,0.0347404617059581,0.05,0.694809234119163,0.0475860254372928,0.376655365193754
0.207,19.9694637255591,4.90035549900128,4.39219366355016,209.896991067992,357.373604162755,3558.51686257167,-56649.9743156322,-130905.530354145,-2900056.79187251,-4982167.02206883,114690478.744485,-31542632.8262503,101984144525.589,-123763181432.343,0.0305362744408768,0.05,0.610725488817536,0.0412716036884868,0.363493998825406
0.208,19.9740250446235,5.11200972288713,4.72076456638826,213.38922245858,299.296965870304,3425.10983480179,-59475.6885107115,-135924.095889532,-2734374.24086523,-5075591.24561125,216674623.269979,-155305814.258599,198405952947.742,-23962173374.7451,0.0259749553765474,0.05,0.519499107530947,0.0344947504595742,0.349748183689364
0.209,19.9788854332063,5.32708863343667,4.98987864044967,216.745517642802,238.498469591054,3286.62106056319,-62068.6577811171,-141081.333737835,-2418496.64112138,-5242878.14655722,415080576.217469,-179267987.633367,199136804734.276,118252663332.982,0.0211145667936634,0.05,0.422291335873268,0.0273556293801408,0.335464499427446
0.21,19.9839841192696,5.54545372827122,5.19695865286877,219.960717739412,175.298040952259,3142.89333694844,-64246.424666674,-146394.137100987,-1903847.66253677,-5363019.8025241,614217380.951356,-61015324.3004226,199308824800.774,154086509850.808,0.0160158807304391,0.05,0.320317614608783,0.0199620366873254,0.320691772631354
0.211,19.9892579452732,5.76696126990266,5.33984342683682,223.029518912925,110.210366552165,2993.81394099672,-65809.9455012683,-151761.983480686,-1189975.86918503,-5346991.87189912,813526205.751634,93071185.5503374,199274938629.423,165906326251.364,0.0107420547268404,0.05,0.214841094536808,0.0124219762832947,0.305474865940981
0.212,19.9946418830322,5.99146218033686,5.41698604887206,225.946565957389,43.9493239397021,2839.40088620794,-66559.9457778059,-157034.788705435,-276812.194118685,-5170967.5232231,1012801144.38049,258977511.801648,198896197378.852,170004534899.966,0.00535811696776278,0.05,0.107162339355256,0.00483816140239635,0.289849339637484
0.213,20.0000697476006,6.21880206120986,5.42765312206907,228.706599828757,-22.5719404028718,2679.83086018181,-66297.2080335045,-162047.933383607,835437.048951228,-4826987.74397147,1211697341.75873,428982046.701559,181151460752.404,169681280713.163,6.97476005839803e-05,0.05,0.00139495201167961,-0.00269496439157983,0.273838306193553
0.214,20.0054751103761,6.44882137116585,5.37212381413863,231.304621512553,-88.2419323773995,2515.44799998737,-64825.7304035485,-166632.149890775,2137710.12108616,-4313165.05691332,1392848802.51053,598663327.414672,-199074710819.208,164497093566.708,0.0054751103761177,0.05,0.109502207522354,-0.0100914266628545,0.257452064613321
0.215,20.0107924093369,6.68135577015553,5.25188167798716,233.736060891867,-151.774961032922,2346.76589883494,-62024.7749996769,-170618.56710172,3431021.56818709,-3632253.1827153,1193774091.69076,763160420.981343,-199566904330.489,148762023729.759,0.010792409336883,0.05,0.215848186737659,-0.0172711757922978,0.24069060949528
0.216,20.0159582187014,6.91623663279138,5.0697142439091,235.996945169655,-211.893578187552,2174.46459696302,-58030.1275363661,-173844.446403323,4525012.20771261,-2794711.74986907,994207187.359768,911922444.711082,-199706159481.03,84001286986.0151,0.0159582187014173,0.05,0.319164374028347,-0.0241554489291509,0.223548755586996
0.217,20.0209125110176,7.15329172745481,4.82959953173356,238.084060454904,-267.503819512126,1999.3782818125,-53041.2960948871,-176169.196716339,5419366.31533186,-1840788.66166498,794501027.878322,995923731.697099,-199755712755.672,-108653171778.936,0.020912511017567,0.05,0.418250220351339,-0.0306621405651099,0.206023314455067
0.218,20.0255997505732,7.39234604696678,4.53650973146958,239.995087931627,-317.711338766045,1822.45015083846,-47257.9718844087,-177530.132374119,6113989.48683234,-899191.515857353,594745315.122336,887270559.918191,-199756023876.106,-156351640152.138,0.0255997505732495,0.05,0.51199501146499,-0.0367031970042637,0.188121461238993
0.219,20.0299697877344,7.63322274132889,4.19621152142861,241.728658817702,-361.821514855493,1644.6117864814,-40879.9024106612,-178011.747216709,6608856.79001663,-90096.7760152311,394989291.246025,730918919.76611,-199682871989.117,-169887234762.815,0.0299697877344087,0.05,0.599395754688175,-0.0421845584386441,0.169868980544477
0.22,20.033978553564,7.8757440395163,3.81506632536124,243.284278753674,-399.339477442255,1466.66973206187,-34106.8314536864,-177764.699071968,6904004.64526809,555878.526369471,195306419.25681,561031685.003381,-199034259520.239,-175177801897.224,0.0339785535640047,0.05,0.679571071280094,-0.0470086287450499,0.151316491303816
0.221,20.0375885546961,8.11973205327974,3.39983057878063,244.662180699126,-429.970048597566,1289.26917845884,-27138.3459753767,-176957.501003413,6999793.93476478,1029321.31042424,-3727840.26342954,385853883.106268,-42973725586.8,-176895896871.797,0.0375885546961001,0.05,0.751771093922002,-0.0510790014409281,0.132542030014979
0.222,20.0407691687596,8.36500942150941,2.95745747607613,245.863157283748,-453.610909484163,1112.88327642879,-20147.5782483414,-175764.735400915,6974579.23170795,1326727.24509461,-46701565.8502301,208957986.234602,143789127432.438,-176150237640.122,0.0407691687596348,0.05,0.815383375192695,-0.0543069510190683,0.113649383656467
0.223,20.0434967532686,8.61139978308578,2.49493445968364,246.888386552348,-470.272990497312,937.809391388233,-13172.3849449865,-174362.887535643,6999772.22957394,1447610.11250915,97087561.5821919,32807748.5946228,-198666530054.533,-172643901713.73,0.0434967532686414,0.05,0.869935065372829,-0.0566189099000434,0.0947622701281189
0.224,20.0457546480253,8.85872807420327,2.01924429517953,247.739255696611,-479.937585839334,764.168583371037,-6157.18002296394,-172927.647532455,6997526.52612887,1394095.91024691,-101578968.476298,-139836153.118962,-199608757362.536,-164315252669.042,0.0457546480252837,0.05,0.915092960505675,-0.057963411782119,0.0760149451576107
0.225,20.0475331877701,9.1068206496108,1.53738847788691,248.417185609734,-482.621249458874,591.907831299319,756.288892699674,-171630.855574213,6796143.1789713,1172102.13079342,-301187725.842411,-304151405.787869,-199703485796.922,-143307019375.894,0.047533187770135,0.05,0.950663755402701,-0.0583156989406303,0.0575401886213699
0.226,20.0488296720562,9.35550523009755,1.05626384972081,248.923459496401,-478.525407909577,420.806363763721,7368.55429445027,-170634.713649543,6395103.71023043,796297.215317607,-500891211.642548,-447458425.163648,-199689372590.276,-65278350455.3262,0.0488296720562005,0.05,0.97659344112401,-0.0576800919773577,0.0394558943192579
0.227,20.049648163305,9.60461068301646,0.582466035032839,249.259062031455,-468.05110401915,250.492502386362,13479.930836761,-170073.025371883,5794367.81229274,316199.614926297,-700580584.235695,-512736775.618889,-199575766352.96,98515705799.4957,0.0496481633049513,0.05,0.992963266099025,-0.0560911728655715,0.0218516512750966
0.228,20.0499990857591,9.85396665483389,0.122089770413376,249.424550178024,-451.799068363887,80.4962255137311,18890.7457292104,-169996.774860466,4993999.34488057,-147279.307792844,-900156350.591198,-414221069.819346,-199062775737.559,142573418555.824,0.0499990857591293,0.05,0.999981715182585,-0.0536139463207274,0.00477680699140982
0.229,20.0498986247586,10.1034031109384,-0.319470757231242,249.420007398457,-430.569643302996,-89.6372852865125,23401.4897695058,-170327.402466742,3994311.60642059,-490213.668334279,-1099219126.33099,-271647651.263518,197378050943.256,155051238558.136,0.0498986247586046,0.05,0.997972495172093,-0.0503429821525275,-0.0117683067722012
0.23,20.0493679269717,10.3527498893199,-0.73771809302672,249.2451146831,-405.345976832548,-260.248608727711,26879.0881545847,-170927.598087615,2993781.50556123,-684335.700318729,-901841075.38965,-116596412.705421,199422501073.776,157784123504.704,0.0493679269717333,0.05,0.987358539434666,-0.0464006285032336,-0.0278361345914506
0.231,20.0484321332409,10.6018363624991,-1.12916147705353,248.899284676063,-377.111995500203,-431.531233062474,29455.1862059634,-171643.934640369,2191651.68070847,-722040.051271798,-702418574.317496,41187710.799205,199641605710.779,154129681328.431,0.048432133240933,0.05,0.96864266481866,-0.0419341719732107,-0.0435294238589277
0.232,20.0471194107065,10.8504912447085,-1.49120820792976,248.38181413624,-346.669734816029,-603.52290103997,31328.9022004649,-172319.69255602,1589053.90924636,-603787.499808377,-502776968.60805,195317392.127527,199707600968.2,141863197943.608,0.0471194107065322,0.05,0.942388214130645,-0.0371106120095386,-0.058992475960807
0.233,20.0454601514131,11.0985425541123,-1.82196793413633,247.69204007809,-314.621780672328,-776.106023480634,32699.8522255686,-172802.177493441,1186130.74112241,-337538.508709046,-303069367.640899,337180590.071006,199718493769.854,109238169007.567,0.0454601514131205,0.05,0.909203028262411,-0.0321079634138038,-0.074396956417677
0.234,20.043486369738,11.3458177297132,-2.12005306380724,246.829491668954,-281.371053033554,-949.016221873044,33767.7346984989,-172952.919345613,982920.620366437,54261.1658657434,-103350873.871824,446418759.078439,199686305028.627,14774058320.3554,0.0434863697380372,0.05,0.869727394760744,-0.0271036619255286,-0.0899237157666965
0.235,20.0412312994747,11.5921438937863,-2.38437907162075,245.794026754835,-247.120762907794,-1121.86699192344,34732.2609327675,-172672.986457155,979412.899008926,508066.95410436,96335431.1562805,461192817.398672,199581598036.602,-88860270345.5831,0.0412312994746955,0.05,0.82462598949391,-0.0222612287878091,-0.105742528595197
0.236,20.0387291906207,11.8373482331034,-2.6139647914215,244.585926423374,-211.874423720398,-1294.21278194523,35793.1051470273,-171949.133139409,1175539.12918351,924829.636330241,295917029.192597,372332547.052993,199214879237.686,-122920399693.131,0.0387291906207246,0.05,0.774583812414491,-0.0177165127508394,-0.121992008053392
0.237,20.0360153058585,12.0812584364135,-2.80773274937882,243.205907702651,-175.435928883931,-1465.64256652527,37149.80527068,-170858.623962834,1571063.59799495,1235701.98353667,495131908.430209,249412147.359806,-142225951420.392,-130776001213.103,0.0360153058585126,0.05,0.720306117170253,-0.013564853211627,-0.138762256156002
0.238,20.0331261161685,12.32370309978,-2.96431248641339,241.655051076848,-137.423995910812,-1635.84721980513,38944.7304976533,-169520.01190582,1995082.53071496,1419726.13028992,352905957.009926,118636146.146696,-199234642942.508,-122387641350.351,0.033126116168539,0.05,0.66252232337078,-0.00985040718298959,-0.156082763075308
0.239,20.0300996682653,12.5645120338855,-3.08191855919302,239.934684395387,-97.4312079317462,-1804.64269543981,41083.0602330494,-168061.365642681,2248371.16625363,1477168.45576144,153671314.067674,-3751495.20360838,-199590034954.362,-84222920242.594,0.0300996682652723,0.05,0.601993365305447,-0.00655891825897449,-0.173917307390401
0.24,20.0269759759644,12.803516448106,-3.15842876875841,238.046256353699,-55.2066664813419,-1971.96961139213,43375.0020505111,-166600.110087896,2302247.46284412,1431305.50043654,-45918720.8863249,-87974415.4461042,-199694755867.852,35780695380.2314,0.0269759759644188,0.05,0.539519519288376,-0.00361602744056184,-0.192166510828548
0.241,20.0237972682965,13.0405490119233,-3.19156780370609,235.991221870751,-10.6965144343816,-2137.86724027005,45621.0076936007,-165206.828345952,2156481.36402387,1361221.43268055,-245613476.75375,-52193720.0657326,-199730899065.547,123014112699.035,0.0237972682964838,0.05,0.475945365929675,-0.000892845436947749,-0.21067769761279
0.242,20.0206080432661,13.275443822156,-3.17910629905114,233.770976936926,35.9534762409764,-2302.39703126496,47621.3938360701,-163851.201421188,1811002.43773735,1370534.76896433,-445344375.818851,70820392.6334684,-199730243880.984,150769836154.932,0.0206080432661366,0.05,0.412160865322733,0.00178134962982696,-0.229260730611304
0.243,20.0174549220741,13.5080363499489,-3.11906051258603,231.386886934677,84.3978251397785,-2465.54487982638,49176.4357119178,-162420.128149881,1265792.939978,1516740.07967527,-645074619.699416,221590228.788571,-199692425033.649,161003901993.209,0.0174549220740872,0.05,0.349098441481743,0.00460056285180568,-0.247707489599348
0.244,20.0143863036352,13.7381634596901,-3.00989204631222,228.840395355414,134.091324367351,-2627.16299773571,50086.4092712071,-160765.758972146,520872.107761765,1818832.25946044,-844767044.732716,382594130.781933,-199584260936.572,163473333232.123,0.0143863036351775,0.05,0.287726072703549,0.00775955733014801,-0.265812155250116
0.245,20.0114518193721,13.9656635584535,-2.85070756711962,226.133169920603,184.2890591741,-2786.94876350079,50151.6338131131,-158728.384091756,-423687.067439237,2283163.05685844,-1044351305.66905,546067464.014165,-199215759364.034,159142668822.855,0.0114518193720912,0.05,0.229036387441823,0.0114295937161202,-0.283389746093728
0.246,20.008701588307,14.190376899165,-2.64145848031859,223.267261571232,234.046490245896,-2944.4379238756,49172.5684662786,-156145.663524753,-1567646.2527903,2908801.85528403,-1243567065.033,705210132.837069,-48827279615.6629,140264496014.407,0.0087015883070265,0.05,0.17403176614053,0.0157348163079189,-0.300290901594045
0.247,20.0061852727505,14.4121460447687,-2.38313920240278,220.245266168529,282.225939938277,-3099.00580709661,46975.0008010358,-152860.879187048,-2835626.95763113,3684144.2361283,-1292394344.64876,845474628.851452,199193514078.897,32754450097.1222,0.00618527275053182,0.05,0.123705455010636,0.0207315775948331,-0.31641144948804
0.248,20.0039509470406,14.6308164918176,-2.07795055637477,217.070479446942,327.576027932798,-3249.88233695874,43526.3755900934,-148748.538561478,-4028424.54524044,4545996.09002831,-1093200830.57016,878229078.948478,199559611603.612,-136661256042.072,0.00395094704056831,0.05,0.0790189408113662,0.0263927974991715,-0.331695907303353
0.249,20.0020438622103,14.8462374352183,-1.72932663177514,213.747015960752,368.914306095649,-3396.21720018109,38984.6105648352,-143786.204807982,-5021845.57000879,5355894.54095575,-893641218.967091,741567822.906254,199657475203.97,-166060365742.779,0.00204386221031783,0.05,0.0408772442063565,0.0325996233105213,-0.346134831378862
0.25,20.0005052737535,15.0582626073228,-1.34179256589678,210.27982782208,405.247372733777,-3537.2087822634,33549.2206312101,-138087.203083197,-5815658.0513739,6014432.18099062,-693983743.763913,575507457.163302,199670509213.132,-174207755282.851,0.000505273753496738,0.05,0.0101054750699348,0.0391427361767858,-0.359756998681619
0.251,19.9993714485859,15.2667510713752,-0.92076711125731,206.674600371385,435.781419986552,-3672.20011000308,27419.8491261565,-131814.051799505,-6409806.54053125,6502835.76051249,-494313234.551841,401299701.880309,199599971700.095,-174437812015.878,0.000628551414138201,0.05,0.012571028282764,0.0457341845256877,-0.372618413522205
0.252,19.9986728712422,15.4715678767364,-0.472363000849099,202.937592308614,459.922296968836,-3800.70312888088,20796.1526302993,-125139.639156722,-6804319.78923304,6816916.55638486,-294713262.853085,226861889.864396,199193721855.016,-162948924915.644,0.00132712875778651,0.05,0.0265425751557302,0.0520286567194322,-0.384790147814329
0.253,19.9984336497228,15.6725845465764,-0.00318730063462999,199.075463607585,477.275470565788,-3922.40328898299,13877.6751632822,-118236.449809558,-6999436.19115861,6962303.98379144,-95519540.9996998,63912964.9489608,191117314716.461,-91029309956.3317,0.0015663502772405,0.05,0.03132700554481,0.0576520098121443,-0.396346497209493
0.254,19.9986711209296,15.8696793929667,0.479858047477924,195.095104382158,487.64547093144,-4037.15172752775,6862.33208740982,-111257.360894951,-6999397.07480009,6980702.29376223,95597773.7172009,-27116345.0074115,-178200464052.709,32405814492.2589,0.00132887907037471,0.05,0.0265775814074942,0.0622341880979771,-0.407354650454267
0.255,19.9993956543423,16.0627376692733,0.969770616510825,191.003486564765,491.016612424406,-4144.92190642437,-118.966177873795,-104284.81580461,-6992899.53310924,6969788.85600095,-82602690.3352247,5289469.48484489,153317698868.306,-1568334752.98358,0.000604345657727379,0.05,0.0120869131545476,0.0654432612667289,-0.417866761344999
0.256,20.0006106215912,16.251651604532,1.45956009845963,186.80758408924,487.393817602379,-4245.72101156999,-7127.61410633928,-97312.6436029923,-6998843.37401031,6974294.1581093,70715008.5326322,3721134.73191684,-134262668472.651,-2865154023.75579,0.000610621591153659,0.05,0.0122124318230732,0.067016941169941,-0.427914729309634
0.257,20.0023123994472,16.4363203999641,1.94222546271637,182.514369269399,476.772973365943,-4339.54600728618,-14113.4770874954,-90336.9664031876,-6995259.699714,6976582.71582934,-63547659.9395841,855980.70815795,122124535805.462,-181476284.531403,0.00231239944715611,0.05,0.0462479889431222,0.0667872547809894,-0.437507383075778
0.258,20.0044903673214,16.6166502307666,2.41077419080726,178.130817576851,459.156363674263,-4426.39454722946,-21120.1565278783,-83359.9859430516,-6997745.09175085,6977347.95839523,58576875.8655918,674504.42361974,-104907260072.961,-316980498.670563,0.00449036732135966,0.05,0.0898073464271931,0.0646956818988056,-0.446629892555533
0.259,20.0071269084377,16.7925542484669,2.85820575184492,173.663905953439,434.54272627732,-4506.26575998338,-28106.0977250419,-76382.3535625276,-6991621.84592174,6977863.97256951,-46330384.2071155,357523.924955202,89709188997.5811,-99587091.4182661,0.0071269084377299,0.05,0.142538168754598,0.0607974920003482,-0.455245483992371
0.26,20.0101974096241,16.9639525818953,3.27752897609588,169.12061200807,402.936833781491,-4579.1591261217,-35105.9332315676,-69404.3274258442,-6993097.63563007,6978171.70294876,43378804.7902748,257936.833538641,-43589612952.7856,171672766.306082,0.0101974096241086,0.05,0.203948192482173,0.0552549451819886,-0.463299281679401
0.261,20.0136702649502,17.1307723377119,3.66174877119227,164.50791375903,364.339765299032,-4645.07431755352,-42084.6064002947,-62425.9981423509,-6971513.63731618,6978515.47616545,-210808.162440809,429609.599843116,9375354441.04014,385887651.555195,0.0136702649501856,0.05,0.273405299003713,0.0483202074881339,-0.470723866896094
0.262,20.0175068790346,17.2929476007547,4.00388438369569,159.832789549434,318.769757585149,-4704.01097027749,-49054.6628826186,-55447.203546777,-6967036.7682581,6979138.02959107,9164546.27852824,815497.2513957,-24122988651.283,492756330.334545,0.0175068790345811,0.05,0.350137580691623,0.0403097313479837,-0.477445989280196
0.263,20.0216616822697,17.4504194344233,4.29696581787576,155.102218205141,266.232098618247,-4755.96844836173,-56021.137875846,-48467.5756425052,-6969933.71630522,6980199.90500763,-14958442.3726849,1308253.58172681,-3828627795.79048,430178575.901893,0.0216616822696771,0.05,0.433233645393543,0.0315728179428721,-0.483393761305845
0.264,20.0260821367368,17.6031358813282,4.53402503676273,150.323179393704,206.723341284352,-4800.94568808535,-62999.1889179702,-41486.6499142775,-6986806.4725758,6981723.24787731,-18787070.1685594,1738432.15762464,26391184324.5488,230315425.428346,0.0260821367367647,0.05,0.521642734735295,0.0224572863840821,-0.488503627768706
0.265,20.0307087323426,17.7510519643562,4.70808375297426,145.502654075556,140.228717584403,-4838.94117704054,-69990.9903949095,-34504.0190644172,-6992397.95058208,6983576.83774765,7604114.15608106,1968747.58304884,-22224901016.9361,-5549465.88583549,0.0307087323426032,0.05,0.614174646852064,0.0132756205630821,-0.492726433664967
0.266,20.035474973972,17.8941296881721,4.81215170733295,140.647624900442,66.7418695290084,-4869.95307979275,-76983.2904385831,-27519.458777789,-6995906.28693447,6985542.81059775,-14620786.8609318,1963198.11715931,28047860355.9645,-175199142.386088,0.0354749739719686,0.05,0.709499479439373,0.0042748887944324,-0.49603201128267
0.267,20.0403073744868,18.0323380410366,4.83923557179376,135.765076428735,-13.740642190014,-4893.97944726557,-83981.8324755553,-20532.9635679898,-6996503.14361742,6987418.40914372,13427073.4950936,1787998.97477121,-29383443405.7614,-270992384.142337,0.0403073744867619,0.0500387928652935,0.805522519203672,-0.00438654076939683,-0.498411859960591
0.268,20.0451254513156,18.1656529967381,4.78233824410755,130.861995141662,-101.219712701946,-4911.01841492058,-90976.5193229928,-13544.6963247561,-6997767.7918252,6989070.91192642,-15956369.910703,1517006.5906282,32134948315.885,-271249480.279854,0.045125451315581,0.0509722134515945,0.885295110019779,-0.0126533308434531,-0.499879683617252
0.269,20.0498417252882,18.2940575164465,4.63446358005405,125.945369284679,-195.696436359664,-4921.06833425707,-97976.9094750541,-6554.91211778101,-6997656.68757796,6990452.2937769,16178578.4051921,1245757.11035139,-33760095692.3483,-282205335.568721,0.0498417252882142,0.0529247795942913,0.941746487567617,-0.0205772825879,-0.500469762396188
0.27,20.0543617196842,18.4175415503575,4.38861280561494,121.0221886193,-297.170884419432,-4924.12782436041,-104972.103556045,436.116020328529,-6998358.15701894,6991556.94821947,-17581517.2871376,963551.774785903,35991480279.5696,-200911823.92516,0.054361719684163,0.0556278531228298,0.977239217989034,-0.02831096805281,-0.500233345138775
0.271,20.0585839600023,18.5361020390732,4.03778904375642,116.099444150915,-405.643597661858,-4920.19577764541,-111973.253891661,7428.12125913149,-6997943.9341663,6992420.04408229,18409962.9923878,762639.950870257,-37964745895.9303,-238904571.732907,0.0585839600022844,0.0588517196237399,0.995450266820283,-0.0360916326011025,-0.499233438852898
0.272,20.062399973558,18.6497429147124,3.57499294586787,111.184127867025,-521.114337057849,-4909.27132921199,-118968.32030198,14420.8828057607,-6998516.34412187,6993063.23174729,-19554782.9034665,523735.37914293,40790976935.2744,-104363787.678832,0.062399973558005,0.0624024786549363,0.999959855810453,-0.0442170635725942,-0.497538522106602
0.273,20.0656942895708,18.7584751017772,2.99322755440984,106.283232510707,-643.583475038333,-4891.35383184965,-125969.815541398,21414.1905112331,-6997675.6385577,6993534.7852326,21236194.031704,419371.591480059,-45734061748.5524,-229643860.684924,0.0656942895707502,0.0661189310689597,0.993577610960368,-0.0530158662332478,-0.495215807052781
0.274,20.068344438962,18.8623165178042,2.2854933960513,101.403751378804,-773.05049461924,-4866.44281361904,-132964.495426564,28407.8967082848,-6999306.47540027,6993839.33489373,-24497867.7167292,189727.730799031,197558036023.408,-5536244.11437385,0.068344438961951,0.06986949479452,0.978172794335294,-0.0628151160397098,-0.492324710884519
0.275,20.0702209547939,18.9612920738372,1.44479472821141,96.5526781612876,-909.510494676617,-4834.53796585268,-139943.124496486,35401.8299843367,-6925025.3251053,6994026.29450247,173060168.306774,184191.486706237,199079402956.96,-282159599.299248,0.0702209547938502,0.0735491777216829,0.954748332599624,-0.0739085572981642,-0.488911168803734
0.276,20.0711873835965,19.0554336747395,0.464167370233829,91.7370067867994,-1052.87899349914,-4795.63910377912,-146748.439836945,42395.9013479827,-6652425.45532004,6994069.40618953,372139571.263812,-97968.1125968023,199280520445.611,127003622.08323,0.0711873835965164,0.0770766335313296,0.923592278684313,-0.0865283348214733,-0.485003331019298
0.277,20.0711003795902,19.1447802193769,-0.663177414273732,86.9637313089049,-1202.88331944685,-4749.74617876418,-153181.582086559,49389.9429373864,-6180645.62383342,6994034.93988797,571420091.709486,29035.5095134823,199287381548.039,-430695169.07559,0.0711003795901775,0.0803913234348994,0.884428524774247,-0.100822262897971,-0.480609044764684
0.278,20.0698099777642,19.2293776006713,-1.94365616246965,82.2398457717199,-1359.05168402247,-4696.85923146315,-159043.303100946,56383.920612501,-5509581.84134992,6993848.62781295,770707473.257578,-401659.659580918,199177959366.251,386082784.2755,0.0698099777641517,0.0834508038716959,0.836540506805462,-0.116837841422633,-0.475715343981326
0.279,20.0671600656757,19.309278705555,-3.38311398905555,77.5723441284824,-1520.7130277169,-4636.97843739314,-164134.334879106,63377.632757615,-4639285.38840921,6993640.00954551,969885432.623873,-15576.8752702298,198907485594.192,-781350906.760612,0.0671600656757079,0.0862281572797696,0.778864674769811,-0.134514296629745,-0.470289970943854
0.28,20.0629890545053,19.384543414804,-4.98662532898841,72.9682201069759,-1686.99706990621,-4570.1040197831,-168255.526303604,70371.1347535717,-3569946.21298824,6993233.75721685,1168792918.2181,-796927.782073,198259616711.221,1027948415.53652,0.0629890545053229,0.0887095801343292,0.710059211304362,-0.153683315227984,-0.464284756640563
0.281,20.0571307493211,19.4552386028031,-6.75829480121389,68.4344671688899,-1856.83450967924,-4496.23635814095,-171208.032788032,77364.1413716334,-2302023.48641454,6992950.80364255,1367052534.92934,231020.633514186,196053584791.45,-1696261203.04881,0.0571307493211428,0.0908921395681066,0.628555445967185,-0.174078292425787,-0.457640507378572
0.282,20.0494154183396,19.521438137189,-8.70105840356638,63.9780783687255,-2028.95754322196,-4415.37577354154,-172793.854409516,84356.9249753921,-836944.159089474,6992333.69367454,1563106119.72079,-1465240.56960836,-123910926338.882,2785062434.6275,0.0494154183396489,0.0927817070656586,0.532598719106119,-0.195351090004168,-0.450292903960355
0.283,20.0396710601698,19.5832228784974,-10.816488267856,59.6060464087776,-2201.91451497966,-4327.52280988176,-172869.897329802,91348.9902258542,664206.497461878,6992260.98432224,1439195193.3819,1319821.86509409,-194774694022.366,-4424603956.91219,0.0396710601697876,0.094391074996887,0.420284017012159,-0.217094590428877,-0.442178825744769
0.284,20.0277248423929,19.640680679682,-13.1046686870739,55.3253634889602,-2374.22055880743,-4232.67765355192,-171518.555684653,98341.1736871161,2006014.34383259,6991368.50420888,1244420499.3595,-3104782.09192063,-196473673983.739,7715941678.7824,0.027724842392864,0.0957382591244209,0.289589999300415,-0.238869041131893,-0.433242480382695
0.285,20.0134045706816,19.6939063858316,-15.5642639744264,51.1430215852693,-2544.53689030669,-4130.84099157883,-168923.076703471,105332.275790559,3152198.00620022,6992121.69295635,1047946825.37572,4611159.58694986,-196656511640.84,-12704398959.2912,0.013404570681594,0.0968449877388837,0.138412642662889,-0.260230949447453,-0.423440742231479
0.286,19.9965400242172,19.7430018336596,-18.1926950111038,47.0660121714627,-2711.71740422415,-4022.0124157652,-165279.681369856,112324.585663482,4101816.57575552,6990380.65306365,851290313.734815,-8093239.37243191,-196120314312.405,21414205606.0903,0.00345997578283175,0.0977353757145187,0.0354014680716858,-0.28076328162982,-0.412747194163985
0.287,19.976964101621,19.7880758516157,-20.9863347838233,43.1013269532046,-2874.81246726694,-3906.19309638992,-160784.906356286,119314.488731127,4855046.73233413,6992994.51649427,655169999.422335,13320966.2337216,-194580021967.447,-37101156215.5671,0.02303589837895,0.0984347796303555,0.234021942909355,-0.300104554208177,-0.401154487543291
0.288,19.9545137706022,19.829244259203,-23.9407048525633,39.2559568461301,-3033.06876275808,-3783.38143612112,-155634.704627902,126307.960204702,5412926.72077274,6987764.9046202,460589977.454808,-23780189.9818722,-190420878923.02,61499579226.2366,0.0454862293977527,0.0989688280674613,0.459601576435232,-0.317974067775849,-0.3886748255704
0.289,19.9290308213632,19.8666298677019,-27.0506712087735,35.5368935392505,-3185.92817323264,-3653.58099434674,-150023.219731555,133294.084944202,5778306.25876604,6994734.50425145,270169098.531709,37719389.2443125,-173841043439.994,-69141365599.9973,0.0709691786368083,0.0993626194619492,0.714244240148941,-0.334190876356465,-0.375338525048044
0.29,19.9003624249705,19.9003624780904,-30.3106381324584,31.9511263719228,-3333.02445502853,-3516.78613647588,-144138.802430763,140296.155582143,5961554.83557775,6997883.21069576,96328055.0916447,-31421976.3555543,68991970672.9831,-195444120122.322,0.0996375219095675,0.0996400778441946,0.999974348327678,-0.348684713586246,-0.361190861327979
0.291,19.8683615007733,19.9305788851341,-33.7147338076276,28.5056516891549,-3474.16355070021,-3373.00441978955,-138117.584905861,147245.75378464,6092378.87600589,6868739.17427905,165320025.764575,-226866096.478263,139354243768.131,-198169795934.468,0.0694211148659392,0.0993786879987349,0.698551331919606,-0.361497873502559,-0.346287437573729
0.292,19.8328869210131,19.9574228596061,-37.2569327046814,25.2074038319481,-3609.20158640362,-3222.37036450876,-131919.320309678,153968.031611358,6327376.02365453,6542788.17983355,304674269.53268,-425035892.413541,17432361130.17,-198673630277.969,0.0425771403938562,0.0990110823360227,0.430023987106397,-0.372777701229932,-0.330688821097819
0.293,19.7938036671655,19.9810450083949,-40.9310265485382,22.0630885824949,-3737.90571330816,-3065.21005619086,-125436.701757735,160265.189573272,6640766.47375229,6018415.47228102,322106630.662859,-623709522.692618,-149375285822.499,-198815370412.996,0.0189549916051099,0.0985152006443338,0.192406770540341,-0.382759426484291,-0.314455952559341
0.294,19.7509830608186,20.00160244811,-44.730531641997,19.0789865456388,-3859.97457136081,-2902.04789444234,-118659.777849622,165938.614389138,6888185.4615039,5295298.26438191,172731344.840411,-822524893.106867,-149584707923.654,-198788704675.822,0.00160244810999544,0.097867663649439,0.0163736217892703,-0.391739937504497,-0.297647390317622
0.295,19.7043030535006,20.0192582806533,-48.6486821207719,16.2607545796517,-3975.16770061837,-2733.60700126587,-111710.157500352,170789.518756187,6986124.45238248,4373379.01893713,23146636.9169106,-1021313597.78392,-33430816889.2399,-198594730488.846,0.0192582806532826,0.0970443088501699,0.198448326145701,-0.400045312608009,-0.280318747341359
0.296,19.6536484604048,20.0341808700916,-52.6785398602115,13.6132270245694,-4083.38233107041,-2560.80928671355,-104718.031532326,174619.141854485,6992555.68085477,3252768.05590878,-10284179.9724536,-1219908328.27382,19221252744.3631,-198077827950.149,0.0341808700916246,0.0960208744015271,0.355973326681985,-0.407996464490413,-0.262524354483612
0.297,19.5989110676711,20.0465429207563,-56.8131160494312,11.1402169566204,-4184.60499790677,-2384.77533212855,-97727.4143993334,177228.942774932,6991882.1272545,1933820.81365988,8937072.77198775,-1417986156.2247,-12761297874.1903,-196343967921.971,0.0465429207563126,0.094773838960341,0.491094602338404,-0.41587694558527,-0.244320961262364
0.298,19.5399896526054,20.0565203566928,-61.0454191748153,8.84431768038088,-4278.83551345109,-2206.82399097136,-90733.1906186719,178421.046515825,6994438.55108939,417662.673474192,-3824225.10224039,-1614330124.14698,7521534507.21825,91343335765.7131,0.0565203566927899,0.0932814251192943,0.605912234086347,-0.423905635670748,-0.22577308750299
0.299,19.4767899848888,20.0642910032977,-65.3684556404797,6.72670732053983,-4366.07180876779,-2028.45936216702,-83739.4105910491,178046.76801652,6994375.09324076,-1150995.78278993,3697309.40498415,-1522986788.38107,-5979335992.5525,196522262464.516,0.0642910032976687,0.0915247739018031,0.702443727057403,-0.432216246242003,-0.206959476458381
0.3,19.4092248282302,20.0700330950239,-69.7752313211333,4.78701768963943,-4446.31366473298,-1851.23373474554,-76744.1833991047,176167.032549951,6995082.73464946,-2575721.43993874,-2282026.58755538,-1326464525.91586,4054819133.3407,198150957555.297,0.0700330950238772,0.0894892958147957,0.782586279020628,-0.440845361320513,-0.187979774510731
0.301,19.3372139408277,20.07392373892,-74.2587512917369,3.02338456614975,-4519.56051815173,-1676.5673840465,-69749.5658745601,172961.104006646,6994828.11762858,-3803110.48707695,1772792.54575974,-1128313568.35941,-3468461075.90358,198649112382.416,0.0739237389200262,0.0871662016507711,0.848078010972643,-0.449730087156531,-0.168959521642388
0.302,19.2606840758103,20.0761374990573,-78.8120207431762,1.43261852468609,-4585.81251902127,-1505.68761049831,-62754.4294375046,168626.944920787,6994866.67963639,-4832099.49924516,-1695668.53011343,-929664455.9755,2297378022.40563,198837232917.249,0.0761374990573458,0.0845542141440981,0.900457769350107,-0.458715408163704,-0.150051384164492
0.303,19.1795689811778,20.0768451694613,-83.42804471731,0.0104019576716542,-4645.0697020063,-1339.62337451833,-55760.0276957962,163363.152732373,6994319.70011748,-5662345.33876203,601709.492259926,-730827223.056572,-2087372667.07089,198860755688.626,0.076845169461258,0.0816614592290394,0.94102126249945,-0.467570416947684,-0.131431899645191
0.304,19.0938093997035,20.0762127451809,-88.0998287055367,-1.24851235868423,-4697.33255654099,-1179.20491312762,-48765.7550363771,157368.537241364,6993877.7232762,-6293742.18397429,-1485663.17478079,-531966467.366296,1187882241.10401,198711288393.035,0.0762127451808752,0.078507533216317,0.970769836454818,-0.476011724383296,-0.113294013043701
0.305,19.0033530684945,20.074400592061,-92.8203785453111,-2.35010246958454,-4742.60157083117,-1025.06362841908,-41772.4221643148,150841.930371772,6992986.00122197,-6726353.00714407,-297780.933703359,-333255178.971886,-1058989244.41134,198159483237.647,0.0744005920610213,0.0751257395973105,0.990347548787191,-0.483731685800359,-0.0958361771609895
0.306,18.9081547184638,20.0715628153345,-97.5827008507888,-3.3008784259777,-4780.87759374958,-877.632160435565,-34779.7615517671,143981.976355681,6992158.72566606,-6960528.44449713,-1356770.17809208,-135095695.733408,664552707.16844,194587985869.445,0.0715628153345413,0.0715654865172912,0.999962674986508,-0.490428635003812,-0.0792491194143577
0.307,18.8081760735212,20.0678468268804,-102.379803016521,-4.10768369371079,-4812.16147437719,-737.144856418703,-27788.1704524055,136986.331394295,6991134.23184155,-6998330.14729581,-692217.4709414,59492290.1359497,1215417.7992381,-94942291839.9388,0.0678468268804409,0.0678948331761545,0.99929293153149,-0.495836161931378,-0.0637015921721514
0.308,18.7033858496972,20.0633931105817,-107.204693415918,-4.77750008511176,-4836.45419303261,-603.651730645252,-20797.3821267298,130001.923676761,6990442.62207951,-6986309.00307983,-691002.053126191,-35450001.7038257,548436314.315645,55892848113.1845,0.0633931105816501,0.064203170605481,0.987382865734021,-0.49974859572074,-0.0493265150302691
0.309,18.5937597542179,20.0583351603056,-112.050381250466,-5.317316250044,-4853.7564461638,-477.14654093506,-13807.1935996245,123007.205147514,6990025.83818354,-6993812.58072706,-142565.738823536,20442846.4091345,650829898.154978,-32566761324.4512,0.058335160305564,0.0606040194053664,0.962562563967473,-0.5020402618834,-0.0362090910939134
0.31,18.4792804847962,20.0527994807032,-116.90987628964,-5.73412424342235,-4864.06862348738,-357.634191885321,-6817.13057266063,116018.186196437,6990208.68739379,-6989653.11498015,508264.159345772,-12123914.915161,-265989503.539911,20530190393.6491,0.0527994807032393,0.0572379241638711,0.922456246877076,-0.502676715045952,-0.0243791099034127
0.311,18.3599377292689,20.0469055844212,-121.776188424672,-6.03491461845665,-4867.39057608855,-245.111997474346,173.287915228917,109025.892822398,6990583.95680137,-6991511.93469849,242274.655793843,8406275.47832471,973099851.566769,-12067967660.8232,0.046905584421232,0.0542754214190804,0.864214099031251,-0.501716953912676,-0.0138087679626927
0.312,18.2357281657152,20.0407659935275,-126.642327241273,-6.22667867179765,-4863.72191526998,-139.580962405438,7164.15519266679,102036.572697495,6991312.78138294,-6989139.64305058,1215374.50737108,-3661692.18238548,-1731218717.09291,6441987847.2625,0.0407659935275149,0.0519200552035572,0.785168532038114,-0.499306514134005,-0.00441607873673399
0.313,18.1066554628546,20.0344862392353,-131.501301823936,-6.31640630333327,-4853.06197325832,-41.0393013953767,14155.7871248506,95046.6758729948,6991662.54653177,-6989580.34130933,-515844.209720627,2780295.66477875,2322087628.53868,-4066118359.84157,0.0344862392353029,0.050411411450298,0.684095887085088,-0.495662226873926,0.00392647289972221
0.314,17.9727302806601,20.02816486318,-136.346120628684,-6.31108711487284,-4835.41034408058,50.5128782679734,21147.5787638822,88057.8079931245,6992307.74613632,-6988833.10482447,1806243.41879782,-1285822.69501045,-4260702027.10436,1394593592.82008,0.0281648631799705,0.05,0.563297263599409,-0.4910502303847,0.0113789705272074
0.315,17.8339702708111,20.0218934175965,-141.169791759004,-6.2177101800659,-4810.76648793231,135.076113513007,28140.0795147235,81068.5644092179,6991983.63854156,-6989421.63072307,-2454458.6082487,108770.897767546,5913316405.59448,-1401851674.34284,0.0218934175964591,0.05,0.437868351929183,-0.485759461404039,0.018118089167518
0.316,17.6904000771418,20.0157564656747,-145.965322929564,-6.04326469508983,-4779.13057928657,212.649926824937,35131.8214766952,74078.9635219979,6992485.83813611,-6990013.78566247,3458857.79723824,-1293080.77657125,-10880954693.298,720511236.091985,0.0157564656746558,0.05,0.315129313493117,-0.480073259920328,0.0243197055620523
0.317,17.5420513355934,20.0098315811776,-150.725722130362,-5.79474033666271,-4740.50239178762,283.233697962053,42124.223251281,67088.423281153,6990504.2185867,-6990946.610821,-7422096.89591364,-572569.540488006,17230634854.5609,-752839700.650592,0.00983158117760752,0.05,0.19663162355215,-0.474241877773293,0.030141796105969
0.318,17.3889626742041,20.0041893477996,-155.443997492153,-5.47912761494704,-4694.88343550007,346.826521141354,49113.8881938955,60097.0649122781,6991697.43911806,-6991895.60021181,9808537.9585354,-1325409.24117797,-19769174818.0322,1206259324.68284,0.00418934779959557,0.05,0.0837869559919113,-0.468458548837561,0.0357092870604645
0.319,17.2311797120173,19.9988933582854,-160.113158456704,-5.10341792244456,-4642.27288754591,403.427467612938,56107.1950395232,53104.7076506662,6991621.38966758,-6992617.87979065,-9960636.8593074,-119149.916473921,-169672887002.65,-1227115845.81448,0.00110664171459973,0.05,0.0221328342919946,-0.462841414933829,0.041102306568218
0.32,17.0687550593148,19.9940002135206,-164.726214305466,-4.67460355249921,-4582.67861162132,453.035795335708,63065.5572962607,46111.8256766094,6896824.30930695,-6993350.58763003,-179633523.861923,-1346265.76238165,-181917905384.156,2134470350.22275,0.00599978647935728,0.05,0.119995729587146,-0.457422969110293,0.0463489408083683
0.321,16.9017483022478,19.9895595217733,-169.276219668434,-4.19967744105336,-4516.20216100378,495.650810277268,69842.2451927393,39118.1577011561,6626231.83275294,-6993629.6182173,-361551429.246096,788204.587903615,-172117707497.837,-2480232983.45381,0.010440478226716,0.05,0.20880956453432,-0.452148114777495,0.0514231444380181
0.322,16.7302258947141,19.9856138980333,-173.756412833827,-3.68563314467902,-4443.11423003735,531.272181193803,76259.0150262862,32124.5088130685,6178621.54975793,-6994081.53012112,-533669136.743987,-1692028.3957086,119407480728.228,3881571823.24676,0.0143861019667426,0.05,0.287722039334852,-0.446881672494213,0.0562479436983962
0.323,16.5542608877623,19.9821989636363,-178.160389027245,-3.1394644274795,-4363.84987378062,559.899528969293,82190.7032544602,25130.2281973863,5704656.15337806,-6993832.7726052,-414261656.015839,2189543.42765473,182586330537.43,-4923318082.0914,0.0178010363637462,0.05,0.356020727274924,-0.441425163522633,0.060703556322093
0.324,16.3739325067441,19.9793433459474,-182.482208512722,-2.56816537299532,-4278.86827829504,581.533000566033,87718.6596349199,18136.6696434808,5381687.66263093,-6994104.88821859,-231675325.478505,-2733774.65465619,188888820071.309,7744487802.20713,0.0206566540526119,0.05,0.413133081052237,-0.435541020993905,0.0646395747985074
0.325,16.1893257064375,19.9770686784209,-186.716328592321,-1.97872977111782,-4188.48951701555,596.172484823239,93015.9911048235,11142.4886159014,5244456.74718808,-6992966.41897214,-42786505.4072952,5010713.14771052,189969549533.75,-10896742283.1321,0.0229313215790619,0.05,0.458626431581237,-0.428980513345503,0.0678899802132878
0.326,16.0005308541782,19.9753896006277,-190.857436237352,-1.37815141840928,-4092.85051322347,603.818871317484,98270.7161908969,4150.21142978886,5296655.01654766,-6993404.076966,147183044.126367,-5886029.13565259,188048027950.823,20446046971.8485,0.0246103993722606,0.05,0.492207987445212,-0.421511159417513,0.0702894868737982
0.327,15.8076435933186,19.9743137589355,-194.90026091695,-0.773423083584222,-3991.89910368245,604.472251622412,103672.3040675,-2842.72798725003,5537862.07464944,-6989067.08261572,335231072.077126,14560017.8364711,178499209578.69,-39794848080.3827,0.0256862410645411,0.05,0.513724821290822,-0.412940466265618,0.07168961785581
0.328,15.6107648953529,19.9738418070457,-198.839385436132,-0.171536765419856,-3885.39455926521,598.135758644643,109407.531546451,-9831.14753562788,5962342.75151591,-6994404.48881944,513730281.655793,-25234830.2443767,-59531049400.4733,164903330091.662,0.0261581929543269,0.05,0.523163859086537,-0.403133645475426,0.0719729433568921
0.329,15.410001299855,19.9739674082213,-202.669061596496,0.420518008123677,-3772.92271508979,584.81007403145,115616.817597228,-16810.6855512211,6446307.50847146,-6937187.65401799,454199232.255352,139668499.847203,-178563038898.587,186440490690.387,0.0260325917787441,0.05,0.520651835574881,-0.392023668202262,0.0710641375610089
0.33,15.2054653185037,19.9746772418599,-206.38308408126,0.995773914633123,-3654.0144839929,564.561841090101,122260.464215344,-23646.9655402006,6811225.22127752,-6704298.90882559,275636193.356868,326108990.537644,-184113840287.118,186498428560.865,0.025322758140117,0.05,0.506455162802339,-0.379613008242015,0.0689368445378022
0.331,14.9972758897668,19.975951079166,-209.974823178382,1.54741003183353,-3528.31013921137,537.624848361574,129178.821893252,-30157.1268823306,6994804.49449083,-6284940.70400751,91522353.0699403,512607419.098556,-192260592348.214,178116085960.155,0.0240489208340016,0.05,0.480978416680031,-0.365968111575978,0.0656163682914273
0.332,14.7855587332683,19.9777620180818,-213.437375894638,2.06893166958283,-3395.62667220337,504.418107200504,136187.34413222,-36156.0778624621,6990196.55138666,-5683275.24192888,-100738239.278034,690723505.058687,-196361019140.427,84084614308.0037,0.0222379819181668,0.05,0.444759638363337,-0.351208688741293,0.061178853396703
0.333,14.5704465320742,19.9800769018628,-216.763749695786,2.55435400616534,-3255.96920121113,465.539015826725,143094.444727444,-41479.9772494769,6791277.80253841,-4950509.42971619,-297099258.418273,774808119.366607,-197444670923.284,-166119299879.586,0.0199230981372338,0.05,0.398461962744676,-0.335493633639205,0.0557473167220354
0.334,14.3520789270718,19.9828569120031,-219.947053819507,2.99835884780825,-3109.53686098678,421.705996911379,149704.265455619,-46070.7691694896,6395456.2086585,-4258760.96028937,-494543929.34141,608688819.486946,-197622959047.798,-177726531293.895,0.0171430879968604,0.05,0.342861759937207,-0.319005134557748,0.0494848647525482
0.335,14.1306023176144,19.9860582727661,-222.980694891254,3.3963435476223,-2956.72552570501,373.599890126166,155819.512539766,-50054.8068085844,5802100.79979319,-3738935.40644938,-692166888.389094,430962288.193093,-197229535293.677,-174583992389.931,0.0139417272338882,0.05,0.278834544677764,-0.301932602234111,0.0425851799917802
0.336,13.9061694655912,19.9896329213519,-225.858574127755,3.74430938033892,-2798.12854181071,321.740168329403,161242.658306149,-53607.3584030021,5011319.14375725,-3395265.11445125,-889396423.682683,256378295.80345,-195457965370.758,-129316495167.291,0.0103670786480521,0.05,0.207341572961042,-0.284458008240898,0.0352598161171973
0.337,13.6789389020908,19.9935290267453,-228.575284807557,4.03868959673905,-2634.53660075185,266.47251889792,165776.702910503,-56895.9871187461,4024193.73738919,-3203545.06623144,-1084854389.05337,127061800.636819,-134519936796.075,168183293502.177,0.00647097325473212,0.05,0.129419465094642,-0.266744050366734,0.0277224412900111
0.338,13.4490741368808,19.9976913377494,-231.126308681163,4.27618689366814,-2466.93421503486,208.002943850172,169236.0494639,-60007.970735742,2872079.37993778,-2992391.61884354,-1219374325.8494,295245094.140131,195776553240.551,186820515877.764,0.00230866225061988,0.05,0.0461732450123975,-0.248926258701816,0.0201714112161949
0.339,13.2167426768808,20.0020614028244,-233.508195367361,4.45370097892898,-2296.45719757892,146.555769008993,171531.071106453,-62821.6030548692,1750593.33070865,-2603736.26676452,-1023597772.60881,482065610.019571,197985536250.516,191213075937.836,0.00206140282443101,0.05,0.0412280564886203,-0.231109700739093,0.0127728037721152
0.34,12.9821149061129,20.0065778072155,-235.71863626386,4.56843366987326,-2124.21318003853,82.5206093007122,172802.863140232,-65152.4376706343,825988.326225098,-2026064.11877604,-825612236.358275,673278685.959636,198647192695.173,192527475519.042,0.00657780721551759,0.05,0.131556144310352,-0.21337003665006,0.00564697530729003
0.341,12.7453629915481,20.0111765639102,-237.756343092724,4.61807004065688,-1951.12664780822,16.4753746632869,173249.153213727,-66809.7745338441,99699.6862144099,-1256521.69505688,-626965043.66309,865806161.481418,198931977501.02,192100917216.879,0.0111765639101975,0.05,0.22353127820395,-0.195757168113188,-0.00113877104698455
0.342,12.5066599591961,20.0157916918036,-239.620853013088,4.60096878386492,-1777.92385009294,-50.8103554861933,173068.525707694,-67601.3763286243,-427799.36869817,-294665.074967022,-428033066.162067,1057907078.70145,199059311374.318,188462680400.032,0.0157916918035994,0.05,0.315833836071988,-0.178299691075096,-0.00757044370695993
0.343,12.2661789678968,20.0203559853147,-241.312330076106,4.51635427934837,-1605.13226877598,-118.374893894115,172459.88635781,-67335.6774175074,-756302.779173078,857473.343934441,-228973754.787754,1246369759.1049,199092208328.18,124556957995.477,0.0203559853146551,0.05,0.407119706293102,-0.161009442270309,-0.013680569548392
0.344,12.0240927818565,20.0248019758227,-242.831366333637,4.3645074290126,-1433.08040059154,-185.06891647322,171622.278735965,-65834.2597010215,-885730.429796742,2166121.58203708,-29881546.4595848,1370926717.10389,199041097599.789,-189063330244.397,0.024801975822669,0.05,0.496039516453379,-0.143885685939249,-0.0195350946922958
0.345,11.7805734421577,20.0290630778347,-244.178782802988,4.14693794936586,-1261.89767394915,-249.599505235853,170754.781049205,-63014.1853154733,-816091.427456432,3442516.63401877,169159551.14019,1181863386.86291,198873667787.447,-195150649780.871,0.029063077834742,0.05,0.581261556694841,-0.126918535732573,-0.0252154013929558
0.346,11.5357921373299,20.0330748666843,-245.355430396055,3.86645272229084,-1091.51445895233,-310.703586280355,170056.415008616,-59013.2620963201,-547495.042422518,4526804.69599124,368033218.927622,986712737.085177,198455587650.893,-196822107503.184,0.0330748666843306,0.05,0.661497333686611,-0.110091287649179,-0.0307977701115323
0.347,11.2899192729705,20.036776328637,-246.361990908163,3.52703644525134,-921.662183612286,-367.297194827132,169726.012506933,-54025.9047163702,-80234.0296694496,5415106.37932483,566488806.578501,789890629.584708,197075387244.039,-197453545722.9,0.0367763286369502,0.05,0.735526572739005,-0.0933814507792511,-0.0363338646153594
0.348,11.0431247402907,20.040110944106,-247.198778211865,3.13366008245181,-751.873661844623,-418.492125146837,169961.868778426,-48248.7619465402,584792.470531071,6106270.23604809,763564193.822532,592437083.864002,-71820494312.6351,-197567488915.222,0.0401109441060008,0.05,0.802218882120016,-0.076760393055879,-0.0418354789021748
0.349,10.7955783828556,20.0430275757571,-247.865542257239,2.69208432651236,-581.495128652556,-463.597244440288,170916.473263483,-41879.2010833793,1312446.41719729,6599923.57545448,691743699.509896,394869594.950423,-197193589505.831,-197047618355.059,0.0430275757571081,0.05,0.860551515142163,-0.0601916609387562,-0.0472652508551783
0.35,10.5474506392889,20.0454811596093,-248.361333228816,2.2086622796205,-409.81535796345,-502.118882454421,172541.925932185,-35114.6839801753,1905593.32195427,6896269.36122737,494550110.004076,197821976.596505,-198527291528.592,-193207403512.414,0.0454811596093165,0.05,0.909623192186331,-0.0436283703248763,-0.0525341898427859
0.351,10.298913238614,20.0474331987262,-248.684541073066,1.6901420659141,-236.246482322432,-533.76051173322,174661.706427219,-28151.7048645682,2300879.78619405,6997487.63606767,296022818.475508,4614573.08486577,-198940227608.896,-12010795261.0077,0.0474331987261536,0.05,0.948663974523072,-0.0270111347020025,-0.057506177625971
0.352,10.0501397826447,20.0488520601702,-248.833062545761,1.14347204186179,-60.3932880418511,-558.413204134198,177077.44091805,-21153.911741168,2497432.49086511,6996096.81152203,97082590.866649,-7396222.17672031,-199110408090.027,10234317673.8393,0.0488520601701907,0.05,0.977041203403815,-0.0102683348953989,-0.0620089110726695
0.353,9.80130614095386,20.0497130914157,-248.804498488741,0.575647675091597,117.940753286441,-576.069873743504,179590.229636333,-14159.8073211217,2494959.87768674,6993817.74818223,-102027817.223326,2838095.4972805,-199168392265.9,-258802534.542285,0.0497130914156863,0.05,0.994261828313725,0.00668060145844041,-0.0658499835554073
0.354,9.5525906473765,20.0499986356194,-248.596352704886,-0.0063363499351534,298.753159542406,-586.732309958103,182000.980873364,-7164.61365894618,2293347.86433046,6996526.44241224,-301196209.489159,2579292.96274892,-199145626358.772,-9215872996.71229,0.0499986356193745,0.05,0.999972712387489,0.0239191599063663,-0.0688357037940713
0.355,9.30417409751779,20.0496980305418,-248.206231039652,-0.595484848321445,481.842317245258,-590.398614508372,184110.539695223,-168.333548884979,1892578.84166192,6994497.79887663,-500341835.84785,-6636580.03395707,-199029488873.297,17845990543.968,0.049698030541812,0.05,0.99396061083624,0.0415255555071584,-0.0707899635361375
0.356,9.05623954713821,20.0488076097366,-247.632040528908,-1.1848020077888,666.80746315997,-587.070061671471,185719.776037483,6825.82029173236,1292722.26137742,6996784.21411465,-699371324.721056,11209410.5101113,-198742463557.363,-28172937524.6126,0.04880760973656,0.05,0.976152194731199,0.0595632270793623,-0.0715711373469169
0.357,8.80897191139618,20.0473307019206,-246.872188520678,-1.76729279633726,853.048757504708,-576.745154909857,186629.688892573,13823.5137215149,493979.704877683,6993907.15586246,-898113788.278319,-16963527.0145863,-197946881489.724,40110026605.2732,0.0473307019206395,0.05,0.94661403841279,0.0780709503593163,-0.0710854345924354
0.358,8.56255736502568,20.045277631792,-245.925781659741,-2.33596091576601,1039.76750283161,-559.425843613626,186641.620556397,20815.6241183046,-503107.524145498,6996998.64215051,-1096060669.76794,23146499.5908457,-192602470363.082,-59328050062.4259,0.0452776317919721,0.05,0.905552635839442,0.0970535373187832,-0.069295417600779
0.359,8.31718254368995,20.0426657188762,-244.792824472101,-2.88381231085134,1225.96686774471,-535.110334426196,185558.38228564,27814.3080019069,-1695469.42909498,6990481.11671014,-1288663140.13092,-36181550.4717134,195694593817.35,86196246190.3121,0.0426657188762078,0.05,0.853314377524157,0.116474021391865,-0.0662229508962844
0.36,8.07303354793714,20.0395192782034,-243.474413054961,-3.40385120036069,1410.47089206719,-503.803224613875,183251.197052116,34801.064384413,-2886285.27231722,6997397.68933358,-1092968546.31346,50014695.7187724,198248622036.044,-97338211489.1882,0.039519278203425,0.05,0.790385564068501,0.136248084180374,-0.0619463272046879
0.361,7.83029478309977,20.035869617407,-241.972841500197,-3.88908638704732,1592.10504541801,-465.499181360787,179851.468943648,41807.2463863578,-3880129.50761266,6998743.27930776,-894719924.277326,-47323515.77059,198829831080.633,-197469348247.406,0.0358696174070161,0.05,0.717392348140322,0.156241563611744,-0.0565919751307514
0.362,7.58914780051519,20.0317550402484,-240.29149303164,-4.33251910539923,1769.87561419677,-420.208678476742,175557.117779077,48749.416349739,-4675434.51634967,6852685.08941346,-695890093.196607,-244792864.017659,199054227639.857,-198975244921.836,0.0317550402483988,0.05,0.635100804967976,0.176272856855837,-0.0503215254191773
0.363,7.34977030447787,20.0272208249178,-238.434645434275,-4.7272228193551,1942.98732696162,-368.082009028044,170566.913920735,55446.5424663231,-5271797.49572635,6508404.60293488,-496835865.556676,-443768108.93871,199139320830.805,-199265650128.697,0.0272208249177694,0.05,0.544416498355389,0.196121520296733,-0.0433158612418018
0.364,7.11233535700411,20.022319069392,-236.40727232527,-5.06651697393969,2110.8438336286,-309.463528347093,165079.888379036,61699.8520731004,-5669063.70086762,5965003.66893182,-297696544.72581,-643033759.066298,199138548591.896,-199357618172.936,0.0223190693920401,0.05,0.446381387840802,0.215542464532787,-0.0357587887361409
0.365,6.87701078149517,20.0171083468679,-234.214844135936,-5.3441648633635,2273.04787150594,-244.896653300115,159295.166163904,67310.1125928034,-5867190.97129748,5222291.10077906,-98557996.1338672,-842391377.237967,199054385596.856,-199361726494.741,0.0171083468679498,0.05,0.342166937358996,0.234284304296593,-0.0278224746521359
0.366,6.6439587654782,20.0116531623277,-231.863128994307,-5.55457283950955,2429.40130978424,-175.124100458445,153411.871925472,72077.9810505475,-5866221.77463292,4280218.86029372,100496389.463023,-1041753103.73146,198844415325.902,-199285610564.534,0.0116531623277112,0.05,0.233063246554224,0.252110028171956,-0.0196561325386513
0.367,6.41333566247183,20.0060232098182,-229.357993607803,-5.69298964672885,2579.90510540461,-101.087939062243,147629.039081459,75804.1090905479,-5666303.17750695,3138822.95127999,299340804.788947,-1241038714.29495,198351006973.337,-199063471507.08,0.00602320981823112,0.05,0.120464196364622,0.268817948958712,-0.0113790215237793
0.368,6.1852919929306,20.000292430385,-226.705204241262,-5.75570576289878,2724.75914765673,-23.9295525932192,142145.464807508,78289.2354394291,-5267786.86923133,1798252.5012315,497691811.762296,-1440102185.80133,196764116519.024,-198302126358.358,0.000292430385002262,0.05,0.00584860770004525,0.284260892797162,-0.00307838544799259
0.369,5.95997264410356,19.9945378707017,-223.91022794882,-5.74025264579975,2864.36186616978,55.0105294771017,137159.317863578,79334.3864933669,-4671712.99920952,258999.252250989,694455928.281324,-1638404312.15943,42909244437.5161,130680279086.587,0.00546212929834411,0.05,0.109242585966882,0.298361780830635,0.00518752927549027
0.37,5.73751726816614,19.9888383430371,-220.978035749311,-5.64559893437955,2999.30285807365,134.2067932227,132841.984369249,78795.9636360526,-3955802.44870944,-1314064.92036515,737365172.718839,-1507724033.07307,-196426301350.37,198552080078.801,0.0111616569628623,0.05,0.223233139257246,0.311124126492797,0.0133817403511526
0.371,5.51806086522338,19.9832729131177,-217.912942112798,-5.47227433739392,3130.28165098478,212.102710062913,129222.126790007,76761.1287124975,-3316650.42666578,-2722512.91339881,540938871.368465,-1309171952.99495,-198025515508.982,199280925283.706,0.0167270868822982,0.05,0.334541737645964,0.322636359802415,0.0214771515861297
0.372,5.30173446699622,19.9779193595848,-214.718581284582,-5.22229770328438,3257.92735797687,287.292690364984,126142.941546441,73417.2433101486,-2874724.31305181,-3932044.40375191,342913355.859478,-1109891027.7123,-198481277460.528,199509926038.454,0.0220806404152043,0.05,0.441612808304086,0.333068814980817,0.0294440811821756
0.373,5.08866575601598,19.9728527716258,-211.398048942505,-4.89899631487484,3382.68181953953,358.567242548822,123406.593698408,68963.5050468805,-2631051.59592259,-4942180.46844499,144432078.398946,-910381101.675142,-198616579300.833,199607341899.903,0.0271472283742433,0.05,0.542944567484867,0.342662159707053,0.0372395418542614
0.374,4.87897950704944,19.9681443396152,-207.95409797185,-4.50680728569788,3504.78868376224,424.916244150437,120814.655378468,63599.4019179147,-2585927.80717406,-5752757.89917018,-54184500.9018876,-710773759.776587,-198565436331.08,199642197779.456,0.0318556603847711,0.05,0.637113207695421,0.35170739789018,0.0447998266203719
0.375,4.67279783072105,19.9638603450069,-204.389336860766,-4.0510780854586,3624.29307092713,485.52912325043,118168.541081455,57524.5308384864,-2739395.02624149,-6363710.56005704,-252749937.232966,-511131561.998345,-198303403433.937,199622456937.829,0.0361396549931214,0.05,0.722793099862429,0.360519301614503,0.0520371408739375
0.376,4.47024021862945,19.9600613497671,-200.706428268912,-3.5378669488415,3741.04152686412,539.794927817706,115269.720519358,50938.5249069199,-3091296.66519143,-6775030.89358647,-451053340.666898,-311509105.061414,-197610123711.515,199487650239.576,0.0399386502329016,0.05,0.798773004658031,0.369405931869635,0.0588405606606716
0.377,4.27142338990679,19.9568015854235,-196.908287538539,-2.97374324753225,3854.68218973895,587.302331079249,111919.962163215,44040.9874025095,-3641155.06771408,-6986796.1735281,-648663464.378407,-112021454.822266,-195270226678.159,198220022868.698,0.0431984145764517,0.05,0.863968291529034,0.378637261260481,0.0650811706276238
0.378,4.07646093939861,19.9541285417304,-192.998280881793,-2.36558790450451,3964.66532753147,627.839509320349,107921.930325532,37031.2171720484,-4387453.64543157,-6999707.61691601,-843933691.056558,86198568.0462965,10631887871.7796,-145876228503.941,0.0458714582695627,0.05,0.917429165391255,0.388415963857652,0.0706208296762519
0.379,3.88546278834038,19.9520827543104,-188.980420906677,-1.72039702855866,4070.25331841443,661.379160935988,103114.281815884,30050.2961344048,-5226071.39255223,-6986447.16312169,-833301803.184771,-59677660.4575284,194380711304.831,93008775853.5793,0.047917245689618,0.05,0.958344913792359,0.39885319508668,0.0753236600595268
0.38,3.69853445537935,19.9506977637739,-184.859514560323,-1.04515883890758,4170.62378009648,687.930162577982,97503.9563069565,23049.5116036964,-5962182.84008459,-6999620.43565242,-638921091.879937,33331115.3959359,196445534219.964,-64437454806.4448,0.0493022362260866,0.05,0.986044724521733,0.409951829781034,0.0790688395388481
0.381,3.51577624989267,19.950000120138,-180.641157483879,-0.346869672110937,4265.04834336534,707.482734256018,91255.053843302,16055.8171499406,-6502881.16485454,-6998508.04765971,-442475557.659975,-31106339.4104319,196425099851.074,59872540606.0162,0.0499998798619963,0.05,0.999997597239926,0.421599688565849,0.0817622088456073
0.382,3.33728255138824,19.9500093760198,-176.331582226725,0.367473755558916,4352.9863950791,720.0366076816,84563.6724162593,9051.73468934306,-6847144.17258898,-6999678.11676713,-246050457.808909,28766201.1954623,193223866302.794,-56611059701.9019,0.0499906239802179,0.05,0.999812479604358,0.433574879177531,0.0833450320635955
0.383,3.16314126922472,19.9507380852099,-171.937463828037,1.09087034440482,4434.09353799386,725.590938885403,77625.706992483,2057.00449655628,-6996582.69724649,-6999217.44542262,-52826591.506128,-27844858.5063807,105750375226.924,54675209432.1373,0.0492619147901472,0.05,0.985238295802944,0.44556349745616,0.0837992537264775
0.384,2.99343349796588,19.952191802068,-167.465724853518,1.81632254472787,4508.21655547143,724.145971983294,70620.3360620212,-4947.02284321461,-6996534.10113916,-6999724.69921293,52923783.7207343,26830350.9256303,-90417346471.646,-53163961862.6554,0.047808197931996,0.05,0.95616395863992,0.457187960696988,0.0831487414892202
0.385,2.8282333602393,19.9543690815899,-162.923362767352,2.53682905941035,4575.34367772407,715.701343350555,63635.1942949972,-11942.1930272756,-6988818.99065425,-6999476.32921863,-37493562.750756,-26333610.9369742,62744595680.3707,52098581769.4596,0.0456309184101471,0.05,0.912618368202942,0.468043005023615,0.0814564413499811
0.386,2.66760798375043,19.9572614791639,-158.317367335006,3.24539206378561,4635.48082795477,700.257193997696,56638.0859555809,-18946.1530650016,-6994940.25556481,-6999760.64927087,25251032.9294238,25764970.8323612,-41614405655.3234,-51223115164.8055,0.0427385208361173,0.05,0.854770416722346,0.47773522962843,0.0788177643667629
0.387,2.51161750520717,19.9608535506197,-153.654732582109,3.93501020116233,4688.62391835448,677.813320473284,49648.8354822049,-25941.5684147175,-6990496.42546305,-6999607.23602091,-16363372.7257211,-25458144.3323914,29996698646.9325,50554101315.9196,0.039146449380258,0.05,0.78292898760516,0.485921254415828,0.0753509005578909
0.388,2.36031506802476,19.9651228520945,-148.942449760586,4.59868549675542,4734.77602825761,648.36981183723,42655.1568201535,-32945.4790393523,-6991861.44886531,-6999788.32969534,13633325.9210559,25095956.983413,-17123990648.9541,-49984956076.6884,0.0348771479054513,0.05,0.697542958109025,0.492340475329558,0.0711850363583038
0.389,2.21374682423336,19.9700399400663,-144.187511038804,5.22941656681303,4773.93681307471,611.926538585839,35667.2580358072,-39941.050216569,-6986790.11826873,-6999684.85075027,-3490664.7277761,-24888999.0932131,13146625666.6541,49528170070.7543,0.0299600599337104,0.05,0.599201198674209,0.496839399247475,0.0664476509918859
0.39,2.07195193501701,19.9755683712689,-139.396905097621,5.82020534184645,4806.11064205,568.48356145094,28680.9136894524,-46944.9248718543,-6983707.47016317,-6999809.76480811,9655960.93880741,24639170.977439,1157837310.78059,-49129158569.7281,0.0244316287310795,0.05,0.48863257462159,0.499385242710013,0.0612521365729055
0.391,1.93496257448695,19.9816647027161,-134.57761753799,6.36405042312741,4831.30135957441,518.040791176723,21702.2271726438,-53940.6032442687,-6973472.59056898,-6999735.17311553,10813798.2496113,-24489987.5922146,1489779115.05874,48797739731.0226,0.0183352972839188,0.0501551812563817,0.365571349252892,0.500067650191856,0.0556869440082323
0.392,1.80280393419743,19.9882784916427,-129.736626847272,6.85395367638888,4849.51871482561,460.598271920304,14734.4097777188,-60944.4504545586,-6961913.90276183,-6999826.29084223,12303577.3646678,24307752.1387182,-11469002157.8836,-48501364156.4107,0.0117215083573008,0.0513623830253025,0.228211926061267,0.499088489134294,0.049807289954434
0.393,1.67549423244938,19.9953522955228,-124.880900829467,7.28291369401554,4860.77374037309,396.155938722069,7776.73616327962,-67940.2064300242,-6955344.82647611,-6999769.22078172,834575.206786792,-24193612.0176083,-12650367479.8898,48248394145.6772,0.00464770447720397,0.0535217528298737,0.0868376731228766,0.496740902496931,0.0436302007570164
0.394,1.55304472479614,20.0028216720272,-120.017398015795,7.64393229532549,4865.07241612035,324.713825762692,819.700229826921,-74944.0310577904,-6960835.43500927,-6999838.63572649,-11815792.2731025,24054782.1279862,-677358384.391136,-48016629289.0268,0.00282167202716366,0.0563752404708217,0.0500516184693541,0.493379755753636,0.0371333328021047
0.395,1.43545970947088,20.0106151790377,-115.153076386769,7.93000806793401,4862.4097011107,246.271883824519,-6147.15599438296,-81939.8450740011,-6972989.90647456,-6999792.16824302,-12493150.6575003,-23961847.1609534,5524344316.26238,47813877730.5042,0.0106151790377353,0.0597024373505961,0.177801435063679,0.489386399436135,0.0302576376807793
0.396,1.32273652277098,20.0186543746158,-110.294902903151,8.13414279723526,4852.77419815232,160.830141270182,-13125.4717521336,-88943.6491862028,-6982720.88497393,-6999847.07653872,-6968806.34123714,23852030.5694674,3301534684.42196,-47622919070.9617,0.0186543746158385,0.0633175787623689,0.294616044714035,0.485131197736765,0.0229135642252819
0.397,1.21486552838808,20.0268538170149,-105.449855490543,8.24933506971272,4836.15634205392,68.3885595959686,-20111.1267844974,-95939.5074006353,-6988038.92397295,-6999806.50550473,-3667271.65680568,-23770888.5014121,1152613109.35741,47451704050.1907,0.0268538170148815,0.0670665394205728,0.400405585958175,0.480937534937145,0.0149901505075875
0.398,1.11183010801684,20.0351210646561,-100.624919528233,8.26858664617058,4812.55063262104,-31.0528357176679,-27100.8072421138,-102943.290733049,-6991129.88907508,-6999851.54198104,-2514658.54746576,23680815.5486871,1409300226.48851,-47284989603.2168,0.0351210646560851,0.0708238527533439,0.495893167213032,0.477050853730662,0.00636608482048406
0.399,1.01360665568763,20.0433566761408,-95.827084580581,8.18489611582416,4781.95390004548,-137.494075626826,-34092.9595770916,-109939.182698857,-6992939.8975093,-6999813.22123396,-1105358.32095517,-23604174.0544587,-150991535.40631,47131601234.7231,0.0433566761408422,0.0744897819011003,0.582048638542218,0.473615698120102,-0.00307836450053382
0.4,0.920164574515218,20.051454210232,-91.0633426976218,7.99126522256926,4744.36428000193,-250.935135148396,-41086.4773190173,-116942.942740246,-6994120.75159796,-6999851.59467106,-1256349.85639074,23527427.1801606,1220902052.50268,-46975870996.7587,0.051454210231995,0.0779874678723644,0.659775366937235,0.470662881356165,-0.0134497220745558
0.401,0.831466274780898,20.0593002258673,-86.3406873852449,7.68069256296406,4699.78058378639,-371.376039775891,-48081.022761868,-123938.85993316,-6994766.6504281,-6999812.10298928,-35447.8038523947,-23448443.8165404,-855695891.485311,46828647952.8195,0.0593002258672506,0.0812601776044097,0.729757522263065,0.468107890186183,-0.0248311082209348
0.402,0.747467172733651,20.0667742821449,-81.6661131158888,7.24617987109299,4648.20213613734,-498.816762640701,-55075.94975218,-130942.591483399,-6995229.94617769,-6999846.22282941,-891143.69538206,23380204.1361638,1584900694.98322,-46670659731.5386,0.0667742821448556,0.0842686718628439,0.792397467157638,0.465760534348745,-0.0372744457999671
0.403,0.668115689887725,20.0737489383395,-77.0466148502086,6.68072575692787,4589.62848892565,-633.257325145545,-62071.3611200895,-137938.526047449,-6995328.63952558,-6999801.34855901,693756.999652462,-23290455.5953277,-1560494381.02121,46281527820.4215,0.07374893833952,0.0869887100551788,0.847798964862675,0.463344760073929,-0.0507957989518788
0.404,0.593353252586706,20.0800897538917,-72.489187914047,5.97733195044543,4524.05951409137,-774.697705212835,-69066.6029635121,-144942.259035836,-6995415.12971644,-6999951.04024413,-866737.381427786,22991072.2249727,2450351756.86168,199861126684.055,0.0800897538917127,0.089408706184147,0.895771310310196,0.460526571077025,-0.0653742582864039
0.405,0.523114291849753,20.0856552887513,-68.0008276196533,5.12899908067964,4451.49516120475,-923.127780376494,-76062.0430699598,-151897.404352188,-6995056.69121943,-6877029.40467713,1583614.37549746,222852198.910297,-2732708606.01599,199948403405.366,0.0856552887513189,0.0915275473361308,0.935841626311188,0.45694723995736,-0.0809544332485532
0.406,0.457326243352222,20.0902971233001,-63.5885292795539,4.12878737830528,4371.93573986205,-1078.41822621447,-83056.7634054258,-158629.682923509,-6994839.43114694,-6554203.00406415,-1149094.23058378,422800602.31786,4578009554.51795,199962585787.103,0.0902971233000542,0.0933525833396797,0.967269678777848,0.452258511873406,-0.0974520759252069
0.407,0.39590954769383,20.0938599939944,-59.2592877376951,2.96998122650881,4285.38155597574,-1240.24621209868,-90051.4143820956,-164939.158528784,-6993699.52060027,-6031421.10885274,3428915.32399212,622763188.107643,-5877020479.267,199966320898.836,0.093859993994414,0.0948977935343386,0.989064028769552,0.44615635269039,-0.114761315117157
0.408,0.338777650781317,20.0961821164137,-55.0200974116006,1.64628781314666,4191.83361844338,-1408.08895538734,-97044.3789484471,-170625.870323433,-6993209.11551591,-5308674.76029567,-2448105.15531077,822729509.009241,12974109751.6476,199965284206.524,0.0961821164137149,0.096182134018478,0.999999816964311,0.438409975255146,-0.1327620804483
0.409,0.285837004729713,20.0970957080431,-50.8779515113707,0.152037090244702,4091.29276750755,-1581.22370961944,-104036.649764915,-175489.852781857,-6989170.1657954,-4385962.60918317,10526004.5963289,1022694793.21827,-23570296065.3884,199959478503.517,0.0970957080430992,0.0972280662736075,0.998638682886731,0.428883383181561,-0.151326872069601
0.41,0.236987069000053,20.0964277110214,-46.8398416882754,-1.51761826092156,3983.76230489817,-1758.72776292895,-111024.48531109,-179331.14141468,-6990429.30923176,-3263288.07671314,-13044291.4689726,1222654271.72376,51420671069.2614,199944427956.897,0.0964277110214198,0.0980602657691896,0.983351516182788,0.417547427191124,-0.170326223391999
0.411,0.192120313078197,20.0940007148516,-42.9127568125907,-3.36650286577211,3869.24257341185,-1939.47844165239,-118012.866654212,-181949.778284205,-6977763.2651661,-1940661.59101094,38376379.6001725,1422598699.68191,150968614629.675,199894750557.049,0.0940007148515676,0.0987045069738954,0.952344707789565,0.404481332359578,-0.189632341766383
0.412,0.151122218530576,20.0896340790736,-39.1036807759625,-5.39721869942937,3747.75351154726,-2122.15312200105,-124946.280293806,-183145.824733616,-6863902.57825109,-418115.5160505,189344994.229819,1622493450.23939,156348126984.707,-92491400789.5797,0.089634079073587,0.0991867192885224,0.903690329880274,0.389863658278008,-0.209120595755854
0.413,0.11387130592945,20.0831452554798,-35.4195351960493,-7.61094758658411,3619.41335196866,-2305.24144272613,-131689.452353778,-182768.108758012,-6596383.52052892,1158132.2337941,345693121.21451,1530002049.44938,123037212248.159,-199896737972.558,0.0831452554798204,0.0995322063649434,0.835360317191816,0.373953952124497,-0.228668735335833
0.414,0.080239257369702,20.0743512865483,-31.8670505383207,-10.0073179773706,3484.48844992533,-2487.18381405648,-138092.483111658,-180878.291622488,-6189171.79319033,2588185.9142572,468730333.462661,1330105311.47554,-21359170523.3953,-199946403948.14,0.0743512865482572,0.0997650199028007,0.745264087760383,0.357067683303333,-0.248154177206436
0.415,0.0500911816367823,20.0630703489295,-28.4526205061459,-12.5844558180843,3343.37861267388,-2666.55465960342,-144050.849599871,-177658.377453151,-5731121.04498936,3818318.02375867,447371162.939264,1130158907.52532,-77910732344.8805,-199961586966.339,0.0630703489294575,0.0999074788209605,0.63128756399191,0.339547438825849,-0.267450920298617
0.416,0.0232860067852412,20.0491231742888,-25.1822045139037,-15.3391578564686,3196.53351813149,-2842.12384995951,-149571.270185448,-173308.306906791,-5322705.24822254,4848496.13780081,369460430.594389,930197320.556165,47417009309.1491,-199967631868.658,0.0491231742888019,0.0999798239028044,0.491330874282766,0.321733079146477,-0.286428025997458
0.417,-0.000323078149291344,20.0323342792841,-22.0613279590799,-18.2670906853666,3044.36444776909,-3012.86120789519,-154701.342383489,-168028.040047357,-4929536.31297357,5678709.64242265,416877439.903549,730229688.684014,153788341415.347,-199969060694.86,0.0323358933123929,0.1,0.323358933123929,0.303933008794841,-0.304950454293273
0.418,-0.0208882091512957,20.0125329957418,-19.0951171204252,-21.3629907018497,2887.27422464999,-3177.93652021727,-159396.808586275,-162017.543737375,-4435764.70236235,6308954.80075924,570665781.318912,530260627.985002,176271696461.906,-199965975926.828,0.0243596646900511,0.1,0.243596646900511,0.286398596194576,-0.322882232006607
0.419,-0.0385664351172918,19.98955430087,-16.2882553475138,-24.6208640736587,2725.76198933011,-3336.71954169843,-163517.861781901,-155476.786285277,-3776963.07281249,6739232.44078082,746937477.780839,330294652.053331,183445894813.339,-199952808309.824,0.0385664351172918,0.0999959225233346,0.385680077188069,0.269304443829971,-0.340091617357081
0.42,-0.0535192133412729,19.9632394475039,-13.6448491318094,-28.0341867070886,2560.48777917038,-3488.77999402147,-166890.781800021,-148605.731986522,-2938302.64762498,6969550.68867924,930383372.594202,130341843.737878,185575251247.798,-199853729727.324,0.0535192133412729,0.0999499457660013,0.535460153891127,0.252737271791938,-0.356457733605676
0.421,-0.0659117481321081,19.9334363943843,-11.1682561482127,-31.5961042098588,2392.29064224411,-3633.88755426161,-169332.963552807,-141604.319330928,-1915131.64940688,6999965.66755346,1115958623.84203,-69511885.9960277,184151209253.776,134443715438.628,0.0659117481321081,0.0998375347936809,0.660190060464914,0.23669501497439,-0.371878008127387
0.422,-0.0759121513614945,19.90000003695,-8.86090314348393,-35.299629038805,2222.19377893763,-3771.99787425148,-170659.424022084,-134616.702320467,-707097.420937961,6997675.63927673,1300109833.09583,64931829.4490734,174016651821.374,-125333658602.832,0.0759121513614945,0.099637500263269,0.761883338711973,0.221096300295701,-0.386275678516153
0.423,-0.0836904192392729,19.8627922647939,-6.72410130474578,-39.1377673238971,2051.40474187108,-3903.11013901641,-170687.46375117,-127607.449709566,680020.73806856,6999940.6394244,1474126484.91724,-60401829.1601563,-104178060993.124,119955579514.342,0.0836904192392729,0.0993263147486291,0.842580533175656,0.205799307860294,-0.399606379100847
0.424,-0.0894172256097875,19.8216819658197,-4.75786640417434,-43.1035160481075,1881.29863548389,-4027.22268722861,-169287.742780809,-120617.717388137,2102058.19248924,6999516.6000214,1369948423.92416,59553750.3604035,-185057091075.261,-118251400289.342,0.0894172256097875,0.0988784758985892,0.904314359593232,0.190628061212993,-0.411862011346426
0.425,-0.0932625585750177,19.7765450274537,-2.96080575800699,-47.1898795119517,1713.28253582452,-4144.33564783337,-166531.55322487,-113608.13247965,3379478.07087577,6999944.65023715,1184891332.84894,-58697649.9350967,-192324993255.982,116929290195.487,0.0932625585750177,0.0982670150912431,0.949072875454916,0.175403234701943,-0.423071067180874
0.426,-0.0953943279053925,19.7272643367667,-1.33017798468598,-51.3898540399072,1548.6301899825,-4254.44871887587,-162591.683653112,-106618.048439348,4468206.90709672,6999711.64539978,992566339.593017,58231640.2663637,-194696207449.496,-115991461364.317,0.0953943279053925,0.0974641643243216,0.97876310300018,0.159973184133643,-0.433295399133931
0.427,-0.0959770952327381,19.6737297806715,0.137940799083419,-55.6964437046719,1388.42992516423,-4357.56203919682,-157659.642944128,-99608.5528840432,5363425.14296499,6999947.554984,797870132.143588,-57759821.1038583,-195609059030.41,115192397924.708,0.0959770952327381,0.0964421929107233,0.995177446053972,0.144240702281378,-0.442623785346091
0.428,-0.0951709862249081,19.6158382458649,1.44846642147925,-60.1026448091069,1233.57682276948,-4453.67544525713,-151929.884244929,-92618.2865066239,6063490.74559337,6999783.93284248,602261073.113264,57432576.8265804,-195703334943.788,-114533864418.747,0.0951709862249081,0.09517442411223,0.999963878033895,0.128182374661853,-0.45116295784312
0.429,-0.0931307956469573,19.5534936189293,2.60711234726728,-64.6014613283862,1084.77090643724,-4542.78903994574,-145597.88018527,-85608.8752627715,6567900.15123474,6999949.5774597,406557738.169585,-57101287.5978083,-194704924523.5,113942600099.459,0.0931307956469573,0.0936364402012855,0.994599916942152,0.111858639139014,-0.45902699523915
0.43,-0.090005287379793,19.4866067862821,3.62019428100166,-69.1858895773986,942.516623245427,-4624.9027096929,-138859.151985704,-78618.4858957609,6877105.42714257,6999819.5899116,211852813.646225,56841312.5071405,-188281840941.133,-113420049687.34,0.090005287379793,0.0918074825540545,0.980369844329405,0.0954136667637187,-0.466326134351706
0.431,-0.0859366899291909,19.4150956342442,4.49443477067718,-73.8489334702196,807.123487698862,-4700.0165380772,-131907.500458562,-71609.1489912103,6994817.32031823,6999950.87757509,23570972.7053121,-56578737.1855759,-52380539042.5357,112934007384.147,0.0859366899291909,0.0896720513065238,0.95834419618032,0.0790651973827711,-0.473156094471045
0.432,-0.0810603864237002,19.3388850489968,5.23677085665272,-78.5835893406431,678.715141873451,-4768.13043583567,-124909.627741732,-64618.665147664,6992198.02350227,6999839.14408157,-28809566.337146,56355270.2038203,45211976858.4441,-112485667078.472,0.0810603864237002,0.0872217068175775,0.929360240487342,0.0630854539793923,-0.479588947837495
0.433,-0.0755047851031239,19.2579069166341,5.85419572736032,-83.3828610584391,557.298695381451,-4829.24447576917,-117924.299171921,-57609.3959796601,6985994.44559435,6999951.58074617,16402410.5212666,-56130396.8797649,-24390303320.0304,112057711615.998,0.0755047851031239,0.0844570727400029,0.894001919005195,0.04777524041137,-0.485666403823798
0.434,-0.0693913028920435,19.1721001231243,6.35369708574455,-88.2397449785532,442.869110904777,-4883.35858195335,-110934.16857162,-50618.8333120844,6990201.7044556,6999850.03967439,-7987892.7987189,55927314.7412393,11259964968.7334,-111651123370.477,0.0693913028920435,0.0813900378758965,0.852577351024843,0.0334344835622248,-0.491396131032383
0.435,-0.0628343690714863,19.081410554354,6.74226390698502,-93.1472449356101,335.429181035127,-4930.47282115662,-103946.084152735,-43609.628135601,6987843.79414125,6999951.7927304,3272072.16995584,-55723808.6340978,-6731152031.2455,111255329986.028,0.0628343690714863,0.078046151251158,0.805092474954734,0.0203330334969428,-0.496751436184974
0.436,-0.0559414237432878,18.9857910960913,7.02688476681947,-98.0983573068997,234.977283660158,-4970.5871250585,-96957.726181181,-36618.9956921899,6987750.29029558,6999855.6490893,-3459079.86123095,55531521.3566894,2206587327.15851,-110871139269.269,0.0559414237432878,0.074467201961893,0.751222313575238,0.00868480437965529,-0.50167428996978
0.437,-0.0488129188251892,18.8852016340254,7.21454768669726,-103.086085897309,141.512948051956,-5003.7015573033,-89971.3376662615,-29609.8528056337,6985394.50409793,6999951.60081137,-1252492.53412185,-55339617.9171977,-2866642741.50345,110491382439,0.0488129188251892,0.0707139723908055,0.690286759106408,-0.00137234505508643,-0.506081362933132
0.438,-0.0415423188437467,18.7796090537309,7.31223912225751,-108.10342710747,55.0339794455419,-5029.81605377045,-82987.0471822209,-22619.1557833743,6982708.69019305,6999857.67411366,-4119135.27558026,55151764.5263129,-1724526754.13648,-110116746275.212,0.0415423188437467,0.066869150344057,0.621247894283119,-0.00978907962018251,-0.50987244741154
0.439,-0.0342161029968444,18.6689872407047,7.32694317689192,-113.143384715836,-24.4624717694078,-5048.93067695363,-76006.6854807914,-15610.0750180434,6977727.2915404,6999951.06550238,-5843662.02974515,-54964981.7532857,3395672099.13503,109741656875.503,0.0342161029968444,0.0630403825879906,0.542764837270558,-0.0166083013362805,-0.512940415781685
0.44,-0.0269137681421163,18.5533170803303,7.26564010174204,-118.198955147481,-96.9811260617615,-5061.04536470002,-69031.314074916,-8619.3161672718,6973581.46556023,6999856.91218683,-2447989.93064087,54776675.1264815,-26781224385.3159,-109366733631.55,0.0269137681421163,0.0593634491533981,0.453372715466209,-0.0219598534166673,-0.515181727819499
0.441,-0.019707833314141,18.4325864579131,7.13530525704396,-123.263142156473,-162.527173286567,-5066.16017991244,-62063.4201417186,-1610.29870646044,6957742.86343693,6999950.22049755,-29229214.315892,-54590058.5092328,-86339055103.6902,108989176401.371,0.019707833314141,0.0560055346925732,0.351890816190251,-0.0260468480771151,-0.516506457566939
0.442,-0.0126638460046585,18.3067902586446,6.94290406012106,-128.328942193711,-221.120190992916,-5064.27506063593,-55134.6817279569,5380.52134751588,6885344.12156919,6999854.75018899,-115568269.419597,54399117.8961647,-102242512276.061,-108609116843.705,0.0126638460046585,0.053168570107872,0.238182933619716,-0.0291250551235791,-0.516846870988324
0.443,-0.00584040536941088,18.1759303676372,6.69535841825229,-133.389358989661,-272.835722143003,-5055.39007077346,-48324.1621598102,12389.4741371788,6718654.59601156,6999949.30966331,-217810781.695669,-54209998.9514877,-71884347933.5392,108223607598.277,0.00584040536941088,0.0510926146875921,0.114310168017869,-0.0314775907558155,-0.516163737481363
0.444,0.000710759189733917,18.0400156698877,6.39947071630995,-138.437389022034,-317.839853982921,-5039.50514766425,-41726.3936793021,19380.3557152992,6464901.64034912,6999851.11451095,-289695129.629206,54013608.6505901,11760649465.0269,-107833288976.745,0.000710759189733917,0.0500592460783094,0.0141983598518853,-0.0333878014194969,-0.514449790244524
0.445,0.0069446225531941,17.8990620503119,6.06183317646917,-143.466035998032,-356.381589336594,-5016.62035717731,-35404.3794955234,26389.2414193057,6181086.83545243,6999948.07867318,-277934480.16417,-53819680.3298889,77160888105.0842,107432859721.214,0.0069446225531941,0.05,0.138892451063882,-0.0351133090708104,-0.511730033836138
0.446,0.0128226195413895,17.7530923937075,5.68876864092818,-148.468296423699,-388.738532790749,-4986.7356352963,-29349.3997521355,33380.1851344339,5941732.7993408,6999844.82820389,-200773592.059074,53613179.3949154,94894686032.9163,-107022972067.929,0.0128226195413895,0.05,0.256452390827791,-0.0368636495886045,-0.508058909059998
0.447,0.0183123733801603,17.6021365847887,5.28633812228405,-153.437173983599,-415.146574463307,-4949.85105150848,-23492.2379678188,40388.9993903238,5788406.55029818,6999946.52156485,-105878906.026145,-53409792.6765385,82676599932.673,106597563659.89,0.0183123733801603,0.05,0.366247467603207,-0.0387831317330289,-0.503514629506125
0.448,0.0233874632583073,17.4462315081467,4.86040644061255,-158.365665214753,-435.758810781986,-4905.96653892447,-17742.9914372116,47380.0072761602,5723865.94423837,6999835.51071824,-23202306.093462,53187770.9867499,32230755678.8925,-106157382149.273,0.0233874632583073,0.05,0.467749265166146,-0.040939874350626,-0.498191276706979
0.449,0.0280272714740946,17.285421048286,4.41672941359632,-163.246773779276,-450.642393349942,-4855.08217248888,-12025.3548534068,54388.7437753468,5716779.01598436,6999944.59063036,9028449.58543381,-52969611.165845,-52518654670.8332,105693858993.815,0.0280272714740946,0.05,0.560545429481892,-0.0433216175524792,-0.492189450070256
0.45,0.0322169136666058,17.1197560895809,3.9610270778524,-168.07349624873,-459.810042231038,-4797.19788077612,-6312.81472174152,61379.8192035599,5699548.13823437,6999821.90896142,-43490205.0854036,52724247.8311921,-104952222978.852,-105207973722.205,0.0322169136666058,0.05,0.644338273332117,-0.0458385970792479,-0.485606399975857
0.451,0.0359472205605215,16.9492945163141,3.49900786625659,-172.838836262809,-463.284704260468,-4732.31374690917,-652.503723212987,68388.4685741499,5603581.82165954,6999942.16993152,-148442428.064266,-52483725.8941438,-126549076119.827,104685784485.256,0.0359472205605215,0.05,0.71894441121043,-0.0483334215193081,-0.47852660941581
0.452,0.0392147093937991,16.7741012126283,3.03632360076146,-177.535790432843,-461.165430355701,-4660.42969263016,4855.76537172779,75379.616511882,5391864.85553536,6999801.33627999,-274991504.184109,52202058.5941733,-133482986016.818,-104128643138.984,0.0392147093937991,0.05,0.784294187875982,-0.0505975056597491,-0.471013735688393
0.453,0.0420214817576369,16.5942480625674,2.57847212689682,-182.157362376314,-453.665126264653,-4581.54581380061,10087.887310835,82388.1641036028,5050131.85834284,6999939.07330468,-408474490.200945,-51926584.5477688,-130813307276.732,103511593654.766,0.0420214817576369,0.05,0.840429635152738,-0.0523929947113285,-0.463104678001011
0.454,0.0443750094724536,16.40981395002,2.13067452304949,-186.696548752561,-441.125702660816,-4495.6620216081,14911.9797061979,89379.3918169095,4576250.71450353,6999768.28558428,-539287797.477695,51585009.1099111,-117375831484.064,-102836498084.134,0.0443750094724536,0.05,0.887500189449072,-0.0534783512236821,-0.454806322645136
0.455,0.0462877924941288,16.2208847587661,1.69774407023755,-191.146353157809,-424.02036955659,-4402.77843300098,19199.0238833819,96387.8131907017,3978275.0012838,6999935.04565214,-656663628.961774,-51251488.9770334,-85154901443.2695,102053285124.105,0.0462877924941288,0.05,0.925755849882575,-0.0536352255589893,-0.446095247651997
0.456,0.0477768863878716,16.0275533724059,1.28395818784768,-195.499772313408,-402.945200231618,-4302.89494198204,22834.7745866109,103379.131372719,3279033.92160039,6999710.19923715,-741818530.405054,50801796.1498547,-19977037733.5708,-101164473563.129,0.0477768863878716,0.05,0.955537727757432,-0.0526940039333758,-0.436920380145367
0.457,0.0488633081881928,15.8299196744142,0.892945804982428,-199.749809797633,-378.595377482512,-4196.01170373,25739.5697367199,110387.381724438,2527226.87232855,6999929.75860544,-761795568.13863,-50362677.4159689,51330620499.2949,100047269642.908,0.0488633081881928,0.05,0.977266163763857,-0.0505554794411734,-0.427208309380643
0.458,0.0495713452568148,15.6280905480447,0.527610103120389,-203.889462420259,-351.717021461795,-4082.12858226949,27894.4539283956,117378.804689276,1791096.61443957,6999590.71601092,-710464947.639335,49684592.2296161,86653162477.7173,-98705034946.2008,0.0495713452568148,0.05,0.991426905136296,-0.0472063467843335,-0.416870707439508
0.459,0.0499278147536509,15.422179876394,0.190109944128988,-207.911733754082,-323.041819502348,-3961.2458141665,29344.7602627618,124386.786862244,1123958.24803909,6999922.79076744,-623811785.161613,-49020442.7192049,96637636435.6382,96672429339.6465,0.0499278147536509,0.05,0.998556295073018,-0.0427266272025704,-0.405813107117027
0.46,0.0499613363491303,15.2123085422532,-0.118097355711345,-211.809620757934,-293.235022178241,-3833.36320796464,30172.9188909594,131378.311503209,548465.2810953,6999238.56271805,-527174148.725967,47651986.6230553,89431618904.7761,-93953865709.6172,0.0499613363491303,0.05,0.999226726982607,-0.0372877930140394,-0.393944169110683
0.461,0.0497016688860437,14.9986044281781,-0.396175727889978,-215.576127067836,-262.8720066874,-3698.48124992659,30472.7023675092,138385.71708162,66006.9418217216,6999913.61648631,-437742529.821181,-46301879.089171,63356253964.5732,61625087238.6546,0.0497016688860437,0.05,0.994033377720874,-0.0311413973694894,-0.381184527431666
0.462,0.0491791351290011,14.7812024161344,-0.643818093539982,-219.204250222655,-232.436618093369,-3556.60072530451,30330.3974200811,145372.750606435,-340057.461017173,6984424.28101645,-374386275.856599,15323208.1520675,15249331172.6525,308887668.781831,0.0491791351290011,0.05,0.983582702580021,-0.024599199302868,-0.367474363458737
0.463,0.0484241365249027,14.5602443854867,-0.861161661517261,-222.686999860902,-202.338011727641,-3407.73319581915,29805.688376331,152364.887972805,-706819.071287445,6999901.93300292,-359136944.683941,15632095.8182564,-34853957666.1231,-31355469125.4413,0.0484241365249027,0.05,0.968482730498054,-0.018006805022979,-0.352779000489913
0.464,0.0474667409802526,14.3358792049252,-1.04872988672435,-226.017383572371,-172.947041292638,-3251.86705800839,28913.4918397573,159367.380042196,-1083382.99480445,6999856.29425845,-393990902.350065,-15723373.3046066,-59290436229.6324,-199758146949.067,0.0474667409802526,0.05,0.949334819605052,-0.011713635995906,-0.337092041148878
0.465,0.0463363079816342,14.108262740306,-1.2074176563042,-229.188402617434,-144.64337653552,-3089.01069363742,27623.2316544062,166326.081625311,-1507019.11526933,6884253.84747931,-453281338.579704,-215481520.251405,-52207799645.2824,-199874955312.653,0.0463363079816342,0.05,0.926726159632685,-0.00604253816734311,-0.320435560403485
0.466,0.0450611058666933,13.877557838126,-1.33851990865257,-232.193113538639,-117.851376653499,-2919.28672679827,25880.8705699061,173069.282220112,-1986404.35367167,6568834.84957157,-505489138.225002,-415356475.562197,939470391.068871,-199886543164.673,0.0450611058666933,0.05,0.901222117333866,-0.00126243257516376,-0.302857764437252
0.467,0.0436678867701952,13.6439341960669,-1.44378297163196,-235.02478979076,-93.0479173055352,-2743.01058183869,23641.8782255205,179397.124408042,-2491423.75670114,6053535.10242704,-504549667.833957,-615243018.725499,87089538585.6348,-199862733294.367,0.0436678867701952,0.05,0.873357735403905,0.00243303515354116,-0.284429236369045
0.468,0.0421814122600066,13.407568047332,-1.52544548427427,-237.677120188527,-70.7322138388988,-2560.69755799656,20912.6945579999,185109.727545557,-2952428.65524228,5338360.71705436,-417460129.248354,-815105752.01904,136472030751.872,-199757161864.048,0.0421814122600066,0.05,0.843628245200132,0.00493877690618156,-0.26523886352858
0.469,0.0406239598107589,13.1686416453475,-1.58622967918191,-240.144408783347,-51.3596239621154,-2373.06282426636,17774.2811765921,190007.242526291,-3301652.7691147,4423376.38410329,-280988098.49652,-1014862913.88282,158561026957.341,-161092233899.62,0.0406239598107589,0.05,0.812479196215179,0.006242578199366,-0.245389976996791
0.47,0.0390148730095857,12.9273425486522,-1.62926282451287,-242.421774385343,-35.2763938103751,-2181.01974954355,14358.5611960554,193896.338747803,-3503360.35413255,3327967.35327066,-122427071.539222,-1175955147.78269,169241732490.007,199766257422.639,0.0390148730095857,0.05,0.780297460191714,0.00642075227905284,-0.224997077994413
0.471,0.0373702183231868,12.6838627095917,-1.65794752189786,-244.5053386377,-22.6828655644566,-1985.64709604982,10822.1942615682,196669.62290342,-3541166.55942676,2251895.33419929,46814660.9507392,-976188890.360727,174544235793.904,199875859132.702,0.0373702183231868,0.05,0.747404366463735,0.00562627397343113,-0.204183426859221
0.472,0.0357025861514899,12.4383974116482,-1.67580607961201,-246.392314615315,-13.6161794626191,-1788.00589546701,7333.5257385825,198466.736435628,-3407079.78057907,1375644.37340492,221358896.744597,-776313031.228974,176667449531.991,199905420396.39,0.0357025861514899,0.05,0.714051723029797,0.00407100823607588,-0.183079280816675
0.473,0.0340210543648087,12.1911442230015,-1.6863126473194,-248.080888549,-7.94193932113812,-1588.97239295746,4066.56998129773,199487.541863485,-3097387.15906848,699284.052374138,398026346.276544,-576407610.833608,176112447916.487,199909762596.616,0.0340210543648087,0.05,0.680421087296173,0.00200401274645464,-0.161819313137179
0.474,0.0323313230131812,11.9423021207908,-1.69271948080832,-249.570022974753,-5.35038717633135,-1389.22294742954,1197.54807002027,199931.940404208,-2611304.58883369,222831.322838838,574138794.192992,-376497848.237845,171726657879.724,199886673451.548,0.0323313230131812,0.05,0.646626460263623,-0.000311841330919311,-0.140537974360037
0.475,0.0306360241487709,11.6920708147572,-1.69788095787595,-250.859256835115,-5.35564632428292,-1189.23401239391,-1098.0660120703,199999.837248504,-1951302.46570084,-53723.1886732337,745865452.072683,-176611174.786715,156742893615.584,199762369238.025,0.0306360241487709,0.05,0.612720482975417,-0.00262259691880585,-0.119362993652733
0.476,0.0289352074857046,11.4406502707893,-1.70407847036601,-251.948505576862,-7.29852170662263,-989.282148503463,-2650.3119361322,199891.102200643,-1127065.56682036,-130453.178840937,902608345.688243,23151194.4514128,47880320748.7074,199108621062.897,0.0289352074857046,0.05,0.578704149714093,-0.00470307724270993,-0.0984076705950981
0.477,0.0272269986629996,11.1882404343558,-1.71285198461817,-252.837861292591,-10.3599366885173,-789.444118167231,-3318.09327665032,199805.409389205,-200517.060757766,-7747.67385807613,950488666.436935,222259815.514828,-155076542067.21,-185280498988.025,0.0272269986629996,0.05,0.544539973259991,-0.00637202548646027,-0.0777627224634928
0.478,0.0255084130449668,10.9350411531778,-1.7248660760653,-253.527396280521,-13.6263352403913,-589.613259333078,-3069.21209453415,199877.91153994,672433.334645564,121871.892162739,795412124.369719,36979316.5276067,-178432499098.986,-193823239263.872,0.0255084130449668,0.05,0.510168260899335,-0.00750127066487491,-0.0574884919712426
0.479,0.0237762566645973,10.6812522683698,-1.73988328989624,-254.017050346492,-16.2341966676685,-389.67632459584,-2028.81144755356,199985.969217155,1378629.20946579,61939.5890584099,616979625.270736,-156843922.735361,-185800835204.593,175841273585.015,0.0237762566645973,0.05,0.475525133291945,-0.00801876890856426,-0.0376085697480605
0.48,0.0220279804674474,10.427073712374,-1.75687796160875,-254.306728433034,-17.4786052744095,-189.678199518108,-372.659231319837,199998.793723776,1902708.41713423,-6983.69688444235,431178790.066155,18997350.8499729,-189080932529.051,-15349841146.0484,0.0220279804674474,0.05,0.440559609348948,-0.0079066026096986,-0.0181070076482196
0.481,0.0202623837033884,10.1727054778195,-1.77420938832089,-254.396407735999,-16.8359255376723,10.3196290057507,1714.12509209263,199998.75039546,2239346.74093586,4338.73339250588,242097857.537122,3647509.70384614,-190660013347.97,-158409791730.377,0.0202623837033884,0.05,0.405247674067767,-0.0071952070819034,0.00106933274618654
0.482,0.0184801370986016,9.91834756301425,-1.78980652827848,-254.286089176776,-13.9697215994112,210.314556278284,4042.74409290571,199978.511251751,2386114.591799,-71218.652768838,51437844.1891736,-154762282.025707,-191264139889.494,195217292176.314,0.0184801370986016,0.05,0.369602741972032,-0.00595471894672445,0.0200046173408079
0.483,0.0166841190846475,9.66419995688152,-1.80135664269053,-253.975802056266,-8.7333165757367,410.239798543877,6422.70025015105,199862.447673331,2341920.36604342,-128372.288706389,-139826295.700296,40455010.1526643,-191076075234.056,191381628545.592,0.0166841190846475,0.05,0.33368238169295,-0.00428438913956517,0.0388053177143262
0.484,0.0148795623831197,9.41046258038659,-1.80649570747653,-253.465649148795,-1.17092202831609,610.052776809096,8662.86145580531,199786.199827792,2106556.0327261,7773.53571907061,-330902370.934328,231836638.701096,-189900834706.475,-199101589259.155,0.0148795623831197,0.05,0.297591247662393,-0.00230114081195958,0.057589005704719
0.485,0.0130740097767646,9.15733525730554,-1.80299947621063,-252.755693975803,8.48215451391597,809.873206944971,10572.3161639465,199876.708084651,1680703.24443853,140059.379790589,-520803205.64078,32735049.445071,-186777883948.159,-199766606741.029,0.0130740097767646,0.05,0.261480195535292,-0.000128407195956322,0.0764724955255648
0.486,0.0112770788603619,8.90501781854907,-1.78897430302333,-251.845859372348,19.8002393539756,1009.81707695244,11961.4881582399,199999.840554707,1066511.09682367,72911.1258651463,-707581089.588919,-167031557.293046,-176925756855.808,-199889108387.546,0.0112770788603619,0.05,0.225541577207239,0.00211366627275684,0.0955615053456818
0.487,0.00950003655409372,8.6537102023904,-1.76304652466752,-250.736038848655,32.1696809724919,1209.81720576427,12644.7210841265,199955.921050527,270467.128806849,-194064.985621672,-884506846.444712,-366920665.678177,-35534748736.7218,-199911866708.88,0.00950003655409372,0.05,0.190000731081874,0.00431572715463781,0.114941485204481
0.488,0.00775518617264106,8.40361238671013,-1.72454655587306,-249.426292980823,44.8007371987486,1409.60661121651,12467.0123315882,199545.077087615,-631807.092006223,-660941.584654288,-920041595.181423,-566832532.385189,176661733130.678,-199907759761.352,0.00775518617264106,0.05,0.155103723452821,0.00638375432388656,0.134668896865047
0.489,0.00605508407380556,8.15492412200731,-1.67365447657593,-247.917049271915,56.8058666240157,1608.71841593297,11404.6280641797,198567.401276808,-1463517.82062231,-1327727.99692015,-743379862.050738,-766740292.145248,188110675564.571,-199879092725.758,0.00605508407380556,0.05,0.121101681476111,0.00824039116279718,0.154763484355046
0.49,0.00441166638840377,7.90784446452116,-1.6114196221286,-246.209302056515,67.3626770790231,1806.48583486698,9600.77209179283,196822.989951694,-2112842.34489076,-2194407.83542828,-555269186.486163,-966619384.870278,191714294520.243,-199772785698.039,0.00441166638840377,0.05,0.0882333277680755,0.00982376806849898,0.175202268316859
0.491,0.00283543583742005,7.66257110944748,-1.53963023799152,-244.304812401893,75.8224712295604,2002.04219380397,7242.24753607903,194111.976959548,-2572254.3841168,-3260913.61314757,-363554891.965918,-1166392170.5681,193277085531.572,138457530276.19,0.00283543583742005,0.05,0.056708716748401,0.0110854189939027,0.195915826681416
0.492,0.0013348139378439,7.41929952473965,-1.4606288895361,-242.206305151073,81.7260523034836,2194.33508432552,4520.42855356787,190290.943516162,-2839170.73331693,-4358077.01857758,-170277806.434343,-1027934640.2921,193943855171.479,199763114069.864,0.0013348139378439,0.05,0.0266962787568781,0.0119885291359704,0.216787199727045
0.493,-8.43179691832048e-05,7.1782219124128,-1.3771212967879,-239.917592107077,84.806596849953,2382.28399035536,1628.44289289568,185452.193029784,-2912476.61216553,-5286130.10183475,23666048.7371427,-828171526.222709,194036766849.936,199866298898.651,8.43179691832048e-05,0.05,0.0016863593836641,0.0125069079222186,0.237653756414742
0.494,-0.00141888544688292,6.93952614412051,-1.2919832882018,-237.443495883486,84.9908306435084,2564.96341750894,-1239.86123375962,179785.288214655,-2791792.18000342,-6014368.47860813,217702815.58709,-628305227.324633,193574482200.525,199889554064.567,0.00141888544688292,0.05,0.0283777089376583,0.0126248114055982,0.258313232021547
0.495,-0.00266869420493866,6.70339483860358,-1.20806700280053,-234.789666730255,82.3994227257713,2741.64513267781,-3890.53959226941,173490.082048062,-2477302.12331607,-6542728.92890048,411277297.787633,-428415673.260554,192279319673.119,199878293518.959,0.00266869420493866,0.05,0.0533738840987732,0.0123376328209742,0.278534926241629
0.496,-0.00383630944620433,6.47000463354714,-1.1280069946764,-231.962383196376,77.3467899264632,2911.80077591146,-6130.15651341281,166766.458331451,-1969885.16569188,-6871205.45540156,603556617.460778,-228537379.741793,189057765896.077,199764423499.698,0.00383630944620433,0.05,0.0767261889240866,0.0116533872606632,0.298075418613018
0.497,-0.00492674152500596,6.23952565722121,-1.05402687352717,-228.968352249896,70.3401610066956,3075.10186546961,-7766.75374272495,159814.278256762,-1271799.66528306,-6999860.6233935,792614383.35689,-28772956.2418026,177546949899.447,57458724269.1796,0.00492674152500596,0.05,0.0985348305001192,0.010594834110803,0.316697268422328
0.498,-0.00594693891693323,6.0121211997963,-0.987747550845517,-225.814510608787,62.0770076181364,3231.41381203554,-8612.655058013,152809.607609293,-390411.806976447,-6999904.21750071,970161333.256381,28685768.0271138,-121306884457.545,-41006095287.1202,0.00594693891693323,0.05,0.118938778338665,0.00920201308507988,0.334188841720497
0.499,-0.00690509175744849,5.78794757288091,-0.930002526892714,-222.507857790127,53.4257857586607,3380.72653991019,-8538.20401243751,145817.211926591,519096.084051161,-6991721.49711716,848854448.798887,-12320327.2597182,-184242032282.774,8253157093.74602,0.00690509175744849,0.05,0.13810183514897,0.00753491022681873,0.350383210741941
0.5,-0.00780977597857165,5.56715408981649,-0.880725493541176,-219.055388375741,45.2809287783718,3523.04618158198,-7625.38770936737,138820.705792026,1275829.51670866,-6999915.24583,664612416.516171,-4067170.16624033,-190874095723.118,9325272307.84702,0.00780977597857165,0.05,0.156195519571433,0.00567569965722379,0.365173641988325
0.501,-0.00866907347278471,5.34988306963179,-0.83901851879815,-215.46409858556,38.3962714761242,3658.36664044248,-6049.06433368782,131820.311173165,1845004.88536327,-6999319.77984232,473738320.793114,5258102.14188748,-193156984774.549,-11724177320.5501,0.00866907347278471,0.05,0.173381469455694,0.0037290301937431,0.37852326525983
0.502,-0.00948982147849105,5.13626983280756,-0.803321149219484,-211.740988221442,33.3406177642186,3786.68767956876,-3999.38311872375,124821.66641484,2222164.71376911,-6999923.7663607,280581336.018627,-6466075.17892848,-194099134103.106,13513012381.5329,0.00948982147849105,0.05,0.189796429569821,0.00181886469214298,0.390467746620111
0.503,-0.0102770442238961,4.92644270033839,-0.771599788832779,-207.89305651944,30.4909930944618,3908.00886946345,-1669.27759262918,117820.76177962,2405696.48273618,-6999633.33534887,86482201.9155796,7046937.20287035,-194355537190.568,-14687829202.159,0.0102770442238961,0.05,0.205540884477921,8.17071256250861e-05,0.401110904071722
0.504,-0.0110335760410201,4.72052299343428,-0.741540501325232,-203.927303703419,30.0308792961367,4022.33037707207,747.26740153303,110822.203941339,2395000.91605648,-6999930.31274707,-107873335.274935,-7640891.99954564,-194059020439.963,15657672881.8206,0.0110335760410201,0.05,0.220671520820402,-0.00134316822196076,0.410613754730645
0.505,-0.0117598779349029,4.51862503358106,-0.710742933389782,-199.85072906732,31.9495824739663,4129.65199477808,3055.98847987871,103821.062794739,2190098.07056156,-6999742.36830571,-301932355.714854,8016780.8825265,-193038547063.771,-16419581224.9076,0.0117598779349029,0.05,0.235197558698058,-0.00232551686076748,0.419178138286737
0.506,-0.0124540482757746,4.3208561424097,-0.676914529500148,-195.67033296767,36.0422546570445,4229.97383836957,5062.94728140555,96822.5922200039,1791646.44131482,-6999935.37803563,-494970902.778592,-8402800.34262487,-190513675651.384,17082894585.3268,0.0124540482757746,0.05,0.249080965515492,-0.00275678679602334,0.427026572074975
0.507,-0.0131120275908304,4.12731664174967,-0.638064404863741,-191.393114696847,41.9105919388242,4323.29577422106,6575.35599205584,89821.3025908946,1201418.70071054,-6999796.73108559,-685484578.429957,8680094.24294169,-182536875519.881,-17645381543.9289,0.0131120275908304,0.05,0.262240551816609,-0.00256240106202406,0.434380348139667
0.508,-0.013727996713848,3.93809985354669,-0.592695981476812,-187.026074689495,48.9648041483488,4409.61788990449,7403.60959096476,82822.9050100065,424665.684520642,-6999939.32761462,-868021453.949834,-8965287.30121437,-21690613056.2671,18151868045.8227,0.013727996713848,0.05,0.27455993427696,-0.00171246283255612,0.441438021637893
0.509,-0.0142949659275593,3.75329209990604,-0.539994943234557,-182.576212225929,56.4351725637034,4488.9400873639,7390.64944633444,75821.5083500823,-454201.075957325,-6999828.68089292,-889712067.006112,9186580.7448389,181907668406.97,-18600664628.2543,0.0142949659275593,0.05,0.285899318551186,-0.000229838412309943,0.448356380867413
0.51,-0.0148055375962726,3.57297270303308,-0.47997570156587,-178.050527794736,63.4580156137406,4561.26243744255,6521.91028160855,68823.1728487906,-1252959.30875995,-6999942.43246221,-707804398.599168,-9414083.88362424,190382579204.87,19014388066.1641,0.0148055375962726,0.05,0.296110751925453,0.0018053063168501,0.455235716731421
0.511,-0.0152527551455779,3.39721398526959,-0.4134934626912,-173.456020661742,69.2434114486686,4626.58486232723,4946.7792034165,61821.6924390644,-1865572.41775668,-6999849.32231275,-517421819.394337,9600304.18276231,193007647703.695,-19391746477.5579,0.0152527551455779,0.05,0.305055102911558,0.00425576170073826,0.462110772898897
0.512,-0.015630884215316,3.22608126904713,-0.342107541222488,-168.799691356335,73.1792094586282,4684.90742216633,2854.6638172466,54823.4113110969,-2286490.41329917,-6999944.89136876,-324414171.690693,-9791442.2949864,194067507523.761,19745738936.9353,0.015630884215316,0.05,0.312617684306319,0.00693373687843484,0.468948184185112
0.513,-0.0159360240788585,3.05963287691859,-0.267893981618671,-164.088539129425,74.8446451867569,4736.23005186377,438.310902689375,47821.8616550703,-2513870.83122799,-6999863.46419528,-130346664.16699,9954296.64216255,194386806450.185,-20075350145.7435,0.0159360240788585,0.05,0.318720481577169,0.0096138131014703,0.475650572996641
0.514,-0.0161665282469299,2.89792013151949,-0.19325297067335,-159.329564543178,74.0123956800737,4780.55280436323,-2108.33545954707,40823.6294475054,-2547024.09216988,-6999946.84262599,64040142.2831316,-10121053.5037559,194147600712.039,20388876262.7268,0.0161665282469299,0.05,0.323330564938598,0.0120512516935774,0.482066820650792
0.515,-0.0163232317316974,2.74098735559629,-0.120714960502431,-154.529766833703,70.6493110148527,4817.87562308368,-4590.98154712338,33822.0202241715,-2385910.14953073,-6999873.45799838,258187742.995105,10267822.7591738,193218629369.457,-20685473966.1759,0.0163232317316974,0.05,0.326464634633949,0.0140038334320691,0.488007438780781
0.516,-0.0164094841932869,2.58887187197297,-0.0527464239748096,-149.696146590637,64.9164564596881,4848.19855598792,-6815.59472026164,26823.8330985585,-2031113.0918509,-6999948.3722223,451406372.364498,-10417651.2071644,190929661856.301,20971030607.5199,0.0164094841932869,0.05,0.328189683865737,0.0152550683959893,0.493263480515065
0.517,-0.0164309889243012,2.44160400357701,0.00844411595552117,-144.835703035474,57.1684949914739,4871.52155241814,-8589.18301562091,19822.1710725008,-1484241.88855825,-6999880.5081257,642336034.220741,10553379.4005451,184101704159.925,-21244787465.4881,0.0164309889243012,0.05,0.328619778486024,0.0156365018664611,0.497627108956811
0.518,-0.0163954483262707,2.2992070734097,0.0610989439734387,-139.955436781588,47.9519179416188,4887.84465693372,-9721.5732697088,12824.0264561646,-749855.002257545,-6999949.5224579,826437738.380615,-10691408.0650957,105792680023.102,21511434633.2996,0.0163954483262707,0.05,0.327908966525415,0.0150469514009754,0.500911800230517
0.519,-0.016312017895584,2.16169740457057,0.104100415957981,-135.062347035894,37.9975648221805,4897.16782303715,-10040.5772894388,5822.31646877987,129479.07613462,-6999885.21320634,932230418.403676,10820026.5683785,-179461934955.307,-21770230807.6448,0.016312017895584,0.05,0.326240357911679,0.0134668224652006,0.502970221617244
0.52,-0.0161905792124699,2.02908432023035,0.137136619399497,-130.163434432743,28.1696212265878,4899.4910931442,-9474.89332659494,-1175.78710294343,971978.527060643,-6999950.30204179,752768483.448341,-10950204.2394116,-189729358451.324,22025370988.5075,0.0161905792124699,0.05,0.323811584249398,0.0109660691164203,0.503708073564647
0.521,-0.0160408904226838,1.90137014365444,0.160760574659512,-125.265698164249,19.2982731874968,4894.81442358005,-8158.15211755201,-8177.54161194007,1629882.33128332,-6999887.82078695,563039124.997002,11075166.7492551,-192691159385.287,-22276084920.6584,0.0160408904226838,0.0503528011172743,0.318569971615357,0.00770453457075413,0.50309260062662
0.522,-0.0158717680673217,1.77855019817777,0.176273273047385,-120.376138883616,12.0408732914455,4883.13785574869,-6278.86541700107,-15175.6045301724,2096575.87658768,-6999950.69649802,370347965.611713,-11200918.1715418,-193878015054.073,22526530636.7275,0.0158717680673217,0.051703251782983,0.306978140058602,0.00392323693066918,0.501155008906241
0.523,-0.0156904306609129,1.66061280722797,0.185537958458263,-115.501755767566,6.86394222304662,4864.46134765605,-4029.42856011655,-22177.4012639833,2369984.83467236,-6999888.3493512,176469950.557651,11325612.4653306,-194271030488.274,-22775879554.6531,0.0156904306609129,0.0538307392323308,0.291477153846872,-7.37060689112361e-05,0.497986632023145
0.524,-0.0155020323526403,1.54753929430145,0.190787917863109,-110.6495494865,4.04082311242205,4838.78494082452,-1603.58725524675,-29175.4227870276,2449319.26998587,-6999950.67666319,-17801079.9305985,-11450267.0894534,-194102556391.045,23028629639.1355,0.0155020323526403,0.056519175033052,0.274279168858619,-0.00394491362195256,0.493729295556186
0.525,-0.0153093896507234,1.43930398298688,0.194432807993331,-105.826519200706,3.65084103899636,4806.10859384755,804.481048708645,-36177.2604922956,2334466.91185975,-6999886.62893308,-211903636.321608,11578362.5498154,-193292715184.567,-23283873620.4515,0.0153093896507234,0.0595858555435166,0.256929929277304,-0.00734275854004055,0.488560890765988
0.526,-0.0151129021069067,1.33587419694192,0.198864527284578,-101.039665596478,5.57918440778114,4766.43234960647,3000.78068987683,-43175.2385855572,2025916.91794586,-6999950.20319349,-405196351.506128,-11705511.0707579,-191328557077.033,23546887239.9807,0.0151129021069067,0.0628783484142393,0.240351448281429,-0.00994649096528789,0.482677619669963
0.527,-0.0149106670864683,1.23721025991774,0.20626327727106,-96.2959878160384,9.51741880816735,4719.75616612109,4792.21133922345,-50177.1170630793,1525056.28790121,-6999882.27064425,-596524908.583104,11841376.1693473,-186051747973.276,-23816662322.413,0.0149106670864683,0.0662714591869598,0.22499379475565,-0.0114942219167433,0.476274681205977
0.528,-0.0146987880833367,1.14326549573579,0.218404572161124,-91.6024865605768,14.9649853170776,4666.08008912441,5987.99654817089,-57175.0480893592,835505.50533147,-6999949.22563611,-782576656.556315,-11975286.153177,-155898070837.721,24099938545.9892,0.0146987880833367,0.0696643004677199,0.210994555097092,-0.0118106644592582,0.46952729561626
0.529,-0.0144718749443592,1.05398622831425,0.236468900158621,-86.9661609518402,21.2338094222022,4605.40407470528,6406.23071341792,-64176.9683016475,-25020.1866437057,-6999874.54251629,-938474727.393964,12124652.3929306,169616711081.332,-24395569644.9476,0.0144718749443592,0.072977483232666,0.198306029521738,-0.0108279710268335,0.462573909771386
0.53,-0.0142237300619211,0.969311781644126,0.260863965265434,-82.3940117051468,27.4781849506934,4537.72817342566,5940.24261492412,-71174.8464462414,-878686.558497004,-6999947.67494583,-768858016.312554,-12270917.2521175,187340123784.88,24713051420.8338,0.0142237300619211,0.0761504469240512,0.186784590720882,-0.00859766822237152,0.455503188765754
0.531,-0.0139481797226386,0.889174479818895,0.291135349180915,-77.8930379182376,32.8587471221406,4463.0523376995,4708.35040223498,-78176.8107379097,-1553874.51291712,-6999862.06648753,-581517892.527589,12442134.1688299,191457129086.267,-25051030982.0763,0.0139481797226386,0.0791389421088575,0.176249256699091,-0.00529224103993538,0.448346013054794
0.532,-0.0136398995996691,0.813499647009053,0.32606665798263,-73.4702403199226,36.7012179995407,4381.37662582438,2895.62646456845,-85174.6269091431,-2039663.84090157,-6999945.44780974,-390060763.441233,-12608896.813337,193039869584.445,25424543408.5306,0.0136398995996691,0.0819126766564289,0.166517566711679,-0.00119487219328886,0.441073195887031
0.533,-0.0132950876966629,0.742205607496766,0.363861101374796,-69.1326179786284,38.5200457443174,4292.70098406449,693.10555354367,-92176.6393814579,-2333204.66955058,-6999842.07291881,-197020893.856694,12815646.5953028,193616695599.151,-25831905945.3046,0.0132950876966629,0.0844531336371276,0.157425629151765,0.00332294261483551,0.433599072911296
0.534,-0.0129119496446117,0.675203685647803,0.402332236719566,-64.8871716358823,38.0217795097598,4197.02548325825,-1706.34011366873,-99174.3789487365,-2433417.2156077,-6999942.37929616,-3404198.25744506,-13016259.3500849,193556373678.197,26300681105.9164,0.0129119496446117,0.0867515665063006,0.148838230415977,0.00783391584509548,0.425790540097888
0.535,-0.0124909920600781,0.612398205954216,0.439096747764796,-60.7409003223349,35.1062282708147,4094.35005960502,-4109.20003279213,-106176.446010857,-2340043.22702605,-6999808.29809329,190152175.420853,13284421.7559361,192850619557.187,-26828639061.0802,0.0124909920600781,0.0888071746022363,0.140652960935023,0.0118943773664139,0.417480594236339
0.536,-0.0120351227141993,0.553686493002141,0.471767898910566,-56.7008047905076,29.8667340962286,3984.67480565547,-6322.02540218155,-113174.083537915,-2053465.7418266,-6999938.19586789,383002794.978143,-13544217.3052233,191119486048.772,27477952812.6239,0.0120351227141993,0.0906254596097659,0.132800680581623,0.0150866644185215,0.408485001058392
0.537,-0.0115495572230775,0.498958871528439,0.498148927127623,-52.7738840183481,22.5897729342162,3867.99964056481,-8152.13649884428,-120176.214183634,-1574903.20382407,-6999743.4367668,574122281.02702,13933735.5075007,186908768310.534,-28324012201.1703,0.0115495572230775,0.0922167614001216,0.125243578799789,0.0170603344158129,0.39862043230333
0.538,-0.0110415326759156,0.448098666382172,0.51642562727994,-48.9671387642439,13.7536597456448,3744.32469678491,-9408.82710076975,-127173.711421347,-907326.538641784,-6999971.70735989,761031049.337659,-14390276.6937495,171436930053.52,199902352949.686,0.0110415326759156,0.093594969610714,0.117971432886193,0.0175682022793673,0.387722287151133
0.539,-0.0105198295818505,0.400982202840017,0.525356790653612,-45.2875665188644,4.02515108919676,3613.65693039519,-9907.06529306712,-134147.561208228,-60577.024277365,-6914410.80757879,932467979.391282,185512076.255677,-125299872750.327,199966143620.676,0.0105198295818505,0.0947764054374297,0.110996292097146,0.0164937479629712,0.37566047295694
0.54,-0.00999410632070211,0.357478820582726,0.524456121592475,-41.7421263748218,-5.76201221414121,3476.09141438525,-9522.2916397739,-140935.888287076,809241.018738754,-6628915.65951278,807168106.641056,385478219.876007,-181018510691.018,199975650805.317,0.00999410632070211,0.0957788661596841,0.104345631989836,0.013867295073745,0.362351765643102
0.541,-0.00947407806045835,0.317450977885656,0.514099960578466,-38.337589995802,-14.7526977647174,3331.91364695723,-8339.63631949646,-147338.735561516,1525899.8700343,-6143449.61423411,626149595.950133,585453870.680963,-188357761498.986,199978118380.388,0.00947407806045835,0.096620822392196,0.0980542063904392,0.00986921497757622,0.347768335484841
0.542,-0.00896867585267925,0.280754537436899,0.495456281217532,-35.0803435645006,-22.2328741232674,3181.60909465536,-6532.05461173693,-153156.128554013,2057870.58523494,-5458006.68436295,437791834.451236,785431989.061026,-190893921632.919,199977455689.247,0.00896867585267925,0.0973207576874371,0.0921558366970769,0.00481868593502116,0.331942544816931
0.543,-0.00848533555654628,0.247239251804399,0.470317008763063,-31.976187809093,-27.6709820500466,3025.8632004847,-4287.10376288186,-158188.089667897,2400215.45886972,-4572585.9674573,246897912.818398,985409444.750015,-191843781173.705,199973704009.649,0.00848533555654628,0.0978966414008899,0.0866764726054141,-0.000852173108279787,0.314967772744937
0.544,-0.00802946675608846,0.216749448879038,0.440911199456281,-29.0301380259308,-30.72482192224,2865.56138497823,-1795.4133111319,-162234.641962311,2551191.48110126,-3487189.67070246,55054131.6447627,1185383148.75949,-191908505461.389,199963988521.459,0.00802946675608846,0.0983655248559756,0.0816288711705143,-0.00663658290577636,0.29699523943825
0.545,-0.00760411071125193,0.189124917294984,0.409714564143299,-26.2462241028827,-31.2434599919422,2701.78904387157,751.320484881509,-165095.812727214,2510291.36001533,-2201824.52768225,-136854373.816567,1385347137.28085,-191170687650.154,199931962034.366,0.00760411071125193,0.0987432495167024,0.0770089170497239,-0.0120000076382326,0.278227188888904
0.546,-0.00720978946751498,0.164201991824834,0.379257850932527,-23.627290547234,-29.2677683346756,2535.83154056849,3161.32287671353,-166571.641692583,2277851.64237368,-716511.409384218,-328025061.466674,1585279099.31518,-189269931488.795,-17903371005.6733,0.00720978946751498,0.0990442547505103,0.0727936162039508,-0.0164310324182238,0.258907138730481
0.547,-0.00684454669953214,0.141814838438784,0.35193514101631,-21.1747983419808,-25.0300767274994,2369.16511038064,5243.61699977241,-166498.497447478,1855191.61516261,859816.004428129,-517294992.955434,1567375728.30954,-184811798322.415,-199933644161.503,0.00684454669953214,0.0992814719575195,0.0689408261640277,-0.0194912214529119,0.239308179131193
0.548,-0.00650417992853337,0.121796921511895,0.329812977334893,-18.8886755364499,-18.9527802439029,2203.34941965492,6809.35915207023,-164888.315852922,1245490.72304597,2327224.91065691,-702106791.277826,1367442084.14809,-170807814447.473,-199965735150.264,0.00650417992853337,0.0994662915619476,0.0653907954785121,-0.0208591161522708,0.219720312096372
0.549,-0.00618266264080094,0.103982547384652,0.314441780606135,-16.7673270935324,-11.6448105211257,2039.84429136571,7675.32851040271,-161910.697522716,457980.024544407,3594684.12722987,-872914605.725287,1167476348.99791,22911355370.1406,-199975580520.506,0.00618266264080094,0.0996085898413845,0.0620695730222276,-0.0203641521238344,0.200437044513921
0.55,-0.00587275220399923,0.0882083165503106,0.306674783830381,-14.8077920585239,-3.88502312626551,1879.91718298224,7700.66979131283,-157765.604484407,-403478.903495809,4662172.68596752,-850003250.355144,967500768.477482,170964066276.355,-199979551589.615,0.00587275220399923,0.0997168025218713,0.0588943092385171,-0.0180072816918933,0.181740917730124
0.551,-0.00556676014429423,0.0743143908578464,0.306538857014331,-13.005942002969,3.47936350766767,1724.63558248758,6900.68327368551,-152653.011339466,-1168000.12071278,5529683.6786502,-679039184.078795,767521216.887942,183337873904.748,-199980584287.418,0.00556676014429423,0.0997980315590151,0.0557802599643696,-0.0139662331664738,0.163888485018429
0.552,-0.00525738556233883,0.062145560999341,0.313247129988353,-11.3566809986607,9.69051260172918,1574.8670006659,5423.7198732508,-146772.897149753,-1755370.3678392,6197214.60339443,-495701310.174059,567540632.600585,187275003074.437,-199978788843.739,0.00525738556233883,0.0998581724787216,0.05264852572241,-0.00858412109776478,0.147096061904026
0.553,-0.00493846623390549,0.0515521140205508,0.325337847202519,-9.85414559643448,14.1617335311592,1431.27896847375,3451.71135083698,-140325.242028199,-2157434.17647604,6664765.84157315,-308426307.09964,367561843.75689,188735243197.537,-199970712350.069,0.00493846623390549,0.0999020518071627,0.0494330811487039,-0.0023413092090776,0.131527623277029
0.554,-0.00460556443588584,0.0423905008519006,0.340854585743928,-8.49190480601555,16.4911873777081,1294.33903756062,1171.51989467738,-133510.023716806,-2371492.86197691,6932342.329155,-119691063.902122,167591131.406844,188906377618.533,-199907021031.905,0.00460556443588584,0.0999335663764561,0.0460862611320844,0.00418733397544451,0.117285997761031
0.555,-0.00425636855039133,0.0345238038606174,0.357532871350807,-7.26316007285506,16.4648834298143,1164.31478740444,-1228.33410298083,-126527.203658786,-2396730.73706976,6999979.95004589,69215313.71639,-32315889.6250672,187975227762.222,33931693859.0817,0.00425636855039133,0.0999558183697784,0.0425824991462252,0.0103856306671153,0.10440817473215
0.556,-0.00389090698558168,0.0278220047578781,0.37298858303793,-6.1609432876882,14.057552145075,1041.28360155968,-3559.12797856536,-119537.726371243,-2233527.80947226,6984629.90735036,257190541.478592,1615804.23401761,185528157813.773,27446527279.0508,0.00389090698558168,0.0999712418020578,0.0389202626219813,0.0156544690841738,0.0928651324209747
0.557,-0.00351157347718966,0.0221620713944362,0.384906578899359,-5.17826414828527,9.43225569192928,925.239603048158,-5633.13915766269,-112547.714140562,-1883573.18908678,6999968.97522391,442718699.292345,29062331.5130602,179940216349.296,-58544779722.6658,0.00351157347718966,0.099981717660501,0.0351221559236819,0.019469624442663,0.0825663285387044
0.558,-0.00312296416994312,0.0174279609215966,0.391228282261886,-4.30813101775616,2.93861389862022,816.194277751346,-7265.36296104509,-105542.971462869,-1350884.38161979,6999758.91687563,622658915.641624,-29482448.2096038,163952549874.714,59392373536.3976,0.00312296416994312,0.0999886761499441,0.031233178497732,0.021433404184236,0.0733693069744181
0.559,-0.00273152834486754,0.0135106280409266,0.390336377675781,-3.54354233275096,-4.89158341104936,714.148746687824,-8277.59245986495,-98548.0550411753,-646249.191040809,6999972.65543423,786611465.516322,29909925.3267818,42572003188.5498,-59999675569.9695,0.00273152834486754,0.0999931856872535,0.027317144924364,0.0213151526243015,0.0650942836282414
0.56,-0.00234503767046258,0.0103080272371535,0.381231420080713,-2.87750020522688,-13.3594247220489,619.103162975486,-8523.44058428284,-91543.1273690061,161648.276069787,6999882.74297602,829183468.704856,-30089750.2431886,-153751256568.022,60365518185.5042,0.00234503767046258,0.0999960291125907,0.0234513079296597,0.0190767665457487,0.0575421225758404
0.561,-0.0019718931045056,0.00772511292042398,0.363670484496587,-2.30300270950768,-21.6702502258696,531.057477249566,-7972.82578328863,-84548.2285814542,913956.116490633,6999975.75182559,675432212.13682,30275767.9423002,-174235913131.802,-60654099789.1382,0.0019718931045056,0.099997767861319,0.0197193712087684,0.0148807403546599,0.0505139500566406
0.562,-0.0016203430813025,0.00567383941185383,0.338192838441377,-1.81305192788606,-29.0807857452707,450.011755251236,-6750.19287958489,-77543.2239622891,1502270.37206155,6999924.46987332,501196299.005003,-30378331.8468419,-180391338715.772,60864481466.0038,0.0016203430813025,0.0999987950661725,0.0162036260559967,0.0090794592078946,0.0438304963060388
0.563,-0.00129774914718484,0.00407316098586423,0.306006714569616,-1.40064588909951,-35.0038270281041,375.96596648868,-5027.38958114013,-70548.344578095,1913271.00170867,6999978.37875948,320804960.289214,30486149.6191433,-182536118989.236,-61038373712.6631,0.00129774914718484,0.0999993786956887,0.0129775721020634,0.00218569150465585,0.0373492896324889
0.564,-0.00101000010491105,0.00284903185765129,0.268819916990234,-1.05878667023569,-39.0287192866334,308.920148859369,-2984.13878578506,-63543.2961868116,2142807.90250326,6999945.34152229,138268841.299958,-30552224.0935265,-182581295731.532,61175015917.4762,0.00101000010491105,0.0999996959022246,0.0101000317630824,-0.0051735961537634,0.0309780555329572
0.565,-0.0007611017217062,0.00193440620726387,0.228660502652032,-0.780472275132427,-40.9260168682729,248.874282265,-802.626678587076,-56548.43112135,2189786.09593746,6999980.6253875,-44312454.4315978,30622791.8239286,-180727721629.405,-61291199079.5517,0.0007611017217062,0.0999998597682036,0.00761102789014314,-0.0123156636618048,0.0246830661334509
0.566,-0.00055294737779083,0.00126923817069678,0.187694784377155,-0.558704779802969,-40.6486662296985,195.828391455051,1334.88190319635,-49543.3542998973,2055109.78069116,6999957.81767165,-225040176.061031,-30668407.2556321,-176012900746.461,61410634241.187,0.00055294737779083,0.0999999396143512,0.00552947711691893,-0.0185668779575866,0.0184916897484453
0.567,-0.000385270936429866,0.000800481855566647,0.148045233947639,-0.386482171958723,-38.331070003032,149.782463439234,3248.13611239924,-42548.4955801468,1742063.15425689,6999994.72753661,-401053076.807525,30742226.9855317,-164583953203.032,-199984626950.68,0.000385270936429866,0.0999999759774915,0.00385271028981632,-0.0233276700194651,0.0124889659417257
0.568,-0.000255780866193616,0.000482091144303699,0.111610493782015,-0.25680767613621,-34.2856021576898,110.730756234589,4762.2420693852,-35566.4605102761,1258718.10084785,6930744.6410468,-565637030.010594,-169242399.96455,-125192943987.753,-199994458732.531,0.000255780866193616,0.0999999912859554,0.00255780888482477,-0.0261312392445702,0.00680861112583994
0.569,-0.000160471907407919,0.000275008195800104,0.079891187525015,-0.162713744439228,-28.9934902488828,78.5931278757523,5717.27616456313,-28753.6694790005,630484.598843381,6661505.01171598,-690829973.998388,-369236858.696071,80996969567.2498,-199995993838.395,0.000160471907407919,0.0999999971641534,0.00160471911958657,-0.0266903367339019,0.00161929116325276
0.57,-9.41039598711913e-05,0.000147072945045444,0.0538333065173542,-0.0974042519722594,-23.0727352401665,53.1003382597751,6015.8452713352,-22310.1155622725,-19846.8903713828,6192270.15610071,-609833004.431182,-569232852.533261,152585181327.96,-199996287594.376,9.41039598711913e-05,0.0999999991888978,0.000941039606344706,-0.0249276249393444,-0.00289310426733078
0.571,-5.08100770625353e-05,7.27534995165474e-05,0.0337410479324205,-0.0544523111410497,-17.1620945322008,33.7831524548401,5716.51274230289,-16435.7945470378,-553387.304138585,5523039.15977026,-457247823.103266,-769229140.126468,167913530566.833,-199995772080.03,5.08100770625353e-05,0.0999999998015146,0.000508100771633858,-0.020986493979325,-0.00654638369217996
0.572,-2.47239592576903e-05,3.26769041590736e-05,0.0193273258407712,-0.028000267280919,-11.7914870153781,19.9723394738578,4962.48711504048,-11330.702586011,-926678.361958434,4653812.13360378,-289334292.536475,-969224912.205604,172879959757.724,-199993235365.907,2.47239592576903e-05,0.0999999999599587,0.000247239592675901,-0.0152204598853193,-0.00918429675138687
0.573,-1.05060783407962e-05,1.2959910410745e-05,0.00985202106002434,-0.012959694728335,-7.33335813175013,10.7986724178383,3919.9549334401,-7194.83511440459,-1129572.67461605,3584590.60371522,-116454332.77879,-1169218147.57114,173144021236.764,169227509181.972,1.05060783407962e-05,0.0999999999937016,0.00010506078341458,-0.00816126875110531,-0.0106979213858081
0.574,-3.71520602304572e-06,4.34026223147592e-06,0.00428696888549505,-0.00520831529623875,-3.99038425686336,5.20831406027923,2761.01242930745,-4166.64899961156,-1159454.99677645,2499986.21073507,56689688.457942,-999990638.389583,168395843499.708,199995251193.04,3.71520602304572e-06,0.0999999999992936,3.71520602307196e-05,-0.000468557993316649,-0.0110441205155125
0.575,-1.01086485100753e-06,1.13777310383374e-06,0.00148761371282708,-0.00170666101910004,-1.79263455105561,2.13332619514011,1657.96825067659,-2133.32556620606,-1018567.38656866,1599993.19794201,225085531.957629,-799995387.198018,149607276945.393,199997949263.693,1.01086485100753e-06,0.0999999999999515,1.01086485100802e-05,0.0071339390568616,-0.0102590232613027
0.576,-1.83597174615407e-07,2.02498481636009e-07,0.000364827347107839,-0.000404998568033762,-0.60020210179789,0.674997911297528,776.878176244315,-899.997070319414,-718678.216138332,899996.785375838,374692808.903015,-599997437.937148,-26458560290.1975,199998802499.587,1.83597174615407e-07,0.0999999999999985,1.8359717461541e-06,0.013929301672176,-0.00846375049211757
0.577,-1.62504115282843e-08,1.77770514695625e-08,4.8676343061551e-05,-5.33329679349408e-05,-0.121316672151148,0.133332944156263,241.136604509128,-266.665870162539,-357214.687380416,399998.748688486,348234248.612828,-399998635.442036,-165136685538.554,199999204439.104,1.62504115282843e-08,0.1,1.62504115282843e-07,0.0192784257195804,-0.00586029457088549
0.578,-2.54315764737362e-10,2.77343574080047e-10,1.52581319546399e-06,-1.66646786775395e-06,-0.0076290651276417,0.00833330933262119,30.5162605120371,-33.333238455558,-91548.7815368653,99999.7154660051,183097563.074306,-199999431.009378,-183097563074.535,199999431041,2.54315764739253e-10,0.1,2.54315764739253e-09,0.0226839811267802,-0.00271766745988405
0.579,-8.98762370046103e-15,-2.09082085235707e-13,1.15251992541494e-13,1.48366674647572e-10,1.57771281797872e-13,-1.96203585137056e-10,-9.41289268289059e-11,1.22289441083158e-08,1.72621043713491e-07,-2.28704663294524e-05,-0.000172545027561898,0.0228634506910324,7.13989753171622e-08,-1.0063274461881e-05,2.09275167533782e-13,0.1,2.09275167533782e-12,0.023840282915944,0.000650242548551497
0.58,-4.43615137790143e-15,-3.04004456498735e-14,5.76921400791383e-14,8.03854518418493e-11,6.05976876049203e-14,-9.57996497507184e-11,-3.89019249827775e-12,3.95100723587103e-10,3.80259255399583e-11,-3.51033502846255e-09,-8.62724780814616e-05,0.011431720313879,7.13989753171622e-08,-1.0063274461881e-05,3.07224109528951e-14,0.1,3.07224109528951e-13,0.0226630911265831,0.00391284565210734
