time,x,y,vx,vy,ax,ay,jx,jy,snapx,snapy,cracklex,crackley,POPx,POPy,contour_error,allowed_error,error_utilisation,modal_x,modal_y
0,2.75711518777055e-12,4.66915314653895e-14,1.74573981270275e-10,1.90369219946217e-12,2.20101765777148e-09,2.19257148826325e-11,2.69489238427514e-08,3.19155853424593e-10,2.45332890632483e-07,1.38236504315863e-09,0.783458869018799,0.00224115995848809,0.000687776545458482,1.72961956849975e-06,4.66915314653895e-14,0.1,4.66915314653895e-13,5.72706709352847e-14,-4.17708038330996e-16
0.001,5.6899196722904e-12,9.52977899139705e-14,3.49121129553339e-10,3.80038109664152e-12,4.95033523022345e-09,8.50886853739888e-11,4.44915545231376e-07,1.74333065717907e-09,0.000783917436549888,2.24354330712999e-06,1.37996811032881,0.00351129231721504,199999528457.271,-184382022840.62,9.52977899139705e-14,0.1,9.52977899139705e-13,3.38379235599155e-14,-8.9366813361514e-15
0.002,2.86575876330383e-10,-2.5594031017408e-10,1.66718668983297e-06,-1.5365111248157e-06,0.00833332270323693,-0.00768258409739205,33.3332566865686,-30.7303371340911,99999.7663927026,-92191.0114145544,199999530.272775,-184382022.836509,199999339872.306,-153509963038.706,2.5594031017408e-10,0.1,2.55940310174079e-09,2.73177364626944e-09,-2.51852535264436e-09
0.003,1.77898203645273e-08,-1.63464369290784e-08,5.33339065295738e-05,-4.89112645190438e-05,0.133333026840219,-0.121635012409974,266.666011551305,-240.69735380646,399998.966601782,-353328.015770415,399998870.444505,-337891985.875017,199999005023.182,120123852758.966,1.63464369290784e-08,0.1,1.63464369290784e-07,1.73606396071995e-07,-1.59628361266103e-07
0.004,2.02515056617046e-07,-1.83562315117659e-07,0.000404999875014437,-0.000362860755312155,0.674998295663978,-0.590306544402455,899.997580901381,-742.950720387721,899997.339558002,-631158.075265949,599997875.654582,-217768133.116035,199998293566.174,163427399666.727,1.83562315117659e-07,0.0999999999999985,1.83562315117662e-06,1.9567471035321e-06,-1.77341393958476e-06
0.005,1.13779408025332e-06,-9.93287421083308e-07,0.00170666324327819,-0.00143754744791096,2.13332745840427,-1.67832151613675,2133.32690723503,-1455.75496226712,1599994.36199577,-767212.508548621,799996169.317293,-54340733.4493121,199996042176.121,168639413524.104,9.93287421083308e-07,0.0999999999999515,9.9328742108379e-06,1.08415260561187e-05,-9.45477813802562e-06
0.006,4.34028913316775e-06,-3.54480721330956e-06,0.00520831984959593,-0.00397247406365846,5.20831741389344,-3.51971287921005,4166.65202760455,-2222.03126861967,2499988.5524012,-737233.535235881,999992211.520245,114298680.074869,169227955863.451,164919998374.652,3.54480721330956e-06,0.0999999999992936,3.5448072133346e-05,4.06438279099808e-05,-3.30817236510261e-05
0.007,1.29599469483715e-05,-9.67701273406569e-06,0.012959704769303,-0.00871993805302867,10.7986802549692,-6.08443946870926,7194.84134509397,-2874.62879742235,3584594.74185322,-540474.855973686,1169220167.35991,279218678.44972,-199994344298.035,149907673629.738,9.67701273406569e-06,0.0999999999937015,9.67701273467519e-05,0.000118868947729434,-8.80521558871953e-05
0.008,3.26769586721771e-05,-2.19382600325707e-05,0.0280002891976744,-0.0163188877192255,19.9723559048214,-9.17652309454505,11330.7137799268,-3250.5097018996,4653817.73706414,-186302.340709096,969225823.005009,429126352.079763,-199996459465.089,91888917490.3188,2.19382600325707e-05,0.0999999999599585,0.000219382600413551,0.000292592075260875,-0.000193422228970019
0.009,7.27535890574117e-05,-4.33912197904594e-05,0.0544523562088184,-0.0271330700475484,33.7831830078823,-12.4448342031641,16435.8116852639,-3206.93404698717,5523045.33033662,288768.470115826,769229363.465997,521015269.570431,-199996886162.37,-91226954597.8464,4.33912197904594e-05,0.0999999998015141,0.000433912198765848,0.000633866528276641,-0.00036810705036995
0.01,0.00014707310083484,-7.72649487913315e-05,0.0974043373501442,-0.0411122944492978,53.1003890514054,-15.4243492599218,22310.1388829866,-2672.8624345192,6192276.25072142,764170.262387334,569232477.227311,429788314.972889,-199996634325.826,-146246075429.864,7.72649487913315e-05,0.0999999991888961,0.000772649494180305,0.00124250702353581,-0.00062565675543276
0.011,0.000275008469289623,-0.000126499676018976,0.162713893417367,-0.0577290240853366,78.5932049484237,-17.6495887639184,28753.6985999465,-1718.17236055048,6661510.4107858,1120835.53964529,369235842.836235,283542239.543179,-199995336154.7,-160825930036.994,0.000126499676018976,0.0999999971641478,0.0012649967960632,0.00224448189332582,-0.000968577158158796
0.012,0.00048209161316615,-0.000193291015536203,0.256807917749428,-0.0760404190608052,110.730864923569,-18.7667873952019,35566.4943761363,-482.370022806503,6930748.58554465,1323964.81416997,169240506.639806,122716309.506087,-199987003324.182,-165344982126.762,0.000193291015536203,0.0999999912859384,0.00193291032379702,0.00378584084232769,-0.00138379138431266
0.013,0.000800482628966061,-0.000278739265061021,0.386482539902564,-0.0948239953588127,149.782607552924,-18.5736116670194,42548.5320477912,875.395449095354,6999995.59052231,1364008.63261268,-30746496.6909044,-42628672.6211106,61425561260.8821,-164754615471.008,0.000278739265061021,0.0999999759774451,0.0027873933202133,0.0060228196708219,-0.0018406966271404
0.014,0.00126923939298558,-0.000382647917336898,0.558705310332889,-0.112735723677509,195.828572378943,-17.0301814561439,49543.3919835223,2190.63064281899,6999961.87446182,1239002.65225607,30679064.5782821,-207383288.092947,-61313495166.52,-159050796438.218,0.000382647917336898,0.0999999396142349,0.0038264814840191,0.00910913584644971,-0.00229240157108064
0.015,0.00193440805984165,-0.000503483950576082,0.780473006508947,-0.128474055762375,248.874503748522,-14.2612404851828,56548.4744744227,3299.4331849556,6999984.19145686,952093.96594401,-30634430.5946561,-366434084.5324,61201962625.1642,-143797509489.432,0.000503483950576082,0.099999859767935,0.00503484656623013,0.0131819464967317,-0.00268010654330248
0.016,0.00284903456245149,-0.000638502303757737,1.05878764525099,-0.140943363725421,308.920414662188,-10.552824227686,63543.3417776968,4044.34385705195,6999950.74217476,513761.126666893,30567532.0384533,-510231594.023447,-61071310793.1416,-97556159415.7641,0.000638502303757737,0.0999996959016474,0.00638504245438628,0.0183488252512379,-0.00294018441899676
0.017,0.00407316480927607,-0.000784031002951783,1.40064715411957,-0.149410461786475,375.966281761835,-6.34070324637562,70548.3977341023,4286.72982680464,6999982.61881665,-45248.547064435,-30503778.7605629,-607787753.441132,60908934393.8097,50281735591.3774,0.000784031002951783,0.0999993786945231,0.0078403587420961,0.0246776693226727,-0.00301320531375008
0.018,0.00567384466966273,-0.000935904241761917,1.81305353524114,-0.153640247017844,450.012124714749,-2.1758005797607,77543.2799526146,3945.96769228505,6999933.30725297,-627895.432709878,30405155.6403527,-557506017.851872,-60715173680.2173,129710121491.235,0.000935904241761917,0.0999987950639414,0.00935915518945482,0.0321905902678169,-0.00285387921307445
0.019,0.00772511998294793,-0.00109000535578109,2.3030047165426,-0.153969861488629,531.057909048556,1.36870631489217,84548.2966420845,3060.93760423131,6999980.87605322,-1120546.38981613,-30310018.0445919,-427795896.362812,60458542000.6342,152390910979.215,0.00109000535578109,0.0999977678572429,0.0109002968679979,0.0408623348434403,-0.00244056710669496
0.02,0.0103080365368022,-0.00124283075054282,2.87750267843107,-0.151273999006694,619.103663565813,3.80442102945539,91543.1989327921,1751.89175139716,6999900.12900892,-1472146.83068934,30148523.961525,-275404985.385674,-60139650260.4974,160979866062.521,0.00124283075054282,0.0999960291054382,0.0124288010400128,0.0506233328730867,-0.00178257534035708
0.021,0.0135106400798112,-0.00139197396793912,3.54354534664356,-0.146849123614205,714.149331499691,4.78104602907976,98548.1500487478,168.872405692252,6999978.82784021,-1667061.88304375,-29991126.3016424,-114425119.324973,59631701666.1788,163714305408.43,0.00139197396793912,0.0999931856751369,0.0139206882803138,0.0613670180904338,-0.000923571235705756
0.022,0.0174279762853167,-0.00153647461016452,4.3081346637385,-0.142264888455619,816.194957097359,4.10413806950828,105543.07193039,-1528.11631944577,6999803.55237164,-1699629.84966451,29640575.3671172,49289186.0820361,-58935709083.3963,162512288777.766,0.00153647461016452,0.0999886761300372,0.0153664861825583,0.07296065606618,5.9701168928754e-05
0.023,0.0221620907659804,-0.00167701229704747,5.17826853475011,-0.139204672201052,925.240415247534,1.74119303505927,112547.873152273,-3176.01619460621,6999976.27319705,-1569084.51919359,-29295133.715346,211801474.8589,27810195346.0752,156913008885.835,0.00167701229704747,0.0999817176286592,0.0167731895072661,0.0852585827044375,0.00106341435676943
0.024,0.0278220289501473,-0.00181593910429118,6.16094856053591,-0.139302868678765,1041.28455277487,-2.17752713116172,119537.836891177,-4613.04780822268,6984586.23715474,-1278826.53989177,-1484938.37073186,368714483.744432,33765973301.6172,143522348165.738,0.00181593910429118,0.0999712417522792,0.018164614867853,0.0981165340004578,0.00196678144171227
0.025,0.0345238338215922,-0.00195714959027188,7.26316634910038,-0.143983498346455,1164.31584221329,-7.3625556973905,126527.308321369,-5683.59671488131,6999984.28543481,-838350.882064474,32281034.9340031,512236831.910498,-199924344135.863,109420607811.516,0.00195714959027188,0.0999558182935401,0.0195801467456784,0.111405639571115,0.00264528338273652
0.026,0.0423905376366244,-0.00210579214321268,8.49191218865427,-0.154305322507425,1294.3401926718,-13.3753958558574,133510.112400253,-6247.59241302204,6932303.14830089,-271403.746248219,-167643309.20863,621657439.72296,-199976292638.782,5345410658.06806,0.00210579214321268,0.0999335662619856,0.0210719202964511,0.125024685899999,0.00298563752037413
0.027,0.0515521587809638,-0.00226783254958983,9.85415416990096,-0.170823801587976,1431.280183752,-19.6548578431545,140325.264511847,-6207.27653763259,6664671.69277287,352926.398803774,-367619601.859346,627002850.382527,-199982681816.056,-102858484331.421,0.00226783254958983,0.0999020516385614,0.0227005603227718,0.138909585266386,0.0029009234562164
0.028,0.0621456149429867,-0.00244949853871063,11.3566907806406,-0.193498208667663,1574.86818156748,-25.585456476413,146772.795956723,-5557.99179435965,6197060.7500055,928500.00702059,-567602283.688937,524144366.053049,-199983966922.6,-137936970602.447,0.00244949853871063,0.0998581722351072,0.0245297754193167,0.153038299645641,0.00234411283410141
0.029,0.0743144551529176,-0.00265667294374431,13.0059528871368,-0.221687221165199,1724.63657485555,-30.597588246643,152652.724903732,-4390.40909941317,5529466.48285526,1383675.88777241,-767586250.624208,386207395.452849,-199982891799.398,-151198832186.278,0.00265667294374431,0.0997980312139767,0.0266204945270728,0.167429850712472,0.00131804846525804
0.03,0.0882083921711873,-0.00289433003227709,14.8078037530253,-0.254234569328017,1879.91776934021,-34.2380914542576,157765.067779309,-2838.82931927895,4661888.78633135,1694283.86713212,-967569142.433924,235008563.268959,-199979272658.047,-156262397518.338,0.00289433003227709,0.0997168020436563,0.0290254999454349,0.182137406058222,-0.000119973088615036
0.031,0.103982634894144,-0.0031660844489703,16.7673390559615,-0.289601204959571,2039.84418752044,-36.1971216793522,161909.842115647,-1053.08490343231,3594330.00756839,1851161.23164191,-1167548415.09925,78746165.7529763,-199970463286.933,-156598646531.603,0.0031660844489703,0.0996085891944068,0.0317852554139787,0.197236184897765,-0.00186006883685674
0.032,0.121797020776752,-0.00347388215843507,18.888686905385,-0.326014366116212,2203.34827113532,-36.3180265496779,164887.069505118,811.349636663937,2326796.36082567,1851608.07412909,-1367518878.39033,-77852480.7764662,-199941869411.504,-152658847824.788,0.00347388215843507,0.0994662907104061,0.0349252207318076,0.212807424421624,-0.00374811008651494
0.033,0.141814948274873,-0.00381784402329995,21.1748078646442,-0.361622632511362,2369.16248809661,-34.6002090748366,166496.782781846,2598.58832910048,859306.547729588,1697426.16944023,-1567460747.80311,-230511328.599432,-17763968418.0781,-142748569803.236,0.00381784402329995,0.0992814708721262,0.0384547488042085,0.228920015677259,-0.0055997477751275
0.034,0.164202109567714,-0.00419626505534596,23.6272965031038,-0.394651437269272,2535.82694052858,-31.1972740729768,166569.398294271,4156.96740594031,-717036.18428256,1395540.55593918,-1585224716.21998,-373259898.401294,199938401690.836,-121033257267.549,0.00419626505534596,0.0990442534195369,0.0423675772240031,0.245611627004262,-0.00721871661789862
0.035,0.189125038301201,-0.00460576743278128,26.2462242519822,-0.423554198651986,2701.78194737731,-26.4097894246479,165093.072818827,5345.70580313417,-2202291.69965712,961764.028904112,-1385286314.52578,-494293155.667984,199966870663.572,-68874818361.2979,0.00460576743278128,0.0987432479626118,0.0466438721412649,0.262871301751265,-0.00841756550862947
0.036,0.21674956601329,-0.00504159971639912,29.030129633388,-0.447152010674371,2865.55132524587,-20.6684535838959,162231.465773684,6048.84411781071,-3487594.57885112,433033.46405548,-1185319443.85676,-563167974.028957,199975438660.356,34167534689.9145,0.00504159971639912,0.0983655231581791,0.0512537274700593,0.280626116914992,-0.00903869363908299
0.037,0.247239354973328,-0.0054980644156825,31.9761677040158,-0.464747050557326,3025.84977279844,-14.4955304158923,158184.540712682,6205.98818396672,-4572926.3033777,-113050.742628519,-985344005.188623,-529000439.339223,199978647800.081,101101107921.086,0.0054980644156825,0.0978966397243252,0.0561619319229437,0.298734780767001,-0.00897346841731373
0.038,0.280754613184571,-0.00596903387840302,35.08030820338,-0.476179627846621,3181.59195880138,-8.4300217970492,153152.272181344,5845.28740632216,-5458280.98466629,-591500.628007198,-785365357.377758,-427899331.418749,199979020639.684,127210792133.678,0.00596903387840302,0.0973207563163495,0.0613336158116174,0.316989733011184,-0.00817719971987687
0.039,0.317451009053468,-0.00644848233753893,38.3375355278129,-0.481802358426622,3331.89252872282,-2.94650081034406,147334.638354764,5061.03891129463,-6143656.83172421,-955794.563359108,-585386336.72327,-300688539.286004,199976419792.858,137691851155.982,0.00644848233753893,0.0966208217679123,0.0667400899676519,0.335127607199104,-0.00667786346152549
0.04,0.357478786035283,-0.00693095657911105,41.7420487083819,-0.482389020131523,3476.06610662297,1.59226322317696,140931.617757978,3977.84872015197,-6629054.95855106,-1187637.17706712,-385409916.91029,-162996688.131138,199966988440.24,140409419624.675,0.00693095657911105,0.0957788669203755,0.0723641529907951,0.352846936268487,-0.00457705008703784
0.041,0.400982077258053,-0.00741193714097231,45.2874613891353,-0.479011393527252,3613.62729387375,4.95497763261851,134143.18567238,2732.11476895684,-6914481.38124123,-1280429.15538592,-185442928.443181,-22587268.5076119,199905217505.637,137285508684.335,0.00741193714097231,0.0947764084569425,0.0782044525810407,0.369831288476716,-0.00204267533530574
0.042,0.448098420123391,-0.00788806904194255,48.9670018014677,-0.472903560458993,3744.29066108572,7.04883350872223,127169.300363169,1463.27289743127,-6999971.70093161,-1234373.66955137,14462289.097452,114698240.17569,-28531759890.3074,127384321982.365,0.00788806904194255,0.0935949760325718,0.0842787655525168,0.385775515365017,0.000705938944744819
0.043,0.498958470556957,-0.008357254606279,52.7737108157117,-0.465322978816478,3867.961197158,7.91934362491428,120171.804513472,307.479068298224,-6999775.29177922,-1055983.26838449,-14069470.8280397,242082562.157272,27814623642.7685,106412164342.679,0.008357254606279,0.0922167726617705,0.0906261883283581,0.400412516416801,0.00341913963988765
0.044,0.553685898872173,-0.00881860850087841,56.7005909315661,-0.457414919326736,3984.63192805823,7.74361199300454,113169.630256886,-609.727558283815,-6999937.45078597,-760694.624055882,13745152.8510509,348494726.499525,-27303834625.8787,63707902527.4573,0.00881860850087841,0.0906254774515779,0.0973082707960384,0.413537734124297,0.00584204475806525
0.045,0.612397375788128,-0.0092722819384252,60.7406413637864,-0.450087902036836,4094.30274279083,6.81427407316649,106172.01474342,-1185.55683533536,-6999844.21524776,-380345.946292629,-13558681.8126814,412202629.02698,26916969745.1862,-8456299569.88745,0.0092722819384252,0.0888072010564495,0.104409122549999,0.425028135183228,0.00774111351140835
0.046,0.675202572126078,-0.00971917272065565,64.8868631327004,-0.443912692731447,4196.97369718893,5.50689235715513,99169.8773488889,-1361.2108503762,-6999944.41218794,27628.5329494067,13358287.9716867,403746329.457541,-26592024793.9113,-69843385545.6776,0.00971917272065565,0.0867516038582869,0.112034501823533,0.4348531575329,0.00892941882270716
0.047,0.742204158833056,-0.0101605544169005,69.1322554462461,-0.439065560307944,4292.64472071416,4.22387668719804,92172.180076552,-1143.34971695574,-6999882.13661311,396453.169634108,-13233736.8632221,333902943.912741,26331912464.4504,-100580389037.045,0.0101605544169005,0.0844531843516759,0.120309902994189,0.443076528691388,0.0092878559663441
0.048,0.813497806936965,-0.0105976794353934,73.4698192780902,-0.435334208497695,4381.31585126453,3.33021319624232,85170.0697235814,-596.708473538231,-6999949.91724421,680065.919028326,13098175.6430903,233322554.876939,-26103800934.3756,-113722001377.718,0.0105976794353934,0.0819127432590302,0.129377664741134,0.449848888837969,0.00877974225103124
0.049,0.889172187563381,-0.0110314178661721,77.8925538342084,-0.432180231128136,4462.98704140193,3.10768635801522,78172.3182606657,181.065056032121,-6999903.6420682,856527.473216406,-13005625.3349618,119600553.500732,25911046346.2788,-116774611167.559,0.0110314178661721,0.0791390270126365,0.139392892263013,0.455392052141301,0.00745686835412053
0.05,0.969308971905713,-0.0114619775534375,82.393460058242,-0.428835247428154,4537.65831986529,3.73208296744534,71170.2303136499,1077.93037080413,-6999953.74423012,917740.721133358,12905421.0553416,2825942.33482615,-25733845611.7291,-111738218409.308,0.0114619775534375,0.076150552190003,0.150517326845362,0.459976540849467,0.00545607748164532
0.051,1.05398283123876,-0.0118887289967209,86.9655371576663,-0.424412055892257,4605.3296519672,5.26469893007283,64172.440305674,1978.46102670319,-6999915.24598053,864697.55426353,-12828424.6021067,-108912276.072826,25575550766.3925,-97204287477.8234,0.0118887289967209,0.0729776102517395,0.162909267043826,0.4638946622088,0.00298659399225978
0.052,1.14326143689737,-0.0123101439731426,91.6017860559378,-0.418019358236631,4666.00106222689,7.65330650918469,57170.373439182,2772.50172835052,-6999955.89519955,707183.134451793,12747126.2099783,-206116563.549127,-25422878667.2639,-68374226042.9651,0.0123101439731426,0.0696644495502117,0.176706254806046,0.467431802214195,0.000309363202917853
0.053,1.23720546028884,-0.0127238469410976,96.2952059649203,-0.408871094982532,4719.67252295214,10.7421981179908,50172.5539606383,3365.23087668714,-6999920.20832309,466879.457881184,-12675752.5044238,-274490789.590828,25278897590.5132,-20085337993.9466,0.0127238469410976,0.0662716290456646,0.191995385119177,0.470838751338848,-0.00228947892117599
0.054,1.33586857287645,-0.0131267689271739,101.038797794063,-0.396380072676931,4766.34405746935,14.2942833694914,43170.5090256571,3691.51738344052,-6999956.51203237,182345.999293383,12603145.1330075,-294576127.583867,-25133759831.3118,34845451550.3658,0.0131267689271739,0.0628785355248754,0.208763909935224,0.474307740919987,-0.00452825187280066
0.055,1.43929744619211,-0.013515381413881,105.825560762385,-0.380221623242082,4806.01564152157,18.0293296250089,36172.6651262157,3732.38289420035,-6999920.2468149,-94807.4025153001,-12530614.7462892,-259730676.033014,24990051632.9522,72653088237.6813,0.013515381413881,0.0595860533669166,0.226821221581106,0.47795447530418,-0.00615935092477547
0.056,1.54753175182248,-0.0138859723222771,110.64849576931,-0.360352120072542,4838.68729933892,21.6740475838389,29170.6445806302,3519.81900170818,-6999955.83574482,-318211.534429472,12459436.9343781,-187077587.795289,-24840135380.3398,91968858295.0661,0.0138859723222771,0.0565193730810656,0.245685179528805,0.481807832322616,-0.00699559181868357
0.057,1.66060416142281,-0.0142349154720766,115.500602043848,-0.336978226735668,4864.35900756704,25.0074132560258,22172.7784407869,3123.39681643032,-6999916.4665005,-459304.693077227,-12380698.4942822,-95108729.5006053,24685850506.0862,98719321240.8731,0.0142349154720766,0.0538309219602657,0.264437519435091,0.485808138574123,-0.00693028516224924
0.058,1.7785403467042,-0.0145588892191678,120.374880477814,-0.310488806056091,4883.03079290027,27.8894195759726,15170.7859334554,2632.99097880972,-6999954.23974185,-505053.761957396,12305152.0598641,3610591.73951304,-24522062425.9442,95530014803.3927,0.0145588892191678,0.0517033972894663,0.281584769713651,0.489814079847997,-0.00594873535719578
0.059,1.90135897944927,-0.0148550153647073,125.264330313074,-0.281366120092716,4894.70263081859,30.2744658563274,8172.89725933821,2145.66418185613,-6999910.11889484,-453678.162816186,-12216910.4142846,99140606.5418646,24349507513.6933,81411853465.9007,0.0148550153647073,0.050352879633145,0.29501818908742,0.493617467013316,-0.00412987157809519
0.06,2.02907173149914,-0.0151209046051533,130.161952434777,-0.250089625881689,4899.37455142869,32.2132065517444,1170.93693648802,1755.12496455535,-6999952.27555239,-313831.629541371,12132597.1473228,180552460.006544,-24167046101.7864,52034874616.6784,0.0151209046051533,0.05,0.302418092103066,0.496964322543084,-0.00163784193355296
0.061,2.16168327477141,-0.0153546066063428,135.060746100159,-0.217043205475965,4897.04652736634,33.8436758979912,-5826.97688150793,1540.2420441202,-6999903.20145585,-107261.732226488,-12034449.0021479,232587334.621937,23974100129.1001,4506840804.93576,0.0153546066063428,0.05,0.307092132126856,0.499580157977415,0.00129550471875342
0.062,2.29919128124557,-0.0155544737915841,139.953712186964,-0.182437556815185,4887.71859206369,35.3692394168521,-12828.9016241102,1550.02511933899,-6999950.60039356,127579.022797917,11939651.1741966,237094175.425636,-23774548620.1912,-46364628929.5472,0.0155544737915841,0.05,0.311089475831683,0.501196930684743,0.00439534288586962
0.063,2.44158642298292,-0.0157189611639616,144.833849969208,-0.146262549115994,4871.39071447583,37.0206378840313,-19826.8448236872,1788.42379169494,-6999898.22352934,341490.883758779,-11834897.4927709,190729546.495,23566846908.9551,-80912245568.7127,0.0157189611639616,0.05,0.314379223279232,0.501579037232458,0.0073730881873789
0.064,2.58885237210967,-0.0158463996176574,149.694160314897,-0.108283511392979,4848.06293001066,39.0082240318824,-26828.7326881456,2211.79407443987,-6999949.69756775,491764.307469422,11731949.4622134,109817300.92542,-23357719554.8655,-99091526981.2601,0.0158463996176574,0.05,0.316927992353148,0.500545826375879,0.00995684601941871
0.065,2.74096580083764,-0.0159347891169702,154.527642514523,-0.0680836796477133,4817.73520456189,41.4800743300207,-33826.7093642428,2741.9517778752,-6999896.60788286,552035.844904212,-11625770.1380964,10725773.9435603,23145643949.9709,-105846123789.357,0.0159347891169702,0.05,0.318695782339404,0.49798848574943,0.0119196627814875
0.066,2.89789638144521,-0.0159816528236043,159.327297423498,-0.025141058598295,4780.40757366889,44.4954214042783,-40828.5612498718,3281.70948911968,-6999949.55604608,509838.556953093,11519873.8561193,-95120349.8461193,-22935156731.3048,-103100997506.911,0.0159816528236043,0.05,0.319633056472086,0.49387972928356,0.0131024595353693
0.067,3.05960678629767,-0.0159839789124949,164.086124347205,0.0210753681205622,4736.08000199013,48.0119009054223,-47826.5733951145,3726.80437156524,-6999897.2605555,363167.708353518,-11415282.9187744,-198221347.353099,22725814259.0467,-89008411736.1924,0.0159839789124949,0.05,0.319679578249897,0.48827543352227,0.0134292236732787
0.068,3.22605268782711,-0.0159382631033258,168.797124126753,0.0710021982036631,4684.75252432798,51.8835435561803,-54828.3906614229,3976.02667095283,-6999949.63634485,120442.155132323,11310531.3821251,-287229759.089161,-22516218904.5947,-56508870478.681,0.0159382631033258,0.05,0.318765262066516,0.481308163590798,0.0129129509030579
0.069,3.39718275855209,-0.0158406539158645,173.453296081166,0.124881389974027,4626.42510576224,55.8695651419512,-61826.4377352314,3943.43580146077,-6999897.21441492,-195042.039196179,-11205687.5635362,-343738629.567592,22307529629.1084,2745600350.66364,0.0158406539158645,0.05,0.31681307831729,0.473173320475004,0.0116518556268909
0.07,3.57293867105782,-0.0156871914914386,178.047641037566,0.182675866447344,4561.09778128617,59.6583045522402,-68828.2198718275,3576.98204753922,-6999949.13716399,-537407.868588439,11101842.1043664,-340993029.216655,-22091375130.6963,65813834775.4777,0.0156871914914386,0.05,0.313743829828771,0.464109348656666,0.00981642909962998
0.071,3.7532550980161,-0.0154741154512308,182.573158329257,0.244019434451055,4488.77051667878,62.9124927370404,-75826.2999837987,2880.04663680501,-6999892.98262488,-845493.980417355,-10989533.0640451,-275179194.440984,21870543316.5479,103556462607.911,0.0154741154512308,0.05,0.309482309024617,0.454374004186209,0.00762895739371135
0.072,3.93805971216638,-0.015198197140884,187.022848771517,0.308220432013907,4409.44334988679,65.3282440371199,-82828.0426424071,1914.22246960182,-6999947.24403074,-1068894.94355438,10881010.2874713,-171622731.833056,-21628154017.9237,122546255206.46,0.015198197140884,0.05,0.30396394281768,0.444219040288869,0.00533802021853074
0.073,4.12727318633799,-0.0148570393470498,191.389711715394,0.374321508400262,4323.11624594973,66.6845213401984,-89826.1540736342,779.940535998673,-6999880.31075214,-1179244.54778421,-10747143.7638059,-49076476.6268447,21368562316.7598,130933986365.969,0.0148570393470498,0.05,0.297140786940996,0.433865793336905,0.00319106744469006
0.074,4.32080919343187,-0.0144492949502011,195.666747967905,0.441198505513918,4229.78925088507,66.8721157722106,-96827.8465292187,-402.019919037908,-6999943.17335764,-1162854.03122807,10621418.5831418,81857509.7385477,-21058750424.4217,131879404954.488,0.0144492949502011,0.05,0.288985899004021,0.423484032162927,0.00140823684819888
0.075,4.51857440644852,-0.0139747749770665,199.84695690544,0.507680312046084,4129.46232555552,65.9078067309609,-103825.988785025,-1501.96529457087,-6999851.12998664,-1015056.81901228,-10437331.8690229,213736914.692095,20704743789.8636,124990609161.419,0.0139747749770665,0.05,0.27949549954133,0.413176088079543,0.000160231595992721
0.076,4.72046849846935,-0.0134344314285077,203.923339332438,0.572677907286517,4022.13553434549,63.9391437879579,-110827.607790316,-2389.3218880434,-6999936.08996079,-738824.599739472,10267411.9449515,338727523.852205,-20226836201.7855,104908175390.402,0.0134344314285077,0.05,0.268688628570153,0.402967742650329,-0.000447499109514124
0.077,4.92638414269721,-0.0128302099855757,207.888894666163,0.635314240578863,3907.80882695831,61.2412353612513,-117825.781313671,-2941.29802995822,-6999782.09611668,-347642.988192065,-9959424.27733801,443635699.240961,19632885805.5929,52930374708.9385,0.0128302099855757,0.05,0.256604199711515,0.392806676092945,-0.000382768560671587
0.078,5.13620701243608,-0.0121647760583133,211.736623720782,0.695045812334446,3786.48231272725,58.2022605526273,-124827.270974292,-3058.30143941147,-6999925.07749126,122457.898403365,9673461.54441073,496566073.947976,-18617375063.8385,-47839050189.4528,0.0121647760583133,0.05,0.243295521166267,0.38256853180704,0.000313797430248414
0.079,5.34981578116203,-0.011441129658604,215.459525991793,0.751759623411525,3658.15591573201,55.2859557809542,-131825.462216854,-2695.53367906551,-6999560.30347874,595104.447256615,-8943913.5303322,448727023.756409,17189626027.549,-112306338689.827,0.011441129658604,0.05,0.228822593172079,0.37206991333277,0.0015373688054021
0.08,5.56708212250507,-0.0106621479335021,219.050602353649,0.805814757500761,3522.82989894424,52.9580827320298,-138826.629539425,-1894.78344304546,-6999909.40399531,987678.30166811,8245712.5022356,336420685.064384,3825863517.47235,-139300961995.689,0.0106621479335021,0.05,0.213242958670043,0.361086961282374,0.00313436043309194
0.081,5.7878707104505,-0.00983012616859922,222.50285266174,0.858002918248856,3380.50484839845,51.6074043472737,-145821.778443247,-762.111625844256,-6989750.75973434,1254448.50573465,12071576.0200958,197119723.06653,-44420793719.2943,-151589456742.806,0.00983012616859922,0.05,0.196602523371984,0.349377636365868,0.00492244499898106
0.082,6.01203922070874,-0.00894639286598931,225.809281795295,0.909445291610612,3231.18835563812,51.4990540341639,-152812.896880589,565.631831966694,-6999889.58057389,1375773.50042978,-32349217.7010621,45530266.3217096,64893082347.0228,-156830733448.146,0.00894639286598931,0.05,0.178927857319786,0.336705504094558,0.00671239079110112
0.083,6.23943833602695,-0.00801104628991604,228.962896247148,0.961457047315956,3074.87282630982,52.7536263802465,-159818.145556286,1938.03200998278,-6999792.25710144,1342888.40002741,32543864.6483649,-111300467.128194,199693965636.878,-157373599106.92,0.00801104628991604,0.05,0.160220925798321,0.322862715364469,0.00832911660695266
0.084,6.46991174122296,-0.00702283461649173,231.956696388773,1.01539755546856,2911.56852918526,55.3379952791803,-166768.383553455,3199.04124326171,-6867401.40963463,1152901.13334576,232237830.283904,-268674066.236525,199834291443.755,-152967903403.974,0.00702283461649173,0.05,0.140456692329835,0.307689819629239,0.00962971024807588
0.085,6.70329614321963,-0.00597918930372448,234.783747501166,1.07251475207314,2741.41347766213,59.0623344155271,-173486.360332706,4192.11069292194,-6535246.43362885,807743.115407245,432072121.72464,-421641969.641505,199847583759.714,-139803494392.649,0.00597918930372448,0.05,0.11958378607449,0.291090867054348,0.0105166023026751
0.086,6.93942141464523,-0.00487641475124299,237.437348259346,1.13378903224336,2564.73983311703,63.5822178590364,-179772.262774845,4765.73224110968,-6003250.52002435,316199.398569414,631919705.481277,-561445464.034723,199815042749.965,-100328368980.528,0.00487641475124299,0.05,0.0975282950248598,0.273043347882994,0.0109446444355811
0.087,7.17811092618817,-0.00371003196446955,239.911229414456,1.19978258649217,2382.07959066133,68.4082952067964,-185426.250935003,4784.48751283163,-5271423.2931681,-295410.249955573,831734748.229182,-661773833.015385,199674064020.298,38477688680.9399,0.00371003196446955,0.05,0.074200639289391,0.253602699973792,0.0109215020659297
0.088,7.41918207859137,-0.00247526558591419,242.199753628684,1.27050663715163,2194.16457029171,72.9363851929038,-190248.527843387,4164.6032944818,-4339851.51292877,-937945.238630488,1031408812.24893,-623296144.334179,124250675615.812,128433029226.682,0.00247526558591419,0.05,0.0495053117182837,0.23290111971496,0.0105015103692024
0.089,7.66244703436048,-0.00116764075244886,244.298114637275,1.34534409938813,2001.92319527294,76.5334845536041,-194051.966504255,2936.41548855525,-3246317.36287194,-1497024.86835133,1155659487.86563,-494863115.106892,-199695653076.638,156342745780.348,0.00116764075244886,0.05,0.0233528150489773,0.211140863835502,0.00977399969982768
0.09,7.90771364269365,0.000216393209019604,246.202517284766,1.42307697110128,1806.43235935005,78.64542470322,-196753.736732041,1218.01618694709,-2190505.70154462,-1913716.61056804,955963834.790849,-338520369.325682,-199840891514.935,167189161369.417,0.000216393209019604,0.05,0.00432786418039207,0.188582698980181,0.00884810277780181
0.091,8.15478650028913,0.00167891356815709,247.910245857965,1.50199973935742,1608.73437036899,78.8571287383743,-198499.567331444,-837.09574805568,-1334462.31251124,-2168642.39920902,756122943.277993,-171331207.955239,-199880501543.618,171925646367.926,0.00167891356815709,0.05,0.0335782713631417,0.165530124017724,0.00783655053557321
0.092,8.40346798049463,0.00322011080682609,249.419537873747,1.58007117373557,1409.68526401673,76.9143201579531,-199489.28158924,-3062.74947684779,-678279.620005055,-2254010.78398029,556242441.735914,594438.413782908,-199886295376.425,173321116114.027,0.00322011080682609,0.05,0.0644022161365217,0.142309322756224,0.00684064180460082
0.093,8.65355908888563,0.00483803501093086,250.729386961425,1.65507991980229,1209.94122109399,72.7318860753043,-199922.75437094,-5287.57618893564,-221980.325957353,-2166755.7875095,356356146.359956,173915554.52889,-199850528604.249,171847024293.952,0.00483803501093086,0.05,0.0967607002186172,0.119245471834283,0.00593806705213317
0.094,8.90486011944418,0.0065285110175294,251.839342991372,1.72481557035882,1009.95854214377,66.3970782109853,-199999.865045151,-7338.73302846514,34450.5561004794,-1906916.72083363,156505617.755266,345762578.823841,-199579108615.362,166204181937.305,0.0065285110175294,0.05,0.130570220350588,0.0966375028049237,0.00517482225766912
0.095,9.157171110861,0.00828522566212845,252.749312200667,1.78724125441139,809.993670847729,58.169439092755,-199920.424864941,-9045.0677628974,91166.6195480649,-1478052.05104114,-43073490.8609095,511966760.762016,-126094535821.526,150078782747.22,0.00828522566212845,0.05,0.165704513242569,0.074733788070748,0.00456198093063241
0.096,9.41029210309357,0.0100999870140987,253.459358008007,1.84066440021941,610.106396435842,48.476926380349,-199871.810746792,-10242.1233030997,-14954.1392236086,-891045.898905509,-169168026.683022,662045543.509965,197021352248.532,77236456878.9042,0.0100999870140987,0.05,0.201999740281975,0.0537111055756481,0.004077576476568
0.097,9.66402320057491,0.011963151354341,253.969520599893,1.88389998616686,410.207123168742,37.9028392373654,-199938.512007314,-10789.2736874372,-85611.489782367,-190382.126956092,27853325.5662821,739282000.389467,64401548370.5103,-122043723064.626,0.011963151354341,0.05,0.23926302708682,0.033658950041145,0.00367330661220149
0.098,9.91816449840822,0.0138642026064122,254.279745895713,1.91640624459203,210.233131032911,27.1365029980169,-199999.463242916,-10630.3554347094,-25557.3900308339,487878.011901063,92254873.9402601,617238277.325349,-112931639029.678,-164065139133.454,0.0138642026064122,0.05,0.277284052128244,0.0145711994471942,0.00328519841654929
0.099,10.1725160271754,0.0157924306206102,254.389977938415,1.93833323392712,10.2315594203077,16.8461235679969,-199997.715135828,-9861.20247400126,10231.6643945985,1023083.71965968,-20676765.0890459,453173138.192372,-9739613587.46814,-176032144690.059,0.0157924306206102,0.05,0.315848612412205,-0.00365263093358877,0.00284662491185809
0.1,10.4268777881842,0.017737589542997,254.300211402847,1.95043668549133,-189.764891829595,7.56465713749776,-199999.445122898,-8640.87087602713,-15314.9074881834,1388240.78550703,-30416378.6801315,277140993.502831,193146280739.307,-181091659491.349,0.017737589542997,0.05,0.354751790859939,-0.0211960927023383,0.00230122219421867
0.101,10.6810497832797,0.0196904283132496,254.010444578171,1.9539223190997,-389.769016041905,-0.343448665982293,-199997.777172934,-7144.24153701731,50841.8542013351,1574835.94926418,162729902.057787,96049334.0121171,-185838322710.319,-183313407686.526,0.0196904283132496,0.05,0.393808566264992,-0.0383066227927226,0.00161340270934488
0.102,10.9348320136062,0.0216430543650491,253.520690378939,1.95027169676769,-589.721993901123,-6.69190206464723,-199896.54342149,-5551.93315536158,120652.594903961,1579228.57943304,-23108420.6516171,-87264073.6735857,-196965406328.574,-183809548782.645,0.0216430543650491,0.05,0.432861087300981,-0.0552706877782512,0.000775093620471162
0.103,11.1880245314614,0.0235891196072745,252.831037617857,1.94106186513971,-789.570269320201,-11.47642367372,-199820.272604635,-4046.97153756255,-938.528911943738,1400059.73136813,-220073826.978188,-271073622.455164,196469180052.322,-182698433852.101,0.0235891196072745,0.05,0.47178239214549,-0.0723849258222879,-0.000192014246518027
0.104,11.4404274789684,0.025523824588434,251.941549523304,1.92778248176499,-989.419503943762,-14.8761567173616,-199898.503183695,-2812.89835639748,-122777.765863969,1037636.89198691,-23604646.9239952,-453772056.305919,199623048137.713,-179170272224.15,0.025523824588434,0.05,0.51047649176868,-0.0899267899315273,-0.00123890941690051
0.105,11.6918409972901,0.0274437393800243,250.852160984795,1.91165241509725,-1189.37501248996,-17.2533307317697,-199999.812765,-2032.00920460104,-46570.8887191047,494279.69956892,176018401.213996,-632942328.528435,199847405357.749,-169691259285.953,0.0274437393800243,0.05,0.548874787600486,-0.108128681940588,-0.00229611273140972
0.106,11.9420651372732,0.029346441546331,249.562787303591,1.89343767302271,-1389.36044732243,-19.1507609437617,-199925.066552218,-1882.48254584417,229371.215173767,-223508.258602492,375865806.570427,-802633587.812483,199884727280.763,-129427233460.339,0.029346441546331,0.05,0.58692883092662,-0.127156775623951,-0.00328421497677185
0.107,12.1908999364784,0.0312299739105669,248.073519878295,1.8732738978036,-1589.09985543419,-21.2841626848994,-199474.448312545,-2528.87880392981,705179.385384575,-1090855.46314514,575750533.8496,-932060821.270694,199883379660.294,126582237365.899,0.0312299739105669,0.05,0.624599478211337,-0.147094927903477,-0.00412700172342268
0.108,12.4381456951484,0.0330921312035486,246.384825983887,1.85050570545776,-1788.11742715628,-24.5085384307025,-198448.079763625,-4064.66763814951,1380871.60906432,-1959625.16573289,775633913.508765,-805478583.902513,199851984291.092,171804990538.192,0.0330921312035486,0.05,0.661842624070972,-0.16793486315026,-0.00476576777454717
0.109,12.683603452019,0.034929617070434,244.497748645612,1.82360609911473,-1985.73747162951,-29.6801065410945,-196646.082533758,-6398.39793074414,2256431.51471863,-2679201.2543663,975485897.799369,-633673593.361976,199730854131.257,182194928234.098,0.034929617070434,0.05,0.698592341408679,-0.189573498242459,-0.00517300948083574
0.11,12.9270756600089,0.0367372000556793,242.414106514285,1.790255375291,-2181.08443530358,-37.5161259092566,-193868.619594452,-9364.07016041926,3331782.83958363,-3221777.38361123,1175216751.93051,-451478665.125573,-160989253937.102,186390093863.064,0.0367372000556793,0.05,0.734744001113585,-0.211817579074784,-0.00536291920885467
0.111,13.1683670612659,0.0385069989454971,240.136690692091,1.74750299304444,-2373.09800190532,-48.5585649517937,-189976.059921227,-12780.5218609496,4426504.96454559,-3580061.00180527,1014227497.99312,-265088571.260349,-199741171836.172,188331190479.669,0.0385069989454971,0.05,0.770139978909941,-0.23439509132476,-0.0053964340955849
0.112,13.4072857328953,0.0402279414524008,237.669383005999,1.69194801439841,-2560.70009397755,-63.1654516093032,-185075.731402991,-16461.7386166385,5340861.87662062,-3750983.97782579,814486326.155893,-76757380.7787672,-199859463610.833,189087039238.204,0.0402279414524008,0.05,0.804558829048015,-0.256972531224773,-0.00537998842026802
0.113,13.6436441489475,0.0418854064498993,235.017067461376,1.61992490698602,-2742.97797420025,-81.5075964850771,-179360.936273894,-20219.5867783141,6055418.4709711,-3733197.83898545,614626862.542819,112329658.461014,-199888622110.572,188976784687.341,0.0418854064498993,0.05,0.837708128997987,-0.279177786114749,-0.0054580703356051
0.114,13.8772600910886,0.0434610532761949,232.185442199138,1.52769157268131,-2919.21709212272,-103.567186540511,-173031.519142003,-23865.1236572879,6570101.02245864,-3526379.78818076,414738240.428845,301306443.149526,-199882752030.508,187964613825.465,0.0434610532761949,0.05,0.869221065523899,-0.300627957192247,-0.00580035015761754
0.115,14.1079573630906,0.0449328395745154,229.180819979324,1.41161821515471,-3088.90276616371,-129.137450492521,-166287.362791333,-27209.5227882563,6884897.88687223,-3131091.0381185,214855488.394456,489271056.97571,-199788733339.728,185629503541.23,0.0449328395745154,0.05,0.898656791490307,-0.320959792369824,-0.00658468582696862
0.116,14.3355663055129,0.0462752280169963,226.009928302122,1.26837608796857,-3251.72019529658,-157.823239061086,-159328.335282485,-30065.0400472967,6999859.00859681,-2549005.22937218,15066755.0518876,674900560.517186,-29997158503.7239,180648497855.921,0.0462752280169963,0.05,0.925504560339927,-0.339859771612075,-0.00797770679630037
0.117,14.5599241107422,0.0474595813120724,222.679710960126,1.09512512093998,-3407.54733983302,-189.042771275621,-152325.942422776,-32246.4869134342,6999927.18439683,-1783780.41992703,-14930403.4484862,855549058.372882,432821679.369807,168049263496.274,0.0474595813120724,0.05,0.949191626241448,-0.357090920874636,-0.0101149011241775
0.118,14.780874951918,0.048454743671874,219.197166685086,0.889698857759042,-3556.37578903223,-222.03155483668,-145333.408303152,-33574.484593592,6985213.19178803,-844206.729806009,-14497581.7702363,1023598321.86849,58445059898.568,109777979313.719,0.048454743671874,0.05,0.96909487343748,-0.372513654980723,-0.0130821667550474
0.119,14.9982699994875,0.0492278045122846,215.569288277042,0.650782924250389,-3698.21657179421,-255.852968992413,-138345.703058927,-33888.5958325781,6999938.13996708,234280.581719338,43947478.1256286,1133376301.18114,-88647865067.8729,-129716972829.17,0.0492278045122846,0.05,0.984556090245691,-0.386097978705978,-0.0169006444651085
0.12,15.2119674137714,0.0497450318797529,211.803066602452,0.378070847142538,-3833.05867486593,-289.440933357808,-131338.56582407,-33109.2465957395,6999561.68555875,1302798.39648589,-44700386.9329209,1003659328.35056,90168300649.4693,-165768329167.111,0.0497450318797529,0.05,0.994900637595058,-0.397925108124453,-0.0215163887661515
0.121,15.4218323526793,0.0499729264716776,207.905504127136,0.0723328612868553,-3960.90115289998,-321.738411214287,-124346.326281863,-31332.2465899394,6999945.44895059,2223573.5602529,45467913.7034068,837890999.181772,-91326434216.0646,-174558302950.141,0.0499729264716776,0.05,0.999458529433553,-0.408178106519748,-0.0267963000165325
0.122,15.6277369737615,0.0498792674672296,203.883597602073,-0.264667620153664,-4081.74373373999,-351.826495786841,-117338.867948423,-28718.8205805872,6999750.14554592,2974185.4079596,-45858520.4942538,663332696.229746,92116418423.968,-177012665620.534,0.0498792674672296,0.05,0.997585349344593,-0.417122785350753,-0.0325318880834446
0.123,15.8295604344235,0.0494340293363428,199.744349916206,-0.630331664903679,-4195.58653151781,-378.955043741787,-110346.694326714,-25442.4709354493,6999949.83426369,3549011.77137908,46257897.9087582,486320030.607187,-92808301434.8945,-176025471074.194,0.0494340293363428,0.05,0.988680586726857,-0.42508081200276,-0.0384515785206406
0.124,16.0271888918822,0.0486101314220886,195.494757849797,-1.0213976456937,-4302.42940828927,-402.549289847716,-103339.083593729,-21679.6367272789,6999803.58145494,3947319.06644917,-46550403.5009278,310294559.530885,93397951539.0179,-171134613403.754,0.0486101314220886,0.05,0.972202628441773,-0.4323977228184,-0.0442406273096801
0.125,16.2205155032503,0.0473840126789766,191.141824372312,-1.43411736457421,-4402.27245691011,-422.21068189072,-96346.988888762,-17605.6928166315,6999952.15372358,4172046.31927818,46847548.0110882,139159946.124988,-93957541382.1865,-157907563206.847,0.0473840126789766,0.05,0.947680253579533,-0.439409012179628,-0.0495666879506836
0.126,16.40944042549,0.0457360304674582,186.692546248605,-1.86443106938407,-4495.11557669324,-437.713737705144,-89339.2725512581,-13390.3844514918,6999820.9310435,4232252.48379974,-47109993.3407398,-18747617.0839943,94484508258.3451,-111341719008.517,0.0457360304674582,0.05,0.914720609349165,-0.446407623468003,-0.0541084825508384
0.127,16.5938708154721,0.0436506868319662,182.153926496864,-2.30813633289845,-4580.95885358831,-448.99575975587,-82347.2591988375,-9186.06272940206,6999953.19183201,4157834.00721149,47374514.8858668,-130089336.094606,-95006333710.6116,77066170749.2251,0.0436506868319662,0.05,0.873013736639323,-0.453615983781526,-0.0575847163317937
0.128,16.7737208299292,0.0411166938752712,177.532961854709,-2.76103692985479,-4659.80219903443,-456.121375947241,-75339.4531385106,-5080.42902844622,6999824.53986248,4066277.75649149,-47631818.7903788,-53023165.3474015,95521977863.4945,142729309937.168,0.0411166938752712,0.05,0.822333877505423,-0.461165248648605,-0.0597803066128988
0.129,16.9489116255068,0.0381269187043747,172.836655377834,-3.21902182724417,-4731.64569845583,-459.171556237102,-68347.5241783962,-1016.87463630544,6999953.71000393,4084619.24611267,47890159.0375504,89706144.5878544,-96035778757.8387,156366815061.251,0.0381269187043747,0.05,0.762538374087494,-0.46908368306804,-0.0605670139321959
0.13,17.1193713587145,0.0346783127775862,168.072003771312,-3.67801601011225,-4796.48926557607,-458.12465494232,-61339.631351997,3138.65881794483,6999825.97966247,4252508.79823115,-48145619.6825778,246072959.647346,96548081999.8253,156253465505.752,0.0346783127775862,0.05,0.693566255551724,-0.47729519753817,-0.0599155182628471
0.131,17.2850351859762,0.0307719370057809,163.246010126168,-4.13385102902733,-4854.33298537124,-452.81221900429,-54347.7868351733,7540.24634025076,6999954.4009799,4576708.49063137,48402462.2784146,402326425.151549,-97046627360.1786,141684442735.389,0.0307719370057809,0.05,0.615438740115619,-0.485628052142922,-0.057896790148519
0.132,17.4458452635813,0.0264131308211463,158.365671114436,-4.58211239580892,-4905.17677153877,-442.910660496123,-47339.8056409449,12341.7321172473,6999833.54957812,5049877.13715062,-48644165.0409988,544010867.885679,97532616305.3756,67138446632.7618,0.0264131308211463,0.05,0.528262616422927,-0.493832757546639,-0.054672288472963
0.133,17.601750747735,0.0216118350891404,153.437989864874,-5.01798731745124,-4949.02070390774,-427.950523897081,-40348.0387378334,17674.8044294464,6999955.69268991,5627457.22835267,48888451.2226274,611149314.517569,-97990134776.6042,-115514575431.328,0.0216118350891404,0.05,0.432236701782807,-0.5016073142158,-0.0504739819948048
0.134,17.7527077945137,0.0163830577208155,148.469963021253,-5.43613802766342,-4985.8646996478,-407.364945741717,-33339.9705086582,23588.5838858195,6999849.07652413,6180849.25515458,-49101683.5103333,495634739.085885,98420352641.8714,-154438214188.923,0.0163830577208155,0.05,0.32766115441631,-0.508627245594751,-0.045576373854199
0.135,17.898679559914,0.0107474301025839,143.468593752068,-5.83065917545886,-5015.70882838595,-380.609766364092,-26348.2688817782,29991.5108081524,6999957.56933484,6599264.887146,49318669.0872497,341196524.897274,-98817477670.2657,-160606726050.419,0.0107474301025839,0.05,0.214948602051678,-0.514577441452321,-0.0402638556689345
0.136,18.0396361998151,0.0047317422191643,138.440878680237,-6.19516043080699,-5038.55301610183,-347.268448971822,-19340.1215575065,36734.6061700721,6999867.49958684,6860158.04901806,-49498808.5368379,180589798.848026,99181891140.5291,-143902221880.643,0.0047317422191643,0.050058135192679,0.0945249398714382,-0.519182693632568,-0.0347977159109596
0.137,18.1755548700229,-0.00163064285632109,133.393821011939,-6.52291189163126,-5054.39732113423,-307.079661403352,-12348.4731469923,43661.0754148676,6999959.63662038,6968796.73692576,49683082.557413,36687576.9696493,-99519618111.7009,-50835241212.4711,0.00163064285632109,0.0510881002709332,0.031918251954435,-0.522233967911578,-0.0293869813744003
0.138,18.3064197262389,-0.00829952713061968,128.334417354902,-6.80699844418471,-5063.24168060177,-259.930191158908,-5340.25857210533,50639.7434000763,6999882.91012182,6980066.69328918,-49836535.5061836,-14147664.2402992,99830046782.7607,21043324245.6089,0.00829952713061968,0.0531613557953572,0.156119553507409,-0.523607911795525,-0.0241661914356707
0.139,18.4322219240983,-0.0152277599652332,123.269670947491,-7.04044583332236,-5065.08614422429,-205.801895551038,1651.34441140104,57616.2434819532,6999961.39800713,6976440.69117168,49993511.2290085,6895660.00757849,-100123709088.065,-4326937414.59799,0.0152277599652332,0.0559962686760708,0.27194240482921,-0.523277783072693,-0.019182096901309
0.14,18.5529596191431,-0.0223612133021262,118.206578384333,-7.21627661575885,-5059.93065868422,-144.69646273587,8659.61528018236,64595.410846893,6999893.05469198,6981172.88247196,-50130197.809845,2568722.59479805,100399551115.935,-1162563823.02847,0.0223612133021262,0.0593527210999002,0.37675127420845,-0.52131484512401,-0.0143899678908834
0.141,18.668637966854,-0.0296387813449759,113.152142929964,-7.32751174691873,-5047.77526859542,-76.6100857674431,15651.1764944967,71577.6743300254,6999962.63244021,6983160.32315524,50269353.2580064,1406158.77299145,-100669752341.569,-469283250.177576,0.0296387813449759,0.0630287214487564,0.470242465081143,-0.517880210474062,-0.00965908410713657
0.142,18.779269122626,-0.0369923775458364,108.113361165621,-7.36716908079162,-5028.61992713192,-1.54061646948739,22659.495511517,78561.4595186923,6999897.10952731,6984331.84030315,-50400399.0341897,936875.523657864,100932607956.56,-529949300.335208,0.0369923775458364,0.0668570230527901,0.553305783846035,-0.513208047037333,-0.0047864951231529
0.143,18.884872241796,-0.0443469323369051,103.097236376776,-7.32826487757868,-5002.46467760594,80.5131430340802,29651.0145228611,85546.171471874,6999963.01447152,6985003.74117663,50532208.8745947,406926.22409978,-101201942244.654,-486775479.777303,0.0443469323369051,0.0707017834353498,0.627239231913523,-0.507581886826311,0.000482357779361607
0.144,18.9854734796182,-0.0516203919027112,98.110765129015,-7.20381446862384,-4969.3094762872,169.551863915287,36659.3766514031,92531.2975469162,6999894.25222366,6985167.27966084,-50669733.3215436,-79849.254748952,101475997738.224,-139659309.912313,0.0516203919027112,0.0744552938029726,0.693307208474816,-0.501306429471737,0.00642824700631939
0.145,19.0811059912888,-0.0587237175082038,93.1609507244103,-6.98683276588382,-4929.15436929682,265.575725974699,43650.8487032623,99516.4016253981,6999962.51777134,6985017.60075114,50806264.3701017,-219508.56341171,-101770233574.727,-1149648028.35741,0.0587237175082038,0.0780348055488613,0.752532374434304,-0.494677637979107,0.0133305258380671
0.146,19.17180993192,-0.0655608853047177,88.2547897086457,-6.67033468822765,-4881.99931204825,368.584551913715,50659.2526476288,106501.117863863,6999883.66535396,6984223.26817355,-50963969.1580354,-1369156.59114411,102083082815.961,2414859827.42915,0.0655608853047177,0.0813794774756004,0.805619393714767,-0.487954058601823,0.0214399740853095
0.147,19.257632456563,-0.0720288865289611,83.3992853973094,-6.24733557710005,-4827.84435809886,478.577653838056,57650.6681755447,113485.059030379,6999961.23760401,6984061.54149612,51119113.6135461,1045703.23701234,-102434131570.895,-5731506043.85254,0.0720288865289611,0.0844474643583058,0.852943153193406,-0.481332137734314,0.03095475848683
0.148,19.3386277201775,-0.0780177280988512,78.6014343097651,-5.71085138768681,-4766.68945753901,595.554679110295,64659.1166146979,120468.688172486,6999863.285432,6982241.49171121,-51315017.9137914,-4685802.81229535,102822227438.058,-16111038777.9107,0.0780177280988512,0.0872131643618027,0.894563666732648,-0.474927888650552,0.0420018073645043
0.149,19.4148568776568,-0.0834104331665183,73.8682397730539,-5.05389898708106,-4698.53467752335,719.513035768206,71650.4594290827,127445.901589662,6999959.38123734,6969500.16950995,51507209.4832058,-20796841.5926823,-103274497234.876,88400517677.3547,0.0834104331665183,0.0896646397525943,0.930248907447431,-0.468766610379184,0.054625347951061
0.15,19.4863880837879,-0.0880830443063445,69.2066982705666,-4.26950154702644,-4623.37995697146,850.443904657248,78658.9599988586,134419.736757988,6999829.34210301,6992903.58675596,-51767287.712249,67603676.076184,103790381038.449,-169323753543.841,0.0880830443063445,0.0918012223025273,0.959497511003397,-0.462781560131707,0.0687836058632722
0.151,19.5532964932817,-0.0919046289119567,64.6238131396778,-3.35068088427672,-4541.22538558282,988.364305331554,85650.2040939475,141418.221557192,6999957.24491007,6975845.38606021,52023093.289619,-101720077.470664,-104410120361.502,-191245364440.516,0.0919046289119567,0.0936313118254664,0.981558702106744,-0.45682159460018,0.084353890382053
0.152,19.6156642607188,-0.094737268392614,60.1265808131357,-2.29045065932329,-4452.07088277231,1133.24552767868,92658.7711987776,148311.33267711,6999775.27801885,6778502.62636929,-52387027.0375834,-292965441.91414,105133727707.124,-194484483555.278,0.094737268392614,0.0951703734092513,0.995449161318566,-0.45066692702055,0.101145644492214
0.153,19.6735805405886,-0.0964360980063371,55.7220046384039,-1.08193354247237,-4355.91657453401,1284.88918057518,99649.875251231,154910.93850193,6999955.11483491,6388294.94267751,52746700.638434,-487449925.472296,-106030805329.155,-195414074507.331,0.0964360980063371,0.0964391361638384,0.999968496632984,-0.444051363465943,0.118919439495673
0.154,19.7271414872121,-0.096849506624314,51.4170809747753,0.281453884307419,-4252.76234855958,1442.90488264113,106658.531915499,161022.939469454,6999686.41280869,5803137.97995155,-53284104.662253,-682863999.982315,107101568397.062,-195585795524.835,0.096849506624314,0.0974619936836077,0.993715631743775,-0.43668877717249,0.137408930450325
0.155,19.7764502547956,-0.0958195273077693,47.2188131788209,1.8058073437929,-4142.60839155754,1606.70743102578,113649.426537379,166452.047816826,6999953.09234503,5022481.08220681,53817463.7099195,-878449795.509537,-108529126708.086,-195233666037.761,0.0958195273077693,0.0982656039805767,0.975107498720602,-0.428301189597045,0.156343299521702
0.156,19.8216169973149,-0.0931824225629056,43.1341974972671,3.49653964988058,-4025.45454094494,1775.51617634843,120658.200173798,171002.765056939,6999505.99270085,4046414.4536784,-54711662.9762122,-1073683461.54928,110313224187.68,-194153669154.191,0.0931824225629056,0.0988776843577449,0.942400938777717,-0.418645710186283,0.175467960504945
0.157,19.8627588685878,-0.0887694649813061,39.1702372802652,5.35818525640399,-3901.30111000224,1948.35511165246,127648.735872379,174479.978834984,6999950.94181852,2875654.15755202,55601561.1939237,-1267837130.70496,-113744043693.866,-191202802292.962,0.0887694649813061,0.0993259946230488,0.893718359611643,-0.407537724384122,0.194561525217743
0.158,19.9000000220751,-0.0824079131854279,35.3339285654522,7.39420521325932,-3770.14787106835,2124.05364459441,134657.530254183,176689.847293468,6998680.48116547,1512215.62570058,-58142482.4847429,-1459039932.99885,118873204849.78,-175845101940.271,0.0824079131854279,0.0996375001572852,0.827077285714123,-0.394868126294386,0.213447428902126
0.159,19.9334716108867,-0.0739221822367783,31.6322744741826,9.60679355872844,-3631.99573793789,2301.24909949939,141646.951694919,177443.235435679,6999974.60110565,-34746.8582684008,60730722.3515799,-1634885034.93945,-199900302163.24,178498968822.389,0.0739221822367783,0.0998377047092883,0.740423494831217,-0.380612988397362,0.231999158669003
0.16,19.963311787179,-0.0631352050805178,28.072269739075,11.9966918520815,-3486.84700633491,2478.40991812389,148643.974940178,176620.795888078,6960755.17237562,-1580382.40879665,-139169579.839121,-1456386066.11679,-199967193532.639,192449717164.219,0.0631352050805178,0.0999501413546276,0.63166699141036,-0.364834832468576,0.250138689715006
0.161,19.9896656959725,-0.0498699491894635,24.6608973809051,14.563089692074,-3334.75418070464,2654.00581053483,155501.81745705,174344.295399083,6721601.99577019,-2940543.61633134,-339136773.408433,-1263936348.95173,-199976500391.496,195345738142.616,0.0498699491894635,0.0999960088770268,0.498719396399036,-0.347675527534812,0.267828716221368
0.162,20.0126854101632,-0.0339509319945731,21.4049985787373,17.3037265235706,-3175.9564173986,2826.67731747341,162020.521649389,170804.3412313,6282476.97216601,-4106807.09621176,-539113273.841009,-1068590610.80778,-199978809096.084,196477728108.376,0.03624341891031,0.1,0.3624341891031,-0.329342133230884,0.285061032281435
0.163,20.0325296909207,-0.0152055791719363,18.3110753721145,20.2150786565148,-3010.8928419244,2995.25834329352,168000.112183122,166195.985117702,5643374.29377695,-5077158.84296535,-739092082.977997,-872112882.697657,-199978005334.194,196950585325.224,0.0359080830642995,0.1,0.359080830642995,-0.310088276868047,0.30184375605335
0.164,20.0493635485621,0.00653460944385082,15.3850906866962,23.2925541024442,-2840.2025570232,3158.77860311704,173240.610767858,160715.594930942,4804293.20813185,-5850796.43300039,-939070088.348793,-675162297.37041,-199974072870.434,197000698574.952,0.0493635485620558,0.0999984021959174,0.493643373074527,-0.290193174063825,0.318188996860068
0.165,20.0633576034487,0.0314330896435395,12.6322683562599,26.530688880198,-2664.72464358344,3316.46448114437,177542.039919673,154560.050799019,3765236.08334783,-6427458.38108333,-1139044161.24807,-478161598.793305,-199964011731.052,196496826776.281,0.063357603448658,0.0999633367468594,0.633808409268096,-0.269940367530932,0.334102191704836
0.166,20.0746872469059,0.0596474992493652,10.0568931455028,29.9233438577525,-2485.49815814699,3467.73929652083,180704.42658711,147926.261089668,2526209.91623422,-6807371.56648849,-1339008172.99757,-281664772.014901,-199930892272.926,194098720958.849,0.0746872469059099,0.0998692342851775,0.747850400981745,-0.249598255729436,0.349574136632577
0.167,20.0835316021672,0.0913290814132422,7.66211077761704,33.4639016043488,-2303.76212508196,3612.22301514528,182527.810601467,141010.406923998,1087236.29710017,-6991986.97802397,-1538939065.27688,-87566051.0541497,-74762278613.8,165841622619.199,0.0835316021671559,0.0996967346579281,0.837856951421361,-0.229404283070708,0.364576457049038
0.168,20.0900722855249,0.126622304426601,5.44972901850506,37.1454622252229,-2120.95030126879,3749.72974430601,182833.11698616,134002.277190883,-489083.907483621,-6996632.21776851,-1613701343.8843,78275571.5639726,199929710616.212,-124147126328.627,0.0900722855249079,0.0994241317225832,0.905939875605158,-0.209554282045542,0.379060910960105
0.169,20.0944919779983,0.165664674189492,3.42004819038965,40.9610292296799,-1938.62234605376,3880.24157851966,181570.504025169,127024.091571175,-2002820.39605983,-6980430.20936885,-1413771633.24921,-45871554.7653641,199962806762.107,63085488966.2087,0.0944919779983309,0.0990276534802759,0.954197889957592,-0.190197838877903,0.392962507416972
0.17,20.0969728817795,0.20858670374358,1.57182005229458,44.9036180633508,-1758.28054904705,4003.77043828904,178894.124946943,120031.239832585,-3316610.625928,-6994759.01965111,-1213808826.45687,17213934.2003987,199972774393.205,-29632645444.6825,0.0969728817795286,0.0984818754689061,0.984677447680675,-0.17143933462044,0.406205741804865
0.171,20.0976952291831,0.255511920885837,-0.0976151114843397,48.9662387986984,-1581.23869868428,4120.30593290727,175003.938703516,113040.149005793,-4430433.06518827,-6992361.40817305,-1013836052.02387,-12418711.2445195,199976546242.682,20103444489.3256,0.0976952291830635,0.0977602801679355,0.999334586758955,-0.153342858196915,0.418712145440289
0.172,20.096835969241,0.30655686125099,-1.59213082284502,53.1418990626271,-1408.61061683229,4229.84866906729,170099.917036687,106044.928816079,-5344280.84409081,-6994728.39717291,-813859505.734161,7684733.2451679,199977088918.008,-13548107131.0101,0.0968359692410381,0.0968359750009938,0.999999940518431,-0.135939249370506,0.430407888506314
0.173,20.094567653928,0.361831067401334,-2.91661443879895,57.4236046153368,-1241.31015109019,4332.39694996921,164382.035954547,99051.7847676734,-6058151.80536597,-6993817.71749325,-613882416.764447,-5863373.88519033,199974348105.359,9856133303.16291,0.0945676539280456,0.0956825797770868,0.98834766107228,-0.119234346621456,0.441230894946345
0.174,20.0910575241736,0.42143708767838,-4.07676717569883,61.804361659235,-1080.05117251078,4427.95125932142,158050.271998814,92056.6780521213,-6572047.04807774,-6994753.02472685,-413908068.605262,3992759.41822336,199964365633.53,-6970175665.73703,0.0910575241736247,0.0942752931916656,0.965868374320522,-0.103217618778952,0.451136723016936
0.175,20.0864667961318,0.485470476322675,-5.07890413303226,66.277175573696,-925.34757686679,4516.51093589715,151304.598310704,85062.7597111591,-6885972.93386623,-6994245.3531415,-213943702.918125,-2977416.24749693,199904656869.998,5212430733.95686,0.0864667961317522,0.0925921462550193,0.933845899776461,-0.0878703359539251,0.4601026692245
0.176,20.0809501472375,0.554019793046651,-5.92975432120502,70.835052101272,-777.513292947659,4598.07629388039,144344.970968189,78067.8943883494,-6999964.30834935,-6994616.55402201,-14039045.9966614,2235014.4862335,28292396459.6832,-3718444314.78277,0.0809501472374521,0.090615448697461,0.893337156092681,-0.0731724907169629,0.46812970121533
0.177,20.0746554020369,0.627166603181873,-6.63626213844308,75.4709966350636,-636.669465126418,4672.64709755904,137342.70253625,71073.7756008511,-6999857.15611605,-6994240.76169317,14253350.4116517,-1483429.82867101,-28506617988.1164,2790737227.73175,0.0746554020369317,0.0883334322550202,0.845154548296053,-0.0591078143156134,0.475242069464542
0.178,20.0677234040497,0.704985477559973,-7.20542653870173,80.1780148750801,-502.825503387133,4740.22362182154,130345.220952342,64079.2582471147,-6999857.11469858,-6994328.82290797,-14253267.5258616,1307307.39895879,28515266068.7297,-1976473206.73586,0.067723404049687,0.0857420925085925,0.789850143240908,-0.0456665576462055,0.481484656428648
0.179,20.0602879972378,0.787543992700295,-7.64424643060882,84.9491124425594,-375.981398401978,4800.8058511888,123342.989748226,57085.2536657048,-6999852.74918995,-6994009.75211238,14261998.4933162,-669165.80775493,-28521894501.337,1450448847.66105,0.0602879972377757,0.0828472284647067,0.727700833872296,-0.0328465383218016,0.486918354796632
0.18,20.0524760257065,0.874902730856932,-7.95972261958811,89.7772952364984,-256.137146441851,4854.39404888626,116345.5143492,50091.1510721628,-6999851.69794742,-6993953.69349631,-14259895.9594347,781283.039910166,28533051977.4737,-1028927258.36562,0.052476025706504,0.0796666764923653,0.65869480210503,-0.0206532614359578,0.49161394471753
0.181,20.0444073337079,0.967115280233572,-8.15885400709526,94.655569225955,-143.292745714325,4900.98831045361,109343.288211937,43097.4165323097,-6999845.067918,-6993686.87408558,14273155.9706177,-247644.218419847,-28546872409.6844,709532061.795482,0.0444073337079303,0.076232732470071,0.582523179598273,-0.00909928797730836,0.495645087309971
0.182,20.0361947656433,1.06422823511299,-8.24864139263667,99.5769406257942,-37.4481906300896,4940.58887183871,102345.821909937,36103.7240914583,-6999845.34815234,-6993579.7522731,-14273716.3921286,461887.843359769,28561873645.5862,-522014221.05314,0.0361947656433088,0.0725947531653441,0.498586524027026,0.00179707512293079,0.499081124600646
0.183,20.0279441660677,1.16628119606619,-8.23608366984765,104.534415777953,61.3965197315294,4973.19586128476,95343.6000158643,29110.2882807363,-6999838.12772157,-6993378.87154027,14288157.2070803,-60126.3777220266,-28582590136.2553,327207735.621564,0.0279441660677158,0.0688219249139692,0.406035810574136,0.0120136276350533,0.501980390281135
0.184,20.0197543796921,1.27330677009884,-8.12818163257574,109.521001220458,153.24139110265,4998.8094637423,88346.1422017246,22116.9338806294,-6999841.26558273,-6993275.39405018,-14294432.8825116,267081.35781142,28603077132.335,-249324435.824942,0.0197543796920669,0.06500618467016,0.303884619475828,0.0215264841373657,0.504384674222546
0.185,20.0117172513875,1.3853305708224,-7.93193416776607,114.529703614297,238.086422062139,5017.42979405091,81343.9208992233,15123.7504731852,-6999834.15989896,-6993132.97491028,14308644.2027858,17756.9218586932,-28628868028.3471,158279964.14911,0.0117172513875019,0.061265275442055,0.191254365592205,0.0303124185931797,0.506315365645335
0.186,20.0039176261855,1.5023712185788,-7.65434206661118,119.553529763485,315.931617787284,5029.05698759107,74346.4695834212,8130.65275672953,-6999839.94971046,-6993036.07800634,-14320223.777533,176036.885823368,28656242175.9573,-93658664.8296781,0.00391762618550473,0.0577459150693328,0.0678424816855187,0.0383511153710018,0.507771628465322
0.187,19.9964333492814,1.62444034056988,-7.30240421185689,124.585486578,386.776974703349,5033.69114774575,67344.2455621842,1137.68908738834,-6999832.05239989,-6992906.87045293,14336018.3490969,82378.2207919246,-28685557741.2037,104193260.022986,0.00356665071860363,0.0546270542438177,0.0652909216500041,0.0456271091743323,0.508730761425331
0.188,19.9893352660326,1.75154257096649,-6.88312139472848,129.618581090116,450.622498345403,5031.33240146892,60346.8005926677,-5855.15922841112,-6999838.81292152,-6992772.39560213,-14349539.3413191,186571.480641667,28721038569.4697,4900594.09218446,0.0106647339673529,0.0521231966651092,0.204606291434381,0.0521312287874969,0.509150680457213
0.189,19.9826872219624,1.88367555103369,-6.40349249442209,134.645820457723,507.468184652648,5021.98088734206,53344.5738498358,-12847.8375215075,-6999827.83297798,-6992583.37382444,14371499.1753704,191472.074673845,-28754472990.8682,106532479.815213,0.0173127780375779,0.050487751278237,0.342910460443515,0.0578614106834802,0.508974255653761
0.19,19.9765460627578,2.02082992927311,-5.87051830161183,139.660212004612,557.314041733425,5005.63679448444,46347.1393542786,-19840.3074038815,-6999833.57029817,-6992338.63550986,-14382973.7610157,298004.554610523,28801058365.1727,79070685.6429209,0.0234539372421594,0.05,0.469078744843188,0.0628228109294361,0.508135057825451
0.191,19.9709616342756,2.16298936161239,-5.2911976884077,144.654763268702,600.160067184514,4982.30037072478,39344.9144734923,-26832.4838586666,-6999816.01487646,-6992001.09561242,14418084.5473098,377075.240585689,-28842264866.5002,141526506.501367,0.0290383657243929,0.05,0.580767314487858,0.0670272135786009,0.506563938336767
0.192,19.9659767825425,2.31013051165594,-4.67253143959319,149.622482080877,636.006274903289,4951.97195506108,32347.5004567432,-33824.2728289078,-6999819.06276254,-6991553.25711859,-14424180.2605401,518601.747577086,28908662567.9407,154637234.418739,0.0340232174574986,0.05,0.680464349149972,0.070491801571209,0.504195791904866
0.193,19.9616273537661,2.46222305102554,-4.02151841108887,154.556376663549,664.852666325407,4914.65199848045,25345.2874142768,-40815.5410122803,-6999788.91173896,-6990957.3367538,14484482.2463688,673238.982521684,-28966764068.8702,211688722.060923,0.0383726462338743,0.05,0.767452924677485,0.0732374180047764,0.500975842504707
0.194,19.9579421943402,2.61922965981435,-3.34515937043541,159.449455761787,686.699266414465,4870.34109982667,18347.9129496484,-47806.1264480893,-6999787.81152718,-6990178.25341025,-14482281.7597114,884927.705002878,29077378025.3099,259703902.769678,0.0420578056597556,0.05,0.841156113195112,0.0752864929294901,0.496864847108605
0.195,19.9549431508653,2.7811060271888,-2.65045313999844,164.294728807721,701.546083300608,4819.04004256086,11345.7302269116,-54795.8189536633,-6999731.40427408,-6989163.47375386,14595096.2009586,1144631.6080016,-29177746254.2837,336934203.831229,0.0450568491347454,0.05,0.901136982694908,0.0766608419060613,0.491842724915902
0.196,19.9526450701624,2.94780085217634,-1.94440044854674,169.085206130731,709.393164600275,4760.74984668124,4348.43341302897,-61784.3539559127,-6999725.18120042,-6987850.37504394,-14582649.9875584,1481565.81187717,29416532395.738,428241773.055219,0.0473549298375566,0.05,0.947098596751133,0.0773795516724668,0.485910279075573
0.197,19.9510557993141,3.11925584469077,-1.2340000506282,173.81389922401,710.240530668142,4695.47183230893,-2653.68033776522,-68771.3921744221,-6999599.56498995,-6986154.68834553,14833882.3423862,1909807.58486981,-29661192280.9572,548360241.253511,0.0489442006859129,0.05,0.978884013718258,0.0774571580060283,0.479088867742949
0.198,19.950176185696,3.29540572685932,-0.526252589215975,178.473821085266,704.088286976964,4623.20770394002,-9650.8064936294,-75756.5005656018,-6999596.2787882,-6983970.70064004,-14827309.8740449,2458167.82604697,30836765087.806,693881155.007989,0.0498238143039558,0.05,0.996476286079115,0.0769022888636992,0.471418082703816
0.199,19.9500000770668,3.47617823473597,0.171843334232237,183.057986652017,690.936495989467,4543.95965663053,-16652.6769665046,-82739.1265354699,-6999005.20611819,-6981165.59223649,16009455.1521642,3152048.98102917,-32984537819.759,873208949.15748,0.0499999229332246,0.05,0.999998458664493,0.0757168997921278,0.46295168707764
0.2,19.9505143216602,3.66149412050764,0.853287382992807,187.559413356397,670.785610305683,4457.73050902421,-23649.1748680142,-89718.5705683913,-6999488.01987605,-6977576.93878088,-16975082.6091538,4025257.93023577,196313681853.328,1016638068.97253,0.0494856783398347,0.05,0.989713566796695,0.0738961680746268,0.45375223003549
0.201,19.9516987688,3.85126715532622,1.51108275311579,191.971121826842,643.642041983481,4364.52386322272,-30624.4314822165,-96693.9654385292,-6918306.26155852,-6973043.36181615,179338599.28562,5041895.99932765,198494625916.356,1194476808.46777,0.0483012312000213,0.05,0.966024624000426,0.0714290519715387,0.443884880199879
0.202,19.9535262820045,4.04540413292414,2.13826865481697,196.286136753489,609.596617746365,4264.34426618916,-37419.9860064765,-103664.288772878,-6639720.3493147,-6967404.22741259,377833225.229715,6236372.80794621,198236421914.692,1917586398.34596,0.0464737179954646,0.05,0.929474359909293,0.06829957114409,0.433411088868429
0.203,19.9559628390678,4.24380487417557,2.72806605446514,200.497487917086,568.928003620736,4157.19739459746,-43837.7503395211,-110628.255216154,-6162768.91312763,-6960209.06140547,576069647.161393,8153959.20642063,196464809244.463,2035867578.53979,0.0440371609322341,0.05,0.880743218644682,0.0644893980974568,0.422382703170512
0.204,19.9589678111187,4.44636223280966,3.27407369481782,204.59821150595,522.113066467031,4043.09047867157,-49679.7402941913,-117584.047986693,-5488466.861344,-6951037.16840978,772534456.41495,10189826.7851007,112532793761.6,-2869784460.65985,0.0410321888813243,0.05,0.820643777626486,0.0599823868624396,0.410837098189544
0.205,19.9624944392929,4.65296210266817,3.77046527331817,208.581351855098,469.822537352435,3922.0324908307,-54763.1844616987,-124530.468539121,-4659666.00804824,-6942282.23385501,885067250.18037,7320042.32465211,-193092244395.144,-10834021216.7387,0.0375055607070749,0.05,0.750111214141498,0.0547707551523909,0.398793792660392
0.206,19.9664905015871,4.86348342647497,4.21216487608997,212.439962279343,412.868985586222,3794.03164976405,-59012.4988853875,-131470.896422017,-3871144.88006544,-6940379.20213872,691975005.785999,-3513978.89191703,-192730028009.379,6490710415.14747,0.033509498412915,0.05,0.670189968258299,0.0488622253488378,0.386252858584413
0.207,19.9708991097355,5.07779820356057,4.59490964758315,216.167101658706,352.028213012,3659.09024852395,-62569.7779338937,-138411.950828532,-3275534.88828413,-6940647.82582307,499244977.776078,2976731.5230898,28248357323.8646,81707840486.0968,0.0291008902644911,0.05,0.582017805289823,0.0422868311862367,0.373195232153222
0.208,19.9756594729072,5.29577149262988,4.91512808638169,219.75582996211,287.905052146484,3517.21187439764,-65590.9822737351,-145337.49231518,-2762165.73184612,-6896817.17405693,527493335.099266,84684572.0085226,195035744241.084,133020240140.343,0.0243405270927859,0.05,0.486810541855718,0.0351011445826342,0.359584834030995
0.209,19.9807075112607,5.51726141913705,5.16980089058379,223.199228257851,221.029029053162,3368.44563010064,-68056.895380658,-152169.797163209,-2137154.52462631,-6745622.48197823,722529079.340171,217704812.148003,197317471402.085,149521050497.064,0.0192924887393389,0.05,0.385849774786777,0.0273884085118949,0.345372363557324
0.21,19.9859764010918,5.74211922953154,5.35647702918055,226.490475036002,152.032199485569,3212.94553587544,-69799.8991203808,-158781.64706403,-1315966.7095851,-6453157.1445817,919846550.74271,367225862.644079,197691780188.093,151819935942.183,0.0140235989081532,0.05,0.280471978163064,0.0192554103395086,0.330500788253794
0.211,19.9913972140072,5.97018944811735,5.47342992565939,229.622970788401,81.7358619268387,3051.00484038012,-70622.9939245638,-165025.887954633,-297274.268748345,-6010021.31396652,1117538330.93163,519045798.585163,196871798233.936,144559665133.656,0.00860278599278885,0.05,0.172055719855777,0.0108280196058288,0.314912515440705
0.212,19.9968997385596,6.20131017112007,5.51985294957837,232.59048384616,11.1586902480576,2883.06647272091,-70328.6870614746,-170752.293091784,918699.961300252,-5418695.68281453,1314410129.16623,663605463.717641,58707995068.3964,121992628187.83,0.00310026144037678,0.05,0.0620052288075357,0.00224670028435445,0.298557863589738
0.213,20.0024134987156,6.43531350940775,5.4960556692515,235.387299723224,-58.4891323117654,2709.72051572447,-68742.9973697471,-175818.853938042,2262464.08800068,-4694093.90500298,1373118124.2345,785598091.904278,-197973441818.354,54568042491.0764,0.0024134987155513,0.05,0.048269974311026,-0.00633742594393581,0.281404104342501
0.214,20.0078689580844,6.67202617728188,5.4036276790561,238.008361650985,-125.880293510886,2531.68782151767,-65826.969793266,-180111.054123344,3536595.49132601,-3881211.79185316,1175144682.41464,840166134.394229,-199088762350.396,-69160582501.4488,0.00786895808439425,0.05,0.157379161687885,-0.0147656975797247,0.263444163251789
0.215,20.0131988313245,6.91127020952296,5.24547063849912,240.449381507396,-189.751403477459,2349.77330749655,-61735.9834211244,-183583.70961175,4612195.79256545,-3075625.94870966,976055920.060979,771005551.891819,-199409393640.321,-122517206632.401,0.013198831324523,0.05,0.263976626490461,-0.022874684960969,0.244703963568044
0.216,20.0183393369573,7.15286375850315,5.02565894984464,242.706881460019,-249.026921741464,2164.77518095221,-56668.9945674682,-186294.252318953,5488547.01580628,-2365879.00013404,776646526.415564,648488345.258714,-199529055468.89,-140537701260.708,0.0183393369573324,0.05,0.366786739146647,-0.0304999626207263,0.225247246433825
0.217,20.0232312724932,7.39662188514236,4.74924298617143,244.778141050847,-302.830515425089,1977.40021478659,-50825.3791310315,-188359.310096668,6165429.0144874,-1787659.50550568,577117470.940103,507950643.997636,-199546384711.547,-146132341755.281,0.02323127249322,0.05,0.4646254498644,-0.0374816599392344,0.205176591323501
0.218,20.0278208907451,7.64235726262658,4.42204973634736,246.661083614178,-350.48530823749,1788.22564453035,-44404.6491118581,-189917.349670467,6642773.29307172,-1352775.03238568,377571086.22131,361818302.24237,-199426444428.459,-144384771357.211,0.0278208907451472,0.05,0.556417814902943,-0.0436714333437884,0.18462979674098
0.219,20.0320605766991,7.88988075262059,4.05048330267021,248.354138993925,-391.513951624511,1597.68619436201,-37606.3280164121,-191113.279680291,6920631.1570788,-1063149.11582192,178144641.786175,217433530.885577,-198213067206.167,-134721862647.431,0.0320605766991378,0.05,0.641211533982755,-0.0489401702271707,0.163771639755561
0.22,20.0359093248685,8.13900183982555,3.6413253964772,249.856099293978,-425.638532167155,1406.07196563475,-30629.6600496393,-192090.165674445,6999669.26526189,-913076.516260055,-20068425.424522,82711668.2389539,24673651856.3827,-110724213132.441,0.0359093248684843,0.05,0.718186497369686,-0.053185666763158,0.142781736145338
0.221,20.0393330175704,8.38952892256554,3.20153801525765,251.165976520975,-452.770674253163,1213.53443347138,-23635.9127217782,-192980.340392108,6991937.66576555,-885726.954587322,4605226.43451476,-28012544.8923403,5936805884.07479,-51854350543.7918,0.0393330175704065,0.05,0.786660351408131,-0.0563395287834089,0.121839708291251
0.222,20.0423045223021,8.64126946570262,2.7381149489477,252.282871563784,-472.90960323729,1020.10440024657,-16640.6829751459,-193888.716010898,6999511.2951421,-939666.674751558,10542032.3184998,-79866895.4347228,-36070978988.418,46142777884.6496,0.0423045223020608,0.05,0.846090446041217,-0.0583724564713475,0.101109198617846
0.223,20.0448037006812,8.89403003492647,2.2580517281037,253.20587205165,-486.050276516451,825.734462364778,-9641.91249367389,-194860.625670387,6992017.83796639,-996462.181243956,-25528946.6700137,-33724117.5484956,66361524140.8498,101702717974.571,0.0448037006812321,0.05,0.896074013624641,-0.0592965192112503,0.0807224835806163
0.224,20.0468174114941,9.1476162557795,1.76834532096163,253.934009566501,-492.197669851274,630.374222530696,-2651.59887501726,-195856.999457409,6999669.6533668,-979334.939805165,40832577.4691078,67978600.4277212,-198094155679.882,122648373495.875,0.0468174114941213,0.05,0.936348229882427,-0.0591634353760041,0.0607675995157308
0.225,20.04833950776,9.40183276955542,1.27598851386597,254.466295921326,-491.350882392126,434.043995718917,4335.47137447217,-196781.903701418,6941455.15299597,-850032.152629506,-157261578.212189,190626973.925214,-199387282914.84,128333319480.14,0.0483395077600015,0.05,0.96679015520003,-0.0580590748494499,0.0412799030923785
0.226,20.049370831046,9.65648325683963,0.787954062241412,254.801816305404,-483.579201506437,236.874194325015,11165.0645245438,-197515.233480505,6684499.93332635,-595238.518964223,-356648861.126648,318960293.40686,-199489962231.322,123141362582.071,0.0493708310460441,0.05,0.987416620920882,-0.0560947353469673,0.0222395199645446
0.227,20.0499191316183,9.91137056906423,0.31105495355166,254.93984799276,-469.139640572592,39.1196325238782,17637.9917002688,-197930.468292336,6228106.09108404,-214707.544266327,-556138823.354852,442101655.99025,-199407278344.098,102280579035.917,0.049919131618271,0.05,0.99838263236542,-0.0533967771324328,0.00357524871686457
0.228,20.0499988110063,10.1662969833421,-0.148252507647303,254.879985879788,-448.488594266089,-158.840244240637,23554.7938332846,-197907.078245434,5572263.62855713,278534.401241882,-755546101.692651,544382235.027227,-199012115502.015,43077840903.2424,0.0499988110063008,0.05,0.999976220126015,-0.0500966495415839,-0.0148253919198342
0.229,20.0496304656067,10.4210645807889,-0.584068133894628,254.6222615604,-422.281885139277,-356.515530003081,28716.115725078,-197349.173086528,4717211.46911347,844455.55672073,-954558217.18523,587460075.93119,-192809259211.276,-62142828697.2679,0.0496304656066648,0.05,0.992609312133297,-0.0463224823810862,-0.0331010247443391
0.23,20.0488402308787,10.6754757330505,-0.991247139244211,254.167236146093,-391.374290434218,-553.347154583283,32923.9132090628,-196221.344629958,3666248.6223226,1400844.21830329,-1147367476.38441,525317247.234248,198680401261.706,-118784471247.645,0.0488402308786675,0.05,0.97680461757335,-0.0421930448696049,-0.0513978697056872
0.231,20.0476589273891,10.9293336546432,-1.36559458292722,253.516032691579,-356.80020247623,-748.785473582657,36049.5914934023,-194577.639199912,2618221.34656904,1866769.22991371,-948687075.108794,406532775.986516,199336344322.16,-140232364668.44,0.0476589273891292,0.05,0.953178547782585,-0.037814618195247,-0.0698500526867279
0.232,20.046121042435,11.1824429459667,-1.70397148690717,252.670285296864,-319.591309140946,-942.367815720247,38226.6920264695,-192530.975642783,1769202.44362132,2203185.82356601,-749350730.771974,266300411.317607,199500488872.688,-147441371401.504,0.0461210424350433,0.05,0.922420848700867,-0.0332807195423879,-0.0885614282179257
0.233,20.0442637141593,11.4346100526737,-2.00418414338763,251.632029058132,-280.59659516099,-1133.7589584399,39654.4691861824,-190219.213175459,1119601.9572857,2395765.54918286,-549850241.885063,118859039.915322,199540718726.464,-145370016239.976,0.0442637141593174,0.05,0.885274283186348,-0.0286730446862921,-0.107591387896307
0.234,20.0421258831428,11.6856435996628,-2.26478815120109,250.403563528405,-240.46565250706,-1322.76653608482,40532.402808979,-187788.246442358,669522.074763867,2441939.5809782,-350309523.145971,-26510976.3256473,199504129558.818,-129897580051.854,0.0421258831428304,0.05,0.842517662856608,-0.0240619194941009,-0.126946390904443
0.235,20.0397476428216,11.9353545832284,-2.48488894897199,248.987307671925,-199.648560909919,-1509.34364363189,41060.0208104289,-185381.211946218,418964.616397308,2350479.81462662,-150805393.577125,-156408556.378595,199355011144.545,-68553761607.2753,0.0397476428215953,0.05,0.794952856431905,-0.0195059177383428,-0.146578129066589
0.236,20.0371697894072,12.1835564187481,-2.66394229429273,247.38565808065,-158.395885565663,-1693.57854017021,41436.808565228,-183120.362036715,367836.72839246,2159794.37744439,48549617.5740997,-224962317.986955,198821196243.672,90938896532.6,0.0371697894071517,0.05,0.743395788143033,-0.0150506862036266,-0.166388447467503
0.237,20.0344335713132,12.4300648557416,-2.80155478969686,245.600870709584,-116.758782817758,-1875.65270961709,41862.0569684481,-181057.892335509,515796.9440884,1980301.50772373,247370813.820688,-134023421.455337,93547398316.0146,147371103401.922,0.0344335713132295,0.05,0.688671426264591,-0.0107271012456913,-0.186240342209235
0.238,20.0315806378257,12.6746978053815,-2.89728549118138,243.635014747833,-74.593701100944,-2055.73664797291,42517.1305524998,-179120.040687945,809941.4570671,1919963.63796936,340918212.135815,13347681.9457715,-198838185273.721,164467990709.237,0.0315806378256589,0.05,0.631612756513178,-0.00654894704692969,-0.205973450464924
0.239,20.0286531779859,12.9172751788036,-2.95047308881055,241.490040000175,-31.6230650430486,-2233.88762939517,43464.3914180899,-177165.991877218,1051440.57656606,2015545.31526975,142080026.857734,177815672.654399,-199388391864.012,170790462981.553,0.0286531779858805,0.05,0.57306355971761,-0.00251043566930998,-0.225421513101762
0.24,20.025694182148,13.157618833024,-2.96018445960593,239.167914131299,12.3824188175766,-2410.00909639994,44553.6406094417,-175033.073648458,1093826.40749179,2278756.21941492,-57308365.0134441,348606135.635545,-199549133196.606,171764902456.49,0.0256941821480297,0.05,0.513883642960593,0.00141552957873563,-0.244429145600115
0.241,20.0227476593271,13.3955526685201,-2.92534696682975,236.670784247406,57.4651066890782,-2583.83753404508,45585.5546455618,-172551.386877482,936743.475880044,2713244.80627871,-256857498.219087,520371038.091796,-199605185544.93,167198374380.007,0.022747659327127,0.05,0.454953186542539,0.00527656451370772,-0.262865866289053
0.242,20.0198586791205,13.6309028930567,-2.84494532466765,234.001146302835,103.467906606798,-2754.93860341411,46360.6018414093,-169550.090156428,580083.384888492,3317215.03156051,-456462683.773821,687569412.471675,-199605847834.035,148221980513.337,0.0198586791205031,0.05,0.397173582410062,0.00913632177381254,-0.280635909797809
0.243,20.0170732146063,13.8634984558626,-2.71822111922738,231.162015407421,150.03415611663,-2922.70931523684,46679.1862431064,-165864.386755213,23817.7771976522,4078895.43428885,-656068531.61726,835791392.984922,-199551098563.72,-2154853493.20037,0.0170732146063166,0.05,0.341464292126332,0.0130665685374283,-0.297682883887534
0.244,20.0144377856787,14.093171649464,-2.54487239946583,228.157088521394,196.607591864476,-3086.39504549503,46341.7112380691,-161367.95476668,-732026.303701471,4913609.40052717,-855619630.188869,833636539.491603,-199391144038.525,-154545856649.231,0.0144377856786875,0.05,0.28875571357375,0.0171366325916867,-0.313988907378968
0.245,20.0119989027867,14.3197588572698,-2.32525326876932,224.990861880388,242.432378715372,-3245.17369554898,45148.6432619341,-156063.284739182,-1687341.50590961,5669973.01169416,-1055010774.23281,679090682.842174,-198833798171.601,-174416848826.56,0.0119989027866509,0.05,0.239978055733019,0.0214012759251773,-0.329568595645742
0.246,20.0098023111085,14.5431013634208,-2.06057340773085,221.66862837994,286.553231354553,-3398.29607937068,42900.6574025466,-150082.835860871,-2841769.17922822,6261855.27012305,-1253844572.40664,504673834.015326,159325936366.57,-179418378022.423,0.00980231110845153,0.05,0.196046222169031,0.0258881953784756,-0.344459355940562
0.247,20.0078920357926,14.7630460948224,-1.75309439167296,218.196354058105,327.830668653635,-3545.17135105674,39458.5202598429,-143598.546736744,-4015950.78345158,6676819.91512717,-1094518636.03872,325255455.992567,198840830042.751,-177137542774.045,0.00789203579264708,0.05,0.157840715852942,0.030586377075858,-0.358710247551997
0.248,20.0063092569804,14.9794462107793,-1.40624773595064,214.58050831316,365.107078784487,-3685.38465932438,34928.4502967121,-136788.622017416,-5011049.00446894,6913506.59973271,-895677805.990979,148117913.218261,199342749007.396,-151709024846.037,0.0063092569803942,0.05,0.126185139607884,0.0354367074888587,-0.372371330232856
0.249,20.0050911682125,15.1921615177457,-1.02454726556601,210.827886501262,397.389030893208,-3818.69816293261,29502.7861807484,-129826.341298549,-5807055.43595622,6985770.00052795,-696335056.975225,-3591111.62765297,199462590035.169,-439899420.029451,0.00509116821253741,0.05,0.101823364250748,0.0403272212356966,-0.385484749537996
0.25,20.0042699851082,15.4010587084853,-0.613402035923384,206.945439309382,423.880544454914,-3945.03223607882,23380.8069813096,-122842.440170404,-6403659.19791386,6981958.93919028,-496872466.928916,-4031011.04728219,199429825889.258,9100058120.47248,0.00426998510818777,0.05,0.0853997021637554,0.0450950114641638,-0.398078411232534
0.251,20.0038721494641,15.6060114488308,-0.178917405611601,202.940149420913,443.985019335808,-4064.38398944586,16761.9498542451,-115860.980060384,-6800816.75189815,6982477.95720324,-297442641.026562,5069047.07363404,199089789364.691,-4201813798.93719,0.00387214946405834,0.05,0.0774429892811668,0.0495349726362214,-0.410162601584032
0.252,20.003917732658,15.8069003870668,0.272304384833603,198.818998863955,457.305282448526,-4176.75306076215,9845.59341339342,-108876.667881943,-6998714.49824237,6985446.0973774,-98352851.647806,867233.275201536,195228976418.557,403923927.018494,0.00391773265803153,0.05,0.0783546531606305,0.0534144777124326,-0.421729115533813
0.253,20.0044200384559,16.0036131543573,0.733363540447106,194.588971749765,463.643261011332,-4282.13684422643,2830.24065206256,-101890.720847273,-6999452.86168087,6986515.29261611,96876124.7674579,1271157.20272705,-177916170766.918,-724255036.659863,0.00442003845591543,0.05,0.0884007691183086,0.0564924888731881,-0.432752281558607
0.254,20.0053854042511,16.1960443670128,1.19725790017925,190.257054011256,462.982508079141,-4380.53412574518,-4150.4268423633,-94903.6906852279,-6991534.82229688,6987424.32230051,-81040046.0002328,546902.166548213,147200902527.115,-136399559.084694,0.00538540425111123,0.05,0.107708085022225,0.0585411779188004,-0.443191654937585
0.255,20.0068131698838,16.3840956278266,1.65699778903966,185.830232632536,455.328940521642,-4471.94401880219,-11157.9482039065,-87916.0156451035,-6998974.41703355,6987903.02468751,66160856.5305281,410502.607757558,-126634528227.291,-242007130.329857,0.00681316988382719,0.05,0.136263397676544,0.0593676203822249,-0.452996123477416
0.256,20.0086956812378,16.5676755269464,2.10558296113765,181.315495271498,440.677255479266,-4556.36602460141,-18144.9479473797,-80927.9477036333,-6996130.82461666,6988192.5237301,-60473671.6990738,168495.47750523,116290790747.348,-65593675.0783378,0.00869568123776787,0.05,0.173913624755357,0.0588321608636088,-0.462109004169681
0.257,20.0110182868219,16.7466996423905,2.53602017019186,176.719829978269,419.029008623176,-4633.79985069356,-25151.9338093882,-73939.6818644432,-6998459.10094206,6988328.22237007,55817119.0467626,102901.802342939,-104795355481.989,-16934312.6597534,0.0110182868219226,0.05,0.220365736438453,0.0568612997879917,-0.47047362154275
0.258,20.0137593382257,16.9210905403444,2.94130825447726,172.050225012155,390.38278164265,-4704.24535200199,-32139.950243387,-66951.3050135571,-6995039.6596363,6988422.65701608,-48978236.4327709,85967.4895392978,93654482805.8856,98898453.5847086,0.0137593382257428,0.05,0.275186764514856,0.0534540210903345,-0.478038817766157
0.259,20.0168901894758,17.0907777753151,3.31445396074681,167.313668749158,354.741050799561,-4767.70242723821,-39143.8699407716,-59962.8228897203,-6997190.65466613,6988558.07373241,44676246.3745417,184865.942990123,-78037610690.6633,159313127.460915,0.0168901894757525,0.05,0.33780378951505,0.0486809798696101,-0.484763858600837
0.26,20.020375198699,17.2556978902387,3.64845808932736,162.517149679179,312.102780004967,-4824.1709336419,-46131.7287406983,-52974.1458308282,-6991533.21363691,6988822.59623913,-33361364.316859,344179.070353761,62593738819.5356,213748261.529089,0.0203751986990355,0.05,0.40750397398071,0.0426767504101305,-0.490622264581328
0.261,20.0241717280531,17.415794416631,3.93632888098028,157.667656492505,262.472332502266,-4873.65060190514,-53129.5103466896,-45985.1155203434,-6993597.708544,6989273.64944025,29232374.5027126,557927.331816506,-45585879018.9527,163318274.660996,0.0241717280530978,0.05,0.483434561061955,0.0356259368561656,-0.495604207322083
0.262,20.0282301469635,17.5710178748615,4.17107169681993,152.772178236384,205.848995952053,-4916.14098080787,-60116.0895144846,-38995.5356875246,-6987158.27355077,6989913.23590939,-16353504.5171831,721245.606423209,29627672140.7287,144516893.524536,0.0282301469634731,0.05,0.564602939269463,0.0277446224898479,-0.499717254966913
0.263,20.0324938325844,17.7213257746043,4.34569768713188,147.837704504523,142.237836203207,-4951.64143364826,-67106.4865949364,-32005.2377426629,-6988697.94199759,6990706.73996258,13274167.6227327,865762.499891961,-33475581100.658,-24476357.5101646,0.0324938325844428,0.05,0.649876651688857,0.0192589618780674,-0.5029854143649
0.264,20.0368991736448,17.8666826154725,4.45321777116854,142.871225605657,71.6378181830037,-4980.15117474704,-74094.1267166387,-25014.1022008432,-6992161.56492518,6991560.26428371,-20201413.4781672,841286.142311601,40225555012.6263,34885336.0964791,0.0368991736447732,0.05,0.737983472895465,0.0103830933115293,-0.50544658436753
0.265,20.0413755698525,18.007059887796,4.48664265921318,137.879732675192,-5.95408015307138,-5001.66935514788,-81089.6847291337,-18022.1154792655,-6992250.20089704,6992418.99309407,20024141.5334469,876171.478325801,-48343176953.8631,-212097496.744535,0.0413755698525229,0.0500018646771005,0.827480537370275,0.00129845290650091,-0.507148688187264
0.266,20.0458454292813,18.1424360734657,4.43897879313415,132.870217700204,-90.538566924202,-5016.19512393951,-88079.9800554227,-11029.2937500148,-6996397.64784052,6993189.11582403,-28319035.4203252,664073.981480042,58442874581.8652,55272723.8208366,0.0458454292813144,0.0507246794628221,0.903809147082262,-0.00786349158215419,-0.508144878297925
0.267,20.0502241671241,18.272796646777,4.30323347696369,127.849673489033,-182.119030522407,-5023.72771014972,-95080.7967418763,-4035.76338507917,-6995495.24596992,6993880.82616741,30123839.1637219,719346.705214885,-65106801093.3914,-346688523.782007,0.0502241671240711,0.0525369130969507,0.955978647458565,-0.0170334173122347,-0.508488292548558
0.268,20.0544202029691,18.3981340752011,4.07240884479054,122.825093571073,-280.695267030213,-5024.2664276761,-102072.08120178,2958.41933302052,-6997924.80735289,6994426.82861074,-34982961.9276136,372658.181373629,72420827577.6959,192147771.423529,0.0544202029691085,0.055155296223729,0.986672299761773,-0.0262101401905828,-0.508226877886695
0.269,20.0583349603969,18.5184478200663,3.73951036223221,117.803472107991,-386.269123594346,-5017.81072481308,-109075.427352167,9953.06451535087,-6996697.35549165,6994895.56067782,37437865.6471939,564805.952824356,-78511284721.1805,-492387677.910042,0.0583349603968557,0.0583376475005831,0.99995393877123,-0.0354598830029413,-0.507398784541711
0.27,20.0618628656014,18.6337443371151,3.29753831439667,112.791803750785,-498.839931283143,-5004.36013889937,-116066.490988956,16948.1604143925,-6998515.13220505,6995214.17279169,-41073419.0724434,72418.2749755072,85660109054.4622,406486656.945747,0.0618628656013875,0.0618795465232912,0.999730429150812,-0.0449090050371202,-0.506028771906029
0.271,20.064891347708,18.7440370769583,2.73949772088187,107.79708356752,-618.408956236622,-4983.91434239206,-123071.266145856,23943.4785440984,-6996758.49675026,6995489.83439514,44586689.9796105,478904.932037826,-93163250430.2701,-708871579.998217,0.0648913477080093,0.0656110144788003,0.989031311640159,-0.0547309576735873,-0.50412596284979
0.272,20.0673008377848,18.8493464854162,2.05838808658356,102.826306893412,-744.975052317911,-4956.47306864969,-130061.258506022,30939.0896856967,-6998753.43198578,6995614.30353718,-48576560.4518555,-229966.647900237,95982524194.1555,711138340.255078,0.0673008377847673,0.069393234511859,0.969847251798961,-0.065128831708939,-0.501683148302074
0.273,20.0689647695837,18.9497000037733,1.24721472194665,97.8864693016592,-878.53978436161,-4922.03618050928,-137068.303130869,37934.7075289672,-6999338.73034057,6995739.9060594,47405963.7509347,481171.692469401,198464388070.315,-1059714936.7856,0.0689647695836797,0.0731153409352283,0.943232551493871,-0.0763152256309702,-0.498677689940382
0.274,20.069749578729,19.0451320689277,0.298977858690566,92.9845664427759,-1019.09158651445,-4880.60356698679,-144010.861481323,44930.5114017173,-6852700.57255448,6995691.22028348,245870351.829474,-578543.24422842,199357456107.179,1185317114.40413,0.0697495787289597,0.0766913034638431,0.909484851327946,-0.0884914541556262,-0.495073913558064
0.275,20.0695147257819,19.1356841134896,-0.793249369409583,88.127594065791,-1166.47951332977,-4832.17525701054,-150707.400635278,51926.1109032316,-6507151.49267141,6995705.33559645,445227807.94385,606773.870433904,199505385217.027,-1664848508.10686,0.069514725781886,0.0800569296462381,0.868316160625484,-0.101827880639275,-0.490826741086295
0.276,20.0681128516128,19.2214045657692,-2.03614689459601,83.3225478265223,-1320.35797235279,-4776.75126167911,-156958.687326442,58921.8421510124,-5962170.99211904,6995479.68521283,644733193.166553,-1058074.63749809,199527363185.06,2025629967.62564,0.0681128516128418,0.0831670056191977,0.818988865905725,-0.116446218196599,-0.485886193089913
0.277,20.0653901231781,19.3023488497443,-3.43594937916078,78.5764233719858,-1480.18197600342,-4714.33177162987,-162565.237161447,65917.1304039016,-5217674.11735996,6995434.42555914,844260556.355438,967555.330312193,199479514044.102,-2803570697.41418,0.0653901231780836,0.0859925922682202,0.760415769001645,-0.132404932080651,-0.480202312017662
0.278,20.0611867785153,19.3785793848996,-4.99824674624054,73.8962160882395,-1645.20702848485,-4644.91687956923,-167327.534414955,72912.5813453434,-4273673.80398246,6995000.19554075,1043740070.40136,-1836015.36737943,199345306288.728,3699268977.78413,0.0611867785153208,0.0885184908417422,0.691231605210189,-0.149689038868314,-0.473730023086271
0.279,20.0553378712385,19.4501655860932,-6.72778467051559,69.2889212870278,-1814.48913706934,-4568.50694999227,-171046.113966022,79907.2800780304,-3130261.08043673,6995013.81466226,1243085376.68994,1863253.61007722,199021961164.354,-5161512853.15677,0.0553378712385211,0.0907408890963509,0.609844930875231,-0.168205237095748,-0.466433459230473
0.28,20.0476742145229,19.5171838632526,-8.62826512100423,64.7615338473255,-1986.88490809803,-4485.10206752748,-173521.662031253,86902.3652673558,-1787664.72316461,6994296.31184576,1442107337.85237,-3298259.24365848,197946806199.142,7292221807.63534,0.047674214522857,0.092665196130551,0.514478105195951,-0.187782776519088,-0.458289338031502
0.281,20.0380235244784,19.5797176212054,-10.7021470668733,60.3210486018168,-2161.05180348447,-4394.70279997131,-174555.281951124,93896.2278198811,-246583.98221267,6994644.16350591,1640054144.04813,3993962.56404087,-139506650748.614,-10391359451.1369,0.0380235244783762,0.0943040712696808,0.403201303681159,-0.208179910769864,-0.449289070991689
0.282,20.0262117621629,19.6378572592409,-12.9504504356277,55.9744597695952,-2335.46284784651,-4297.3090173824,-174005.089969771,100891.137071427,1323716.83646116,6993442.44634439,1500547493.2951,-6397396.8869019,-197652687402.468,15179473963.9552,0.026211762162923,0.0956756496504591,0.273964820293198,-0.229095243346976,-0.439439419750236
0.283,20.0120646468411,19.6917001710526,-15.3726343332786,51.728761754419,-2508.56422367774,-4192.92159284241,-171964.041501228,107883.910731656,2725437.98605503,6994634.78643946,1302894805.88765,8782077.07791121,-198602835778.616,-22157278188.3136,0.0120646468410825,0.0968019646303127,0.12463225190891,-0.25018306992928,-0.428761647217226
0.284,19.995409193865,19.741350744148,-17.9666737057821,47.5909480706747,-2678.9566721696,-4081.53982425787,-168620.256584859,114879.243676936,3929031.37405337,6992338.22442321,1104291970.10392,-13375201.1096841,-198853636472.75,32451189813.785,0.00459080613495644,0.09770756471352,0.0469851658714118,-0.271072601807691,-0.41728927388643
0.285,19.9760751110841,19.7869203601283,-20.7292413126301,43.5680129710778,-2845.43664997368,-3963.16528853598,-164172.221498499,121870.30283244,4933896.52592091,6995188.61822042,905438333.626353,19075988.7049673,-198889237415.879,-49683240649.5665,0.0239248889159072,0.0984183205226727,0.243093854770622,-0.291390765933944,-0.405064661356424
0.286,19.9538960022588,19.8285273937285,-23.6559056880792,39.6669490795254,-3006.99930387154,-3837.79628219802,-158818.754012,128866.748904905,5739890.24083932,6989422.9866006,706549096.20627,-30607251.9454095,-198778170540.641,74829426960.6248,0.0461039977412128,0.0989604152502854,0.465883228406116,-0.310786819824259,-0.392134790560717
0.287,19.9287103719015,19.8662972135333,-26.7413299375239,35.8947504238791,-3162.83863700387,-3705.43680511575,-152758.718918148,135853.339836693,6347050.25177527,6996230.44813551,507770925.662255,44222175.0115739,-198475328372.722,-84322768765.5546,0.071289628098512,0.0993595102982407,0.717491741701693,-0.328956418499522,-0.378546627077338
0.288,19.9003624312763,19.900362179539,-29.9794705891196,32.2584074669824,-3312.34747211357,-3566.08149314127,-146190.862424937,142857.62757754,6755583.51325116,6998291.2387643,309295597.287082,-40100593.7554969,-197767057232.998,-196411546996.302,0.0996375687237077,0.0996400761014981,0.999974835649584,-0.345662801800976,-0.364342576478281
0.289,19.8687027055928,19.9308616468504,-33.3637763226045,28.764917861875,-3455.11723380947,-3419.73958719121,-139313.592289248,149803.133261594,6965995.58192174,6859984.87151065,111528540.052527,-236512140.753645,-195867002213.859,-198537714623.73,0.0691383531495653,0.0993818311601644,0.695684033413929,-0.360753076709546,-0.349556380254683
0.29,19.8335884426283,19.9579419456916,-36.8873863384996,25.4212116629673,-3590.93740134266,-3266.55415258886,-132324.476937669,156511.772443624,6979590.62086734,6524203.87344514,-84338462.1620676,-435049855.379474,-188861183744.648,-198932264799.344,0.0420580543084306,0.0990191247970611,0.424746778913954,-0.374168069834677,-0.334210137611893
0.291,19.7948838233608,19.9817562335117,-40.5433278011555,22.2339809790619,-3719.79400859615,-3106.8610753622,-125418.532411841,162785.296011913,6800821.56683294,5989687.885666,-273199645.906753,-633982120.181048,55385926874.0521,-199040806799.482,0.018243766488272,0.0985301480314341,0.185159231491783,-0.38594486619458,-0.318313741723746
0.292,19.7524599766343,20.0024641588444,-44.3247085274676,19.2094827584216,-3841.85535575193,-2941.19489246117,-118745.079680149,168424.819369688,6555314.88436322,5256185.36208521,-217813719.032313,-833022926.982731,179124532605.182,-199014295926.538,0.00246415884443962,0.097891751107559,0.0251722828181112,-0.396211859026366,-0.301867341659161
0.293,19.7061948211541,20.0202313267473,-48.2248514534481,16.353339938796,-3957.35161675428,-2770.28910982728,-112268.817566535,173231.324218961,6427063.43163349,4323655.2871392,-38689186.4266147,-1032037222.91125,178783185428.484,-198851245319.563,0.0202313267472718,0.0970799656179421,0.208398577590068,-0.40517665806693,-0.28486665150698
0.294,19.6559728501429,20.0352285652923,-52.2372664239385,13.6703424416474,-4066.40590150348,-2595.07624963709,-105831.301530543,177005.819020425,6477765.83792112,3192192.44156817,140093999.002224,-1230888468.23237,148286813345.599,-198421717560.314,0.035228565292293,0.0960706647957591,0.366694301191597,-0.413106998915492,-0.267310559883471
0.295,19.6016850134982,20.0476309930519,-56.3555012755961,11.1642481930609,-4168.96879249819,-2416.6877500454,-99258.7742242305,179549.496941617,6692003.24359614,1862093.11455564,288380812.347766,-1429310185.79361,-137888743799.355,-196980921113.814,0.0476309930519427,0.0948403763805678,0.50222273328833,-0.420305092863305,-0.249210271419356
0.296,19.5432287657424,20.0576168876868,-60.57297325454,8.83758434424194,-4264.83924699643,-2236.45363244905,-92445.5620317605,180664.104809757,6911439.68404423,334292.468205129,150492068.547745,-1626291106.90753,-142280509652.615,112493183829.855,0.0576168876868053,0.0933672606364042,0.61709947677677,-0.42707733082449,-0.23059907082509
0.297,19.4805082543038,20.0653663564296,-64.8828782911081,6.69145165492607,-4353.80993552953,-2055.88874270684,-85482.5897317178,180204.00058848,6990791.49776567,-1235752.04678748,8211558.89358996,-1513797923.07684,-11521078466.5475,197135143310.963,0.0653663564295854,0.0916322635677614,0.713355251573017,-0.433702595278423,-0.211541744186394
0.298,19.4134345152819,20.0710598338804,-69.2782641434496,4.72539752172289,-4435.79624096435,-1876.54670383108,-78489.6126342497,178244.205437373,6993242.51742599,-2650982.39820884,-3309519.57418591,-1316662779.76402,7723718601.78603,198472718411.952,0.0710598338803621,0.0896204496290607,0.792897538167672,-0.44040357266763,-0.192142496897078
0.299,19.3419255627841,20.0748765442616,-73.7521397238455,2.9374778832067,-4510.78946210504,-1699.8391636926,-71496.7375901771,174967.970435684,6993794.85715269,-3868408.81876688,4414199.02971775,-1118190061.34921,-6160886246.97803,198882312780.745,0.0748765442615671,0.0873225139261418,0.857471239603779,-0.447324925354934,-0.172549281798024
0.3,19.2659064036426,20.0769930936636,-78.2975117896868,1.32443303603589,-4578.78882327051,-1526.98347591325,-64501.7624478839,170573.613638372,6995128.61305892,-4887157.72372572,-1746687.21858713,-919307748.564695,3757923532.20762,199036754633.628,0.0769930936635674,0.084736474693118,0.908618088519802,-0.454520050922542,-0.152952552684584
0.301,19.1853090386018,20.0775822528792,-82.9073856808765,-0.118114805187059,-4639.79315594631,-1358.9983658965,-57506.8808578453,165259.974832803,6995260.88760643,-5706947.0949736,2011236.31344113,-720270993.926591,-3358875706.01549,199055110698.715,0.0775822528791821,0.0818695463404037,0.947632622228105,-0.46194701607296,-0.133578045149093
0.302,19.1000724633441,20.0768119387029,-87.5747663446278,-1.39546269400557,-4693.80221110746,-1196.70361581369,-50511.1741646996,159226.068092649,6995592.68606686,-6327690.53355083,-1347639.39260019,-521215883.222984,2257165886.6804,198929031637.337,0.0768119387028818,0.0787401901819528,0.975511216386255,-0.469473816178923,-0.114674284999092
0.303,19.0101426688397,20.074844394156,-92.2926582480466,-2.51362795043754,-4740.81571948708,-1040.71997359188,-43515.8791040144,152670.924456092,6995373.6296176,-6749441.90095515,909526.495130276,-322286851.580716,-2222326816.05701,198461234468.339,0.074844394155992,0.0753803370388129,0.99289015008589,-0.476892337339393,-0.0964961007169881
0.304,18.9154726415638,20.071835567734,-97.0540659921046,-3.47914914354793,-4780.83385278542,-891.469215343323,-36520.4210989517,145793.416001758,6995171.99270471,-6972498.13530169,-1312800.32075497,-123825617.107855,1277943189.17045,195333511674.737,0.0718355677339559,0.0718377732755538,0.999969298302309,-0.483939548892236,-0.079285792745198
0.305,18.8160223633646,20.0679346916045,-101.851994237492,-4.29888726552253,-4813.85685344034,-749.174547115703,-29525.6925158756,138791.560643181,6994498.16397853,-6998656.99657218,-34857.1317432629,71507894.5705701,-1686192114.81719,-117710152889.665,0.0679346916045276,0.0681786790370961,0.996421352891924,-0.490323776646101,-0.0632538213262125
0.306,18.7117588111863,20.0632840578144,-106.679448203002,-4.97983047656022,-4839.88537294165,-613.875301578097,-22531.492812482,131809.039235078,6993620.21078938,-6986004.17844644,-1721049.24765919,-46202258.3179512,250485186.186776,73294052409.0945,0.0632840578144283,0.0644903046416059,0.981295687252819,-0.495753435746811,-0.0485609065939223
0.307,18.6026559564347,20.0580189664941,-111.529433788605,-5.52896690684964,-4858.9203320533,-485.563910889844,-15538.6913787853,124812.149602874,6992024.40413482,-6995559.41055984,-1470564.06284907,27091794.0902717,-1822978767.54923,-45807285158.6094,0.0580189664940676,0.0608837682050701,0.952946379709067,-0.499965399493019,-0.0353035189169171
0.308,18.4886947640176,20.0522677283377,-116.394958205413,-5.95328992239821,-4870.96333228139,-364.246934330228,-8547.70608647643,117822.501541832,6989642.35068819,-6991371.25904887,-3293542.83177548,-18715491.0692171,-1476900218.56161,31819414003.2457,0.0522677283377213,0.0574969547060528,0.909052115976135,-0.502750248823902,-0.0235052733223334
0.309,18.3698631907338,20.0461516606134,-121.269030599885,-6.25979134914047,-4876.01682765378,-249.921911857657,-1559.95665724052,110827.075772916,6985610.35774714,-6994177.04311646,-4770443.05111937,13103922.9332076,-3906283926.34763,-21366836245.6906,0.0461516606133507,0.0544974938296497,0.846858403390316,-0.503971988439577,-0.0131155807614911
0.31,18.2461561827491,20.0397850881436,-126.144663368796,-6.45546505133546,-4874.08493696778,-142.590630904145,5422.61743166001,103835.889551891,6978886.77273284,-6991756.5383061,-8676726.9773634,-8262913.31251097,-3749158887.6097,13921398749.0033,0.0397850881435744,0.0520857911280654,0.76383764711864,-0.503580383350067,-0.0040154863507703
0.311,18.1175756713907,20.0332753423862,-131.014874242026,-6.54730325848651,-4865.17447848586,-42.2514167154999,12396.5409810896,96842.3217900532,6968335.46631167,-6993058.75224411,-12425885.8639821,5658485.43647017,3119539264.83489,-9144165527.56515,0.033275342386176,0.0504980843112575,0.658942667628244,-0.501614815438666,0.00396989675944837
0.312,17.9841305662475,20.0267227624638,-135.872689552527,-6.54229886452057,-4849.29571077179,51.094937772303,19359.18342768,89850.5682529391,6957469.3500801,-6991972.34957142,-9306346.59755593,-3485680.09078428,10430789045.1129,5273563569.42766,0.0267227624638089,0.05,0.534455249276178,-0.498199400651297,0.0110536868471507
0.313,17.8458367452015,20.0202206948095,-140.711146394201,-6.44744407262774,-4826.45890911065,137.449158635485,26313.7380693022,82857.7319905837,6953378.3980051,-6992821.24787749,1124442.44934637,1787883.47872481,8179097764.29592,-3382560176.22419,0.0202206948094883,0.05,0.404413896189766,-0.493529954523249,0.0174660218111727
0.314,17.7027170447205,20.0138554935813,-145.523289422867,-6.26973147188884,-4796.66795363955,216.81063704264,33269.0418714927,75865.240924416,6958592.3893366,-6992724.64448688,9303540.21519194,-1594676.6973157,271196238.06505,1671928835.46656,0.0138554935813353,0.05,0.277109871626706,-0.487854143320728,0.0234314640930682
0.315,17.5548012561802,20.0077065202608,-150.302162700265,-6.01615372099488,-4759.91805368353,289.179319529053,40232.3312303099,68871.9975963862,6968031.52767082,-6993483.35676646,9574736.4541528,77252.1381617031,-3440644438.53093,-691057915.315622,0.00770652026080398,0.05,0.15413040521608,-0.481446780612197,0.0291472222096799
0.316,17.4021261302511,20.0018461434709,-155.04080287947,-5.69370398575874,-4716.20025426016,354.554559528372,47204.5766854681,61878.4376893695,6975885.94190571,-6993751.63358595,6134092.0156568,-613805.777062993,-2504519418.72883,3645579.03181371,0.00184614347089962,0.05,0.0369228694179924,-0.474582713188007,0.0347643072033032
0.317,17.2447353853834,19.9963397384269,-159.732237963015,-5.3093758581948,-4665.50681661004,412.936019251973,54183.1122534785,54884.3797604913,6980767.774212,-6994363.6165735,3629572.59623169,-610160.198115771,-1591897583.45381,838967082.896302,0.00366026157306365,0.05,0.073205231461273,-0.467510002534037,0.0403734146842207
0.318,17.082679715424,19.9912456865398,-164.369489624236,-4.87016339475627,-4607.83278186973,464.3231504679,61165.4294977248,47889.8508916657,6983601.39801651,-6994554.29323017,2037675.01178188,228806.884702732,-830771088.444978,-1276762229.59878,0.00875431346022992,0.05,0.175086269204598,-0.46042605519777,0.0459968518014312
0.319,16.9160167946462,19.9866153749229,-168.94557567981,-4.3830610789901,-4543.17524667593,508.71570914916,68149.9112713991,40895.1982081726,6985223.68748407,-6994963.86746026,1206903.92254416,-1047955.34513879,-1574251505.14302,2238425052.02346,0.0133846250770517,0.05,0.267692501541035,-0.45345900383235,0.0515872165525042
0.32,16.7448112807203,19.982493196103,-173.453511729733,-3.85506362305231,-4471.53258800391,546.113344032257,75135.4760355936,33900.0834338815,6985643.46565404,-6994892.61027939,-367347.582901773,1190469.70697897,1061015160.94525,-2836768674.36925,0.0175068038970387,0.05,0.350136077940775,-0.44665607934478,0.0570328764810783
0.321,16.5691348163426,19.9789165477185,-177.886312312272,-3.29316602676827,-4392.90430725108,576.516061374084,82121.1126633163,26905.3132636761,6985806.62565161,-6995120.52490959,693667.578413072,-1646298.96696754,-7143207437.09301,4281690433.71112,0.021083452281534,0.05,0.421669045630679,-0.439980010982153,0.0621696268366354
0.322,16.3890660297998,19.9759158324706,-182.236991792711,-2.70436319509179,-4307.29047329729,599.923718396054,89106.0755881842,19910.0832043548,6982928.68951147,-6994625.97865971,-6449539.85790948,2635391.46784175,16661867445.8969,-5510439071.3966,0.0240841675293559,0.05,0.481683350587119,-0.433313701575846,0.0667973195373413
0.323,16.2046905347077,19.973514458054,-186.498565536647,-2.09565014219626,-4214.69331404318,616.336698241469,96088.5564856743,12915.8565149166,6984810.08337651,-6994745.80672756,10212327.589356,-2875047.60283231,-22671573530.8191,8583874649.47843,0.0264855419459735,0.05,0.52971083891947,-0.426472617521964,0.0706997806521922
0.324,16.0161009283606,19.9717288374444,-190.664050200849,-1.47402135492072,-4115.11159511013,625.755060339923,103074.694137257,5921.10383016196,6983686.62420045,-6993328.91700565,-12459245.9404342,5708827.04675496,-151310521753.387,-12186047233.2714,0.0282711625555656,0.05,0.565423251111312,-0.419223597357007,0.0736660415425034
0.325,15.8233967921507,19.9705683891128,-194.726462281175,-0.846471161162363,-4008.55343880688,628.179943430793,110026.932718195,-1071.4016811931,6895572.11738333,-6993713.11357553,-163769767.693021,-6477220.18779952,-171535207498.554,23842374805.3463,0.0294316108872223,0.05,0.588632217744447,-0.411308135617299,0.075510797808425
0.326,15.6266846766846,19.9700355379313,-198.678861244803,-0.219992608617018,-3895.11316229166,623.611599088343,116812.030750482,-8064.37967572888,6646034.74594103,-6988269.14636065,-335304975.191144,17365154.6156969,-167952089311.896,-43632821609.2204,0.0299644620686799,0.05,0.599289241373597,-0.402467990843813,0.0760921230117779
0.327,15.426078001421,19.9701257159657,-202.514476089903,0.398422449055138,-3775.04099633456,612.054160997527,123262.420993942,-15051.2383817171,6226753.72609394,-6992720.40254957,-503257064.503026,-26267666.9957405,-138360252595.9,76784427988.427,0.0298742840342925,0.05,0.59748568068585,-0.392471280462514,0.0753247405303991
0.328,15.2216968036317,19.9708273654804,-206.226870205498,1.00178508284998,-3648.75483966562,593.505383821044,129214.486145685,-22044.2952131003,5654316.53529296,-6980595.8555511,-641617317.099325,50516760.9921567,76492404916.9674,170938376752.893,0.0291726345195578,0.05,0.583452690391155,-0.381137151581845,0.073187640578465
0.329,15.0136673221098,19.9721219390067,-209.810101512619,1.58310841577756,-3516.81694428838,567.986332572505,134560.742756582,-28971.1429586969,5050945.42065212,-6844609.90618249,-565124912.183127,221455137.745627,152190219982.789,176273783545.346,0.0278780609932596,0.05,0.557561219865192,-0.368356787149123,0.0697253221197592
0.33,14.8021214448735,19.9739839289637,-213.258818539911,2.13547910480247,-3379.81857504777,535.637138591108,139354.490757806,-35675.6463320827,4561915.61846039,-6535017.87666419,-412934692.201386,397728921.292187,161810306113.053,164889376334.005,0.0260160710363024,0.05,0.520321420726049,-0.354108464469536,0.0650429354746233
0.331,14.5871961296578,19.9763810119483,-216.568215407502,2.65220719670148,-3238.24520683343,496.767141864704,143736.907414518,-41984.3181853787,4229886.07931553,-6054844.267205,-251124386.08953,562618297.627699,155112072416.706,92414072982.5114,0.0236189880517372,0.05,0.472379761034745,-0.33846421675337,0.0592967017971118
0.332,14.3690329221659,19.9792743578617,-219.73389635053,3.12699725131184,-3092.42874744062,451.853021848163,147867.083312859,-47742.4509582729,4056317.72943435,-5446018.93308605,-96012313.6740022,655032370.611771,108702453849.136,-112892150325.951,0.0207256421382951,0.05,0.414512842765902,-0.32158633993399,0.0526810877412824
0.333,14.1477776243195,19.9826191029336,-222.751718598018,3.5540977301091,-2942.54497804641,401.492029645343,151893.511961098,-52879.7690644408,4014656.64268491,-4847432.63763725,12690140.1741648,542140220.287281,-112592245554.481,-124184173273.565,0.0173808970663529,0.05,0.347617941327059,-0.303713703689721,0.0454140138945795
0.334,13.9235801160444,19.9863649357532,-225.617648120156,3.92836352409292,-2788.64671408412,346.273726624777,155895.748299611,-57476.8289541467,3971050.66008184,-4367384.50398675,-99902105.3808762,417956047.015005,-163617625549.953,31256285038.593,0.0136350642467562,0.05,0.272701284935124,-0.285139291487485,0.0377210644819438
0.335,13.6965942915924,19.9904566782217,-228.327690644381,4.24518861412987,-2630.78890820633,286.684167104933,159789.578302744,-61630.0260537861,3789339.74192598,-3933800.31445245,-263519730.930793,449212332.054702,-174187880466.393,161221152107.916,0.00954332177830608,0.05,0.190866435566122,-0.266181644225792,0.0298190981361699
0.336,13.4669779935414,19.9948347773079,-230.877965638366,4.5004221955142,-2469.15583781599,223.168827163905,163418.126865794,-65312.3500101932,3438726.07076199,-3403977.40634379,-437707611.396397,610433484.163569,-175817259825.028,179948526965.607,0.0051652226921135,0.05,0.10330445384227,-0.24715419849172,0.021900044962491
0.337,13.234892825727,19.9994357620303,-233.264858994698,4.69039445240645,-2304.09862490236,156.263725219883,166608.69625422,-68381.1192532942,2913109.82945308,-2703569.65869741,-613524871.219781,790382011.130024,-169577906462.565,185260486092.314,0.000564237969690851,0.05,0.011284759393817,-0.228336682320568,0.0141169940183825
0.338,13.0005038015671,20.0041927856877,-235.485194729853,4.81205149947904,-2136.14269362453,86.6702706594223,169186.780663653,-70658.6211587445,2214796.00500201,-1820557.40452123,-783102777.679812,975642497.223129,-125753458176.683,185852242296.66,0.00419278568771375,0.05,0.083855713754275,-0.209951748429659,0.00657506290690983
0.339,12.7639788188697,20.0090363284181,-237.536408577706,4.86313123386537,-1965.98427181523,15.2717217248269,170989.066370119,-71960.3819409381,1368816.49823386,-751988.786149774,-908856235.853118,1161494739.52055,150507521102.652,180549985458.599,0.0090363284181052,0.05,0.180726568362104,-0.192149139078391,-0.000671392460695305
0.34,12.5254879660029,20.0138950807134,-239.416706795034,4.84234733335337,-1794.45600208843,-56.8635492364056,171928.539337276,-72101.5316930845,535214.022932066,499780.946100073,-758348714.746373,1342044724.97986,184053451736.495,64356070520.8007,0.0138950807133753,0.05,0.277901614267506,-0.17499878116411,-0.00761483516828597
0.341,12.2852027021999,20.018697011448,-241.125139389201,4.74957276992589,-1622.37857829821,-128.488834832532,172115.254578124,-70920.0023727412,-131107.965946059,1874003.70634033,-574295263.00527,1406400795.50126,190113007221.768,-185284400870.272,0.0186970114479763,0.05,0.373940228959526,-0.15849295452856,-0.0142843047230397
0.342,12.0432950494126,20.0233706093468,-242.661504536232,4.58599332385451,-1450.41667220486,-198.245155402761,171728.684481879,-68373.6790021288,-610346.725340445,3187762.30140646,-384182255.778638,1221116394.63137,192601701044.786,-193463917196.438,0.0233706093467632,0.05,0.467412186935263,-0.142555872168171,-0.0207300578456554
0.343,11.7999369296224,20.027846227211,-244.02617299323,4.35414189031774,-1279.04916639075,-264.829494851529,170958.346912156,-64607.6024896062,-898228.13059669,4312146.73743961,-191580554.729033,1027652477.43493,193690691351.162,-195838173760.741,0.0278462272109614,0.05,0.556924544219228,-0.127058346748179,-0.0270053392678943
0.344,11.55529968635,20.0320573743852,-245.219899059288,4.05776847221212,-1108.56379319096,-327.117908483354,169996.610286087,-59814.2692090762,-992963.339650141,5241880.12799418,2110136.62659818,831814303.67359,193970196128.858,-196771853787.692,0.0320573743851682,0.05,0.641147487703364,-0.111835676618355,-0.0331485945198168
0.345,11.3095537970758,20.0359418399289,-246.243628336885,3.70165009497514,-939.055230793901,-384.180800738384,169037.030380771,-54189.2772382101,-893868.104959113,5975308.50477392,196080332.759286,635042449.884464,193489180679.593,-197026359706.645,0.0359418399289488,0.05,0.718836798578977,-0.096706906015404,-0.0391689913685871
0.346,11.06286877862,20.0394426220674,-247.098304248083,3.29139535858291,-770.424392361159,-435.28479274759,168273.450638972,-47929.285235112,-601043.181860029,6511837.77480506,389569513.441831,438016090.175307,191693551366.762,-196566319068.458,0.0394426220674191,0.05,0.788852441348382,-0.0814935488511387,-0.0450368544660265
0.347,10.8154132862199,20.0425086615196,-247.78467425948,2.83324784212973,-602.378547829813,-479.893346676996,167899.14113906,-41231.2004683976,-115626.892734816,6851570.70544614,581263064.810501,241449771.103017,185185666313.99,-193157791636.324,0.0425086615196406,0.05,0.850173230392812,-0.0660359542589492,-0.050679905666561
0.348,10.5673554061598,20.0450953780481,-248.303096745382,2.33388927442639,-434.43262689048,-517.66656840562,168105.01005645,-34291.0978426728,558229.005232682,6996441.580731,766448731.125288,48291979.4613004,-67815978849.2647,-96124608676.1121,0.0450953780481171,0.05,0.901907560962343,-0.0502057528286338,-0.0559856096160071
0.349,10.318863140155,20.0471650106432,-248.653352458848,1.80024444182139,-265.923586542259,-548.455401986898,169035.160764104,-27286.5310403239,1290769.74693334,6996671.25585422,698632752.275745,-47832629.2069281,-188211998179.301,86392920574.2295,0.0471650106432051,0.05,0.943300212864102,-0.0339132393238699,-0.0608093161508374
0.35,10.0701050577721,20.0486867708787,-248.834515795453,1.23931061310253,-96.1344442794443,-572.247969799352,170643.878220812,-20299.3772789775,1895296.50011943,6992035.08693442,510420754.095232,38560291.3653047,-193944367899.496,-68530619235.1418,0.0486867708787315,0.05,0.97373541757463,-0.0171092686596085,-0.0649872419026619
0.351,9.82125099835554,20.0496368658388,-248.844992766546,0.65807932943227,75.5340713016293,-589.047758262325,172762.061036663,-13299.4838162329,2308745.07026492,6996330.06868216,316476386.193833,-29970327.8759037,-195811019218.966,57978506466.0667,0.0496368658388491,0.05,0.992737316776982,0.000217296867828071,-0.0683524184346952
0.352,9.57247266486439,20.0499984960536,-248.682681319125,0.0635471186606232,249.495092145249,-598.851656327974,175196.409130155,-6308.47582707751,2527315.94684927,6995348.99403928,120665366.972586,28008178.5933699,-196634403428.201,-54895320632.707,0.0499984960535613,0.05,0.999969921071227,0.0180447533914783,-0.070750993654815
0.353,9.32394403652998,20.0497618575641,-248.345163413988,-0.537292174540303,425.967077043196,-601.660076933482,177751.285359919,691.728036153233,2549664.11210775,6995909.5123163,-75969036.4579082,-26887142.0445397,-196997810424.335,54755735165.4224,0.0497618575640857,0.05,0.995237151281714,0.0363250889338942,-0.0720570139830725
0.354,9.07584158719791,20.0489241419899,-247.829900557273,-1.13744106654328,604.972324711098,-597.472593842695,180230.131985394,7683.31993330847,2375196.17043768,6996400.23785446,-272966846.884171,27868593.1234367,-197071537691.802,-58844316540.706,0.0489241419899216,0.05,0.978482839798431,0.0549911041799535,-0.0721843272156723
0.355,8.82834430757624,20.0474895368496,-247.134430316425,-1.72990526289907,786.33634899335,-586.288880871559,182435.999476108,14683.8470816349,2003693.5547076,6994846.67270755,-470038384.577182,-30975723.4180908,-196874395925.997,66155038689.7317,0.0474895368495929,0.05,0.949790736991858,0.0739634032670645,-0.0710944629405408
0.356,8.58163353073088,20.0454692257424,-246.256563244322,-2.30768715182395,969.687652416477,-568.110016614235,184171.861439207,21674.2317324154,1435217.97216742,6996948.46863432,-666912780.503371,35179315.2742865,-196286862992.262,-83107606630.9323,0.0454692257424227,0.05,0.909384514848455,0.0931565697831525,-0.0687997774238122
0.357,8.33589256059338,20.0428813876741,-245.19457988195,-2.86379312126387,1154.4577920927,-542.934910245213,185240.908543957,28674.9185909154,670161.760167917,6990573.98059314,-863199643.494601,-47928291.3570907,-194835827264.59,109888736655.458,0.0428813876741252,0.05,0.857627753482504,0.112483935100084,-0.0653616235839357
0.358,8.09130610355155,20.0397511972806,-243.947427532244,-3.39122655783591,1339.88179675034,-510.768114015123,185446.9978445,35659.843215273,-290455.79695898,6997590.05756378,-1058035470.75684,61960445.29655,-189983084155.01,-121633930440.009,0.0397511972805944,0.05,0.795023945611888,0.131860493471815,-0.0608837688314485
0.359,7.84805950356735,20.0361108218892,-242.514916313877,-3.88299691717935,1524.9993114897,-471.604217110496,184595.860464803,42668.1411737453,-1443482.80979333,6998733.53764033,-1248018554.90821,-59673485.1444012,88522888615.2137,-197565806614.403,0.0361108218892205,0.05,0.722216437784411,0.151203707804455,-0.0555018001138895
0.36,7.60633778246349,20.0319994250652,-240.897910915708,-4.33210474090663,1708.66911591108,-425.454886657236,182543.122192325,49604.110334378,-2647239.92039394,6840277.14918872,-1159495666.28823,-257239291.760089,190956225552.968,-198994874979.909,0.0319994250651909,0.05,0.639988501303819,0.17043217008571,-0.0493695028143692
0.361,7.36632451026037,20.0274631428268,-239.098458166374,-4.73162990281756,1889.70332537508,-372.4818024165,179347.960476378,56282.6020251902,-3711257.47390569,6483540.41993868,-968539440.729635,-456234166.741363,195028063937.966,-199274712461.19,0.0274631428268037,0.05,0.549262856536075,0.189462516686792,-0.0426439069501456
0.362,7.12820063264725,20.0225549185279,-237.119738134252,-5.07491048455062,2067.04236004382,-313.041772321963,175184.93795943,62504.8129096815,-4582282.88266634,5927668.89696672,-773511376.785545,-655508879.203803,196312222742.979,-199362050195.493,0.0225549185278666,0.05,0.451098370557332,0.208206157473631,-0.0354715798251398
0.363,6.8921434160808,20.0173341458753,-234.96589761275,-5.35574087984321,2239.81541767506,-247.690683195583,170248.618092161,68071.5003586804,-5257638.14808039,5172478.99266517,-577199154.03637,-854870929.400309,196811024287.484,-199362584020.974,0.0173341458753349,0.05,0.346682917506698,0.226567699084139,-0.0279779739927082
0.364,6.65832557734151,20.0118661130257,-232.641856568929,-5.56857101402714,2407.34721729341,-177.183728602989,164735.182204444,72783.3167893086,-5736431.78997302,4217926.77125437,-380388129.743062,-1054233513.42201,196916836754.476,-199282054683.15,0.0118661130257181,0.05,0.237322260514361,0.244445844034053,-0.0202608971618588
0.365,6.42691460833038,20.0062212473877,-230.153112041033,-5.70870568354496,2569.15899044924,-102.475457432456,158841.375822391,76440.9131280713,-6018361.50133884,3064052.23049078,-183471292.983553,-1253515568.10562,196699407013.546,-199051323216.343,0.00622124738769969,0.05,0.124424947753994,0.26173675211263,-0.0123886914086938
0.366,6.19807229732626,20.0004741610767,-227.5055414284,-5.77250389764415,2724.96880278047,-24.7197312555546,152764.061909062,78845.0323539732,-6103483.09081562,1711011.00077699,13228114.0338812,-1452566891.32223,196041165552.199,-198257237109.103,0.000474161076663648,0.05,0.00948322153327297,0.278339518210106,-0.00440324052809251
0.367,5.97195444704679,19.9947024970668,-224.705205657001,-5.7575781200145,2874.69149621136,54.7304513987318,146699.866402856,79796.7170362374,-5992234.39400563,159315.49090021,209269279.588573,-1650824128.4315,194429941412.695,155756560931.084,0.0052975029332174,0.05,0.105950058664348,0.294163210625228,0.00367254775050103
0.368,5.74871078945299,19.9889855767255,-221.75815259352,-5.66299024391261,3018.43822487769,134.33817868237,140844.67163888,79156.5798897436,-5685750.14371071,-1413630.35706575,403699221.002243,-1495067567.50061,189204234060.472,198531820124.764,0.0110144232744638,0.05,0.220288465489276,0.309134765131685,0.0118235751113671
0.369,5.52848509680438,19.9834028772525,-218.670221260346,-5.48937002042609,3156.51518815763,212.547037624787,135392.30514468,77028.5043856149,-5187448.80567823,-2809432.01450398,592903455.062186,-1296535747.37621,-4250074706.34926,199259088924.808,0.0165971227475232,0.05,0.331942454950465,0.323206951422596,0.020029112611763
0.37,5.3114154873134,19.9780324912502,-215.446849825525,-5.23882933114068,3289.41240905525,287.963039173891,130500.599720749,73604.0143455768,-4596670.38796921,-4006338.21741778,588653380.353955,-1097276658.45203,-188317058315.439,199487940479.965,0.0219675087498317,0.05,0.439350174996633,0.33636561998568,0.0282499046172437
0.371,5.09763490690816,19.9729497349793,-212.092930270427,-4.91477606532585,3417.70493593445,359.389316965132,126166.869846571,69082.285789013,-4102175.53677298,-5003870.90562983,400336322.035555,-897788717.973058,-193361462593.863,199582768101.844,0.027050265020705,0.05,0.541005300414099,0.348635352820495,0.0364186826349585
0.372,4.88727168906078,19.9682259515904,-208.612810526159,-4.52171532865998,3541.87938400527,425.828351796947,122232.635560384,63662.7843190802,-3798519.94603435,-5801868.23955196,206974859.438018,-698205949.872634,-194739026693.27,199610496717.126,0.0317740484096234,0.05,0.635480968192468,0.360082033520975,0.044435419178059
0.373,4.68045003351505,19.9639275136186,-205.010440909905,-4.06504999127481,3662.23914127645,486.482151441941,118505.146539621,57545.0815207114,-3688914.59994297,-6400268.94106603,12235832.7407915,-498595453.157389,-194982295594.854,199570963945.893,0.036072486381368,0.05,0.721449727627359,0.370810577615656,0.0521677658367496
0.374,4.47729030915976,19.960115024997,-201.289565129486,-3.55088112232113,3778.89374555938,540.752314706777,114789.852806783,50928.776680391,-3774169.9149996,-6799078.91225047,-182746462.857863,-299024489.213858,-194377449575.67,199348251578.136,0.0398849750030337,0.05,0.797699500060673,0.380957183738452,0.0594565706831487
0.375,4.27790916349509,19.9568427226541,-197.453914720092,-2.98580839725205,3891.7579566047,588.240020693401,110891.913418758,44013.4102321299,-4054105.1026453,-6998429.27567526,-377123912.436771,-99676237.6385822,-192307387658.414,196885334139.543,0.0431572773458839,0.05,0.863145546917679,0.390676757154136,0.0661258755297064
0.376,4.08241943740787,19.9541580776798,-193.50740380702,-2.37673058882985,4000.55195067924,628.745807137156,106617.195128619,36997.9570599919,-4527382.70891128,-6999662.84624408,-569431300.097534,97209096.502496,-184529003784.365,-162732349274.094,0.0458419223201965,0.05,0.916838446403929,0.400126776810803,0.0719963644413461
0.377,3.89092988546605,19.9521015952548,-189.454323086607,-1.73064971940514,4104.80286052862,662.253353775774,101774.341935695,30019.7767037866,-5189078.510901,-6983819.92437862,-753960303.883153,-65523252.7715805,109014568530.96,99458734370.4665,0.0478984047452222,0.05,0.957968094904444,0.409449221713363,0.0769009043399903
0.378,3.70354470385667,19.9507067841106,-185.299528408088,-1.05455234862342,4203.86154543232,688.774444089464,96226.452367607,23019.7716087503,-5888531.53051867,-6999613.80996497,-644945735.352292,33935481.5975262,185366048268.695,-65616808167.6381,0.0492932158893886,0.05,0.985864317787772,0.418752359693594,0.0807003541464082
0.379,3.52036289349062,19.9500001641563,-181.048560386415,-0.355433753907029,4297.04396466451,708.297330673511,90046.34231079,16026.1894048891,-6440794.24173661,-6998486.73245126,-459579687.082648,-31681326.5683565,189592707377.269,60994222023.9753,0.0499998358436606,0.05,0.999996716873213,0.42809444065359,0.0832968237839279
0.38,3.34147759087716,19.950001258441,-176.707584285516,0.359709445118147,4383.8012129364,720.82153791742,83407.3570100746,9022.02771282381,-6805577.57513063,-6999670.94800763,-269986979.703656,29312895.4544586,186868849380.601,-57683461508.9928,0.0499987415590439,0.05,0.999974831180879,0.437472147410658,0.0846426021551461
0.381,3.16697552286803,19.95072259081,-172.28322334922,1.08387612563439,4463.76856953127,726.346212161741,76497.9307533217,2027.39930229119,-6982130.13014398,-6999199.78330767,-83118130.3210163,-28370566.0541196,140566122540.453,55704887699.1777,0.0492774091900401,0.05,0.985548183800802,0.446816385160325,0.0847441537220235
0.382,2.99693664203903,19.9521696861216,-167.782371794537,1.8100687861597,4536.76743911971,724.871604182223,69497.6692451066,-4976.7016160946,-6994965.19919477,-6999717.9055122,57447992.2201543,27334321.6441293,-90763266905.5753,-54160684214.0706,0.0478303138783822,0.05,0.956606277567644,0.455996279168613,0.0836608073650333
0.383,2.83143394580455,19.9543410697297,-163.212019711021,2.53128610740039,4602.77341862782,716.397342639023,62516.3008308704,-11971.7791414882,-6982898.8404274,-6999463.9259751,-33315274.6856333,-26826362.5682039,46880819856.3692,53071438328.538,0.0456589302703101,0.05,0.913178605406202,0.464830919172109,0.0814983255306378
0.384,2.67053344101952,19.9572282673902,-158.579152955913,3.24053030758817,4661.79467086007,700.9235717846,55524.5578230756,-18975.8110090274,-6992773.70518485,-6999754.56937903,13565545.1691481,26245075.7572467,-22056695503.221,-52177720955.617,0.0427717326098467,0.05,0.855434652196934,0.473107238348045,0.0783980341027688
0.385,2.51429414820868,19.9608158053107,-153.890761086999,3.93080000679802,4713.82418372555,678.450083598999,48534.8907745576,-25971.1393273553,-6990236.50776731,-6999598.3540996,-8491150.33428431,-25932645.1942364,13834911602.5755,51495963554.594,0.0391841946892981,0.05,0.783683893785962,0.480601181678853,0.0745226312799248
0.386,2.36276809705044,19.965081210014,-149.153834735809,4.59509726959187,4758.86311750883,648.976968652702,41542.7145102231,-32975.1213434614,-6991810.20230031,-6999783.01751653,5343761.26886826,25563318.3544605,-7794494405.41787,-50917092805.1737,0.0349187899859942,0.05,0.698375799719884,0.487099594233092,0.0700400930584837
0.387,2.21600032636726,19.9699950083715,-144.37536540504,5.22642068789438,4796.91049277379,612.504094808453,34552.2771061561,-39970.6088839368,-6990363.68823415,-6999678.24556467,-2450733.13533536,-25353774.4434732,5185255689.39082,50453796089.1024,0.0300049916285126,0.05,0.600099832570251,0.492420819435545,0.0651072677848692
0.388,2.07402888364291,19.9755207275166,-139.562343893229,5.81777222927349,4827.96739563222,569.031523414554,27561.5522606357,-46974.5550507105,-6990221.79352478,-6999805.12196357,2734522.55469994,25100021.6362585,-2510740206.35518,-50049795931.5989,0.0244792724833864,0.05,0.489585449667729,0.49643197162229,0.059854757014261
0.389,1.93688482579944,19.9816148948686,-134.721760665413,6.36215046975804,4852.03418813528,518.559163731974,20572.2792716872,-53970.1517945135,-6988742.64107326,-6999729.99829313,223782.348462477,-24949774.2844915,1689512429.2112,49715253516.248,0.0183851051313688,0.0501462394344408,0.366629787970537,0.499061260924893,0.05437453921886
0.39,1.80459221974774,19.9882270380731,-129.860605104675,6.8525573106932,4869.11220377951,461.087060111781,13583.9301071932,-60974.0708043652,-6987674.10251019,-6999822.14581946,1913294.77737583,24765479.2187002,-857659343.832937,-49416438067.9877,0.0117729619268871,0.0513386388984087,0.229319712783661,0.500304219019228,0.0487115044497396
0.391,1.6771681435948,19.9952996850197,-124.985865475616,7.28199131853401,4879.20257998185,396.615146796364,6597.06970884805,-67969.7462835892,-6986189.63740473,-6999764.88563479,1055635.43309181,-24650958.8349498,-236336164.451999,49162099597.5459,0.00470031498034373,0.0534876944362288,0.0878765673092851,0.500223304821918,0.0428596757962739
0.392,1.55462268783786,20.002768363799,-120.1045286837,7.64345434734994,4882.30672096376,325.143457997839,-388.631500200507,-74973.6429653778,-6985252.17005386,-6999834.79467093,819299.26815414,24511140.746369,-1070681338.63937,-48929210339.5319,0.0027683637989675,0.0563342172966663,0.0491417815284232,0.498941004682231,0.0367634256664295
0.393,1.43695895669573,20.0105616027171,-115.223580461962,7.9299449583854,4878.42555531668,246.671944108331,-7373.65246750967,-81969.3770580681,-6984968.21145503,-6999788.25909436,-251382.070901672,-24418069.5762269,-894251916.653839,48725950538.8336,0.0105616027171109,0.0596569133890608,0.177039040693104,0.496627180921956,0.0303235070137691
0.394,1.3241730690255,20.0186009302635,-110.350005912169,8.13446497133408,4867.55933958606,161.200633490552,-14358.8954119859,-88973.2533601969,-6985666.71948426,-6999843.35340113,-1145633.98783826,24307880.9444557,-486586652.778573,-48534525354.0134,0.0186009302634957,0.0632693443790617,0.293995938254917,0.493481965855957,0.0234072520229344
0.395,1.21625415855405,20.0268008751235,-105.49079034986,8.25001294609272,4849.70739960113,68.7294874954023,-21345.2160462392,-95969.0318606876,-6987055.64679849,-6999802.73513372,-1632220.64074635,-24226644.3915281,-113525885.138254,48363220160.4167,0.0268008751234703,0.0670168854534667,0.399912274975529,0.489715918260002,0.0158618946956533
0.396,1.11318437322674,20.0350689661539,-100.652920136507,8.26959067760223,4824.86837896481,-30.741468372607,-28333.1067243387,-102972.887381327,-6988744.6303818,-6999847.76944499,-1745746.5258577,24136575.7504499,356278606.941481,-48196388226.1002,0.0350689661539434,0.0707737106454378,0.495508372164234,0.485529404826207,0.00752968191098108
0.397,1.01493887388335,20.0433057323958,-95.8433831714409,8.18619672846569,4793.04062381287,-137.212265058749,-35322.6648482156,-109968.69959427,-6990312.23760419,-6999809.38780764,-1389467.91879214,-24059812.4581084,79686980.7059994,48043164634.3625,0.0433057323957762,0.0744398339032216,0.581754822990034,0.481093223987073,-0.00173671890160778
0.398,0.92148583263836,20.0514047030551,-91.0691689893164,7.99283287676413,4754.22257458858,-250.682877517034,-42313.6585386158,-116972.531694204,-6991661.86203262,-6999847.61794852,-1309780.93781749,23983352.1588976,638415298.299974,-47887575818.9909,0.0514047030550557,0.0779382312938022,0.659556961990534,0.47653234506969,-0.0120600182916005
0.399,0.832786431330475,20.0592524075166,-86.3372685702221,7.68249769257554,4708.41289342316,-371.153331110438,-49305.8688885679,-123968.368898713,-6992652.43532129,-6999808.05369915,-671365.639276013,-23904223.6440636,-239779179.259395,47740800023.5909,0.0592524075165848,0.0812120668937195,0.729601028306879,0.471914309189812,-0.0235266756030734
0.4,0.748794860195535,20.0667283753297,-81.6546740832812,7.24819294439004,4655.6105764322,-498.623598873247,-56298.8969699058,-130972.172264233,-6993443.6905502,-6999841.87733138,-911144.818093117,23836576.3638151,907211746.626181,-47583289498.0531,0.0667283753296672,0.0842220420584789,0.792291111670446,0.467243363466706,-0.0361789414396171
0.401,0.669458316850987,20.0737051362242,-77.02837855968,6.68291721597151,4595.81484356029,-633.09370195052,-63292.6450309079,-137968.026401635,-6993901.22949497,-6999796.94571663,-3933.07107657724,-23746713.1195869,-750029907.320923,47187859777.5523,0.0737051362241559,0.0869438848864609,0.847732262256358,0.462460828410226,-0.0500112997491181
0.402,0.594717005525122,20.0800482201,-72.4653756952473,5.97967227203534,4529.02521600801,-774.563618449839,-70286.6732319236,-144971.832060618,-6994280.17751971,-6999949.7289474,-753962.977554975,23441146.6430109,1450179870.88119,199857574469.759,0.0800482200999681,0.0893659938323925,0.895734682368105,0.457451584254813,-0.064971600915318
0.403,0.524504136559562,20.0856161573716,-67.9726595485412,5.13145872173217,4455.24133745099,-923.023191118461,-77281.0886942876,-151926.751620502,-6994309.05056182,-6876579.79506952,696216.893114026,223298721.108799,-1549541896.85491,199947062896.283,0.0856161573715575,0.0914872465906671,0.935826145852021,0.452055969151186,-0.0809667136259703
0.404,0.458745926072234,20.0902604989593,-63.5572244575089,4.13133702879797,4374.46314570319,-1078.34268505573,-84275.3078933863,-158658.357544537,-6994387.60461714,-6553307.54251258,-853325.004421268,423245784.009187,2606769925.21634,199961613599.303,0.0902604989592639,0.0933149826020341,0.96726695373457,0.446085863145388,-0.0978719003946378
0.405,0.397361595866452,20.0938259523087,-59.2260647108443,2.97259224893935,4286.69061040181,-1240.19882367415,-91269.687698852,-164966.715259448,-6993937.54465894,-6030080.95170375,1753444.91810815,623207397.617887,-3171552304.78545,199965448352.838,0.0938259523086771,0.0948631648431567,0.989066224638462,0.439343341947968,-0.11554202089993
0.406,0.340263373442167,20.0961507048834,-54.9861745539108,1.64893268781973,4191.92411402307,-1408.06837961686,-98263.2771131031,-170651.86493762,-6993769.87589323,-5306890.82990944,-1418107.38735551,823172845.982806,5645703844.15277,199964389126.565,0.0961507048834278,0.096150723984527,0.999999801342118,0.431640052464275,-0.133822756411345
0.407,0.287356492322998,20.0970669474799,-50.8445477187901,0.154689859453302,4090.16395085801,-1581.22816264643,-105256.81509205,-175513.841946352,-6992365.13135851,-4383735.78936335,4227596.45735698,1023137235.12178,-8317613895.49765,199958440289.36,0.097066947479945,0.0972000855396868,0.998630268080501,0.422815418390635,-0.152560643960433
0.408,0.238539192453889,20.0964015971582,-46.8081774628241,-1.51498154951049,3981.41131123198,-1758.75501801428,-112248.452694162,-179352.682711441,-6992296.34184891,-3260619.33409689,-4090017.43385656,1223095675.42182,21309228316.6606,199943014816.347,0.0964015971582199,0.0980358783347416,0.983329764528233,0.412751917248353,-0.171610956842325
0.409,0.1937027212227,20.0939772206559,-42.8840557534981,-3.3639037167125,3865.66691658138,-1939.52583015575,-119239.242506675,-181968.430372026,-6985731.74512443,-1937552.15126689,17219210.8865493,1423038690.24546,-48844613535.2408,199892096643.129,0.0939772206558622,0.0986838204703545,0.952306266700465,0.401385984565151,-0.190842691751376
0.41,0.152731334725543,20.0896131574162,-39.0791724363613,-5.39467572819132,3742.93564287799,-2122.21753465228,-126224.505415278,-183161.14782873,-6992934.8410055,-414567.412699866,-31625402.6423822,1622930786.89124,150980391811.942,-93377167058.9313,0.0896131574162169,0.0991697770091792,0.903633749301688,0.388713535620369,-0.210140213599531
0.411,0.115502301268553,20.0831268422427,-35.4005145948829,-7.60847608721526,3613.21568999112,-2305.31936843953,-133208.089558969,-182779.812709161,-6949070.04774191,1161674.79066192,119354989.171544,1529553619.82959,183040633240.655,-199894191539.857,0.0831268422427378,0.0995189818272542,0.835286301331237,0.374789654029043,-0.229401443889693
0.412,0.0818859048763053,20.0743353040999,-31.855054629547,-10.0049296838268,3476.56058459933,-2487.27174707613,-140066.975339918,-180886.676807174,-6738194.74195004,2591281.31472159,302395622.412006,1329659428.28142,185556081414.276,-199945095989.187,0.074335304099872,0.0997554145677725,0.745175632039197,0.359722529110326,-0.248533040729563
0.413,0.0517455080643709,20.0630567095948,-28.4496364189549,-12.5821591527556,3333.18264266216,-2666.64950436835,-146623.046257093,-177663.889960976,-6343021.07883089,3820968.19500843,487951703.824487,1129714332.27866,183058993056.243,-199960659900.746,0.0630567095948109,0.0999013220104242,0.631189941492779,0.34366288089194,-0.26744435668726
0.414,0.0249377658219757,20.049111783444,-25.190800612788,-15.3369583689523,3183.47703860773,-2842.22295620539,-152691.581651835,-173311.391376477,-5763539.87847828,4850702.19733672,671010696.877896,929753672.359996,175235083578.016,-199966859344.933,0.0491117834440367,0.0999768729013573,0.491231442020527,0.326790851168406,-0.28604240733421
0.415,0.00131302082082944,20.0323250380068,-22.084600535915,-18.2649914971427,3028.0228235948,-3012.9623694917,-158090.41033461,-168029.140152849,-5004911.63981137,5680472.44002425,846245780.452589,729786812.994286,154972324076.288,-199968330042.405,0.0323250380068174,0.0999999353774081,0.323250588961083,0.309301959149501,-0.304228987267125
0.416,-0.0192841179740712,20.0125258030173,-19.1364205177521,-21.3609929499687,2867.57745558415,-3178.03797430416,-162646.370363516,-162017.102361332,-4081179.69732064,6310275.08799734,1001218104.52556,529818482.930316,98083778906.1344,-199965179629.231,0.0229950635412672,0.1,0.229950635412672,0.291393520645347,-0.32190027356677
0.417,-0.0370140190602305,19.9895490553543,-16.3508039091826,-24.6189673536278,2703.06145188054,-3336.81996792479,-166210.593712089,-155475.245561804,-3030919.70334201,6740110.98111303,1099301883.4288,329853303.281359,7970722758.51736,-199951708565.001,0.0370140190602305,0.0999959184342958,0.370155298734031,0.273252789866371,-0.33894892577533
0.418,-0.0520411111238561,19.9632360488437,-13.7313070367777,-28.0323895149993,2535.51894741118,-3488.8785137679,-168690.534019923,-148603.533213808,-1927632.45853395,6969988.43011188,1107272606.18512,129901594.701633,9299164.05439536,-199850211873.856,0.0520411111238561,0.099949936567565,0.520671777402049,0.255047794089487,-0.35526844698356
0.419,-0.0645328448650292,19.9334347440964,-11.2804084920214,-31.5944043836439,2366.04914298419,-3633.98372959414,-170064.528625504,-141601.902354987,-820355.202766806,6999964.91887657,1107281905.34782,-69948617.1782807,40941195674.3919,135004897126.413,0.0645328448650292,0.0998375268291003,0.646378640523569,0.236921328430385,-0.370759353555313
0.42,-0.074658597769281,19.9000000388596,-8.99948186130008,-35.2980241932737,2195.76068962501,-3772.09168238952,-170324.419342984,-134614.410928507,307397.300418207,6997518.75026148,1148223101.0217,65056279.9561014,56036680234.9481,-125271146903.615,0.074658597769281,0.0996375002768746,0.749302196078969,0.218988034471687,-0.385336526027802
0.421,-0.0825885642327808,19.8627938250162,-6.88878383886834,-39.1362551614401,2025.78367431099,-3903.20171086159,-169433.57104535,-127605.242562746,1483638.74155738,6999939.45676579,1204259781.25686,-60214866.9584721,-12797836502.0126,119556118269.883,0.0825885642327808,0.0993263297026667,0.831487124109081,0.201334396557334,-0.39893675531476
0.422,-0.0884926233253613,19.8216849927821,-4.94741960612193,-43.1020943498452,1857.29209935691,-4027.31203800301,-167349.935385915,-120615.484519743,2681499.60456323,6999502.64894222,1191461944.75554,59341251.3279666,-127933253541.39,-117800736759.271,0.0884926233253613,0.0988785127711064,0.894963130465085,0.184021694929389,-0.411524578516828
0.423,-0.0925391670557535,19.7765494318041,-3.17330697972874,-47.1885460556371,1691.47616021184,-4144.4227893545,-164094.027017897,-113605.944701258,3808994.92254807,6999943.53189059,1063528691.21502,-58459485.4510103,-166651651186.89,116439926176.61,0.0925391670557535,0.0982670806567811,0.941710758447852,0.167091757725762,-0.423095369743736
0.424,-0.0948939176188486,19.7272700313633,-1.56320007561683,-51.3886066257461,1529.45694161817,-4254.53365387448,-159781.04302494,-106615.824257724,4789197.78816965,6999704.00952783,896877040.028873,57980440.7497482,-179900790527.418,-115475961386.141,0.0948939176188486,0.0974642649227388,0.973627797778727,0.150574639657713,-0.433675403454613
0.425,-0.0957188126218562,19.6737366805784,-0.112799585187142,-55.6952801210392,1372.21248112749,-4357.64477421969,-154573.390181844,-99606.3760213794,5596124.43293481,6999946.46958456,716976249.50176,-57495520.6625713,-185185268490.889,114654430958.89,0.0957188126218562,0.0964423342079322,0.992497883921846,0.134496687942442,-0.443318910967726
0.426,-0.0951710293072097,19.6158462683469,1.183087219043,-60.1015628658911,1220.54893315052,-4453.7559823257,-148649.641835574,-92616.0682402932,6220508.04819113,6999778.16440136,531790981.010513,57158910.3261508,-186742689141.465,-113977145200.718,0.0951710293072097,0.0951746108570542,0.999962368642096,0.118887515758711,-0.452102456396944
0.427,-0.0934021792022494,19.5535026834487,2.33036868437408,-64.6004588210013,1075.09039622344,-4542.86738404704,-142194.362078401,-85606.7068115889,6658927.68463091,6999948.50212723,345048291.867912,-56818234.9055256,-184518238857.586,113368700704.315,0.0934021792022494,0.0936366759829623,0.99749567380248,0.103784913015141,-0.460117209212693
0.428,-0.0905576843067645,19.4866168144944,3.33548456018847,-69.1849643232246,936.275317775639,-4624.97886261809,-135393.663287645,-78616.2726434568,6911716.85707003,6999814.61757377,160530053.008449,56550465.8327108,-165509366316.84,-112830569459.029,0.0905576843067645,0.0918077695648588,0.986383665957474,0.0892371344037574,-0.467459893701979
0.429,-0.0867763386032291,19.415106549996,4.20522030862716,-73.8480832705436,804.35737170137,-4700.09050414938,-128429.266298457,-71606.9878878695,6989492.22692005,6999949.79867705,-4979313.31081847,-56280103.6605589,249706501.98409,112329775985.759,0.0867763386032291,0.0896723901141641,0.967704089215778,0.0753023382902762,-0.474223310300464
0.43,-0.0821900532998322,19.3388967783216,4.94652775715049,-78.5828120194202,679.422032034915,-4768.20221674837,-121442.222110441,-64616.4565116845,6984637.76686022,6999834.58300928,-4729606.80926065,56049672.3617937,9246301542.10657,-111867524840.511,0.0821900532998322,0.0872220961518211,0.942307705570042,0.0620452820650647,-0.480487357722836
0.431,-0.0769237638980674,19.2579193877506,5.56639266440142,-83.3821544223105,561.471725802407,-4829.31407550383,-114458.408096728,-57607.2416799602,6984531.31082201,6999950.4929509,4516694.734031,-55817852.5149297,-4879158416.6935,111426193119.796,0.0769237638980674,0.0844575092980499,0.910798394807074,0.0495318434676501,-0.486311421628037
0.432,-0.071095420720164,19.1721132664325,6.07179942223508,-88.2391068575847,450.506132845128,-4883.42600215511,-107472.431631608,-50616.6290810725,6986608.4263477,6999845.73699577,-362463.682355065,55608340.6429201,1087798149.8769,-111006761519.913,0.071095420720164,0.0813905161506727,0.87350988889848,0.0378226905070435,-0.491728854275927
0.433,-0.064815989197318,19.0814243024332,6.46973376795697,-93.1466731415166,346.526990340979,-4930.53806559301,-100485.823137409,-43607.4803006674,6986789.86174028,6999950.69687882,725334.46861656,-55398420.9140835,-1803996914.53454,110598545103.025,0.064815989197318,0.0780466633866316,0.830477388587764,0.0269674423048879,-0.496744055043941
0.434,-0.058189448452643,18.9858053836968,6.76718232688832,-98.0978496755704,249.534607857082,-4970.65019534297,-93498.9712745863,-36616.7957233871,6986613.19775163,6999851.54851615,-1078662.44460538,55200124.2274571,1227953379.89463,-110202344381.926,0.058189448452643,0.0744677376390361,0.781404810962594,0.0169999941588989,-0.501332404218139
0.435,-0.0513127908831501,18.8852163980864,6.97113184992356,-103.085640245342,159.528814569242,-5003.76245703595,-86512.6927491597,-29607.7111701462,6986148.51199697,6999950.50055273,149290.935804602,-55002220.1915604,-6140930029.11627,109810942584.456,0.0513127908831501,0.0707145187476331,0.725633035364008,0.00793542081379084,-0.505443020036561
0.436,-0.044276022326874,18.7796242333475,7.08856863124406,-108.103041276354,76.5089650861355,-5029.8747845367,-79527.4930800326,-22616.959955917,6983227.33791821,6999853.7516533,-5991639.09440527,54808722.4310764,13875229813.7579,-109425022119.878,0.044276022326874,0.0668696919325724,0.662123916639535,-0.000231256532451977,-0.50900403631227
0.437,-0.037162162859163,18.6690027771456,7.12647758698357,-113.143056526892,0.47266520350672,-5048.98724220566,-72544.9490233589,-15607.9393467267,6984173.31373069,6999949.96302452,7883590.71607428,-54616299.7252137,-15015137226.1171,109038935819.562,0.037162162859163,0.0630409013705477,0.589492885590701,-0.00752434325624942,-0.511929855045502
0.438,-0.0300472487133931,18.5533329170299,7.09184200991359,-118.198682447599,-68.5795088615015,-5061.09976599844,-65559.336437141,-8617.12437758668,6984549.33583371,6999853.13120899,-7131546.51401792,54422636.1315795,-150529205599.209,-108653309156.316,0.0300472487133931,0.0593639245403059,0.506153340535835,-0.013984884335898,-0.514129644575341
0.439,-0.0230003322606332,18.4326025404698,6.99164537282809,-123.262922771563,-130.654031271633,-5066.21242059211,-58603.4410754976,-1608.16881316318,6902153.18652008,6999949.1127625,-157660752.115363,-54230673.0599591,-172437107855.685,108265284955.977,0.0230003322606332,0.0560059436223355,0.410676631318475,-0.0196664624876234,-0.515516240370872
0.44,-0.0160834951082802,18.3068065348175,6.83283197370629,-128.328773975904,-185.839857425015,-5064.32514224061,-51808.8577830113,5382.70917723669,6658273.88047687,6999851.08218044,-330097859.971506,54034611.9318362,-169535387130.115,-107874998091.999,0.0160834951082802,0.0531688871706937,0.302498245950599,-0.0246299574897135,-0.516014578299137
0.441,-0.0093519434321598,18.1759467873443,6.62218223282851,-133.389239769349,-234.381658551954,-5055.43799654489,-45343.8887303755,12391.5983990423,6243408.32694031,6999948.19506635,-499633247.100571,-53840386.1938209,-138118926853.764,107479324352.033,0.0093519434321598,0.0510928122922639,0.183038337734558,-0.0289384619402338,-0.515568845176914
0.442,-0.00285425355786365,18.0400321852029,6.36614722892121,-138.437316656471,-276.692870281801,-5039.55091914044,-39373.3168481282,19382.5396217448,5674715.61641285,6999847.47104846,-637752173.952066,53638938.1922717,117811775685.56,-107078939079.986,0.00285425355786365,0.0500592946617881,0.0570174545436094,-0.0326535069492676,-0.514147667753339
0.443,0.00336721631091318,17.8990786154635,6.07068789490798,-143.466008322041,-313.330212526648,-5016.66397758216,-33997.8420227442,26391.3600720504,5095869.33030356,6999946.93970082,-519940398.263402,-53440000.9195252,168759170050.039,106668194048.368,0.00336721631091318,0.05,0.0673443262182635,-0.0358331028664958,-0.511746859157263
0.444,0.00927578102095565,17.7531089650746,5.74118781506784,-148.468311299643,-344.859744985238,-4986.77710619852,-29133.8163632312,33382.3650436402,4660308.51706518,6999841.03580539,-351181228.209866,53228193.1608753,177963420323.109,-106247781680.02,0.00927578102095565,0.05,0.185515620419113,-0.0385314428335426,-0.508389486874854
0.445,0.0148398748266155,17.6021531209001,5.38252473046481,-153.437229250814,-371.714522152273,-4949.89037626185,-24619.4378902175,40391.1122124199,4398108.99901687,6999945.33812633,-173217807.88332,-53019588.5488744,179639578809.977,105811254606.044,0.0148398748266155,0.05,0.296797496532309,-0.0407990630297344,-0.50412328835072
0.446,0.0200326211158783,17.4462479696774,4.99922778712272,-158.36575874091,-394.15629019542,-4906.00371917567,-20277.997865341,47382.1829653798,4314710.98053854,6999831.3768804,6421770.92960962,52791666.0869426,176469167742.911,-105359398584.065,0.0200326211158783,0.05,0.400652422317565,-0.0426821561677975,-0.499015719503416
0.447,0.0248315711687916,17.2854373980554,4.59565335464318,-163.246903408486,-412.268509393653,-4855.11721188526,-15930.6644713808,54390.8502755465,4409367.3353396,6999943.34367537,182890938.674642,-52567732.52454,162574364971.489,104883221140.857,0.0248315711687916,0.05,0.496631423375831,-0.0442206717483419,-0.49314714655671
0.448,0.029218620630486,17.1197722925493,4.17616338281414,-168.073659854406,-425.957234442717,-4797.23078109189,-11402.7559392088,61381.990289823,4673545.45649999,6999817.22172119,345465303.647175,52315488.6435748,26382948162.2482,-104383732838.706,0.029218620630486,0.05,0.58437241260972,-0.0454453186368546,-0.48660286749501
0.449,0.033180102582304,16.9493105395808,3.74529830889303,-172.839031694299,-434.964540813897,-4732.34451226478,-6552.08067285817,68390.5679670659,5032202.23422829,6999940.84394547,371848251.809268,-52068244.2199446,-163169940026.988,103846490049.074,0.033180102582304,0.05,0.66360205164608,-0.0463737861944205,-0.479464752947216
0.45,0.0367070391535179,16.7741170254276,3.30791056204628,-177.53601556999,-438.945344408807,-4660.45832497883,-1361.14930272962,75381.7824372491,5322465.51602406,6999795.84475,208678311.780939,51778245.853514,-180960142504.051,-103272866827.852,0.0367070391535179,0.05,0.734140783070358,-0.0470067375201999,-0.471803325376114
0.451,0.039795473441165,16.5942636362665,2.86917890750477,-182.15761507438,-437.618021241065,-4581.57231794714,4035.49534543449,82390.2552604605,5440663.75655298,6999937.65718964,27718169.2745003,-51494620.9960956,-186482117608.993,102637195578.63,0.039795473441165,0.05,0.795909468823299,-0.0473247293114604,-0.463671040510581
0.452,0.0424467425858909,16.4098292581145,2.43448501214008,-186.696826898808,-430.865344410852,-4495.68639974453,9458.93783369023,89381.5518064209,5375140.86702298,6999761.6339828,-158763948.337669,51142574.6034507,-188702528252.803,-101941354177.621,0.0424467425858909,0.05,0.848934851717818,-0.0472876996473379,-0.455097410750298
0.453,0.0446675937935361,16.2208997768772,2.00923680577713,-191.146654614365,-418.753159407092,-4402.80069091452,14723.2463051693,96389.8945020147,5122025.65455891,6999933.53149748,-347466476.594095,-50798779.5920732,-189370299165.027,101133989816.256,0.0446675937935361,0.05,0.893351875870722,-0.046837995753481,-0.446086420580547
0.454,0.0464701181521662,16.0275680782755,1.59868288461544,-195.500094976353,-401.534701783142,-4302.91508219314,19639.9770049041,103381.284308691,4679874.0283823,6999701.74681349,-536836775.762795,50335210.2405078,-188855509387.642,-100217637377.03,0.0464701181521662,0.05,0.929402363043324,-0.0459068475253679,-0.436616458302803
0.455,0.0478714972732401,15.8299340479013,1.20772420835126,-199.750151537358,-379.6521295394,-4196.02973354354,24019.9567271741,110389.450721067,4048609.49792568,6999928.13836552,-725692285.153757,-49882427.1489797,-186800205246.748,99066480541.687,0.0478714972732401,0.05,0.957429945464802,-0.044423662405173,-0.42664273757632
0.456,0.0488935611272339,15.6281045711193,0.840725031585421,-203.889821143806,-353.736600119094,-4082.14450472039,27674.586714982,117380.948725953,3229517.11014855,6999578.95148735,-912492490.403101,49184053.4024444,-181334196717.319,-97683908085.6714,0.0488935611272339,0.05,0.977871222544678,-0.0423272180634081,-0.416101944167613
0.457,0.0495621569964471,15.4221935331326,0.50132444604444,-207.91210734244,-324.606892521997,-3961.25963933849,30417.6352138097,124388.839052798,2226357.52138679,6999921.05084697,-1093826687.12199,-48499854.688195,-160914348356.625,95593466512.5907,0.0495621569964471,0.05,0.991243139928943,-0.0395776411617439,-0.404918625712277
0.458,0.0499063310284927,15.2123218188304,0.192250513658918,-211.810007133026,-293.265087759531,-3833.37494000741,32070.2603335761,131380.442420724,1052073.66008648,6999217.92941506,-1254741035.47896,47093611.8267083,116786152923.244,-92799621453.5535,0.0499063310284927,0.05,0.998126620569854,-0.036167982700161,-0.393012684201138
0.459,0.0499573275942503,14.9986173128601,-0.0848554059811595,-215.576524126662,-260.873048011792,-3698.49090633664,32514.4278347437,138387.74055248,-144274.298930861,6999911.73051499,-1137954882.55475,-45706009.6268935,176445492131.216,60713149084.2372,0.0499573275942503,0.05,0.999146551885005,-0.0321342183297767,-0.380307224949583
0.46,0.0497474394867702,14.7812148992648,-0.329541230198879,-219.204655909303,-228.613064577807,-3556.60829787165,31830.5836765571,145374.918136366,-1194006.43542001,6984562.29543021,-961509390.421302,15007139.4572452,185827920595.559,660850500.941812,0.0497474394867702,0.05,0.994948789735404,-0.0275623975776103,-0.366735999853949
0.461,0.0493088393171606,14.5602564595037,-0.542476518335599,-222.687412023643,-197.531992853774,-3407.73856986119,30186.7938660255,152367.094143278,-2062601.86554353,6999899.86013792,-775681469.822393,15667989.959196,189261410015.949,-31428380714.2035,0.0493088393171606,0.05,0.986176786343212,-0.0225910148467294,-0.352249738211628
0.462,0.0486725357920327,14.3358908644549,-0.72528962411627,-226.017800005581,-168.497894273257,-3251.87022397098,27767.8948339064,159369.589934945,-2743652.63035795,6999853.65974002,-586420059.802237,-15760390.7557112,190761507744.33,-199753390190.86,0.0486725357920327,0.05,0.973450715840655,-0.0174070330732505,-0.336820804965675
0.463,0.0478675062626558,14.1082739821822,-0.880383690900482,-229.188821113653,-142.191614034954,-3089.01165699479,24762.825758271,166328.271167611,-3234691.93628802,6884216.57388888,-395658552.053178,-215513780.950661,191296432424.401,-199872564868.962,0.0478675062626558,0.05,0.957350125253115,-0.0122355279990216,-0.320445543291861
0.464,0.0469200160921821,13.8775686613821,-1.01074789901474,-232.193531911028,-119.104106652198,-2919.28552452616,21362.1872846934,173071.418756882,-3534702.272129,6568766.51050374,-204362119.623899,-415386345.825024,191147071443.343,-199884400953.781,0.0469200160921821,0.05,0.938400321843642,-0.00732393697674383,-0.303144492904046
0.465,0.045853127787683,13.6439446018994,-1.11976695126572,-235.02520590527,-99.5353663956677,-2743.00728208726,17757.1617979927,179399.178027648,-3643490.85603123,6053437.96420182,-13215048.1759068,-615270746.783878,190306287138.842,-199860163091.525,0.045853127787683,0.05,0.91706255575366,-0.00292248331909784,-0.284961351458163
0.466,0.0446864010223319,13.4075780390325,-1.21102994997944,-237.67753199384,-83.5942231053052,-2560.69225770767,14138.7811323964,185111.670591277,-3561552.76063771,5338237.13587218,177091238.967009,-815130909.878957,188499693909.504,-199752648882.987,0.0446864010223319,0.05,0.893728020446639,0.000737282776459662,-0.265961507647747
0.467,0.0434357837639214,13.168651228206,-1.28813942501271,-240.144814338494,-71.1988489930915,-2373.05564672605,10697.1906068936,190009.050164063,-3290211.67471595,4423229.90155172,365590932.879731,-1014883558.76323,184918970879.101,-161124848671.243,0.0434357837639214,0.05,0.868715675278429,0.00346371788251743,-0.246230424548455
0.468,0.0421136939908412,12.927351729834,-1.35452127336769,-242.42217188471,-62.0781274445885,-2181.01084240529,7620.59422709723,193897.984144788,-2832161.25639666,3327783.91845287,550509903.761002,-1176008407.43317,176997271307.701,199761873611.613,0.0421136939908412,0.05,0.842273879816823,0.00512402584242883,-0.225872034049779
0.469,0.040729290579534,12.6838714979885,-1.41323671768475,-244.50572644009,-55.7744873090559,-1985.63664429006,5093.18746779903,196671.057505125,-2193152.71698181,2251656.4478255,727507175.069742,-976246533.817796,151911184769.575,199873535138.19,0.040729290579534,0.05,0.81458581159068,0.00565907753813602,-0.205007263065222
0.47,0.0392889303750042,12.4384058176918,-1.46679855798714,-246.392691290906,-51.6502953714714,-1787.99413825165,3289.10686914714,198467.902941897,-1389689.94952728,1375346.6815768,879418359.839253,-776372998.673925,-52143524000.357,199903651137.018,0.0392889303750042,0.05,0.785778607500084,0.0050926906981088,-0.183772395804419
0.471,0.0377968042061696,12.1911522584243,-1.51699970701326,-248.081252936276,-48.9116363974933,-1588.95962814892,2330.43551220631,199488.380399325,-536343.351688204,698925.508471381,827274835.837863,-576469347.530274,-156024886508.672,199908082987.531,0.0377968042061696,0.05,0.755936084123391,0.00353446570831546,-0.162315802771701
0.472,0.0362557214165322,11.9423097983277,-1.56480234663578,-249.570374240317,-46.7179944588998,-1389.20953371547,2181.72543068586,199932.389247861,212919.040895324,222410.202434874,671249949.327413,-376561264.536534,-171424458614.948,199884617983.952,0.0362557214165322,0.05,0.725114428330644,0.00117568524495508,-0.140791874384006
0.473,0.0346679379208959,11.6920781477868,-1.61036745166177,-250.859594535407,-44.3250772020382,-1189.22037105037,2701.6987031427,199999.832921023,798456.760915264,-54208.7531096792,499825490.710234,-176676646.548586,-176245845223.41,199758587186.144,0.0346679379208959,0.05,0.693358758417918,-0.00172225870629884,-0.119352505323496
0.474,0.033035895403243,11.4406572729125,-1.65318924603868,-251.948829721676,-41.1481894468318,-989.26876533816,3720.69390187614,199890.578942504,1210159.32901379,-131006.106065191,323579645.484465,23081940.639033,-177317589541.226,199100509396.668,0.033035895403243,0.05,0.660717908064861,-0.00484697825823051,-0.0981369834737706
0.475,0.0313628050516916,11.1882471189096,-1.69226339047444,-252.838172410987,-36.7758741723101,-789.431546602969,5063.09012204222,199804.297224992,1445080.17972764,-8373.91072782319,146262055.941079,222182450.035837,-175934611938.879,-184104594106.438,0.0313628050516916,0.05,0.627256101033831,-0.00786043734099183,-0.0772612870710193
0.476,0.0296530587586859,10.9350475326832,-1.72626224475858,-253.52769548124,-30.9731975597191,-589.602076948678,6551.97889441745,199876.330440265,1503374.92969928,121756.242254795,-29672555.9994666,38077855.9289601,-171821639338.096,-193808768800.514,0.0296530587586859,0.05,0.593061175173718,-0.0104281561566326,-0.056807844924196
0.477,0.0279124640663679,10.6812583540012,-1.75371155858635,-254.017339128762,-23.6816358611826,-389.666597442225,8011.88060622742,199984.824149017,1387791.55403077,62929.7137834985,-201494195.338501,-155730912.872221,-163142102325.438,173141876848.005,0.0279124640663679,0.05,0.558249281327358,-0.0122494195124383,-0.0368170499113705
0.478,0.0261483029222555,10.4270795139372,-1.77316571066115,-254.307007871785,-15.0162394311597,-189.669049342457,9271.73471220136,199998.74538584,1104726.30752955,-6230.26066472124,-364636297.663997,17410963.9755084,-143941203265.212,-15066879856.7814,0.0261483029222555,0.05,0.522966058445111,-0.0130855373362383,-0.0172828988865073
0.479,0.0243692171727312,10.1727110045243,-1.78337835437413,-254.396677986909,-5.25891183134176,10.3288549548818,10170.1526703546,199998.70946052,668119.408232942,3647.2633823953,-508577500.928332,2344084.11942387,-91364892005.0583,-156051395435.825,0.0243692171727312,0.05,0.487384343454625,-0.0127834041567383,0.0018455482939094
0.48,0.0225849278611772,9.91835282403258,-1.783462788739,-254.2863503721,5.15673075604534,210.32327658749,10568.7558461223,199977.520200056,113859.461302081,-72034.3502160938,-599942392.931624,-153707311.314928,44731353213.2204,195048886034.239,0.0225849278611772,0.05,0.451698557223543,-0.0112920557011049,0.0206581209930716
0.481,0.0208058047038971,9.66420496086876,-1.77302732832155,-253.976055120193,15.684289740568,410.24728876534,10390.0993364939,199861.140341854,-463717.255022934,-128217.218513903,-555211039.715889,41341574.7211484,114416505601.086,190384550859.566,0.0208058047038971,0.05,0.416116094077941,-0.00867054004857995,0.0392741568095976
0.482,0.01904232741429,9.41046733484427,-1.75224745544448,-253.465895321678,25.7547626307842,610.059143451223,9667.84597921282,199785.324669176,-961720.04193828,8316.63163702943,-440794534.111756,231726125.582307,135007317382.565,-199097007699.087,0.01904232741429,0.05,0.380846548285799,-0.00508604027188751,0.0578299531584096
0.483,0.0173045250903972,9.15733976864419,-1.72183629787582,-252.755934133658,34.8739081382752,809.878951749706,8508.22988978206,199876.321528986,-1335010.91735875,140494.253369795,-305787216.725886,32629117.8834799,140920466145.968,-199763010638.896,0.0173045250903972,0.05,0.346090501807944,-0.000801714044229122,0.0764650214991029
0.484,0.0156014858069644,8.90502209254976,-1.68294234340918,-251.846093910562,42.669539719307,1009.82263513412,7043.81210841767,199999.836506189,-1570337.90101165,73241.8659338318,-164866750.576654,-167133892.758059,139278302803.354,-199887114186.974,0.0156014858069644,0.05,0.312029716139288,0.00384533421930381,0.0953094953275731
0.485,0.0139409855909226,8.6537142446389,-1.63701832941474,-250.736267779813,48.9065083479577,1209.82290829591,5414.2538825846,199956.196906715,-1665565.50018663,-193835.583917713,-25588447.7703752,-367021006.950386,130864913740.995,-199910222917.121,0.0139409855909226,0.05,0.278819711818452,0.00847416073159694,0.114472561381221
0.486,0.0123292534613012,8.40361620292811,-1.58568226402007,-249.42651603743,53.4891674437145,1409.61268765138,3757.70497746937,199545.532448837,-1625721.49108651,-660811.702326659,105276465.972941,-566931229.873608,113264044328.637,-199906011679.745,0.0123292534613012,0.05,0.246585069226023,0.0126953017741917,0.134031437989822
0.487,0.010770875361399,8.15492771828206,-1.53057986728319,-247.917266006828,56.4562770882591,1608.72499629471,2203.49906009062,198567.937462961,-1463813.00294925,-1327695.93804014,218540510.303087,-766837241.558715,80644093946.5651,-199876774200.077,0.010770875361399,0.05,0.215417507227979,0.0161478318729486,0.154021662759672
0.488,0.00926883182348348,7.90784784743575,-1.47325603161019,-246.209511941618,57.9676532355927,1806.49295138389,862.396994617286,196823.510108443,-1204950.44567288,-2194471.5666989,299184604.250217,-966714015.762383,28120657102.8562,-199768376221.478,0.00926883182348348,0.05,0.18537663646967,0.0185344839092546,0.174429611619588
0.489,0.00782465567732707,7.66257428611316,-1.41504530458777,-244.305014924893,58.2786108018809,2002.04978302507,-188.274372746622,194112.386804492,-891705.512871231,-3261069.77057202,327305261.352648,-1166482391.98509,-26390371429.7944,138592538706.366,0.00782465567732707,0.05,0.156493113546541,0.0196513058035347,0.195187948912717
0.49,0.00643868383558139,7.41930250273285,-1.35699603075848,-242.206499908551,57.697934950558,2194.3429959024,-920.725650179679,190291.174594379,-577595.437233479,-4358255.89320393,300914889.921482,-1027889853.27744,-59102557899.3232,199758444315.835,0.00643868383558139,0.05,0.128773676711628,0.0194087843956869,0.216174419344675
0.491,0.00511036167709134,7.17822469963043,-1.29984267894032,-239.917778865383,56.5361014566569,2382.29205084413,-1357.71406876874,185452.266848588,-306231.826261658,-5286266.52432345,241812332.019969,-828131408.958045,-72092044165.359,199863623545.615,0.00511036167709134,0.05,0.102207233541827,0.0178420846541669,0.237214320832691
0.492,0.00383854991852264,6.9395287486117,-1.24402699840916,-237.443674565435,55.062569694801,2564.97149018099,-1555.05506971435,179785.245223709,-100465.516324368,-6014466.12150869,169720287.851798,-628267785.40726,-71649457760.0815,199887310473.946,0.00383854991852264,0.05,0.0767709983704529,0.0151090567582341,0.258087800726634
0.493,0.0026217921578796,6.70339726843291,-1.1897522259023,-234.789837375711,53.4825831874431,2741.65311968524,-1582.60201840583,173489.959761241,33430.0426473902,-6542790.25167898,98070830.0885315,-428380474.927568,-60438615194.9589,199875777265.055,0.0026217921578796,0.05,0.052435843157592,0.0114759511052836,0.278542833965247
0.494,0.00145851958280331,6.47000689669655,-1.13705178942104,-231.962545924691,51.930523053098,2911.80861573312,-1510.20966324634,166766.29190164,101281.565138442,-6871232.83797401,37632214.8902877,-228504697.657607,-39719367974.7673,199759397243.128,0.00145851958280331,0.05,0.0291703916560663,0.00729215582154251,0.298313059899498
0.495,0.000347185831800224,6.23952776152828,-1.08585825392469,-228.968507224793,50.4755712346602,3075.10953040861,-1396.7318853249,159814.099947709,119054.096041346,-6999857.83701005,-2087153.08758873,-28745300.4121949,-12994428468.9448,57402251335.0085,0.000347185831800224,0.05,0.00694371663600448,0.00295648317684125,0.317138734218929
0.496,-0.000713662500009268,6.01212315292617,-1.03606140153518,-225.814658006694,49.1374771041357,3231.42130231577,-1280.88710390524,152809.43650238,110469.728719284,-6999902.01175473,-15081581.5592163,28656950.9202576,12285079368.7743,-41081942708.4026,0.000713662500009268,0.05,0.0142732500001854,-0.00112155656514878,0.334788717916185
0.497,-0.00172536414989134,5.78794938232392,-0.98754648238532,-222.50799778471,47.9098231461592,3380.73385222403,-1175.91065273724,145817.015975631,101530.686844454,-6991786.03218868,-2796502.19249484,-12424991.7875167,29233933873.8322,8595543569.90433,0.00172536414989134,0.05,0.0345072829978268,-0.00456151275061936,0.351081239353371
0.498,-0.00268914745807371,5.56715576288001,-0.940207565689401,-219.055521168184,46.7854298339343,3523.05326250013,-1070.90589467661,138820.45003814,113351.151588874,-6999913.25219124,26437431.6800529,-3829448.21463481,35284729123.2864,8878094667.68896,0.00268914745807371,0.05,0.0537829491614743,-0.00704868116721346,0.365900768011249
0.499,-0.00360613580088602,5.34988461339682,-0.893937301345343,-215.464224418382,45.7770759509242,3658.37348759229,-938.455239060459,131820.101744283,157430.947830569,-6999303.65307202,61722160.802885,5048646.44460744,30245573976.0429,-11333886935.3724,0.00360613580088602,0.05,0.0721227160177204,-0.00836394837337657,0.379208463392954
0.5,-0.00447733385748995,5.13627125412258,-0.848600390719687,-211.741107314544,44.9288834450213,3786.69430670669,-745.122281832491,124821.433433273,234275.895621475,-6999921.95009512,91967734.7792851,-6285240.47905484,14559479783.0606,13165763344.7199,0.00447733385748995,0.05,0.089546677149799,-0.00840377822585215,0.391044954760685
0.501,-0.00530358344543088,4.92644400583083,-0.804001069115216,-207.893169096875,44.3168337119426,3908.01528019916,-462.435938857653,117820.563156825,333523.370292289,-6999624.30890178,106527214.563418,6880522.85014634,-9460032779.72314,-14369723845.4823,0.00530358344543088,0.05,0.106071668908618,-0.00718841006191304,0.401525387605135
0.502,-0.00608548839896575,4.72052418951565,-0.759855506344163,-203.92740997213,44.0385198260635,4022.33657921768,-77.2256334137837,110821.98415537,435320.568465845,-6999928.64797441,97067181.7853214,-7489200.97791872,-35848489978.9622,15363423513.2043,0.00608548839896575,0.05,0.121709767979315,-0.00485761326640682,0.410827289408278
0.503,-0.00682331861889172,4.51862612645377,-0.715779300178404,-199.850829239549,44.1936386534757,4129.65799099235,400.653777614689,103820.871477487,514463.505261685,-6999736.13719568,61218691.8083277,7874222.51486236,-57723923265.5079,-16143860207.5331,0.00682331861889172,0.05,0.136466372377834,-0.00165466521398528,0.4191725223588
0.504,-0.00751691245816985,4.32085713807053,-0.6712975209726,-195.670427241863,44.8593221355354,4229.97963411159,936.105974902742,96822.3818081754,546820.235437259,-6999933.84478463,3494768.54489202,-8269637.67122215,-71701411328.0629,16822981500.4457,0.00751691245816985,0.05,0.150338249163397,0.00209955533240382,0.426805146855237
0.505,-0.00816560158671969,4.1273175459946,-0.625879461040252,-191.393203276777,46.066433130699,4323.30137168272,1472.72335939091,89821.1169747997,514464.29831812,-6999791.99170557,-68206642.7812374,8553343.80529326,-77285621121.2849,-17398518672.0205,0.00816560158671969,0.05,0.163312031734394,0.00603948102906712,0.433967404002956
0.506,-0.00876818161704322,3.93810067197365,-0.578994408170555,-187.026157767113,47.7818006311123,4409.62329328137,1940.20339946472,82822.7019018789,407614.84497624,-6999937.90723634,-145492263.90095,-8845174.84238375,-74213130211.4793,17916467708.3741,0.00876818161704322,0.05,0.175363632340864,0.00979125948397668,0.440876173606745
0.507,-0.00932294608924968,3.75329283791863,-0.530181250652737,-182.576289998349,49.8984705284935,4488.94529855394,2262.70325745515,75821.3274851667,225016.015969551,-6999824.84822447,-219705394.111401,9071292.83948586,-60908507751.9667,-18375100217.0014,0.00932294608924968,0.05,0.186458921784994,0.0130088916804444,0.447702194459756
0.508,-0.00982779352726483,3.57297336584289,-0.479123587788596,-178.050600448584,52.2345263735765,4561.26745986854,2367.71515841033,68822.9757666529,-25143.6320178324,-6999941.10549354,-280613901.863006,-9303807.35102386,-34290044303.7227,18797692832.9637,0.00982779352726483,0.05,0.196555870545297,0.0154064988720348,0.454554031390835
0.509,-0.0102804086664322,3.39721457789927,-0.425721372437499,-173.456088388594,54.5414719803048,4626.5896976856,2196.5495680771,61821.5157062828,-322902.556032698,-6999846.06642802,-314903946.167089,9493885.45348249,6084160446.42768,-19182912845.9167,0.0102804086664322,0.05,0.205608173328644,0.016783616942746,0.461468291477414
0.51,-0.0106785092813435,3.2260817963324,-0.370148513062294,-168.799754338241,56.5243397858562,4684.91207338534,1717.20906570207,54823.2194304338,-634764.421976573,-6999943.63739755,-308819785.721729,-9689027.36428894,49247298244.5402,19544186762.9758,0.0106785092813435,0.05,0.213570185626869,0.0170412283002,0.468406961206964
0.511,-0.0110201383766578,3.05963334351088,-0.312883819910857,-164.088597553147,57.8747486469088,4736.2345205007,936.242633905597,47821.6886438077,-918960.558576031,-6999860.57138028,-259572487.478876,9855159.36869702,81610515724.4573,-19880458869.5205,0.0110201383766578,0.05,0.220402767533156,0.0161872844672022,0.475262036408367
0.512,-0.0113039691216278,2.89792054188779,-0.254704245472768,-159.32961858668,58.311649358345,4780.55709303327,-98.9024157888772,40823.4422422931,-1137727.78819268,-6999945.64144641,-177961971.756582,-10025299.4713579,101343414816.09,20200320369.7854,0.0113039691216278,0.05,0.226079382432556,0.0143316307977409,0.481866901913534
0.513,-0.0115295827737889,2.74098771402949,-0.196638239174016,-154.529816679403,57.6184453620797,4817.87973325191,-1308.72062072355,33821.8506711655,-1265018.05254121,-6999870.7807328,-76618556.9429412,10175020.8671968,111692039185.002,-20502891340.8291,0.0115295827737889,0.05,0.230591655475778,0.0116713460423028,0.488013271194577
0.514,-0.0116976831028794,2.58887218258156,-0.139887252137205,-149.696192412727,55.6690997905775,4848.20249008263,-2593.43261187179,26823.6502523022,-1285790.58989165,-6999947.20553609,35073482.2395376,-10327870.4430792,114925827323.314,20794263000.3566,0.0116976831028794,0.05,0.233953662057588,0.00846839737600221,0.493471967348991
0.515,-0.0118102211666512,2.44160427029531,-0.0857267479737955,-144.835745012307,52.4434060403397,4871.52531184826,-3842.53215608953,19822.0048220372,-1193254.19399046,-6999877.9444789,149999309.560472,10466392.5250171,111489387797.54,-21073646796.2768,0.0118102211666512,0.05,0.236204423333024,0.0050221346891948,0.498015477330716
0.516,-0.0118704149477696,2.29920729999748,-0.0353963046609064,-139.955475083762,48.033892063452,4887.84824402837,-4942.20513066661,12823.8477993473,-987510.190531218,-6999948.3753521,261488697.355976,-10607254.2397918,99704024505.7944,21345868126.3982,0.0118704149477696,0.05,0.237408298955392,0.00163951478892169,0.501440062062065
0.517,-0.0118826568360192,2.16169759461514,0.010013626034883,-135.062381837855,42.645667621578,4897.17123917564,-5782.35363510204,5822.15344155555,-676169.480922346,-6999882.69552861,361192721.860243,10738613.8534818,74484065376.5085,-21610163937.6373,0.0118826568360192,0.05,0.237653136720384,-0.00139395154085476,0.503585278442021
0.518,-0.0118523091621789,2.02908447714818,0.0496710923229148,-130.163465901586,36.588531535878,4899.49434061501,-6265.51274419809,-1175.96164104348,-277734.72637385,-6999949.16364402,435676787.235848,-10871550.0519148,26860231336.2434,21870814876.2621,0.0118523091621789,0.05,0.237046183243579,-0.00383971462046165,0.504349045397123
0.519,-0.0117853959606102,1.90137027069324,0.0830989554006033,-125.265726470576,30.2578834028365,4894.81750375114,-6320.93237173129,-8177.70144390834,171372.176530118,-6999885.30625771,462537018.571868,10999264.7905037,-37177639930.6833,-22127036218.1773,0.0117853959606102,0.0503528002238815,0.234056416092238,-0.00552580495946738,0.503696845223872
0.52,-0.0116882106089562,1.77855029841805,0.110243897209387,-120.37616419105,24.0981775542876,4883.14077090508,-5924.48795923707,-15175.7749571481,615320.375136643,-6999949.55957637,425359378.641634,-11127771.3947936,-85323792878.7608,22383041365.5555,0.0116882106089562,0.0517032503024609,0.226063362372402,-0.00635891283753099,0.501664237282547
0.521,-0.0115668759731932,1.66061288358512,0.131499396456075,-115.501778242874,18.5486878544821,4864.46409916627,-5110.70852692619,-22177.5578955352,998017.857338896,-6999885.8102883,340035585.76393,11255269.9363465,-111706534050.283,-22637991928.4311,0.0115668759731932,0.0538307376185494,0.214874929917502,-0.00632820399415338,0.498352524139479
0.522,-0.0114269097550761,1.54753934952733,0.147672303618645,-110.649569289827,13.9890064150235,4838.78753099418,-3961.29063238054,-29175.5890695177,1282200.17607768,-6999949.53631625,228329051.715192,-11382721.9587099,-125240189845.04,22896431028.5456,0.0114269097550761,0.0565191735829566,0.202177580291477,-0.0055011160989741,0.4939180761534
0.523,-0.0112728480096236,1.43930401967191,0.15990283478948,-105.826536494953,10.7016523714369,4806.11102405401,-2585.79929541963,-36177.4138949828,1447909.13287036,-6999884.0427606,103088861.872027,11513709.0350185,-131149617270.524,-23157442526.2053,0.0112728480096236,0.0595858544333196,0.18918664701265,-0.00401216010434781,0.488556433224967
0.524,-0.0111079643088034,1.33587421751666,0.16955610815825,-101.039680538277,8.85152455204522,4766.43462219552,-1108.20400115856,-43175.4006569877,1485423.18610712,-6999949.05498876,-28060755.3964724,-11643733.457494,-131397415584.96,23426358060.8994,0.0111079643088034,0.0628783477297264,0.176658018377795,-0.00204626753928407,0.4824827943442
0.525,-0.0109341056628152,1.23721026665504,0.178098837064639,-96.2960005643676,8.47588045901488,4719.75828248679,341.289237985968,-50177.2671857024,1391663.72291817,-6999879.60941572,-159458170.979445,11782624.5684037,-125884269094.378,-23702157447.2099,0.0109341056628152,0.0662714589485274,0.164989662764292,0.000181423015108061,0.475910839000739
0.526,-0.0107516555217273,1.14326549075238,0.186969612970991,-91.6024972684932,9.48118001867043,4666.08205167693,1632.24316389851,-57175.2058424158,1169263.41739153,-6999948.06357099,-285342440.07205,-11919532.8450305,-112239059604.823,23991671350.0811,0.0107516555217273,0.069664300650762,0.154335225090783,0.00244722919879262,0.469031960325401
0.527,-0.01055962709273,1.05398621357295,0.197448967214617,-86.966169774304,11.6458211903272,4605.4058848665,2640.12885131974,-64177.1150605248,827801.447517073,-6999871.7607409,-397581499.67546,12072138.4701594,-83713821116.9698,-24293734458.3718,0.01055962709273,0.0729774837838532,0.144697056478485,0.00453988109482468,0.461996926027559
0.528,-0.0103558841312453,0.969311758955483,0.210535556228184,-82.3940187915394,14.6300991061216,4537.72983370927,3255.18724547951,-71174.9997077806,388363.037283129,-6999946.4895,-481295320.791485,-12221595.9546825,-26757469092.434,24618003569.9875,0.0103558841312453,0.0761504477740738,0.13599242596668,0.00627876843650784,0.454901719585556
0.529,-0.0101374788605004,0.889174450843463,0.226837699180022,-77.8930434193481,17.9981370887706,4463.05384957368,3398.44304418479,-78176.9539946697,-106311.018054572,-6999859.0836696,-508052789.883502,12396407.5809347,47910365546.0202,-24963096237.304,0.0101374788605004,0.0791389431820906,0.128097223097548,0.00752783838805331,0.447778887967143
0.53,-0.0099010842825392,0.813499613259115,0.246496569675433,-73.4702443812907,21.2607454240598,4381.37799197546,3046.09069211283,-85174.7753905949,-590408.625165063,-6999944.2242074,-460142424.3376,-12566688.6235472,96109791528.829,25344343184.9922,0.0099010842825392,0.0819126778780304,0.120873649098399,0.00820406769171112,0.440595167526184
0.531,-0.00964347795984445,0.742205570338758,0.269163587322743,-69.1326207466166,23.9389459740827,4292.70220603825,2241.62915336718,-92176.7789019229,-1002496.15373825,-6999838.74123836,-364032632.809381,12777654.5281509,119909501344.388,-25760018379.9798,0.00964347795984445,0.084453134937949,0.114187329658395,0.00828017055818805,0.433255541916725
0.532,-0.00936201593249466,0.67520364630414,0.294042096401554,-64.8871732519069,25.6236511742663,4197.02656403991,1077.10160011509,-99174.5221522998,-1306574.03587543,-6999941.09590027,-244123131.466003,-12982363.8203131,131383989035.596,26238271649.6217,0.00936201593249466,0.0867515678260453,0.10791754163184,0.00778194751077427,0.425613255593116
0.533,-0.00905503878612112,0.612398165505979,0.319977459106905,-60.7409009278915,26.0122529007086,4094.35100087282,-329.636669987279,-106176.581384841,-1485005.17282364,-6999804.3238957,-112739142.431694,13255907.7977065,135842576265.756,-26776812437.1011,0.00905503878612112,0.0888071758911668,0.10196291792026,0.00678116379068742,0.417484735951639
0.534,-0.00872217276612944,0.553686452391098,0.345573827368642,-56.700804522392,24.9269838945849,3984.67561094254,-1848.37098464899,-113174.220556916,-1529823.02712245,-6999936.82231661,23103433.8326463,-13520904.6096474,135033053613.219,27439253220.1044,0.00872217276612944,0.0906254608293219,0.0962441756026622,0.00538506663044658,0.408667909664238
0.535,-0.00836450687127874,0.498958831560194,0.369323743185917,-52.7738830123884,22.3231783459522,3868.00031179158,-3344.13678591945,-120176.344622672,-1439203.0664832,-6999738.10031613,158136487.444476,13918348.5805889,128669871833.779,-28302647635.0699,0.00836450687127874,0.0922167625226663,0.0907048419664786,0.00372378843516298,0.398962090895544
0.536,-0.00798463736541626,0.448098627728563,0.389742647231467,-48.9671371516587,18.2911573527602,3744.32523856545,-4682.82663004133,-127173.840656642,-1216731.64312183,-6999971.07555314,286806359.277041,-14384299.0256228,114225012039.004,199900179191.656,0.00798463736541626,0.0935949706187106,0.0853105387248238,0.00193697083399592,0.388187485165425
0.537,-0.00758657775914992,0.400982166043094,0.405502504803205,-45.2875644285848,13.0525253366303,3613.65734416085,-5737.11759151806,-134147.68718518,-872812.777825291,-6914405.28498294,401031371.315137,185515880.202408,84813792024.8234,199965386891.773,0.00758657775914992,0.0947764063221808,0.0800471135544038,0.000160939365346198,0.376202421032025
0.538,-0.00717553808550155,0.357478786056909,0.415558418971011,-41.7421239324938,6.94937382619092,3476.09170553645,-6395.27905168161,-140936.006965583,-429374.510497743,-6628906.71133465,485845163.339459,385481267.134054,27012982891.2844,199975105002.186,0.00717553808550155,0.0957788669198995,0.0749177591702197,-0.00148236777072504,0.36291679164623
0.539,-0.00675758466392041,0.317450945923038,0.419259059510827,-38.3375873198464,0.421507254211347,3331.91382438781,-6577.22881669442,-147338.843859187,69977.1442873571,-6143437.8916995,512858146.230709,585456372.176067,-46845115966.5689,199977626508.881,0.00675758466392041,0.0966208230323993,0.0699392165356987,-0.00289377085236303,0.348301191443433
0.54,-0.00633920393120008,0.280754508216089,0.416424593928805,-35.0803407630042,-6.03720851236642,3181.60917004455,-6258.63011861954,-153156.223960382,559412.732534781,-5457992.70626899,466013030.264594,785433998.721683,-93822803178.6813,199976947530.575,0.00633920393120008,0.097320758216355,0.0651372230075244,-0.00400196865189409,0.332391800901938
0.541,-0.00592681398463552,0.247239225402155,0.407369941166777,-31.9761849772928,-11.9423727097236,3025.86318776887,-5481.84800481568,-158188.170176037,978514.361210034,-4572570.23378201,372190227.086829,985410946.283382,-116910454002.843,199973109733.1,0.00592681398463552,0.0978966418299442,0.0605415453875422,-0.00476537466763234,0.315290772514738
0.542,-0.00552628516060127,0.216749425284164,0.392864263855238,-29.0301352442086,-16.8778030982768,2865.56129984506,-4336.72360572952,-162234.706085057,1292249.36129544,-3487172.73263206,255279773.085305,1185384056.04004,-127786974635.956,199963172696.683,0.00552628516060127,0.0983655251979703,0.0561811178202839,-0.00517112846966224,0.297162139797868
0.543,-0.00514252679207491,0.189124896423969,0.374043045614833,-26.2462214352859,-20.5311798517558,2701.7889032003,-2938.13218699759,-165095.85959422,1483635.64706277,-2201807.09024367,127492798.450974,1385347228.75133,-131565032062.608,199930417310.75,0.00514252679207491,0.0987432497847499,0.0520797806765028,-0.0052319692184629,0.278223703204403
0.544,-0.00477917632730626,0.164201973538672,0.352294288103574,-23.6272880406263,-22.7117272918143,2535.83136169812,-1412.67764605329,-166571.67133387,1545345.92948244,-716494.652836955,-4072233.60981492,1585277646.067,-129859391607.989,-17906966894.3488,0.00477917632730626,0.0990442549572182,0.0482529383392364,-0.00498165394284794,0.258735732452601
0.545,-0.00443840917409013,0.141814822560213,0.329132527807187,-21.1747960261399,-23.3578214867385,2369.16490985346,108.988934689389,-166498.511658155,1476344.00006863,859829.509782881,-133931625.215919,1567370679.16777,-122243103960.514,-199932132261.761,0.00443840917409013,0.0992814721144306,0.0447053118730398,-0.00446956296702262,0.238987620941812
0.546,-0.00412087716383501,0.121796907841734,0.306068658945812,-18.8886734259632,-22.5380759522676,2203.34921088936,1497.9932714898,-164888.318830831,1281290.82287245,2327234.12281978,-256174729.174607,1367438546.89192,-106073725090.867,-199964953256.386,0.00412087716383501,0.0994662916792167,0.0414298863893008,-0.00375510411494205,0.219283644762753
0.547,-0.00382577677240214,0.103982535715133,0.284481570206654,-16.7673251916772,-20.4465527961537,2039.84408366941,2633.51777559298,-161910.692926772,972079.231152412,3594690.19308352,-362248454.263822,1167473593.61355,-74934634923.2865,-199975022678.922,0.00382577677240214,0.0996085899276599,0.0384081008995367,-0.00290247353423116,0.199928192548728
0.548,-0.00355104217856176,0.0882083066744727,0.265498071364302,-14.8077903609344,-17.3904924238998,1879.91698247679,3411.98367379282,-157765.595107326,572363.459426947,4662176.27535762,-437183089.185723,967498570.906825,-19961086130.339,-199979084118.338,0.00355104217856176,0.0997168025843246,0.0356112719875756,-0.00197623040148638,0.181210278859517
0.549,-0.00329365051198832,0.0743143825757181,0.24989058238452,-13.0059405004506,-13.7660225806001,1724.63539280497,3762.42874093843,-152652.999393864,125199.827176055,5529685.30420527,-457144175.315011,767519486.757732,43579791546.7596,-199980140242.137,0.00329365051198832,0.099798031603461,0.0330031610751138,-0.00103798266556171,0.163387946992909
0.55,-0.00305001440187109,0.0621455541216127,0.238007956305015,-11.356679679411,-10.0153687973951,1574.86682346958,3666.31977904806,-146772.884369649,-310154.452365575,6197214.72084193,-413564383.767568,567539346.485604,85271934624.1495,-199978303671.428,0.00305001440187109,0.0998581725097821,0.0305434630457743,-0.000144250055579323,0.146673936572352
0.551,-0.00281641932779313,0.051552108370277,0.229757533740407,-9.85414444777923,-6.56950064462147,1431.27880391976,3163.59512390272,-140325.229692837,-681082.868821068,6664764.91549181,-328292449.143109,367561042.789547,106870023251.461,-199970042444.447,0.00281641932779313,0.0999020518284458,0.0281918066370604,0.000654716047517179,0.131223991746971
0.552,-0.00258945024439988,0.0423904962646946,0.224643528579659,-8.49190381568358,-3.79670944574198,1294.33888477091,2336.17770105203,-133510.012596352,-955940.306338446,6932340.93705912,-221422425.891685,167591000.331346,116946708652.482,-199904892366.341,0.00258945024439988,0.099933566390731,0.0259117165325149,0.00131559314601249,0.117128914315089
0.553,-0.00236635722128612,0.034523800183824,0.221847333223512,-7.26315922972383,-1.97053285601953,1164.31464510341,1289.01729987654,-126527.19364118,-1118889.37790389,6999979.49120727,-104475717.239537,-32313892.0313959,119684503853.584,33946917353.8794,0.00236635722128612,0.0999558183791344,0.0236740317838275,0.00180255948324705,0.10441108804122
0.554,-0.00214532764315349,0.0278220018494317,0.220331471672448,-6.16094258146376,-1.25338601032673,1041.28347001139,137.837480661881,-119537.713276421,-1163522.84321663,6984639.05785281,15208786.6134816,1633025.32077576,116315872935.294,27392376017.8397,0.00214532764315349,0.0999712418080423,0.0214594477807208,0.00208803823728028,0.0930257597117061
0.555,-0.00192564808348786,0.0221620691237503,0.21895468692904,-5.17826356501519,-1.68992865879886,925.239489781031,-998.69499042539,-112547.692309896,-1090156.1201355,6999968.2711825,131524659.548054,29025401.340126,106076580892.432,-58479959842.1068,0.00192564808348786,0.0999817176642334,0.0192600020131152,0.00215370366936158,0.0828670741080898
0.556,-0.00170774898994393,0.0174279591756165,0.216590082256123,-4.30813053769533,-3.20736107514766,816.194182505771,-2005.40935063806,-105542.957998006,-905593.170141235,6999753.69260156,237601240.439682,-29454558.4997622,86048417020.5623,59345808309.4397,0.00170774898994393,0.0999886761522063,0.0170794239474111,0.00199171476021703,0.0737791650857096
0.557,-0.00149313245673031,0.0135106267242569,0.212239701434642,-3.54354194103817,-5.62238145337958,714.148665000042,-2777.86049772263,-98548.0406165908,-624967.721191272,6999972.03825652,323649657.459426,29891249.8077922,51010464993.5015,-59966213708.6208,0.00149313245673031,0.0999931856885786,0.0149323421035966,0.00160605074775452,0.0655720220405499
0.558,-0.00128419019525182,0.0103080262683,0.205138138937374,-2.87749988832661,-8.65665876604558,619.103093682257,-3232.50164601856,-91543.1173223688,-275812.831235096,6999880.18120998,374660122.452149,-30074963.8957023,242718159.676445,60339979689.6749,0.00128419019525182,0.0999960291133358,0.0128424119101401,0.00101374812261127,0.0580404210590688
0.559,-0.00108392750575482,0.00772511223015766,0.19483487340649,-2.30300245663256,-11.9646133606475,531.057418119177,-3320.94396300094,-84548.2179598107,98968.6502968909,6999975.20715912,374902840.61112,30265015.7902552,-48483892315.4213,-60634817112.3291,0.00108392750575482,0.0999977678617174,0.010839517010557,0.000245766142528414,0.0509840794522932
0.56,-0.000895621249230319,0.00567383894126028,0.181241499760992,-1.81305172893683,-15.1756093538797,450.011705478274,-3042.60454111771,-77543.2160475929,449629.5447503,6999922.81439319,326418948.295082,-30369801.3152222,-80263762707.5497,60849763515.5224,0.000895621249230319,0.0999987950663722,0.00895632041001963,-0.000652871201871281,0.0442270762069454
0.561,-0.000722453311744856,0.00407316068531228,0.164632458321234,-1.40064573573391,-17.942340287996,375.965924607777,-2443.14281600446,-70548.3365065878,735916.611691607,6999977.89483573,246155185.586998,30479962.1956961,-97500525438.4111,-61027434660.4513,0.000722453311744856,0.0999993786957803,0.00722457800405655,-0.0016240652424401,0.0376346609106259
0.562,-0.000567166635055557,0.00284903168549128,0.14560064335799,-1.05878655468412,-19.9805614557718,308.920114229061,-1600.39869909244,-63543.289869746,933321.534559399,6999944.13970117,148654660.148111,-30547472.4569006,-105107461956.783,61167051006.5025,0.000567166635055557,0.0999996959022613,0.00567168359801714,-0.00259911209806005,0.0311258471781433
0.563,-0.000431783024425034,0.00193440612904966,0.124980754192929,-0.78047219083957,-21.0939030884766,248.874253807304,-610.267744785135,-56548.4249577525,1029422.46372912,6999980.19274752,43547198.1908773,30619578.5447118,-105519384436.114,-61285768480.1856,0.000431783024425034,0.0999998597682149,0.00431783629922926,-0.00350277412114283,0.0246806195093639
0.564,-0.000317407824212467,0.00126923815821466,0.103754222783629,-0.558704720761667,-21.186598376066,195.82836863164,423.34175396672,-49543.3492704582,1020209.96970194,6999956.88705211,-61972186.2457037,-30666189.9270727,-98990728999.7746,61407823943.5735,0.000317407824212467,0.0999999396143524,0.00317408015881353,-0.00425878121102963,0.0183411187090471
0.565,-0.000224134488917755,0.000800481886206238,0.0829459231849433,-0.38648213302384,-20.2676049486932,149.782445428581,1396.0671757125,-42548.490841023,908742.418956348,6999994.60909683,-160962915.245999,30741634.0117134,-83765366020.9906,-199984286407.09,0.000224134488917755,0.0999999759774897,0.00224134542760498,-0.00479633563723283,0.0122067667259869
0.566,-0.000151053283862108,0.000482091200331371,0.0635204040637492,-0.256807652592294,-18.4474839396678,110.730742815255,2210.36724270903,-35566.4561292973,705896.820699853,6930744.09990507,-244728281.267596,-169242652.47294,-55930527281.8368,-199994335916.944,0.000151053283862108,0.0999999912859534,0.00151053297024963,-0.005057016201921,0.00642387808381905
0.567,-9.63609320304598e-05,0.000275008264045779,0.0462850901188288,-0.162713731928786,-15.9272867721721,78.593118525797,2784.57816822814,-28753.6657449224,433203.275791338,6661504.2794737,-300658808.550139,-369236988.516019,-12571192418.6872,-199995905033.139,9.63609320304598e-05,0.099999997164152,0.000963609347631095,-0.00500137410989805,0.00117072929283443
0.568,-5.75598618365332e-05,0.000147073016395531,0.0318096607692201,-0.0974042467730573,-12.9767405672114,53.1003322556577,3065.35684100801,-22310.1126105181,126258.871031856,6192269.33844113,-313230000.969626,-569232893.698072,36267816356.9894,-199996205298.786,5.75598618365332e-05,0.0999999991888971,0.00057559862303403,-0.00461447232068074,-0.0033610643498285
0.569,-3.17249777224514e-05,7.27535681995064e-05,0.0203738927522786,-0.0544523103056822,-9.89894813189072,33.7831489859101,3041.04534761463,-16435.79241978,-168837.221759274,5523038.34209364,-276962184.613499,-769229099.141115,72942202217.9065,-199995678364.566,3.17249777224514e-05,0.0999999998015142,0.00031724977785421,-0.00390962783647753,-0.00698797922480989
0.57,-1.58029598252999e-05,3.26769669419441e-05,0.0119563955207803,-0.0280002686796054,-6.98544250088867,19.9723377296524,2745.8840672517,-11330.7012402869,-409328.30526382,4653811.40377018,-204019982.396461,-969224777.616161,94151830157.1493,-199993085445.934,1.58029598252999e-05,0.0999999999599585,0.000158029598316277,-0.00292967482395006,-0.00955690101947523
0.571,-6.9002630431841e-06,1.29599657960956e-05,0.00626795743823129,-0.0129596970047818,-4.47430292379952,10.7986716785613,2250.23774248264,-7194.83440619979,-566272.372581706,3584590.08343095,-109868152.240098,-1169217863.10794,103501508344,169227426293.177,6.9002630431841e-06,0.0999999999937015,6.90026304361871e-05,-0.00174523032282154,-0.010966151059788
0.572,-2.51878402775717e-06,4.34030974741273e-06,0.00282067933279608,-0.00520831772171931,-2.52120016351809,5.2083138083368,1646.28154517171,-4166.64868323947,-624389.770649805,2499985.93346946,-6366643.8966894,-999990436.763326,102223378263.764,199995145988.365,2.51878402775717e-06,0.0999999999992936,2.51878402777496e-05,-0.000449769675845545,-0.011183187099836
0.573,-7.10251924707231e-07,1.13781278908863e-06,0.00101914156779327,-0.0017066632619918,-1.18391530360763,2.1333261453442,1035.74568228437,-2133.32544378392,-579644.725414613,1599993.06970013,95856734.3668196,-799995290.591766,85480017368.393,199997903807.386,7.10251924707231e-07,0.0999999999999514,7.10251924707576e-06,0.000848250855674881,-0.0102570120822831
0.574,-1.33678150150362e-07,2.02530592963079e-07,0.000261198018270752,-0.000405000498773525,-0.418454194290596,0.674997929066943,518.275993614762,-899.997035373479,-441047.982363597,899996.731011829,181336751.735461,-599997386.433062,31369259579.1464,199998775939.982,1.33678150150362e-07,0.0999999999999985,1.33678150150364e-06,0.00203557340776117,-0.00832261892966435
0.575,-1.21502746274882e-08,1.78019229529379e-08,3.61909353685621e-05,-5.33345474491223e-05,-0.0891723474619372,0.133332972093699,173.12459704897,-266.665868214567,-244026.600838563,399998.73254848,212706011.31555,-399998609.935338,-75032416121.0703,199999186781.471,1.21502746274882e-08,0.1,1.21502746274882e-07,0.00300563683177714,-0.00559550842608277
0.576,-1.90936731868451e-10,2.95327412608428e-10,1.14726983878098e-06,-1.66767979712791e-06,-0.00573639965969221,0.00833332945356681,22.9455991815696,-33.3332427945222,-68836.79758355,99999.7160035507,137673595.196327,-199999422.349411,-137673595208.055,199999418402.021,1.90936731885749e-10,0.1,1.90936731885749e-09,0.00367014964965579,-0.00235652783787717
0.577,1.79920870501061e-13,1.12503031782627e-11,-6.72317444879719e-12,-6.72805100594525e-10,8.7399101126761e-11,1.14126227643725e-08,-4.90949337422309e-09,-1.52092873192357e-06,8.74760077984146e-06,0.00285476916310269,-0.00874388353846394,-2.85389668029159,3.65672425769861e-06,0.0012564308415379,1.79982085188808e-13,0.1,1.79982085188808e-12,0.00396923780043818,0.0010714027358418
0.578,8.66204344861157e-14,5.29152225198232e-12,-3.31856824467226e-12,-3.31005429704543e-10,4.27030471858887e-11,5.42171460981857e-09,-2.6691687707983e-10,-4.65538497807736e-08,1.85953486982024e-09,4.36555513263279e-07,-0.00437193994086984,-1.42694771193037,3.65672425769861e-06,0.0012564308415379,8.66339738259381e-14,0.1,8.66339738259381e-13,0.00387848354577255,0.00435230873854004
