time,x,y,vx,vy,ax,ay,jx,jy,snapx,snapy,cracklex,crackley,POPx,POPy,contour_error,allowed_error,error_utilisation,modal_x,modal_y
0,0,0,0,0,0,0,2.78648390918132e-19,0,0,0,0,0,0,-6.16297582203915e-21,0,0.1,0,-6.45178288215589e-32,0
0.001,0,0,0,0,-2.18104263075505e-22,0,-3.49613055774366e-18,0,-5.50075107347763e-17,0,2.68084066649608e-11,0,199999937649.438,-198398834163.281,0,0.1,0,0,-7.39557098644699e-32
0.002,2.77777691179775e-10,-2.75553936337892e-10,1.66666614707865e-06,-1.65332361802735e-06,0.00833333073539324,-0.00826661809013672,33.3333229415729,-33.0664723605469,99999.9688247188,-99199.4170816406,199999937.649438,-198398834.163281,199999912129.774,-195807517663.651,2.75553936337892e-10,0.1,2.75553936337892e-09,1.09615150041328e-10,-1.08737623773423e-10
0.003,1.77777722000616e-08,-1.76318528749311e-08,5.33333164938529e-05,-5.28847614727115e-05,0.133333290702972,-0.13215791792137,266.666579279306,-264.099892801103,399999.862539043,-395502.010076747,399999849.779211,-394206351.826932,199999866867.577,-51244912590.8065,1.76318528749311e-08,0.1,1.76318528749311e-07,7.0113700169277e-09,-6.95382013024236e-09
0.004,2.02499934538777e-07,-2.00447698949976e-07,0.000404999866557683,-0.000399861933071803,0.674999770667818,-0.661845079089952,899.999677852551,-865.245897556451,899999.645752043,-815330.818199082,599999716.646788,-445451264.417738,199999770790.942,191827775913.426,2.00447698949976e-07,0.0999999999999985,2.00447698949979e-06,7.98071246398321e-08,-7.8998153319856e-08
0.005,1.13777739307695e-06,-1.11285760498806e-06,0.00170666607006066,-0.00164718033519129,2.13333254795381,-2.00100543915251,2133.33247705981,-1871.33105197883,1599999.2477943,-1164868.19466011,799999487.43773,-253623488.504312,199999466975.027,194064738434.918,1.11285760498806e-06,0.0999999999999515,1.1128576049886e-05,4.48027066355332e-07,-4.38205227095843e-07
0.006,4.34027622471536e-06,-4.12280933790818e-06,0.00520833137204479,-0.00478694643864395,5.20833120794102,-4.48895513911066,4166.66471306882,-3130.66686781861,2499998.46871954,-1321459.31394696,999998954.412756,-59558750.0693943,169230405826.895,193955652289.387,4.12280933790818e-06,0.0999999999992936,4.12280933793731e-05,1.70739302079101e-06,-1.62171138910981e-06
0.007,1.29599522892892e-05,-1.17312989022252e-05,0.0129597382244559,-0.0110623435481389,10.7987129146812,-8.28219663673559,7194.86772663256,-4449.57961475204,3584612.62604575,-1284040.23787166,1169229360.23965,134396902.219993,-199999240533.722,192551289556.875,1.17312989022252e-05,0.0999999999937015,0.000117312989029641,5.09246181228136e-06,-4.60867615241981e-06
0.008,3.26770162528887e-05,-2.77284516412368e-05,0.0280003716697999,-0.021776132233557,19.9724252126877,-13.3433739163219,11330.7618260425,-5634.32951992089,4653842.36601854,-1053367.69087323,969230119.705929,326948191.776867,-199999526076.172,188948498638.85,2.77284516412368e-05,0.0999999999599584,0.000277284516523397,1.28237178854411e-05,-1.08768180574059e-05
0.009,7.27537700725017e-05,-5.71562290766594e-05,0.054452536115449,-0.0380970347795055,33.7833132614373,-19.4420230622733,16435.885997568,-6492.73169846588,5523072.72268638,-631945.249776939,769230593.629757,515896690.415717,-199999584168.484,177826081450.248,5.71562290766594e-05,0.0999999998015132,0.00057156229190107,2.85109435842044e-05,-2.23806232610672e-05
0.01,0.000147073537659456,-0.000106078182269365,0.0974046891076512,-0.0608677703198619,53.1006074032797,-26.1573351838313,22310.2407530412,-6837.09092279325,6192303.52423189,-27135.5186360969,569231009.461273,693722771.865966,-199999551228.105,44577452554.1314,0.000106078182269365,0.0999999991888913,0.00106078183129774,5.75449961514422e-05,-4.14516754404453e-05
0.011,0.000275009382389021,-0.000181159423045323,0.162714518770624,-0.0904188969572635,78.5935384387126,-32.8905160101085,28753.8265234657,-6509.93548007068,6661534.75807911,688875.979506935,369231458.233167,738300224.420097,-199999378738.058,-167976482441.151,0.000181159423045323,0.099999997164129,0.00181159428182771,0.000107414484742067,-7.06229457188871e-05
0.012,0.000482093337899736,-0.000289073944887307,0.256808944246686,-0.126420205338826,110.731337610143,-38.9399624831241,35566.6437808717,-5479.90546876055,6930766.52694325,1343187.96270646,169232079.495109,570323741.978947,-199998273744.777,-180493094159.387,0.000289073944887307,0.0999999912858761,0.00289073970077571,0.000187934754495705,-0.000112384681620926
0.013,0.000800485639345544,-0.000435816980867712,0.38648411618612,-0.167853996515748,149.783236739662,-43.6607405591249,42548.6933019384,-3881.63781742452,6999999.46956597,1823265.15760571,-30766194.2496682,389830647.819559,61524137620.4995,-183584481558.741,0.000435816980867712,0.0999999759772645,0.00435817085562898,0.000311388293217773,-0.000168903657424397
0.014,0.00126924431849496,-0.000626069324307407,0.558707596931399,-0.213136965384338,195.829365583076,-46.5734233765083,49543.5636973163,-1894.05474950215,6999995.34412655,2121303.5646459,30757943.3708314,206246166.260818,-61510797050.7333,-183761144680.763,0.000626069324307407,0.0999999396137664,0.00626069702367321,0.00049257637298406,-0.00024176489794804
0.015,0.00193441569619132,-0.000862718826028816,0.780476179244819,-0.260296803294101,248.875490326474,-47.3801086970057,56548.6862136198,299.74504082736,6999997.88897202,2235669.15856633,-30752853.679902,22485021.5800548,61497836029.0707,-181930413182.084,0.000862718826028816,0.0999998597668282,0.00862720035848486,0.000748790044450138,-0.000331778299941595
0.016,0.00284904589735356,-0.00114656263858896,1.058791910106,-0.307155007155143,308.921612418801,-45.9663620071811,63543.55731509,2516.33497465337,6999993.95330665,2167188.97355535,30744982.3491687,-159445391.60203,-61482588346.2547,-177551127490.594,0.00114656263858896,0.0999996958992289,0.0114656612530539,0.00109974027049997,-0.00043886003752742
0.017,0.00407318104378523,-0.00147619271335507,1.40065273552725,-0.35151012666345,375.967729099755,-42.4004047413291,70548.6766615136,4574.20939782594,6999997.64148269,1918968.01820802,-30737605.9970859,-336996519.092624,61463169943.1024,-168237926561.084,0.00147619271335507,0.0999993786895738,0.0147620188515129,0.00156747423461284,-0.000561990018751076
0.018,0.00567386725242648,-0.00184806375912357,1.81306070069085,-0.391319042207182,450.013842613091,-36.9298873345213,77543.5493616549,6296.6395020608,6999991.62045715,1497852.53583485,30725563.9460165,-505234445.653707,-61439663744.1983,-145111675341.332,0.00184806375912357,0.0999987950543588,0.018480860275556,0.00217628257589385,-0.000699245057940622
0.019,0.0077251506363485,-0.00225674030638972,2.30301375148947,-0.424873228400564,531.05994872631,-29.9745736252913,84548.6638201277,7517.68953584524,6999997.35253107,920062.25251048,-30714099.7981818,-650346120.995039,61407359396.8981,-57180384021.08,0.00225674030638972,0.0999977678395514,0.0225679068157872,0.00295259801361469,-0.000847906120054344
0.02,0.0103080773020647,-0.00269531503638797,2.87751393032511,-0.450963187807423,619.106050846045,-22.1076264993575,91543.5386826592,8103.04866385469,6999986.93243134,241125.939504901,30693259.5987162,-707526505.016119,-61366358864.9968,101085129549.664,0.00269531503638797,0.0999960290740848,0.0269542206960146,0.00392488578321346,-0.00100463593723264
0.021,0.0135106933509282,-0.00315597723807848,3.54355918250071,-0.469007740213231,714.152141606567,-13.9977240695218,98548.6445184124,8007.25887244314,6999997.01259755,-415858.000736386,-30673099.2662806,-606441375.466455,61297846709.0965,140263194046.791,0.00315597723807848,0.0999931856215219,0.0315619231296818,0.00512352633593933,-0.00116571778747685
0.022,0.0174280448743875,-0.0036306714834659,4.30815154530484,-0.479095244044015,816.198226525013,-6.29362346027265,105543.521289162,7311.55738298133,6999972.83668582,-952167.779179445,30624747.442816,-466178181.419664,-61201949556.501,151526400561.663,0.0036306714834659,0.0999886760411656,0.0363108266577221,0.00658069078316523,-0.00132733072226822
0.023,0.0221621779555748,-0.0041117382943652,5.17828896062878,-0.481909944813548,925.24428827586,0.470467269572415,112548.606174643,6151.55491318566,6999996.60935039,-1342582.76031828,-30577202.113685,-314651780.858,29652038463.0099,154086995359.977,0.0041117382943652,0.0999817174853421,0.0411249016098169,0.00833020959615974,-0.00148581740641551
0.024,0.0278221386142694,-0.00459244609542857,6.16097319114375,-0.478599290313344,1041.28903205643,5.90470913059594,119538.256189347,4677.32742833172,6984245.4264682,-1580191.04349629,-925163.650675049,-160564785.498023,33355145262.6078,151535632121.498,0.00459244609542857,0.0999712415266312,0.0459376719274332,0.0104074350742274,-0.00163790778584956
0.025,0.0345239704129826,-0.00506738044547242,7.26319563161032,-0.470624710044959,1164.32064656279,9.77149422426824,126527.598224867,3042.10993077333,6999997.83544883,-1664988.01293356,32429981.6119328,-9029153.37652472,-199989687338.279,143880198978.532,0.00506738044547242,0.0999558179459701,0.0506962030785595,0.0128490972355651,-0.00178088441127318
0.026,0.0423907059599746,-0.00553268163999333,8.49194642825996,-0.459608836070526,1294.34531579867,11.9856002979695,133510.479436565,1396.5873743146,6932432.97339162,-1602077.06682082,-167559705.726347,134851045.602008,-199996753358.36,128795649022.181,0.00553268163999333,0.0999335657381784,0.0553635967967831,0.0156931522363539,-0.00191268540262066
0.027,0.0515523639699764,-0.00598613036192204,9.85419374097846,-0.447185262839227,1431.28575190626,12.6089907985166,140325.799764867,-116.598228201523,6664874.8909861,-1402828.19670772,-367556459.084707,263646694.624189,-199997650151.137,100418712325.748,0.00598613036192204,0.099902050865664,0.0599199947353579,0.0189786285247305,-0.00203194467820148
0.028,0.0621458625825776,-0.00642708667704868,11.3567362237494,-0.434856553752717,1574.87439647135,11.8391037007455,146773.563484619,-1370.86662554286,6197319.60682582,-1088972.14592066,-567554109.235844,364065406.949937,-199997850352.259,48848529131.7643,0.00642708667704868,0.0998581711167416,0.0643621508903357,0.0227454361357416,-0.00213797153554534
0.029,0.0743147514794014,-0.00685629442883779,13.0060049738276,-0.423868802259364,1724.64369416408,9.98646392544776,152653.773061768,-2269.66464646659,5529766.57241385,-700482.474404839,-767551959.588103,412913936.081701,-199997737272.921,-18359836050.7595,0.00685629442883779,0.099798029623742,0.0687017013731369,0.0270341015647414,-0.0022306745688481
0.03,0.0882087443287209,-0.00727557404789558,14.8078635343052,-0.415116865987514,1879.9260919464,7.43461203795692,157766.430698176,-2766.7501255057,4662215.74418928,-296748.456348517,-967549696.861023,394554100.030941,-199997299246.988,-64347262643.6162,0.00727557404789558,0.0997167998166597,0.0729623700446918,0.0318854221736794,-0.00231043943550726
0.031,0.103983051232417,-0.00768744389882442,16.7674078963432,-0.409099183561389,2039.85403901306,4.5825655650053,161911.538710727,-2876.94607561269,3594667.39770477,65632.0123606161,-1167546996.10801,330206837.387325,-199996212194.298,-86004516106.6418,0.00768744389882442,0.099608586116315,0.0771765185969775,0.0373400415663898,-0.0023779768857003
0.032,0.121797511175196,-0.0080947259236758,18.8887665015179,-0.40593111045154,2203.35998708111,1.78988644696637,164889.099908345,-2660.54473057618,2327122.2954996,352836.59169462,-1367543208.30231,244202321.280683,-199992667745.753,-93697770450.6376,0.0080947259236758,0.0994662865035238,0.0813816038401013,0.0434379478049226,-0.00243416370726384
0.033,0.141815524476374,-0.00850018890861741,21.1749002446965,-0.405403295989279,2369.17639124133,-0.657443674651165,166499.118488403,-2201.22327331632,859582.753324417,550190.027749985,-1567535876.04806,150504550.830046,-17837838660.2476,-92539402862.5687,0.00850018890861741,0.0992814651781265,0.0856170776022165,0.050217896638539,-0.00247989824847483
0.034,0.164202785498147,-0.00890626374672743,23.6274039963308,-0.40706415310137,2535.84330188378,-2.5623436507401,166571.960330593,-1591.20420396174,-716872.04205377,654424.877148746,-1585373714.70831,57965147.967477,199992494369.826,-84231409841.7773,0.00890626374672743,0.0990442457787571,0.0899220714610928,0.0577167623071941,-0.00251598459826649
0.035,0.189125830335459,-0.00931484663859679,26.2463494090722,-0.410311314755149,2701.80093026149,-3.82018420020963,165095.73351358,-921.835321136223,-2202249.50957717,670274.320195334,-1385381220.33848,-26266261.8743003,199996031616.151,-69078849268.145,0.00931484663859679,0.0987432377904434,0.0943340207089938,0.0659688244679122,-0.00254305209081672
0.036,0.21675049313778,-0.00972719407140392,29.0302751069217,-0.414482374313883,2865.57297531821,-4.41413835694674,162234.12606577,-276.207273422729,-3487632.71410757,609468.633686962,-1185385188.72233,-95345111.1424454,199997105126.652,-47535079411.5353,0.00972719407140392,0.0983655097199912,0.0988882597070204,0.0750050311372739,-0.00256151187617821
0.037,0.247240438834906,-0.010143905015479,31.9763361487468,-0.418937407040553,3025.87405404152,-4.40348279369188,158187.133608155,277.666291457754,-4573019.35026658,490355.982838748,-985388083.59568,-142880190.553981,199997520428.777,-22008047124.7843,0.010143905015479,0.0978966221108067,0.103618539605967,0.0848523067441236,-0.00257154883672867
0.038,0.280755878056676,-0.0105649786759368,35.0805022085098,-0.423126467433042,3181.61877985729,-3.90536887787061,153154.753136163,692.914171165382,-5458408.67364787,336471.768722376,-785390563.166903,-164888237.678765,199997595299.621,2633503558.37122,0.0105649786759368,0.0973207334212007,0.108558354469155,0.0955329495949922,-0.0025731441951762
0.039,0.317452481746462,-0.0109899296928676,38.3377575721961,-0.426636148994583,3331.92176346258,-3.07159046597557,147336.982113481,947.380738308103,-6143800.43916496,172900.282822796,-585392967.867282,-162254734.120394,199997325991.004,21871236376.4906,0.0109899296928676,0.0966207922701729,0.11374290600037,0.107064127797355,-0.00256612151064726
0.04,0.357480495771889,-0.0114179378578731,41.7423011352463,-0.429211810731219,3476.09761308375,-2.06389074042711,140933.818078048,1042.79886013345,-6629194.74403674,21581.1668906477,-385395641.876278,-140383497.743903,199996283839.719,34055504829.3968,0.0114179378578731,0.0957788292740535,0.11921149949748,0.119457475499976,-0.00255020678365998
0.041,0.400984055533052,-0.0118480080375124,45.2877464000623,-0.430756270696963,3613.66093436129,-1.03227956710443,134145.258227046,999.864195623713,-6914592.24399316,-101774.578438557,-185399358.036559,-106327992.914506,199989278284.314,39635871876.6708,0.0118480080375124,0.0947763608908992,0.125010159982309,0.132718790790098,-0.00252509281597684
0.042,0.44810070056809,-0.0122791188755845,48.9673214731005,-0.431309680630102,3744.32632945993,-0.0993724981908835,127171.297850415,851.531599374015,-6999996.96288756,-188284.635414728,14589920.2477551,-66692121.0378354,-29129893484.1464,39674030004.0922,0.0122791188755845,0.0935949165637701,0.131194292664583,0.146847836183012,-0.0024904991153257
0.043,0.498961088836814,-0.0127103446663884,52.7740671504894,-0.431017116322634,3867.99884673671,0.648554514552966,120173.740865404,636.513241774385,-6999971.98938188,-235139.741450517,-14539973.2363913,-27018091.0337431,29037271567.4422,35256802393.5425,0.0127103446663884,0.0922166991248905,0.13783126903268,0.161838242106867,-0.00244622096862382
0.044,0.553688892621146,-0.0131409413935857,56.7009858418056,-0.430090327091209,3984.67138816487,1.16446390386287,113171.338434665,393.740588539254,-6999993.32683454,-244529.431287489,14497298.3310509,8238711.35979941,-28966075903.2915,27508803960.4551,0.0131409413935857,0.0906253875487284,0.145002871149323,0.177677506381176,-0.00239216396844735
0.045,0.612400784460965,-0.0135703939471573,60.7410765963035,-0.428769175278618,4094.34393923268,1.43845909548336,106173.766077679,157.91531359174,-6999979.06645514,-222536.317947462,-14468777.5722406,35747515.3202545,28908105412.1774,17733672740.6505,0.0135703939471573,0.0888070924349746,0.152807546954582,0.194347053347456,-0.00232836271606892
0.046,0.675206436908347,-0.0139984265234897,64.8873403934324,-0.427287210652252,4197.01650881859,1.49180307235227,99171.3706400067,-43.7916345721525,-6999993.79132129,-177921.966256882,14439327.8399368,53481188.060905,-28856530498.4286,7409273435.55139,0.0139984265234897,0.086751474217854,0.161362405073789,0.211822322235553,-0.00225498445772404
0.047,0.742208522531803,-0.0144249820886596,69.1327762831067,-0.425844666931448,4292.68908676214,1.36827270572165,92173.7870908556,-193.738127892657,-6999982.72873057,-120736.141478201,-14417202.6584918,60890461.4964564,28811604097.0422,-2038645841.9641,0.0144249820886596,0.0844530315880038,0.170804787198529,0.230072878996697,-0.00217231999553772
0.048,0.813502713910065,-0.0148501794350097,73.4703852390061,-0.424590865866072,4381.36168010502,1.12422997376255,85171.397694812,-284.368812929624,-6999994.12934054,-60865.0029027269,14394401.4385504,58851815.6544923,-28770311058.2527,-9527023580.69727,0.0148501794350097,0.0819125656478547,0.181293057024379,0.249062551002545,-0.00208076530324562
0.049,0.889177683635645,-0.015274257639533,77.8931663122844,-0.423616591698802,4463.03428103911,0.818840336008114,78173.8057143477,-317.395745268554,-6999984.88343111,-6776.69903858318,-14375909.6197023,49324792.073795,28732838452.6523,-14455026839.609,0.015274257639533,0.07913882344132,0.193005872153995,0.268749584028307,-0.00198079780865453
0.05,0.969315104310139,-0.0156975176017536,82.3941204724776,-0.422955643944155,4537.70689552841,0.505674747114251,71171.4216825155,-301.919219410175,-6999994.37382449,35320.5796154074,14356928.83295,34869765.234186,-28697559725.6556,-16657482328.7518,0.0156975176017536,0.076150322441407,0.206138557244218,0.289086820839696,-0.00187295126418652
0.051,1.05398964854735,-0.0161202689890573,86.9662467721773,-0.422593727948945,4605.37951711383,0.226533383287112,64173.8228464865,-251.940004232466,-6999986.22485437,61861.6036852175,-14340630.8927056,18212282.9054343,28664620296.7234,-16285727533.8422,0.0161202689890573,0.0729773553477602,0.220894124105199,0.310021900630356,-0.00175779259047868
0.052,1.14326898896944,-0.0165427887335986,91.6025461776891,-0.422482231169768,4666.05215110192,0.00788098940091705,57171.443742902,-183.686547016839,-6999994.54559871,71931.0228237307,14323989.4040178,1926555.37159208,-28633011885.3579,-13712434325.2214,0.0165427887335986,0.0696641721602224,0.237464800350335,0.331497478467034,-0.00163590320091474
0.053,1.23721379820979,-0.0169652946445626,96.2960177431294,-0.422554238947217,4719.72479186143,-0.140090305072342,50173.8390233577,-113.077652228182,-6999987.06213737,67001.3610327121,-14309022.4813401,-11785878.9536293,28602852991.1905,-9479066389.39824,0.0169652946445626,0.0662713339671864,0.255997482304533,0.353451463831168,-0.00150786627392757
0.054,1.33587774890971,-0.0173879350945954,101.03966243214,-0.422740271255408,4766.39744430218,-0.222026551042665,43171.4645921448,-53.5490750705178,-6999994.65812311,50475.9488843836,14293830.5098504,-21264945.3430275,-28573442877.9571,-4257196188.34649,0.0173879350945954,0.0628782302419584,0.276533468383029,0.375817277265185,-0.00137426038602826
0.055,1.43930751372109,-0.0178107933839283,105.826479300426,-0.422981581201863,4806.07010331023,-0.254059192402676,36173.854608797,-14.4151315557057,-6999987.54905224,27082.4054471828,-14279612.3681067,-25522141.531374,28544882682.8021,1208565444.86409,0.0178107933839283,0.059585748693288,0.298910289364788,0.398524124069732,-0.00123565896408379
0.056,1.54754276530344,-0.0182339034798206,110.649469309339,-0.423239387576987,4838.74277357922,-0.259136454596484,29171.4847340078,0.107630699934102,-6999994.72007894,2164.54663824082,14265270.3146954,-24313576.0865099,-28516630362.2167,6182625907.07962,0.0182339034798206,0.0565190838933708,0.322614986368513,0.421497283927176,-0.00109263424260372
0.057,1.66061617632651,-0.0186572725215232,115.501631516247,-0.423499071002248,4864.41545030531,-0.261741203845719,22173.8698773592,-8.85417305390012,-6999987.76494536,-19057.7164947293,-14251360.0475213,-18130950.1794303,28488776317.3843,10022914775.9234,0.0186572725215232,0.053830668027887,0.346591881636278,0.444658415272718,-0.000945763882062033
0.058,1.77855341946754,-0.0190809048700649,120.375966880463,-0.423769087510671,4883.08813810586,-0.282728438727892,15171.5045617763,-35.3068788423574,-6999994.73683418,-32177.2092861979,14237416.269863,-8108035.40350689,-28460853625.309,12239677347.749,0.0190809048700649,0.051703204205691,0.369046854314006,0.467925873173615,-0.000795638157688731
0.059,1.90137316741382,-0.0195048225975592,125.265474461112,-0.424075068094532,4894.76083233303,-0.33496527489111,8173.88505747284,-69.4981596056839,-6999987.74737698,-34165.4060158303,-14223437.355446,4131641.94424216,28432946906.0965,12521370930.5634,0.0195048225975592,0.0503527798531621,0.387363372080724,0.491215039432342,-0.000642865676706551
0.06,2.02908709286008,-0.0199290781030552,130.163155215647,-0.424450200187056,4899.43353765005,-0.420335806725229,1171.52441590249,-99.5108494942992,-6999994.71127937,-23773.0786063064,14209509.5506505,16653012.8748056,-28404607684.1138,10744429367.5373,0.0199290781030552,0.05,0.398581562061105,0.514438663579252,-0.000488075905269447
0.061,2.16169986851114,-0.0203537558931343,135.062008205078,-0.424923470185849,4897.10624943658,-0.528510008819899,-5826.09964188225,-113.16668343528,-6999987.50557078,-1747.85104773213,-14195098.1334633,27397442.2423429,28375918850.8851,6989192026.25404,0.0203537558931343,0.05,0.407075117862685,0.53750721338595,-0.000331917335864251
0.062,2.2992091670793,-0.0207789623142463,139.955034385113,-0.425507655041534,4887.77897252218,-0.637693161070894,-12828.4553767113,-100.050948024132,-6999994.6442788,29144.1872077378,14180820.7174218,34386634.2685969,-28346401356.5933,1568851170.93212,0.0207789623142463,0.05,0.415579246284926,0.560329233491286,-0.000175050835382925
0.063,2.44160566128714,-0.021204803987951,144.83523281882,-0.426189070461895,4871.45170219339,-0.717375540980935,-19826.0840108575,-53.4519684869399,-6999987.02423967,64315.2470618008,-14165580.6391715,35955485.4395291,28316140040.561,-4948196288.60724,0.021204803987951,0.05,0.42409607975902,0.582811710708707,-1.81385084256596e-05
0.064,2.58887302386487,-0.0216313576822863,149.695604460239,-0.426920995869018,4848.12444357947,-0.732883479875745,-26828.4344687433,28.016321913191,-6999994.53485856,97796.6343570263,14150559.4013894,31007289.1509218,-28284569816.7899,-11760533366.859,0.0216313576822863,0.05,0.432627153645726,0.604860444555584,0.000138170791529786
0.065,2.74098792755336,-0.0220586361335885,154.529148374731,-0.427622377782941,4817.79719174613,-0.651290981482506,-33826.0678188706,139.356511951202,-6999986.26036557,122923.656824519,-14134010.4154005,19246755.7840628,28251781194.9443,-17923036198.7177,0.0220586361335885,0.05,0.44117272267177,0.626380421533747,0.000293257458079376
0.066,2.89792004510135,-0.0224865556734613,159.328865514705,-0.428182850642788,4780.46995228622,-0.448011641663315,-40828.4124542448,268.916373967965,-6999994.38018349,133208.894509223,14117770.7795438,1323719.58534509,-28217044061.9844,-22475598576.3191,0.0224865556734613,0.05,0.449731113469226,0.647276191673614,0.000446546260369922
0.067,3.05963204926882,-0.0229149121803438,164.087754948132,-0.428474334756721,4736.14271989351,-0.11320668378386,-47826.0507897155,399.041195173807,-6999985.13143494,123294.814806408,-14099273.2824406,-21151878.990974,28180458780.0097,-24548690542.4581,0.0229149121803438,0.05,0.458298243606876,0.667452245855152,0.000597517976934731
0.068,3.22607961282403,-0.0233433716846536,168.79881762581,-0.428368557607829,4684.81550084498,0.342933743522053,-54828.3888146616,507.668622060985,-6999994.17532738,89868.590544205,14081185.4975691,-45700569.5334321,-28140996864.4692,-23413151167.1569,0.0233433716846536,0.05,0.466867433693073,0.686813392413185,0.00074571500324245
0.069,3.39721140854729,-0.0237714808327844,173.455052618759,-0.427758910754843,4626.48828926537,0.886944351300937,-61826.0325633843,570.784735977281,-6999983.48826204,32461.4454271944,-14059811.3669001,-69113720.7005889,28098773664.2034,-18514962007.5053,0.0237714808327844,0.05,0.475429616655689,0.705265131547951,0.000890738874413916
0.07,3.57296910922781,-0.024198700389677,178.049460876159,-0.426584197824361,4561.16109243819,1.46166939979141,-68828.3628283858,565.60349405293,-6999993.91279684,-45909.7562771472,14038962.2973033,-87628682.7080943,-28052204493.5107,-9593199745.41104,0.024198700389677,0.05,0.48397400779354,0.722714026066846,0.0010322384800578
0.071,3.753287387668,-0.0246244621420219,182.57504147272,-0.424851109442034,4488.83390363861,1.98931351859835,-75826.0126274495,474.280529797501,-6999981.05274629,-138335.038857947,-14013242.1962074,-97221882.4535053,28001426458.2452,3037073890.64602,0.0246244621420219,0.05,0.492489242840437,0.739068067009399,0.00116988889859895
0.072,3.93809391668,-0.0250482461178738,187.024795355996,-0.422651737101166,4409.50673167052,2.37834942663674,-82828.3333968842,287.840728694576,-6999993.58171337,-234038.384366129,13988184.2620378,-94184808.5628593,-27943726296.4883,18140576107.531,0.0250482461178738,0.05,0.500964922357475,0.754237032722636,0.00130336217405173
0.073,4.12730936909096,-0.0254696712180844,191.391721605348,-0.420172246903132,4323.17956852489,2.53422935239226,-89825.9901741827,9.73336939827167,-6999977.26059958,-319152.904875223,-13955542.0344505,-76044232.4553283,27879272331.1338,33576658481.6987,0.0254696712180844,0.05,0.509393424361687,0.768132839993012,0.00143229289247655
0.074,4.32084741773891,-0.0258885886131885,195.668821166755,-0.417689231721052,4229.85242543309,2.3731112580471,-96828.298660411,-341.845541957666,-6999993.16646846,-378408.808089702,13923730.2966833,-42467573.9736296,-27802705449.7369,46955146612.7393,0.0258885886131885,0.05,0.517771772263769,0.780669885865171,0.00155624290349851
0.075,4.51861473547964,-0.0263051643192521,199.849093125796,-0.415551489558026,4129.5252923651,1.83693984749117,-103825.963745973,-733.662279265393,-6999970.78889665,-397398.808756962,-13878975.1530537,4487572.63910978,27714239090.6308,56375288248.4239,0.0263051643192521,0.05,0.526103286385042,0.791765378830089,0.00167467068349877
0.076,4.72051099518172,-0.0267199360585212,203.925538427152,-0.414146957208698,4022.19818482211,0.907675062964169,-110828.254982597,-1119.42142032806,-6999992.64450438,-364723.59199364,13835263.9375771,60862860.8875337,-27600580704.6321,60508292320.5874,0.0267199360585212,0.05,0.534398721170424,0.801339658096455,0.00178691132025782
0.077,4.92642886973605,-0.0271338303540217,207.891156165506,-0.413856739932924,3907.87108937039,-0.381443164366101,-117825.930091917,-1443.62886649117,-6999957.67091912,-273606.584945813,-13765316.767055,121371153.208121,27462010267.8014,58076946721.5792,0.0271338303540217,0.05,0.542676607080433,0.809316499725602,0.001892172709373
0.078,5.13625403204975,-0.0275481287285335,211.738947285514,-0.415000057522087,3786.54403047398,-1.93922692501543,-124828.193419508,-1646.87038371266,-6999991.98255228,-123196.958376902,13696693.5007463,179448099.9297,-27245812131.3982,47177766290.0766,0.0275481287285335,0.05,0.55096257457067,0.815623408445903,0.00198955232324335
0.079,5.34986515506156,-0.0279643764501965,215.461910897595,-0.417775382313138,3658.21698860327,-3.6158220309995,-131825.878023999,-1672.48033107637,-6999918.19511723,79840.0246978368,-13549118.6306519,226625866.219777,26952367199.9181,25075683317.3237,0.0279643764501965,0.05,0.55928752900393,0.820191894045573,0.00207807701923301
0.08,5.56713391173506,-0.028384233240203,219.05304795421,-0.42220448613044,3522.89001631058,-5.20956655188543,-138828.078717232,-1475.14809271575,-6999991.13014792,319003.732576275,13403248.5692662,251701549.537101,-5749994083.3676,-9342795704.46865,0.028384233240203,0.05,0.567684664804061,0.822957731277381,0.00215676590211393
0.081,5.78792497512171,-0.0288092729912659,222.505357776526,-0.428088049731987,3380.56393631995,-6.48365180321122,-145822.326555442,-1031.85071798834,-6989462.87862034,566033.884261142,7653254.48589861,242358753.832632,-36360771748.5496,-49097757766.3874,0.0288092729912659,0.05,0.576185459825318,0.823861202327051,0.00222471315611029
0.082,6.01209601993096,-0.029240749305809,225.811845654968,-0.434983598780054,3231.24663883545,-7.19413819333714,-152814.022935444,-352.820416438612,-6999990.01000871,783843.75921058,-28707517.262651,193260996.066244,57424013501.6408,-82296497890.46,0.029240749305809,0.05,0.58481498611618,0.822847321501672,0.00228118384363081
0.083,6.2394977280758,-0.0296793546207242,228.965517899721,-0.442216139817722,3074.93022897602,-7.12625558490486,-159818.796035167,513.937757823346,-6999985.52052054,935956.506331594,28716496.2389898,110964498.175784,199975450399.068,-104636552025.101,0.0296793546207242,0.05,0.593587092414485,0.81986604226772,0.00232571131515069
0.084,6.46997378347499,-0.0301250084544781,231.959374929408,-0.448925682223169,2911.62455857373,-6.1302053472208,-166771.094065835,1487.93708790532,-6871281.29908202,994602.728494828,228691946.638058,6327946.15068299,199987347775.217,-117731658793.177,0.0301250084544781,0.05,0.602500169089561,0.814872440066743,0.00235818183521582
0.085,6.70336089138148,-0.0305767099188632,234.786479922792,-0.454146869337755,2741.46427198895,-4.14881772315934,-173494.698166969,2466.08184634329,-6542595.67855635,942064.845248922,428679294.413275,-111403712.642494,199988536158.732,-123477474016.258,0.0305767099188632,0.05,0.611534198377263,0.807826884157519,0.00237889227190621
0.086,6.93948891889917,-0.0310324820305803,237.440125941292,-0.456911306130512,2564.77805538745,-1.23541563438268,-179789.622775626,3331.86525626826,-6013922.11606371,768922.395598299,628667830.572006,-234881186.658752,199986137075.951,-122068603282.359,0.0310324820305803,0.05,0.620649640611606,0.798695235936297,0.00238856983754328
0.087,7.1781812238676,-0.0314894258221018,239.914034725983,-0.456363439358632,2382.09458228127,2.43667776343817,-185455.879953557,3963.00229132345,-5285261.21695373,473006.907298367,828653967.647958,-356949789.941111,199975433135.846,-110385679508.382,0.0314894258221018,0.05,0.629788516442035,0.787449099360436,0.00238834680419105
0.088,7.41925518353537,-0.0319438938414707,242.202556685129,-0.451882218753559,2194.14251302355,6.5720924734411,-190293.484947831,4239.13669039987,-4356619.53273784,60864.277603065,1028629400.7838,-467335469.449493,137419457018.937,-75538405393.1402,0.0319438938414707,0.05,0.638877876829414,0.774066126857207,0.00237968662741728
0.089,7.66252292313315,-0.0323917849545709,244.300870357144,-0.44320051568659,2001.84788235353,10.7606246241762,-194112.88653734,4053.74349904599,-3259280.40344457,-444240.394542998,1166048857.80274,-542873874.842633,-199976618014.53,17735845458.8875,0.0323917849545709,0.05,0.647835699091418,0.758530379416241,0.00236426113790666
0.09,7.90779223891969,-0.0328289525433612,246.205165501725,-0.430509531324721,1806.29136473168,14.5025079403711,-196822.471948219,3341.02214132483,-2193219.8546491,-978246.346656188,966072239.78821,-525138029.383746,-199987556940.975,109065889320.372,0.0328289525433612,0.05,0.656579050867224,0.740832737170011,0.00234378252532457
0.091,8.15486766274714,-0.0332516989686264,247.912718680287,-0.414520525240276,1608.52496208123,17.2714283155255,-198565.986942465,2118.38442819683,-1327141.39333137,-1448851.43137975,766084682.847235,-416072140.063374,-199990513595.847,146295132442.311,0.0332516989686264,0.05,0.665033979372529,0.720971337836703,0.00231980158667787
0.092,8.40355150038602,-0.0336572943485274,249.421769712273,-0.396447497162281,1409.41475228451,18.6021373018737,-199543.417746638,485.879448859112,-661051.96728206,-1791776.00522197,566094169.251388,-269777007.621063,-199990946923.711,162730068591.245,0.0336572943485274,0.05,0.673145886970548,0.698951975096572,0.00229349753971419
0.093,8.653644697134,-0.0340444364765919,250.731324501022,-0.377910934094928,1209.62682462631,18.1539463330429,-199954.754453782,-1413.66338207485,-194953.271492527,-1980187.97854741,366103222.327677,-107046939.029818,-199988634603.745,171008880148.52,0.0340444364765919,0.05,0.680888729531837,0.674788397709159,0.00226549303533891
0.094,8.90494750390497,-0.0344135892104619,251.840955043938,-0.360796885997805,1009.62727788073,15.7394731751956,-199999.987553211,-3418.87335011241,71155.6335332774,-2001730.47750296,166114587.723932,63961941.1187018,-199976174854.105,175233568441.791,0.0344135892104619,0.05,0.688271784209238,0.648502497881533,0.00223571973337994
0.095,9.15725994332795,-0.0347671688011376,252.750599442288,-0.347096345883299,809.682221568288,11.3376963085366,-199879.103988292,-5359.41726231572,137282.133830157,-1850151.75216337,-33861587.1301723,239195509.560493,-199908636623.602,176832896157.43,0.0347671688011376,0.05,0.695343376022751,0.620124388237666,0.00220334687647387
0.096,9.41038207585728,-0.0351095643858362,253.460361915413,-0.338735276744248,609.85778552253,5.10043712573912,-199792.070754131,-7060.49911033927,3466.2283881838,-1522539.79452416,-233770223.753775,416028405.717923,199196067013.496,175933810980.689,0.0351095643858362,0.05,0.702191287716723,0.589692367365822,0.00216677841496792
0.097,9.66411406646,-0.0354469859217715,253.970316162804,-0.337400045174103,410.03678601476,-2.64466323878505,-199872.290293117,-8345.70240017435,-130705.961858843,-1018544.48331589,-34574156.7402792,591962216.698611,199565375954.577,170928892498.817,0.0354469859217715,0.05,0.708939718435429,0.557252774582721,0.00212372117153897
0.098,9.9182560835104,-0.0357871365178988,254.2803952418,-0.344361227527061,210.101695605255,-11.3938554739801,-199987.022437354,-9039.77762639114,-65497.4306218337,-341117.82036787,164991219.214298,762891109.197429,-179346156330.558,152239119895.541,0.0357871365178988,0.05,0.715742730357975,0.522859747240105,0.00207132479770425
0.099,10.1726081968264,-0.0361387089471406,254.390497890031,-0.360298768995416,10.1019502326128,-20.4707001956933,-199999.915284423,-8974.07670551104,9820.71042718587,497892.848777329,-14354937.1162593,915130229.09297,-15906255454.5266,-43758588125.6288,0.0361387089471406,0.05,0.722774178942812,0.486574947584082,0.00200639287584203
0.1,10.4269704126398,-0.03651071043484,254.300600788732,-0.385135759631091,-189.89610994676,-29.0451320464721,-199999.92308513,-8025.91184020816,-12487.3544163368,1391143.78380748,-30261192.5707859,871371640.967341,197480563355.076,-168686886030.997,0.03651071043484,0.05,0.7302142086968,0.448467314612,0.00192566254106775
0.101,10.6811427315548,-0.0369116414210004,254.010703020805,-0.417927088872709,-389.899091884387,-36.2372720081999,-199994.627608606,-6227.19671692217,55991.7346904153,2178171.98175933,167219370.78429,702684754.936344,-199327268453.367,-184450932428.891,0.0369116414210004,0.05,0.738232828420007,0.408612796916911,0.00182614121564922
0.102,10.9349251560414,-0.0373486286553063,253.520821253486,-0.456887189135391,-589.846159033369,-41.2659540639376,-199888.247399932,-3728.42417976615,123547.471248022,2788631.27048122,-32107897.669077,518233822.507452,-190883532842.402,-190051627562.052,0.0373486286553063,0.05,0.746972573106126,0.367094038688811,0.00170545942093404
0.103,11.1881177441226,-0.0378266499778794,252.831048633472,-0.499532574098424,-789.685937494491,-43.5216091225269,-199812.567799659,-712.351269291541,-4002.19284225636,3211839.27920765,-222991430.511479,328182194.945401,199918308219.526,-192746837099.194,0.0378266499778794,0.05,0.756532999557588,0.324000058324782,0.00156218409992914
0.104,11.4405206459453,-0.0383479257879663,251.941448119722,-0.542862984274582,-989.529341699481,-42.5813748379362,-199894.745989721,2631.45463453894,-127034.469243973,3443648.05560345,-23073122.2919537,135435357.846207,199976893112.92,-194218097248.445,0.0383479257879663,0.05,0.766958515759327,0.279425895959484,0.00139606175818525
0.105,11.6919340083956,-0.0389114965396712,250.85195093771,-0.583550665796881,-1189.48311807366,-38.2136160366732,-199999.987537925,6110.45068619076,-50119.1449794667,3481974.36482544,176903770.820966,-58782739.4022388,199988785211.229,-195042631348.067,0.0389114965396712,0.05,0.778229930793424,0.233472186136513,0.00120818302023589
0.106,11.9421578841067,-0.0395129912835222,249.562468510241,-0.618132802065725,-1389.47034835622,-30.3801020676096,-199928.323333292,9530.5265760904,226779.018447114,3325670.30974917,376892556.032195,-253825370.750306,199991027151.429,-195448378747.916,0.0395129912835222,0.05,0.790259825670444,0.186244711251461,0.00100106617237897
0.107,12.1909923089232,-0.040144589532597,248.073089167169,-0.643205567253935,-1589.21413379482,-19.2371882475508,-199479.76619897,12696.7094706731,703667.088055023,2974120.7496249,576883583.183624,-449273749.498222,199990580957.094,-195501619002.741,0.040144589532597,0.05,0.80289179065194,0.137854002229031,0.000778658667800489
0.108,12.4382375788003,-0.0407951776695096,246.384278131527,-0.655619062894266,-1788.23758624502,-5.13644326110674,-198454.325555831,15413.6097423818,1380545.96171719,2427096.19062531,776874164.140717,-644775368.500963,199987633480.178,-195125628027.224,0.0407951776695096,0.05,0.815903553390192,0.0884150000951525,0.000546256314673019
0.109,12.6836947266923,-0.0414507005342053,244.497077509818,-0.652672676939665,-1985.86382697458,11.3751217806697,-196652.011239796,17485.7973107521,2257413.942598,1684758.00811073,976861797.620895,-839900996.528187,199976746258.714,-193922143818.031,0.0414507005342053,0.05,0.829014010684106,0.0380467798431469,0.000310340420178308
0.11,12.9271661994306,-0.0420947084209638,242.413306281928,-0.632310475394988,-2181.21598857904,29.55523450673,-193872.836940678,18718.2844632957,3334264.11334825,747895.939673529,1176838543.87961,-1033823140.34622,-162823204543.269,-189772951351.706,0.0420947084209638,0.05,0.841894168419276,-0.0131276624734166,7.8333648311138e-05
0.111,13.1684567340872,-0.0427090992814638,240.135757263644,-0.593316106738774,-2373.23233800592,48.4672558768318,-189977.290756147,18917.6400075708,4429691.05495623,-380813.676348542,1014015339.33634,-1223596091.69792,-199975566412.158,-21739232246.6325,0.0427090992814638,0.05,0.854181985629275,-0.0649815589403596,-0.000141724162073155
0.112,13.4073744050429,-0.0432750549143269,237.668315146278,-0.535504664134971,-2560.8341129933,66.9896505629351,-185073.921292592,17921.4050799989,5343718.61108649,-1615279.38416978,814039772.924182,-1245335323.94456,-199986208433.694,191819136337.267,0.0432750549143269,0.05,0.865501098286537,-0.117384466197532,-0.000341578259349111
0.113,13.64373168664,-0.0437741552670202,235.015866944179,-0.45987381474176,-2743.10883444355,83.903852527539,-179356.513829782,15715.427889913,6057765.27979382,-2764705.1399457,614053564.490488,-1053516187.60729,-199988593555.015,196252438361.489,0.0437741552670202,0.05,0.875483105340405,-0.170202369973443,-0.000513231279383749
0.114,13.8773463636609,-0.0441895816202928,232.184113399361,-0.368615293530086,-2919.34245623075,98.069519001143,-173025.053200002,12456.6733958906,6571824.5475068,-3720095.10837225,414064970.935473,-857263749.245799,-199987410120.706,197675162924.614,0.0441895816202928,0.05,0.883791632405856,-0.22329786342049,-0.000649448367301424
0.115,14.1080422453221,-0.0445072479153683,229.179369306767,-0.264971525712254,-3089.02091913727,108.531504016428,-166279.527402048,8340.89227338288,6885895.81338192,-4478521.27615574,214077560.814767,-659588586.321185,-199975571089.477,198345850094.584,0.0445072479153683,0.05,0.890144958307365,-0.276530415821387,-0.000744229690136116
0.116,14.3356496793333,-0.0447167553665045,226.008363526666,-0.153041825747506,-3251.83015135462,114.5314686311,-159319.922070107,3565.63434574898,6999985.58865195,-5038936.93742963,14101989.7252895,-461242736.226601,-28195034361.7302,198718254173.321,0.0447167553665045,0.05,0.894335107330089,-0.329756731740195,-0.000793207238488131
0.117,14.5600058662083,-0.0448121507089431,222.678040431166,-0.0375849252283268,-3407.64890509188,115.509040646021,-152317.584658986,-1670.80425076507,6999990.06119637,-5400820.54656957,-14093044.6364406,-262524482.053279,-8287784441.4735,198942052730.47,0.0448121507089431,0.05,0.896243014178862,-0.382831198901648,-0.000793956801129262
0.118,14.7809549874601,-0.0447924865268086,219.195398742479,0.0761792958649037,-3556.46918888539,111.102361293826,-145326.022417514,-7169.73002957287,6981753.12433919,-5563874.00225761,-22380829.0779141,-63582429.3228092,81237772194.4693,199079450144.845,0.0447924865268086,0.05,0.895849730536171,-0.435606417434057,-0.000746223482873959
0.119,14.9983482214371,-0.0446621830867395,215.567429912353,0.182768489537763,-3698.30467997174,101.14839216866,-138341.920079015,-12732.2153381344,6999991.18135851,-5527916.706508,58856943.1165553,135497020.822036,-117860575055.457,199159132208.043,0.0446621830867395,0.05,0.893243661734789,-0.487933779108197,-0.00065205986753097
0.12,15.2120437340159,-0.0444311913611181,211.80112240774,0.276636759954907,-3833.14170582685,85.6830996112503,-131332.143855274,-18159.1903455301,6999917.83694734,-5292840.11958194,-59003631.938902,334656153.030078,118155664936.726,199193525646.253,0.0444311913611181,0.05,0.888623827222361,-0.539664059790743,-0.000515876376031576
0.121,15.4219066882158,-0.0441149570526278,207.903479809104,0.352373728325885,-3960.9788015496,64.9415649616695,-124342.035223474,-23251.5034676559,6999992.0374768,-4858587.20372874,59152032.997824,533849678.676331,-118373116155.348,199184100438.916,0.0441149570526278,0.05,0.882299141052557,-0.590648005379237,-0.000344403767442732
0.122,15.6278092469464,-0.0437341855081406,203.881498133508,0.404903680623887,-4081.81591429534,39.3580421761136,-117332.19602219,-27809.9684819733,6999957.51239695,-4225145.47483295,-59221083.1575244,733033779.115247,118512546679.554,199119775878.353,0.0437341855081406,0.05,0.874683710162813,-0.640736919094511,-0.00014656810706273
0.123,15.8296305730928,-0.0433144074637337,199.742181300846,0.429684750052137,-4195.65306371908,9.5659699105712,-110342.096960259,-31635.4104379356,6999992.7025792,-3392551.80777852,59291463.5220296,932153554.9936,-118626951967.736,198963894934.225,0.0433144074637337,0.05,0.866288149274675,-0.689783246148222,6.67211087948731e-05
0.124,16.0272568295079,-0.0428853456091729,195.492525336017,0.42290808720636,-4302.49022520713,-23.6020673431325,-103332.22968458,-34528.7248190616,6999970.69011736,-2360916.30531781,-59335488.4457066,1131117449.92782,118716051120.778,198596303309.193,0.0428853456091729,0.05,0.857706912183458,-0.737641152480769,0.000282868622810424
0.125,16.2205811790289,-0.0424800820128137,191.139534174738,0.381696956265752,-4402.32741229259,-59.1144558938938,-96342.1407301654,-36290.9830155307,6999993.22723204,-1130500.70373539,59380562.6750719,1329713753.23702,-118793198355.695,197399775896.885,0.0424800820128137,0.05,0.849601640256275,-0.784167095252131,0.000487975476666188
0.126,16.4095037844703,-0.0421340265307459,186.690203841865,0.304305641817987,-4495.16460936529,-95.740845311757,-89332.2560879884,-36723.7268799981,6999977.19072927,297912.937450075,-59412635.6806229,1527113529.1339,118858180018.07,-86294666999.6012,0.0421340265307459,0.05,0.842680530614918,-0.829220382881385,0.000667303694484484
0.127,16.5939318086338,-0.041883686913599,182.151538282279,0.190315495830628,-4581.0018265397,-132.064692412633,-82342.1755184298,-35676.639622481,6999993.64505768,1781879.13308418,59445544.3374472,1440818862.1343,-118916378432.367,-197668478389.262,0.041883686913599,0.05,0.83767373827198,-0.872663722432563,0.0008058212693037
0.128,16.7737794143035,-0.0417652638933303,177.530533519515,0.0407678503442049,-4659.83905249398,-166.618492178149,-75332.2784976088,-33207.2958047279,6999981.00017894,3123863.75602385,-59470834.0949202,1243150383.74504,118967625531.059,-198818332511.854,0.0417652638933303,0.05,0.835305277866605,-0.91436375223939,0.000888815920322084
0.129,16.9489677642526,-0.0418131995939361,172.834193504718,-0.141883504663752,-4731.67629531278,-198.064948471428,-68342.2049768888,-29494.9932455834,6999993.97884955,4267604.97351296,59496791.4361393,1044332051.23318,-119014645615.347,-199173353028.417,0.0418131995939361,0.05,0.836263991878722,-0.954191557689755,0.000902524431490996
0.13,17.1194250212391,-0.0420588451620319,168.069514259824,-0.353942828204861,-4796.51354611191,-225.260382778093,-61332.2983765904,-24738.417805292,6999983.44747802,5212350.34823193,-59517854.1792074,845158698.204767,119057302190.953,-199312933411.365,0.0420588451620319,0.05,0.841176903240637,-0.992023168194582,0.000834709668687621
0.131,17.2850863480115,-0.0425293173038298,163.243499740665,-0.590670140822914,-4854.3508116862,-247.260070331793,-54342.2309725035,-19136.7069301929,6999994.24439429,5957852.57973102,59539448.011746,645845764.793402,-119097185858.501,-199335877303.407,0.0425293173038298,0.05,0.850586346076597,-1.02774003341503,0.000675155672444456
0.132,17.445893907305,-0.0432465535819235,158.363145967534,-0.84648034008196,-4905.18808467791,-263.318515672876,-47332.3165350797,-12889.1541142824,6999985.09947678,6504030.40587271,-59557737.8467553,446509887.489995,119134182192.265,-199211925956.846,0.0432465535819235,0.05,0.864931071638471,-1.06122947693658,0.000416075198299838
0.133,17.6017968618459,-0.0442265669266949,153.435456899984,-1.11514248326507,-4949.02537102864,-272.889536766555,-40342.2546074943,-6195.07075232415,6999994.45272616,6850934.33038429,59576444.3455097,247297961.533149,-119169322983.641,-198441210492.005,0.0442265669266949,0.05,0.884531338533898,-1.09238512564551,5.24281389723423e-05
0.134,17.7527513743487,-0.0454788994493346,148.467428556668,-1.38997908261441,-4985.86266439083,-275.626192410536,-33332.333486426,746.439023744707,6999986.23557984,6999011.68667143,-59592878.6381316,48856751.0411433,119202509107.52,-97048851873.4984,0.0454788994493346,0.05,0.909577988986693,-1.12110731318864,-0.000417850237308191
0.135,17.8987206075193,-0.0470062753238139,143.466064900224,-1.66406432660777,-5015.6999701347,-271.376148453777,-26342.2766053139,7753.70427729113,6999994.61149547,6999344.01177582,59609630.4693887,-48192100.8323551,-119234472419.14,73516192330.9051,0.0470062753238139,0.05,0.940125506476278,-1.1473034559792,-0.000993711813771283
0.136,18.0396747240526,-0.0488044441007635,138.43836194767,-1.93039846095687,-5038.53728259887,-260.127741012722,-19332.3495906536,14741.2049373726,6999987.00575529,6987910.00710892,-59624841.9497516,25324091.49855,119265124000.224,-27594226471.4526,0.0488044441007635,0.0500582474981048,0.974953110426235,-1.17088840034736,-0.00167094582492669
0.137,18.1755908866356,-0.0508621582291115,133.391323664284,-2.18199012261446,-5054.37460678014,-241.889510149315,-12342.2974852065,21737.1779524855,6999994.72580565,6999436.98537174,59640282.050472,-2270134.97290262,-119295029554.681,775272202.853389,0.0508621582291115,0.0510885329023788,0.995568972910224,-1.19178473952802,-0.00244219453824862
0.138,18.3064532579447,-0.0531611786184418,128.331946065436,-2.411844559085,-5063.21193748166,-216.652959756964,-5332.3651233014,28735.6090824047,6999987.49307878,6997554.48650027,-59654747.5042091,-1494862.77004923,119324106268.434,6923134959.05189,0.0531611786184418,0.0531620083680305,0.999984392057145,-1.2099230993234,-0.0032969923456038
0.139,18.4322530006486,-0.0556762688272963,123.267233118727,-2.61296345981283,-5065.04927947858,-184.418534111148,1657.68234707002,35733.5699933464,6999994.79870879,6999521.19120974,59669358.7642252,5428272.18900266,-119352832799.583,-12713480102.9125,0.0556762688272963,0.0559970583844721,0.994271314129159,-1.22524239138205,-0.00422181252502628
0.14,18.5529882774059,-0.0583751942848716,118.204180837839,-2.77834850182977,-5059.88662787373,-145.184828538503,8667.619686361,42733.6864073002,6999987.74107322,6998592.72334729,-59683474.0353579,-7285207.91390987,119381128847.016,16551817769.7188,0.0583751942848716,0.059353581028018,0.983515961022055,-1.23769003318819,-0.00520012793466618
0.141,18.6686642508677,-0.061218721349594,113.149793192463,-2.90100022066258,-5047.7239873488,-98.952370311774,15657.6625452244,49731.3951629855,6999994.83146137,6999583.42431824,59697654.8116585,9266609.85580894,-119409441332.722,-19738862746.6579,0.061218721349594,0.0630295988826425,0.971269410480936,-1.24722213396689,-0.00621248331623139
0.142,18.779293083675,-0.0641606174904359,108.111066194515,-2.97392007453725,-5028.5613531721,-45.7204614542679,22667.6046305361,56732.3220817738,6999987.76560667,6998980.60280072,-59711786.5210635,-10472252.8908489,119437688989.882,22237020899.7062,0.0641606174904359,0.0668578778181364,0.959656806112849,-1.25380364586881,-0.00723657940116009
0.143,18.8848939384615,-0.0671476508408789,103.095003815609,-2.99010812921886,-5002.39873005281,14.5105320959619,29657.6427843806,63729.772728279,6999994.82358055,6999626.86035972,59725902.4688181,11764768.0088572,-119466335602.912,-24457266401.3342,0.0671476508408789,0.0707025862782264,0.949719867058919,-1.2574084799149,-0.00824736776792998
0.144,18.9854929778508,-0.0701195903600713,98.108602065779,-2.94256581989392,-4969.23611330354,81.7410599963223,36667.5895032617,70731.2057615763,6999987.55824791,6999162.99516791,-59740433.1340944,-12692498.392477,119495295181.35,26368486833.2707,0.0701195903600713,0.0744560248326085,0.941758447589884,-1.25801958634326,-0.00921715653709488
0.145,19.0811233644591,-0.0730092055530299,93.1588649184295,-2.82429293896766,-4929.07350778938,155.970830526035,43657.6227274728,77728.4172553535,6999994.77270449,6999654.74019207,59754862.0472555,13675988.4407937,-119525104120.563,-28171484885.4616,0.0730092055530299,0.0780354527561826,0.935590208993124,-1.25562899912006,-0.0101157260460814
0.146,19.1718252608925,-0.075742266613405,88.2527883815427,-2.6282909556201,-4881.91090874455,237.200180671021,50667.5740805142,84730.2147422851,6999987.08269146,6999244.98619013,-59770242.0733073,-14495496.4446679,119555667207.096,29839329793.4295,0.075742266613405,0.0813800353421581,0.93072295059778,-1.25023784453992,-0.0109104543642736
0.147,19.2576458297494,-0.0782375442203771,83.3973764302226,-2.34755948206484,-4827.74832134357,325.428845295735,57657.6019867035,91727.1852018851,6999994.6742217,6999669.15464218,59785425.1337887,15343833.3487616,-119587675041.088,-31510019136.7098,0.0782375442203771,0.0844479325646311,0.926458965238717,-1.241856313961,-0.0115664518247998
0.148,19.3386392336179,-0.0804068096786109,78.5996250701469,-1.97510005589949,-4766.58574060202,420.657109463036,64667.5580943186,98729.2746033455,6999986.26183494,6999257.97842258,-59802249.9072991,-16166185.7879482,119621017283.965,33158603404.0005,0.0804068096786109,0.0872135466054475,0.92195321493311,-1.23050360088326,-0.0120467042930418
0.149,19.4148666350779,-0.0821548347535939,73.8665382780504,-1.50391216340776,-4698.42317220939,522.88470029977,71657.5800674138,105725.975922775,6999994.52056963,6999671.09433663,59818767.376666,16992417.6160523,-119656683090.563,-34924025147.6598,0.0821548347535939,0.0896649426801687,0.916242539145281,-1.21620780269651,-0.0123122243284742
0.15,19.4863961966986,-0.0833793918248044,69.2051120569378,-0.92699744631369,-4623.26061078226,632.111888671601,78667.5411911567,112728.322555062,6999984.94640101,6999201.49937885,-59837915.7138973,-17931607.5316075,119694538635.028,36781035750.1836,0.0833793918248044,0.0918014545617815,0.908257850845826,-1.19900578758514,-0.0123222098711067
0.151,19.5533030810407,-0.0839712537379726,64.6223503851168,-0.237355303423011,-4541.09806283141,748.338355918253,85657.5562694733,119724.6884233,6999994.30000463,6999660.40972234,59856622.9211309,18849428.2185761,-119736170830.786,-38943977245.734,0.0839712537379726,0.0936314832371461,0.896827123044645,-1.17894302719047,-0.012034209562635
0.152,19.6156694506527,-0.0838141939931925,60.1252492623614,0.572012467634878,-4451.93552231523,871.564393452065,92667.5228524667,126727.282884257,6999982.83751036,6999037.84931805,-59879547.9096547,-20094549.0271579,119781409698.323,41825724568.8415,0.0838141939931925,0.0951704942609476,0.88067414847487,-1.15607339578772,-0.0114042942867389
0.153,19.6735844680744,-0.0827849865978038,55.7208126684759,1.50810652011212,-4355.77299707659,1001.789588908,99657.5294843053,133723.244413156,6999993.99444987,6999856.16257531,59901861.7886682,21731175.5416836,-119833174895.126,-199525503699.562,0.0827849865978038,0.0964392166213221,0.858416207618806,-1.1304589368413,-0.0103872339704399
0.154,19.7271442958317,-0.0807534065111877,51.4160365991083,2.57792361667358,-4252.61048000038,1139.00806970238,106667.502213834,140700.711912886,6999979.26879097,6921824.58626721,-59931313.1064582,-177794328.157878,119891239851.49,-199832057714.205,0.0807534065111877,0.0974620433185748,0.828562625628815,-1.10216959795294,-0.00893667930387937
0.155,19.7764520964407,-0.0775822420908169,47.2179250353819,3.78842660639929,-4142.44798123601,1283.13173518464,113657.49769938,147500.333992122,6999993.57561026,6644114.22925223,59959926.7450315,-377626385.872083,-119962138746.265,-199878508741.954,0.0775822420908169,0.0982656314066028,0.789515530305786,-1.07128293531367,-0.00700535214808567
0.156,19.8216180324012,-0.0731273928142294,43.1334739672373,5.14639846086455,-4025.28549185015,1433.88286028921,120667.477548572,153922.321943648,6999972.43298216,6166548.58900917,-60002212.0012332,-577504894.614037,120045553183.116,-199890274065.479,0.0731273928142294,0.0988776969707114,0.739574191699575,-1.03788378891487,-0.00454527274832565
0.157,19.862759266201,-0.0672381473535379,39.1696873765211,6.65824451176752,-3901.1230265557,1590.78387695017,127657.45646775,159766.803039672,6999992.99757248,5489098.55736239,60043341.1818825,-777395168.679515,-120162277123.829,-199886359773.478,0.0672381473535379,0.0993259984348691,0.676944087278699,-1.00206392985748,-0.00150806023359029
0.158,19.8999999603069,-0.0597576611462618,35.3335612441524,8.32979258281206,-3769.96057312718,1753.15733480875,134667.444089727,164833.889619399,6999955.20019245,4611760.20879614,-60118935.9419462,-977281528.452994,120320066283.202,-199866698590.237,0.0597576611462618,0.0996374997171864,0.599750709480662,-0.963921681235494,0.00215468742385385
0.159,19.9334712771694,-0.0505236338460388,31.6320995499817,10.1660931035125,-3631.79815792392,1920.1258964987,141657.393166329,168923.697947537,6999996.2973921,3534545.33104802,60201130.3412559,-1177148227.04323,-199985541482.754,-199816337460.236,0.0505236338460388,0.0998377030995477,0.506057654347896,-0.923561514136898,0.00649093553485179
0.16,19.9633113790964,-0.0393691866589882,28.0722975965247,12.1712192268945,-3486.63906581807,2090.61235005986,148654.159105311,171836.366442154,6960204.65699198,2257488.93527467,-139784411.141498,-1376964564.50347,-199995105086.551,-199650813005.031,0.0393691866589882,0.0999501402523332,0.39388825828155,-0.881093620481199,0.0115476789037359
0.161,19.9896654214191,-0.0261239395526152,24.6611381533925,14.348066971051,-3334.5364349155,2263.33964809169,155511.139039218,173372.097959676,6720422.69330721,780698.964268689,-339779516.228049,-1576615377.5085,-199996441533.98,1766379186.17219,0.0261239395526152,0.0999960086653247,0.261249822880922,-0.83663346702204,0.0173703344223965
0.162,20.0126854867865,-0.0106152880147431,21.4054615343286,16.698157107029,-3175.73004763406,2436.83939990305,162028.339234155,173364.783631721,6280644.95631217,-795033.223646723,-539775957.762029,-1574848998.32232,-199996751275.6,199654509177.319,0.0165410372905337,0.1,0.165410372905337,-0.790301352894737,0.0240020627542292
0.163,20.0325303449379,0.00733013695001474,18.3117682731665,19.22148243829,-3010.65968177935,2609.55251102778,168005.763419707,171815.601660443,5640870.62291234,-2270054.96738039,-739772709.037629,-1375194489.14501,-199996591591.3,199820216537.602,0.032530344937868,0.0999979900141474,0.325309988063417,-0.742222018021093,0.0314830283933863
0.164,20.0493650129244,0.0278849258093791,15.3860191276997,21.9165087730515,-2839.96511169101,2780.01221196536,173243.414922835,168891.252817913,4801099.61807906,-3545339.34825659,-939769300.628929,-1175374272.6074,-199995944876.082,199870948816.437,0.0493650129244436,0.0999711121899266,0.493792775163481,-0.692524313647955,0.0398496406836501
0.165,20.0633601153354,0.0512194319908897,12.6334350830527,24.7803284131977,-2664.48610834027,2946.94322735324,177541.297233121,164791.538158155,3761332.34501208,-4620778.14645578,-1139765245.50501,-975503323.790967,-199994327853.019,199891261616.885,0.0633601153354206,0.0999033009995624,0.63421443237094,-0.641340936337981,0.0491338448616555
0.166,20.0746910445269,0.0775004968901333,10.0582973552152,27.8088582997276,-2485.26243890589,3109.27012135344,180699.414567405,159716.323560073,2521569.93558056,-5496335.8394383,-1339759573.35803,-775612062.174081,-199989040999.299,199896353000.461,0.0746910445268796,0.0997805814034218,0.748552909557592,-0.588808226301886,0.0593625048145801
0.167,20.0835369208547,0.106890374438004,7.66374739535806,30.9970398755215,-2303.53386550963,3266.11733733147,182517.773209473,153865.497748382,1081815.84172288,-6171999.72511215,-1539748614.35733,-575715709.17362,-73396640967.9042,199887014308.824,0.0835369208547156,0.099586807813809,0.838835210090269,-0.535066030705373,0.0705568860737931
0.168,20.0900793530887,0.139545855545151,5.45158795126251,34.3390389726769,-2120.73486734173,3416.8092112247,182817.481970523,147438.954671067,-494631.093118397,-6647771.92713136,-1613145255.32523,-375828694.864796,199988790924.768,199847473489.643,0.0900793530886723,0.099303728067959,0.907109479585963,-0.480257632256528,0.0827322409560147
0.169,20.0945010094119,0.175617592437715,3.42211383857814,37.828445705116,-1938.42522559403,3560.86996879445,181549.609714896,140636.576308752,-2007781.95298125,-6923676.88525133,-1413156464.40046,-175981221.375153,199994067912.107,199604547847.448,0.0945010094118501,0.0989111462558205,0.955413145930347,-0.424529739087574,0.0958974972363466
0.17,20.0969840737498,0.215249622880795,1.57407157261394,41.4584743467376,-1758.10669984687,3698.02369331318,178868.581874366,133658.176237454,-3320941.38342565,-6999855.83270276,-1213162396.48836,23623326.4722952,199995665455.085,-46743832911.1163,0.0969840737498053,0.0983871978901069,0.985738752902906,-0.368032506347342,0.110055051319008
0.171,20.0977087551983,0.258579093908175,-0.0952032083289583,45.222161080304,-1581.09244924423,3828.18393119565,174974.391903606,126662.341429169,-4434105.94718647,-6999604.42268602,-1013166731.03327,-23120506.4388211,199996279863.049,46332181228.0835,0.0977087551983367,0.0977087496094563,1.00000005719939,-0.310919523208808,0.125200666308198
0.172,20.0968519752443,0.30573616556581,-1.58958802792405,49.1125090042242,-1408.49563825773,3951.34454750329,170067.035304213,119658.898783468,-5347274.53828821,-6999558.8385108,-813170451.170222,23211674.7892624,199996386800.186,-46630114339.8896,0.0968519752443378,0.0968519344734305,1.00000042096121,-0.253347716291088,0.141323467429604
0.173,20.0945862546014,0.356843998473965,-2.9139735764183,53.1225169865483,-1241.22943544841,4067.50559255854,164346.508271473,112663.174096629,-6060446.79605834,-6999662.22089148,-613174064.370036,-23418439.5506272,199995987253.679,46933462163.2975,0.0945862546014169,0.0957928344325554,0.98740427884522,-0.195477161488999,0.158405996655301
0.174,20.0910788000414,0.412018753669914,-4.0740637144831,57.2451869711289,-1080.00701308622,4176.66698803239,158012.807107772,105659.624899656,-6573622.86680154,-6999613.92936046,-413178077.116356,23515022.6126703,199994491878.817,-47202381771.9675,0.0910788000413589,0.0945083214784552,0.963711963312373,-0.137470805031682,0.176424297979502
0.175,20.0864907912218,0.471369592552362,-5.07617547695902,61.473517755729,-925.341547320877,4278.82875837189,151265.927617725,98663.9014179731,-6886803.69797848,-6999700.09763378,-213183585.237539,-23687359.1592972,199985709158.612,47475378897.3382,0.0864907912218413,0.0929770674757459,0.930237891665097,-0.0794940950974432,0.195348028131433
0.176,20.0809768675102,0.534998676885219,-5.92703907718917,65.8005112567818,-777.546219411799,4373.99083998864,144305.863078654,91660.2702039092,-6999994.42863672,-6999649.7673444,-13197876.0789275,23788019.7380411,26416847350.2182,-47728841458.0473,0.080976867510234,0.0911807310758802,0.888091886901471,-0.0217145256614408,0.215140592210909
0.177,20.0746848145608,0.603001168753565,-6.63359936057086,70.2191662170049,-636.741452491503,4462.15326127711,137303.67251987,84664.5596395241,-6999983.88104053,-6999726.16833538,13218971.2712907,-23940821.7200063,-26421598598.3743,47986717566.5289,0.0746848145607899,0.089105328416949,0.838163282574063,0.0356989053098137,0.235759303604691
0.178,20.0677554368269,0.675465230573033,-7.20285531017212,74.7224845394288,-502.936669650216,4543.31596714207,130305.894524699,77660.8608465898,-6999975.70906843,-6999673.63127213,-13202627.3270837,24045895.8465226,26387659998.2867,-48233682763.006,0.0677554368268574,0.0867427924036366,0.781107397506571,0.0925763155163938,0.257155567534779
0.179,20.0603225390919,0.752472025053164,-7.64180602539047,79.3034649246873,-376.131863932106,4617.47898908555,123303.7154453,70665.1712161138,-6999984.50639637,-6999744.5768071,13185032.671203,-24187786.9164834,-26354092586.4803,48486106648.1558,0.0603225390919171,0.0840927232682924,0.717333637768656,0.148747602874727,0.279275087414122
0.18,20.0525129261611,0.834095715210683,-7.9574523659254,83.9551092715112,-256.32704132175,4684.64227696989,116305.931106475,63661.4137636231,-6999976.52001841,-6999689.31039951,-13169059.9152773,24298319.7316724,26321983426.9065,-48733302139.2479,0.0525129261610502,0.0811643308298936,0.64699512241539,0.204043116419706,0.302058093179469
0.181,20.0444464028574,0.920403464337386,-8.15679343380822,88.670416246797,-143.522196569295,4744.80586524401,109303.757053736,56665.7513960663,-6999984.58822023,-6999757.64173746,13152923.5116291,-24434982.4075755,-26289073135.1983,48987433458.6377,0.0444464028574423,0.0779785664312595,0.569982302721904,0.258294323865503,0.32543959060611
0.182,20.0362357740253,1.01145543601655,-8.24683008698581,93.4423877515698,-37.7173350337971,4797.9697064652,102305.967415083,49661.9408353681,-6999976.2012762,-6999698.90741572,-13136149.6235692,24552451.0510623,26256249982.3741,-49240577551.2975,0.0362357740252683,0.0745704399401627,0.485926783512943,0.311334473083155,0.349349630608702
0.183,20.0279868445267,1.10730479409358,-8.23456142954977,98.2640224246487,61.0875489327929,4844.13383823131,95303.7991806585,42666.3113905527,-6999984.22590858,-6999766.7451403,13120100.3588049,-24688126.5002352,-26221481846.9182,49502530645.4627,0.0279868445266587,0.0709915144916377,0.394228024674066,0.362999244899502,0.373713597376809
0.184,20.019798419245,1.20799770269532,-8.12698831690579,103.128322174634,152.892450122147,4883.29821416698,88306.0047579549,35662.4510039365,-6999974.86647324,-6999703.6063178,-13101381.4881133,24814404.1452275,26185605281.1356,-49767081185.38,0.0197984192450136,0.0673125688218196,0.294126633280349,0.413127394669588,0.398452514201971
0.185,20.0117623030822,1.31357332620222,-7.93110985455993,108.028285616243,237.69737495017,4915.4628754734,81303.8434682844,28666.8600861605,-6999983.44532078,-6999772.74276527,13084223.7930223,-24952677.0401525,-26146351106.7026,50042784063.7633,0.0117623030821967,0.0636264141477247,0.184865094784182,0.461561380118435,0.423483365706103
0.186,20.0039633009624,1.42406382927058,-7.65392689449344,112.956914670297,315.502317968464,4940.62777552468,74306.0444096757,21662.9514688857,-6999972.39708111,-6999704.02777354,-13062127.3136804,25090107.0236108,26104603855.9368,-50324500323.5518,0.00396330096243602,0.0600508495785465,0.0659990822819589,0.508147973015559,0.448719435200855
0.187,19.9964792178295,1.5394943768054,-7.30243854310326,117.907207930268,386.307286850207,4958.79295981,67303.8917162471,14667.4050779034,-6999982.22246682,-6999776.1709117,13042476.5422565,-25234393.2999409,-26057356457.8121,50620338478.8291,0.00352078217045104,0.0567317370555586,0.062060186294015,0.552738852308019,0.474070655768439
0.188,19.9893808586517,1.65988313398577,-6.88364564780679,122.872167333659,450.112275478126,4969.958380251,60306.0878393084,7663.44843342155,-6999968.42415347,-6999700.39497223,-13014879.9155557,25385945.1788881,26005628233.3769,-50925814188.2726,0.0106191413482719,0.0538461738071985,0.197212551931634,0.595191176424818,0.499443973688443
0.189,19.9827320284186,1.7852412662376,-6.40454731538613,127.84479145476,506.917293526548,4974.12408756887,53303.9462465694,667.953375340718,-6999980.48995233,-6999777.35688747,12990748.3178212,-25539869.0093844,-25944850964.3082,51249259031.6275,0.0172679715813899,0.0516057373280772,0.334613406870071,0.635368132544564,0.524743722703071
0.19,19.9765895321474,1.91557293926266,-5.8721443870772,132.818082252373,556.722333617404,4971.29003100673,46306.1369889486,-6336.05237287951,-6999962.16711667,-6999692.59638104,-12954102.646487,25709390.0222431,25876270344.6527,-51586546479.591,0.0234104678526066,0.0502597749461835,0.465789348990793,0.673139460724419,0.549872007664008
0.191,19.9710031748795,2.05087531901055,-5.2934359694452,137.785038283097,599.527408683617,4961.45626779456,39304.0104822328,-13331.488031996,-6999978.13459083,-6999776.47959859,12922167.6981657,-25877156.4573479,-25792005323.1043,51946920750.8947,0.0289968251204762,0.05,0.579936502409524,0.708381950881654,0.574729095977787
0.192,19.9660157616889,2.19113857171202,-4.67542289505262,142.738661532139,635.332509126283,4944.62274311838,32306.1947639372,-20335.5452696982,-6999951.96955421,-6999680.17568049,-12869837.6249385,26069764.2935468,25693633350.7855,-52326381004.3421,0.0339842383110636,0.05,0.679684766221271,0.740979910743954,0.59921381533663
0.193,19.961663097678,2.33634586384941,-4.02510426933558,147.671950539447,664.137653500562,4920.78952245569,25304.0901477957,-27330.9116267326,-6999974.99050376,-6999773.60188912,12823795.7258469,-26256616.7107953,-25565352055.4769,52735942335.0579,0.0383369023219871,0.05,0.766738046439741,0.770825602988816,0.623223956099474
0.194,19.9579739879895,2.48647336219535,-3.34948091197932,152.577907322596,685.942828229391,4889.95654525615,18306.2661631456,-34335.0242132546,-6999933.87080565,-6999662.24743238,-12741556.32963,26479325.6242626,25409186713.4153,-53171526349.8334,0.0420260120104814,0.05,0.840520240209628,0.797819649936194,0.646656676780066
0.195,19.9549702378012,2.64149023378075,-2.65555192546845,157.44953040558,700.748062580525,4852.12388765985,11304.1963786274,-41330.3087189332,-6999970.83377857,-6999768.68498304,12667630.3837853,-26692200.7255708,-25185376354.0748,53647160567.407,0.0450297621987872,0.05,0.900595243975744,0.821871404268876,0.669408910978391
0.196,19.9526666523449,2.80135864594042,-1.95031810856444,162.279821845651,708.553335423312,4807.29148119667,4306.36179731499,-48334.4823108511,-6999895.89157182,-6999637.3054249,-12517745.9702895,26954959.8418362,24896486027.5923,-54158488197.6859,0.0473333476551048,0.05,0.946666953102095,0.84289928441978,0.691377774209202
0.197,19.9510710368989,2.96603376627747,-1.24077855565977,167.061780151277,709.358700337431,4755.45941612273,-2695.64355290404,-55329.6685510547,-6999965.39452831,-6999761.58968191,12378740.0573027,-27203528.3558497,-24383923422.6178,54724564445.9495,0.0489289631010585,0.05,0.978579262021171,0.860831073374163,0.712460968958901
0.198,19.9501841968236,3.13546376271796,-0.533934025416403,171.78840742875,703.164121213796,4696.62761304563,-9693.48356464081,-62333.9111441735,-6999778.61618232,-6999602.83581478,-12005183.3653151,27521036.0900998,23650729471.656,-55340531774.2886,0.0498158031764078,0.05,0.996316063528155,0.875604179826767,0.732557186449069
0.199,19.9499999375535,3.30958980347041,0.163216421119148,176.45270217129,689.969732924231,4630.79618146741,-16695.3229842605,-69328.9768839056,-6999958.43481181,-6999752.06561183,11645546.1063409,-27819495.6841888,15868441394.3658,56034084774.9219,0.0500000624464505,0.05,1.00000124892901,0.88716586072671,0.751566503455392
0.2,19.9505050647414,3.48834605709261,0.843672450280214,181.047666546776,669.777032831974,4557.96502672161,-23686.8139057868,-76333.2996832304,-6980378.66800828,-6999554.51890855,27513987.5007067,28214589.0907331,-94206303095.0589,-56799595081.5611,0.0494949352585508,0.05,0.989898705171015,0.895473404504804,0.769390772713008
0.201,19.9516793871552,3.67165969244426,1.50044304107825,185.566299033514,642.600689994137,4478.13428556065,-30669.1366305605,-83328.2135067739,-6999967.8320551,-6999739.7273586,-66692315.5943522,-28585005.990828,199819048934.61,57680572655.4546,0.0483206128448401,0.05,0.966412256896803,0.900494275387786,0.785934005295292
0.202,19.9534957270749,3.85945087877105,2.12654138776402,190.001601878663,608.428779855323,4391.30384137973,-37669.1474455904,-90332.632308352,-6966750.62318215,-6999484.4470217,133126733.340258,29095566.6646267,199945768905.079,-58670267728.4634,0.0465042729251088,0.05,0.930085458502177,0.902206220195886,0.801102743578861
0.203,19.9559199157672,4.05163278564748,2.71498168195465,194.346573546544,567.306775960736,4297.47387151448,-44536.0104072849,-97327.3473499961,-6733651.00538935,-6999724.01422131,333072502.245336,-29574701.0638367,199959842189.051,59844195703.4669,0.0440800842328457,0.05,0.881601684656914,0.900597328461157,0.814806423237846
0.204,19.9589108506532,4.24811158308672,3.25891372189712,198.594216390137,519.467783794555,4196.64422654869,-51069.7985211867,-104331.884682132,-6300598.58204949,-6999376.61743341,533032344.434388,30269494.6396302,199962112930.914,-61194012964.031,0.0410891493467744,0.05,0.821782986935489,0.895666075957885,0.826957722992702
0.205,19.9624207288287,4.44878644146924,3.75182038269937,202.737528862854,465.344856461121,4088.81514872307,-57070.5539121972,-111326.325554406,-5667585.18114964,-6999704.12927579,732994457.365302,-30924518.3244008,199958745117.536,62870898205.6442,0.0375792711713494,0.05,0.751585423426988,0.887421396699928,0.837472900625363
0.206,19.9663954801172,4.65354953169414,4.1877175724328,206.769513466847,405.571007315623,3973.9864366384,-62338.3154071446,-118331.01345981,-4834611.35122557,-6999193.19849737,932953202.482838,31946379.8812434,199948969482.837,-64864283071.2462,0.0336045198827826,0.05,0.672090397655651,0.87588279218363,0.846272114133123
0.207,19.9707754000843,4.86228602508681,4.56135419277783,210.683168655119,340.979209640342,3852.15844829753,-66673.1253288816,-125325.044182212,-3801683.66400132,-6999678.96015175,1132902171.96567,-32917903.1900028,199925733264.532,67557855316.3596,0.0292245999157466,0.05,0.584491998314931,0.861080477519597,0.853279726605718
0.208,19.9754959830093,5.07487409362494,4.86841209611467,214.471497159569,272.602389747006,3723.33089322868,-69875.036951356,-132329.922451406,-2568818.62540338,-6998817.93568357,1332827905.23021,34639952.1263568,199850705570.99,-70938137006.1249,0.0245040169906616,0.05,0.490080339813233,0.84305556378477,0.858424593889479
0.209,19.9804889548112,5.29118490981678,5.10570603086703,218.127497474096,201.673408579886,3587.50437937908,-71744.1331732158,-139323.243433861,-1136065.36738767,-6999647.05206028,1532678610.8012,-36298184.8797681,86899279058.2639,76642033637.3353,0.0195110451888034,0.05,0.390220903776068,0.821860275782271,0.861640333682092
0.21,19.9856835057478,5.51108264709199,5.27138261440185,221.644172750175,129.620309961404,3444.67845613977,-72099.3760220265,-146328.265906088,440062.882942655,-6997624.22012138,1619577889.85946,40343848.7575672,-199834136661.402,-84653209838.2437,0.0143164942522205,0.05,0.28632988504441,0.797558204191989,0.862865575386407
0.211,19.9910077135094,5.73442447967687,5.36509239729367,225.014521778209,58.0025686067975,3294.85457488134,-70882.8298835977,-153319.827070137,1959723.70447141,-6999606.97628293,1419743753.19806,-44309361.0806765,-199908595709.313,88737891320.2338,0.00899228649062067,0.05,0.179845729812413,0.770224587331247,0.862044189377984
0.212,19.9963900865947,5.96106058354172,5.38803766166083,228.231548731652,-11.6721049905194,3138.03125684169,-68246.5524018121,-160326.799078407,3279513.15981482,-6999547.39170349,1219835157.48874,44428530.2395573,-199930449642.396,199107836190.022,0.00360991340530248,0.05,0.0721982681060496,0.739946593697509,0.859125495463865
0.213,20.0017610603125,6.19083413576758,5.34283802637386,231.288253508143,-78.0839253882445,2974.22038498231,-64390.44340486,-167270.947565626,4399383.09248236,-6855564.94336892,1019904707.84635,243536366.42958,-199937839954.916,199557464731.097,0.00176106031245737,0.05,0.0352212062491475,0.706823538089849,0.854064448713688
0.214,20.0070543161647,6.42358133763505,5.23333293967943,234.177707635513,-140.11302387222,2803.57055923377,-59514.4309317803,-173971.484748325,5319318.88035125,-6512249.84457379,819966867.891432,443093831.160676,-199937114813.463,199602805737.205,0.00705431616470875,0.05,0.141086323294175,0.670966979692411,0.84682181197087
0.215,20.0122079017143,6.65913156792865,5.06438175263158,236.893227202998,-196.839464932294,2626.42511531859,-53818.4514699522,-180228.920543029,6039317.19083595,-5969354.61054451,620029753.077969,642696636.897881,-199927177943.573,199522082958.041,0.0122079017142873,0.05,0.244158034285746,0.632500693008307,0.837364356372153
0.216,20.01716515052,6.89730772644569,4.84166378334268,239.42857140732,-247.543249813729,2443.32694699656,-47502.4405989012,-185843.673154631,6559383.35494213,-5226896.93216761,420102575.134395,842218719.855922,-199895348350.737,199158008476.269,0.0171651505199968,0.05,0.343303010399936,0.591560511913679,0.825665112654016
0.217,20.0218754021359,7.13792677688871,4.57147838226805,241.778142120348,-291.704310612152,2255.01849341284,-40766.3218477837,-190616.267725458,6879538.25590116,-4285099.20807356,220207226.783658,1041376728.33219,-199706671323.173,114518457233.218,0.0218754021358656,0.05,0.437508042717312,0.548294047763596,0.811703675744378
0.218,20.026294522181,7.3808004891692,4.26054501152018,243.937182641714,-329.002483238826,2062.43801047379,-33809.9644237112,-194361.592159827,6999892.14702323,-3186463.25112476,20500555.4604854,1155895185.56541,-42620485984.4291,-199187997708.304,0.0262945221809687,0.05,0.525890443619375,0.502860282979644,0.795466561316041
0.219,20.0303852227306,7.62573637380397,3.91580469377976,245.901955281299,-359.310860683365,1866.66753638609,-26806.9254132885,-197003.305817787,6999082.4594915,-2130162.0644135,-22119930.5239438,956707187.857104,45163320411.5068,-199568222786.138,0.0303852227306187,0.05,0.607704454612374,0.4554290421326,0.776947609879481
0.22,20.03411719568,7.87253874790779,3.54425633883023,247.669804337496,-382.620049716978,1668.75028539146,-19811.3756989904,-198688.375658736,6999544.18917331,-1273238.98794946,23043389.8875631,757138965.070965,-47964355740.4978,-199670066026.136,0.0341171956799826,0.05,0.682343913599652,0.406180347902182,0.75614841284933
0.221,20.0374671318711,8.12100976563925,3.15289775240023,249.2390281121,-398.929811271223,1469.54316048017,-12808.3038741634,-199616.323508488,6998605.40119062,-615935.055891566,-24920965.8529347,557468899.044829,52098169477.0534,-199683326321.331,0.037467131871086,0.05,0.749342637421719,0.355303693438375,0.733078692963462
0.222,20.0404187214738,8.37095027464861,2.7487296192033,250.608682018826,-408.240795182038,1269.70346078832,-5813.47592765302,-199986.804669244,6999733.52007622,-158307.820007402,27177203.6241188,357785572.723498,-198939631858.475,-199598336672.666,0.0404187214737846,0.05,0.808374429475691,0.302997271836188,0.707756583109464
0.223,20.0429626533885,8.62216047337189,2.338748182864,251.778378937056,-410.558163967043,1069.68881654049,1166.68958892551,-199999.486092335,6927440.9077711,99678.5843797633,-171762428.234356,158187236.050832,-199625488681.25,-199150275929.831,0.042962653388475,0.05,0.859253067769501,0.249467172866141,0.680208792803558
0.224,20.0450966038724,8.87444036866444,1.92991911686246,252.748089555197,-405.964698724299,869.757236351528,7974.97836779922,-199853.905602585,6655865.73519611,158290.682465679,-371387916.915607,-40963039.8789996,-199713800005.306,-196669129384.563,0.0450966038723841,0.05,0.901932077447682,0.19492654634628,0.650470661748151
0.225,20.0468251437584,9.12759003383448,1.52903407949973,253.517942874825,-394.732006883388,669.967454369805,14411.8645112033,-199748.874628289,6184620.91827785,18993.0778943982,-571101716.920913,-237632169.263563,-199721586365.179,177173192023.24,0.0468251437584044,0.05,0.936502875168088,0.139594707688587,0.618586100564217
0.226,20.0481594664678,9.38140966801457,1.14251331477356,254.088030632496,-377.331337265298,470.195853135253,20277.6476399598,-199819.168769689,5513658.40817435,-130052.495357544,-770823303.286092,-60458977.2403223,-199681211111.636,185242192694.957,0.0481594664678475,0.05,0.96318932935695,0.0836961507490638,0.584607419585323
0.227,20.0491169167568,9.63569948771344,0.776205962748542,254.458294250392,-354.433651022262,270.309300046374,25372.6141946392,-199948.577054885,4642994.49933244,-97890.376250388,-970504514.397728,124783215.454635,-199563601358.976,-76450143296.0564,0.0491169167568337,0.05,0.982338335136674,0.0274594642017206,0.548595058833325
0.228,20.0497203197565,9.89025960870593,0.435190350522044,254.628617509064,-326.909605480413,70.3293895833024,29497.0958365463,-199996.817513957,3572708.18425522,-11332.2324437811,-1170068115.7567,48333072.1585787,-199168710102.826,-79929593186.1285,0.0497203197564957,0.05,0.994406395129914,-0.028883844223456,0.510617282837239
0.229,20.0499971103226,10.1448900579264,0.12357433174654,254.598947948983,-295.829465600619,-129.668368934566,32451.575177906,-199997.304809186,2303055.71344711,-2963.9568782666,-1369236825.85953,-31596521.0275498,19869942925.8472,155455652700.15,0.0499971103225718,0.05,0.999942206451436,-0.0851006107667555,0.470749896619658
0.23,20.0499782630953,10.3993908386359,-0.155702389597772,254.369280412593,-262.453740789344,-329.665944490167,34073.3241355777,-199990.157751128,943753.859050499,43167.3484442587,-1349366882.93368,123859131.6726,199171022796.785,-152226201924.042,0.0499782630953263,0.05,0.999565261906525,-0.140957360573642,0.429075953660777
0.231,20.0496970410777,10.6535619570027,-0.401016739871084,253.939630476031,-228.125135412114,-529.620218136874,34375.5897236275,-199910.431870501,-306027.512484791,90913.3791548383,-1150195860.1369,-28367070.2514414,199568658055.208,-156407762611.083,0.0496970410776711,0.05,0.993940821553423,-0.19622172200802,0.385685420816662
0.232,20.0491876689761,10.9072034622988,-0.612051346762154,253.31006770883,-194.085943393999,-729.496438152949,33527.7257240834,-199859.769986907,-1356439.04359408,-15657.5724021449,-950627202.081688,-184774832.862525,199693917464.469,195445368278.461,0.049187668976117,0.05,0.983753379522341,-0.250663862708406,0.340674822200278
0.233,20.0484840984491,11.1601154699061,-0.789637445818818,252.480632705848,-161.386554478832,-929.386689174523,31729.2553990259,-199935.240747694,-2207219.28694354,-102709.721125439,-750933284.617219,10670535.415936,199749948287.051,198906960136.717,0.0484840984491086,0.05,0.969681968982172,-0.304057875792995,0.294146851323808
0.234,20.0476189579875,11.4120980828129,-0.935556866783251,251.451263380176,-130.877741356202,-1129.36321857021,29179.8611278216,-199999.464041089,-2858277.59741723,7414.29435885538,-551183336.330168,209577495.552653,199776764841.174,199493578487.82,0.0476189579874706,0.05,0.952379159749412,-0.35618307433553,0.246209919888896
0.235,20.0466227021496,11.6629513336722,-1.05234235834109,250.221912060143,-103.210558884609,-1329.31573364909,26079.2879897128,-199854.012069206,-3309572.55132681,316738.579155419,-351406571.488994,409071074.040474,199786804688.461,199580180746.33,0.0466227021495733,0.05,0.932454042991466,-0.406825183439453,0.196977693292118
0.236,20.04552296051,11.9124752957471,-1.1430778457065,248.792740818019,-78.8363004822791,-1528.93488207551,22627.3099534229,-199299.474589573,-3561085.72047157,825599.743569058,-151619766.800533,608651254.786803,199784019684.996,199511459250.523,0.04552296051002,0.05,0.910459210200401,-0.45577742532741,0.146568673161466
0.237,20.0443440863678,12.1604703922942,-1.21119865812226,247.164320821671,-58.0064790160718,-1727.71180194003,19023.7116861653,-198136.297308735,-3612813.47742961,1534006.72798112,48164252.8844632,808162714.037326,199767998022.874,199159762610.931,0.0443440863678077,0.05,0.886881727356155,-0.502841493419548,0.0951058400951945
0.238,20.0431069052337,12.4067379054269,-1.26029174529764,245.337831871975,-40.7728230265563,-1924.93810377566,15468.275001515,-196165.015929967,-3464765.22553371,2441749.32332391,247932250.907338,1007322476.64826,199733746964.714,168821088919.236,0.0431069052337207,0.05,0.862138104674415,-0.54782841183201,0.0427163582695238
0.239,20.041828663101,12.6510806844461,-1.29389589673601,243.315261597068,-26.9872863565333,-2119.70732375249,12160.7648592625,-193191.468520166,-3116966.10114401,3533482.34443179,447665997.872052,1176143565.56749,199666836964.397,-199176755912.138,0.0418286631010361,0.05,0.836573262020721,-0.590559277193924,-0.0104686570802726
0.24,20.0405231744896,12.8933040505562,-1.31530197837289,241.099594798955,-16.3020740966574,-2310.94432620434,9300.9095632152,-189103.110518935,-2569466.68478976,4610037.53204321,647332834.836448,976966809.655354,199521700420.75,-199569666713.33,0.0405231744895502,0.05,0.810463489791005,-0.630865880158213,-0.0643143097621806
0.241,20.0392011702362,13.133216855956,-1.32735320725311,238.694906300949,-8.16969566584676,-2497.58790555842,7088.36291258045,-184037.851193183,-1822372.99974294,5487219.5083419,846854535.257198,777397142.942024,199068070123.105,-199676107800.435,0.0392011702361614,0.05,0.784023404723229,-0.668591204469043,-0.11868204636676
0.242,20.0378708449763,13.3706325301641,-1.33224550578974,236.106244733959,-1.84308232767312,-2678.76090064477,5722.5951921533,-178195.212464671,-875984.429424187,6164778.59738371,1045922605.3803,577721035.141588,-6429852754.18337,-199696605383.443,0.0378708449762932,0.05,0.757416899525865,-0.703589801948137,-0.173429799160348
0.243,20.0365386039029,13.6053699566485,-1.33132976139979,233.339436097753,3.61557317346671,-2853.78575766345,5368.50042329356,-171774.85611728,166723.249579025,6642651.32983357,1039492752.62612,378024429.758144,-199066388740.238,-199635557800.561,0.0365386039029474,0.05,0.730772078058948,-0.735728042396307,-0.22841220936385
0.244,20.035209992011,13.8372541503748,-1.32496049749496,230.400884107974,9.23238958078997,-3022.18460219243,6021.79231772894,-164976.465165534,1106682.80783503,6920857.98069144,840426363.885882,178388871.957584,-199519520776.468,-199189406823.562,0.0352099920109694,0.05,0.704199840219388,-0.764884244362292,-0.283480941312956
0.245,20.0338907041785,14.0661167356831,-1.31249940951818,227.297370522487,15.9392810497184,-3183.67920644757,7515.43505404416,-157999.610983334,1847349.41133267,6999652.14923724,640906843.109413,-20800534.8659787,-199664435243.869,41413070604.5369,0.0338907041785461,0.05,0.677814083570922,-0.790948726637155,-0.338485086265788
0.246,20.0325875090185,14.2917962248702,-1.29246947879138,224.035857597659,24.4768892651453,-3338.18073256749,9649.96048105757,-151003.456923096,2388424.03682015,6999558.14967353,441242407.865544,20612535.7385581,-199731094449.45,-43040798312.8206,0.0325875090185299,0.05,0.651750180370598,-0.813823846319802,-0.393271653892348
0.247,20.0313089892284,14.514138116619,-1.26275281793836,220.623342229837,35.3862800369885,-3485.68276835972,12225.7172060689,-144000.765971939,2729800.89746097,6998650.28625567,241511313.416094,-22428262.5742625,-199765002001.569,46821116852.378,0.0313089892284069,0.05,0.626179784568137,-0.833424061668443,-0.447686141738987
0.248,20.0300660826469,14.7329949088256,-1.22079031421905,217.066824975871,49.0088260356072,-3626.18599635243,15042.9795932377,-137005.526297495,2871429.70987628,6999632.5821076,41746311.4145252,24392854.2781155,-199780529975.092,-49910321457.1151,0.0300660826468615,0.05,0.60132165293723,-0.849676025649814,-0.501573142954998
0.249,20.0288724236222,14.9482260983342,-1.16378135217662,213.37330342225,65.4861540136031,-3759.68972047989,17901.9857038254,-130002.015675158,2813285.75630326,6999070.27565716,-158034218.560567,-25517467.1789996,-199782581160.357,52254980647.6904,0.0288724236222464,0.05,0.577448472444928,-0.862518709895923,-0.55477696121751
0.25,20.0277444846372,15.1596981813815,-1.08888357396567,209.549778577875,84.7601192849384,-3886.19427663755,20602.9572539883,-123006.994969649,2555360.24716251,6999680.298802,-357816799.720924,26737513.4686908,-199771399985.577,-54288393617.7979,0.0277444846371679,0.05,0.554889692743359,-0.871903558525311,-0.607142224973226
0.251,20.0267015181631,15.367284653456,-0.993412656474199,205.603248078796,106.572796720888,-4005.69923722195,22946.1138679594,-116002.993979715,2097657.7474488,6999273.61546179,-557588199.706501,-27550880.1491071,-199742682760.629,55984387748.389,0.0267015181631258,0.05,0.534030363262517,-0.877794671157931,-0.658514499089783
0.252,20.0257652987357,15.5708660095684,-0.875042090558766,201.54071320877,130.466485484173,-4118.20485352447,24731.6870684282,-109008.165073037,1440198.20636199,6999714.92918688,-757330882.46713,28433507.5992819,-199683125751.689,-57510555512.9858,0.0257652987357382,0.05,0.515305974714764,-0.880169014332649,-0.708740891117724
0.253,20.0249596652556,15.7703297441347,-0.73200294798547,197.369171597339,155.783729711798,-4223.71081848813,25759.939312598,-102003.818482636,583025.761019011,6999393.15902967,-957014008.218818,-29077047.9137039,-199549955229.14,58850252599.6697,0.0249596652555972,0.05,0.499193305111945,-0.879016660420802,-0.757670650103986
0.254,20.0243098635362,15.9655703511672,-0.563283616157173,193.095624714011,181.667364988734,-4322.21733447204,25831.1997436361,-95009.1554721296,-473763.224814378,6999741.2374158,-1156563963.44796,29773204.6859659,-199124910727.394,-60087439852.3318,0.0243098635361534,0.05,0.486197270723068,-0.874341053016645,-0.805155755338636
0.255,20.0238416891477,16.1564893241753,-0.368829461373489,188.727070165164,207.060625588108,-4413.72416076801,24745.9670519765,-88004.5422056795,-1729889.64362603,6999470.7221756,-1355688874.17535,-30314235.1663659,96974742184.8831,61210456069.5198,0.0238416891477158,0.05,0.476833782954316,-0.866159297672837,-0.851051492978042
0.256,20.0235804310855,16.3429951563134,-0.149739846113569,184.270509558741,230.719740286833,-4498.23146954946,22354.3954282936,-81010.0268584088,-3037091.14670895,6999761.71504399,-1258714131.99047,30896220.9031539,199110108319.278,-62268194883.1951,0.0235804310855201,0.05,0.471608621710402,-0.854502476563063,-0.895217018087575
0.257,20.0235496400839,16.5250033402939,0.0916001228583625,179.732940471156,251.354100707621,-4575.73906068832,18721.1322336426,-74005.1950653938,-4196250.22453977,6999523.83850555,-1059604023.67119,-31371973.9800413,199520774820.92,63252043463.9444,0.023549640083921,0.05,0.47099280167842,-0.839415976375926,-0.937515900117967
0.258,20.0237698540492,16.7024363685088,0.351572927150852,175.121364620176,267.808820523999,-4646.24708699498,14028.3334597374,-67010.8152066343,-5156093.8608005,6999777.88625748,-860083248.850271,31880069.4839032,199637204108.047,-64193632218.1742,0.0237698540491564,0.05,0.475397080983129,-0.820959775889376,-0.977816649529005
0.259,20.0242574477148,16.8752237329502,0.625502392269252,170.442779548614,279.124078062032,-4709.75537464825,8475.4708418631,-60005.7962243379,-5916358.50759675,6999561.13963229,-660446044.742224,-32313562.7342711,199663387892.551,65086346373.0576,0.0242574477148239,0.05,0.485148954296477,-0.799208626334798,-1.01599322369662
0.26,20.0250236729833,17.0433019253149,0.907852291277318,165.704187065365,284.539614617136,-4766.26406396546,2262.16654321065,-53011.5441416772,-6476972.8583927,6999790.75008455,-460782656.849673,32772783.6387865,199607634262.261,-65952460959.1617,0.0250236729832523,0.05,0.500473459665045,-0.77425209791927,-1.05192551000658
0.261,20.0260738986731,17.2066144369304,1.19242595780924,160.912584677049,283.494814606436,-4815.77299862069,-4411.92970456318,-46006.3590765998,-6837951.69811124,6999587.30324375,-261175022.587412,-33179677.3203752,199226243886.526,66786720712.8371,0.0260738986730971,0.05,0.521477973461941,-0.746194489223051,-1.085499784434
0.262,20.0274070499022,17.3651117588474,1.47256592687314,156.074974270844,275.628680975881,-4858.28231121186,-11347.264539987,-39012.2304918975,-6999513.59875539,6999800.98627979,-61948778.700886,33607043.3924619,123581289691.074,-67606081326.0853,0.0274070499021839,0.05,0.548140998043678,-0.715154600083278,-1.11660914372296
0.263,20.0290152469678,17.5187513817687,1.7413528386242,151.198353314793,260.77648406047,-4893.79185695678,-18357.1556464777,-32006.8936641424,-6999671.73261074,6999604.98900921,61632510.9901885,-33999037.9336234,-68423003542.2717,68406231461.6676,0.0290152469677878,0.05,0.580304939355756,-0.681265369256168,-1.14515390966312
0.264,20.0308836372881,17.6674977961347,1.99178613073559,146.289723765261,238.926913674371,-4922.30176437309,-25337.4149575171,-25012.8871555231,-6972250.72339169,6999809.06680642,-6790492.55208325,34407193.5280442,-41350169696.4848,-69201136709.7278,0.0308836372880847,0.05,0.617672745761695,-0.644673381163876,-1.17104200381001
0.265,20.0329903733487,17.8113224920525,2.21688166762204,141.356083049112,210.100518682662,-4943.81189584365,-32319.9526221342,-18007.4080147376,-6999716.30079201,6999615.6919796,-48140662.2485681,-34793943.1816835,99905670879.1218,69987144284.0125,0.0329903733486994,0.05,0.659807466973987,-0.605538262552099,-1.1941892913725
0.266,20.0353066266996,17.950203959377,2.4096544172965,136.404433185354,174.27684720271,-4958.32237887192,-39327.088308904,-11013.5247703015,-6997904.12760102,6999815.32093992,51765008.6305538,35193201.102329,-107237436242.704,-70776772566.0273,0.0353066266996329,0.05,0.706132533992658,-0.564032015054589,-1.21451989286552
0.267,20.0377965737289,18.0841276876394,2.56310266622021,131.441771556561,131.454966104934,-4965.83307948042,-46316.9828382302,-4007.90897757141,-6999757.83709181,6999620.13575924,-55472427.6121504,-35583571.4636983,112849913776.971,71566820876.5762,0.0377965737289117,0.0502579624059997,0.752051454525335,-0.520338311779513,-1.23196646250257
0.268,20.0404173924189,18.2130861661251,2.67023114366465,126.475100239689,81.6335610232968,-4966.34412703449,-53325.6685701653,2985.84717593541,-6998805.30781548,6999819.97473383,57377486.1648203,35983249.412878,-116721462242.867,-72369585589.8146,0.0404173924189308,0.0515817726627988,0.783559585730953,-0.474651745325509,-1.24647043219322
0.269,20.0431192614308,18.337078883801,2.7240368209013,121.511416569127,24.8131893193245,-4959.85538806235,-60315.2387119388,9991.59717777737,-6999788.55277209,6999618.4313518,-59343976.0780462,-36386336.1769367,120049211358.9,73182159790.1411,0.0431192614308209,0.0537820860769841,0.80174021827825,-0.427177033730948,-1.2579822203907
0.27,20.0458453603209,18.4561123293914,2.71752428718361,116.55772267648,-39.0068322812067,-4946.3669968016,-67324.6910508568,16985.2194676724,-6999107.92317069,6999823.17506993,60705235.2808542,36795823.6132045,-122815033781.557,-74017841757.9078,0.0458453603209463,0.0566153308229116,0.809769362018692,-0.378128188056887,-1.26646140493381
0.271,20.048531869116,18.5701999913026,2.64369009731597,111.621015842952,-109.82607704751,-4925.87881718587,-74313.915528684,23991.1042475893,-6999810.20478061,6999610.07780418,-62109798.500703,-37222018.1447033,125390318848.668,74873887986.3481,0.0485318691159549,0.0598749511289958,0.810553799223934,-0.327727645686109,-1.27187685941412
0.272,20.05110796852,18.6793623576985,2.49553888448104,106.708298252601,-187.645024715049,-4898.39099182373,-81323.8822462401,30984.5822976522,-6999224.84385698,6999825.00365265,63280520.3479653,37651869.8416448,-127760673357.348,-75766149938.8647,0.0511079685199718,0.0633881418424254,0.806270179791978,-0.276205372332293,-1.27420685249887
0.273,20.0534958396272,18.7836269164202,2.26606695318497,101.82656712687,-272.463295991216,-4863.90337863553,-88312.7602754827,37990.6055445692,-6999824.66018769,6999593.79852486,-64480153.0093823,-38114280.0972199,130144377933.79,76691930639.5659,0.0534958396272422,0.0670126344408867,0.798294830125386,-0.223797936827831,-1.27343911003731
0.274,20.0556106641231,18.883028155064,1.94827903747609,96.9828247009777,-364.281292606547,-4822.4161330746,-95323.1342825194,44983.9241914853,-6999232.62423017,6999825.48374742,65664224.9244081,38577650.5423461,-132529529298.499,-77672035818.3117,0.0556106641231082,0.0706335615278259,0.7873121915451,-0.170747562011478,-1.26957083966957
0.275,20.0573606240537,18.9776075608921,1.5351712705542,92.1840681277146,-463.098621227415,-4773.92910286765,-102311.62304917,51990.0931612009,-6999833.16395502,6999567.11638061,-66865304.3740914,-39094385.2759657,135180073552.887,78703699683.0361,0.057360624053679,0.0741604238840359,0.773466777150215,-0.117301155885995,-1.26260871806896
0.276,20.0586469020473,19.0674136209161,1.01974853938781,87.4372996928784,-568.915672572894,-4718.44246255832,-109322.358853054,58983.230368224,-6999108.43155266,6999824.58094617,68314769.1787955,39609314.4070704,-138085603352.595,-79817030310.0529,0.0586469020472649,0.0775241811882124,0.756498180933798,-0.0637093265592091,-1.25256884082302
0.277,20.0593636811052,19.1525018217946,0.395006865051815,82.7495164681805,-681.731953413667,-4655.95604405681,-116310.324167242,65989.5567679887,-6999836.46405016,6999525.38019821,-69770834.1737996,-40207715.9029824,142035421453.665,81009067899.4292,0.0593636811052143,0.0806744845019127,0.735842087764525,-0.0102253852466413,-1.2394766353899
0.278,20.0593981448955,19.2329346499246,-0.346048613345726,78.1277207898251,-801.547906142736,-4586.47005050688,-123321.373478137,72982.479801552,-6998589.58749713,6999822.19824494,72264587.2798656,40801351.9964467,-147020187259.518,-82328298452.8176,0.0593981448955248,0.0835770656644945,0.710699094581379,0.0428956590795852,-1.22336673741294
0.279,20.058630477557,19.3087815913207,-1.2104218519692,73.5789096302393,-928.362656157878,-4509.98428972664,-130308.334136538,79988.9812927197,-6999835.09384702,6999459.40101498,-74755599.9796525,-41526946.4563709,149409455789.432,83771421218.2923,0.0586304775569602,0.0862112957798724,0.680078834526096,0.0953981090135643,-1.20428283113596
0.28,20.056933864246,19.3801191317174,-2.20510718411553,69.1100853755315,-1062.17714171401,-4426.49900941527,-137320.64545441,86981.6391240429,-6999885.96593196,6999818.16516775,74653855.8097793,42244474.7619214,199769585897.245,-85427608167.7299,0.056933864245984,0.0885679221388902,0.642827141825701,0.14702658851489,-1.18227745446379
0.281,20.0541744909544,19.4470307564205,-3.33710652089386,64.7282448703288,-1202.97696410934,-4336.01397994653,-144249.909561454,93988.341591897,-6825347.31717356,6999348.83584581,274423441.707024,-43183133.4058085,199901663185.518,87293038143.4844,0.0541744909544271,0.0906469901095523,0.597642468756591,0.197527048615511,-1.1574117697152
0.282,20.0502115724749,19.5096069504254,-4.61333289751286,60.4403905474623,-1350.58548085313,-4238.52952391569,-150904.72821391,100980.64770073,-6450973.04387377,6999812.22151174,474325104.892542,44109904.7376759,199925487455.595,-89566838619.5413,0.0502115724749146,0.092455953894418,0.543086414231957,0.246647776476884,-1.12975530085044
0.283,20.0448975314888,19.5679451982209,-6.04042447505515,56.2535190742896,-1504.62831117618,-4134.04535040502,-157085.217790761,107987.587068174,-5876685.19525343,6999138.70693965,674250592.348137,-45456933.8818655,199930689014.205,92244464503.2922,0.0448975314887825,0.0940079774831611,0.477592781919222,0.294140452279038,-1.09938563852592
0.284,20.0380783730231,19.6221499839313,-7.62454508279551,52.1746329152015,-1664.53116602047,-4022.56192661967,-162591.455908338,114979.37138559,-5102469.25839819,6999804.00530943,874181281.362342,46787530.6214267,199926254175.543,-95962093298.0866,0.0380783730230618,0.0953204247833075,0.399477584259886,0.339761267090111,-1.06638811395851
0.285,20.0295942587409,19.6723327910268,-9.37118429804104,48.2107284580718,-1829.51982941719,-3904.07885373021,-167223.513483693,121986.575473994,-4128324.84994808,6998610.48928181,1074107535.53788,-49174562.6766599,199910823034.963,100714268801.118,0.0295942587409037,0.0964135356557838,0.306951285829423,0.38327209891594,-1.03085544327049
0.286,20.0192802811576,19.7186121024928,-11.2849575179376,44.3688081175056,-1998.62015778564,-3778.59697234415,-170781.466095366,128977.384393405,-2954261.90289271,6999793.06100571,1274018358.57285,51539706.124458,199871826911.623,-102934417525.115,0.0192802811575952,0.097309282595432,0.198134038637957,0.424441742184509,-0.992887343436118
0.287,20.0069674377833,19.7611134002994,-13.3694060360579,40.655867759236,-2170.65809044657,-3646.11539040329,-173065.40684782,135985.791571218,-1580307.63086405,6999865.5583676,1473890185.48447,-51394711.4006571,199733248500.774,-199723083817.492,0.00696743778325981,0.0980304009131739,0.0710742557243127,0.463047185685433,-0.952590121875459
0.288,19.9924838051812,19.7999691656175,-15.6267971379987,37.0789081030727,-2344.25968052689,-3506.64655363328,-173875.480511192,142926.672593249,-6550.82112919224,6848609.3050582,1673623433.98524,-251117795.218149,-198121082710.268,-199883803023.308,0.00751619481882315,0.0985995837073133,0.0762294782210694,0.498874933801332,-0.910076240805513
0.289,19.9756559123549,19.8353188545443,-18.057927567284,33.6448541916804,-2517.86775425476,-3360.34575784516,-173078.23979578,149616.409033528,1568012.07150092,6497549.6083284,1475502351.27498,-451001598.241457,-199783304421.174,-199913122533.918,0.024344087645094,0.0990388311730328,0.245803462710116,0.531722365483172,-0.865463868086509
0.29,19.9563102818894,19.8673087386204,-20.6620132916876,30.3603791056107,-2689.92439526059,-3207.56407065395,-170805.773766045,155855.13898898,2943622.77056531,5946591.44881998,1275719046.8538,-650914720.775375,-199876541652.48,-199920442396.041,0.0436897181105955,0.09936894223289,0.439671763921974,0.561399113065005,-0.818876460007925
0.291,19.9342749717755,19.8960915536199,-23.4367984807137,27.2317049155757,-2859.05406598945,-3048.85245174579,-167257.604228995,161442.953003679,4119403.54659287,5195716.50684658,1075842505.20132,-850835163.171416,-199905704807.73,-199916988685.516,0.0657250282245379,0.09960913750244,0.659829307556527,0.587728389570508,-0.770442399848946
0.292,19.9093809503239,19.9218259485887,-26.3787516206697,24.2644027756428,-3024.08099076532,-2884.96177622374,-162633.59704727,166179.932430826,5095293.19939033,4244922.84933241,875936800.393592,-1050752151.85693,-199914999419.915,-199902168560.213,0.0781740514113309,0.0997013588765231,0.784082105722822,0.61054819336346,-0.720294696659934
0.293,19.881463271934,19.9446757349695,-29.4832653630171,21.463193005585,-3184.0292815378,-2716.84283698392,-157133.654614253,169866.162176137,5871272.50007396,3094219.61319537,676021800.973677,-1250654320.41715,-199910980874.766,-199864711423.453,0.0553242650305172,0.0994939085829613,0.556056806074575,0.629712373001435,-0.668570745364923
0.294,19.85036205298,19.9648089358097,-32.7448564247951,18.8317451768221,-3338.12295922606,-2545.64633508423,-150957.689710504,172301.743843886,6447338.81061025,1743632.9370665,476110820.098911,-1450519031.8406,-199884880972.454,-199741591486.141,0.0351910641902897,0.09920220093498,0.354740760372393,0.645091548156392,-0.615412148977971
0.295,19.8159232477898,19.9823966350626,-36.1573655001645,16.372478216343,-3485.78595626461,-2372.72285051009,-144305.609636673,173286.826999785,6823507.19022294,193243.109482829,276225939.126457,-1650260623.32674,-199738229776.115,148678266624.637,0.0176033649374077,0.0988073068838488,0.178158533944266,0.65657388332351,-0.56096460347416
0.296,19.7779992247138,19.9976116274976,-39.7141571651202,14.086363464644,-3626.6420970759,-2199.60825046501,-137377.27918185,172679.719508708,6999864.01446134,-1382678.38053159,76487709.3503415,-1501582356.7021,-153040239753.305,199745011526.381,0.00238837250236301,0.0982886016243122,0.0242995877740948,0.664065711637227,-0.50537784540825
0.297,19.7364491423728,20.0106268969429,-43.408319346132,11.9728037261468,-3760.51307297561,-2027.86181116387,-130364.678019339,170579.54078508,6999831.60393502,-2784388.2314705,-76552530.4029638,-1301837345.17572,149047910730.601,199866473287.569,0.0106268969429415,0.0976241103716261,0.108855250024692,0.667492006746732,-0.448805651395901
0.298,19.6911391302725,20.0216140730997,-47.2328500671395,10.0297150430015,-3887.38438361844,-1858.88310961567,-123378.28136215,167177.544959903,6997803.02889736,-3986292.34000243,72495380.3276374,-1101970871.88815,-140921718641.832,199903496523.693,0.0216140730997374,0.0967909835437801,0.223306679076786,0.666796702924722,-0.391405830100474
0.299,19.6419423169502,20.0307420345111,-51.180755444641,8.25371207421857,-4007.25755264103,-1693.87404332539,-116367.717596196,162673.584433377,6999837.54990408,-4988311.46362874,-68426338.3141946,-902067375.364457,135357173444.069,199917925665.16,0.0307420345111318,0.0957661122634003,0.321011616578704,0.661942879548839,-0.333340140731939
0.3,19.5887388293873,20.0381757067419,-55.2450319396095,6.640307517708,-4120.13111596976,-1533.83662927282,-109379.533686542,157267.558936344,6999089.79831192,-5790419.87616061,66930835.1298749,-702149449.699297,-132356088944.126,199920676709.84,0.0381757067418746,0.0945268964420369,0.403860786493542,0.652912858341687,-0.274774119233891
0.301,19.5314157939701,20.0440750603637,-59.4186846216387,5.18411200770255,-4226.005464455,-1379.57297515465,-102369.037818822,151159.384448118,6999842.58896973,-6392608.98750499,-65425253.8142507,-502228772.989458,129947245704.47,199911503231.683,0.0440750603636957,0.0930521762797811,0.473659640492176,0.639708225127412,-0.215876811265433
0.302,19.4698673364054,20.0485943088483,-63.6947096077302,3.87903402967103,-4324.88007071974,-1231.68527034981,-95380.2499824755,144548.979657991,6999390.95800771,-6794882.00887861,64521991.8902191,-302317269.757775,-128133573710.064,199874371886.254,0.0485943088482728,0.0913233362570888,0.532112719923772,0.622349775194437,-0.15682041322406
0.303,19.4039945820549,20.0518813063776,-68.0661116176449,2.71847983788226,-4416.7552104568,-1090.57578980906,-88369.953624141,137636.251409547,6999846.1630429,-6997262.09269325,-63611581.8198451,-102442897.871521,126580823471.101,199599218045.039,0.051881306377588,0.0893255891876901,0.580811241766069,0.600877383241143,-0.0977798229515303
0.304,19.3337056558124,20.0540771455667,-72.525886759529,1.69555335830193,-4501.63056872874,-956.446926628084,-81380.8164480962,130621.034404259,6999524.9929586,-6999905.38154225,62969241.6512556,97156320.1735183,-125291842880.073,-182749034741.144,0.0540771455667439,0.0870494460528947,0.621223316388303,0.57534979826765,-0.0389321021222895
0.305,19.2589156822967,20.0553159545272,-77.0670395693632,0.80325282325044,-4579.5063483002,-829.317266737681,-74370.6888081253,123639.249010347,6999848.31316982,-6994123.57873931,-62322601.2288176,-85592714.567626,124147291482.352,159804333518.375,0.0553159545272237,0.0844923753839286,0.654685754494073,0.545844364709418,0.0195441471191244
0.306,19.1795467857518,20.0557248633455,-81.6825661828963,0.0345872590944817,-4650.38232724814,-709.182686455235,-67381.3105803228,116628.96312991,6999599.35768218,-6999814.12654774,61824690.2535345,74211618.9507488,-123149823297.406,-146097568229.14,0.0557248633454677,0.0816606537356978,0.682395508684345,0.512456670862768,0.0774694767968453
0.307,19.095528090181,20.0554240061785,-86.3654710157614,-0.617445706812502,-4714.25866527721,-596.047349184116,-60371.3238480634,109641.905218133,6999849.13628701,-6998651.29171156,-61325133.0438717,-71885949.278391,122242535032.608,141455847284.844,0.0554240061784519,0.0785714064734194,0.70539664066217,0.47530012637217,0.134664303360275
0.308,19.0067957192644,20.0545265184349,-91.108750237966,-1.15984036171866,-4771.13519197368,-489.910856609749,-53381.7635224596,102630.88692633,6999645.27075944,-6999809.31734753,60917401.9887363,69569898.0064533,-121427957799.503,-137489652212.302,0.0545265184348622,0.0752548355494343,0.724558336175543,0.434505470451641,0.190949614759768
0.309,18.9132927964608,20.0531385365227,-95.9054081778304,-1.59960065675282,-4821.01203945867,-390.7740080946,-46371.8975436723,95642.94761595,6999848.69384843,-6998984.24544723,-60510555.8107669,-67919754.2058484,120674010279.078,134209533226.237,0.0531385365227308,0.0717566283275432,0.740538369224548,0.390220213103798,0.246147674502498
0.31,18.8149694449373,20.0513591973493,-100.748441040268,-1.94372139999067,-4863.88906966429,-298.636280496524,-39382.1917926828,88632.3717489376,6999675.1431772,-6999799.23303996,60163454.4683108,66289779.0203888,-119983198365.482,-131050098537.704,0.0513591973492566,0.0681405387196405,0.753724556839365,0.342608011573604,0.300082718819434
0.311,18.7117827876515,20.0492806385831,-105.630853086354,-2.19920645782826,-4899.76639594291,-213.498220488375,-32372.432121999,81643.8757223182,6999846.99846277,-6999034.50328842,-59819743.8971708,-64760319.5173151,119335188851.494,128025129821.681,0.0492806385830775,0.0644911290639035,0.764146004239528,0.291847984777935,0.352581644603439
0.312,18.6036969472893,20.0469879983393,-110.545640555221,-2.37305087767659,-4928.64390222346,-135.359321023878,-25382.6057973429,74633.7985809081,6999694.84899134,-6999782.25789489,59515444.9543237,63264810.3043661,-118732568567.51,-124822547136.791,0.0469879983393362,0.0609166582193055,0.771348916911613,0.238133968459491,0.4034746849095
0.313,18.4906830463337,20.0445594154638,-115.485807654163,-2.47225833394046,-4950.52168854583,-64.2200703763309,-18372.9419873023,67644.8449703092,6999844.00966191,-6998928.72115892,-59217123.6131863,-61557736.8324249,118161182182.034,121459522335.243,0.0445594154638265,0.0575520983931652,0.774244844374228,0.181673714250286,0.452596069842132
0.314,18.3727192070091,20.0420660292692,-120.444350655738,-2.50382402269484,-4965.39965466632,-0.0798885759758538,-11383.0130090833,60635.3806344566,6999707.47713974,-6999756.69682372,58944058.5688476,59901785.5028185,-117623815503.427,-117497245049.327,0.0420660292692041,0.0545622601994925,0.770972997001971,0.12268803584976,0.499784669816681
0.315,18.2497905513395,20.0395719798785,-125.414273723192,-2.47475133030571,-4973.27789091938,57.0607016224423,-4373.43747190971,53645.9919562094,6999839.62795687,-6998603.53384557,-58679756.9345792,-57595459.5465082,117109750528.742,112957744611.247,0.0395719798784526,0.0521450024668362,0.758883459706807,0.0614099059020453,0.54488461915171
0.316,18.1218892010982,20.0371344079661,-130.388573161985,-2.39203552512375,-4974.15630896386,107.202499141163,2616.58056933467,46637.4169833592,6999714.74628667,-6999720.12108645,58429993.5941633,55362285.0647389,-116622112880.965,-106518393347.388,0.0371344079660609,0.0505345003366729,0.734832791828605,-0.00191649282483242,0.587745917113909
0.317,17.9890142778582,20.0348034552517,-135.360253098807,-2.26267951840248,-4968.03499194382,150.344844845101,9626.07329360492,39647.6249392472,6999833.68344035,-6997617.03269541,-58192119.2868019,-51156108.2826492,116152101823.332,98205915828.9906,0.0348034552517476,0.05,0.696069105034951,-0.0670367580272571,0.628225004630457
0.318,17.8511719029451,20.032622264236,-140.322309871895,-2.09367844371509,-4954.91386082414,186.489227163113,16616.1696010391,32640.7975050486,6999717.61506521,-6999670.18306356,57959982.5365297,47049807.5463414,-115703363808.95,-44978955231.3715,0.0326222642359788,0.05,0.652445284719576,-0.133687296284266,0.666185313867726
0.319,17.7083751974816,20.0306269792155,-145.267747577511,-1.89203384391261,-4934.79299339197,215.636157088086,23625.5833134044,25657.1557332196,6999825.91569726,-6975109.8531329,-57743381.2724208,2070852.31496995,115268063536.413,-53428375409.6602,0.0306269792154552,0.05,0.612539584309104,-0.201596385089025,0.701497789375355
0.32,17.5606442823429,20.0288467489562,-150.189562587001,-1.66473198621772,-4907.67231818161,237.803876854483,30615.7488823882,18674.1765770093,6999716.56619305,-6999753.18852276,57524682.2639919,-51357523.0946903,-114850616828.721,198640481718.419,0.0288467489561768,0.05,0.576934979123536,-0.27048526428798,0.734041378968488
0.321,17.4080062781964,20.0273037394627,-155.08075897154,-1.4187581311656,-4873.55190901145,252.977893936786,37625.0860202418,11681.8513738922,6999815.94004268,-6951790.47075824,-57325934.5647296,147282958.623729,114443464961.643,199585217788.714,0.0273037394626741,0.05,0.546074789253481,-0.340069252489797,0.763703495807849
0.322,17.2504953054582,20.0260131291003,-159.934333136437,-1.1610901432869,-4832.43170086591,261.216713285811,44615.3129038291,4836.96658541064,6999711.73795877,-6704714.90324016,57117530.3969138,346868176.412443,-114052154480.863,199688087324.692,0.0260131291003276,0.05,0.520262582006552,-0.410058884040526,0.790380439000107
0.323,17.0881524843291,20.0249831772796,-164.743289132765,-0.898556282284179,-4784.3117646778,262.767454119309,51624.5747145728,-1661.03288173584,6999803.19111525,-6258002.68316537,-56934624.0839494,546556263.737135,113668807285.475,199697258642.583,0.024983177279573,0.05,0.49966354559146,-0.48016106197464,0.813977807124493
0.324,16.9210259347516,20.0242154719674,-169.500623401256,-0.637637907731455,-4729.19204127138,258.076833325724,58614.8553948604,-7612.47455659221,6999702.97067404,-5611597.79010694,56734183.2015257,746253522.379718,-113300654263.124,199652603290.498,0.024215471967409,0.05,0.484309439348181,-0.550080222412576,0.834410944556741
0.325,16.749170776442,20.0237053764101,-174.199339977917,-0.384269820313918,-4667.07259955458,247.791254319612,65624.042014758,-12817.6701516275,6999786.826744,-4765517.96608197,-56566471.0615983,945906125.670216,112938871115.914,199522242258.108,0.0237053764100814,0.05,0.474107528201628,-0.61951950573323,0.851605426779713
0.326,16.5726491288479,20.023442675535,-178.832435341105,-0.143640578623879,-4597.95338608533,232.756789632649,72614.3687511572,-17076.9813478314,6999689.79124036,-3719850.7192827,56372400.0543161,1145428367.92832,-112593266683.53,199082725850.092,0.0234426755349837,0.05,0.468853510699674,-0.688181929939664,0.86549758285439
0.327,16.3915301111757,20.0234124220156,-183.392913517277,0.0800071304196864,-4521.83446842465,214.019082766741,79623.4791979774,-20190.9374288416,6999765.55795291,-2474880.98842933,-56220866.6292135,1344511093.77841,112253283672.676,-110980061748.451,0.0234124220155785,0.05,0.468248440311569,-0.755771561537778,0.876035052892114
0.328,16.2058898423484,20.0235959814612,-187.873771025601,0.283573360768995,-4438.71579937198,192.810165856742,86613.8432032279,-22012.0595473398,6999671.33316003,-1185859.92552514,56032417.0434626,1233531032.02996,-111932834415.904,-199085532507.924,0.0235959814612201,0.05,0.471919629224402,-0.821994679367379,0.883177378030655
0.329,16.0158114410281,20.0239722518204,-192.268011889573,0.465229591611377,-4348.5974456341,170.402469621457,93622.875272507,-22614.3348789346,6999737.33299554,-51871.6597491407,-55900417.3724413,1034445499.52204,111618494885.192,-199518714417.094,0.0239722518204175,0.05,0.47944503640835,-0.886560926769401,0.886896610681805
0.33,15.8213850255731,20.024518919773,-196.568632673712,0.624357687756601,-4251.47936766071,147.926293216134,100613.265479297,-22182.2369079922,6999646.1630657,882814.482564352,55718077.5127506,834926785.104945,-111331054483.062,-199654730421.115,0.0245189197729729,0.05,0.490378395459459,-0.949184447622301,0.887177888496045
0.331,15.6227077140548,20.0252135870322,-200.768637407111,0.761373123092459,-4147.36163154756,126.316299066507,107622.215505372,-20915.2348212789,6999698.71333692,1617913.90245874,-55612976.9703111,635272054.68383,111052406273.1,-199714341963.114,0.0252135870322121,0.05,0.504271740644242,-1.00958500176716,0.884019904025171
0.332,15.4198836242127,20.026034704862,-204.861022706224,0.877526262448165,-4036.24420833142,106.307578441323,114612.616464603,-19012.9706151388,6999611.93950315,2153328.78616101,55439429.3027891,435557712.720715,-110815638863.154,-199740948067.082,0.0260347048619956,0.05,0.520694097239911,-1.06748905551818,0.877435244182976
0.333,15.2130238734637,20.0269623091595,-208.838792617821,0.974702727443075,-3918.12716331047,88.4355426318821,121621.478845613,-16675.1531306286,6999643.54937436,2489016.02484818,-55376209.5603653,235816764.653633,110594771258.832,-199747517510.96,0.0269623091594937,0.05,0.539246183189874,-1.12263084298382,0.86745059547917
0.334,15.0022465788546,20.0279785558628,-212.694943820169,1.05522369064967,-3793.01048394296,73.0358774945569,128611.866752084,-14101.5199763721,6999564.72544341,2624959.03074634,55218561.6984663,36069247.1426721,-110447276017.14,-199737043163.795,0.0279785558627808,0.05,0.559571117255615,-1.17475339412531,0.854106814459637
0.335,14.7876768570589,20.0290680566353,-216.422480396236,1.12164613973777,-3660.89423370437,60.2445261979499,135620.63287904,-11491.8158292484,6999559.64913331,2561159.75630711,-55228714.3186735,-163667796.021123,110333189570.602,-199706003894.629,0.0290680566353032,0.05,0.581361132706064,-1.22360952555102,0.837458863394778
0.336,14.5694468243259,20.0302180148092,-220.014399101979,1.17656313427228,-3521.77842857025,49.9976911973559,142610.967035943,-9045.77430493428,6999497.52959994,2297638.95833867,55104475.2519283,-363373799.915752,-110461519226.728,-199640612890.598,0.0302180148092219,0.05,0.604360296184439,-1.26896279026425,0.817575611800618
0.337,14.3476955964557,20.0314181615896,-223.463704088603,1.22240407389678,-3375.6631312536,42.0318557127346,149619.606549964,-6963.09568203525,6999371.2452385,1834444.85197762,-55357043.9748,-563014412.80635,111483000984.972,-199495617219.933,0.0314181615896025,0.05,0.628363231792051,-1.31058838270175,0.794539504912557
0.338,14.1225692887365,20.0326604925418,-226.763392232226,1.26123500117982,-3222.54842012997,35.8838344038362,156609.87977338,-5443.40730599746,6999755.70175618,1171682.6305613,56125957.0101724,-762510030.026283,-199182826821.125,-199044182702.679,0.0326604925417548,0.05,0.653209850835097,-1.34827399562628,0.768446100761232
0.339,13.8942210157884,20.033938804415,-229.906468407794,1.29455898241631,-3062.437607464,30.8908899005024,163604.501315837,-4686.15372089975,6956290.24535579,309650.509183681,-143056869.810953,-961554212.728962,-199677721307.65,-158670805424.764,0.0339388044149977,0.05,0.678776088299955,-1.38182062564528,0.739403478026015
0.34,13.6628108843698,20.0352480324855,-232.885952007576,1.32311701685898,-2895.38712374217,26.1926911151803,170455.98350607,-4883.72545231801,6713394.51489102,-731239.106257663,-342734591.118602,-1120225018.15373,-199738823009.357,199033574151.541,0.0352480324855193,0.05,0.704960649710387,-1.41104332704174,0.707531517396494
0.341,13.4285059247221,20.0365833923666,-235.695008185578,1.34670095463432,-2721.63988786147,20.7649350056309,176964.720921567,-6141.90480529394,6270790.51226773,-1751947.33733562,-542473414.127959,-921191444.002185,-199724731524.443,199515335288.238,0.036583392366623,0.05,0.73166784733246,-1.43577193254058,0.672961061149341
0.342,13.1914798471977,20.0379393717407,-238.327144848658,1.36406622566538,-2541.63850578327,13.6018377633057,182930.987271516,-8321.19530874928,5628454.73237755,-2573381.11369368,-742198145.652402,-721676108.713947,-199637780446.858,199667847041.208,0.0379393717406664,0.05,0.758787434813328,-1.45585178288616,0.635832972483153
0.343,12.9519125996507,20.0393087390585,-240.776412373588,1.37305016298289,-2356.02530907736,3.88199203988401,188155.06996766,-11222.1365022931,4786437.69650172,-3195223.29888703,-941835926.09926,-522008261.672739,-199316745748.874,199738454304.658,0.039308739058459,0.05,0.78617478116918,-1.47114447199288,0.596297164421408
0.344,12.7099897251104,20.0406817226544,-243.037603312202,1.37076846369803,-2165.64229778021,-9.01643505320201,192437.370243487,-14645.0741896324,3744943.39752802,-3617362.33340744,-1141152671.84813,-322269807.36808,95879063998.811,199775433011.943,0.0406817226544156,0.05,0.813634453088312,-1.48152860488289,0.554511662658313
0.345,12.4659015202072,20.0420453889233,-245.106449516663,1.35381483471441,-1971.51865298893,-25.5155780677239,195627.717149091,-18390.2755212218,2651730.25767929,-3839744.42426954,-1045273607.84932,-122494374.356137,199279357912.143,199794156950.115,0.042045388923345,0.05,0.840907778466899,-1.48690056520515,0.51064171724228
0.346,12.2198420180385,20.0433832201905,-246.97975424844,1.31846072250108,-1774.73097967239,-45.8378167736003,197790.023829164,-22257.9681065111,1706096.32878604,-3862341.72015062,-845994249.937179,77299782.5939774,199586187911.899,199800268040.772,0.0433832201904636,0.05,0.867664403809272,-1.48717527994464,0.4648589667246
0.347,11.9720079276188,20.044674892334,-248.655339453352,1.2608550838807,-1576.22059062933,-70.0057474319194,199106.387397634,-26048.3598906913,959895.172804812,-3685141.80353626,-646408062.02528,277100050.63475,199646791560.096,199795031180.003,0.0446748923339904,0.05,0.893497846679807,-1.48228692621841,0.41734065795958
0.348,11.7225976971542,20.0458962521899,-250.1318721377,1.17722417699688,-1376.73367170598,-97.8421700896405,199776.353004686,-29561.6524970468,413310.50655958,-3308144.23731151,-446761270.465184,476895081.814752,199577306992.302,199776191456.744,0.0458962521899338,0.05,0.917925043798675,-1.47218951160589,0.368268924503369
0.349,11.4718107680149,20.047019494752,-251.408665699728,1.06407135871584,-1176.81680793864,-128.97008818373,199999.545760511,-32598.0531615415,66337.8895905467,-2731361.05976838,-247183963.472882,676671273.271496,199106549460.958,199735762062.785,0.0470194947520497,0.05,0.940389895040994,-1.45685729969215,0.317830126313764
0.35,11.2198470281496,20.0480135401674,-252.485480318582,0.918376876209114,-976.816994454349,-162.812721006191,199975.476093276,-34957.789290997,-81292.7991518563,-1954821.90546549,-48077414.0119238,876407035.334281,196538722051.554,199649817341.554,0.0480135401674389,0.05,0.960270803348777,-1.43628507609033,0.266214253199889
0.351,10.9669064650649,20.0488446105147,-253.362323489192,0.737797637614797,-776.881988549565,-198.593534668309,199902.901040793,-36441.1327092384,-31100.8521380029,-978589.961460435,148461308.039631,1076056852.67584,-100161311624.987,199421664239.342,0.0488446105147062,0.05,0.976892210294125,-1.41048825424648,0.213614394207988
0.352,10.7131890175338,20.0494770063324,-254.039253859486,0.520866935814355,-576.974067771485,-235.336310313489,199929.337290737,-36848.4573003211,67279.8000891344,197177.723335071,48299996.4146439,1275478516.91518,-157636555730.861,197886095739.373,0.049477006332399,0.05,0.989540126647981,-1.37950282134222,0.160226274856534
0.353,10.4588946011836,20.0498740828231,-254.516251346451,0.267194053793598,-377.009608771123,-271.865353745334,199994.494329745,-35980.5593025719,36761.5186383476,1571599.28811993,-109336559.316217,1473364612.65455,125194901021.517,-198789280345.744,0.0498740828230773,0.05,0.997481656461545,-1.34338513470973,0.106247863844901
0.354,10.2042231782429,20.0499994249254,-254.793261093536,-0.0223399127734775,-177.009739987735,-306.822835521751,199997.453385563,-33705.4092548489,-9977.59016711148,2945569.26060161,15858341.7052993,1274575332.3088,-2369085930.61452,-199510988412.893,0.0499994249253568,0.05,0.999988498507136,-1.30221162107631,0.0518790502928723
0.355,9.94937474490141,20.049818189103,-254.870273128741,-0.34547307999861,22.9852689477815,-338.851343882098,199995.010118593,-30155.8041594951,4696.20857288059,4120389.09870397,13489255.7746848,1075064343.89591,-52291798314.2646,-199672371548.426,0.0498181891030249,0.05,0.996363782060499,-1.25607842993394,-0.00267862007435308
0.356,9.69454929714429,20.0492984447482,-254.747289445745,-0.698672464032772,222.982696555027,-366.77609578374,199997.735655334,-25531.1616174345,-7960.43480956693,5095617.25682567,-38802542.5395798,875391972.347485,-33088543768.7413,-199728951349.817,0.0492984447481568,0.05,0.985968894963136,-1.20510101851403,-0.057222214779396
0.357,9.43994683130177,20.0484123483775,-254.424311100612,-1.07733006082484,422.96860621321,-389.621872150343,199964.85919196,-20031.1365329934,-63307.2492335174,5871144.75349824,-71891086.3083211,675663020.997668,183916332025.706,-199735340321.713,0.0484123483775498,0.05,0.968246967550996,-1.14941364802081,-0.11154775514628
0.358,9.18576732899934,20.047137118842,-253.901372078837,-1.47596248895139,622.897493113336,-406.613148108935,199896.259121577,-13855.4494923833,-43240.1695289855,6446940.10433506,112025245.717385,475927680.675955,-2304576302.9567,-199680037798.053,0.0471371188420378,0.05,0.942742376840755,-1.08916881316383,-0.165450638555573
0.359,8.93221072083892,20.0454558128487,-253.178529014344,-1.88841070546941,822.790707000422,-417.174126270612,199908.647478856,-7203.82555400995,67632.7880369213,6823027.76611198,109720669.414428,276247642.877902,-197750593267.089,-199344320786.38,0.0454558128486866,0.05,0.909116256973732,-1.02453660963229,-0.218726140807369
0.36,8.6794769087437,20.0433579007605,-252.2557697877,-2.3080397241069,1022.74321804348,-420.928702681119,199998.182169389,-275.898019923406,78478.1608178048,6999603.24859669,-88029923.8526612,76903322.0915219,-199306148115.208,-153638901337.27,0.0433579007605154,0.05,0.867158015210308,-0.95570401065203,-0.271169996424867
0.361,8.42776584585491,20.0408396427797,-251.133019727676,-2.72793785127564,1222.75766321646,-417.698383477285,199999.427676928,6736.55040616284,-109204.83709246,6999687.12001958,-287336071.967869,-76735579.245748,-199616213646.245,135109186105.122,0.0408396427796696,0.05,0.816792855593391,-0.882874056159121,-0.322579054373802
0.362,8.17727753097488,20.0379042696969,-249.810294187232,-3.14110341643576,1422.64628178728,-407.469149224899,199713.28543491,13720.3879342437,-496349.015883452,6990506.13382639,-486952285.614114,58373606.8593736,-199661497356.14,-98339758489.2055,0.0379042696968739,0.05,0.758085393937478,-0.806265014374464,-0.372752004774078
0.363,7.92821182045966,20.0345620100581,-248.287895941088,-3.54054567460226,1622.02191477093,-390.247876779203,198940.183359994,20723.6909117516,-1083132.05017564,6999709.86144116,-686613782.970254,-39966151.629832,-199593738432.747,77060600498.9514,0.0345620100580959,0.05,0.691240201161918,-0.726109557416168,-0.421490157058328
0.364,7.68076804104369,20.0308300858221,-246.566614728834,-3.9192661107,1820.29778006957,-366.027781103648,197480.478795261,27716.2611307944,-1869542.70236226,6998274.01006081,-886207521.403001,37094448.8691194,-199281006216.821,-70911738842.5694,0.0308300858221422,0.05,0.616601716442844,-0.642653960671501,-0.468598218262939
0.365,7.43514440305856,20.0267327170031,-244.647926885806,-4.27026842756569,2016.68748288482,-334.809155215463,195134.618831161,34721.2637421493,-2855390.72687368,6999912.58950864,-1085488527.61982,-33817289.97345,-21181473763.9362,-199741338399.715,0.0267327170031351,0.05,0.534654340062701,-0.556157329236433,-0.513885052435398
0.366,7.1915372143009,20.022301121979,-242.534193397161,-4.58655337237673,2210.21260903654,-296.601893949322,191732.95359485,41670.9774636046,-3951469.99137547,6866224.63033533,-1106670001.38376,-233558628.373165,199308922277.561,-199910430786.562,0.0223011219790479,0.05,0.446022439580958,-0.466890854303291,-0.557164423456546
0.367,6.95013990911051,20.0175734966913,-240.228817340001,-4.8611868043523,2399.7936871739,-251.545060209895,187261.366756496,48387.1043746222,-4958485.53162044,6532710.78656888,-907361079.106197,-433469059.159727,199629094078.656,-199937912172.57,0.0175734966913197,0.05,0.351469933826394,-0.37513709660927,-0.598255725012562
0.368,6.71114198495424,20.0125948701806,-237.73625552684,-5.08746925460385,2584.43290219698,-199.972176031522,181882.472201002,54669.7576462492,-5766032.06368731,5999272.77132287,-707731985.027541,-633406971.332298,199714102897.389,-199946414513.207,0.0125948701806031,0.05,0.251897403612062,-0.281189263314116,-0.636984735295547
0.369,6.47472801375215,20.0074167708779,-235.061870218435,-5.25913473119429,2763.32272445626,-142.416680928771,175795.859828617,60319.002529487,-6373906.99726616,5265892.59273397,-508017882.130152,-833353385.845504,199722645782.629,-199947007507.485,0.0074167708778603,0.05,0.148335417557206,-0.185350415255879,-0.673184419238993
0.37,6.24107683467036,20.0020966931632,-232.211731384954,-5.37055065137567,2935.85528291613,-79.6119554592043,169201.230997916,65134.893928047,-6782063.55650499,4332565.70313472,-308295236.347523,-1033300393.35299,199640107035.485,-199940652979.636,0.00209669316316763,0.05,0.0419338632633526,-0.0879325658274413,-0.70669577913865
0.371,6.0103609462542,19.9966973639848,-229.192417012432,-5.41691778594216,3101.62241793419,-12.4913262723562,162298.29317441,68917.485992342,-6990538.73933477,3199294.98329191,-108655129.312037,-1233241046.33262,198797121316.757,-199921915742.2,0.00330263601524194,0.05,0.0660527203048389,0.0107443317440693,-0.737368750266292
0.372,5.78274609826447,19.9912858095326,-226.010813408355,-5.39447020444736,3260.41561576411,57.8119369574203,155286.559723972,71466.8401331772,-6999795.30798843,1866092.97908819,90141992.0047202,-1433162962.07483,-171167068972.902,-199858115123.763,0.00871419046737643,0.05,0.174283809347529,0.110353504586169,-0.765063137835525
0.373,5.55839108261259,19.9859322219699,-222.673918815756,-5.30067521253455,3412.21016953821,129.964635664999,148303.307567157,72583.041945374,-6995236.85047016,333000.95945148,-81025076.9681823,-1633021077.19859,153123017830.42,113687098374.971,0.0140677780300535,0.05,0.281355560601071,0.210562582914625,-0.789649591521419
0.374,5.33744769416879,19.9807086266733,-219.188724965262,-5.13443065088935,3557.00873462638,202.446744872998,141293.078681175,72118.4802159554,-6999700.41852313,-1243176.56855962,72097940.8622377,-1519333978.82362,-142645103123.531,199872048666.308,0.01929137332667,0.05,0.385827466533399,0.31103490870818,-0.81101061342059
0.375,5.1200607311658,19.975687374959,-215.56223449266,-4.89619350198518,3694.80803587581,273.698742476897,134305.653049229,70148.948666095,-6998925.02922266,-2662574.52305009,-70547162.2612936,-1319461930.15731,139511796615.019,199936265950.914,0.0243126250409595,0.05,0.486252500819191,0.411430873596759,-0.82904158554364
0.376,4.90636799295059,19.9709396006613,-211.801441894631,-4.58791735904062,3825.60828154157,342.304824237522,127294.706404978,66859.9658889581,-6999716.29317644,-3882068.32023194,68964634.3537253,-1119525664.20639,-137205266069.698,199956153286.362,0.0290603993386931,0.05,0.581207986773862,0.511409263979267,-0.843651758192696
0.377,4.69650027971042,19.9665338082375,-207.91335114912,-4.21287454384672,3949.4089070196,407.04549986205,120306.604884633,62451.4607621707,-6999354.29185757,-4901615.90779515,-68240631.715973,-919569510.920032,135728836105.58,199964511562.444,0.033466191762475,0.05,0.6693238352495,0.610628609866524,-0.854765129343892
0.378,4.4905813920957,19.9625346534011,-203.904957210993,-3.77545689861357,4066.21011668786,466.901222939819,113295.751749602,57123.3875175092,-6999730.50552075,-5721203.16293396,67488204.3896075,-719604999.357588,-134573933461.857,199967372508.712,0.0374653465989425,0.05,0.74930693197885,0.708748531312009,-0.86232118780544
0.379,4.2887281312884,19.9590019235761,-199.783264149622,-3.28097583292236,4176.01164397154,521.052406683156,106307.336357366,51075.7097503146,-6999529.26786207,-6340824.47603719,-67085729.07225,-519637626.848876,133745969578.367,199965380511.957,0.0409980764239393,0.05,0.819961528478785,0.805431077338367,-0.866275514690176
0.38,4.09105029882982,19.9559897183112,-195.555267106372,-2.735462360633,4278.81360748886,568.879429815165,99296.5552198974,44508.3940242716,-6999742.01214513,-6760479.41263009,66660240.5061173,-319672246.336918,-133085115408.327,199953201190.818,0.0440102816888341,0.05,0.880205633776683,0.900342051837817,-0.86660024113356
0.381,3.8976506966678,19.9535458296582,-191.227970176475,-2.14546713377472,4374.61585652963,609.962636808782,92307.9624754373,37621.4040220049,-6999624.32934318,-6980175.0583716,-66424874.9022099,-119719045.1461,132596638999.274,199843883420.381,0.0464541703417538,0.05,0.929083406835076,0.993152321427148,-0.863284360811386
0.382,3.70862512705961,19.9517113225162,-186.808368605494,-1.51786048039252,4463.41846088787,644.082326955886,85297.2251484762,30614.6767549636,-6999750.88474575,-6999972.1618075,66171764.0970641,80124838.2742807,-132209219407.23,-113892438972,0.0482886774838462,0.05,0.965773549676925,1.08353910001134,-0.856333896389892
0.383,3.52406239260028,19.9505203144894,-182.303466501766,-0.859635087654851,4545.22133050385,671.205626251367,78308.5252758778,23635.7849391313,-6999683.7303523,-6976793.54301922,-66037455.3101657,-33767600.6977195,131927803188.205,21194485232.8734,0.0494796855106188,0.05,0.989593710212375,1.1711872051503,-0.845771919796447
0.384,3.34404429616407,19.9499999305607,-177.720259174741,-0.177775598220406,4620.02450466379,691.348269589091,71297.8107850684,16645.6400099687,-6999757.28406836,-6999963.90110051,65890347.8780391,-12573115.4648461,-131714149922.83,25461606472.8326,0.0500000694393492,0.05,1.00000138878698,1.25579028127079,-0.83163843634002
0.385,3.16864564091972,19.950170311636,-173.065750743085,0.520728519023729,4687.8279304419,704.492893029535,64309.0463166186,9643.63315221454,-6999724.01115174,-6999806.21332893,-65823802.0447913,12888491.0079866,131572977756.261,-26104389584.1883,0.0498296883640172,0.05,0.996593767280345,1.33705198504159,-0.813990181155796
0.386,2.99793423029529,19.9510446022863,-168.346936556371,1.22887691374436,4748.63162632667,710.63768347402,57298.3392340705,2645.92045279223,-6999761.3243184,-6999969.91711304,65749175.7114695,-13215898.5762017,-131481246759.267,26553709056.4602,0.0489553977137298,0.05,0.979107954274596,1.41468712829282,-0.792900358416644
0.387,2.83197086798386,19.9526289472898,-163.570820743443,1.93967056641039,4802.43556470925,709.782522723037,50309.5389564813,-4356.23179543284,-6999752.77198656,-6999908.96116101,-65732071.0477975,13337810.4802585,131443620829.441,-26806944528.9105,0.0473710527101723,0.05,0.947421054203446,1.48842277410989,-0.76845831281503
0.388,2.67080935792436,19.95492249149,-158.74439867819,2.64610865409309,4849.2397487521,701.927442459415,43298.8274191091,-11353.9396754419,-6999763.03261964,-6999974.62294521,65711549.7816437,-13469134.048652,-131445016960.414,27003192092.8459,0.0450775085099906,0.05,0.901550170199812,1.5579992818804,-0.740769136944897
0.389,2.51449650430002,19.9579173798017,-153.874674500294,3.34119212809031,4889.04416970416,687.07239574983,36310.0126585535,-18356.1483333959,-6999773.9913182,-6999942.16094743,-65733467.1787699,13534058.0441939,131490266140.052,-27140232884.9817,0.0420826201982933,0.05,0.841652403965867,1.62317129731285,-0.70995321753795
0.39,2.36307211153095,19.9615987571804,-148.968643596402,4.01792013039709,4921.84881855028,665.217401169264,29299.2869780026,-25353.8468374688,-6999762.32542694,-6999978.21934573,65756798.9612823,-13606174.8407878,-131568837163.788,27252861897.0373,0.0384012428195533,0.05,0.768024856391065,1.68370868366057,-0.6761457225712
0.391,2.2165689842668,19.965944768629,-144.033310117957,4.66929360529429,4947.65370179718,636.362433062228,22310.474912529,-32356.0860005854,-6999789.94504756,-6999957.963238,-65812038.2025057,13646687.0562495,131686009069.975,-27339325026.0732,0.0340552313710027,0.05,0.681104627420055,1.7393973906235,-0.639496031384873
0.392,2.07501292738878,19.9709265591807,-139.075669455146,5.28831167647994,4966.45879998119,600.507503389324,15299.7266165585,-39353.7771744663,-6999758.97871507,-6999980.93869478,65873970.8674697,-13692637.9698237,-131834020445.669,27413435684.7573,0.0290734408193423,0.05,0.581468816386845,1.79004025766989,-0.60016711022533
0.393,1.93842274599728,19.9765082739041,-134.102725772221,5.86797528571096,4978.26413301935,557.652595865669,8310.93228653626,-46356.0355261985,-6999802.01807044,-6999966.85882223,-65960049.5781989,13720797.7149336,132018980657.965,-27473826922.7831,0.0234917260959335,0.0501392723571637,0.468529457878682,1.83545774875992,-0.55833483579229
0.394,1.80681024542222,19.9826470578927,-129.121474454905,6.40128354542174,4983.06967174612,507.79771896689,1300.15340711972,-53353.7209573171,-6999752.57731965,-6999982.97456869,66058931.0797666,-13753029.2078495,-132234883841.164,27527383915.0694,0.0173529421073155,0.0513094570182736,0.33820163213061,1.87548861576911,-0.514187269603092
0.395,1.6801802312059,19.9892930562684,-124.138919681387,6.88123739643286,4980.8754488996,450.942861325083,-5688.60885196691,-60355.9925491705,-6999811.08816047,-6999972.311819,-66175952.761397,13774354.7072199,132489234666.677,-27573026634.3404,0.0107069437315701,0.053426767367286,0.200404109385179,1.90999048814854,-0.46792388614455
0.396,1.55853050912124,19.9963894141744,-119.162056825349,7.30083594358761,4971.68142556287,387.088029469678,-12699.426377397,-67353.6731880749,-6999742.42358852,-6999984.47042895,66313281.9052798,-13798671.9271204,-132777162650.301,27614746011.0028,0.00361058582558726,0.0562330700030263,0.0642075174873603,1.93884038671497,-0.419754757982059
0.397,1.44185188514987,20.0038722767779,-114.197890080135,7.65308012756307,4955.48764780555,316.233214882151,-19688.1416871412,-74355.954536799,-6999817.7230084,-6999975.76935057,-66463880.7450216,13816074.0838824,133108473731.518,-27651657481.8033,0.0038722767778836,0.0595088556588524,0.0650705972247606,1.96193515969903,-0.369899701136135
0.398,1.33012816550863,20.0116707892649,-109.253414799551,7.93096904778787,4932.29406612986,238.378422987296,-26699.0066049002,-81353.6308786879,-6999727.36688766,-6999985.52400759,66644592.9864967,-13835583.3979209,-133479026960.237,27686390247.3341,0.0116707892648726,0.0630699298926254,0.18504522336939,1.97919183957007,-0.318587384203506
0.399,1.22333615662238,20.0197070968428,-104.335635193419,8.1275036453191,4902.10074164755,153.523647015632,-33687.658179788,-88355.9197960199,-6999822.28738128,-6999977.91228184,-66834433.9737401,13850806.8494132,133902506455.122,-27718175531.1406,0.0197070968427653,0.066764141537084,0.295174870657462,1.99054791938261,-0.266054404817326
0.4,1.12144566515985,20.0278963447361,-99.4515465868231,8.2356830155835,4864.90761252285,61.6688918072986,-40698.580599747,-95353.5920007989,-6999705.46812746,-6999986.193198,67068072.4813823,-13867368.6817274,-134375215691.581,27749001451.7542,0.0278963447361456,0.0704681776582238,0.395871521915112,1.99596154781045,-0.212544337176
0.401,1.0244194980004,20.0361466781892,-94.6081532074686,8.24850810045951,4820.7147582338,-37.1858483098191,-47687.1479009157,-102355.887044762,-6999825.00349186,-6999979.06115384,-67307143.2101984,13881632.7700268,134917722049.992,-27778139285.9763,0.036146678189187,0.0740844508454454,0.487911805739049,1.99541164224433,-0.158306754460728
0.402,0.932213462281181,20.0443592424623,-89.8124503408358,8.15897799236732,4769.52210154569,-143.040568702167,-54698.1401890043,-109353.554979412,-6999673.28567706,-6999986.4980268,67610578.8397939,-13896506.5159494,-135526557362.001,27807375989.1235,0.044359242462285,0.0775381016627431,0.572096060014834,1.9888979197794,-0.103596230064427
0.403,0.844776365356557,20.0524281828345,-85.0714422338794,7.96009363446614,4711.32974620376,-255.895274374346,-61686.5959448218,-116355.855168032,-6999825.98551827,-6999979.31654819,-67915978.5222071,13910869.4731741,136235574613.55,-27835935585.1258,0.0524281828345217,0.0807741360899555,0.649071415336886,1.97644084610277,-0.0486713216158491
0.404,0.762050014860288,20.0602406446007,-80.3921241178483,7.64485411694179,4646.1375944187,-375.749960553056,-68697.6739904989,-123353.518372441,-6999624.1767337,-6999986.41486758,68319596.0913431,-13925066.1119517,-137041359083.119,27865815022.0466,0.0602406446007286,0.0837547147594803,0.719250788134407,1.95808150277109,0.00620645814743225
0.405,0.683969218655305,20.0676767730742,-75.7815002598158,7.20626038480407,4573.94578488255,-502.604631901657,-75685.9785957008,-130355.823017861,-6999825.26018392,-6999978.57346851,-68721762.9917758,13940748.9100949,138006927051.9,-27896061782.7792,0.067676773074222,0.0864566078253745,0.782783118335106,1.93388137351408,0.0607736795735786
0.406,0.610461784917773,20.0746097135842,-71.2465658151235,6.63731152669526,4494.75419031822,-636.459283084009,-82697.1635828719,-137353.480560505,-6999543.55964974,-6999985.8554498,69285164.0601245,-13955312.8726844,-139128778544.866,27892150623.7907,0.074609713584227,0.0888688263538265,0.839548766934002,1.90392205071416,0.114766039237922
0.407,0.541448522073706,20.080905611479,-66.7943250697146,5.93100848998497,4408.56300545043,-777.313920284775,-89685.2526902491,-144355.795380621,-6999822.78486205,-6999995.09301059,-69843614.4847413,13936837.7511063,140548723887.799,199987398495.626,0.0809056114789826,0.0909904382886528,0.889166081630712,1.86830486330089,0.167919403913025
0.408,0.476843238918495,20.086423612437,-62.4317730666514,5.08035225342428,4315.37205696216,-925.159057597339,-96696.5724950389,-151315.490821673,-6999392.03740289,-6886064.55601167,70705109.4030577,213924236.246733,-142263132449.849,199995140409.317,0.0864236124370308,0.0928285742697302,0.931002259992826,1.82715042786204,0.219970851368264
0.409,0.416552744535195,20.0910158810543,-58.1659141007562,4.07839835312612,4215.1816450028,-1079.87359352679,-103684.322499815,-158061.26073616,-6999818.49422476,-6572142.74956028,-71558023.046791,413919376.65605,144729402606.254,199996458450.01,0.0910158810543003,0.0943966259725177,0.964185744104861,1.7805981247743,0.270659710992543
0.41,0.360476848482116,20.094527728955,-54.003743028925,2.91841768538417,4107.99151731048,-1241.14360588919,-110695.798438462,-164393.111054317,-6999011.81596842,-6058225.14367922,73171379.5594631,613915835.10606,-147944659878.771,199996809907.169,0.094527728955029,0.0957126371187339,0.987620149236563,1.72880550179978,0.319728636108598
0.411,0.308508360690897,20.0967979289533,-49.9522640968677,1.59409506624375,3993.80224383313,-1408.45517700908,-117682.882007964,-170111.045478792,-6999812.76634834,-5344310.90361958,-74773280.3193083,813912645.013229,159175272862.669,199996714197.665,0.0967979289533183,0.0967978850057305,1.00000045401393,1.67194760745325,0.366924733830088
0.412,0.260533091841379,20.0976592289709,-46.0184717185924,0.0997292276774991,3872.61362553164,-1581.09439263576,-124693.552202328,-175015.067274205,-6994998.41023631,-4430399.90150752,84401992.543361,1013909359.21089,-178601845961.89,199996169950.542,0.0976592289709046,0.0976756482126179,0.999831900355782,1.6102162572538,0.412000753263307
0.413,0.216429853673877,20.0969390659514,-42.2093686738293,-1.56956718572089,3744.42919937937,-1758.14734179377,-131676.11659062,-178905.179801116,-6999897.3406739,-3316492.45732135,-94199853.4185286,1213905529.16144,199552713453.229,199994756198.989,0.0969390659514033,0.098370154211103,0.985452007560865,1.54381923570117,0.454716327318352
0.414,0.176070461410074,20.0944604797713,-38.5319464443566,-3.41766762013809,3609.24574883924,-1938.50011712051,-138689.855072428,-181581.38703449,-6994320.83736581,-2002589.55006042,105352860.0347,1413900285.36042,199859315992.515,199990087565.784,0.0944604797712785,0.0989056988039527,0.955055986799251,1.47297943814699,0.494839263100525
0.415,0.139319732589779,20.0900432271471,-34.9932052879963,-5.4472316166049,3467.08461962963,-2120.83881596215,-145598.189593777,-182843.694760609,-6789038.31933485,-488694.220917103,305212176.027215,1613890372.92621,199899871907.612,-74881408499.5142,0.090043227147099,0.0993059278831948,0.906725601043769,1.39793395384265,0.532146875673707
0.416,0.106035523191142,20.0835050951562,-31.6000368865439,-7.65950710756371,3318.15110873352,-2303.66099616309,-152201.305179781,-182537.924029813,-6383876.20735383,1087755.44775935,505112047.934828,1539008964.42669,199909684049.158,-199990302031.873,0.0835050951562195,0.0995932702160225,0.838461223083578,1.31893311005088,0.566427359678557
0.417,0.076068933466846,20.0746633924337,-28.3590276975188,-10.0541933143794,3162.85038036155,-2485.4068739042,-158299.307082492,-180713.995816846,-5778809.31739442,2526769.26117011,705021731.983986,1339018662.39482,199906154955.392,-199994979153.913,0.0746633924336919,0.0997885090455813,0.748216334203242,1.23623953327845,0.597481184652028
0.418,0.0492647131107679,20.0633364928458,-25.2762590637946,-12.6294819321624,3001.78750166548,-2664.64264843753,-163692.287841402,-177551.049721004,-4973834.50793274,3765790.43398797,904927886.939378,1139023683.24091,199889355069.963,-199996409593.599,0.0633364928458349,0.099910481627177,0.633932414440553,1.15012724295461,0.625122459130504
0.419,0.0254618663254178,20.0493452638699,-22.3571073073945,-15.382226681038,2835.76744660773,-2840.12929884473,-168180.343513353,-173249.080180328,-3968961.94345838,4804815.91243207,1104817242.00934,939027273.647308,199846676391.035,-199996981503.397,0.0493452638698564,0.0999758948398325,0.493571614926883,1.06088078127098,0.649180192115674
0.42,0.00449445679503575,20.0325143054408,-19.60604382676,-18.308142257826,2665.7950852745,-3010.82779973079,-171563.589056409,-168008.083461323,-2764221.36325352,5643844.69532768,1304663918.40038,739030292.14391,199707068154.534,-199997122340.82,0.032514305440813,0.0999992436295377,0.325145513712755,0.968794382523848,0.669499417934588
0.421,-0.0138073874469163,20.0126729889769,-17.0264352143521,-21.4020043322187,2493.07515065071,-3175.89912234253,-173642.193949103,-162028.056473646,-1359703.91077588,6282876.42630118,1504370986.55491,539033169.803091,142942368820.487,-199996847473.418,0.0187416274031257,0.1,0.187416274031257,0.874171185129352,0.685942176349457
0.422,-0.0296162693709749,19.9896562964081,-14.6203439046835,-24.657849543652,2319.00978917601,-3334.70423494337,-174225.888638465,-155508.996270356,216138.260189277,6721911.17236756,1647313355.3754,339036322.329672,-199703403100.123,-199995663237.288,0.0296162693709749,0.0999960016260457,0.296174535875251,0.777322489264939,0.698388344348445
0.423,-0.0431061235731706,19.9633054592081,-12.388344062922,-28.0691754983189,2145.15820091841,-3486.80410272645,-173219.377601104,-148650.899547363,1763599.91401461,6960949.66307859,1447609952.27527,139040659.092384,-199844874562.065,-199987200003.617,0.0431061235731706,0.0999501242604455,0.431276337994804,0.678567060957791,0.706736316710992
0.424,-0.0544506731627165,19.933468397429,-10.3294429657777,-31.6291407657411,1973.05356472992,-3631.95968679909,-170765.280190046,-141653.760754739,3111287.42900885,6999996.72216917,1247765077.71321,-60946540.9112333,-199887941569.107,121821211856.679,0.0544506731627165,0.099837689208321,0.545391961637853,0.578230465137095,0.71090353304482
0.425,-0.0638219104687645,19.8999999591876,-8.44120316875926,-35.3307621910596,1804.04356043643,-3770.11853106574,-167063.424879108,-134663.933767716,4259108.53593751,6999960.78718627,1047877136.1441,60874670.9454459,-199904992517.029,-121683359504.768,0.0638219104687645,0.0996374997092113,0.640541067921482,0.476644364156551,0.7108268497795
0.426,-0.0713887498439328,19.8627619857453,-6.71993947366733,-39.1670445064614,1639.27600663996,-3901.27740880135,-162313.695273852,-127653.816204974,5207033.17582309,6999993.77837933,847972143.627071,-60808688.5593222,-199908962595.427,121581260033.578,0.0713887498439328,0.0993260245061985,0.718731573108291,0.374145726205744,0.706462765955757
0.427,-0.0773158798483269,19.8216233182269,-5.16091880953703,-43.1309836782537,1479.69882710451,-4025.43629701273,-156715.994186648,-120663.963227536,5955050.83815245,6999975.7198368,648063181.031644,60772571.474256,-199900484847.666,-121507996215.369,0.0773158798483269,0.0988777613797132,0.781933963405748,0.271075936207373,0.697787548031605
0.428,-0.0817628153266709,19.776459797743,-3.75856013425764,-47.2155837746364,1326.06003968024,-4142.59520645161,-150470.228505454,-113653.852554664,6503163.77676026,6999994.29320337,448162696.183978,-60735424.741113,-199866364269.802,121445653549.648,0.0817628153266709,0.0982657460932874,0.832058154314021,0.167779812747667,0.684797273858322
0.429,-0.0848831493902517,19.7271542653853,-2.50663434030803,-51.4138407602454,1178.90775908069,-4252.75412419489,-143776.294441313,-106663.985031573,6851393.29080934,6999981.69523708,248296331.914176,60710228.8085348,-199674665120.615,-121394515664.22,0.0848831493902517,0.0974622195007472,0.870933884176534,0.0646045351460976,0.667507798410867
0.43,-0.0868240053002289,19.6735965622354,-1.39846414784124,-55.7187586953683,1038.59022422905,-4355.9130581122,-136834.0320954,-99653.8806412093,6999852.2901632,6999994.6662135,48621666.7935614,-60684286.8556855,-97479498495.6816,121348893984.977,0.0868240053002289,0.0964394643743605,0.900295391139813,-0.0381015148796505,0.645954641652733
0.431,-0.0877256880776671,19.6156835293601,-0.427123084037897,-60.1233335452945,905.260160244096,-4452.0719992642,-129826.115554923,-92664.0033027594,6999734.20770893,6999984.8263503,-48857831.7021203,60664607.1292914,96237664422.115,-121308990283.3,0.0877256880776671,0.0951708220884684,0.92177083430171,-0.139989992104474,0.620192799169563
0.432,-0.087721527385402,19.5533190078177,0.414389407034239,-64.6205693652887,778.929778723762,-4541.23095392719,-122834.770652328,-85653.9043378917,6998995.20821786,6999994.93833795,47379832.7199948,-60644383.1540086,-93264536089.282,121272249872.666,0.087721527385402,0.093631897640072,0.936876530288962,-0.240713898822325,0.590296476513626
0.433,-0.086937853660683,19.4864138386543,1.13306949658844,-69.203462121809,659.598516291992,-4623.38991518269,-115827.629617099,-78664.0195494853,6999742.77289321,6999986.68012027,-45884703.3692873,60627866.7186578,90680549417.0303,-121238824090.324,0.086937853660683,0.091801959613587,0.947015227415863,-0.339928939783833,0.55635874849718
0.434,-0.0854939981113632,19.4148858629079,1.73591966567597,-73.8650158664821,547.266888967004,-4698.54888836533,-108835.715770987,-71653.9254066874,6999198.34423244,6999995.13479376,44795846.047743,-60610957.3716665,-88502534246.0953,121207320000.486,0.0854939981113632,0.0896655396161039,0.953476647521436,-0.4372948724801,0.518491144965849
0.435,-0.0835022924035227,19.3386599216061,2.22993635878731,-78.5982265670906,441.934550736881,-4766.70786772585,-101828.869926105,-64664.0345305794,6999742.92315714,6999987.83742234,-43706688.1983523,60596362.6288197,86456262441.3452,-121177856724.008,0.0835022924035227,0.0872142334335677,0.957438816074988,-0.532476837943729,0.476823164870133
0.436,-0.0810680688358771,19.2576678557688,2.62212199773851,-83.3960982724092,343.60187016859,-4827.86685802131,-94836.5709699736,-57653.9448212967,6999264.36617945,6999995.27168916,42749574.2429929,-60581494.0951886,-84558996641.8043,121149564003.619,0.0810680688358771,0.0844487037062683,0.959968185158297,-0.625146667179086,0.431501720729042
0.437,-0.0782896601233973,19.1718485064065,2.9194732030571,-88.2516269516117,252.26853301922,-4882.02585422395,-87830.0249827796,-50664.0487026545,6999734.44210154,6999988.55959577,-41809422.3988115,60568069.9084299,82654905691.0794,-121122540031.342,0.0782896601233973,0.0813808813092505,0.962015388183049,-0.714984157792535,0.382690515851979
0.438,-0.0752583995693393,19.0811477145224,3.12899229272356,-93.1578166511119,167.934850974828,-4929.18486074099,-80837.4194342623,-43653.9631981097,6999252.47254827,6999995.35948853,40845483.2922679,-60554470.1229125,-80763011414.1239,121096176060.486,0.0752583995693393,0.0780363598724594,0.964401718536586,-0.801678316167851,0.330569356940424
0.439,-0.0720586208906395,18.9855183211104,3.25767600493006,-98.1076633415268,90.600500231913,-4969.34387299704,-73831.2047219703,-36664.0623776726,6999716.45013348,6999988.97739586,-39917528.1218559,60541705.9375733,78738153859.383,-121070556803.77,0.0720586208906395,0.0744569750051841,0.967788724771888,-0.884928560092099,0.275333404943251
0.44,-0.0687676584048159,18.8849201671579,3.31252651513029,-103.094171067233,20.2657815700666,-5002.50289520822,-66838.3240102545,-29653.9809734419,6999167.99894131,6999995.40493155,38820625.7375271,-60528850.8661963,-76602718956.575,121045208647.118,0.0687676584048159,0.0707035568255115,0.972619504483018,-0.964445877465551,0.217192367271138
0.441,-0.0654558468704564,18.7793200936431,3.30054064186513,-108.110335800353,-43.0696801163841,-5028.66192307065,-59832.5128182705,-22664.0757925022,6999687.26520055,6999989.15838891,-37782093.2190479,60516357.7809219,74148660014.2516,-121020208080.063,0.0654558468704564,0.0668588413593305,0.979015572804595,-1.03995393636416,0.156369634703721
0.442,-0.0621865217123497,18.6686919415376,3.22872036353543,-113.149161583447,-99.4055567900903,-5047.820960733,-52839.3584896771,-15653.9984899029,6998979.50198863,6999995.4121298,36366566.7952036,-60503850.2991413,-71403959975.5969,120995144982.916,0.0621865217123497,0.0630305232932181,0.986609637096901,-1.11119014248505,0.0931013665276732
0.443,-0.0590160188589291,18.5530165518044,3.10406254432478,-118.203644390224,-148.742339599306,-5059.98000402751,-45834.0963642868,-8664.08914542547,6999644.08879603,6999989.13432212,-35037393.1803933,60491294.6837749,67935537182.299,-120970091627.256,0.0590160188589291,0.0593544294647765,0.99429847765535,-1.17790663963897,0.0276355276443419
0.444,-0.055993675046251,18.4322817653996,2.93356887012956,-123.266788261582,-191.079622837342,-5065.13905714381,-38840.6483825506,-1654.01604569934,6998574.46420679,6999995.38319227,32898144.0019057,-60478796.9434807,-63780169024.3385,120944652288.609,0.055993675046251,0.0559977893827388,0.999926526805198,-1.23987124982165,-0.0397691184398877
0.445,-0.0531618276361002,18.3064824232706,2.7242361914329,-128.331589172929,-226.418158470832,-5063.29811593689,-31836.2548745136,5335.89738106929,6999582.52369652,6999988.91239309,-30882025.0224328,60465855.3451286,57500882402.7994,-120918898363.885,0.0531618276361002,0.0531625760125608,0.999985922870623,-1.296868348939,-0.108844056657805
0.446,-0.0505558150945979,18.175620366358,2.48306569503507,-133.391051163603,-254.757373217568,-5054.4571847445,-24842.5298829278,12345.9660714076,6997450.93987549,6999995.31855628,26618857.3803666,-60453043.0187564,-49142893184.2946,120892405587.488,0.0505558150945979,0.0510888870724091,0.989565793886727,-1.34869967534388,-0.179312103235393
0.447,-0.0482039767937931,18.0397044355937,2.2170539982943,-138.438170210866,-276.098788774877,-5038.61625933742,-17839.9599965595,19335.8836027191,6999498.35066371,6999988.47833126,-22524035.8039281,60439362.5687319,-13727617742.541,-120865247573.741,0.0482039767937931,0.0500583341858676,0.962956070707642,-1.3951850676427,-0.250888519994895
0.448,-0.0461276540775542,17.8987504719024,1.93320075968128,-143.465950352559,-290.443325586145,-5015.77534432042,-10854.0116000882,26345.9475544058,6970110.50598851,6999995.21711312,-36251653.546469,-60425885.0050088,131441205792.275,120836922521.949,0.0461276540775542,0.05,0.922553081551084,-1.43616312980295,-0.323282155638514
0.449,-0.0443411936808681,17.7527813161997,1.63849169823724,-148.467387568004,-297.812847158588,-4985.93443526652,-3880.12005324085,33335.8693161034,6999579.45533817,6999987.79336909,95189552.2458058,60411037.5169401,-196968816653.474,-120807509455.163,0.0443411936808681,0.05,0.886823873617362,-1.47149182155605,-0.396196609443979
0.45,-0.0428519629240633,17.6018268093941,1.33990771245246,-153.435485893583,-298.185519592813,-4949.09353719371,3134.22604211131,40345.9280433218,6996284.59925724,6999995.07615844,-101779264.407669,-60396471.938223,-199228921252.082,120776358850.511,0.0428519629240633,0.05,0.857039258481265,-1.50104897566396,-0.469331412731393
0.451,-0.0416603352134093,17.4459237923841,1.04444945227022,-158.363241310959,-291.57841566686,-4905.25264534268,10046.416188956,47335.8542766528,6794890.87422353,6999986.78364548,-301008185.659751,60379886.912288,-199460136081.348,-120743558783.863,0.0416603352134093,0.05,0.833206704268185,-1.52473272385159,-0.54238322339755
0.452,-0.0407597202312507,17.2851161060611,0.759012522334669,-163.243657855067,-278.193032910739,-4854.41176534133,16657.5596143361,54345.9070772905,6394152.62052311,6999994.89116583,-500468321.741099,-60363671.8715752,-199498677094.629,120708193219.806,0.0407597202312507,0.05,0.815194404625015,-1.54246185928792,-0.615047028778735
0.453,-0.0401367659900607,17.1194545913056,0.490191445998804,-168.069731510306,-258.430120817977,-4796.57089192239,22768.2282944729,61335.8381647238,5793934.96023469,6999985.31590416,-699966998.835727,60344521.3482308,-199456219053.073,-120670363809.504,0.0401367659900607,0.05,0.802735319801214,-1.55417618446498,-0.687017352077958
0.454,-0.0397717595958793,16.9489970889904,0.244080267727993,-172.834466310158,-232.889896885653,-4731.73003161131,28178.9370521142,68345.8840140005,4994239.85187243,6999994.65534764,-899423217.888801,-60325842.4612734,-199326758982.107,120628658065.343,0.0397717595958793,0.05,0.795435191917586,-1.55983685371655,-0.757989457594145
0.455,-0.0396392274657945,16.7738084399764,0.0260730756533058,-177.530858242324,-202.372049058875,-4659.88917838263,32690.2441685453,75335.8205244618,3995153.25449257,6999983.14191903,-1098749976.87091,60302815.6040695,-199017920381.793,-120583197220.518,0.0396392274657945,0.05,0.79278454931589,-1.55942670933362,-0.827660550004375
0.456,-0.0397087350085872,16.593960485116,-0.159335432177254,-182.15191133883,-167.875645672578,-4581.04834011783,36102.8527812054,82345.8578746461,2796894.31743077,6999994.35891284,-1297767897.2527,-60280381.6164486,-198024828637.531,120531561590.422,0.0397087350085872,0.05,0.794174700171744,-1.55295060997127,-0.895730962988058
0.457,-0.0399458856739743,16.4095320652482,-0.308749226275614,-186.690621591537,-130.598891416725,-4495.20750964559,38217.8590119036,89335.8006363491,1400114.0058593,6999979.75809161,-1495792725.89023,60251179.9739735,-8861042613.8166,-120473900423.522,0.0399458856739743,0.05,0.798917713479486,-1.54043575003469,-0.961905332534177
0.458,-0.0403135188419524,16.2206090212025,-0.420068234391012,-191.139993031055,-91.9306433996495,-4402.36669701272,38868.5998143821,96345.8270010238,-100109.241337837,6999993.98785382,-1504653768.50405,-60222720.4495483,197813449859.168,120405432327.518,0.0403135188419524,0.05,0.806270376839049,-1.52193196859957,-1.02589375034536
0.459,-0.0407730907333331,16.0272841937926,-0.492642308218632,-195.493021654804,-53.3546316069428,-4302.52589324483,38049.1325971021,103335.777200707,-1505856.2849123,6999973.98356802,-1306840318.64488,60182711.8779699,198806510650.125,-120326346996.86,0.0407730907333331,0.05,0.815461814666662,-1.49751204043648,-1.08741289284323
0.46,-0.0412861421934834,15.8296574238207,-0.527276144533531,-199.742711492224,-16.2679502674606,-4195.68511219815,35922.9905713091,110345.788149048,-2713293.34823212,6999993.52194756,-1108033807.99475,-60143635.1188897,199113651220.476,120224778028.55,0.0412861421934834,0.05,0.825722843869668,-1.4672719101305,-1.14618712138467
0.461,-0.0418156871590133,15.6278355520693,-0.526079323868282,-203.882058548872,18.1220177305342,-4081.84434186156,32688.8659276163,117335.747316441,-3721770.33061663,6999962.27584295,-908920156.774278,60081142.9096603,199243814258.613,-120100974770.233,0.0418156871590133,0.05,0.836313743180266,-1.43133080301128,-1.20194954942736
0.462,-0.0423274197010659,15.4219324193063,-0.492269379537122,-207.904066854157,48.8068136256406,-3961.00360409067,28545.842820989,124345.733334611,-4531068.58026161,6999992.93136749,-709676342.515665,-60019831.8605731,199296921737.727,119907817290.96,0.0423274197010659,0.05,0.846548394021318,-1.38983117252894,-1.25444307251728
0.463,-0.0427907224650125,15.2120688662717,-0.429972731637621,-211.801732427686,74.9771468044852,-3833.16288143663,23693.1522230925,131335.700986263,-5141096.46190841,6999927.0081524,-510379420.777938,59887985.4303866,199303502699.525,-119645644721.369,0.0427907224650125,0.05,0.85581444930025,-1.34293847792481,-1.30342135713804
0.464,-0.043179475953248,14.9983727336833,-0.344025463078585,-215.568059305843,96.0229918724396,-3698.32222085058,18330.083301245,138345.631046344,-5551824.13133658,6999992.1712221,-311075918.078413,-59757659.2909823,199272694036.018,82539053242.2484,0.043179475953248,0.05,0.86358951906496,-1.29084079328153,-1.34864978461906
0.465,-0.043472668548044,14.7809788621552,-0.239774034468215,-219.196043847885,111.533620150588,-3556.48311420129,12655.9333265419,145329.500896794,-5763263.70239699,6981504.03855224,-111803224.042395,22781393.9512661,199203044904.437,-8588512695.63913,0.043472668548044,0.05,0.869453370960879,-1.23374824987601,-1.38990634653057
0.466,-0.043654807241226,14.5600290894077,-0.122875990047049,-222.678697749978,121.297587882129,-3407.65942224092,6869.9685196078,152320.964213539,-5775465.40398716,6999991.17615569,87399820.8620427,14192881.255627,199083764783.425,-28393714824.6712,0.043654807241226,0.05,0.873096144824521,-1.17189231443858,-1.42698248919824
0.467,-0.0437161290821335,14.3356722405191,0.000899305218128065,-226.00902967016,125.302685493419,-3251.83728003055,1171.38365351556,159323.319544519,-5588523.7007334,6999987.19999898,286483585.645468,-14200833.5690443,198890118508.808,-199978291566.201,0.0437161290821335,0.05,0.87432258164267,-1.10552490657968,-1.45968390580297
0.468,-0.0436526133951145,14.1080641373655,0.125869856155239,-229.180040884072,123.735841649114,-3089.02466612044,-4240.74990131031,166282.876612472,-5202595.05583353,6885797.22064683,485373704.154276,-214179125.135246,198568581931.735,-199988811992.353,0.0436526133951145,0.05,0.873052267902289,-1.03491735928653,-1.48783126277637
0.469,-0.0434657948640083,13.8773675828068,0.246640102320248,-232.18478706972,116.98296352816,-2919.34292028567,-9167.56334141141,173028.252801886,-4617937.06071339,6571623.68951541,683942286.086011,-414167937.127599,197990510666.89,-199989863532.569,0.0434657948640083,0.05,0.869315897280166,-0.960359227019657,-1.51126087531399
0.47,-0.0431623776466859,13.6437522324076,0.358299775517092,-235.01653951657,105.628671642017,-2743.10621653952,-13410.5308406373,179359.460878915,-3834999.51929393,6057460.82062152,881932796.7529,-614157800.660168,196766235837.823,-199987743725.791,0.0431623776466859,0.05,0.863247552933717,-0.882156946553881,-1.52982536384925
0.471,-0.0427536507927414,13.4073942800247,0.456622402070738,-237.668983682339,90.4558284343513,-2560.8287177064,-16771.7695889152,185076.511508586,-2854683.60462212,5343309.14809846,1078699032.59072,-814145544.385959,192957853477.825,-199978285392.746,0.0427536507927414,0.05,0.855073015854829,-0.800632356319575,-1.5433943179799
0.472,-0.0422547054593796,13.1684759436443,0.538263118884999,-240.136419181983,72.4445401257851,-2373.22457497638,-19054.9440349956,189979.418170259,-1679505.64529248,4429174.46101612,1271656886.06855,-1014123829.77871,-14871408046.3461,-162632848828.445,0.0422547054593796,0.05,0.845094109187591,-0.716121080630645,-1.55185497057581
0.473,-0.0416834552973534,12.9271847512832,0.600953131160923,-242.413959462564,52.7611664404861,-2181.20636658261,-20101.0998052615,193874.425241581,-415284.463247107,3333734.2068232,1256785478.0222,-1176756678.60715,-191164457881.483,199979336647.66,0.0416834552973534,0.05,0.833669105947068,-0.628970786048038,-1.55511287945862
0.474,-0.0410594788620863,12.6837126304186,0.643645306646006,-244.497720359192,32.653923464193,-1985.85286787836,-19919.8522724778,196653.110998542,745918.785834353,2256967.19653988,1065621020.14072,-976777341.95949,-194787323054.795,199989010874.709,0.0410594788620863,0.05,0.821189577241726,-0.539539324508587,-1.55309261258078
0.475,-0.0404027868795003,12.4382548453222,0.666506401419746,-246.384909542853,13.2765179495285,-1788.22573662976,-18673.5875304156,198455.021025915,1714146.14444767,1380184.36001774,870833697.085923,-776788331.08478,-195842857313.993,199991630072.71,0.0404027868795003,0.05,0.808055737590006,-0.448192811362487,-1.54573841649544
0.476,-0.0397326760759947,12.1910089500601,0.670766469341709,-248.073708437826,-4.40301767820362,-1589.20175516109,-16556.6650136439,199480.143158735,2487058.4128766,703391.843969314,674990839.77193,-576796701.01207,-196186059589.062,199992026627.666,0.0397326760759947,0.05,0.794653521519894,-0.35530370979551,-1.53301479939116
0.477,-0.0390667615797841,11.9421739122143,0.658526118626657,-249.56307525603,-19.6118294312635,-1389.45771586277,-13764.8088574795,199928.468656637,3063956.222854,226591.156271077,478804780.182868,-376804674.384404,-196167039824.664,199990034586.693,0.0390667615797841,0.05,0.781335231595682,-0.261248965427264,-1.51490696550321
0.478,-0.0384202041282544,11.6919494360908,0.632560859610972,-250.852545005983,-31.7730330072782,-1189.47041948895,-10494.1447511715,199999.989148147,3444677.48312454,-50218.5008199796,282637740.358203,-176814639.797711,-195859477942.551,199979468882.892,0.0384202041282544,0.05,0.768404082565089,-0.166408204708594,-1.49142108823004
0.479,-0.0378051331977564,11.4405354859185,0.59612501155216,-251.942029501429,-40.5058935384087,-989.516676219978,-6940.79164419166,199894.693238908,3629385.48451146,-127043.406176244,86778262.415652,23164829.0851816,-195220527889.688,199927449396.629,0.0378051331977564,0.05,0.756102663955128,-0.0711620044990726,-1.46258442108385
0.48,-0.037230266255173,11.1881320090384,0.552755608695609,-252.831617373667,-45.6256635852708,-789.673313568918,-3300.55378312065,199812.553488841,3618553.48298227,-3914.85239274778,-108442265.474036,223092278.481811,-194086454754.17,-191093784774.722,0.037230266255173,0.05,0.744605325103461,0.0241097604549412,-1.42844524644582
0.481,-0.0367007239707555,10.9349388585308,0.506076624651091,-253.521377359904,-47.1431012734274,-589.833497700893,231.430824665578,199888.33581156,3413067.99013115,123630.533701702,-302528720.228206,31998493.7070888,-192049549731.331,-199397553709.903,0.0367007239707555,0.05,0.734014479415111,0.119029485886953,-1.38907266295293
0.482,-0.036218040901579,10.6811558842857,0.459603877678761,-254.011246412986,-45.2635599716397,-389.886321771602,3461.22619639407,199994.732666497,3014514.49503728,55930.2505538394,-494578269.959537,-167399060.002814,-187983092549.239,197812239716.772,0.036218040901579,0.05,0.724360818031579,0.213223316444493,-1.34455622498367
0.483,-0.0357803707106559,10.4269830283774,0.416551175934138,-254.301131373241,-40.3853388682432,-189.883281646507,6197.12104102671,199999.932093669,2425944.67880312,-12562.6895905888,-682561362.508776,30413179.7139579,-177556500763.778,-15907164763.4869,0.0357803707106559,0.05,0.715607414213117,0.306322528957726,-1.29500550074249
0.484,-0.0353828842042383,10.1726202883933,0.379638802005265,-254.391015647966,-33.0964039024315,10.1147751671199,8252.19228844814,199999.924799808,1654605.06591246,9896.90774162563,-860117863.272553,14506014.950471,-119107984258.159,-179631663672.587,0.0353828842042383,0.05,0.707657684084766,0.397964816006158,-1.2405496046125
0.485,-0.0350183566300017,9.91826766373744,0.350907430947204,-254.280900153428,-24.1652248909167,210.114581437304,9456.88709201463,199987.136104412,734933.210510822,-65412.9091441968,-979225847.530712,-165125648.722116,147369342373.666,199616188269.972,0.0350183566300017,0.05,0.700367132600035,0.48779546637683,-1.18133666033523
0.486,-0.03467793299697,9.66412514823974,0.331553565471586,-253.970808122857,-14.4979351123028,410.049807486869,9726.76893582237,199872.429735619,-170607.965833057,-130730.463731327,-831856505.157046,34490539.547856,172517172911.841,199298388316.897,0.03467793299697,0.05,0.693558659939399,0.575468442451368,-1.1175331723671
0.487,-0.0343520210720942,9.41039267220937,0.321857357121615,-253.460840790987,-4.98792469471851,609.870924513393,9168.98557956277,199792.160939714,-916205.884534183,3409.26997497776,-659339332.245205,233788927.864753,178468010446.562,-199918603807.913,0.0343520210720942,0.05,0.687040421441883,0.660647370384362,-1.04932334629406
0.488,-0.034031172934924,9.15727006738676,0.321275238997165,-252.751065142575,3.62050422097158,809.69542496758,7952.85469731374,199879.14490632,-1486311.21155611,137238.895935774,-480871321.798643,33870324.0568401,179957418700.267,-199978813225.796,0.034031172934924,0.05,0.680623458698481,0.743006494229477,-0.976908332141017
0.489,-0.0337068276549875,8.90495716887028,0.328605915371615,-251.841407527232,10.7575563179867,1009.64050192533,6256.10072797502,199999.98916208,-1877203.82400462,71119.8133797163,-300913903.098376,-166108489.168956,179148051561.635,-199989897136.833,0.0337068276549875,0.05,0.67413655309975,0.822231640564061,-0.900505348805471
0.49,-0.0333718807536273,8.65365391622687,0.342167609570723,-250.731763765193,16.0323673189247,1209.64003333352,4258.29796101482,199954.723081353,-2088543.70132218,-194983.624357656,-121765851.536741,-366098386.305789,176232038493.698,-199991953360.431,0.0333718807536273,0.05,0.667437615072546,0.898021203314085,-0.820346747692348
0.491,-0.0330210750366732,8.40356028681262,0.359977430276441,-249.422195788288,19.2334421222929,1409.42791520692,2138.24334033989,199543.358271615,-2122193.53361207,-661077.987343661,54466186.9569563,-566090339.66622,170357524532.755,-199991568493.435,0.0330210750366732,0.05,0.660421500733465,0.970087146980151,-0.736679085194777
0.492,-0.0326512122456836,8.15487602966821,0.37992998421713,-247.913131627304,20.3267646238418,1608.5380531129,71.6758209617607,198565.903186356,-1982548.58438873,-1327164.1112566,224823711.489711,-766081908.159655,158940431502.637,-199988940796.883,0.0326512122456836,0.05,0.653024244913672,1.03815602448153,-0.649762220118159
0.493,-0.0322611874450939,7.90780019942438,0.399972854145629,-246.20556540327,19.4512592891701,1806.30436105307,-1771.97083576501,196822.366630887,-1678254.6571477,-2193240.48981469,383764142.992348,-966070848.956538,134195483096.064,-199979218762.183,0.0322611874450939,0.05,0.645223748901877,1.10197000481368,-0.559868439764971
0.494,-0.0318518508326365,7.66253049021604,0.418275527375709,-244.301257318429,16.9097132937923,2001.86076316344,-3235.9775075672,194112.760846801,-1227392.77260732,-3259300.94815232,517959626.088412,-1166050067.71872,68200060093.5426,137419790801.396,0.0318518508326365,0.05,0.63703701665273,1.16128790459615,-0.467281618053535
0.495,-0.0314257065085115,7.41926237007557,0.433384836438537,-242.202930831922,13.1492076734401,2194.15525768283,-4193.02379044806,190293.338163256,-675333.116472139,-4356641.12047035,586159686.181955,-1028630276.91732,-53037597736.1455,199978164488.805,0.0314257065085115,0.05,0.62851413017023,1.2158862156761,-0.372296408723045
0.496,-0.0309864692334138,7.17818804260797,0.444348958037618,-239.914396205121,8.71400070588058,2382.10716932988,-4584.11666345191,185455.711598408,-115692.229158257,-5285282.31514327,533122088.445809,-828652112.428519,-107901173558.924,199987678771.668,0.0309864692334138,0.05,0.619729384668276,1.26556011645611,-0.275217466145591
0.497,-0.0305385278221554,6.93949538242501,0.450772932617485,-237.440474920985,4.15639572702555,2564.79046390526,-4451.23137731375,179789.434506846,363479.272508089,-6013940.58818595,425220914.886885,-628664433.65685,-125573418260.156,199989811219.148,0.0305385278221554,0.05,0.610770556443107,1.31012444382324,-0.176358639001684
0.498,-0.0300864000495008,6.70336701209977,0.452780963627573,-234.786816591027,-0.047458087313851,2741.47648362121,-3896.07055040558,173494.493337035,725913.478264896,-6542610.11623323,299647496.626728,-428674622.437702,-130122484594.007,199988755124.201,0.0300864000495008,0.05,0.601728000990016,1.3494145884905,-0.0760420739503104
0.499,-0.0296342595972769,6.46997957359616,0.450917856803088,-231.959699490626,-3.53605241934061,2911.63655899452,-3042.02040459299,166770.87736877,960499.73259462,-6871290.36110883,169525012.032721,-228685867.313501,-127212643385.387,199978181427.058,0.0296342595972769,0.05,0.592685191945538,1.3832872786758,0.0254027878134128
0.5,-0.0291855755132378,6.23950319959952,0.446026880907024,-228.965830570101,-6.07486931577189,3074.94200929574,-2017.9602732129,159818.573770909,1066418.42293465,-6999987.1377088,42312368.6473332,-28707685.8864425,-117547398505.562,57407388000.0555,0.0291855755132378,0.05,0.583711510264757,1.41162123336091,0.127640319026624
0.501,-0.0287428777702572,6.01210118463741,0.439121551312174,-225.812146656201,-7.55746612434732,3231.25819685798,-949.976899038851,152813.800688257,1049957.0923292,-6999991.12959522,-75235029.8582293,28699702.113613,-99499474396.5831,-36283567970.0232,0.0287428777702572,0.05,0.574857555405143,1.43431767752813,0.230329915176637
0.502,-0.0283076502984305,5.78792984456889,0.431260125631831,-222.505647330729,-7.9991494602978,3380.57527344979,45.7794326284693,145822.11214839,924972.325272677,-6989433.21146661,-174734504.254812,-7583865.8564102,-70094140645.1662,-5950095564.2291,0.0283076502984305,0.05,0.566153005968609,1.45130071714999,0.333127294147027
0.503,-0.0278803451305836,5.56713849726239,0.423430163219877,-219.053326272319,-7.52292687160234,3522.90115709416,871.702148999546,138827.895321401,715190.750695282,-6999992.12510514,-244828644.899979,-13533961.4206393,-29061261922.1972,27197690723.0533,0.0278803451305836,0.05,0.557606902611672,1.46251757531317,0.435685854855958
0.504,-0.027460503428095,5.34986946780983,0.416451842510504,-215.462178170186,-6.33564500731857,3658.22793392988,1459.63503359114,131825.66916404,455831.474834204,-6999927.24116425,-273889906.822176,13663729.3024141,13065246956.9619,-27458741187.7112,0.027460503428095,0.05,0.5492100685619,1.46793869450546,0.537658051289987
0.505,-0.0270469594068742,5.13625808296356,0.41091068373006,-211.739203715715,-4.69319816882415,3786.55477264734,1780.69909617375,124827.997330662,188474.19149051,-6999992.88245569,-260824659.865214,-13795011.8852972,43074720662.3525,27651040922.9666,0.0270469594068742,0.05,0.540939188137483,1.46755771445126,0.638696762566165
0.506,-0.0266380927996673,4.92643266955747,0.407128738736416,-207.89140195425,-2.85993797352175,3907.88162649483,1845.94007784204,117825.715449084,-50813.108043528,-6999962.37387951,-217749939.202861,13856029.0376694,59324965878.208,-27774251506.152,0.0266380927996673,0.05,0.532761855993347,1.461391339441,0.738456659450671
0.507,-0.0262320902226379,4.7205145544475,0.405174723411056,-203.925773784544,-1.07322423265702,4022.20851283467,1696.13949451012,110828.052047806,-238900.564307285,-6999993.47059491,-158424973.324653,-13918222.4684826,65243532922.4293,27875303813.5958,0.0262320902226379,0.05,0.524641804452758,1.44947911157609,0.836595560983313
0.508,-0.0258271806052097,4.51861806451772,0.404903694820489,-199.849318258895,0.479779298017114,4129.53540991443,1388.90036569425,103825.745349946,-364703.771170724,-6999974.0411566,-93181440.4022237,13957081.3451132,63503945751.235,-27953949105.4328,0.0258271806052097,0.05,0.516543612104194,1.4318831047913,0.932775775314074
0.509,-0.0254218214216485,4.32085052666657,0.406013786979023,-195.66903629005,1.6734435357986,4229.86232967614,988.189865280951,96828.090857944,-426133.23869733,-6999993.9343642,-29677494.6509887,-13996867.7603196,55634113131.9965,28022012633.3351,0.0254218214216485,0.05,0.508436428432969,1.40868755022732,1.02666541947126
0.51,-0.0250148241401851,4.12731226781237,0.408109530296345,-191.391926930287,2.44593862066955,4323.18925833947,556.490231446793,89825.7688251386,-427993.67678232,-6999979.79580785,25956618.4810078,14025144.8730155,42818237637.4526,-28079304761.4276,0.0250148241401851,0.05,0.500296482803703,1.37999839916742,1.11793971292895
0.511,-0.0246054164495015,3.93809661488477,0.410763820097691,-187.024991100447,2.79454221004025,4409.51620481982,148.611236844552,82828.1217176403,-380627.939482586,-6999994.30331555,68774856.1184604,-14054159.8884121,26713740656.0106,28130591613.257,0.0246054164495015,0.05,0.49210832899003,1.34594282637906,1.20628223992632
0.512,-0.0241932458390306,3.75328989482921,0.41357231816975,-182.575227851655,2.76541502569058,4488.8431591338,-193.176984469469,75825.7887663161,-298496.21303612,-6999983.16739733,95488596.7744711,14076431.7248449,9794473652.41629,-28175723629.0613,0.0241932458390306,0.05,0.483864916780611,1.30666867416309,1.29138617565372
0.513,-0.0237783346375125,3.57297143460079,0.416195455646512,-178.049638110278,2.43931280390098,4561.17012839989,-442.296486842951,68828.147860843,-198110.379435441,-6999994.59748701,105283070.426887,-14099291.9042165,-5249900856.44689,28217113428.2315,0.0237783346375125,0.05,0.47556669275025,1.26234383546769,1.37295547155243
0.514,-0.0233610006260769,3.39721356116794,0.418384944855847,-173.455220926042,1.91528955987577,4626.49710479306,-588.640314541022,61825.8064696419,-95452.2594367769,-6999985.33267711,100033169.57044,14117821.5240151,-16546110676.5778,-28254639181.5828,0.0233610006260769,0.05,0.467220012521539,1.21315557308723,1.45070599516829
0.515,-0.0229417593097087,3.22608160150772,0.419994035713022,-168.798977229449,1.29490588926658,4684.82409428999,-636.833674305342,54828.1709411966,-3692.14520462533,-6999994.83074389,83487058.8938626,-14136817.6575677,-23402330269.8181,28289709811.1256,0.0229417593097087,0.05,0.458835186194174,1.15930977145013,1.52436662017161
0.516,-0.0225212234506139,3.05963388260894,0.420973193015637,-164.08790606878,0.669165555079991,4736.15109041745,-602.682678441339,47825.8226532591,68093.7485543282,-6999986.79349589,60084728.6240444,14152892.1535579,-25960860979.754,-28322222814.6189,0.0225212234506139,0.05,0.450424469012278,1.10103011796419,1.59368026238017
0.517,-0.0221000128200449,2.8979217314683,0.42135465337944,-159.329008377817,0.109462169812333,4780.4780983967,-508.873375738281,40828.1919353709,115198.046688496,-6999995.01274964,34123867.6442904,-14169330.661061,-24778640531.7533,28353092509.3622,0.0221000128200449,0.05,0.442000256400899,1.03855721221616,1.65840485782979
0.518,-0.0216786831979405,2.74098947509318,0.421230093874979,-154.529283203401,-0.337157314663142,4817.80511264944,-380.743168649599,33825.8377727089,136932.594066909,-6999987.79715602,9345227.11253709,14183761.8483012,-20627575372.8601,-28382229705.3026,0.0216786831979405,0.05,0.433573663958809,0.97214760315928,1.71831427918965
0.519,-0.0212576793851654,2.58887444049835,0.420725604563003,-149.695731482026,-0.648736130734399,4848.13213789098,-242.575890255231,26828.2114848595,135964.033493016,-6999995.15016037,-11282348.260323,-14198467.8570014,-14448624706.5215,28410283403.4383,0.0212576793851654,0.05,0.425153587703307,0.902072756386802,1.77319918705854
0.52,-0.0208373130269018,2.44160695470853,0.41997765065634,-144.835352259102,-0.825812421649281,4871.45916915125,-114.66113501013,19825.8521480045,117457.372879433,-6999988.47631565,-25730972.9668445,14211815.5464368,-7316421150.63294,-28437173164.0706,0.0208373130269018,0.05,0.416746260538036,0.828617955423071,1.82286781295622
0.521,-0.0204177627231747,2.29921034475544,0.419112950801949,-139.95514647344,-0.886338216595445,4887.78621081481,-11.2886521392247,12828.2300506014,88068.1893372717,-6999995.24735125,-33047394.1174774,-14225357.6176338,-330243897.066387,28463401238.3155,0.0204177627231747,0.05,0.408355254463495,0.752081142523597,1.86714667108911
0.522,-0.0199990914292688,2.16170093768027,0.418234266564053,-135.062113169002,-0.859114433247991,4897.11325832385,60.2007994897972,5825.86602464771,54855.6732712611,-6999988.90434973,-33377638.0145438,14238043.6206817,5548924090.00803,-28488892220.5078,0.0199990914292688,0.05,0.399981828585377,0.67277170567488,1.90588119626941
0.523,-0.0195812746712419,2.02908806053098,0.417413050648878,-130.163253286639,-0.776817531621236,4899.44031586642,99.2924744354545,-1171.7520065951,24252.4973017213,-6999995.3068393,-27828713.9245357,-14250848.5998261,9629774989.42812,28514071835.6405,0.0195812746712419,0.05,0.391625493424838,0.591009219262371,1.93893630565303
0.524,-0.0191642326886237,1.90137404036465,0.416688842155737,-125.265565868829,-0.669635686897784,4894.7673791513,111.235577273146,-8174.12039242837,1238.67087189964,-6999989.1195213,-18198938.9351076,14263223.2358144,11536204385.6928,-28538866403.5831,0.0191642326886237,0.0503527737143877,0.380599344880731,0.507122146201523,1.96619688227876
0.525,-0.0187478602090725,1.778554204245,0.416074368548535,-120.37605185825,-0.560333255495136,4883.09445228355,105.297479408441,-15171.7343780657,-11192.1658703616,-6999995.32948728,-6662734.54941482,-14275643.1677687,11187193107.8591,28563674415.7414,0.0187478602090725,0.0517031926149016,0.362605465173327,0.421446509225584,1.98756817869384
0.526,-0.0183320489638971,1.66061687924474,0.415564634284435,-115.501710295831,-0.461276181733951,4864.42153111998,92.6384784480148,-22174.1069167342,-12261.3038658468,-6999989.13544718,4524458.5584443,14288031.2479727,8761424424.71431,-28588420649.3857,0.0183320489638971,0.0538306531720844,0.340550372021192,0.334324538572495,2.00297613928077
0.527,-0.0179166999889723,1.54754339244312,0.415147895322258,-110.649542125928,-0.373649219441422,4838.74861978987,84.0996412655092,-29171.7167733323,-3356.13309504537,-6999995.3145239,13285882.9831586,-14300389.401413,4672995979.96875,28613519913.4278,0.0179166999889723,0.056519067426331,0.317002753315518,0.246103302625138,2.01236764021375
0.528,-0.0175017249242858,1.4393080709284,0.414816329088024,-105.826546387814,-0.288818622727077,4806.07571419103,88.1652823253712,-36174.0933625714,12266.2478780976,-6999988.9439686,17958878.9631274,14313130.5120148,-452931731.10236,-28638891839.3627,0.0175017249242858,0.0595857318306209,0.293723419795135,0.15713332725513,2.01571064631099
0.529,-0.0170870376501735,1.33587824179541,0.414574381993298,-101.039724027405,-0.191545942124265,4766.40281859107,109.335481063182,-43171.6988899238,29998.6609756738,-6999995.25937626,17505947.232025,-14325761.3273479,-5832978235.0089,28665017880.0606,0.0170870376501735,0.0628782138439103,0.27174813986591,0.0677672088128831,2.01299428436787
0.53,-0.0166725394308454,1.23721423214811,0.414443184374851,-96.2960740821673,-0.0645365134610343,4719.72992882032,147.1149526157,-50174.0795269838,44588.1190901943,-6999988.51176358,11672968.9970161,14339256.5527127,-10618990684.665,-28691808114.9544,0.0166725394308454,0.0662713186101712,0.251580016521453,-0.0216417750029006,2.00422883289692
0.531,-0.016258102055204,1.14326936909723,0.414460034572999,-91.6025974994918,0.106375535587405,4666.05704942154,195.769724423625,-57171.6803784901,50951.5927448779,-6999995.15926834,1053978.31235109,-14352551.5622417,-14008973687.5207,28719884825.0987,0.016258102055204,0.0696641581980249,0.233378289148192,-0.110741052685495,1.98944562851953
0.532,-0.0158435540922666,1.05398997976287,0.414672714077238,-86.96629331481,0.327213012198548,4605.38417603335,244.913477376759,-64174.0651660688,45001.0842134687,-6999987.76841803,-12954995.3751696,14367333.262857,-15337046260.1189,-28749142644.1234,0.0158435540922666,0.0729773429633831,0.21710236970694,-0.199180141422069,1.96869688959301
0.533,-0.0154286752069849,0.969315391272188,0.415129216408634,-82.394162476925,0.591828822192007,4537.71131365768,280.880889525956,-71171.6607916294,24377.5657082396,-6999995.00647724,-28292041.6352885,-14381809.3812664,-14129115012.2496,28780476767.855,0.0154286752069849,0.0761503116904622,0.202608168824046,-0.28661202107005,1.94205545797038
0.534,-0.0150132025023425,0.889177930762292,0.415864252025514,-77.8932040189023,0.879594441174025,4463.03845758111,288.75758191451,-78174.0499566693,-10979.0334331737,-6999986.57747458,-42421156.6475381,14398667.3865886,-10150630423.4016,-28813757882.5788,0.0150132025023425,0.0791388142878872,0.189707195355849,-0.372694495776739,1.90961446012188
0.535,-0.0145968511519002,0.813502925377717,0.416884543281959,-73.4704188908993,1.15536937066305,4381.36561354036,254.876198420333,-85171.639493431,-58475.5052924126,-6999994.78902928,-52571787.0709397,-14415090.4959902,-3485416163.38204,28850429738.9402,0.0145968511519002,0.0819125579936339,0.178200406743916,-0.457091538798525,1.87148688915071
0.536,-0.0141793493239849,0.742208702273833,0.418155385298021,-69.1328061231124,1.37210062625188,4292.69277623857,169.533896898554,-92174.0334227518,-112790.000445043,-6999984.66465579,-56057203.2343217,14435339.24295,5353078009.64377,-28890325970.3815,0.0141793493239849,0.0844530252956154,0.167896286419015,-0.539474615261424,1.82780510955481
0.537,-0.0137604847920162,0.675206588614078,0.419591163431497,-64.8873666669762,1.47611970063926,4197.01995260978,29.6074745046238,-99171.6154721145,-166170.664674543,-6999994.48839803,-50704125.2246779,-14454986.7274316,15356645823.0029,28936121919.7221,0.0137604847920162,0.0867514691290224,0.158619616822289,-0.619523976677308,1.77872028687464
0.538,-0.0133401579591387,0.612400911574122,0.421052407058774,-60.7410995490073,1.41483101551179,4094.34713640076,-159.355811811758,-106174.01476689,-209196.46698772,-6999981.4141656,-35347479.401675,14481135.1922906,25125527896.3934,-28987592623.8748,0.0133401579591387,0.0888070883843535,0.150215013258886,-0.696929920106138,1.7244017446701
0.539,-0.0129184336720594,0.55368899833871,0.422351430658305,-56.7010057217417,1.14603262063491,3984.67433663296,-382.038430517583,-113171.586878896,-231981.182441198,-6999994.07528525,-10221951.5052815,-14506457.4315843,33146667005.7793,29050794558.3059,0.0129184336720594,0.0906253843740041,0.142547629025726,-0.771394004084166,1.66503625153638
0.54,-0.012495582603191,0.49896117610718,0.423267630840854,-52.7740842065731,0.647681051437756,3868.00154542329,-613.606144210458,-120173.992383804,-225629.80044359,-6999975.13543768,22924715.5004978,14544337.1267216,38054089113.0062,-29133019807.5215,0.012495582603191,0.0922166966738149,0.135502387896086,-0.842630212999382,1.60082724115258
0.541,-0.0120721025568646,0.448100772089697,0.423572176167334,-48.9673359566254,-0.0733336200313725,3744.32877565212,-821.431238718298,-127171.55085398,-183678.040386589,-6999997.30821472,60978804.6135041,-14588682.6807998,38682062767.1306,199990471511.446,0.0120721025568646,0.0935949146986459,0.128982462302936,-0.910366061652758,1.53199396859684
0.542,-0.0116487110440836,0.40098411375206,0.423060377055261,-45.2877585638929,-0.974828992225417,3613.66312763324,-968.172866336946,-134145.510758283,-103358.204389519,-6914590.75513979,99660867.3806347,185401788.830646,33945746384.9058,199996697353.891,0.0116487110440836,0.094776359491067,0.12290734848474,-0.974343632390243,1.45877060651646
0.543,-0.0112263028726066,0.357480542881697,0.42158867067983,-41.7423112317176,-1.97665641009431,3476.09955499124,-1016.04301263866,-140934.067836115,13275.5361835685,-6629190.6176322,133606613.76554,385398486.184538,22800443640.0099,199997623574.382,0.0112263028726066,0.095778828236751,0.117210693420229,-1.03432053842228,1.38140529021851
0.544,-0.0108058701724309,0.317452519689322,0.419111962298717,-38.3377658508302,-2.96284386719527,3331.92345816166,-932.164095632323,-147337.226273393,158282.371769114,-6143793.31966047,156407057.40555,585396109.75892,4717051624.7562,199997862923.521,0.0108058701724309,0.0966207915101835,0.11183793884872,-1.09007080870262,1.30015914562046
0.545,-0.0103883870877059,0.280755908527881,0.41571597304849,-35.0805089132051,-3.78960239022441,3181.62023449102,-694.892019889641,-153154.98856102,317047.954987042,-5458398.27843979,161124109.030307,785393972.682441,-18980587524.3205,199997796371.517,0.0103883870877059,0.0973207328696476,0.106743823041491,-1.14138569195527,1.21530534002654
0.546,-0.00997466720451874,0.247240463289958,0.411638321307132,-31.9763415146439,-4.29990727226233,3025.87527902774,-300.445441641499,-158187.356887057,468681.770255189,-4573005.40757159,142143521.505986,985391769.053957,-44170679950.1067,199997427244.252,0.00997466720451874,0.097896621713394,0.101889799974109,-1.18807438006457,1.12712816652964
0.547,-0.00956520825949974,0.216750512802827,0.407271859500154,-29.030279356992,-4.34416168685649,2865.57398462454,231.946309374999,-162234.33350556,588739.951786121,-3487614.92489551,97972841.5558793,1185389196.29821,-65973385891.8054,199996473096.831,0.00956520825949974,0.0983655094349559,0.097241485500817,-1.22996465391313,1.03592216568907
0.548,-0.00916004456748282,0.18912584622129,0.403145326716799,-26.2463527504206,-3.80426548574127,2701.80174170896,858.677117623759,-165095.921086791,653726.100396098,-2202227.49204888,31999455.6640739,1385385669.39504,-81669642799.2733,199993329157.453,0.00916004456748282,0.0987432375864198,0.0927662976359872,-1.26690345737283,0.941991287852517
0.549,-0.00875863086883637,0.164202798418047,0.399880006870231,-23.6274066161564,-2.61679497709209,2535.8439375431,1514.79133871868,-166572.123522616,644890.734660535,-716845.158075113,-49670187.1351994,1585378998.55249,-90598818568.1477,-17844890729.4089,0.00875863086883637,0.0990442456327091,0.088431496578978,-1.29875740670876,0.845648099322082
0.55,-0.0083597804635342,0.141815535068234,0.398125264770323,-21.1749023058167,-0.791611586339345,2369.17687773742,2119.74717671693,-166499.25332987,549921.138241262,859611.395112677,-140269005.703347,1567534107.82308,-92446083147.8254,-199993483235.496,0.0083597804635342,0.099281465073458,0.0842028313880021,-1.32541324256336,0.747213035263355
0.551,-0.00796167609728589,0.121797519927888,0.398478565369452,-18.8887681388696,1.57586607174983,2203.36035272794,2584.12613158188,-164889.207128051,363429.090964002,2327148.76131801,-232715088.851173,1367540624.58759,-85692707960.6591,-199996633582.181,0.00796167609728589,0.0994662864284387,0.0800439664852064,-1.34677823016113,0.647013695282821
0.552,-0.00756196582662323,0.103983058513791,0.401396655454218,-16.7674092173581,4.29935037117348,2039.85431022492,2816.91556012685,-161911.620826703,87867.6481324995,3594691.06911451,-318407796.811832,1167543991.00541,-65745391883.3693,-199997599765.455,0.00756196582662323,0.0996085860624819,0.0759168072306518,-1.3627805111052,0.545384142634518
0.553,-0.00715794909361609,0.0882087504119611,0.407105293343678,-14.8078646213487,7.1043923979028,1879.92629236461,2734.62174453954,-157766.49069538,-263412.844621017,4662236.26023719,-384153188.695201,967546391.239951,-23013497546.7331,-199997989086.928,0.00715794909361609,0.0997167997781901,0.0717827799281387,-1.37336940756177,0.442664143682222
0.554,-0.00674685004255766,0.0743147565666346,0.415516896311072,-13.006005887172,9.64232329295152,1724.64384428168,2275.29672264647,-152653.814237704,-659072.782089584,5529783.65693368,-407166686.241934,767548402.153023,42187376878.6649,-199998089592.558,0.00674685004255766,0.0997980295964413,0.0676050426029478,-1.37851567658246,0.339198313861623
0.555,-0.00632616356430773,0.0621458668253445,0.426170408784545,-11.356737004867,11.5219803175495,1574.8745133524,1419.67182691569,-146773.589394626,-1045145.77989219,6197333.01429042,-364979309.363269,567550312.560465,95505617997.5507,-199997911651.165,0.00632616356430773,0.0998581710975807,0.0633514863608492,-1.37821170796501,0.235335167942296
0.556,-0.00589404200998164,0.0515523674862745,0.438213622461164,-9.85419441609577,12.3622287703751,1431.28584893736,207.953995341462,-140325.814209331,-1362372.28025668,6664884.3710253,-269473691.365718,367552400.9093,125599001146.345,-199997114570.646,0.00589404200998164,0.0999020508524189,0.0589982083419754,-1.37247165237661,0.131426078473217
0.557,-0.00544967145081878,0.0423907088476243,0.45044258477037,-8.49194701216048,11.8493176354084,1294.34540243392,-1268.22196374035,-133510.486490279,-1569046.47104922,6932438.21464928,-143874690.219373,167555286.338654,141697563056.859,-199990834126.568,0.00544967145081878,0.0999335657291923,0.0545329430712671,-1.36133145925789,0.027824146747532
0.558,-0.00499358195664787,0.0345239727590536,0.461391469712999,-7.26319613172261,9.77849738623421,1164.3207279806,-2885.58951938979,-126527.602438148,-1642072.37974017,6999998.08392465,-2177127.16251399,-32435547.7879135,149955086986.818,33352956840.0627,0.00499358195664787,0.0999558179400003,0.0499578919922933,-1.34484880269882,-0.0751170090435831
0.559,-0.00452785039938258,0.0278221405001958,0.469454652521675,-6.16097361215362,6.0777569510717,1041.28910836632,-4503.75794821341,-119538.263301978,-1569271.96340927,6984239.01455677,147777959.824304,917409.052149306,152910182771.897,29681141150.886,0.00452785039938258,0.0999712415227506,0.0452915291479317,-1.32310287950626,-0.177044543355287
0.56,-0.00405617143718363,0.0221621794571695,0.473026416837921,-5.1782893100343,0.820363938739863,925.244354187344,-5973.65590124855,-112548.618726036,-1345038.91219902,6999996.99418436,300688142.596201,30598550.2030353,150720047018.633,-61239364400.0648,0.00405617143718363,0.0999817174828738,0.0405691314302379,-1.2961940709857,-0.277607737968706
0.561,-0.0035837837759133,0.0174280460575825,0.470649564347003,-4.30815183443273,-5.76941672621639,816.198282076583,-7143.23073431303,-105543.529017484,-968990.746093503,6999975.86218736,451408189.614834,-30640814.1970295,140138128822.097,61324609088.4187,0.0035837837759133,0.0999886760396325,0.0358418964812855,-1.26424346502682,-0.376459377881745
0.562,-0.00311724587662834,0.0135106942715124,0.461167010288256,-3.54355941988337,-13.3160690466061,714.152189379872,-7863.16103079543,-98548.6527942135,-447513.49206762,6999997.35253454,591546318.436931,30683794.8913892,104161823325.43,-61385507970.0672,0.00311724587662834,0.0999931856205954,0.031174583120655,-1.2273922384296,-0.473257107742713
0.563,-0.0026640609998755,0.0103080780078502,0.443870290922703,-2.87751412372963,-21.3000556943906,619.106091498243,-7997.54105975702,-91543.5444622283,196113.738032026,6999988.39344089,695708141.762361,-30701713.078678,-43784334398.9155,61421948537.5613,0.0026640609998755,0.099996029073542,0.0266416679197953,-1.18580090221367,-0.567664768132447
0.564,-0.00223215975214793,0.00772515116810307,0.418632773291226,-2.30301390711873,-29.0854128754379,531.059983528411,-7460.8706399103,-84548.6699339038,869929.71259493,6999997.654631,651923807.363446,30720235.4588833,-141046981992.086,-61450659367.5108,0.00223215975214793,0.0999977678392445,0.0223220957865412,-1.1396484164491,-0.659353704991675
0.565,-0.00182927167986324,0.00567386764498232,0.385987901481722,-1.81306082436052,-36.0085416487398,450.013872016925,-6288.48685396566,-77543.5539381046,1451330.02896233,6999992.56040613,510876825.371359,-30730423.9086275,-166396228591.09,61471549865.4778,0.00182927167986324,0.0999987950541922,0.0182929372186125,-1.08913119086249,-0.748004046201925
0.566,-0.00146227163206267,0.00407318132662089,0.347096904643312,-1.40065283205732,-41.4931505268537,375.967753936284,-4609.45111708283,-70548.6813313419,1879008.74003815,6999997.91143024,344480596.78027,30741125.9568503,-176445842326.661,-61488807110.4498,0.00146227163206267,0.0999993786894876,0.0146228071736649,-1.03446200923667,-0.833305940343405
0.567,-0.00113660862689683,0.00284904609533105,0.303625079657437,-1.05879198399462,-45.1130357512177,308.92163304802,-2587.60971904232,-63543.5609914516,2135266.41565509,6999994.63383186,168034754.453608,-30747681.1535994,-181148159327.065,61502357419.202,0.00113660862689683,0.0999996958991866,0.0113661208334342,-0.975868924497266,-0.914960752849789
0.568,-0.000855881215272566,0.00193441582999421,0.257579608662748,-0.780476234303754,-46.6125543099955,248.875507358185,-398.517286048275,-56548.6898052934,2212727.09044516,6999998.13138786,-13113404.8734566,30754676.2656025,-183136418211.077,-61513875416.7118,0.000855881215272566,0.0999998597668088,0.0085588241550379,-0.9135941541341,-0.992682214945222
0.569,-0.000621582469984898,0.00126924440517717,0.211134511029448,-0.558707636663769,-45.9145243023922,195.82937931982,1777.13036559165,-49543.5666483421,2108045.47646616,6999995.86994511,-196249823.084534,-30759199.1511093,-183030135690.889,61525731049.1684,0.000621582469984898,0.0999999396137581,0.00621582845335419,-0.847892989424651,-1.06619752095944
0.57,-0.000433023087107909,0.000800485692685581,0.166450190495503,-0.386484143608668,-43.1237057580687,149.783247645386,3756.5459079004,-42548.6960894644,1820280.58553619,6999999.53631858,-379279958.775423,30766531.8980591,-179951381614.235,-199998465906.011,0.000433023087107909,0.0999999759772613,0.00433023191131939,-0.779032726068948,-1.13524836981989
0.571,-0.000287436224081191,0.000482093368810827,0.125490834862512,-0.256808962133681,-38.5277308580967,110.731345809984,5357.19461711316,-35566.6463648478,1351024.93595364,6930766.83526363,-559231340.389658,-169231934.007952,-167498613196.808,-199999448033.721,0.000287436224081191,0.099999991285875,0.00287436249128745,-0.707291621825479,-1.19959194683672
0.572,-0.000180264989070677,0.000275009399096338,0.0898421750080041,-0.162714529692894,-32.5952081052882,78.593544230099,6400.68744733918,-28753.8287379271,708044.288965582,6661535.17723882,-726729953.586466,-369231382.041673,31107543385.4699,-199999601345.351,0.000180264989070677,0.0999999971641286,0.0018026499418276,-0.632957885549213,-1.25900184644658
0.573,-0.000105630147906745,0.000147073545989149,0.0605352968226752,-0.0974046952731485,-25.9603240247563,53.100611200395,6750.55135007577,-22310.2425186,-3131.89292814907,6192303.99452447,-695622410.200996,-569230983.387023,176710548063.035,-199999630623.158,0.000105630147906745,0.0999999991888912,0.0010563014876352,-0.556328700577938,-1.31326895910226
0.574,-5.6955603122409e-05,7.27537738607439e-05,0.037922214811611,-0.0544525392875291,-19.3199127500088,33.7833155305501,6429.06001005763,-16435.8872875395,-610399.029097628,5523073.19582587,-518911862.137961,-769230614.010181,188486841283.104,-199999578989.493,5.6955603122409e-05,0.0999999998015131,0.000569556032354583,-0.477709277378833,-1.36220235836096
0.575,-2.76513304552434e-05,3.26770178080829e-05,0.021695048291203,-0.0280003731401864,-13.2746839464695,19.9724264227973,5590.61952343821,-11330.7626618837,-1035067.47059404,4653842.79232094,-330425020.854856,-969230192.999674,192268890324.064,-199999325194.108,2.76513304552434e-05,0.0999999999599584,0.000276513304663155,-0.397411899568253,-1.40563019276402
0.576,-1.17074685296919e-05,1.2959952856879e-05,0.0110309973929041,-0.0129597388353624,-8.24865779137392,10.7987134863577,4422.38435747075,-7194.86818692826,-1269358.04628686,3584612.93672421,-138156130.530793,-1169229518.19378,193741621083.857,169230446424.06,1.17074685296919e-05,0.0999999999937015,0.000117074685304293,-0.315754909417003,-1.4434005791238
0.577,-4.1175081069945e-06,4.34027640220602e-06,0.00477783011395463,-0.00520833159588603,-4.47590591125657,5.2083314500269,3116.23851609914,-4166.66493489693,-1310643.36627572,2499998.64174246,55585490.5530648,-999999071.769721,193866346498.204,199999526457.258,4.1175081069945e-06,0.0999999999992936,4.11750810702359e-05,-0.233061604656687,-1.47538249349084
0.578,-1.11213553167727e-06,1.13777743711189e-06,0.00164553451469554,-0.00170666613828711,-1.99764706543235,2.13333263764196,1865.69895284965,-2133.33257462979,-1158124.70247356,1599999.33320137,249451837.051268,-799999545.312463,191572071665.97,199999796496.146,1.11213553167727e-06,0.0999999999999515,1.1121355316778e-05,-0.149659043890087,-1.50146664474961
0.579,-2.00385082528843e-07,2.02499942041709e-07,0.000399706402416766,-0.0004049998818437,-0.661452987991526,0.674999796914789,864.228847512719,-899.999714668626,-812886.829589304,899999.686136977,441023908.717239,-599999748.816317,-46999020982.3824,199999881891.253,2.00385082528843e-07,0.0999999999999985,2.00385082528846e-06,-0.0658767642252768,-1.52156626542847
0.58,-1.76273946006614e-08,1.77777728399415e-08,5.28710376050808e-05,-5.33333184253142e-05,-0.132121863028185,0.133333295590734,264.020802118304,-266.666589291265,-395362.431363256,399999.878266286,394024887.734856,-399999866.925064,-195674900239.029,199999922121.309,1.76273946006614e-08,0.1,1.76273946006614e-07,0.0179545837777144,-1.53561775069509
0.581,-2.75486093744204e-10,2.77777701116326e-10,1.65291656246523e-06,-1.66666620669795e-06,-0.00826458281232617,0.00833333103348977,33.0583312493046,-33.3333241339591,-99174.9937479138,99999.9724018771,198349987.495827,-199999944.803754,-198349987495.827,199999944803.754,2.75486093750592e-10,0.1,2.75486093750592e-09,0.101504670418301,-1.54358112679711
0.582,0,0,5.04870979341448e-26,0,0,-1.0743654440386e-21,0,1.74483410460404e-18,0,-1.56771405594113e-15,0,0,0,0,0,0.1,0,0.184444940130477,-1.54544034636826
0.583,0,0,5.04870979341448e-26,0,0,-1.17130067207216e-22,0,1.76341335664381e-19,0,-1.56780629586905e-15,0,0,0,0,0,0.1,0,0.266450013880719,-1.54120340996305
