time,x,y,vx,vy,ax,ay,jx,jy,snapx,snapy,cracklex,crackley,POPx,POPy,contour_error,allowed_error,error_utilisation,modal_x,modal_y
0,-9.09955898008351e-12,-4.88491210776796e-13,-1.64875724232184e-08,1.22360746069578e-10,-1.94394137418094e-08,6.63735784553814e-10,-8.46402147419129e-08,1.64701252020462e-09,-7.4325725713544e-07,7.3562641881769e-09,-2.40235731977727,0.013571293823462,-0.00211278622451054,1.08323400500135e-05,9.11266137278373e-12,0.1,9.11266137278373e-11,4.73091552450035e-20,-5.0081565498343e-20
0.001,-3.80517744936441e-11,-8.5428941970342e-13,-2.88768190522683e-08,2.4569192513343e-10,-3.44148093622515e-08,1.28237908705539e-09,-1.36441692164122e-06,9.83133264618801e-09,-0.00240374556481151,1.35841527933534e-05,-4.23908278667702,0.021917558204074,199999933376.248,-198451902447.922,3.80613629883082e-11,0.1,3.80613629883082e-10,-9.50817027210001e-14,3.23864970621914e-15
0.002,1.98383353793653e-10,-2.76724087417419e-10,1.62942533061809e-06,-1.65339589997544e-06,0.00833328171261125,-0.00826882740040451,33.3333162689456,-33.0753170391241,99999.9600447436,-99225.9511884553,199999927.788083,-198451902.42149,199999906161.889,-195946664894.162,2.76724087417419e-10,0.1,2.76724087417419e-09,2.73138248255007e-09,-2.71066848911882e-09
0.003,1.76486697966195e-08,-1.7637903650711e-08,5.32916186521783e-05,-5.28991352163648e-05,0.133333219330887,-0.132196880958241,266.666557832765,-264.184996919746,399999.840913306,-395651.186057024,399999833.015722,-394398567.313813,199999857893.938,-56192612167.2638,1.7637903650711e-08,0.1,1.7637903650711e-07,1.7360571806405e-07,-1.72228889190872e-07
0.004,2.02316662318078e-07,-2.00516966765363e-07,0.000404956325750618,-0.000400031800801529,0.674999655178187,-0.662281923832121,899.999624837921,-866.400901994145,899999.602875613,-818146.059454467,599999690.321586,-450591179.480975,199999755437.073,192113487073.262,2.00516966765363e-07,0.0999999999999985,2.00516966765366e-06,1.95674896280196e-06,-1.93752219784493e-06
0.005,1.13753809901932e-06,-1.1136678896585e-06,0.00170662145322382,-0.00164904541507282,2.13333234466556,-2.00484965642145,2133.33236538558,-1877.82363667632,1599999.17091543,-1172680.49539881,799999445.451749,-258477692.408606,199999431445.511,194282726862.07,1.1136678896585e-06,0.0999999999999515,1.11366788965904e-05,1.08415454865011e-05,-1.06084210224215e-05
0.006,4.33997982156602e-06,-4.12885505850346e-06,0.00520828579520631,-0.00479740439600786,5.20833083801849,-4.50399804221149,4166.66449754281,-3147.36252380202,2499998.3320897,-1334016.82437638,999998876.809911,-64194965.5478629,169230394237.457,194189379918.885,4.12885505850346e-06,0.0999999999992937,4.12885505853263e-05,4.06439144734567e-05,-3.86106417530777e-05
0.007,1.29595978062769e-05,-1.17586686696642e-05,0.0129596915445749,-0.011098476258468,10.7987122396997,-8.32097691464489,7194.86733368855,-4481.11193429891,3584612.40601818,-1301117.0999648,1169229271.12125,129994414.369665,-199999189964.673,192858921946.254,1.17586686696642e-05,0.0999999999937019,0.000117586686704047,0.000118869230997217,-0.000107433484044923
0.008,3.2676602570857e-05,-2.7817347929091e-05,0.0280003235189806,-0.0218698382740518,19.9724240144264,-13.4229458745151,11330.7611768878,-5685.08867342101,4653842.082157,-1074693.22462201,969230081.336553,322853336.314799,-199999494469.834,189453197070.049,2.7817347929091e-05,0.0999999999599594,0.000278173479402292,0.00029259285101823,-0.000246988691589518
0.009,7.27532956801087e-05,-5.73879997182366e-05,0.0544524858559771,-0.0382994128992995,33.7833112596529,-19.5836783874314,16435.8850505857,-6566.77969704056,5523072.41625859,-657113.289772185,769230587.100712,512306533.384117,-199999556419.821,179071451998.91,5.73879997182366e-05,0.0999999998015157,0.000573879998321428,0.000633868397665195,-0.000492274764231083
0.01,0.000147073000352256,-0.00010659657737151,0.0974046357995039,-0.0612531615256041,53.1006042942179,-26.3861689964581,22310.2395009452,-6937.89447812089,6192303.22514942,-55271.0303886133,569231030.919845,691377985.382739,-199999521291.508,58939595498.5832,0.00010659657737151,0.0999999991888972,0.00106596578236118,0.0012425110613369,-0.00087770840531693
0.011,0.00027500877892181,-0.000182195599245988,0.162714461167609,-0.0910881908985321,78.5935339258938,-33.2340135089431,28753.8249879625,-6637.65324990178,6661534.49542359,665576.752743417,369231509.82613,750317580.881458,-199999337345.548,-167908394930.47,0.000182195599245988,0.0999999971641414,0.00182195604412798,0.00224448979633667,-0.00142973268329362
0.012,0.000482092663635637,-0.000290973321123958,0.256808880820015,-0.127500237459978,110.731331434075,-39.4208216353747,35566.6420153676,-5624.90243920617,6930766.33657707,1331940.13615964,169232172.594029,582409185.951473,-199998158964.345,-180850002612.549,0.000290973321123958,0.0999999912859004,0.00290973346479666,0.00378585501439539,-0.00215859581621017
0.013,0.000800484887955721,-0.000439061353894856,0.386484045180011,-0.169488760215123,149.783228716664,-44.2902212255887,42548.6914117097,-4031.89937717302,6999999.4296891,1823924.32080484,-30765986.3808917,401559183.339651,61523173701.2439,-184013505527.121,0.000439061353894856,0.0999999759773096,0.00439061459369231,0.00602284320874071,-0.00305082170548134
0.014,0.00126924348175973,-0.000631288120841664,0.558707516464779,-0.215475745454899,195.829355638045,-47.3508991412106,49543.5617104565,-2037.86438228635,6999995.03015883,2133476.75138093,30757187.3243532,217545677.813372,-61508946735.8905,-184268298931.574,0.000631288120841664,0.099999939613846,0.00631288502052511,0.00910917239183983,-0.00406452957938422
0.015,0.00193441476389238,-0.000870688508601938,0.78047608729181,-0.263482468408066,248.875478182534,-48.293445380672,56548.6838431219,173.673824845868,6999997.74411528,2258888.27972851,-30751759.4207661,33277378.8826268,61495124490.1188,-182577573003.843,0.000870688508601938,0.0999998597669634,0.00870689729596586,0.0131819999787572,-0.00512909465554556
0.016,0.00284904485703776,-0.00115819461047433,1.05879180434967,-0.311312730350445,308.921597895367,-46.992388585096,63543.5548949114,2418.77119851495,6999993.54693958,2200876.87210922,30743365.0728352,-149300194.120518,-61478863683.2868,-178475766572.128,0.00115819461047433,0.0999996958994508,0.0115819813256121,0.0183488997491706,-0.0061493706839605
0.017,0.00407317988056428,-0.00149251019592029,1.40065261346666,-0.356736628617068,375.967711832832,-43.5054988065785,70548.6736470787,4515.25201246848,6999997.4801708,1962338.79470264,-30735498.618348,-327775960.692173,61458155165.1874,-169799487653.101,0.00149251019592029,0.0999993786899284,0.0149251946909407,0.0246777688727553,-0.0070140322554692
0.018,0.00567386594865959,-0.00187016823560855,1.81306055941471,-0.397672517256139,450.013822387768,-38.0707817022934,77543.5464037753,6285.40291221614,6999991.05913504,1549663.09018391,30722656.5497647,-497575448.34509,-61433087361.7348,-148601308845.935,0.00187016823560855,0.0999987950549121,0.0187019077038037,0.0321907188012694,-0.00760716738927933
0.019,0.00772514917138907,-0.00228576836060826,2.30301358789468,-0.432364290976895,531.059925046488,-31.0996682076778,84548.659943268,7561.51139341986,6999997.17200397,977786.987415856,-30710430.8185427,-646176757.19116,61398637283.7869,-68682209642.9387,0.00228576836060826,0.0999977678403969,0.0228581938374515,0.0408624960570254,-0.00782192174993263
0.02,0.0103080756518263,-0.00273238697335056,2.8775137407136,-0.459547735398638,619.106023441948,-23.1598212055732,91543.535006055,8204.76296729968,6999986.05982733,297269.125403227,30688206.4675667,-714858966.834548,-61354913668.3455,94526322251.3556,0.00273238697335056,0.099996029075354,0.0273249547868697,0.0506235303071974,-0.00757477071427803
0.021,0.013510691487542,-0.00320214059900153,3.54355896294351,-0.47858462838349,714.15210971921,-14.9216282400215,98548.6393501519,8160.3569963276,6999996.80946071,-370326.680305644,-30666707.2060242,-620332644.583917,61281853504.2892,138854995917.072,0.00320214059900153,0.0999931856233973,0.0320235881979168,0.0613672551130904,-0.00681883399657071
0.022,0.0174280427655429,-0.00368684638935411,4.30815129093848,-0.489512489369579,816.198189761915,-7.04403773316021,105543.516448243,7503.00649304961,6999971.02900683,-921231.826931024,30615146.2999222,-481477648.667776,-61179591835.6354,151183717529.31,0.00368684638935411,0.099988676043898,0.036872639335033,0.0729609361771585,-0.00555440336290278
0.023,0.0221621755639651,-0.0041786725839888,5.17828866613275,-0.492977364270376,925.244245094686,-0.0755941068075202,112548.598451745,6366.23312803969,6999996.37938895,-1327117.61683414,-30564445.5395973,-330293931.139516,29645655986.7247,154177615976.222,0.0041786725839888,0.0999817174892733,0.0417943668994996,0.0852589096970608,-0.00383465139741826
0.024,0.0278221358963146,-0.00467068454182328,6.16097284961975,-0.490103505590535,1041.28898289301,5.57845529163677,119538.253551015,4899.66481496527,6984254.76184272,-1580322.73998555,-918789.551683501,-176116315.164365,33323429320.9115,151964175463.464,0.00467068454182328,0.0999712415322237,0.0467202814553201,0.0981169127536383,-0.00176510883378295
0.025,0.0345239673198439,-0.00515724931280427,7.26319524074128,-0.482344676895282,1164.32059916521,9.66493785809971,126527.602822956,3256.61127997488,6999997.6869515,-1680456.96741818,32404639.7656799,-24152139.7018919,-199989001880.849,144773113875.393,0.00515724931280427,0.0999558179538409,0.0515952889824369,0.111406075442734,0.000503320835482329
0.026,0.0423907024438005,-0.00563428877194066,8.49194599080349,-0.471331309511369,1294.34526872567,12.0833275108895,133510.471329467,1588.2070950184,6932407.82577673,-1632222.55018238,-167584362.093576,120620974.172676,-199996537464.63,130584344962.961,0.00563428877194066,0.0999335657491204,0.0563803435783062,0.125025182057815,0.00278714624256014
0.027,0.0515523599812038,-0.00609938053972658,9.85419324677036,-0.458719801506035,1431.28568004792,12.8809678409637,140325.754217944,38.059089416241,6664825.19495083,-1446309.40352822,-367580899.520733,251205319.135049,-199997493852.985,104234918957.203,0.00609938053972658,0.0999020508806888,0.0610536068675003,0.138910142159002,0.00488756394989922
0.028,0.0621458580448151,-0.00655171153935449,11.3567356252072,-0.446049520191167,1574.87425014731,12.2420829035129,146773.456047485,-1265.27516805157,6197245.5485036,-1142986.62491457,-567578393.328782,355440238.091945,-199997707356.679,56708660595.3593,0.00655171153935449,0.0998581711372346,0.0656101695508774,0.153038915937736,0.00661044135898533
0.029,0.0743147462397652,-0.0069918954814467,13.0060041614921,-0.434615290053292,1724.64339932865,10.4669173236261,152653.579448093,-2221.09023048762,5529668.30149648,-759192.056524946,-767576100.640019,412148898.687292,-199997586759.689,-9438262745.94775,0.0069918954814467,0.0997980296518605,0.0700604561616849,0.167430524901493,0.00778691916563566
0.03,0.088208738083802,-0.00742167570655849,14.807862312553,-0.425368355606716,1879.92555034105,7.93452928711311,157766.126768139,-2775.78088145996,4662093.40747662,-351762.289210628,-967573687.359243,402710635.941611,-199997119619.592,-59728214649.0633,0.00742167570655849,0.0997167998561518,0.0744275359544706,0.182138138397217,0.00829241291001174
0.031,0.103983043430035,-0.00784355081194165,16.7674059592473,-0.418864061886763,2039.85312831499,5.04749702481262,161911.100478663,-2936.14255514136,3594521.1603076,21084.2394064511,-1167570806.9474,342982421.293049,-199995960316.324,-83955882457.6939,0.00784355081194165,0.099608586174,0.0787437219341739,0.197236979288976,0.00806182098389149
0.032,0.121797500892091,-0.00826037686279305,18.888763408865,-0.415267530738521,2203.35856107107,2.17556216451552,164888.503575443,-2757.55975216475,2326952.37320205,322088.719470653,-1367566767.24399,259026538.836027,-199992180291.051,-92969669616.3372,0.00826037686279305,0.0994662865917377,0.0830470016106866,0.212808289955198,0.00709898373002282
0.033,0.141815510272006,-0.00867500075642276,21.1748953981947,-0.414407048907328,2369.17428002797,-0.381655874339648,166498.340534975,-2321.45270821223,859389.515812558,534630.423498512,-1567558947.52836,166056869.220452,-17789594063.308,-92847229262.1658,0.00867500075642276,0.0992814653184938,0.0873778477039341,0.228920967505898,0.00547901467669807
0.034,0.164202765244899,-0.00908996201140491,23.6273966165045,-0.415854180693916,2535.84031426024,-2.4119858605076,166570.98564468,-1719.26838831395,-717064.228747437,654263.678087881,-1585348541.59814,73209639.9590533,199991995370.196,-85740841234.3427,0.00908996201140491,0.0990442460077021,0.091776780356307,0.245612686249463,0.00334300380583832
0.035,0.189125801029398,-0.00950728097825001,26.2463385229297,-0.41901442085481,2701.79687603062,-3.7954933382127,165094.579144364,-1042.69003045234,-2202416.77266046,684602.897429763,-1385356546.24646,-12531201.2745961,199995767716.245,-72159744306.8994,0.00950728097825001,0.0987432381668245,0.0962828559681998,0.262872494120035,0.000885528420880094
0.036,0.216750450710377,-0.00992833860744401,29.0302595621547,-0.42321828215187,2865.56768718529,-4.5009771095674,162232.816726537,-376.379357711077,-3487775.43504879,635991.824001717,-1185360778.55855,-84690945.5809448,199996912576.284,-52374970417.5741,0.00992833860744401,0.0983655103349554,0.100933127613895,0.280627469890137,-0.00166377356732157
0.037,0.247240377985782,-0.0103538443873542,31.9763146380538,-0.427805415530645,3025.86738926673,-4.57565800337504,158185.693720976,208.537831763877,-4573137.75731919,525113.393211985,-985363866.017071,-137065915.998159,199997355480.06,-27934248517.7642,0.0103538443873542,0.0978966230996499,0.10576303920938,0.298736319760024,-0.00406266831871208
0.038,0.280755792110841,-0.0107838821773374,35.0804732940252,-0.432195229584243,3181.61062001882,-4.12857172142636,153153.206923233,660.462558890487,-5458502.94559623,374080.352954945,-785366510.573956,-165000164.515777,199997435325.232,-2804157954.32798,0.0107838821773374,0.0973207349768885,0.110807652448354,0.316991477197781,-0.0060804930297682
0.039,0.31745236253588,-0.0112180174083696,38.3377197097145,-0.435938121693798,3331.91201427506,-3.3086858534517,147335.353628244,951.575469928512,-6143870.73850758,207678.109462004,-585369075.282503,-167804322.470174,199997148114.033,18075217775.6786,0.0112180174083696,0.0966207946579406,0.116103551498245,0.335129565707365,-0.00752149227082375
0.04,0.357480333541176,-0.0116554439975526,41.7422526982766,-0.438743248047594,3476.08620423392,-2.2804855818423,140932.131210121,1078.36395445142,-6629241.23973308,48911.3958796697,-385371927.192899,-149729104.694755,199996036692.563,32031325515.4616,0.0116554439975526,0.0957788328461827,0.121691230214413,0.352849105287539,-0.0082448533715057
0.041,0.400983838869151,-0.0120951469268071,45.2876857037159,-0.440482371582147,3613.64781933587,-1.20128614169833,134143.536679582,1057.74935223635,-6914615.14857972,-84802.0460573544,-185375890.508467,-117697779.179701,199988565613.003,39158193610.903,0.0120951469268071,0.0947763661004184,0.12761775350188,0.369833649740332,-0.00817929921416986
0.042,0.44810041635374,-0.0125360581102084,48.9672467977852,-0.441173494527222,3744.31148531448,-0.203922517628353,127169.565013359,920.624782191026,-6999996.75628172,-182920.728431604,14612675.1198489,-78539585.5692999,-29172086946.7616,40583740412.0673,0.0125360581102084,0.0935949239754445,0.133939508444896,0.385778036338487,-0.00733066929068466
0.043,0.498960722227504,-0.0129771883488158,52.7739767649225,-0.440950525775204,3867.98227189023,0.613842958613744,120172.012580155,705.198217710183,-6999970.12463522,-241168.443794868,-14559411.8404998,-37955845.1577617,29073316878.3335,37456263093.7077,0.0129771883488158,0.092216709421477,0.140724912331273,0.400415152420826,-0.00578167188621112
0.044,0.553688427041861,-0.0134177247334922,56.7008780167378,-0.440025547848667,3984.65308422605,1.19369165789066,113169.608302423,451.294561852111,-6999992.87803659,-260396.157405774,14513905.0528103,-499582.064552163,-28997398229.3286,30831057340.6083,0.0134177247334922,0.0906254015301822,0.148056996238781,0.413540432161553,-0.00368382583109151
0.045,0.612400201607499,-0.0138570890313867,60.7409496024289,-0.438649372191581,4094.32390684726,1.51598950479262,106172.039477218,195.787122970873,-6999977.67209842,-245480.210800022,-14483493.1895222,30331475.2756441,28935583748.3856,21821898270.4637,0.0138570890313867,0.0888071110083277,0.156035804723873,0.425030837773548,-0.00124242984480988
0.046,0.67520571674812,-0.0142949577233607,64.8871925034185,-0.437074956851417,4196.99474922089,1.59500101405235,99169.6426558278,-30.8903671462238,-6999993.37341379,-204237.786389146,14452090.5734357,52153373.545821,-28880589231.5177,11705208160.3244,0.0142949577233607,0.0867514983749689,0.16478052818838,0.434855807494223,0.00130388482553307
0.047,0.742207643304957,-0.0147312483875862,69.1326057696076,-0.435527170054959,4292.66560051267,1.47117169969236,92172.0618961738,-207.100598735733,-6999981.57745609,-146231.808763163,-14428498.670477,63858581.7060065,28832684446.2328,1839726745.93053,0.0147312483875862,0.0844530623678671,0.174431192600437,0.443079073644417,0.00370691611911192
0.048,0.813501652130148,-0.015166080047284,73.4701903762663,-0.434181244506834,4381.3364682311,1.20167494885275,85169.6715168024,-321.096495521584,-6999993.73390348,-81453.3636841915,14404185.7898715,65698308.4519507,-28788653967.9161,-6584674145.64335,0.015166080047284,0.0819126040797182,0.185149528789541,0.449851285562325,0.00573354030751068
0.049,0.889176414090529,-0.0155997168263895,77.8929453746173,-0.433151010786247,4463.00734405036,0.850527128178188,78172.0817668118,-370.79815067077,-6999983.87509755,-19047.3923050626,-14384468.1898144,59113634.3064596,28748697314.3555,-12786620225.1919,0.0155997168263895,0.0791388704645541,0.197118264827605,0.455394269856639,0.00718874886069656
0.05,0.969313600062632,-0.0160325046925273,82.3938717355118,-0.432486700753932,4537.67823432978,0.479524777920391,71169.6971071847,-362.419829193509,-6999993.99463022,33672.9318888009,14364229.1381559,46327014.0815298,-28711079972.7232,-16449086275.1108,0.0160325046925273,0.076150378797573,0.210537425363908,0.459978563490673,0.00793475714584192
0.051,1.053987880936,-0.0164648102683786,86.9659685117059,-0.432180980481752,4605.34913218208,0.140977205099137,64172.1000471414,-308.324904643176,-6999985.3054784,71775.4028327753,-14346850.8457006,29877927.8067509,28675957036.9588,-17613798242.9581,0.0164648102683786,0.0729774214399776,0.225615127850476,0.463896489137859,0.00790428787860436
0.052,1.14326692760913,-0.016896968933009,91.6022366706063,-0.432181104992043,4666.02004326557,-0.127214251759317,57169.7206424265,-224.546170947567,-6999994.17780566,92846.4315180471,14329106.2043326,12264129.5641482,-28642253324.2101,-16547898957.2799,0.016896968933009,0.0696642478745759,0.242548645087369,0.46743344759466,0.00710673970643026
0.053,1.23721141099245,-0.0173292471220921,96.2956752665945,-0.432404744783375,4719.6909615757,-0.303982681163432,50172.1173088495,-128.325657807036,-6999986.19826341,96836.6116035549,-14313147.130366,-4283769.39279819,28610095217.02,-13658781094.0342,0.0173292471220921,0.0662714184505261,0.261489002759598,0.470840241982491,0.00562668200101813
0.054,1.33587500200485,-0.0177618212660519,101.039285264237,-0.43275704314432,4766.36189234776,-0.385173110643702,43169.7428862377,-35.907394415586,-6999994.29778531,85723.4516637398,14296948.0991519,-17942550.4865633,-28578735487.2552,-9451149127.96703,0.0177618212660519,0.06287832163015,0.28247925207875,0.474309113060764,0.0036148944055151
0.055,1.43930437157654,-0.0181947734715638,105.82606571961,-0.433146709058353,4806.03283012881,-0.381603002226507,36172.133939935,39.2695904835245,-6999986.71742976,63055.3266131931,-14281787.39794,-27393699.6143565,28548282000.0083,-4494825286.46216,0.0181947734715638,0.0595858437836498,0.305353961884424,0.47795577039599,0.00127291485465914
0.056,1.54753919064583,-0.0186281020448109,110.649017594838,-0.433499346898848,4838.70377992365,-0.315558649465893,29169.7643758205,87.8789297417915,-6999994.36382773,33414.2143556056,14266494.6139558,-31888524.9007583,-28518156747.9888,617477026.8541,0.0186281020448109,0.0565191777547925,0.329589048970751,0.481809092490662,-0.0011673012696887
0.057,1.66061213016197,-0.0190617433975587,115.501139947767,-0.433766720595877,4864.37473660999,-0.216261638524997,22172.1502331894,105.451794484838,-6999986.94758775,1834.42796827451,-14251662.1432117,-31271047.8739608,28488456146.8432,5323070161.01963,0.0190617433975587,0.0538307535418966,0.354105082008984,0.485809401945112,-0.00346653749354552
0.058,1.7785488610822,-0.0194956008508196,120.375433738352,-0.433931209216672,4883.04570511133,-0.114882676809843,15169.7855305689,92.5378768763283,-6999994.38165758,-26775.0848251846,14236794.0148761,-25947977.7131034,-28458682291.6928,9138679036.90452,0.0194956008508196,0.0517032715315819,0.377067065067848,0.489815376428664,-0.00540195679905915
0.059,1.90136805437448,-0.0199295753979322,125.264898026313,-0.43400529050424,4894.71668047169,-0.039676227026586,8172.16643221788,54.311916367448,-6999986.92878853,-48153.7230198331,-14221888.2853311,-16809298.676442,28428925433.8303,11691827516.8641,0.0199295753979322,0.0503528158101681,0.395798627688815,0.493618815278627,-0.00678887266194727
0.06,2.02908138101472,-0.0203635936051621,130.162533769617,-0.434026439380154,4899.3876676635,-0.0117555624776394,1169.80671354,-0.297818071086625,-6999994.35435698,-59117.107937843,14207037.1590693,-5117471.15986719,-28398707337.578,12731980520.5028,0.0203635936051621,0.05,0.407271872103242,0.496965727294163,-0.00749850925872067
0.061,2.16169351198957,-0.0207976284604749,135.061340029998,-0.434048303864726,4897.05866176015,-0.0419343471848322,-5827.81724011277,-59.851664835403,-6999986.67086668,-57868.5888374587,-14191670.1863518,7614509.36034051,28368116412.5862,12131336101.3809,0.0207976284604749,0.05,0.415952569209498,0.499581609403033,-0.00747003257360339
0.062,2.29920211829371,-0.0212317100380037,139.954317763561,-0.434129390475927,4887.72966791141,-0.128945749190544,-12830.1717266564,-111.891109642423,-6999994.28284677,-44188.4114264278,14176446.2360988,19745845.4614619,-28336641819.304,9888208594.60902,0.0212317100380037,0.05,0.424634200760075,0.501198404976822,-0.00671572317169068
0.063,2.44159787093273,-0.021665924213084,144.834466034235,-0.434320741397617,4871.40068109136,-0.259228081582554,-19827.8005600076,-144.558563572322,-6999986.15752031,-19498.4616676615,-14160195.5903693,29634054.0558843,28304374047.385,6140324882.70652,0.021665924213084,0.05,0.433318484261681,0.501580498384404,-0.00531885595031368
0.064,2.5888644409204,-0.0221003992188679,149.694785796346,-0.434654212602804,4848.07170676939,-0.408341020072702,-26830.1494196347,-148.216610731574,-6999994.16608701,13205.7548295759,14144178.4661431,35774378.9385057,-28270710514.181,1184404277.71169,0.0221003992188679,0.05,0.442007984377359,0.500547229288767,-0.0034245821719575
0.065,2.74097849928185,-0.0225352814550229,154.528276116267,-0.435132960509492,4817.74273968408,-0.543943006681069,-33827.7832815607,-116.926265719792,-6999985.34287795,49572.3359069372,-14126532.0545134,36958783.2162499,28235747760.3421,-4514104081.25683,0.0225352814550229,0.05,0.450705629100458,0.4979897800064,-0.00122480184690277
0.066,2.89790971705062,-0.0229707035077741,159.327937946588,-0.435725602259203,4780.4137857992,-0.630111394875105,-40830.1259324925,-49.6268888849547,-6999994.00105232,84274.0670825586,14109215.7141871,32444679.1351451,-28198707234.8093,-10341765813.2285,0.0229707035077741,0.05,0.459414070155482,0.493880863558893,0.00106139815587593
0.067,3.05962076527222,-0.0234067486696952,164.086770356464,-0.436365215726601,4736.08483945671,-0.632624710571008,-47827.7651102137,49.1458901296086,-6999984.13895552,111547.863311089,-14089491.5263974,22102913.3221744,28159695990.595,-15594781173.8477,0.0234067486696952,0.05,0.468134973393905,0.488276359852476,0.0032097402969445
0.068,3.22606731500103,-0.0238434171966633,168.797774296765,-0.436953885158935,4684.75590734989,-0.524670852423339,-54830.1007122546,169.146079906102,-6999993.78248665,125853.38604634,14070204.4717536,6508132.14866269,-28117617333.2409,-19554050871.9495,0.0238434171966633,0.05,0.476868343933265,0.481308841438705,0.00501296583496104
0.069,3.39719803730425,-0.0242805999554768,173.453948839899,-0.437372899152697,4626.42698321394,-0.292328142910912,-61827.7456620484,294.994523548066,-6999982.38668151,122584.492759028,-14047412.8665474,-13045918.7229117,28072594305.3081,-21547268676.2072,0.0242805999554768,0.05,0.485611999109536,0.47317371985987,0.00630103950469289
0.07,3.57295460325858,-0.0247180648840927,178.048294935012,-0.437498022388131,4561.09807481543,0.0608865043644356,-68830.0729894335,407.464845499554,-6999993.50239542,98764.9396980124,14025181.4454785,-34593187.3987505,-28022937178.8384,-20986312638.1393,0.0247180648840927,0.05,0.494361297681854,0.46410945238684,0.00695735630692394
0.071,3.75327168395484,-0.0251554607548103,182.573811658444,-0.437218558868344,4488.76917498365,0.511093858767809,-75827.7243906243,485.435472725122,-6999979.7895393,53678.5959801923,-13997755.7376859,-55579500.0365761,27968792208.3686,-17404526654.0017,0.0251554607548103,0.05,0.503109215096206,0.454373808662541,0.00692938016399642
0.072,3.93807695049419,-0.0255923411117153,187.023499957611,-0.436458261656326,4409.44029310636,1.01338019083378,-82830.041592653,508.423564244657,-6999993.14917287,-10603.1673833845,13971036.4765226,-72984026.6903628,-27907266424.2485,-10551994356.8811,0.0255923411117153,0.05,0.511846822234307,0.444218555132081,0.00623272119647764
0.073,4.12729107399381,-0.0260282090108003,191.39035891381,-0.435195565785779,4323.11142064355,1.50389850046364,-89827.7004346474,459.569717789924,-6999975.74590847,-88863.1912521877,-13936229.9512926,-83536021.047162,27838539384.6248,-600544810.355186,0.0260282090108003,0.05,0.520564180216007,0.433865039563476,0.00494833085780388
0.074,4.32082772558252,-0.0264625804320927,195.667389472777,-0.433480178615237,4229.78256957128,1.9050889297033,-96830.004538957,328.838425212427,-6999992.70616747,-172699.484704527,13902309.4382477,-84136565.8575892,-27756897470.176,11614941132.3888,0.0264625804320927,0.05,0.529251608641853,0.423483039419779,0.00321319446897045
0.075,4.51859357640804,-0.0268950611407442,199.847590722443,-0.431442862618089,4129.45372919465,2.13403880741797,-103827.672239974,116.006481101188,-6999968.8454643,-251028.579995922,-13854588.0347008,-72521624.7254296,27662568368.4332,24584742013.3943,0.0268950611407442,0.05,0.537901222814884,0.413174890863109,0.00120555857457514
0.076,4.72048829763174,-0.0273254286793355,203.923963607155,-0.429295475541596,4022.12491604225,2.1134684252731,-110829.957951385,-167.185454255179,-6999992.1493148,-311257.833714654,13807980.3376666,-47936882.7124064,-27541382167.8775,36499807830.0939,0.0273254286793355,0.05,0.546508573586709,0.402966376240805,-0.000873720691971696
0.077,4.92640456043884,-0.0277537086028046,207.889507224555,-0.427319169381235,3907.79611579001,1.78418539900121,-117827.636340883,-496.328428020968,-6999954.86006107,-340944.812512013,-13733401.8321379,-11437074.8827927,27393637535.2934,45725084457.5228,0.0277537086028046,0.05,0.555074172056092,0.392805172157894,-0.00282173953074474
0.078,5.13622803603183,-0.0281802326387445,211.737222518963,-0.425840067872478,3786.46735452175,1.11738359741129,-124829.892295596,-835.370930564728,-6999991.44312557,-329519.345166044,13660235.706029,34288009.5741889,-27163157827.0413,50960826684.1318,0.0281802326387445,0.05,0.563604652774889,0.3825669145558,-0.0044538748633787
0.079,5.34983739564691,-0.0286056666167601,215.460108604795,-0.425193436336232,3658.13861141374,0.125091030304465,-131827.580813832,-1139.25279982959,-6999912.78633306,-269750.92224979,-13502922.1220068,85248836.2577763,26850349359.611,51029440525.0821,0.0286056666167601,0.05,0.572113332335203,0.372068195902707,-0.00562178643694581
0.08,5.56710431054679,-0.0290309978413563,219.051166434689,-0.425678952960469,3522.80994248577,-1.13270286456602,-138829.770002992,-1357.87439719625,-6999990.53377527,-158987.365729472,13347427.2392813,136278276.782373,-5641443176.9264,44489093774.2011,0.0290309978413563,0.05,0.580619956827125,0.36108514336415,-0.00622727013965841
0.081,5.78789345208595,-0.0294574748851212,222.503395336108,-0.427511041958206,3380.4821667285,-2.54550418621917,-145824.02706367,-1441.30777557212,-6989463.82812446,-464.542059999183,7705984.06216329,180767370.556206,-36462989665.3588,29425541225.9178,0.0294574748851212,0.05,0.589149497702425,0.349375701832791,-0.00623059849055548
0.082,6.01206249327793,-0.0298864973691427,225.809800595789,-0.430769500304597,3231.16317279178,-3.95569027345986,-152815.715064702,-1346.48437548299,-6999989.33889498,195015.599109165,-28757005.6018042,210192911.781923,57523587657.2922,4498700788.34565,0.0298864973691427,0.05,0.597729947382853,0.336703422137205,-0.00565258222029872
0.083,6.23946211433941,-0.0303194592450286,228.963388527217,-0.435357134660633,3074.84506704113,-5.16944725149874,-159820.495641783,-1045.62253701813,-6999984.55066814,407457.861285261,28766582.0546205,214691612.570266,199973812763.06,-27521221630.4761,0.0303194592450286,0.05,0.606389184900571,0.322860445279836,-0.0045702650745333
0.084,6.46993599749342,-0.0307575566453136,231.957159547311,-0.440972767402124,2911.5377057982,-5.97670563995196,-166772.767932625,-535.405739719495,-6871231.06223198,608388.863040288,228740394.808518,187170390.940001,199986503784.142,-58907952127.0748,0.0307575566453136,0.05,0.615151132906271,0.307687314281939,-0.00310685787572499
0.085,6.70332084630606,-0.0312015801721835,234.784176861285,-0.447108469889306,2741.37577850628,-6.17917638094297,-173496.297713485,156.750326769579,-6542497.41553138,766105.277916752,428726898.579648,128262438.81334,199987771431.331,-83503571184.3738,0.0312015801721835,0.05,0.62403160344367,0.291088070094627,-0.0014171563130267
0.086,6.93944652624451,-0.0316517192310796,237.437733604805,-0.453076938460306,2564.68801939365,-5.62147565749988,-179791.100384485,973.069562228881,-6013776.63123632,852615.931137904,628714669.997293,44758867.6295512,199985212338.891,-99929775438.5294,0.0316517192310796,0.05,0.633034384621593,0.273040162301724,0.000329814082575293
0.087,7.17813639360974,-0.032107408969015,239.911551640815,-0.458068744435441,2382.00314919081,-4.21880205904472,-185457.188811996,1831.4099646084,-5285069.35506958,847409.91104819,828699882.325871,-55170907.8082718,199973794586.016,-108927140442.978,0.032107408969015,0.05,0.642148179380299,0.25359892771864,0.00196890571109485
0.088,7.41920782425715,-0.0325672471815224,242.199981546249,-0.46123381299162,2194.04987459155,-1.97742092105616,-190294.579260137,2633.07989834521,-4356382.57545071,737775.43301843,1028673676.90735,-164098048.250487,137343813712.258,-110845604629.113,0.0325672471815224,0.05,0.651344943630449,0.232896380046806,0.00335567249215308
0.089,7.66247294221569,-0.0330290016388222,244.29820207332,-0.46177949247203,2001.75427231722,0.992578452218952,-194113.734361514,3270.33203980013,-3259036.99168724,518254.582453387,1166017490.62282,-274943652.878852,-199975057756.92,-104065201400.204,0.0330290016388222,0.05,0.660580032776444,0.211134500430036,0.00438008994806461
0.09,7.90773954277308,-0.0334897206281893,246.202403223171,-0.459077695384708,1806.19702341605,4.47187779101077,-196823.091784182,3633.77059558066,-2193007.0299429,191278.328874433,966042432.878115,-379008854.278395,-199986726575.024,-81915917917.2482,0.0334897206281893,0.05,0.669794412563785,0.188573697107935,0.0049757515161165
0.091,8.15481215704774,-0.0339459520581287,247.909861784683,-0.452773527205745,1608.43010241062,8.13470624535734,-198566.408718782,3621.89184432963,-1326957.9603523,-228688.484362585,766055706.324876,-460924772.195135,-199989880476.257,-25268643198.1571,0.0339459520581287,0.05,0.678919041162573,0.165517100314675,0.00512365109618823
0.092,8.4034930902894,-0.0343940679879893,249.418817775434,-0.442885405534023,1409.3195577529,11.5643801919525,-199543.670472719,3158.52953333641,-660897.194265569,-702247.578156799,566065825.879833,-486193415.392989,-199990342673.284,64192809595.2872,0.0343940679879893,0.05,0.687881359759787,0.142290640001158,0.00485028212183815
0.093,8.65358328745847,-0.0348306780041665,250.728277267867,-0.429878524951733,1209.53145005831,14.2934284006552,-199954.866477825,2223.88404908232,-194826.539722388,-1156344.58875214,366075483.246404,-422000605.797638,-199987875973.844,120869596385.36,0.0348306780041665,0.05,0.696613560083331,0.119219474269624,0.00422047054466141
0.094,8.9048829992865,-0.0352530906969144,251.837812400141,-0.414682454748,1009.5318500649,15.8738429541927,-199999.986588587,876.684090162259,71255.0055370853,-1517910.3963571,166087607.320202,-301131009.412472,-199974584188.6,147053998207.609,0.0352530906969144,0.05,0.705061813938288,0.0966028464440724,0.00332610134691218
0.095,9.15719224834696,-0.0356597556670935,252.747361386579,-0.398634576516457,809.58683997454,15.9475105944916,-199879.016876762,-767.282811199783,137355.320762987,-1745514.40666577,-33886976.8168414,-154077011.205311,-199902500354.907,160078883283.324,0.0356597556670935,0.05,0.713195113341871,0.0746898315771473,0.0022725438425675
0.096,9.41031109513826,-0.0360506181596202,253.457028532833,-0.383366712317244,609.762523659767,14.2884610315349,-199791.922127808,-2563.15590958761,3517.09376870115,-1819551.97622942,-233789477.123484,6001872.0773262,199123706747.917,166807721803.895,0.0360506181596202,0.05,0.721012363192404,0.053658320549615,0.00116478519613558
0.097,9.66403970474521,-0.0364273433664281,253.966887599729,-0.370661447803556,409.941691989039,10.8234797675776,-199872.112488151,-4351.905662811,-130710.529980806,-1730146.24325014,-34665770.3380808,172809593.880326,199535161557.273,169743905219.95,0.0364273433664281,0.05,0.728546867328562,0.0335992512133964,9.50422797830226e-05
0.098,9.91817824570527,-0.0367933888048835,254.276871668759,-0.362293663684701,210.006760574513,5.64237524484638,-199986.900043049,-5967.35645825094,-65608.719540223,-1472464.69675984,164869391.238174,342553499.099209,-179011802973.131,169454951495.791,0.0367933888048835,0.05,0.73586777609767,0.0145078641322956,-0.000866751597744265
0.099,10.172526787987,-0.0371539141023682,254.386879422311,-0.359864692301084,10.007075580387,-0.997060688933903,-199999.909367462,-7240.30191354517,9754.77021140758,-1045183.72191274,-14142411.7360253,512008450.593795,-16152505392.9456,164566959876.293,0.0371539141023682,0.05,0.743078282047364,-0.00371562994290073,-0.00167859186301074
0.1,10.4268853378862,-0.0375155230952505,254.29688744513,-0.364633396182454,-189.990986489704,-8.6677627649765,-199999.91788729,-8002.05358351493,-12463.8942211427,-450891.791380796,-30294917.1175532,676575410.468778,197230132943.624,146989842423.719,0.0375155230952505,0.05,0.75031046190501,-0.0212548164526793,-0.00232762943036428
0.101,10.6810538960116,-0.0378858369924677,254.006894803681,-0.377347918824686,-389.993967552806,-16.7763750989666,-199994.657551293,-8090.1593625907,55856.2551331206,299178.540299842,166935215.856935,823565252.891107,-199275401617.373,32631187516.1503,0.0378858369924677,0.05,0.757716739849355,-0.0383576093867772,-0.00282690276219594
0.102,10.9348324648214,-0.0382729020837209,253.516918111743,-0.398084923364463,-589.941177580348,-24.5783246830783,-199888.546255169,-7373.75966459261,123153.770181375,1139059.38694902,-32340185.7338527,856196440.4058,-190083697675.362,-156048605132.727,0.0382729020837209,0.05,0.765458041674418,-0.0553112583533038,-0.00320798319685325
0.103,11.1880211021757,-0.0386844507493924,252.82705025514,-0.426125910181273,-789.781457133514,-31.2463572726504,-199813.243194135,-5832.61015829615,-4228.2643901512,1917231.52478846,-222423883.387813,700147835.271553,199912884440.662,-178927871157.915,0.0386844507493924,0.05,0.773689014987848,-0.0724133940415429,-0.00351048293055144
0.104,11.4404199577341,-0.0391270864682078,251.937353869998,-0.459941352150324,-989.625555401626,-36.0111156906269,-199895.364586147,-3595.12602773158,-126695.705557625,2527915.42448106,-22510998.9319368,521219964.112053,199975345001.189,-186776882588.929,0.0391270864682078,0.05,0.782541729364156,-0.0899425944825225,-0.0037701739679449
0.105,11.6918291777346,-0.0396055231509223,250.847760244882,-0.497308550548459,-1189.57968736574,-38.2631963822134,-199999.986567006,-837.730101626,-49219.0319889576,2955746.94729864,177464346.077096,334443081.52147,199988032505.63,-190478746125.709,0.0396055231509223,0.05,0.792110463018445,-0.108132451046715,-0.00400815867282766
0.106,11.9420488145016,-0.0401219772416305,249.558181422007,-0.535485639634832,-1389.56637322113,-37.5752491110514,-199927.142087203,2253.49192874575,228239.33034096,3194950.65575726,377452378.584067,143964335.394035,199990424584.833,-192475377205.304,0.0401219772416305,0.05,0.802439544832609,-0.127150286058721,-0.00422308879632641
0.107,12.190878904471,-0.0406757408673246,248.068706911437,-0.57139725640277,-1589.30815397715,-33.7083076059581,-199476.844830136,5488.34552266582,705686.921217446,3242677.30254864,577442803.166671,-48511041.8130588,199989948225.68,-193587496475.961,0.0406757408673246,0.05,0.813514817346492,-0.147080943116399,-0.00438742674444605
0.108,12.4381197456491,-0.0412629431135922,246.379803676274,-0.601824579507362,-1788.32758196309,-26.6147747514049,-198449.104849296,8674.50272156196,1383124.69849696,3097372.5124976,777432751.389173,-242098538.290849,199986802516.851,-194136183729.909,0.0412629431135922,0.05,0.825258862271844,-0.16791686292348,-0.00444813110834084
0.109,12.6835723750613,-0.0418765025586176,244.492516122306,-0.623597579350608,-1985.94721955261,-16.4400245377109,-196643.93264135,11618.4699342925,2260550.85114455,2758205.8823418,977419553.903847,-436234722.02258,199975182992.711,-194217564972.292,0.0418765025586176,0.05,0.837530051172352,-0.189555326123611,-0.00433167497717845
0.11,12.9270392461887,-0.0425062727169512,242.408666087236,-0.633788462844905,-2181.28964120827,-3.5232498478803,-193861.342816088,14126.1888614611,3337957.99654475,2224862.37783307,1177394736.89662,-630452286.996617,-164104413478.596,-193735119307.119,0.0425062727169512,0.05,0.850125454339023,-0.211803041822283,-0.00395287082971885
0.111,13.1683251058879,-0.0431393812586439,240.13104979159,-0.629905691164592,-2373.29261025201,11.6022225246023,-189962.038186675,16003.5359092448,4433300.52670207,1497542.5311829,1013290323.42083,-824187406.3053,-199973925673.733,-192164260621.475,0.0431393812586439,0.05,0.862787625172878,-0.234387548714183,-0.00322660444674481
0.112,13.407238041913,-0.0437607633184657,237.663555599711,-0.610088052786778,-2560.87744869988,28.2091582874422,-185055.421485876,17056.9573605049,5346603.88728603,577272.994566858,813316397.752459,-1016351666.92803,-199985281715.497,-186650507782.421,0.0437607633184657,0.05,0.875215266369314,-0.256974517021999,-0.00208130316295942
0.113,13.6435905454842,-0.0443538886399485,235.011073762626,-0.573298107091492,-2743.13234822745,45.3775830961776,-179335.490280001,17094.9461036442,6059927.64418074,-532403.926252379,613331116.043972,-1203002174.71122,-199987826805.897,31272870723.3239,0.0443538886399485,0.05,0.887077772798969,-0.279190708493389,-0.000472804191595478
0.114,13.8772004211458,-0.0449016809610354,232.179307546174,-0.519511649463361,-2919.34398565707,62.0071299104692,-173002.228382268,15966.253235157,6573264.84682176,-1719769.66560194,413343289.245154,-1171729303.988,-199986563514.626,189910009100.992,0.0449016809610354,0.05,0.898033619220708,-0.300651920297012,0.00160274656030911
0.115,14.1078915000383,-0.0453876091590574,229.174573546631,-0.449855260748094,-3088.99902383949,76.9261230125105,-166255.622984746,13692.2705857448,6886614.8543096,-2796543.96503944,213356725.735484,-981819294.886229,-199973927186.374,195279001224.755,0.0453876091590574,0.05,0.907752183181148,-0.320993558805081,0.00409840790471701
0.116,14.3354941532362,-0.0457968437443144,226.003601703943,-0.366588374992393,-3251.78411218809,89.0646216916399,-159295.658755437,10437.3634734666,6999984.61645191,-3680723.75931329,13382798.5495011,-786540293.65959,-26756056664.8138,197039839741.439,0.0457968437443144,0.05,0.915936874886287,-0.339900868966481,0.00691039505217904
0.117,14.559845605339,-0.0461173198898663,222.673336761222,-0.272949656122556,-3407.57866300294,97.538743229864,-152293.442082492,6396.20954061402,6999989.38666901,-4368744.13310217,-13373258.1161919,-589500453.914938,-6687805778.57852,197873977748.291,0.0461173198898663,0.05,0.922346397797326,-0.357135881148061,0.00987854643162165
0.118,14.780790062065,-0.0463406208055909,219.190777429223,-0.172963845803091,-3556.37461792542,101.660575377418,-145301.253959183,1765.69417684598,6983272.22566353,-4859307.59814296,-20061063.8944875,-391626476.161898,73558839612.6521,198335678454.043,0.0463406208055909,0.05,0.926812416111819,-0.372558360809602,0.0127940163777791
0.119,14.9981787262054,-0.0464626655378176,215.562915840239,-0.0712449729989503,-3698.18451432921,100.93960866254,-138315.75245887,-3256.37071296874,6999990.58157537,-5151766.23507784,53497775.7158266,-193290797.701396,-107151819650.191,198609348431.376,0.0464626655378176,0.05,0.929253310756353,-0.386138074284646,0.0154135099264701
0.12,15.2118697891174,-0.0464841994237827,211.796741451029,0.0272014238105324,-3832.99581985898,95.0834150887393,-131306.871626051,-8471.68078882525,6999912.4474661,-5245752.35856355,-53654043.9308678,5318550.73828106,107466180542.94,198771183553.764,0.0464841994237827,0.05,0.929683988475654,-0.397956438602188,0.0174786105600051
0.121,15.4217284395362,-0.0464110864886254,207.899257507513,0.11717658440046,-3960.80719984296,83.9980266785734,-124315.875170467,-13681.6453414273,6999991.49380671,-5141048.21604839,53812136.6054319,204089734.302269,-107697823493.297,198854798529.068,0.0464110864886254,0.05,0.928221729772508,-0.40819712168759,0.0187382641321166
0.122,15.6276268660875,-0.0462544033950675,203.877460380145,0.193487107835085,-4081.61859798498,67.7881578016405,-117306.927245614,-18687.506223903,6999954.71866548,-4837531.08248158,-53885686.8804399,402944532.843505,107846341339.67,198871348963.577,0.0462544033950675,0.05,0.925088067901349,-0.417126875019047,0.0189721962370579
0.123,15.8294442573708,-0.0460303347187527,199.738353631265,0.25114370390904,-4195.43003522015,46.7573297650605,-110315.940980173,-23290.4198151357,6999992.20245491,-4335150.87515629,53960654.4485926,601815881.821151,-107968194197.842,198812875126.474,0.0460303347187527,0.05,0.920606694375053,-0.42506854700365,0.0180129756608192
0.124,16.0270668019514,-0.0457598694227599,195.48893363968,0.285560031020348,-4302.24148533012,21.4079210293442,-103306.963149535,-27291.5272701939,6999968.75980455,-3633928.55577191,-54007539.7381022,800628756.963483,108063082769.96,198639801918.357,0.0457598694227599,0.05,0.915197388455198,-0.432368977785962,0.0157645958403928
0.125,16.2203876883778,-0.0454682984809535,191.136203984584,0.292751548499803,-4402.05296272666,-7.55885573392441,-96315.987645814,-30492.0348138312,6999992.76145147,-2733979.89784925,54055543.0173909,999268558.899291,-108145235856.631,198219278142.243,0.0454682984809535,0.05,0.909365969619069,-0.439364960606252,0.0122158108001479
0.126,16.4093071051741,-0.0451845136751976,186.687161044741,0.269534300058946,-4494.86445078486,-39.2430766000372,-89306.9913188395,-32693.3438858742,6999975.68654051,-1635601.69987883,-54089692.8244969,1197487837.06029,108214425708.644,196924311723.524,0.0451845136751976,0.05,0.903690273503953,-0.446350606113674,0.0074469935791822
0.127,16.5937322408512,-0.04494010769722,182.148808409109,0.21372348761153,-4580.67596027368,-72.5464348497888,-82316.0247411032,-33697.3809486027,6999993.20657038,-339651.706956779,54124732.8659716,1394412148.80352,-108276387463.002,134103891557.335,0.04494010769722,0.05,0.8988021539444,-0.453549265632104,0.00162992961505638
0.128,16.7735772839009,-0.0447682759984796,177.528142455048,0.124330971740928,-4659.48747913773,-106.175651964705,-75307.0152326874,-33317.4759325654,6999979.74570481,1121812.38762541,-54151654.578781,1528516040.38103,108330941881.561,-196898899003.955,0.0447682759984796,0.05,0.895365519969591,-0.461092688627471,-0.00497935091797742
0.129,16.9487634228033,-0.0447025265543842,172.832166778183,0.00174559793267141,-4731.29901598306,-138.685673150655,-68316.0561573026,-31464.2220079174,6999993.56206687,2551878.97850446,54179287.28099,1331617141.39719,-108380991974.576,-198521606579.797,0.0447025265543842,0.05,0.894050531087684,-0.469009350495212,-0.0120539779305112
0.13,17.1192188460226,-0.0447752506758728,168.067877754175,-0.152193043298329,-4796.11056135181,-168.660291212523,-61307.036450269,-28279.6213931451,6999982.35336052,3784235.31661175,-54201704.6719,1133095534.83681,108426392099.777,-199004369615.411,0.0447752506758728,0.05,0.895505013517456,-0.477222972512499,-0.0192150197893867
0.131,17.2848787420126,-0.045016320287557,163.242278983644,-0.334316885307461,-4853.92212247561,-194.867237540146,-54316.0838839061,-23962.0057040516,6999993.84473858,4817828.66664086,54224687.4025511,934091165.23945,-108468837287.655,-199209006212.523,0.045016320287557,0.05,0.900326405751141,-0.485561249720664,-0.0260553508559946
0.132,17.4456852992131,-0.0454518562039247,158.362366840498,-0.540324893788037,-4904.7336915233,-216.27294742515,-47307.0558350262,-18710.3329558272,6999984.11349725,5652315.32877405,-54244149.8599854,734882159.042861,108508205368.696,-199284436544.374,0.0454518562039247,0.05,0.909037124078493,-0.493773811170246,-0.0321676270185386
0.133,17.6015877060543,-0.0461031945946741,153.43514492932,-0.764981995668345,-4948.54527481724,-232.042945874859,-40316.1090955766,-12723.79062029,6999994.06632163,6287555.26954473,54264055.4798663,535597722.511542,-108545595962.002,-199250575944.293,0.0461031945946741,0.05,0.922063891893482,-0.501557549272265,-0.0371738609950037
0.134,17.7525421509537,-0.0469860525216206,148.467609622276,-1.00231825474115,-4985.35686560289,-241.541994680577,-33307.073934188,-6201.64491881444,6999985.32382043,6723527.70408413,-54281540.4537381,336347146.576691,108580903155.901,-198994429938.352,0.0469860525216206,0.05,0.939721050432411,-0.508586763209904,-0.0407537090968082
0.135,17.8985118223198,-0.0481098927020747,143.466764527229,-1.24582812766987,-5015.16846959367,-244.334109324157,-26316.1325634146,656.890620234079,6999994.23494472,6960377.63569165,54299362.6699701,137352716.643683,-108614907015.426,-196628350911.562,0.0481098927020747,0.05,0.962197854041493,-0.514545123241451,-0.0426687354690042
0.136,18.0394669085493,-0.0494774875093987,138.439606014607,-1.48866964420433,-5037.98008076644,-240.182330614612,-19307.0911316506,7653.17322242808,6999986.14410691,6999416.17687955,-54315544.313769,-59275634.2636788,108647512449.346,99022503500.7524,0.0494774875093987,0.0500576429437425,0.988410252656207,-0.519156324702425,-0.0427803438501696
0.137,18.1753845980305,-0.0510846814968023,133.393137695085,-1.72386046340134,-5053.79170443662,-229.035202638528,-12316.1548409723,14639.4553327584,6999994.3560179,6989651.79436626,54331968.1000433,39746869.2292087,-108679322550.886,-60344292396.0923,0.0510846814968023,0.0510860560502785,0.999973093372587,-0.522210465365748,-0.041059704635266
0.138,18.3062490791401,-0.0529203281740388,128.334355937334,-1.9444098430834,-5062.6033350763,-210.896811275979,-5307.10772134299,21638.9231796724,6999986.66284243,6999226.5173974,-54347354.415904,-20597423.1560239,108710248661.87,37244569805.3461,0.0529203281740388,0.053158035676635,0.99552828655968,-0.523583634566414,-0.0375885741917432
0.139,18.4320515402471,-0.0549662884230525,123.270264354502,-2.14332120280071,-5064.41497776465,-185.760155884501,1683.82363905488,28634.0584137918,6999994.43275755,6997251.37914408,54362894.2071496,16647146.6356339,-108740801239.209,-29140777626.5526,0.0549662884230525,0.0559919396613211,0.981682162745702,-0.523248892497512,-0.0325499457934128
0.14,18.5527901697095,-0.0571974257117356,118.207859313464,-2.31359767005853,-5059.22662729337,-153.6259114559,8692.87605202913,35634.7765699819,6999986.92634501,6999328.1369664,-54377906.9939042,-12493630.975061,108770894204.575,23130552965.2876,0.0571974257117356,0.0593476371140225,0.96376921631849,-0.521277680026309,-0.0262089380016806
0.141,18.6684701558771,-0.0595816056425215,113.154144429589,-2.44823996629453,-5047.03828864197,-114.492589316383,15683.8025072309,42631.7129836209,6999994.4664535,6998399.78247402,54392987.1686304,10636921.9722752,-108801004418.109,-19244043896.526,0.0595816056425215,0.063023119853818,0.945392830134733,-0.517831640558386,-0.0188859755360134
0.142,18.7791036870891,-0.0620796949570041,108.116116067876,-2.54025001626613,-5027.84995677883,-68.360705456537,22692.8599665186,49632.223886431,6999986.95141298,6999414.68249799,-54408017.2081416,-8607121.90471923,108831044634.367,16068693171.7762,0.0620796949570041,0.0668511217106328,0.928626077894669,-0.513145770037725,-0.0109249198420258
0.143,18.8847099516768,-0.0646455616966154,103.100777845735,-2.58262826534723,-5001.66163671269,-15.2295392204879,29683.7814167528,56630.0131235047,6999994.45652214,6998841.90717921,54423027.3810173,7461571.24598513,-108861510055.143,-13653285564.9483,0.0646455616966154,0.0706957783343272,0.914418982572061,-0.507504641619333,-0.00265932898200512
0.144,18.9853151379609,-0.0672260747351223,98.1151261261638,-2.56837612719949,-4968.47332345954,44.9005695647064,36692.8438019426,63630.3102687123,6999986.72887548,6999476.83564267,-54438482.62964,-6191714.29676714,108892308208.871,11534316139.872,0.0672260747351223,0.0744493572575288,0.902977234613049,-0.501214105059164,0.0056198648971805
0.145,19.080952434254,-0.0697611039171524,93.1661645284747,-2.49049398487177,-4928.28502219437,112.030066895144,43683.7600075244,70628.6136332295,6999994.4003504,6999052.27941588,54453825.5309162,5342601.81982489,-108924012335.578,-9760499531.60874,0.0697611039171524,0.0780290849681129,0.894039753838722,-0.494571269429328,0.0136921222274357
0.146,19.1716620288581,-0.0721835197753684,88.2608894134813,-2.3419829611597,-4881.09672784997,186.158690414012,50692.8273185709,77628.710463633,6999986.21971342,6999514.63146985,-54470186.757064,-4417897.68774225,108956519859.292,8105914012.9541,0.0721835197753684,0.0813740946910974,0.887057730711264,-0.487835711343234,0.0214278725719319
0.147,19.2574911100668,-0.0744191936525001,83.4063044023005,-2.1158434462636,-4826.90844593149,267.286759623288,57683.737864869,84627.3671319276,6999994.29288613,6999149.69078864,54486333.0508689,3688016.30047901,-108990569626.477,-6613911769.32224,0.0744191936525001,0.0844425154892327,0.881300056273067,-0.481204693259652,0.0287999813626564
0.148,19.3384938661626,-0.0763869975053934,78.6094058532918,-1.8050763795734,-4765.72017113899,355.414040690107,64692.8102293297,91627.2585122382,6999985.34112364,6999530.7512044,-54504236.524935,-2925895.44366369,109026042534.787,5135771402.84073,0.0763869975053934,0.0872087201913895,0.875910084883179,-0.474794753250858,0.035885112093483
0.149,19.4147314854197,-0.0779988040253635,73.8771973893028,-1.40268220028772,-4697.53190952743,450.540790918955,71683.7144592672,98626.1822776212,6999994.12586623,6999172.74146221,54521805.9555157,2209875.93367276,-109063998300.713,-3712140087.76356,0.0779988040253635,0.0896607465785568,0.869932573637722,-0.468631376677441,0.042854971561472
0.15,19.4862721561003,-0.0791594864879954,69.2166753658448,-0.901661728305635,-4622.34365537164,552.666773207236,78692.7921550485,105625.841267036,6999983.93267127,6999526.54735194,-54542192.2914915,-1502264.12844418,109104292166.854,2207137922.01945,0.0791594864879954,0.0917979032217678,0.862323470469253,-0.462647654370372,0.0499584217435859
0.151,19.5531910664579,-0.0797669188855935,64.634843407433,-0.29501549092159,-4540.15541560438,661.792219334455,85683.6890402563,112624.984538644,6999993.88646335,6999127.85218457,54562099.8181248,704873.767974477,-109148627265.21,-661998501.891498,0.0797669188855935,0.0936285684034416,0.851950641196191,-0.456691944775634,0.057496307104069
0.152,19.6155704047329,-0.0797119758010268,60.1386978661335,0.424255765828538,-4450.96718379808,777.91685769467,92692.7725387394,119624.354494629,6999981.67264873,6999501.72670154,-54586527.3903963,42875.291502151,109196819311.192,-1099961070.37661,0.0797119758010268,0.0951681876841347,0.83759056193854,-0.450543683146568,0.065791542172922
0.153,19.6734993591563,-0.0788785325693791,55.7352423680454,1.26315137699495,-4354.77896831126,901.040924366616,99683.6604175667,126623.694332132,6999993.55491408,6998994.62145791,54610291.8607409,-1057085.80384964,-109252008304.228,3731925379.33135,0.0788785325693791,0.0964374729269691,0.817924092941681,-0.443935697350288,0.075157423028816
0.154,19.7270741179444,-0.0771434651601409,51.4314732608301,2.22867063466791,-4251.5907615692,1031.1640953252,106692.75045035,133622.782398251,6999977.84262257,6999803.49834366,-54641716.3838783,2674839.60010098,109313947973.732,-199382907051.63,0.0771434651601409,0.0974608029800306,0.791533240044691,-0.43658077915262,0.0858672728328495
0.155,19.7763978693028,-0.0743766506103457,47.2343941719761,3.32781120501849,-4141.40257440382,1168.27891765791,113683.626426099,140590.692831887,6999993.10022571,6902786.88441796,54672231.527084,-196708067.433094,-109389659812.063,-199776705951.016,0.0743766506103457,0.0982648237660902,0.756900055989436,-0.428199872241994,0.0981283493926053
0.156,19.8215808014198,-0.0704409824650346,43.1510014430416,4.56752607258029,-4024.21439729301,1312.2798952245,120692.72403211,147361.82956493,6999970.50184661,6606190.46400936,-54717428.2225296,-396484773.37056,109478796690.003,-199837617131.646,0.0704409824650346,0.098877243253869,0.712408438453084,-0.418549115737268,0.112062358272606
0.157,19.8627401024707,-0.065192484463645,39.1882987022615,5.95456972880164,-3900.02624596646,1462.87041265831,127683.582285951,153736.471372733,6999992.47196925,6109786.88207298,54761368.4021128,-596322390.492824,-109604130501.991,-199852878280.463,0.065192484463645,0.0993258147052524,0.656349858867028,-0.407443125895429,0.127693574438079
0.158,19.8999999606086,-0.0584806074558179,35.3532822815276,7.49530016273593,-3768.83810739032,1619.55406320357,134692.688087029,159514.788246513,6999951.77512021,5413538.05243993,-54842762.0347204,-796175268.767392,109773980722.413,-199847242007.939,0.0584806074558179,0.0996374997193359,0.586933710907531,-0.394772299250392,0.144944807324074
0.159,19.933491564069,-0.0501487258118231,31.6529558067428,9.19547903702459,-3630.65000996208,1781.63459762959,141683.514144578,164496.930790902,6999996.00344686,4517439.16266857,54931218.6200361,-996022510.772206,-199984379849.499,-199820393950.396,0.0501487258118231,0.099837800942583,0.502301987206868,-0.380512527677585,0.163641345731685
0.16,19.9633531007276,-0.0400348336720192,28.0943148423255,11.0600718404519,-3485.46567529714,1948.21591840013,148677.645027353,168483.055299194,6954935.03214212,3421506.45492117,-145053161.271187,-1195842904.72148,-199994711591.403,-199751963349.259,0.0400348336720192,0.0999502528866491,0.400547597587588,-0.364726477438485,0.183522395805117
0.161,19.9897297507334,-0.0279724410432344,24.684339435027,13.0930480461732,-3333.34307139562,2118.20209677738,155526.721026921,171273.348307864,6709884.51507521,2125787.56852505,-345047872.883881,-1395594868.07081,-199996152673.708,-199527214813.137,0.0279724410432344,0.0999960581153195,0.279735437280692,-0.347556484531485,0.20425880582477
0.162,20.0127736162695,-0.0137916697232621,21.4298619946949,15.2971813025029,-3174.52724926509,2290.29742609073,162030.748913437,172668.083906552,6264838.56585446,630429.093047671,-545044025.564409,-1595122082.88434,-199996484553.088,39308445071.5031,0.0187982825374008,0.1,0.187982825374008,-0.329210398371599,0.225475275313918
0.163,20.0326434760708,0.00267945133602997,18.3373698828789,17.6738517061959,-3009.46325492863,2463.01650871507,167989.732719079,172507.50336567,5619796.2980135,-945038.76730092,-745040510.11512,-1555813637.81263,-199996308279.664,199530791297.291,0.0326434760707563,0.0999997310107328,0.326435638784396,-0.309942935195171,0.246774835909455
0.164,20.0495043403779,0.0216135104825227,15.4128054170149,20.2229012973042,-2838.79613066053,2634.80050420696,173203.676043985,170817.812911347,4774757.63375854,-2401087.0094649,-945036818.387691,-1356282846.51355,-199995603309.336,199755019810.076,0.0495043403779185,0.0999826083139006,0.495129515150245,-0.290034646616523,0.267763382508312
0.165,20.0635268058953,0.0431821705971948,12.6613658740734,22.9426556796218,-2663.3709150883,2804.20004959819,177472.582667995,167771.876981928,3729723.01371618,-3657492.34607342,-1145032421.68887,-1156527826.69909,-199993843280.197,199823559506.441,0.0635268058953287,0.0999310802776863,0.635706185891334,-0.269770583149192,0.288072967697878
0.166,20.0748862107523,0.067554726525398,10.0873034943868,25.8300855621735,-2484.23264272926,2969.95875175083,180596.457163651,163569.424649091,2484693.67038722,-4714108.39301929,-1345026264.96267,-956704267.184624,-199988090599.894,199850749771.919,0.0748862107522683,0.0998327171537135,0.750116924464404,-0.249420731997491,0.307383236494176
0.167,20.0837615894686,0.0948968489180793,7.69372548633048,28.8810051442452,-2302.62634261367,3131.01999860668,182375.306353123,158410.272580776,1039673.3601246,-5570887.28531796,-1545014355.55992,-756853517.39993,-62860958511.885,199857016944.726,0.0837615894685939,0.0996729793676507,0.840364058544226,-0.229224109860959,0.325439777217587
0.168,20.0903344281165,0.125369527623899,5.48239517609786,32.0902719278233,-2119.99132118159,3286.5270126675,182631.995709048,152494.268039583,-536771.474691256,-6227812.29424554,-1607875314.07412,-556996500.436564,199987786524.864,199842941042.053,0.0903344281164529,0.0994352242811801,0.908475128099553,-0.209378010585586,0.342067769723433
0.169,20.0947872309023,0.159128214913155,3.4535650623119,35.4519865629486,-1937.88735760625,3435.822868599,181324.617875074,146021.264651961,-2044652.89550294,-6684887.32416109,-1407887527.55696,-357153559.36889,199993526860.658,199784684723.759,0.0947872309023197,0.0991008005587858,0.956472908067909,-0.190033279471797,0.357179664824548
0.17,20.0973019764979,0.19632216855209,1.6059422424293,38.9596926994436,-1757.81138103823,3578.45048835742,178609.353470271,139191.09799557,-3352543.65962956,-6942148.5411681,-1207894000.70907,-157368874.611523,199995262892.775,199399620286.522,0.0973019764978957,0.0986492443093722,0.986342847115469,-0.171295235471596,0.37077622261131
0.171,20.0980586318885,0.237093994721408,-0.0631718818604323,42.6065768166524,-1581.07128193011,3714.15259225407,174686.195354104,132203.498287146,-4460440.02889225,-6999817.60563638,-1007898737.83317,42030745.7161732,199995928092.283,-82844201655.7155,0.0980586318884846,0.0980585901381522,1.00000042576925,-0.153228449349752,0.382940891539048
0.172,20.0972338447414,0.281579390326396,-1.55768380234315,46.3856655826787,-1408.77495655109,3842.85973502087,169755.138610979,125210.888687426,-5368340.80267927,-6999208.96074796,-807902809.760237,-40813455.9789326,199996039272.605,80876067802.3554,0.097233844741428,0.0973058089091595,0.999260432973754,-0.135863688278084,0.393828153769864
0.173,20.0949998358212,0.329907062396062,-2.88250790943282,50.2899632006069,-1241.83030564261,3964.56758682135,164016.179076635,118204.752343324,-6076245.5928032,-6999584.38282581,-607906770.507315,40062611.8613814,199995595256.119,-79626889423.1298,0.0949998358212234,0.0963673829547328,0.985809024883951,-0.119206120061655,0.403646827799947
0.174,20.0915234907962,0.382198718755562,-4.04336649633134,54.3124675719051,-1080.94523400868,4079.27590628811,157669.31269779,111211.928118193,-6584154.56568246,-6999335.2156759,-407911175.268539,-39564277.5979386,199993946014.233,78577692698.6032,0.0915234907962343,0.0952200303114286,0.961178971450604,-0.103243959632471,0.412638986362331
0.175,20.0869656524127,0.43856906774194,-5.04658976312771,58.44618189267,-926.6276507094,4186.98484682267,150914.534868813,104205.907045836,-6892068.76794393,-6999610.64692463,-207917229.266312,39013415.1356941,199984268227.727,-77666651994.3164,0.0869656524126725,0.0938415891607886,0.926728257592325,-0.0879567112002233,0.421055991025019
0.176,20.0814806125944,0.499125818275504,-5.89891582155543,62.6841040695628,-779.185470418993,4287.69421467035,143951.838197611,97212.8586644815,-6999993.86309647,-6999430.55778601,-7932961.04271227,-38653236.8921377,15889588749.2435,76910410669.9552,0.0814806125944116,0.0922120720240193,0.883621968424998,-0.0733222093606063,0.429133925682118
0.177,20.0752158042723,0.563969679736792,-6.60729223697148,67.0192371721595,-638.734289247506,4381.40412045019,136950.526118788,90206.9198900292,-6999982.02976457,-6999628.58934325,7956627.7110808,38257173.8103985,-15895609519.5568,-76251677517.8689,0.0752158042723323,0.0903148976538108,0.832817245285985,-0.0593217917697389,0.437070821332014
0.178,20.0683116783288,0.633194362017048,-7.17871772807645,71.4445791063935,-505.283090356517,4468.11442508791,129951.87313463,83213.711274673,-6999973.20681326,-6999497.25429171,-7938981.81223882,-37994503.7387092,15858977267.3145,75702972960.1578,0.0683116783287971,0.0881383068080164,0.775050948931821,-0.0459432665032175,0.445007868266573
0.179,20.0609016859634,0.706886575430177,-7.62019174299024,75.9531328519825,-378.831866198562,4547.82520960866,122950.573599793,76207.8339306735,-6999982.69999185,-6999640.27155041,7919995.45948046,37708469.251904,-15822644132.2134,-75224363020.1568,0.0609016859634153,0.0856769661655235,0.710829160847693,-0.0331821886658996,0.453016390941903
0.18,20.0531122783997,0.78512603075021,-7.93871478830115,80.5378963161472,-259.3806232266,4620.53637379994,115951.913790181,69214.5104999138,-6999974.02659847,-6999543.98380851,-7902648.67628525,-37515893.7974805,15787814016.3638,74826010238.9217,0.0531122783996842,0.082933762497758,0.640418049297113,-0.0210421989099219,0.461091782630896
0.181,20.0450629068812,0.867985439148144,-8.14128631493832,85.1918724149073,-146.929355732381,4686.24797740939,108950.619741585,62208.6795709146,-6999982.76826659,-6999646.8724866,7885165.34430141,37310116.4699886,-15752028519.2326,-74480742562.4013,0.0450629068812205,0.0799217869168345,0.563837579458932,-0.00953456833203276,0.46915490126194
0.182,20.0368660226749,0.955530512220048,-8.23490682755154,89.9080590581921,-41.4780695152626,4744.95994853252,101951.954217908,55215.2742995707,-6999973.61718189,-6999577.12729775,-7866863.17826602,-37170626.1198123,15716277505.8595,74197387266.7264,0.0368660226749071,0.0766665065419509,0.480862169645548,0.001322993207939,0.477060698849861
0.183,20.0286270770676,1.04781996194198,-8.22657577926548,94.679459117209,56.9732415951448,4796.67233072188,94950.6665487264,48209.4780904257,-6999982.34160724,-6999649.05978426,7849414.33159936,37026761.173707,-15678324787.2473,-73956777117.1718,0.0286270770676431,0.0732081183301592,0.391036919410204,0.0115081402050127,0.484613153668179
0.184,20.0204445213699,1.14490550069087,-8.12329367191697,99.499070505262,148.424571945399,4841.38507387689,87951.9958601584,41216.0162817103,-6999972.08966926,-6999600.68716908,-7828910.45875617,-36930015.9691693,15639107264.4241,73767115262.544,0.0204445213699316,0.0696040770783401,0.293725917045363,0.0209961230542539,0.4915849747895
0.185,20.0124098069129,1.24683184121331,-7.93205996012121,104.359896063128,232.875928572002,4879.09820844215,80950.7158331417,34210.2451057686,-6999981.44649581,-6999647.14550704,7810196.80942243,36837099.3185269,-15596109949.5509,-73614223619.133,0.0124098069128955,0.0659317867838826,0.188221911133298,0.029762225574916,0.497740101997785
0.186,20.0046073850525,1.35363669664045,-7.65987514191825,109.254933707681,310.32730554374,4909.8117022324,73952.0401333968,27216.7474726525,-6999969.30466116,-6999617.15799802,-7785913.14299745,-36777124.324716,15550326956.5822,73506260443.1847,0.00460738505250902,0.0622914416378993,0.0739649770716785,0.0377841688623487,0.502856777957524
0.187,19.9971147071667,1.46535078046824,-7.31373867283642,114.17718626095,380.77871130326,4933.5255743662,66950.769593328,20210.9927959009,-6999980.05432588,-6999641.1521012,7764413.81705276,36729136.1420671,-15498414026.8942,-73432199725.8297,0.00288529283333361,0.0588089999726144,0.0490620965273547,0.0450442480183276,0.506748940865793
0.188,19.9900022246604,1.58199780656706,-6.90065104584825,119.11965164329,444.230139171555,4950.23980843376,59952.0886769103,13217.4775119179,-6999964.84752226,-6999628.11582199,-7734000.21245258,-36703063.6063558,15441519127.2191,73400711110.3926,0.00999777533962742,0.0556392714925261,0.17968918484079,0.0515309972920879,0.509283877735859
0.189,19.9833333889626,1.70359448917191,-6.42761171683226,124.075332668161,500.68159982176,4959.95441307348,52950.8304158071,6211.73131614601,-6999978.08817112,-6999630.82387321,7707518.91790957,36697647.5261492,-15374557791.5265,-73402769607.6083,0.0166666110373619,0.0529690951343638,0.314647833705383,0.0572402274878062,0.510394467805895
0.19,19.9771646515332,1.83015054288725,-5.90162117188962,129.037227259123,550.133085173896,4962.66938680356,45952.1436608001,-781.784478897207,-6999957.84814897,-6999634.56115081,-7667038.87594322,-36705122.1025962,15298934221.9517,73448186370.0361,0.022835348466792,0.0510205819344752,0.447571305558981,0.0621753426385737,0.510084892503694
0.191,19.9715454638589,1.96166868268657,-5.32967886657531,133.998338230604,592.584609526941,4958.38472786486,38950.9021155872,-7787.5302367028,-6999975.41991394,-6999615.59006844,7631895.34878173,36743064.288118,-15205885440.6316,-73529179917.5145,0.0284545361410586,0.0500543943730508,0.568472288946093,0.0663469140491409,0.508429338414343
0.192,19.966518277463,2.09814462391233,-4.71878527734256,138.95166350896,628.036162337137,4947.10044996138,31952.2083291109,-14781.0291579453,-6999946.46728547,-6999637.11573903,-7573990.09385155,-36786115.6491231,15097189904.8399,73657526851.8254,0.0334817225370116,0.05,0.669634450740233,0.0697715625379361,0.505563906489323
0.193,19.9621185439003,2.23956708228513,-4.07593985840243,143.890205919205,656.48776415109,4928.81654028994,24950.9910650991,-21786.7830770321,-6999971.86242691,-6999594.46796229,7523199.81333428,36871411.2219834,-14955321314.3221,-73826159171.4568,0.037881456099683,0.05,0.757629121993659,0.072470266092784,0.501672599934606
0.194,19.958374714771,2.38591777389843,-3.40814307188294,148.806963389959,677.939400013825,4903.5330291242,17952.2882490294,-28780.2461992438,-6999926.32327073,-6999636.13632599,-7432121.50260352,-36954747.9678209,14782562626.6569,74050025547.6804,0.0416252852289887,0.05,0.832505704579773,0.0744662649401872,0.49696882702817
0.195,19.9553082417143,2.53717141523815,-2.7223943686236,153.694938767254,692.391102355021,4871.24989114991,10951.1096254479,-35786.0180386276,-6999967.16346001,-6999565.87152001,7350441.12588989,37095277.597767,-14535026084.1172,-74322373560.0575,0.0446917582856727,0.05,0.893835165713455,0.0757827725815567,0.491674275045983
0.196,19.9529335764299,2.69329572317148,-2.02569418749673,158.547129981347,699.842847846781,4831.96717595626,3952.3951782059,-42779.4233336073,-6999884.23537618,-6999631.78070223,-7184584.95935626,-37227095.9792762,14215603547.7564,74663259595.8923,0.0470664235701399,0.05,0.941328471402798,0.0764407182254777,0.485997242128102
0.197,19.9512581706693,2.85425141497857,-1.32504197029997,163.356539911396,700.294695793888,4785.68484318551,-3048.7120823898,-49785.2247856985,-6999961.01856166,-6999527.2468836,7031018.58959212,37436163.6331591,-13651212415.3503,-75065926244.3376,0.048741829330659,0.05,0.974836586613179,0.0764567393806274,0.480112542812116
0.198,19.9502824762759,3.01999220833435,-0.627438111472609,168.116166488597,693.746606238718,4732.4029663901,-10047.4327937239,-56778.5449384715,-6999755.60617974,-6999624.04637257,-6620193.82621049,-37629762.6268048,12845296085.7047,75558912149.6124,0.0497175237241336,0.05,0.994350474482673,0.0758416173990754,0.474144920872577
0.199,19.949999945177,3.1904648213552,0.060117983699273,172.819012640252,680.198727497501,4672.1214860894,-17048.3576141341,-63784.3907141312,-6999953.1519631,-6999474.35292461,6225102.2597656,37929149.5379795,4717218985.97087,-76135183776.4848,0.0500000548230481,0.05,1.00000109646096,0.0745993018008126,0.468157540780889
0.2,19.9503970295249,3.36560897257179,0.730626172283238,177.45807629784,659.651627375759,4604.84050742446,-24044.4120118015,-70777.5896895815,-6991369.44021035,-6999612.79527484,10942321.2460185,-38206034.2527583,-39073235694.4457,76838194056.4424,0.0496029704751031,0.05,0.992059409502062,0.0727266125619543,0.462146612012886
0.201,19.9514531828401,3.54535738099571,1.37709049579571,182.026360456679,632.111726313087,4530.55994525635,-31036.8224973366,-77783.4991363053,-6999963.73681155,-6999399.73249941,-28130914.4482611,38632159.8174615,199796868045.982,-77660407974.858,0.0485468171598527,0.05,0.970936343197053,0.0702136503169407,0.456042594657751
0.202,19.9531408647752,3.72963576608043,1.9925176431526,186.516863048242,597.578558331594,4449.27994909683,-38017.5522133635,-84776.5261902238,-6928196.21723682,-6999597.77666934,171665953.596282,-39028248.1702436,199938934928.371,78673869756.8148,0.0468591352248495,0.05,0.93718270449699,0.0670448888278604,0.449717784436301
0.203,19.9554255484743,3.91836284781583,2.56994154497651,190.922587164046,556.133849791296,4361.00039738821,-44826.5922979799,-91782.5257793509,-6656560.79617635,-6999289.08996121,371604888.521719,39645621.5989085,199954734530.746,-79870388500.284,0.0445744515257402,0.05,0.891489030514805,0.0632008279482151,0.442999462455976
0.204,19.9582658118653,4.11145034667286,3.1025698217085,195.23653073667,508.049242691025,4265.7215067347,-51264.0248608062,-98775.3037899281,-6184978.54038926,-6999578.66261241,571559623.048751,-40224766.9127563,199957261124.179,81384354584.0823,0.0417341881346545,0.05,0.834683762693089,0.0586608301342154,0.435687257821339
0.205,19.9616136096398,4.30880298374049,3.58398170356968,199.451696997231,453.796320050159,4163.44310050049,-57129.8973794831,-105781.430776898,-5513440.28677841,-6999111.25223315,771516884.169089,41159587.6821402,199953428501.966,-83206904408.9209,0.0383863903601842,0.05,0.767727807203684,0.0534077898811011,0.427572985381659
0.206,19.9654147448365,4.51031848064682,4.00832798109351,203.561083885387,394.04662006789,4054.16550707448,-62224.2536527596,-112773.830052691,-4641946.68835834,-6999555.11675545,971470312.667605,-42047316.7365796,199942350572.198,85639199368.0246,0.0345852551634778,0.05,0.691705103269555,0.0474343429013312,0.418460993523981
0.207,19.9696095403799,4.71588755976734,4.37053096073207,207.557694846598,329.671635721365,3937.88845987734,-66347.1414596885,-119780.135627919,-3570505.20040464,-6998782.83380804,1171412663.23712,43591882.6405663,199916032240.784,-88672084165.7637,0.030390459620083,0.05,0.60780919240166,0.0407499952365877,0.408187041724476
0.208,19.9741337105724,4.92539394411161,4.66648441641401,211.434527852245,261.74280694036,3814.6125034762,-69298.6209897677,-126771.901201099,-2299134.52104713,-6999526.99325033,1371328695.47622,-45080201.5331583,199831021590.865,93260295469.9205,0.025866289427622,0.05,0.517325788552441,0.0333884673347247,0.396633883476955
0.209,19.9789194325325,5.13871435767182,4.89325352778954,215.184586716111,191.531499765526,3684.33721125727,-70878.7859928116,-133778.424912537,-827890.314775473,-6997977.04704855,1571159717.06652,48180093.9437832,9845620883.89786,-99399357531.212,0.0210805674674788,0.05,0.421611349349575,0.0254145359356453,0.383742088060366
0.21,19.9838966172929,5.35571852526999,5.04927319993749,218.800869564575,120.50103880266,3547.06368619706,-70919.45551224,-140768.878472201,748192.212732991,-6999496.63187036,1581005337.95093,-51219263.5928845,-199812244724.413,123219926495.823,0.0161033827071364,0.05,0.322067654142728,0.0169297116800253,0.369515098026676
0.211,19.9889943651776,5.57626917329605,5.13450341986963,222.276381121457,50.210854776509,3402.79165702868,-69414.0626713192,-147773.448081451,2229291.42832171,-6989105.93221534,1381193093.22798,72000662.9060607,-199896393185.91,-164835697611.218,0.011005634822407,0.05,0.22011269644814,0.0080760643334813,0.354018116497948
0.212,19.9941425091363,5.80022203049585,5.15043467585409,225.604122829849,-17.866692347926,3251.52878793762,-66527.4907619148,-154754.026298481,3510536.32495673,-6999523.11811489,1181296700.04424,-92835034.6989224,-199921067458.007,186682918138.116,0.00585749086370058,0.05,0.117149817274012,-0.000963091479455915,0.337371000899372
0.213,19.9992730783921,6.02742583322032,5.09993688226307,228.777105705011,-82.45036220829,3093.26730602931,-62459.6262648461,-161768.853114254,4591872.49127196,-6999016.6937447,981375632.588777,93847883.4007976,-199929353197.553,198891950307.559,0.000726921607881792,0.05,0.0145384321576358,-0.00996730759604615,0.319735972497034
0.214,20.0043215793865,6.25772232053496,4.98706124364116,231.788327649459,-142.458820011602,2928.02287304677,-57410.3875161465,-168687.797207913,5473283.44726196,-6805722.83519013,781446279.393734,292739833.675392,-199928390677.44,199364881688.574,0.00432157938648814,0.05,0.0864315877297628,-0.0186884517396086,0.301301259657755
0.215,20.0092280771125,6.4909462641322,4.81684033803455,234.630886195626,-197.010655107006,2755.9893112637,-51579.7023276345,-175313.922645983,6154765.53131698,-6413300.56067046,581517888.718295,492104715.336947,-199916816708.598,199405108781.603,0.00922807711249973,0.05,0.184561542249995,-0.0268646736047187,0.282262756085185
0.216,20.0139380765252,6.72692566315283,4.5950881900208,237.29817182821,-245.424384888093,2577.55906433623,-45167.4973214104,-181447.936664187,6636325.01168098,-5821493.29094272,381601072.010685,691509824.098265,-199879639842.884,199264649375.367,0.0139380765252497,0.05,0.278761530504994,-0.0342374756929133,0.262806766794591
0.217,20.018403204025,6.96548213666707,4.32820034508453,239.784067148778,-287.218447843214,2393.32393535774,-38373.685047032,-186890.464268184,6917986.26377022,-5030351.14215678,181721432.167328,890774473.460897,-199650472590.008,198671357264.478,0.0184032040249775,0.05,0.368064080499551,-0.0405701896111399,0.243095825008729
0.218,20.0225816890209,7.20643151547342,4.02295396046314,242.08314623134,-322.11117162261,2204.07503590404,-31398.1131459438,-191442.316280732,6999882.45964254,-4040240.99006365,-17929040.4243273,1089445830.721,30409094309.1519,14607120248.8158,0.0225816890208641,0.05,0.451633780417282,-0.0456660429329197,0.223258937411101
0.219,20.0264386459337,7.44958463292514,3.68630988577137,244.190872250905,-350.011064666484,2010.7947820635,-24402.1270241293,-194935.399835393,6997157.96637279,-2943491.59921826,12480053.8858687,1104052950.9746,-20071395594.0367,-198662638899.445,0.0264386459336592,0.05,0.528772918673184,-0.0493840607710446,0.203387148491012
0.22,20.0299461748927,7.69474829961232,3.32526430338807,246.1037530978,-370.913369006563,1814.5633676438,-17402.0742634134,-197359.97539894,6999602.32246164,-1938769.96769339,-7591341.70900772,905390312.089855,-14028952741.4837,-199255115427.413,0.029946174892693,0.05,0.59892349785386,-0.0516511038298757,0.183534640712257
0.221,20.0330833737356,7.94172636755032,2.94681606448173,247.819349413552,-384.817491872053,1616.37660334998,-10408.6057705973,-198879.259396492,6984996.50438189,-1133007.21331726,-21620294.4496193,706135196.687828,72705459161.5685,-199388954051.522,0.0330833737355753,0.05,0.661667474711507,-0.0524680191150509,0.163724275425676
0.222,20.0358363372512,8.19032071712073,2.55795814089844,249.336125313393,-391.734173378751,1417.04022167329,-3422.30183691402,-199692.430503807,6999728.93951306,-526566.493655207,51085164.7096185,506746242.673143,-198634304909.922,-199324291239.687,0.0358363372511548,0.05,0.716726745023095,-0.0519086411312543,0.143955358611151
0.223,20.0381981497292,8.4403320624785,2.16567991140823,250.653251012122,-391.656372981198,1217.16066045106,3569.86396746809,-199998.844591331,6951496.95176771,-119482.396601923,-147549140.200298,307421951.482642,-199573180371.76,-198845435621.357,0.0381981497292188,0.05,0.763962994584375,-0.0501117705197355,0.124211835052785
0.224,20.0401688845727,8.69156055798684,1.77695924229699,251.770403488747,-384.643667610453,1017.14502642696,10414.3241524063,-199997.756918177,6704161.22138153,88516.8370700837,-347122320.567942,108576515.899326,-199682472342.998,-196457037109.287,0.0401688845726582,0.05,0.803377691453164,-0.0472668651888295,0.104469938952667
0.225,20.0417555338741,8.94380620534898,1.39862396956399,252.6875672764,-370.943436670542,817.201438303518,16911.6438014459,-199887.694662663,6257197.66464208,98864.8344147946,-546804792.903189,-87880521.2009607,-199696904850.469,-71508324263.5464,0.0417555338740563,0.05,0.835110677481126,-0.0435956652941436,0.0847045603402144
0.226,20.0429717606172,9.19686906201599,1.03715477344219,253.404837087254,-351.002648873389,617.345549791116,22862.1562521607,-199844.688142879,5610544.41931366,-24769.8489179276,-746501697.742898,-159388845.471721,-199659967159.107,177604012588.804,0.0429717606172062,0.05,0.859435212344124,-0.039332632942206,0.0648937296868616
0.227,20.0438374517021,9.45054926231599,0.698485525401088,253.922251003497,-325.467956526606,417.469312083488,28066.1731614091,-199919.551745754,4764212.7379912,-95356.6880952535,-946161664.888875,18215167.1077047,-199548021207.692,86250389664.0955,0.0438374517021458,0.05,0.876749034042916,-0.0347063361092812,0.0450209198383109
0.228,20.0443780712938,9.70464692434814,0.38780360464386,254.239746124646,-295.185685108025,217.508711621205,32324.0470634206,-199991.425785333,3718277.06249848,-34016.3261555298,-1145709686.08169,104465556.776732,-199193371942.547,-130118321541.249,0.0443780712937816,0.05,0.887561425875631,-0.0299235807241056,0.0250756802851237
0.229,20.0446238145029,9.9589620921963,0.109350258092744,254.3572567224,-261.201750851672,17.51226700229,35436.2703875539,-199994.89572007,2472970.69044551,5390.0698506059,-1344903058.00818,-25652764.7594673,-192704583194.928,38961110939.8291,0.0446238145028524,0.05,0.892476290057047,-0.0251578000532107,0.00505401707438911
0.23,20.0446085614976,10.213294772634,-0.133778839258451,254.274771695699,-224.761174986344,-182.482585763929,37204.6721184624,-199995.838514079,1031715.34083987,-782.139438954865,-1537607641.18643,13308346.1770607,199001819950.361,70166937558.832,0.0446085614975864,0.05,0.892171229951728,-0.0205427766834427,-0.015040942214158
0.231,20.0443686333023,10.4674449705724,-0.339828134247723,253.992292199562,-187.288621395317,-382.473673667537,37500.7506087003,-199978.27199084,-406391.390371376,47609.6755175179,-1338605821.21923,83475283.7374561,199523111520.894,-164637141564.365,0.0443686333022733,0.05,0.887372666045465,-0.0161722288963336,-0.0351989973875922
0.232,20.043941383173,10.7212126986733,-0.508488224776109,253.509839431008,-150.205853989185,-582.421088154132,36458.3101596391,-199916.364197053,-1645235.65583016,48766.3884727934,-1139082709.68178,-81161857.8244797,199675224498.72,-39442358109.5527,0.0439413831730349,0.05,0.878827663460697,-0.0121048972612308,-0.0554038622265653
0.233,20.0433637906412,10.9743980094665,-0.640784927443431,252.827464578058,-114.751688974882,-782.328239564746,34276.8123530509,-199914.752463846,-2684480.75326258,-52116.6484064583,-939407485.167153,-120604215.93411,199743527564.702,195417514330.897,0.0433637906411874,0.05,0.867275812823749,-0.00837294191312068,-0.0756345125421155
0.234,20.0426712232683,11.2268009878938,-0.738883101152759,251.94516687946,-81.9653622658352,-982.281008658926,31155.918445132,-199994.601634497,-3524016.47464738,-75012.1071751155,-739663957.587498,74813298.3933345,199778823159.985,198659415571.96,0.0426712232683002,0.05,0.853424465366004,-0.00499118903323057,-0.095867364049662
0.235,20.0418963974199,11.4782216796087,-0.805886994793082,250.862880840684,-52.6864052668165,-1182.2923699882,27295.3664622173,-199999.097189875,-4163791.02065488,99130.8990041963,-539885134.413767,273472713.961285,199796888169.259,199300908138.245,0.0418963974199187,0.05,0.837927948398374,-0.00196601207842871,-0.116079295423829
0.236,20.0410685387386,11.7284600877672,-0.845640512255467,249.580618499458,-27.554590300472,-1382.18801873832,22894.932355717,-199730.013115868,-4603777.71098402,472254.067034601,-340088246.232159,472773622.09727,199803746665.089,199396822683.783,0.0410685387385747,0.05,0.821370774771495,0.000697018226513346,-0.136249920902991
0.237,20.0402127423737,11.9773163478153,-0.8625274379988,248.098665543718,-7.00990301864895,-1581.59480101595,18154.411146061,-198988.139434004,-4843964.08388363,1044726.10047376,-140284499.556254,672170444.779947,199801528592.39,199283349849.884,0.0402127423737006,0.05,0.804254847474013,0.00298744446816725,-0.156361836864113
0.238,20.0393495329971,12.2245911006766,-0.86127164299569,246.417780461802,8.70747039910616,-1779.94024551926,13273.6050671647,-197574.114219499,-4884347.81914369,1816538.22017865,59517029.0453381,871453794.629392,199790061448.532,198740811514.556,0.0393495329970577,0.05,0.786990659941154,0.00488672292509394,-0.176398645303833
0.239,20.0384946246167,12.4700860652233,-0.84673728327412,244.539393882295,19.5571456473179,-1976.45256746233,8452.31410611846,-195288.725633421,-4724935.75937408,2787362.42056532,259307090.50143,1070194606.14371,199766836541.78,47155155282.0087,0.0384946246167388,0.05,0.769892492334776,0.00636779402707175,-0.196340965667205
0.24,20.0376588801923,12.7136048098243,-0.823729000720599,242.465806496825,25.6985333402554,-2170.16728131956,3890.32636475215,-191958.406717237,-4365745.25060176,3881134.60435003,459073927.049151,1117349761.42519,199725352078.332,-198792829300.81,0.037658880192275,0.05,0.753177603845501,0.00739743010832083,-0.216160850117559
0.241,20.0368484710438,12.9549537103613,-0.796792135991432,240.200351767552,27.4908212904686,-2360.00717880885,-212.594363645177,-187551.729370392,-3806808.64751344,4899087.95112482,658799279.131876,918556932.12308,199649283210.574,-199354150545.026,0.0368484710438111,0.05,0.736969420876221,0.00794109732721457,-0.235815288705785
0.242,20.0360652360372,13.1939430114238,-0.770012966322938,237.747421850643,25.4929412029913,-2544.96457780452,-3656.72849105742,-182226.588644964,-3048184.72677627,5717967.80797539,858448562.34541,719202781.57546,199488579546.483,-199503649671.949,0.0360652360371816,0.05,0.721304720743632,0.00796982723913656,-0.255240259001974
0.243,20.0353072405106,13.4303878238519,-0.746818989106542,235.112325277408,20.4635071330391,-2724.22062806722,-6242.4408400697,-176182.27005448,-2089991.87465762,6337418.76471487,1057937141.89357,519699131.899109,198991685922.46,-199520299718.934,0.0353072405106367,0.05,0.706144810212734,0.00746840416377135,-0.274347514670041
0.244,20.0345695348786,13.664108943216,-0.729779295443486,232.301089742241,13.3606845328439,-2897.1558855631,-7770.29886279329,-169618.255107102,-932558.889802822,6757357.74675452,1256928827.81659,320178832.173474,-31341350270.8348,-199382239295.063,0.0345695348785888,0.05,0.691390697571777,0.00644405486476524,-0.293025512412468
0.245,20.0338451124506,13.8949334692536,-0.720407076016118,229.320262634687,5.33228847351781,-3063.35040625136,-8079.61689706609,-162734.038317478,308699.262878349,6977845.45928046,1225587477.54539,120796592.869139,-198980909270.414,-198000129348.52,0.0338451124505923,0.05,0.676902249011846,0.00493478445590664,-0.311144529717352
0.246,20.033126047716,14.1226952258201,-0.719013738191205,226.176711566717,-2.39700508372496,-3222.58363907904,-7191.28738029324,-155728.794583321,1434796.28578854,6999641.98747534,1026606568.2739,-77203536.4837263,-199474966221.14,143283918754.869,0.0331260477160384,0.05,0.662520954320769,0.00301636878920996,-0.328565427560716
0.247,20.0324047049893,14.3472349819751,-0.72472614131423,222.877428114569,-8.70810468330644,-3374.81950976135,-5276.43363807108,-148743.873710963,2361665.37095187,6994080.41036904,827131602.051176,66080382.2706268,-199634452994.564,-121379927442.63,0.0324047049892542,0.05,0.648094099785084,0.000806267813198665,-0.345151154055037
0.248,20.0316748504089,14.5684005014908,-0.73564605176782,219.429404089877,-12.6741684710531,-3520.06038736699,-2534.47487492588,-141736.983097366,3088979.74650576,6999470.82891835,627497149.054711,-55299545.1699392,-199709185164.331,108121881614.98,0.0316748504088551,0.05,0.633497008177102,-0.00153750590511874,-0.360779569103239
0.249,20.0309325785202,14.78604654389,-0.749048146286146,215.839640386308,-13.5678918305353,-3658.3023465623,834.968581913341,-134747.141727431,3616622.30297831,6998232.2245559,427787963.888352,52822336.4420626,-199748871811.339,-103104841451.324,0.0309325785202397,0.05,0.618651570404793,-0.00382325294529117,-0.375355128895154
0.25,20.0301770395701,15.0000348671355,-0.761579623551729,212.115132182651,-10.861636972733,-3789.54586448971,4632.19338820073,-127739.682474897,3944535.83096099,6999502.1402723,228039092.075028,-50282505.0058513,-199769558836.143,99382500048.6767,0.0301770395701197,0.05,0.603540791402395,-0.00583758249460841,-0.388817821833817
0.251,20.0294109671394,15.2102342278033,-0.76945990433872,208.262881793705,-4.22749288523518,-3913.79003537441,8657.45383872663,-120748.75783712,4072690.14361795,6998910.88529079,28269533.2370842,49099995.0388436,-199777334504.613,-96960214019.4187,0.0294109671394018,0.05,0.588219342788037,-0.00736131023020136,-0.401148560544811
0.252,20.0286410060517,15.4165203816817,-0.768680375551827,204.289885102398,6.46269355866733,-4031.03519444524,12710.9825265457,-113741.456989981,4001071.00960272,6999530.77331992,-171507801.269034,-47860218.9763522,-199773972652.504,95054259743.2309,0.0286410060516609,0.05,0.572820121033217,-0.00818766404323621,-0.412370521887518
0.253,20.0278778405251,15.6187760836572,-0.755204156521371,200.203144565872,21.1373030410481,-4141.28090215751,16593.0039734052,-106750.013949526,3729676.22200744,6999197.68421519,-371281773.922674,47194040.7621663,-199758191965.052,-93674131416.8482,0.0278778405250826,0.05,0.557556810501652,-0.00814099814462891,-0.422546365593827
0.254,20.0271361225529,15.8168910879989,-0.725165873527952,196.009656375496,39.5249415719153,-4244.52735468023,20103.7462764571,-99742.8316001668,3258515.35210223,6999554.65926892,-571039965.888464,-46480090.6497786,-199724615345.264,92562591044.0766,0.0271361225529461,0.05,0.542722451058921,-0.0070941889433194,-0.431771643423251
0.255,20.0264342005105,16.0107621482806,-0.675071430636253,191.716423032152,61.1544503379159,-4340.77429885786,23043.4542097242,-92751.0898877163,2587613.07854114,6999355.86414119,-770764581.234084,46082500.3889161,-199658613654.735,-91729127760.9156,0.0264342005104581,0.05,0.528684010209162,-0.00498303700525323,-0.440165094262029
0.256,20.025793647998,16.2002930175443,-0.601997763360918,187.330440903365,85.354931214583,-4430.02185244373,25212.408562039,-85743.9809613417,1717019.19047969,6999573.80064964,-970423194.888858,-45646627.366437,-199514422390.254,91056762154.1438,0.0257936479980074,0.05,0.515872959960149,-0.00181631143833254,-0.447856802870949
0.257,20.0252385929473,16.3853944482525,-0.503792554916157,182.858712512947,111.255799071893,-4512.26986024418,26410.9637513424,-78752.0543473505,646838.7843957,6999455.55436029,-1169937617.27895,45410134.7816571,-199061260930.898,-90554361261.6338,0.025238592947268,0.05,0.504771858945361,0.00231948619976979,-0.454975404579252
0.258,20.0247948470452,16.5659841923891,-0.379273873740186,178.308234338934,137.786898393456,-4587.5183915569,26439.6568502766,-71744.986119144,-622629.463348698,6999588.50851111,-1368998878.20964,-45144226.473745,-41540082380.5924,90158529985.5438,0.0247948470452499,0.05,0.495896940904998,0.00726103647262273,-0.461635589619835
0.259,20.0244888358216,16.7419870014326,-0.228428306272833,173.686008922724,163.685343195694,-4655.76735085409,25125.6046007594,-64752.9433022064,-2012398.38274864,6999523.54703015,-1410538960.5902,45014303.5050669,199051885677.463,-89877498951.9234,0.02448883582165,0.05,0.489776716432999,0.0127746386249466,-0.467927120947303
0.26,20.0243463424601,16.9133346264193,-0.0525726741811266,168.999032814104,187.57795260698,-4717.01677489463,22441.1120519949,-57745.8921865833,-3323411.4005001,6999599.10105924,-1211487074.91313,-44863195.4399374,199503610174.793,89672803339.7083,0.0243463424601451,0.05,0.486926849202902,0.018567601744762,-0.473906413413976
0.261,20.0243911506538,17.0799658179307,0.14562311647401,164.254308570951,208.163757096751,-4771.26660836309,18545.2077157337,-50753.7792160218,-4435146.67032584,6999572.30728918,-1011983464.73946,44809607.8923374,199639740382.381,-89552237246.6078,0.0243911506538481,0.05,0.487823013076962,0.02430425174653,-0.479591462456219
0.262,20.0246437535635,17.2418263261317,0.362279784026591,159.458832789174,224.331045889127,-4818.51686450069,13637.3426031015,-43746.7274776619,-5347310.2648741,6999605.79655819,-812343724.359272,-44742629.3466415,199689331468.428,89490492338.3078,0.0246437535634598,0.05,0.492875071269196,0.0296265640920029,-0.484960573150799
0.263,20.0251202424644,17.3988689007686,0.592506099287229,154.619608043389,235.167663127945,-4858.76751741443,7917.14203129216,-36754.5779137216,-6059809.32349915,6999608.41338073,-612654392.894515,44747862.9835084,199688406802.548,-89495221184.7864,0.0251202424644035,0.05,0.502404849288069,0.0341784609735154,-0.489954966086625
0.264,20.0258313945991,17.5510532911887,0.830598502040155,149.743630957133,239.961111782347,-4892.01856211184,1584.28691247909,-29747.5114390476,-6572619.51299239,6999608.66577182,-412965986.097571,-44747358.1929137,199615221810.997,89548686075.4588,0.0258313945990629,0.05,0.516627891981258,0.0376315534655581,-0.494484958164234
0.265,20.0267819606818,17.6983462463476,1.07024077726436,144.837904122523,238.198578574936,-4918.26999591578,-5161.54638992735,-22755.3516713606,-6885777.88818446,6999635.65061666,-213350764.294698,44801327.8736363,199186494350.666,-89658759249.7167,0.0267819606818023,0.05,0.535639213636045,0.0397098109054382,-0.498439072174865
0.266,20.0279701520822,17.8407215148134,1.30470372329582,139.909424176292,229.566884217502,-4937.52179865549,-12120.8019112012,-15748.2584833498,-6999535.40530382,6999607.59886541,-14164269.9558705,-44857431.3669511,28189473132.0562,89812331441.1929,0.0279701520821938,0.05,0.559403041643876,0.0402107714446455,-0.501695152950296
0.267,20.029387327388,17.9781598447813,1.52704326208481,134.96519372905,213.945128453396,-4949.77398739749,-19122.7212059614,-8756.11087826195,-6999604.93869369,6999656.33321908,14025203.1883726,44954900.0645512,-5226837652.96254,-90017942293.2457,0.0293873273879868,0.05,0.587746547759735,0.0390212707882425,-0.504132383002336
0.268,20.0310178645537,18.1106489840663,1.73026096996475,130.012209418587,191.324724527065,-4955.02652837341,-26116.1846826702,-1748.9800853938,-6988193.15433177,6999602.26213698,8798365.52311573,-45063042.2187647,-40528551925.3375,90265428428.9988,0.0310178645537249,0.0504421861955035,0.614919116183944,0.0361260927298039,-0.505643018499677
0.269,20.032839144031,18.2381836801235,1.90736293217694,125.057473875146,161.714220971825,-4953.27945677527,-33106.7334128951,5243.13489370432,-6999659.06477135,6999671.93413274,-31730186.3909697,45202386.1997241,67688613942.0852,-90564592025.3176,0.0328391440310085,0.051958523590067,0.632026119335047,0.0316080622446502,-0.506142706384046
0.27,20.0348215544621,18.3607656800295,2.05135641860207,120.107983726548,125.105190021056,-4944.53272570815,-40110.9761352054,12250.3139222651,-6997544.94419125,6999592.02431978,35958427.541247,-45362205.8148201,-76234277037.0703,90907183010.9415,0.0348215544620558,0.0542937662206232,0.641354558469165,0.0256388196243731,-0.505578398004767
0.271,20.0369284869425,18.4784037305096,2.15524072606818,115.170741623953,81.4982580567891,-4928.7863883421,-47103.247578466,19242.376040845,-6999703.65516856,6999683.41001046,-40275849.4872586,45544977.1847448,82909230271.0878,-91305124895.4122,0.0369284869425073,0.0572139758050723,0.645445215489349,0.0184609593623902,-0.50393311806553
0.272,20.0391163343816,18.5911135779078,2.21201975582861,110.252744174379,30.8919005603988,-4906.04038414695,-54109.2709533335,26249.6144186309,-6998524.88952025,6999575.82474747,42633380.7762175,-45760147.6989952,-87690039919.6917,91751402998.7249,0.0391163343816423,0.0605212710034006,0.646323742596952,0.0103635397065015,-0.501227165853569
0.273,20.0413344905043,18.6989179682204,2.21469164575432,105.360994051348,-26.7131810259221,-4876.29478553214,-61101.0941591194,33241.6020700277,-6999736.5287039,6999691.37854787,-45056659.136797,45991255.2874242,91858573455.4967,-92261403624.7293,0.0413344905042834,0.064050588852775,0.645341303563871,0.00165337462215493,-0.497515674683418
0.274,20.0435253501403,18.8018466470544,2.15626018303507,100.502487829553,-91.3178254520544,-4839.54951678882,-68108.0492551495,40248.9121756143,-6998863.90111293,6999551.9320229,46801914.3126413,-46270148.3246592,-95394725570.5344,92828869064.4088,0.0435253501403068,0.0676665047910339,0.64323331424788,-0.00737503017197405,-0.492882814390701
0.275,20.0456243087073,18.8999363596685,2.02972301077326,95.6842282065069,-162.921481118977,-4795.80467246909,-75099.411320035,47240.8005116513,-6999759.34958557,6999696.21823047,-48592811.2524463,46558720.7264281,98742104529.52,-93474908889.6802,0.0456243087072963,0.0712601373678829,0.640250080795652,-0.0164679765608526,-0.487433240602363
0.276,20.0475597624845,18.9932308509172,1.82808399559458,90.9132117113344,-241.524756661365,-4745.06015884946,-82107.0100578256,54248.1969387625,-6998981.10857324,6999517.48451203,50149293.2719395,-46916188.1495267,-101883799309.486,94193655265.2126,0.0475597624845356,0.0747461607865411,0.636283683122617,-0.0254367399889375,-0.481281659284305
0.277,20.0492531082523,19.0817808653012,1.54434047758052,86.1964410673234,-327.127144216278,-4687.31609779756,-89097.8971529815,61239.9552717431,-6999773.71495605,6999698.12399514,-51734506.0327076,47277467.1012218,105121993216.712,-95016058742.9618,0.0492531082523158,0.0780599454560782,0.630965189183087,-0.0341751198281142,-0.474541542633227
0.278,20.0506187435659,19.1656441468944,1.17149647625021,81.5409127416256,-419.729170561402,-4622.57237288849,-96106.0177887515,68247.4561194975,-6998947.22438039,6999467.56172485,53387487.1791605,-47738591.626778,-108441843709.847,95936331006.5993,0.0506187435658809,0.0811548437416301,0.623730405138036,-0.0426687366348497,-0.467314107391602
0.279,20.0515640664587,19.244885439405,0.702549126387204,76.9536294851016,-519.330282458012,-4550.82914207301,-103096.344910161,75239.0437739093,-6999780.65905617,6999697.1356014,-55054356.5257869,48197739.3640227,112303217173.958,-97003435081.4225,0.0515640664586634,0.0839996351633693,0.613860600208292,-0.050995287308816,-0.459678621338419
0.28,20.0519894757593,19.3195764860802,0.130502683290794,72.4415876809985,-625.931014123115,-4472.08625858462,-110104.935544618,82246.6725400117,-6998683.40699496,6999393.15742468,57248860.6428726,-48805695.700961,-116692431724.022,98211370718.9762,0.0519894757592745,0.0865761423700414,0.600505801437335,-0.0593158340933912,-0.451684967728056
0.281,20.051788370816,19.3897960297813,-0.551645832911048,68.0117901090845,-739.530612079153,-4386.34393160815,-117094.443259913,89238.0314113716,-6999780.76221411,6999693.14708324,-59443571.0752893,49405675.0005836,123462646723.084,-99644859432.1098,0.0517883708160412,0.0888770264035824,0.582696934310954,-0.0678580991287336,-0.44334915898292
0.282,20.050847151955,19.4556298128565,-1.35089174471323,63.6712330369197,-860.12970870511,-4293.60197121331,-124103.368699878,96245.8199193824,-6997493.00992784,6999276.39236773,64019075.6405436,-50239184.4132308,-132829837403.744,101297380592.332,0.0508471519550433,0.0909037670106641,0.559351428737582,-0.0768934758361711,-0.43465220345666
0.283,20.0490452202479,19.5171705772359,-2.27423782606445,59.4269192725945,-987.726688640605,-4193.86066557105,-131090.990478219,103236.859616308,-6999888.85298919,6999685.89825071,-68810761.7530462,51058196.1595524,199564176230.38,-103328729198.579,0.0490452202478942,0.0926648311664675,0.529275450357072,-0.0867100863338476,-0.42554238888034
0.284,20.0462549786207,19.574518064254,-3.32867786217492,55.2858449175179,-1122.32077683163,-4087.11975867009,-138092.024016047,110244.853157772,-6968917.52662705,6999079.72981092,130753414.491344,-52270533.0182377,199855766564.545,105731402565.198,0.0462549786207056,0.0941740304654991,0.491164903870725,-0.0975845346308295,-0.415940723134694
0.285,20.0423418360283,19.6277790147735,-4.52119902375421,51.2550128018893,-1263.86714005167,-3973.37967192792,-144962.255541001,117235.4195215,-6738236.22885343,6999674.89807534,330609181.069165,53460869.5244487,199896210344.042,-108730702459.308,0.0423418360282888,0.0954490657429972,0.44360660524742,-0.109755103250545,-0.405748957473275
0.286,20.0371642653313,19.6770671689231,-5.85865488977254,47.3414187736706,-1412.13508316818,-3852.64003525852,-151501.871144263,124243.703070594,-6307678.94261225,6998770.41637007,530505391.425166,-55269832.9104613,199905962674.811,112697802389.174,0.0371642653313273,0.0965102551026215,0.385080997784222,-0.123398488027714,-0.394859386799269
0.287,20.0305740344665,19.7225032662739,-7.34756841807108,43.5520656879409,-1566.69404680342,-3724.90146287692,-157510.979730717,131233.621537573,-5677220.56984967,6999849.48465426,730411354.110254,57427969.4522467,199901975089.264,-199465508090.144,0.0305740344665431,0.0973794396015919,0.313968067506144,-0.138611128437756,-0.383165442837483
0.288,20.0224166370085,19.764215045362,-8.99393205852029,39.8939484080521,-1726.91357234443,-3590.16665633176,-162789.677627664,138228.940755605,-4846858.22819478,6957544.70006143,930313329.207814,-142037538.661977,199884055204.759,-199817021356.841,0.0224166370085328,0.0980790590341354,0.228556811507856,-0.15539663840171,-0.37057205113027
0.289,20.0125319226286,19.8023372370347,-10.8030078506352,36.3740482295283,-1891.96329836237,-3448.4909418586,-167138.065182054,145082.163849442,-3816602.87138459,6715598.65072103,1130197384.41862,-341854560.03911,199838737618.178,-199868701114.516,0.0125319226285683,0.0986313886600656,0.127058158653324,-0.17366047912225,-0.357004800760703
0.29,20.0007549274551,19.8370114968437,-12.7791275251937,32.9992017265434,-2060.81297213533,-3300.1162823065,-170356.26290496,151593.523769958,-2586486.11815687,6273809.74012466,1330036122.04035,-541723261.170279,199690405245.997,-199882054700.622,0.000754927455147936,0.099057925927529,0.00762107068242316,-0.193212301667313,-0.342417584180057
0.291,19.986916904324,19.8683861626326,-14.9254926275493,29.7759036036124,-2232.23248497882,-3145.48446929579,-172244.449227889,157563.158203713,-1156604.79349354,5632145.45160406,1529726527.28717,-741605315.884149,92159085191.32,-199878452812.286,0.0130830956760093,0.0993789154367718,0.131648605929225,-0.21377563576829,-0.326799088962137
0.292,19.9708465527295,19.8966158127425,-17.2439755980161,26.7101068384722,-2404.79644222036,-2985.23716752129,-172620.830910207,162791.187921907,419201.276389316,4790600.90931377,1621885612.47636,-941483768.706495,-199685670540.093,-199858151276.427,0.0291534472705415,0.099613001620853,0.292667089598458,-0.23500389246671,-0.310177763283266
0.293,19.9523714394768,19.9218606243465,-19.734946674298,23.8070228044425,-2576.9456784599,-2820.21592052932,-171423.96777267,167077.737254988,1941244.05359563,3749188.06496906,1422199941.93097,-1141341919.98997,-199834752583.804,-199805631966.04,0.0476285605231936,0.0997769976793769,0.477350107048151,-0.25650113312528,-0.292624795931448
0.294,19.9313195417611,19.9442855319071,-22.397223202933,21.0709213962791,-2747.17031733015,-2651.46213813004,-168804.929540207,170222.953421301,3263526.61923471,2507943.32899606,1222365189.33851,-1341147551.96015,-199880142332.801,-199632762314.124,0.0557144680928694,0.0998271618757105,0.558109306585682,-0.277846190432696,-0.274254845827712
0.295,19.9075207451336,19.9640591857702,-25.2282027977206,18.5049311806816,-2914.14808436844,-2480.21705566819,-164963.533683358,172027.050847264,4385951.73740682,1066979.39587885,1022485046.99348,-1540780314.27557,-199898021830.849,-69833155813.6346,0.0359408142297681,0.0996891710375103,0.360528770133364,-0.298619382865501,-0.255224478069713
0.296,19.8808081653624,19.9813527111184,-28.2240607192533,16.1108406992348,-3076.75655709284,-2307.91622155706,-160099.655759427,172312.001226703,5308487.77348488,-508717.496303545,822587025.146669,-1610613470.08763,-199901989804.501,199639798025.956,0.0186472888816205,0.0994884155190363,0.187431760615913,-0.318430464157375,-0.235728485064635
0.297,19.8510192708527,19.9963382780322,-31.3799497476597,13.8889302468314,-3234.07320037757,-2136.11869633215,-154413.191471669,171031.250295027,6031123.8037293,-2019511.0673782,622685035.322289,-1410973672.05713,-199892597858.678,199813777576.924,0.0036617219678412,0.0992090111587206,0.0369091670713556,-0.336945300492973,-0.215994371951163
0.298,19.8179968051811,20.0091875585118,-34.6902000770398,11.8379334650295,-3385.37537796639,-1966.32403827564,-148104.040583256,168339.554687883,6553862.54012226,-3330577.85064687,422792437.43968,-1211159894.47254,-199855481460.723,199867111264.691,0.00918755851183306,0.0988331674588535,0.092960275867492,-0.353908700629937,-0.196274826526218
0.299,19.7815895097315,20.0200702379602,-38.1485192139907,9.95517530836248,-3530.14034918506,-1799.84330469941,-141372.091071324,164436.708075211,6876727.23683158,-4441804.18948707,222936955.950913,-1011292783.19681,-199647271211.493,199888650911.588,0.0200702379602014,0.0983413679988782,0.204087439178498,-0.369161226319942,-0.176837302196839
0.3,19.7416526464385,20.0291527045087,-41.7481918621981,8.23676958554343,-3668.04523911494,-1637.78771882257,-134417.169901719,159522.572269278,6999840.55717675,-5353152.64722809,23289684.7075906,-811404132.270482,-46833259130.113,199894448304.239,0.0291527045087392,0.0977126612984897,0.298351351005418,-0.382648422936671,-0.157950564656726
0.301,19.698048320884,20.0365969377977,-45.48227846605,6.67781881802112,-3798.96055850973,-1481.06862796383,-127413.490045377,153797.033297299,6999713.61231921,-6064609.55534646,-23543574.3904531,-611509683.947418,45601885751.6228,199885657164.556,0.0365969377976612,0.0969250742422338,0.377579672585018,-0.394421664625617,-0.139869338741354
0.302,19.6506456180788,20.0425595976297,-49.3437797516188,5.27261412457159,-3922.87621559943,-1330.39748915602,-120417.947905961,147459.983176174,6998970.98080464,-6576176.4107116,22058311.3287847,-411624026.759504,-42592233188.5922,199847245799.344,0.0425595976297188,0.0959561590031016,0.443531692721706,-0.404630515943171,-0.122818568564175
0.303,19.5993206223097,20.0471913125131,-53.3256978818519,4.01483511196445,-4039.79277630613,-1186.28587122128,-113415.046475024,140711.302626383,6999733.17553905,-6887876.81457144,-20533921.8270267,-211776780.931845,40022779733.5964,199622163565.867,0.0471913125130712,0.094783684554387,0.497884343016785,-0.41350676395063,-0.106978826702961
0.304,19.5439564170719,20.0506361680903,-57.4210320812617,2.89774975203154,-4149.70971089785,-1049.04548554237,-106418.90979711,133750.807781941,6999210.6435789,-6999842.51372035,19488857.8732133,-12154617.3327839,-37903808809.1683,24630123181.4605,0.0506361680902643,0.0933864844673503,0.542221589977163,-0.421340845040971,-0.0924742774290438
0.305,19.4844430853936,20.0530313951731,-61.6227842157852,1.91441272871807,-4252.62734655553,-918.795598531878,-99416.2720260625,126748.992980085,6999747.59704745,-6999682.06946233,-18414950.9020404,12475505.8159421,36017197223.6896,-24166766954.1548,0.0530313951731003,0.091745471009932,0.578027390227899,-0.428452857403258,-0.0793643357083284
0.306,19.4206777096785,20.0545072433511,-65.9239535409055,1.05782533135986,-4348.54531322498,-795.545374284314,-92419.7290382623,119751.520869039,6999341.24475734,-6999289.94712354,17602246.2870597,-11691261.1056927,-34370683816.4524,22557367387.6039,0.0545072433511464,0.0898448238257049,0.606682066146495,-0.435161054689228,-0.0676399243670344
0.307,19.3525643719308,20.0551869628784,-70.3175417147758,0.320988869958758,-4437.46387004495,-679.294507042155,-85417.3151176645,112750.144852595,6999758.14913608,-6999702.52453535,-16768437.494194,10866106.2498325,32861024253.2775,-21058741897.2279,0.0551869628784409,0.0876733598430126,0.629461024161255,-0.441750908957333,-0.0572253884694629
0.308,19.2800141536242,20.0551868045921,-74.7965480408693,-0.303096904554556,-4519.38273161826,-570.043279881777,-78420.4643499002,105752.365590869,6999420.22376861,-6999365.78923421,16092586.7231841,-10192635.6153905,-31494322690.7445,19699757516.0352,0.0551868045921466,0.0852260891471492,0.647534166408393,-0.448447752106302,-0.0479866868628395
0.309,19.2029451358729,20.0546160197435,-79.3539740265582,-0.821430823213244,-4594.3021160219,-467.791475134944,-71418.2468865521,98751.1867767479,6999765.64914634,-6999708.54609151,-15401735.9310541,9507121.8689957,30213070759.0743,-18349754203.8242,0.0546160197434986,0.082505959518414,0.661964542468102,-0.45539560623622,-0.0397451616771369
0.31,19.1212823993176,20.0535768601125,-83.9828190283833,-1.24101307991651,-4662.22178816189,-372.539322684036,-64421.1465935784,91753.1734992246,6999470.44859491,-6999376.3013245,14811334.7908247,-8842632.30317485,-29022277566.6096,17032981884.0499,0.0535768601124502,0.0795257900519488,0.673704216927013,-0.462644190400042,-0.0322954732657849
0.311,19.0349580242649,20.0521645778754,-88.6760844361518,-1.56884260515091,-4723.1419402369,-284.286601399928,-57419.1075238495,84752.2147120635,6999770.64460234,-6999702.44268557,-14210942.7380135,8190349.54953782,27885711881.0845,-15641139438.6414,0.0521645778754305,0.0763103918983833,0.683584195778919,-0.470145260538973,-0.0254259089603772
0.312,18.9439110905847,20.0504674257303,-93.4267696614561,-1.81191950542731,-4777.06236902421,-203.033524565041,-50421.7947319696,77754.0005875806,6999502.55780496,-6999332.66285543,13674769.1046431,-7450789.85774719,-26807657747.075,14197961314.8911,0.0504674257302931,0.0728988715692822,0.692293647952142,-0.477758526684915,-0.0189390557177139
0.313,18.8480876778288,20.0485666567808,-98.2278759977062,-1.97724277735345,-4823.9832503348,-128.779840525395,-43419.9227325705,70753.308856683,6999773.49803597,-6999684.47205566,-13132888.6034769,6747171.42611309,25762799095.183,-12570821849.1344,0.0485666567807641,0.0693471095983189,0.70034147150585,-0.485266447934127,-0.0126708258955446
0.314,18.7474408651356,20.0465365246858,-103.072402913009,-2.07181240122781,-4863.90440168312,-61.5257731603007,-36422.4218789875,63754.9028333665,6999522.00898018,-6999222.71155419,12629910.4521404,-5823650.3920249,-24754960782.4081,10785894903.9484,0.0465365246858198,0.0657304045229062,0.707990845691547,-0.492396359201657,-0.00650600121327264
0.315,18.6419307313356,20.0444442835466,-107.95335161868,-2.10262741292845,-4896.8259890292,-1.27100287868313,-29420.7107415786,56754.5659457678,6999774.43904102,-6999653.41449416,-12125050.290236,4962244.48131782,23764655000.3155,-8615843674.61001,0.0444442835465821,0.062146269305095,0.715156099369242,-0.498847681974756,-0.000388831355817497
0.316,18.5315243548597,20.0423501881029,-112.863721641182,-2.07668760683776,-4922.74784319897,51.9842044072624,-22423.0380518483,49755.9576795694,6999531.71625104,-6998999.09185022,11639604.6694925,-3653599.16285288,-22795449294.0481,6090921047.73936,0.0423501881029189,0.0587173643428615,0.721254923085927,-0.504321512359438,0.0056722874495352
0.317,18.4161958138363,20.0403074936101,-117.796514119771,-2.00099202497042,-4941.67012526892,98.2403073962764,-15421.4857748119,42756.1469416464,6999773.59627341,-6999607.23048913,-11155844.5835728,2437321.85497314,21830814210.7216,-2680182193.16125,0.0403074936101362,0.0555945482778392,0.725026011699844,-0.508549674994129,0.0116064290425665
0.318,18.2959261860007,20.0383624561288,-122.744728641902,-1.88254016613566,-4953.59267393573,137.496945268935,-8423.65163179702,35757.3116750532,6999533.15879529,-6998509.99973081,10674969.5856734,-242860.308664351,-20874224895.0643,-1585098085.54905,0.0383624561287874,0.0529600247963376,0.724366279591325,-0.511320426778899,0.017287820291252
0.319,18.170703548787,20.0365543323775,-127.701366281959,-1.72833100672968,-4958.51564958585,169.754895421873,-1422.26002569183,28758.4160621544,6999771.01593333,-6999545.40908218,-10199255.2675977,-1827958.42298605,19910207961.8619,8658023647.27272,0.0365543323775199,0.0510305606779634,0.716322374120127,-0.512498348518116,0.0225487591146843
0.32,18.0405229792365,20.034915380236,-132.65942669211,-1.54536349822267,-4956.43889438741,195.013594870967,5575.72973060089,21759.3996778024,6999526.86464677,-6997044.3556816,9710952.65204751,6830065.25235539,-18942293231.6331,-18960272687.8449,0.0349153802359758,0.0500607474034296,0.69746022676409,-0.512036565487222,0.0271964560895965
0.321,17.905386554087,20.0334708585879,-137.611910887054,-1.3406362510084,-4947.36257199454,213.274820704017,12576.9550227013,14762.6103092994,6999766.67068289,-6999694.4267731,-9231340.53713597,-12130207.4626534,17954511759.1134,198564992854.033,0.03347085858789,0.05,0.6694171717578,-0.509980200604226,0.0310320997242734
0.322,17.7653033496779,20.032239028702,-142.551818588781,-1.12114559161482,-4931.28652408855,224.543835640301,19575.0984417416,7789.94494427098,6999512.58602542,-6912542.13780874,8723171.17917918,186434785.368673,-16950592174.854,199529947083.2,0.0322390287020404,0.05,0.644780574040809,-0.506460837154963,0.0338702843848871
0.323,17.6202894420389,20.0312311671595,-147.472150756011,-0.89384944299331,-4908.21092176655,228.916895727937,26576.1475146603,1003.8751903273,6999760.46111706,-6626342.37889847,-8227420.95273507,385964732.432776,15912458399.3668,199644492917.102,0.0312311671595076,0.05,0.624623343190152,-0.501682638581818,0.0355570045880538
0.324,17.47036790679,20.0304516708719,-152.365907187486,-0.665517254488973,-4878.135602239,226.680245705001,33574.4463417004,-5396.21074020183,6999489.26936412,-6140555.40000715,7685037.40342362,585609225.334381,-14844192307.4012,199655778068.653,0.0304516708718836,0.05,0.609033417437672,-0.495901583157303,0.0359852672222325
0.325,17.3155688192312,20.0298983436716,-157.226088788504,-0.442532475851892,-4841.06074893101,218.319677793338,40575.3040977144,-11210.6855645303,6999752.21061374,-5455118.28563845,-7159154.86072535,785265003.391154,13723515835.4821,199607360373.53,0.0298983436715829,0.05,0.597966873431659,-0.489399915941457,0.0351077020120559
0.326,17.1559292542345,20.0295628821104,-162.045695443957,-0.230692944422684,-4796.98619010724,204.520627560126,47573.7639835364,-16239.9034550777,6999454.81367086,-4570049.60206053,6564360.93132131,984872363.756384,-12555042431.5056,199464783683.414,0.0295628821104117,0.05,0.591257642208234,-0.482458366537756,0.0329451525081177
0.327,16.9914932863372,20.0294315608936,-166.817728007384,-0.03501124493026,-4745.91212778342,186.168155730838,54574.4084706004,-20284.2727446463,6999741.65338632,-3485444.84646244,-5990681.45680753,1184337147.43497,11309057780.7376,198985849718.895,0.0294315608936024,0.05,0.588631217872049,-0.475328859313529,0.0295904662729846
0.328,16.8223119896223,20.0294861179322,-171.535186462696,0.140484872597601,-4687.83837572224,164.346841164794,61573.0396262212,-23144.3847091051,6999405.50081999,-2201614.77416803,5318376.28045906,1383322997.15231,-9990925018.44553,-18152036389.0819,0.0294861179321941,0.05,0.589722358643883,-0.468210368431294,0.0252071753588982
0.329,16.6484434378172,20.0297048385952,-176.191071612684,0.292950072858647,-4622.76516323804,140.331446566781,68573.439161011,-24657.3633240954,6999728.41459111,-827367.795210266,-4672548.69468078,1365170960.7647,8557810705.80868,-199003272206.454,0.0297048385952401,0.05,0.594096771904802,-0.461230223027109,0.0200232551361446
0.33,16.4699527041576,20.030063821456,-180.778383558316,0.420870166956146,-4550.69228205234,115.479636035675,75572.2576030384,-24835.3128509582,6999334.77124945,438301.529451206,3885261.96781895,1166167688.56241,-7016106275.95806,-199486324596.746,0.0300638214559612,0.05,0.601276429119224,-0.454432617325132,0.0143204569485326
0.331,16.286911861496,20.0305383199244,-185.290123052357,0.524052124824504,-4471.62000185771,91.0495233007922,82572.365654225,-23847.1751979923,6999711.98007918,1504726.05571524,-3130844.265103,966681363.972141,5298661712.69143,-199639811257.891,0.0305383199244176,0.05,0.610766398488352,-0.447775348795437,0.00841927914633859
0.332,16.0993999821394,20.0311039927557,-189.719290339023,0.603467463001668,-4385.54808124319,68.1075063659356,89571.3953224564,-21892.3817621678,6999230.46667053,2371587.51405844,2167817.40463741,767041552.722601,-3413265008.46722,-199710019271.171,0.0311039927557069,0.05,0.622079855114137,-0.441135003844321,0.00265946917018054
0.333,15.9075031379735,20.0317379701711,-194.058886122315,0.661054338965406,-4292.4768516038,47.520437368835,96571.1408203271,-19170.5584749604,6999691.65157083,3038774.05714545,-1245447.56125368,567331533.461188,1243419045.0895,-199745738967.935,0.0317379701710543,0.05,0.634759403421086,-0.434319975765411,-0.00262289699603431
0.334,15.7113144002605,20.0324197207002,-198.301910829769,0.699517933787537,-4192.40602072309,29.9554984389217,103570.416984624,-15881.4096075795,6999067.91353222,3506232.72112267,-2028.55857910891,367585794.503923,1201195873.43814,-199762558957.317,0.0324197207001831,0.05,0.648394414003661,-0.427089956707992,-0.00711963047694509
0.335,15.5109338397859,20.033131718359,-202.441365120758,0.722130751013448,-4085.33602006989,15.8801460510189,110569.684083188,-12224.6777490317,6999666.48291026,3773937.23614793,1199167.35681694,167823235.557684,-4152349136.88561,-199766209940.224,0.033131718358991,0.05,0.66263436717982,-0.419179920262847,-0.0105735722839798
0.336,15.3064685265927,20.0338599101038,-206.470249672346,0.732532875730229,-3971.2664758985,5.5620838671942,117569.258091587,-8400.12326342876,6998789.47569873,3841877.3667355,-2953181.82182457,-31942974.3715609,7597832657.25143,-199758063889.495,0.0338599101037644,0.05,0.677198202075289,-0.410326213020575,-0.0127984259853202
0.337,15.0980325301608,20.034593983534,-210.381565114023,0.734532215336322,-3850.1979986896,-0.930747794669941,124567.837281817,-4607.51039452778,6999635.21020543,3710055.3604192,4644650.87669948,-231701038.250668,-12104981939.7965,-199736246597.001,0.034593983534009,0.05,0.69187967068018,-0.400292182443104,-0.0136933926634391
0.338,14.8857469190269,20.0353274348329,-214.168312495553,0.731904736307919,-3722.13007406838,-3.73016969241657,131567.777320469,-1046.5949276672,6998227.37011233,3378486.19887003,-7460331.10422581,-431437284.838343,17658297707.0702,-199694303346.317,0.0353274348329364,0.05,0.706548696658729,-0.388890863634443,-0.0132512495650751
0.339,14.6697397610122,20.0360574369479,-217.82349247343,0.728194709591085,-3587.06369068889,-3.16774833090443,138565.217574647,2082.89024489221,6999596.18786154,2847201.76235853,10197966.6436256,-631131588.176829,-26170064330.7643,-199615204829.977,0.0360574369479423,0.05,0.721148738958846,-0.376002543555257,-0.0115591684481275
0.34,14.4501461225947,20.0367845080269,-221.340106749138,0.726514979474807,-3444.99806577848,0.225236896763451,145565.551068441,4581.25701235699,6996709.12233989,2116262.57176671,-15972097.7281466,-830746793.000857,37615750200.3484,-199446139999.208,0.0367845080268765,0.05,0.73569016053753,-0.361585572334901,-0.0087922845332379
0.341,14.2271080691864,20.0375119801437,-224.711156273237,0.72934727887467,-3295.93525484216,5.7178571401367,152560.543433615,6248.90516428982,6999544.89971181,1185792.70876625,21643652.5134924,-1030192932.99632,-43511573327.299,-198921149755.1,0.0375119801437016,0.05,0.750239602874032,-0.345679437209175,-0.00520073183578773
0.342,14.0007746638105,20.0382452683805,-227.929644126326,0.738342638395869,-3139.87314466541,12.3796714551786,159563.658230695,6886.44788159855,6999432.76556176,56139.2008923863,-21867920.8557711,-1229114082.75014,-198942042192.188,19304057876.6872,0.0382452683804502,0.05,0.764905367609003,-0.328399921072818,-0.00109148695131951
0.343,13.7713019682393,20.0389909407175,-230.988571438764,0.754123838160697,-2976.82170395709,19.0901409255963,166519.000028796,6331.24738409524,6878093.82360988,-1163322.85291941,-220809963.080343,-1209810024.87481,-199466915167.455,198930947554.706,0.0389909407174684,0.05,0.779818814349369,-0.309926875918756,0.00319315217036172
0.344,13.5388530235852,20.0397556065549,-233.880998156378,0.776136964689597,-2806.90876979839,24.6463806683022,173253.444385003,4596.17467666424,6557550.4029458,-2273667.40401686,-420276878.270864,-1010879077.32417,-199520429223.276,199454526621.397,0.0397556065549374,0.05,0.795112131098747,-0.290486117608762,0.00729849121033237
0.345,13.3035977160697,20.0405447298541,-236.600206453126,0.802662030325759,-2630.45490970943,27.9455524017331,179567.602943942,1850.31015508899,6037513.31006329,-3184819.21803033,-619797307.508808,-811424550.709546,-199423419812.452,199623605503.271,0.0405447298540871,0.05,0.810894597081742,-0.270328193489787,0.0108805527617815
0.346,13.0657124562165,20.0413615338583,-239.139898795896,0.830969788803387,-2447.98015897079,28.0765331726272,185261.980363614,-1706.95073737865,5318004.29264824,-3896431.96598823,-819220727.328585,-611800945.215626,-198989580263.348,199703065271.336,0.0413615338582751,0.05,0.827230677165502,-0.249706824362439,0.013628750451773
0.347,12.825379658818,20.0422060902475,-241.494397423082,0.857519613783204,-2260.20400448117,24.3277205888072,190137.209362553,-5875.99933176244,4399288.77518798,-4408381.37856819,-1018210307.59304,-412097879.955994,-155424404963.656,199745623357.594,0.0422060902475465,0.05,0.84412180495093,-0.22885924493194,0.0152868259392666
0.348,12.5827870235302,20.043074607547,-243.65884332872,0.878159098285141,-2068.04332846574,16.1871703217746,194001.488916449,-10457.1387130819,3303366.26511311,-4720606.44684538,-1173634712.55276,-212352256.612112,199003167358.523,199768344037.387,0.043074607547009,0.05,0.86149215094018,-0.207990332805867,0.0156701779539887
0.349,12.338126620255,20.0439589191877,-245.629382594772,0.888323748231073,-1872.57747040344,3.34266002320461,196751.205019845,-15250.6265642265,2229233.1362396,-4833074.5314388,-974631545.186499,-12583912.5899882,199473970595.347,199777783626.167,0.0439589191877161,0.05,0.879178383754322,-0.187261981896965,0.0146779466390773
0.35,12.0915938258322,20.044846171287,-247.403251871176,0.883236723021243,-1674.86577599081,-14.3182770514808,198526.368045256,-20056.6967546885,1354338.57635077,-4745769.5522157,-775157574.580886,187193871.019939,199599963190.803,199776007037.325,0.0448461712870483,0.05,0.896923425740965,-0.166788234458742,0.0122987438460212
0.351,11.8433862790493,20.0457187101833,-248.978659374949,0.858108600520583,-1475.78311492126,-36.7083356037629,199526.394494846,-24675.5733702205,678980.983365287,-4458687.6776771,-575557611.378649,386969878.040739,199618571483.797,199762002740.81,0.0457187101833121,0.05,0.914374203666242,-0.146634948395132,0.00860955165494838
0.352,11.5937030062876,20.0465541697414,-250.354588447206,0.808337152012638,-1276.00483876273,-63.5404344166357,199950.866434435,-28907.4824417528,203232.657728539,-3971836.79826595,-375939039.883741,586731880.765555,199521874848.469,199730784028.283,0.0465541697413876,0.05,0.931083394827752,-0.126822495856348,0.00376798174297456
0.353,11.3427437461776,20.0473257584333,-251.530597982088,0.72970711511653,-1076.00669909455,-94.3277244949764,199999.383218027,-32552.6648356303,-72945.444730963,-3285239.52548626,-176417165.026633,786462664.779301,199010483436.392,199668544733.056,0.0473257584332565,0.05,0.94651516866513,-0.107330916905931,-0.00200126848730897
0.354,11.0907084738433,20.0480027461851,-252.506622839443,0.618589951412583,-876.06489935616,-128.383612460085,199871.39760469,-35411.3949379369,-149857.368039397,-2398942.58834043,22593318.4152254,986131209.500314,196404243668.342,199531987625.363,0.0480027461850838,0.05,0.960054923701676,-0.0881069906125467,-0.00842437315840703
0.355,10.8377971246706,20.0485511509666,-253.282774438136,0.472143569225437,-676.256481372182,-164.821809657995,199765.57093647,-37284.016590255,-29061.9277899987,-1313045.38502744,218997562.08689,1185663197.11726,-147334407052.757,199103407837.209,0.0485511509665848,0.05,0.971023019331696,-0.0690725124322178,-0.0151989468876802
0.356,10.5842095166629,20.0489346250711,-253.859145080584,0.288511972135929,-476.475080739467,-202.556442432761,199821.452055215,-37971.0464754163,116268.430770515,-27830.4839915805,71663155.0358863,1384766604.95092,-180176454251.24,111530383561.812,0.0489346250710625,0.05,0.97869250142125,-0.050132966816634,-0.0220151925292565
0.357,10.3301454428087,20.0491155408446,-254.235688572731,0.0670239960070712,-276.591057961867,-240.305962616847,199943.522654461,-37287.9052596708,97843.3586807834,1412701.31274024,-108513299.215094,1496296988.51534,52193986834.7089,-199099950346.85,0.0491155408445643,0.05,0.982310816891285,-0.0311860257597502,-0.0285755656877081
0.358,10.0758047858723,20.049056268258,-254.412295648578,-0.191629782556318,-76.6145244283956,-276.646430220109,199995.808361338,-35160.2387777292,15427.0528830487,2809448.32608214,-56319312.3828761,1297197038.17864,82629170222.6091,-199534708839.608,0.0490562682579991,0.05,0.981125365159983,-0.0121304851527074,-0.0346111360416725
0.359,9.82138751588433,20.0487205828074,-254.388911355712,-0.485335703770375,123.383053789501,-310.194059274718,199996.847286407,-31735.4477173629,422.325611473926,4006878.00984097,26309857.8366277,1097662329.35816,-147714129175.826,-199667073571.513,0.0487205828073982,0.05,0.974411656147964,0.00712387937625361,-0.03989369491894
0.36,9.56709362889495,20.048075036649,-254.1655299426,-0.810685601946006,323.378342459725,-339.751443727049,199985.805519402,-27213.0163884366,-47124.8811398086,5004706.80241336,-121404271.342061,897995255.816237,150500650186.059,-199718583470.682,0.0480750366489531,0.05,0.961500732979061,0.0266470778311011,-0.0442441099642293
0.361,9.31312311632483,20.0470901555505,-253.742170355867,-1.16317368400225,523.326622353847,-364.32076244597,199903.061944292,-21792.5983886921,-93278.8273888409,5802842.76649424,29096378.8404898,698276672.387119,159398857025.065,-199727009433.538,0.0470901555505421,0.05,0.941803111010842,0.0464820498907869,-0.0475374960602363
0.362,9.05967592303424,20.0457414367048,-253.11890520834,-1.53739617479468,723.194535900049,-383.103881964724,199850.897782495,-15673.9051209083,15516.9799641796,6401255.93416458,188495235.863263,498549663.008679,-194131232324.968,-199686017396.183,0.0457414367048159,0.05,0.914828734096318,0.0666404179269835,-0.049704981906326
0.363,8.80695192552439,20.0440101468602,-252.295776401178,-1.9272510245603,923.076519243913,-395.502387758721,199928.307175003,-9056.65535813731,106946.599664957,6799962.58847514,-5635996.46264454,298863645.68275,-198628403067.277,-199490460463.944,0.0440101468601526,0.05,0.880202937203052,0.0871015369142867,-0.0507319482196024
0.364,8.55515101290051,20.0418839207367,-251.272719793984,-2.32613762274897,1123.04908420263,-401.117563317441,199999.33104259,-2140.50935689665,1996.40166867476,6999081.0039259,-204264399.530717,99373185.3061238,-199367893881.194,-197509044534.825,0.041883920736673,0.05,0.83767841473346,0.107815693353122,-0.0506529533155853
0.365,8.30447314897442,20.0393571597551,-250.049680883943,-2.72715643268161,1323.00706238398,-399.750199518228,199865.967262182,4875.3400655946,-301951.94480264,6999699.66696472,-403632293.412537,-98135859.2333365,-199477357690.498,154506059783.814,0.0393571597550881,0.05,0.787143195101763,0.128709906320044,-0.0495438807772687
0.366,8.0551182663941,20.0364312318224,-248.626809643576,-3.12330514707473,1522.64647006838,-391.38492784305,199328.952944393,11851.722812908,-805322.91706043,6978816.83762329,-603109651.101665,56370200.5483944,-199393919634.312,-71106758936.4683,0.03643123182243,0.05,0.7286246364486,0.149694285313553,-0.0475121004341523
0.367,7.80728596261961,20.0331145006457,-247.004659708706,-3.50759932124147,1721.46393519916,-376.037364359349,198188.842881844,18846.8736243174,-1508129.52797926,6999633.65870344,-802503570.731097,-14736558.3853361,-198967065979.243,25263715513.8191,0.0331145006457163,0.05,0.662290012914326,0.170668026049943,-0.0446853462801467
0.368,7.56117499654958,20.0294223153437,-245.184387802696,-3.87304704673905,1918.75667242757,-353.692077343724,196246.300390837,25843.3496230817,-2410116.63169998,6997528.95807502,-1001470636.70055,10527157.1260658,-179586132672.875,-16331699947.9317,0.0294223153436661,0.05,0.588446306873323,0.191524453855331,-0.0411991373981996
0.369,7.31698258578316,20.025377021104,-243.167952890672,-4.21265089197437,2113.62351997433,-324.348889202682,193305.517418676,32843.4202097295,-3501380.33473698,6999890.26522711,-1181056769.35739,-5804542.81940243,198945049586.54,-199674090687.361,0.0253770211040028,0.05,0.507540422080055,0.212154635813377,-0.0371833947861686
0.37,7.07490350678191,20.0210079609992,-240.958307728201,-4.51941332856018,2304.9897938079,-288.014811037663,189246.766207526,39807.1291884334,-4582964.57930111,6894248.67706403,-982111719.747308,-205478633.508386,199454470908.672,-199887523286.415,0.0210079609992384,0.05,0.420159219984768,0.232449250329661,-0.0327498555753049
0.371,6.83512903621408,20.0163514600491,-238.55949763792,-4.78638576095034,2491.7897030422,-244.803132596139,184205.988180171,46565.3239615298,-5465349.06359409,6588826.28191244,-782657248.806353,-405366156.79875,199590553231.359,-199922160803.683,0.0163514600491368,0.05,0.327029200982736,0.252298927886932,-0.0279815868738659
0.372,6.59784590045776,20.0114507044799,-235.976546779763,-5.00682665017511,2673.14089008891,-195.019286609519,178382.57558438,52918.1468049097,-6148211.03578478,6083499.04471185,-583066695.532811,-605288317.607612,199616667282.189,-199932914492.647,0.011450704479941,0.05,0.22901408959882,0.271594673784179,-0.0229264399736285
0.373,6.36323539379507,20.006355436027,-233.215261934694,-5.17439983337192,2848.36049973404,-139.168602206306,171976.100645377,58665.679538403,-6631469.39767651,5378244.26985791,-383450028.19745,-805221232.105783,199538935845.153,-199933745873.275,0.00635543602697908,0.05,0.127108720539582,0.290229890191345,-0.0175958111127718
0.374,6.13147269556405,20.0011214466034,-230.282032943797,-5.28337443880063,3016.96527146496,-77.9563346440685,165186.16272291,63607.9909012297,-6915149.95795139,4473056.16481549,-183911092.2872,-1005154977.9842,198969300439.838,-199925899771.335,0.00112144660341684,0.05,0.0224289320683368,0.308104075140988,-0.0119689057848527
0.375,5.90272638689548,19.9958098730445,-227.183633120848,-5.32882481617144,3178.67149774779,-12.2876717355705,158212.218768889,67545.1485937583,-6999576.40001869,3367938.23694562,15058208.2297508,-1205080877.75971,-29809514236.9807,-199902637493.834,0.00419012695550691,0.05,0.0838025391101382,0.325127823807632,-0.00600202589026743
0.376,5.67715816666157,19.99048629192,-223.927021730769,-5.30683046815492,3333.38519595504,56.7322698874982,151215.203220614,70277.2292855753,-6999422.94890724,2062906.04043899,-14751306.0832762,-1404983515.25633,30699976180.6306,-199823362434.528,0.00951370807999652,0.05,0.19027416159993,0.341228625650238,0.000358086326370843
0.377,5.4549227483396,19.985219614419,-220.519195862499,-5.21467597214555,3481.09950831595,127.798462301018,144213.521281363,71604.3396746472,-6998824.26690039,558010.843965389,15948670.1723028,-1604806877.69196,-33324930133.1514,57402515374.7916,0.0147803855809521,0.05,0.295607711619041,0.356356704715134,0.00715819627680185
0.378,5.23616784628695,19.9800807816835,-216.967155677433,-5.05104872681277,3621.81488703689,199.416731356548,137217.117194527,71369.5141656624,-6999538.06179448,-1018094.77603918,-17376260.0342672,-1547404362.31645,35692458451.2571,199840889889.775,0.0199192183165238,0.05,0.398384366330475,0.370489444154189,0.0144214159363483
0.379,5.02103417582979,19.9751412811953,-213.277899248049,-4.81617973068514,3755.53082634304,270.027624111263,130214.839745792,69611.0240234465,-6999068.09260329,-2465578.69341074,18316198.489168,-1347563472.42416,-37683223509.0764,199920856750.345,0.0248587188046976,0.05,0.497174376093952,0.383633248011313,0.022130818286771
0.38,4.80965545294054,19.9704716034216,-209.458427064033,-4.51181200681749,3882.24761460805,338.189594912013,123218.649215182,66504.9837366151,-6999593.50586849,-3713181.73745973,-19367025.0905183,-1147642615.66966,39478807667.3669,199945617069.341,0.0295283965784101,0.05,0.590567931568202,0.395822552681885,0.0302165720731091
0.381,4.60215839436892,19.9661398063664,-205.515737201703,-4.14103493588537,4001.96488418319,402.655045078378,116215.951998047,62251.3049608316,-6999221.12712549,-4760851.54459472,20111782.6461662,-947696998.594881,-41048898377.1911,199956032670.558,0.0338601936336289,0.05,0.677203872672578,0.40711612839658,0.0385494340222639
0.382,4.39866271741089,19.9622102681741,-201.456830382458,-3.70808553464942,4114.68286721077,462.376306268886,109219.945279183,57049.9309223839,-6999633.79366775,-5608570.52685432,-20937115.7987571,-747740965.918082,42494689607.5351,199959620256.283,0.0377897318259492,0.05,0.755794636518985,0.41759105619736,0.0469419309020455
0.383,4.19928114001925,19.9587426394626,-197.288704666496,-3.21814851420234,4220.40127668597,516.50566008474,102216.925375884,51100.8165159458,-6999323.56466291,-6256331.68264426,21557573.8751772,-547781345.655425,-43798588507.417,199957200472.138,0.0412573605373758,0.05,0.825147210747517,0.427335002394319,0.0551571339669245
0.384,4.00411938062553,19.9557909956058,-193.018360947804,-2.67715632569905,4319.12030826741,564.395345418807,95221.0808334085,44603.9203605516,-6999665.28504128,-6704134.42806361,-22241014.6970385,-347824145.177639,45022431290.6255,199942212368.002,0.0442090043941654,0.05,0.884180087883308,0.436437556886723,0.062924079584822
0.385,3.81327615823634,19.9534031889721,-188.652797261522,-2.09158920229978,4410.83972555723,605.597558800336,88217.7987795678,37759.1975619594,-6999395.08409316,-6951987.46705725,22781416.6570128,-147881932.805861,-46153320484.2966,199807463843.601,0.0465968110278645,0.05,0.93193622055729,0.444981495333464,0.0699582530905881
0.386,3.62684319228821,19.9516204011204,-184.199014637806,-1.46827520595028,4495.5597006426,639.864440951305,81222.1021837231,30766.570372472,-6999690.32767814,-6999965.6679413,-23371903.8890925,51925531.0370625,47232054983.5084,-72793800911.6051,0.0483795988796274,0.05,0.967591977592548,0.453034810806327,0.0759850800810259
0.387,3.4449052027347,19.9504768945559,-179.664011081354,-0.814192583772669,4573.28003034754,667.136649670272,74218.5979132649,23780.4351698959,-6999446.20407563,-6984437.03736004,23860151.1548103,-20868269.8736081,-48248630900.033,10699451645.5176,0.0495231054440666,0.05,0.990462108881331,0.460644285317366,0.0807640985955002
0.388,3.26753990992294,19.9499999425199,-175.054787734315,-0.136330569666225,4644.00087149109,687.421834087311,67223.0403462839,16787.3472395385,-6999710.36837069,-6999955.58141089,-24388479.8039811,-10168818.2289999,49231864408.2809,20721417226.5518,0.0500000574800623,0.05,1.00000114960125,0.46783120272709,0.0841112418986838
0.389,3.09481803467484,19.9502098290322,-170.378342566965,0.558318027798792,4707.72204323433,700.70837212579,60219.3410487465,9785.76081854932,-6999482.91597067,-6999763.69102661,24843384.6616011,10552598.9976373,-50173779567.687,-21503817260.4015,0.049790170967789,0.05,0.995803419355781,0.474589597646552,0.08591603935659
0.39,2.92680329817842,19.9511198406052,-165.641676816664,1.26275291359074,4764.44369281513,706.995113873222,53223.9175285126,2787.68945747642,-6999726.42109278,-6999963.00065917,-25330394.9617303,-10951218.2626593,51096097321.3474,22051073657.5541,0.0488801593948303,0.05,0.977603187896605,0.480887174865666,0.0861513628087695
0.391,2.76355242206557,19.9527362639631,-160.851788415786,1.96997493919771,4814.16565440474,706.281915422323,46220.0419261596,-4214.07397337298,-6999508.76739397,-6999888.68209305,25765702.4137599,11099855.3941038,-51992300956.946,-22359953320.8447,0.0472637360368502,0.05,0.945274720737004,0.486668780488103,0.0848750026441936
0.392,2.60511512831348,19.9550583859124,-156.015678684909,2.67298344572881,4856.88806988515,698.568815419325,39224.7506264802,-11212.1393866577,-6999739.21545855,-6999968.80335937,-26226598.5956493,-11260097.9259151,52879898647.8101,22599285410.4292,0.0449416140876444,0.05,0.898832281752888,0.49186205141372,0.0822229844511002
0.393,2.45153413932092,19.9580784933468,-151.140345515021,3.36477924919338,4892.61078313333,683.855756585117,32220.7114281655,-18213.9716914136,-6999525.86473042,-6999929.25858007,26653300.1030766,11339187.4830483,-53753424989.4262,-22766346193.2745,0.0419215066532459,0.05,0.838430133064918,0.496384670149874,0.0783953603283749
0.394,2.30284517781645,19.9617818732102,-146.232790301206,4.0383616478531,4921.33393411985,662.14276153144,25225.5533093221,-25212.0257472865,-6999749.27712193,-6999973.24419365,-27100124.9355612,-11427158.708817,54628059760.5848,22903559451.5068,0.0382181267898076,0.05,0.764362535796153,0.500152495536552,0.0736359489687723
0.395,2.15907696693488,19.9661468125043,-141.300010889248,4.68673144908596,4943.05737227236,633.429798950767,18221.3586463595,-32213.8953109282,-6999535.37217732,-6999948.62317671,27527934.8726405,11476400.7406579,-55499084638.9662,-23008772099.1731,0.0338531874956516,0.05,0.677063749913032,0.503087771136472,0.0682080718871323
0.396,2.02025123012976,19.9711445982683,-136.349008742374,5.3028879287729,4957.78123875999,597.716883363034,11226.337394179,-39211.9405290866,-6999756.97962405,-6999976.60848564,-27971149.8122116,-11532371.3566026,56380765365.5513,23098865442.6187,0.0288554017316542,0.05,0.577108034633085,0.505126608285709,0.0623686951711198
0.397,1.88638269125154,19.9767395175845,-131.386781656703,5.87983189113109,4965.50538500469,555.003994920681,4221.99163387673,-46213.8335123458,-6999537.74675359,-6999959.54712093,28409615.5975815,11566494.0834875,-57268894805.5107,-23172160143.6714,0.0232604824154841,0.0504657500609688,0.460916213221493,0.50622502850175,0.0563435126934136
0.398,1.75747907446229,19.9828888575656,-126.42033115901,6.41056259826048,4966.22995649725,505.291143877237,-2772.88612087873,-53211.871839118,-6999762.57855866,-6999979.13310928,-28859279.2504105,-11605666.0578203,58178104606.4296,23237080998.7905,0.0171111424343842,0.0520273123796279,0.328887687096524,0.506362991916282,0.050305382210986
0.399,1.63354110431725,19.9895429053592,-121.45665499032,6.88808085315645,4959.95480329499,448.578316405697,-9777.38198829463,-60213.7809584254,-6999532.80550596,-6999966.2586677,29318825.396804,11631414.9379945,-59104506169.3685,-23292300494.1381,0.0104570946408487,0.05442079779832,0.192152542114542,0.505546048588099,0.0443581705982446
0.4,1.51456250567982,19.9966449481386,-116.502754737738,7.30538590863453,4946.68007868716,384.865520374651,-16772.1061321302,-67211.8135597089,-6999766.23319374,-6999980.99397678,-29785680.8115552,-11660885.5533664,60064538725.185,23342702092.3035,0.00335505186144758,0.0574069443787322,0.058443310260745,0.503804478144357,0.0385275116654538
0.401,1.40053000380856,20.0041312731067,-111.565628080352,7.65547856743824,4926.40562784749,314.152745449672,-23776.7544492754,-74213.7345461161,-6999519.64464279,-6999970.52848398,30278857.9508677,11681816.5355526,-61054463623.4569,-23387199235.1048,0.00413127310670802,0.0607833090954521,0.0679672292967862,0.501190036468316,0.0327592896698708
0.402,1.29142332427047,20.0119311674894,-106.652276663502,7.93135807576542,4899.1316161163,236.439998142135,-30771.3104088798,-81211.762032874,-6999768.01850357,-6999982.31156599,-30775605.7079939,-11705382.6963901,62094522967.8634,23429003047.3801,0.011931167489422,0.0643809987159588,0.185321255143321,0.497770652043692,0.0269258991874317
0.403,1.18721519303594,20.0199669185385,-101.769698095453,8.12602523674688,4864.85787970242,151.727270264833,-37776.117143076,-88213.6922019495,-6999496.36272771,-6999973.19273868,31318917.2934593,11723620.3472285,-63180967494.6992,-23467171486.8908,0.019966918538536,0.0680614528142098,0.293366034854422,0.493623617306094,0.0208395756548462
0.404,1.08787133638825,20.0281538135268,-96.9248940785999,8.23247929169395,4823.58460165729,60.0145676044152,-44770.484208406,-95211.7147797648,-6999767.92918152,-6999983.1581349,-31862050.2329499,-11743551.1361387,64341103868.5228,23504120590.6188,0.02815381352681,0.0717133059761305,0.392588420567041,0.488827952147685,0.0142714112367876
0.405,0.993350481029833,20.0364001397509,-92.1248621384419,8.24372104466004,4775.31160402198,-38.6981166746168,-51775.4596453925,-102213.652360039,-6999459.42748028,-6999974.64897572,32479053.6653979,11760569.4503693,-65571004584.0804,-23538961573.0767,0.0364001397508602,0.0752493532861835,0.483726944634667,0.48345669685811,0.00697413557365029
0.406,0.903604353985447,20.044607184527,-87.3766040339422,8.15274973328846,4720.03909571334,-144.410777054359,-58769.6080468041,-109211.669884554,-6999765.87610685,-6999983.56031189,-33091950.9465718,-11778392.1188429,66911159400.8342,23573845732.0926,0.0446071845270026,0.0786036402259803,0.567495149063833,0.477569880795938,-0.00129360189125168
0.407,0.818577682724815,20.0526692351942,-82.6871171911337,7.95256616310695,4657.76687736837,-257.123419540931,-65774.7680384841,-116213.613666639,-6999402.24735307,-6999975.02956468,33819208.4801871,11795453.6088158,-68357271828.7292,-23607833287.0566,0.0526692351942302,0.0817286950912048,0.644439937961253,0.471208846835819,-0.0107438285156957
0.408,0.738208195056026,20.0604735791107,-78.0634034253331,7.63616956903315,4588.49519652136,-376.836038473244,-72768.6535602352,-123211.625608283,-6999761.67478719,-6999983.4925994,-34538063.3724646,-11812379.6740547,69976177121.6561,23643295043.1747,0.0604735791106528,0.0845929190849492,0.714877554348544,0.464392461972164,-0.0215389898576105
0.409,0.662426619272536,20.0679005036567,-73.5124600384858,7.19656075874604,4512.22382145395,-503.548639420609,-79774.0215705218,-130213.574741547,-6999311.64959888,-6999974.22475185,35438113.771061,11830915.3643885,-71762978060.9955,-23679087684.93,0.0679005036567339,0.0871781462723061,0.778870698221119,0.457115564250727,-0.0337767669603351
0.41,0.591156684032051,20.0748232962322,-69.0412889011924,6.62673896527432,4428.9530602869,-637.261216084112,-86767.5746595787,-137211.580023234,-6999755.02485827,-6999982.85322994,-36324864.3097289,-11848172.3160538,73844380660.2433,23673807460.6162,0.0748232962321893,0.0894773827446208,0.836225802957871,0.449349763676499,-0.0474813833097778
0.411,0.524315118541829,20.0811082442597,-64.6568871522358,5.91970499903965,4338.6826308201,-777.973775820882,-93773.1847198152,-144213.541328047,-6999157.69883792,-6999994.12181567,37519516.3681697,11825635.1395539,-76214600094.0725,199984943328.143,0.0811082442596671,0.0914927315187755,0.8864993198178,0.4410464958144,-0.0626021657514967
0.412,0.461811652415995,20.0866146354891,-60.366256711864,5.06845994620654,4241.41294489532,-925.677010564879,-100766.285093818,-151174.291808407,-6999745.48251674,-6888176.01501205,-38695083.7414298,211810578.471253,79169696102.2498,199994203101.968,0.08661463548912,0.0932335070656834,0.929007587670167,0.432141996303701,-0.0790194060314305
0.413,0.40354901592704,20.0911947762488,-56.176394486307,4.06605825252428,4137.14363661701,-1080.25175552615,-107772.183168855,-157923.230167002,-6998855.71820708,-6576368.33498982,40474612.374191,411804781.582593,-82702706854.9816,199995781890.946,0.0911947762488374,0.0947145407774559,0.96283818197579,0.422563695877543,-0.0965566889570999
0.414,0.349422939831819,20.0946941177777,-52.0943024199712,2.90576764575399,4025.87532541172,-1241.38620257306,-114764.585365351,-164260.363480887,-6999732.45926035,-6064565.66246176,-42228094.4921529,611800563.486513,87854713261.3503,199996206911.029,0.0946941177777489,0.0959546763400284,0.98686297937359,0.412237387646463,-0.11499753034834
0.415,0.299322155758122,20.0969515682787,-48.1269770366965,1.58126765888761,3907.6074964141,-1408.56854894959,-121770.789419648,-169985.696160456,-6998033.19712185,-5352766.99551973,45626618.7789607,811796770.412092,-94617719630.976,199996100310.305,0.0969515682786763,0.0969754517060714,0.999753716770844,0.401094469866034,-0.134103898261804
0.416,0.253128396001302,20.097800004685,-44.2814201612263,0.0868496256150487,3782.34135242743,-1581.08699597553,-128761.778927319,-174899.232087386,-6999715.43815836,-4440972.17495249,-48991100.8612978,1011792870.73663,97815386930.8311,199995463126.162,0.097800004685034,0.0977999623803376,1.00000043256352,0.389078547050413,-0.153634655927394
0.417,0.210716394292544,20.0970669846281,-40.5646275436659,-1.58238332368967,3650.07562623873,-1758.02974886132,-135769.68735142,-178800.975249784,-6999798.84555426,-3329181.57265277,48824286.0786843,1211788333.87497,199591127962.213,199993800326.786,0.0970669846280892,0.0984518988273839,0.985933087977075,0.376150770952776,-0.173362130945002
0.418,0.17195388530652,20.0945756579456,-36.9835996966351,-3.43031626590861,3510.8224931426,-1938.28501710048,-142711.808865941,-181490.930355446,-6851178.99549447,-2017396.3386144,248415414.050854,1411782134.21026,199825663482.602,199988302215.855,0.0945756579456223,0.0989547492538739,0.955746527162463,0.362293395536149,-0.193085222377943
0.419,0.136701628436807,20.0901458786851,-33.5452629552312,-5.4596224900293,3364.73482341729,-2120.54101575734,-149405.475877163,-182769.104243254,-6502850.74970231,-505620.053296203,448241077.543406,1611770436.42949,199868218888.824,-70649027552.858,0.0901458786851386,0.099331157293794,0.90752872654561,0.347511472296459,-0.212637813995088
0.42,0.104813565041421,20.0835955164535,-30.2562943359267,-7.67156575951292,3212.16095685403,-2303.29724533107,-155650.89471828,-182480.613916262,-5954675.56271449,1070825.86935687,648109296.441741,1541121408.87359,199878045563.63,-199988593270.808,0.0835955164535207,0.0996024227419494,0.839291998650479,0.331833605817339,-0.231891737593816
0.421,0.0761371669351374,20.0747419458362,-27.1229226021505,-10.06586229397,3053.64907082242,-2484.993925603,-161248.20262518,-180672.558774681,-5206627.24349094,2511952.98159507,847987342.014073,1341132815.5922,199871400666.507,-199994103108.228,0.074741945836184,0.0997881344069284,0.749006345097024,0.315312269138682,-0.250754277453248
0.422,0.0505139845692908,20.0634035900671,-24.1507284054429,-12.6407196261914,2889.94721377423,-2664.19531883902,-165997.524297553,-177523.371735809,-4258704.20114361,3753088.74563317,1047858742.68811,1141138712.46492,199846818988.99,-199995788832.983,0.0634035900671357,0.0999059238341984,0.634632939007289,0.298023735842392,-0.269161731695367
0.423,0.0277803950803773,20.0494013511811,-21.3444444116758,-15.3930052352815,2722.00330745073,-2839.66028957493,-169698.991324188,-173233.046265416,-3110922.048961,4794229.5636816,1247705561.68311,941142923.603639,199785886842.821,-199996464019.244,0.0494013511811033,0.0999713273559648,0.494155199172273,0.280067642014305,-0.287071336820722
0.424,0.00776855021046906,20.0325598509691,-18.7077554342772,-18.3184454620773,2550.965130441,-3010.34769709102,-172152.762944501,-168001.577983936,-1763323.54385648,5635374.25527563,1447491448.53003,741146459.546304,199586513387.475,-199996632790.662,0.0325598509690863,0.0999977427214723,0.325605859522015,0.261566225343218,-0.304453096751573
0.425,-0.009692475917928,20.012708472119,-16.2430985971971,-21.411825504665,2378.18027040409,-3175.41639673088,-173159.076345194,-162028.96327102,-216038.838632703,6276522.39842662,1647077961.91933,541149826.707395,-142980985882.941,-199996314757.74,0.0159827830185476,0.1,0.159827830185476,0.24266331923594,-0.321282415653449
0.426,-0.0247753397005215,19.9896821993601,-13.9514664346945,-24.6671894147137,2205.1817300922,-3334.22524034513,-172575.406367182,-155515.198678366,1359548.63034516,6717674.06775515,1504096976.03554,341153511.891119,-199585467998.503,-199994933863.201,0.0247753397005215,0.0999960215921509,0.247763254037961,0.223523197667299,-0.337534242901174
0.427,-0.0376529089330703,19.9633222606114,-11.8322848088485,-28.0780400939815,2033.5284648084,-3486.33307619365,-170497.073493486,-148660.280343642,2763852.87238145,6958830.11271468,1304511508.03312,141158577.959288,-199780824463.554,-199985026750.525,0.0376529089330703,0.0999501696408725,0.376716808669356,0.204329118021556,-0.353179280856109
0.428,-0.0484967199343894,19.9334765681336,-9.88349154883161,-31.6375392903072,1864.62241213479,-3631.49874776115,-167114.261671165,-141664.201779739,3968473.9681828,6999996.17729872,1104730683.56217,-58826448.8681815,-199840319053.197,117566578338.597,0.0484967199343894,0.0998377286204676,0.485755441399807,0.18528026442131,-0.368182598580043
0.429,-0.0574755783724101,19.8999999601265,-8.10172049009142,-35.3387049443648,1699.66818254839,-3769.66785725335,-162626.729081044,-134674.024397151,4973284.49221838,6999953.01759965,904890364.497691,58740129.5460824,-199863277514.417,-117400683497.025,0.0574755783724101,0.0996374997159011,0.576846855213064,0.166585781660348,-0.382504751939348
0.43,-0.064754354742694,19.8627542675726,-6.48250075309326,-39.1745416858688,1539.67058313767,-3900.83700681563,-157234.30995283,-127664.26809536,5778243.21795887,6999992.8053974,705027086.967681,-58660554.024998,-199867160139.808,117278646946.702,0.064754354742694,0.0993259505134999,0.651937931707916,0.148456021238897,-0.396105027246285
0.431,-0.0704929795647344,19.8216083213443,-5.020456573823,-43.1380456281862,1385.43457151001,-4025.00616865736,-151136.864384744,-120674.059125817,6383336.72485665,6999971.57484558,505159926.807569,58618092.9942814,-199851295368.851,-117192526000.051,0.0704929795647344,0.0988775786347624,0.712931895562734,0.131091836587898,-0.408945348758595
0.432,-0.0748456384256793,19.7764379522785,-3.7095071621446,-47.2222206987143,1237.56524167155,-4142.17535533584,-144534.256245712,-113664.31059214,6788571.0039798,6999993.40484001,305308631.41334,-58574433.0765816,-199788962581.674,117119415025.314,0.0748456384256793,0.098265420764777,0.761668121330709,0.114672991889669,-0.42099394844869
0.433,-0.0779601668857302,19.7271259911899,-2.54306656380627,-51.4200630084372,1096.46783115966,-4252.34455165576,-137626.329086457,-106674.084501333,6993985.15410231,6999978.67927591,105519668.80107,58544982.018059,-199331501789.48,-117059645091.135,0.0779601668857302,0.0974617198244267,0.799905511888896,0.0993468229455261,-0.432228377308458
0.434,-0.0799776452368253,19.6735622688812,-1.51424349743605,-55.7245764754046,962.347775782504,-4355.51376680596,-130612.806014919,-99664.3432718955,6999839.07200861,6999993.83874856,-93811832.9937401,-58514663.1405439,172590228226.664,117006418103.599,0.0799776452368253,0.0964387618440032,0.829310162299626,0.0852182500362326,-0.442637572793706
0.435,-0.0810321925293153,19.6156436161385,-0.616037955385079,-60.1287572113147,835.226445257625,-4451.68299033519,-123631.10782137,-92674.105695032,6992322.3531282,6999982.38465965,78778395.229285,58491755.0290296,-142848123204.099,-116959969059.014,0.0810321925293153,0.0951698926716362,0.851447766247882,0.0723421031358267,-0.452222792585084
0.436,-0.0812509306416622,19.5532738637373,0.158540415058779,-64.6256091283263,715.098676340247,-4540.85222954435,-116623.204291162,-85664.3707610329,6999676.68675542,6999994.15515933,-64069727.9685562,-58468214.0940178,124840926952.858,116917254483.965,0.0812509306416622,0.093630722997214,0.867780660457784,0.060718762826248,-0.460997338527886
0.437,-0.0807539867962332,19.4863638424392,0.816492472810723,-69.2081283394727,601.969833809778,-4623.02147637811,-109634.755647232,-78674.1245038385,6998027.42226331,6999984.56830714,60771198.976351,58449040.4524815,-118260032482.351,-116878450305.599,0.0807539867962332,0.0918005282983906,0.879667996394841,0.0502947791526997,-0.468985112139551
0.438,-0.0796544899388399,19.4148313829969,1.36481281334207,-73.8693187526664,495.839292905504,-4698.1907370267,-102626.052630895,-71664.3951570211,6999668.60499846,6999994.38360697,-57488833.4968898,-58429409.9136408,112766970267.09,116841908980.991,0.0796544899388399,0.0896638482348512,0.888367959963146,0.0409687780872028,-0.476218157382267
0.439,-0.0780585704903834,19.3386013161503,1.81050423573298,-78.6021764824643,396.708191728632,-4766.36000481422,-95636.3339476012,-64674.1418268725,6998563.25663514,6999985.92818368,55278136.7600283,58412499.126371,-108379071756.775,-116807768760.237,0.0780585704903834,0.0872122877412922,0.895040968560961,0.0326019237395686,-0.482733441759905
0.44,-0.0760653596304217,19.257605472631,2.16056208780567,-83.3997054334608,304.575836637493,-4827.52928525102,-88628.1948012127,-57664.4176105839,6999651.85751676,6999994.54293007,-53100934.9859116,-58395269.6908165,104290685008.716,116775006370.62,0.0760653596304217,0.0844465196179916,0.900751860165658,0.0250318981183834,-0.488569198993871
0.441,-0.0737669896350936,19.1717826831593,2.4219890922489,-88.2549017218166,219.442963054419,-4881.69857250998,-81637.7116303546,-50674.1582014357,6998696.26503523,6999986.77642443,51189750.0113153,58379736.7352441,-100528642149.328,-116743735605.603,0.0737669896350936,0.0813784858052937,0.906467955321614,0.0180889806839007,-0.493761193880216
0.442,-0.0712485934467023,19.0810787784473,2.60178094404817,-93.1607692493846,141.308942488158,-4928.86787168953,-74630.1752640058,-43664.4388459094,6999621.69397185,6999994.645357,-49338892.1262313,-58363998.9236785,96723890654.4111,116713244130.895,0.0712485934467023,0.0780337917779648,0.913047947861243,0.0116126542630946,-0.498339274278692
0.443,-0.0685883050191923,18.9854465891964,2.70694015278165,-98.1103041339896,70.1743850845508,-4969.0371774942,-67639.1023676552,-36674.1739926572,6998644.74717286,6999987.26849864,47384998.5160961,58349245.2590187,-92914488534.779,-116683629987.827,0.0685883050191923,0.0744542856253424,0.921213660746568,0.00546710117177386,-0.50232454140015
0.444,-0.0658572589807878,18.8848459461003,2.74446262757869,-103.096510275123,6.03863115319512,-5002.20649479642,-60632.250869314,-29664.4593731917,6999572.50142153,6999994.69876387,-45529490.0066691,-58334384.7784444,88754568135.5067,116654341256.116,0.0658572589807878,0.0707008104197604,0.931492278373957,-0.000445890526907265,-0.505727406586307
0.445,-0.0631195910191516,18.7792436798422,2.72135057129182,-108.112383792345,-51.0977236067616,-5028.37581862023,-53640.6506848738,-22674.1894766057,6998420.29548265,6999987.48461336,43225078.1169195,58319956.5257785,-84303479092.6107,-116625466352.031,0.0631195910191516,0.0668561154397444,0.944110955355155,-0.00617784669071399,-0.508546711877091
0.446,-0.0604324375730608,18.6686136210978,2.6446000242598,-113.150928583045,-101.235472609202,-5047.54515375627,-46634.6684301819,-15664.4795914528,6999493.63405323,6999994.70796323,-41078400.964317,-58305509.872155,79006247858.26,116596529061.448,0.0604324375730608,0.0630279087346433,0.958820287493438,-0.0117291751188129,-0.510769987290598
0.447,-0.0578459363155362,18.5529366005325,2.52121274651157,-118.205140768611,-144.373948695564,-5059.71449539006,-39642.546288635,-8674.20488358001,6997918.35701807,6999987.46262169,37927846.8832693,58291019.2336513,-72964704348.637,-116567612832.928,0.0578459363155362,0.0593520304167551,0.974624387899732,-0.0170497687706756,-0.512374804928925
0.448,-0.0554032258380106,18.432200448804,2.35818481670294,-123.26802424451,-180.514254693938,-5064.88384835637,-32637.8247922339,-1664.49984681159,6999363.851727,6999994.67543898,-35036857.4560618,-58276593.6413965,64733165144.3357,116538259554.717,0.0554032258380106,0.0559957229760678,0.989418885826147,-0.022044507805255,-0.513331085159122
0.449,-0.0531404463451974,18.3063999965601,2.16251728984393,-128.332575134088,-209.65553982139,-5063.05320787027,-25645.190508378,5325.77957506789,6996693.57684312,6999987.21157484,29696307.6808197,58261665.9538761,-54219805740.0123,-116508551585.789,0.0531404463451974,0.0531609718562606,0.999613898874559,-0.026583081036,-0.513604117980863
0.45,-0.0510867393243334,18.1755370744404,1.94120605589409,-133.391797331009,-231.799693315364,-5054.22257893475,-18642.6854119849,12335.4795276908,6999279.98165392,6999994.60173592,-24523498.0542023,-58246885.6702006,31749885410.7184,116477998927.544,0.0510867393243334,0.0510878865400558,0.999977544271253,-0.0305130982118301,-0.513157997414017
0.451,-0.0492642487596867,18.0396205130746,1.70125080932407,-138.438686960753,-246.945503074371,-5038.3919566705,-11650.37553179,19325.7636864149,6990631.42630508,6999986.71552939,7226387.3537411,58231113.2940429,3094595283.12945,-116446686431.986,0.0492642487596867,0.0500580894934941,0.984141609441356,-0.0336752012034565,-0.511959129004786
0.452,-0.0476881210961614,17.8986661430843,1.44964555062844,-143.466247915257,-255.099229553719,-5015.56134638602,-4655.61514592795,26335.4581775214,6999405.11130039,6999994.48560753,10320982.6381919,-58215573.1723479,-196375186941.947,116414035507.965,0.0476881210961614,0.05,0.953762421923229,-0.0359186523239642,-0.509979469010153
0.453,-0.0463665096465574,17.7526967950804,1.19338387462098,-148.467476322374,-256.261604279759,-4985.73074297637,2316.22125886752,33325.7472157962,6911538.5004676,6999985.93018908,-186054204.303145,58198462.3684044,-198925224441.467,-116380137187.213,0.0463665096465574,0.05,0.927330192931149,-0.0371159322065456,-0.507199182860012
0.454,-0.0453005843885135,17.6017422996657,0.939422894104534,-153.435376072353,-250.528911355813,-4948.90015222409,9101.57845310965,40335.4356876403,6626021.68394372,6999994.32396395,-384979428.74341,-58181674.8492772,-199179652919.325,116344243378.117,0.0453005843885135,0.05,0.90601168777027,-0.0371749503920642,-0.503608472206576
0.455,-0.0444846364261132,17.4458394874316,0.69453140830041,-158.362943295747,-238.186784451154,-4905.0695686434,15501.9138138615,47325.7298814113,6141452.42874065,6999984.77080366,-584159081.660982,58162568.5576556,-199189625601.89,-116306455493.16,0.0444846364261132,0.05,0.889692728522263,-0.0360485790603681,-0.499208402564037
0.456,-0.0439063640136135,17.2850321889609,0.465093156301079,-163.243181881134,-219.719803837697,-4854.23899871739,21318.0884308377,54335.4115272469,5457698.53427872,6999994.1116148,-783348707.260755,-58143886.9619783,-199055774605.599,116265719221.972,0.0439063640136135,0.05,0.878127280272269,-0.0337414602063246,-0.494010664159976
0.457,-0.0435473571497341,17.1193712348243,0.256907714785573,-168.069087962215,-195.811718248308,-4796.40843637711,26350.9366490516,61325.711315253,4574821.93971517,6999983.08426374,-982404481.864073,58121832.2847718,-198694173301.033,-116222151566.934,0.0435473571497341,0.05,0.870947142994682,-0.0303136235093563,-0.488036301940178
0.458,-0.0433837813212563,16.9489144555832,0.0749913458878307,-172.833665425893,-167.345383633702,-4731.57788913722,30401.4406522844,68335.3849570666,3493070.37120058,6999993.8407651,-1181098655.16285,-58100319.3045744,-197580926107.178,116174127537.026,0.0433837813212563,0.05,0.867675626425126,-0.0258806084292885,-0.481313551773995
0.459,-0.0433872603374873,16.7737266817857,-0.0766219979738576,-177.52991040967,-135.402490110371,-4659.74735005756,33271.0315415522,75325.6909927708,2213181.25298414,6999980.58522899,-1378679581.26794,58073808.2531188,-179532032820.408,-116121786639.265,0.0433872603374873,0.05,0.867745206749747,-0.0206101217355895,-0.47387500387691
0.46,-0.0435259579357204,16.5938797439699,-0.195079049857749,-182.150826798769,-101.262128374009,-4580.91682821178,34764.9509984323,82335.3548510216,744735.655306,6999993.50016252,-1558211614.08655,-58047978.4044212,196631748455.434,116062345965.643,0.0435259579357204,0.05,0.870519158714408,-0.0147155957533686,-0.465754378394962
0.461,-0.0437658555771703,16.4094524726586,-0.278897867019478,-186.689410735479,-66.3763184941852,-4495.08631534252,34763.3528047708,89325.6680863113,-715160.084552834,6999976.69474087,-1361579865.6297,58014367.5776897,198303600288.733,-115995977232.736,0.0437658555771703,0.05,0.875317111543406,-0.00844728742055811,-0.456983231044855
0.462,-0.0440721885851645,16.2205306983634,-0.32806678243997,-191.138666103391,-32.1892130593752,-4402.25582301315,33400.4533874513,96335.3193019706,-1977588.15003817,6999993.07370223,-1163276265.33997,-57981609.6690905,198777852813.082,115917182606.874,0.0440721885851645,0.05,0.881443771703289,-0.00208144506598126,-0.447587910727661
0.463,-0.0444108750536248,16.0272072515778,-0.343932180216399,-195.491589051191,0.0368492859526653,-4302.42534089317,30874.3567468786,103325.641101274,-3041475.48897159,6999970.05533654,-964498412.526328,57935572.9499429,198975187548.963,-115826180317.055,0.0444108750536248,0.05,0.888217501072496,0.0040929903592376,-0.437587061350173
0.464,-0.0447497775765483,15.8295819627822,-0.329003594475442,-199.741183461119,29.2380091856698,-4195.59488492608,27383.7945829021,110335.274579701,-3906486.30772344,6999992.53812798,-765523224.977225,-57890607.3768031,199057990907.593,115709329754.292,0.0447497775765483,0.05,0.894995551530966,0.00979037900090045,-0.426989904608955
0.465,-0.0450597670778761,15.6277616624343,-0.286755007069033,-203.880445491221,54.5492674934471,-4081.76444128962,23127.7229945081,117325.606702435,-4572480.53724687,6999956.59562831,-566465234.069875,57818722.3851938,199074306154.88,-115566917757.357,0.0450597670778761,0.05,0.901195341557521,0.0147457800354894,-0.41579546052006
0.466,-0.0453155877986754,15.4218601809749,-0.221425901972529,-207.902379023694,75.3046341097046,-3960.93403512369,18305.1888912522,124335.211506298,-5039408.6182393,6999991.85913484,-367390927.915569,-57748195.3773248,199038956548.448,115344810498.92,0.0453155877986754,0.05,0.906311755973508,0.0187320530890144,-0.403992770272927
0.467,-0.0454965232830233,15.2119983488127,-0.137822224192708,-211.799980232746,91.0371801603527,-3833.10364635308,13115.25796848,131325.553402828,-5307280.06788064,6999916.06900696,-168351971.367966,57596615.1246128,198951253603.879,-115043398120.721,0.0454965232830233,0.05,0.909930465660466,0.0215750048537573,-0.391562086818397
0.468,-0.0455868633076553,14.998303996331,-0.0411173185071368,-215.566253008577,101.479029068561,-3698.27332895461,7756.96045718278,138335.093879712,-5376156.41244667,6999990.98507121,30599282.2348577,-57446782.996425,198797625348.451,79216506458.0714,0.0455868633076553,0.05,0.911737266153106,0.0231651324682256,-0.378476905622301
0.469,-0.0455761717636904,14.780911953803,0.0633470962966083,-219.194193858927,106.561294434295,-3556.44451335821,2429.23662341173,145319.564224363,-5246158.31753759,6982152.45530382,229396907.582103,21769723.4608929,198545927667.971,-7864676010.81353,0.0455761717636904,0.05,0.911523435273808,0.0234648637463189,-0.36470662789979
0.47,-0.0454593555531514,14.5599640487069,0.170259862038363,-222.676814056584,106.413957463884,-3407.63057231356,-2669.13225239004,152311.290762063,-4917488.4461215,6999989.84075931,427942835.248785,13905047.4512217,198126128850.889,-27819232930.162,0.0454593555531514,0.05,0.909187111063029,0.0225106455895661,-0.350219614667868
0.471,-0.0452365346247888,14.3356090963213,0.274539153937539,-226.007121971012,101.365660049719,-3251.81812825768,-7339.6282594119,159313.596587727,-4390482.54644727,6999985.27174545,626068964.098366,-13914185.4797146,197369766923.158,-199975034742.544,0.0452365346247888,0.05,0.904730692495775,0.0204097405557769,-0.334986368486622
0.472,-0.0449127133604973,14.1080029088231,0.371530983695134,-229.178118882998,91.9433590847755,-3089.01519035787,-11384.1813626561,166273.295594276,-3665728.69888732,6886083.56889446,823438731.020265,-213889220.225042,195767870766.572,-199987134068.79,0.0449127133604973,0.05,0.898254267209945,0.0173321072228534,-0.318982287731648
0.473,-0.0444972536683693,13.8773082794194,0.457207238644107,-232.182860323591,78.8717101558553,-2919.34283397952,-14605.5627175721,173019.103364048,-2744406.03248377,6572200.78163502,1019206601.78568,-413876354.297128,190813266149.752,-199988343619.356,0.0444972536683693,0.05,0.889945073367386,0.013498212107719,-0.302190153913307
0.474,-0.0440031504295563,13.6436948543096,0.528362823480902,-235.014617150526,63.0717627418259,-2743.11494246444,-16808.563238138,179351.034577932,-1629792.79762321,6058330.25552822,1210019867.93442,-613864697.919327,-5549684134.0413,-199985906420.018,0.0440031504295563,0.05,0.880063008591126,0.00916400323429868,-0.284602961876067
0.475,-0.043446110986647,13.4073388185626,0.582809043721759,-237.667074098252,45.6497418460893,-2560.84538628757,-17834.2710491497,185069.101500097,-422547.771755818,5344472.60439888,1204470183.79952,-813850604.340962,-188277643405.407,-199975031704.897,0.043446110986647,0.05,0.86892221973294,0.00460452601980715,-0.266227531347291
0.476,-0.0428434572833015,13.1684223822465,0.619519842707076,-240.13452976527,27.7970970399434,-2373.24802254538,-17685.96333624,189973.319630376,687783.590341,4430634.48420546,1016192540.39342,-1013825636.04561,-193042189049.769,-163159248400.603,0.0428434572833015,0.05,0.85686914566603,9.76103854621803e-05,-0.247088671606047
0.477,-0.042212949697118,12.9271330666231,0.638629321373943,-242.412096291329,10.6163474977761,-2181.23515491399,-16522.2571738773,193869.848088492,1607455.03620954,3335229.22395955,823150351.343108,-1176984884.44359,-194412554796.042,199976237654.01,0.042212949697118,0.05,0.844258993942361,-0.00409174943061998,-0.227233489072138
0.478,-0.0415716923468709,12.6836627938316,0.641285127318958,-244.495888025242,-4.97309095585565,-1985.88552401741,-14535.6290544623,196649.914243172,2333399.11015463,2258232.45834296,628737796.546626,-977008646.784196,-194830852027.316,199987363141.708,0.0415716923468709,0.05,0.831433846937418,-0.00772636509733954,-0.20673538350624
0.479,-0.0409352141781569,12.4382068242577,0.629457695546887,-246.383111262205,-18.2453487746336,-1788.26099551245,-11920.3328547056,198452.973605313,2864721.48068759,1381217.49312961,433906944.51893,-777021283.634082,-194751899634.021,199990375153.559,0.0409352141781569,0.05,0.818704283563139,-0.0106106426252563,-0.185696916616301
0.48,-0.0403167431724014,12.1909627093452,0.605746090493888,-248.071946277311,-28.6691177273945,-1589.23858377526,-8871.11655169767,199479.012185818,3201252.47538951,704191.397072302,239155044.884536,-577030908.468987,-194258916770.825,199990831211.348,0.0403167431724014,0.05,0.806334863448028,-0.0126020311501639,-0.164249655773918
0.481,-0.0397266750535145,11.942129415087,0.573183302584736,-249.561350366134,-35.907842988801,-1389.4953147574,-5582.66303999442,199928.019933858,3343278.06188864,227155.904208986,44896128.1132904,-377040077.243058,-193266231116.787,199988540525.057,0.0397266750535145,0.05,0.79453350107029,-0.0136190609723681,-0.142549537793838
0.482,-0.0391722367092325,11.6919066449993,0.535041601248483,-250.850857855048,-39.8194370694975,-1189.50822402816,-2249.14795256867,199999.987222865,3291541.07444353,-49889.9027715462,-148370103.004012,-177051536.701037,-191490314962.053,199976390269.735,0.0391722367092325,0.05,0.78344473418465,-0.0136452336543209,-0.120767979626597
0.483,-0.0386573440412132,11.4404943630856,0.494638402576459,-251.940380111134,-40.4555215985176,-989.554357996238,936.293017879143,199894.900950123,3047425.8139585,-126953.244337719,-339860417.966715,22924853.588292,-188209059790.843,199916561994.116,0.0386573440412132,0.05,0.773146880824264,-0.0127284347817305,-0.099079648842124
0.484,-0.0381826534699101,11.1880925167898,0.455143202553942,-252.830005556363,-38.0600011208703,-789.710783002303,3782.42044622245,199812.729559579,2613460.86609636,-4070.10975237437,-528069477.758367,222841415.605799,-181281080208.969,-190659441392.717,0.0381826534699101,0.05,0.763653069398202,-0.0109759748881721,-0.0776481252512481
0.485,-0.0377458056244246,10.9349009593847,0.419386474907596,-253.519802956713,-33.066415199631,-589.870892404754,6101.63306007147,199888.303584064,1994750.84823351,123441.585157061,-709350557.968311,32181974.2407355,-161190803950.461,-199305689208.25,0.0377458056244246,0.05,0.754916112488491,-0.00854578122048112,-0.0566108801983726
0.486,-0.0373418584404934,10.6811195408324,0.389672435178681,-254.009709443699,-26.0923480919964,-389.923808769149,7714.84349532911,199994.618541472,1204804.88828997,55970.7147936669,-870541361.919905,-167123714.935919,15557187918.6636,197364967419.991,0.0373418584404934,0.05,0.746837168809867,-0.00563461819175624,-0.0360653458659341
0.487,-0.036963903406469,10.4269482031328,0.367602166716049,-254.299631933529,-17.9195441633987,-189.920835282152,8486.97056731228,199999.921559988,342042.120329394,-12470.5164322036,-854984174.0025,30241252.4957412,149586836430.01,-15950502101.4698,0.036963903406469,0.05,0.73927806812938,-0.00246445848386227,-0.0160590119261126
0.488,-0.0366038391837015,10.1725869438107,0.353948737039014,-254.389553759323,-9.39781711344348,10.077226624424,8426.4517400455,199999.913252847,-438148.635458102,9795.48501278113,-705397337.573829,14290750.3930389,167313845862.539,-179240162882.394,0.0366038391837015,0.05,0.73207678367403,0.000731897768274417,0.00341421470125866
0.489,-0.0362532088502796,9.91823576226037,0.348663123704179,-254.279475841714,-1.30103450383277,210.076951071701,7663.49007677765,199986.980752581,-1059889.05010066,-65533.8460354044,-538083491.712644,-164949412.470541,172185930402.567,199555841518.365,0.0362532088502796,0.05,0.725064177005593,0.00372546012184364,0.0224122270947523
0.49,-0.0359039674039202,9.66409465222821,0.350996200748662,-253.969421532502,5.7500048797093,410.01198815956,6363.25693588785,199872.231507222,-1511879.57661202,-130705.337746781,-365897561.311375,34606429.0851283,172686692349.3,199167293710.492,0.0359039674039202,0.05,0.718079348078404,0.00630581090759679,0.0410383661090534
0.491,-0.0355491014636631,9.41036354384587,0.359662047436735,-253.459492111151,11.3035343792757,609.83293337364,4697.20969401177,199792.023932961,-1791433.79174875,3484.73819358658,-193210868.963244,233773722.84295,170259639738.432,-199906572503.388,0.0355491014636631,0.05,0.710982029273261,0.00829531518498617,0.0594302363076738
0.492,-0.035183080798872,9.15724226868627,0.37300898269158,-252.749754510337,15.0799195176173,809.657332522629,2837.54707440455,199879.077770482,-1899514.84084277,137305.174784847,-22951229.2257838,33867150.3878033,164501407813.026,-199975659543.47,0.035183080798872,0.05,0.703661615977439,0.00956160024699317,0.0777455546238932
0.493,-0.0348021380425287,8.9049306617459,0.389191504442753,-251.840135010065,16.9707381921137,1009.60237508673,953.973520251101,199999.98724386,-1840215.36616204,71184.4954009322,141550178.586525,-166108509.116238,153316369892.923,-199988390343.023,0.0348021380425287,0.05,0.696042760850573,0.0100271477452316,0.0961475497975319
0.494,-0.0344043774578601,8.65362866255716,0.406339702368249,-250.73052936503,17.0345839078631,1209.60193697749,-789.914028302171,199954.786086316,-1622007.00262906,-194918.208886805,294866548.479022,-366096899.431968,130830774437.505,-199990752659.661,0.0344043774578601,0.05,0.688087549157202,0.00967509293738221,0.114789997183752
0.495,-0.033989717061872,8.40353624850668,0.422722371115807,-249.420999442002,15.4882620853339,1409.38991486174,-2242.68262761881,199543.487635605,-1261725.06693128,-661010.484648592,425697322.916408,-566087652.073707,80387138893.609,-199990310184.562,0.033989717061872,0.05,0.67979434123744,0.00855067239630089,0.133801727684073
0.496,-0.0335596732541667,8.15485316873133,0.436897411668473,-247.911973205304,12.689015942258,1608.50021638373,-3278.16117660965,198566.101606558,-795834.174568071,-1327093.29181457,506084461.810196,-766077962.247773,-13823993076.5502,-199987290272.565,0.0335596732541667,0.05,0.671193465083334,0.00675814462445698,0.153271816724441
0.497,-0.0331170066575376,7.90777847802574,0.447835679675577,-246.204444706803,9.09670908901144,1806.26675888055,-3823.25711911878,196822.638118575,-296661.709296151,-2193164.89919862,492260468.734087,-966065252.515541,-81315412921.2695,-199976117142.566,0.0331170066575376,0.05,0.662340133150752,0.00445335750091859,0.173236880006188
0.498,-0.0326652682057024,7.66250987075979,0.454991149856381,-244.300174075528,5.20377638453421,2001.82347133619,-3887.34116286817,194113.111240263,154941.052977301,-3259218.21028544,410945055.813464,-1166041369.65744,-107063354234.782,137400889264.547,0.0326652682057024,0.05,0.653305364114049,0.00183235986909395,0.1936716855044
0.499,-0.032208313327287,7.41924281527675,0.45829330974001,-242.20188469165,1.45793561771402,2194.11835828039,-3544.77147435669,190293.772493361,512354.431673374,-4356559.13531061,303881701.579462,-1028640480.39494,-115327879787.34,199974907080.033,0.032208313327287,0.05,0.64416626654574,-0.000883445682587597,0.214483958143448
0.5,-0.0317498581258403,7.17816951557398,0.45807595275756,-239.913386733867,-1.78481701887413,2382.07074341413,-2899.69750519157,185456.222269034,758572.193359166,-5285212.16216553,188553821.792953,-828665573.318377,-114486664447.231,199985840293.065,0.0317498581258403,0.05,0.634997162516805,-0.00346483994354876,0.235514092180894
0.501,-0.0312931248461592,6.93947784673578,0.454974618095847,-237.439501609187,-4.27857306813557,2564.75458141684,-2065.92951167722,179790.008293593,889882.682928504,-6013884.81533737,74067157.3465199,-628679733.029064,-106582549318.115,199988290786.524,0.0312931248461592,0.05,0.625862496923183,-0.00569373429216328,0.256541163629276
0.502,-0.0308405962896096,6.70335043187747,0.449813592043994,-234.78587886617,-5.89165765172775,2741.441200193,-1156.77700829521,173495.11499354,910658.565615967,-6542570.40297318,-32515391.9709068,-428691442.245582,-91268974956.4619,199987077029.598,0.0308405962896096,0.05,0.616811925792192,-0.00738185842222536,0.277296209310191
0.503,-0.030393883777215,6.46996391356067,0.443493206966412,-231.958796732455,-6.60232748322861,2911.60191420651,-277.587634490817,166771.530048949,832508.686166829,-6871268.30670396,-123784366.926851,-228704365.217523,-67341618353.203,199974925204.358,0.030393883777215,0.05,0.607877675544299,-0.00838741863374086,0.29748190479144
0.504,-0.0299537044368108,6.2394884251079,0.43688511826698,-228.964962127489,-6.4870974032899,3074.90802499674,481.805265153698,159819.238713838,675053.510063376,-6999985.2093193,-191125985.279748,-28729440.0129052,-35114105160.0537,57449708702.5344,0.0299537044368108,0.05,0.599074088736216,-0.00862809044416146,0.316796699925163
0.505,-0.0295199560816079,6.01208726170558,0.430743176210501,-225.811311865637,-5.70108280176583,3231.22487660406,1055.4434317172,152814.463735963,466370.472203602,-6999989.79498094,-226240090.439723,28720268.6890534,-186374238.293074,-36389408306.5064,0.0295199560816079,0.05,0.590399121632157,-0.0080890132369594,0.334961007453608
0.506,-0.0290918699940066,5.78791673987663,0.425638115291004,-222.504845528685,-4.45016858133747,3380.54261592891,1408.66279632792,145822.769173943,240037.194644732,-6989464.23044514,-226426464.678157,-7669139.6166387,28203855701.8671,-5715138079.96082,0.0290918699940066,0.05,0.581837399880132,-0.00682488010359439,0.351742759923568
0.507,-0.0286682140329704,5.5671261781498,0.421923084865988,-219.052556806034,-2.95804977118844,3522.86913666721,1540.1874012506,138828.517850677,27712.6578175097,-6999990.93910176,-198222608.976618,-13384277.6970241,45759928215.9983,26917501437.4256,0.0286682140329704,0.05,0.573364280659408,-0.00495572496812498,0.366979202722888
0.508,-0.0282475137096018,5.34985790225652,0.419731869581971,-215.461440408949,-1.43513647887304,3658.19654989821,1476.41540928254,131826.321022966,-147629.987051109,-6999916.46608007,-152462680.761087,13533223.7403191,53788954985.9568,-27217134769.2107,0.0282475137096018,0.05,0.564950274192037,-0.00265658078096412,0.380591910727085
0.509,-0.0278282606869715,5.13624723958636,0.41900443138822,-211.738497014194,-0.055705303454721,3786.52403417841,1261.51890768195,124828.634979628,-273198.190319217,-6999991.80972436,-98673725.7756748,-13683911.0282599,54558454019.8456,27437892421.0777,0.0278282606869715,0.05,0.55656521373943,-0.000141794279517284,0.392593310101065
0.51,-0.0274090859857056,4.92642251761805,0.419530295706144,-207.890725669324,1.05504215703942,3907.8515358471,948.076930144933,117826.37419646,-344592.689084969,-6999956.77454208,-44115271.7563866,13753981.3917179,49698212740.106,-27579385378.7515,0.0274090859857056,0.05,0.548181719714112,0.00235463107193026,0.403084319812129
0.511,-0.0269888848135653,4.72050506385568,0.421000520187167,-203.92512726257,1.82554095624701,4022.17907484571,589.709640638511,110828.697848384,-363858.854471303,-6999992.48583974,5582940.98321172,-13825403.9854715,40420879133.7223,27695440153.0431,0.0269888848135653,0.05,0.539777696271306,0.0046008293972,0.412243429047496
0.512,-0.0265668882968939,4.51860920583563,0.423060842254866,-199.848700849459,2.23593586315664,4129.50662619409,235.379069847809,103826.408567243,-338065.47392123,-6999970.16974868,46003820.1165282,13870036.1655463,28007950544.4327,-27785770798.2686,0.0265668882968939,0.05,0.531337765937877,0.00638890312380286,0.420308366204033
0.513,-0.0261426839214499,4.32084227111081,0.425360273617908,-195.668447334287,2.31111649738763,4229.83420360894,-75.0165022577299,96828.7424537776,-278057.678532486,-6999993.01898227,74011770.6606935,-13915734.6302983,14137698940.2907,27863950483.2417,0.0261426839214499,0.05,0.522853678428998,0.00755464843730529,0.427552234015742
0.514,-0.0257161915424397,4.12730458725698,0.427590740556653,-191.391365772557,2.10999552181435,4323.16179126228,-313.712012303153,89826.435559227,-196977.058401647,-6999976.77837094,88149469.6008737,13948215.8500503,798393113.564755,-27929761211.5818,0.0257161915424397,0.05,0.514323830848794,0.0079932162123617,0.434256501984029
0.515,-0.0252876055618964,3.93808948186294,0.429514730126241,-187.024457077863,1.71251982500209,4409.48939939513,-466.481270385454,82828.7779285788,-108428.392243991,-6999993.44312669,88947862.7144835,-13981545.3582923,-10237936282.2796,27988675336.6547,0.0252876055618964,0.05,0.505752111237929,0.00766913264980228,0.440683521951149
0.516,-0.0248573161103022,3.75328328253562,0.430979558790214,-182.574720304381,1.20622242163599,4488.81701653959,-532.142053985951,75826.4584919952,-24599.4976706474,-6999980.65081664,78709926.4323853,14007129.974644,-17930165327.2757,-28040520937.2272,0.0248573161103022,0.05,0.497146322206044,0.00661965042474506,0.447051246788467
0.517,-0.0244258225253194,3.57296531689306,0.431918740467237,-178.049156372055,0.674151849684353,4561.144650873,-520.37494932833,68828.8079860091,45145.3460980999,-6999993.78131062,60779761.1053932,-14033390.9585639,-22025202637.4712,28088068635.0572,0.0244258225253194,0.05,0.488516450506388,0.00495105835805441,0.453512583469911
0.518,-0.0239936510818131,3.39720791256865,0.432342578053484,-173.454764333453,0.185561816816301,4626.47229340624,-448.510589783829,61826.478853991,94912.5058847575,-6999983.13795165,38754558.4682642,14054677.6719833,-22781038543.593,-28131178391.123,0.0239936510818131,0.05,0.479873021636261,0.00282828026190187,0.460141331486488
0.519,-0.0235612862292869,3.22607639720568,0.432321128296796,-168.798545113267,-0.209982636898429,4684.79995100528,-338.017644422253,54828.8345251427,122276.545081225,-6999994.04947523,15973519.9250242,-14076500.7143687,-20709340762.278,28171468395.9967,0.0235612862292869,0.05,0.471225724585737,0.000458768526079233,0.466925991813148
0.52,-0.023129121230032,3.05962909846096,0.431963009280963,-164.087497762407,-0.485062644683029,4736.12761623359,-211.205896172269,47826.4974700422,127895.39462511,-6999984.81599159,-4735820.83693574,14094967.6763548,-16459286752.631,-28208820831.7985,0.023129121230032,0.05,0.462582424600639,-0.00192772685698438,0.473771950737943
0.521,-0.0226974306870445,2.89791734400037,0.431393325125163,-159.328623209331,-0.63379595066533,4780.45529508954,-88.4216264244263,40828.8586677492,114929.930411859,-6999994.25873115,-21195107.5893219,-14113853.1499448,-10780883851.7262,28244285921.8135,0.0226974306870445,0.05,0.45394861374089,-0.00410151854425852,0.480511721188551
0.522,-0.0222663644003059,2.7409854615021,0.430733500392367,-154.528920503298,-0.668734333349342,4817.78298116446,14.113936217471,33826.5148634291,88344.3808966746,-6999985.96892017,-31975991.4409029,14130432.7658572,-4489248971.18412,-28277761154.8159,0.0222663644003059,0.05,0.445327288006119,-0.00585526421174966,0.486922145054206
0.523,-0.0218359595070485,2.58887077865281,0.430085177347443,-149.695390575882,-0.615964590670967,4848.11067987564,85.7221132318327,26828.8811506984,54123.7649701798,-6999994.41673173,-36465240.4120536,-14147328.3827528,1606425668.54058,28309992063.1475,0.0218359595070485,0.05,0.436719190140969,-0.00702397487476092,0.492746795900704
0.524,-0.0214061660720559,2.44160362315061,0.429519588430722,-144.835032474694,-0.509191200655133,4871.43838551304,121.880995607427,19826.5314017848,18461.7373923966,-6999986.7490829,-34858814.7435881,14162663.6736676,6797162387.42038,-28340886198.3929,0.0214061660720559,0.05,0.428123321441118,-0.00750078422391844,0.497721338243906
0.525,-0.020976880278111,2.29920732270167,0.429073018854003,-139.954847133971,-0.38360592373549,4887.76610311408,124.046186025963,12828.9025035046,-12998.4961574811,-6999994.52850844,-28061652.3563334,-14178222.5178313,10551541409.2841,28371020562.1796,0.020976880278111,0.05,0.419537605562219,-0.00724694105055277,0.501599339337694
0.526,-0.0205479791492101,2.16169820502304,0.428748188271149,-135.061833599663,-0.270296280303028,4897.0938274422,98.7754539252423,5826.5473671631,-35784.3778091733,-6999987.24074516,-17510110.9472763,14192798.0369269,12547327411.4664,-28400308497.3998,0.0205479791492101,0.05,0.410959582984201,-0.00629506587855238,0.504176017303879
0.527,-0.0201193512665549,2.02908559783957,0.428520690593926,-130.162992808348,-0.191808561798514,4899.42156330923,56.3272418777162,-1171.07685931435,-47020.8250507164,-6999994.59695695,-4962783.53606117,-14207510.4529082,12663236668.4416,28429239130.9054,0.0201193512665549,0.05,0.402387025331098,-0.00474538525167548,0.505307640984475
0.528,-0.019690919075869,1.9013718288866,0.428349107559343,-125.265323804271,-0.159291228161105,4894.74930578474,8.93556450373911,-8173.43700497715,-45651.9902525569,-6999987.48784439,7700453.13214473,14221728.6699019,10957342657.6207,-28457727794.6513,0.019690919075869,0.050352789266068,0.391059152092265,-0.00275535487837311,0.50492474900469
0.529,-0.019262649947958,1.77855222590712,0.428187087582087,-120.375827526113,-0.171441693959062,4883.07705958535,-31.0399754064447,-15171.0565831203,-32472.8657916019,-6999994.62307183,18657795.7895824,-14235999.1165309,7651996298.56855,28486232366.8868,0.019262649947958,0.0517032218340787,0.372561888111615,-0.000523736006855762,0.503037979056704
0.53,-0.0188345549419844,1.66061511665442,0.427995554908924,-115.501503016336,-0.215289636416584,4864.40481995057,-52.9086105868085,-22173.4215003571,-9989.07185273536,-6999987.5060049,26309792.0880506,14250233.2416066,3125862459.52781,-28514666413.3668,0.0188345549419844,0.053830690423539,0.34988507102165,0.00172926694039643,0.499736032939602
0.531,-0.0184066760431118,1.54754182888936,0.427753268400509,-110.649351215547,-0.26867757327389,4838.73259162502,-49.2218093189264,-29171.0363341447,17883.6514650272,-6999994.60596999,29435654.5475793,-14264433.1629041,-2101040681.17188,28543506606.9049,0.0184066760431118,0.056519108481173,0.325671733644617,0.00378381866117311,0.495176073218756
0.532,-0.0179790643300871,1.43930669038313,0.427464169508461,-105.826371164309,-0.304139157758794,4806.06036989516,-16.9705040269828,-36173.4059055963,46268.7856720204,-6999987.28582942,27334613.8665139,14279073.4346177,-7404301050.14024,-28572660607.4292,0.0179790643300871,0.0595857736098394,0.301734176479974,0.00544204516575313,0.489567580469244
0.533,-0.0175517529136814,1.3358770289145,0.42716033381526,-101.039563805022,-0.293728012482066,4766.3881596647,41.7315384033528,-43171.015764811,69901.249013544,-6999994.54269854,19930312.8165728,-14293587.1633345,-12115203823.1208,28602681726.3795,0.0175517529136814,0.0628782541958309,0.279138680584505,0.00654727087303995,0.483151322751812
0.534,-0.017124729427275,1.23721317227275,0.426899851273398,-96.2959281761689,-0.214228930904186,4719.71595614241,119.578743187959,-50173.3899874714,83773.9599185563,-6999986.78899866,7815108.9937251,14309094.553049,-15587672947.6072,-28633466656.2365,0.017124729427275,0.0662713561190146,0.258403183971688,0.00699901222728704,0.476175544385559
0.535,-0.0166979132270827,1.1432684482549,0.426759569805154,-91.602465221846,-0.052110175952654,4666.04376454839,204.662312112066,-57170.9944736375,83795.2324384778,-6999994.42777375,-7772563.95357338,-14324372.0931071,-17252245229.0344,28665730632.8912,0.0166979132270827,0.0696641920208174,0.239691479118755,0.00676227216300146,0.468871724672346
0.536,-0.0162711421997039,1.05398918466881,0.426823289068967,-86.9661739782002,0.192435481498521,4605.37157987092,281.695888368872,-64173.3734656869,67396.5458703872,-6999985.93455038,-25024809.1823061,14341358.5291972,-16653191897.3673,-28699352611.7982,0.0162711421997039,0.0729773726925001,0.222961468731747,0.00587025483985583,0.46143227029833
0.537,-0.0158441731675138,0.96931470933043,0.427166623813264,-82.3940553909485,0.502964958258032,4537.69940785797,333.804497665169,-71170.9719464093,34045.1407393976,-6999994.25232711,-41678001.0794231,-14357994.0719358,-13488955280.3666,28735361638.1699,0.0158441731675138,0.0761503372391996,0.208064386080719,0.00442027993649098,0.453992286925489
0.538,-0.0154166983750923,0.889177350067141,0.427840316253316,-77.8931084935192,0.846283652944252,4463.02724309304,344.762478651429,-78173.3559688339,-14377.3379802087,-6999984.56557975,-55166956.3596317,14377367.5550363,-7689984386.31718,-28773609166.6208,0.0154166983750923,0.0791388357965102,0.194805726163742,0.00256335472551047,0.44661715249708
0.539,-0.0149883785265066,0.813502434714887,0.428854222242283,-73.4703342331853,1.17434255382044,4381.35509216887,301.519998427002,-85170.9474521651,-73389.2865329988,-6999994.00260805,-62856940.7459143,-14396241.6003557,454546166.035644,28815755082.9719,0.0149883785265066,0.0819125757535199,0.182980188189999,0.000488492955011769,0.43929702829742
0.54,-0.0145588904611607,0.742208291122071,0.430164478010631,-69.1327316400783,1.4287106915654,4292.68294899816,196.777999215386,-92173.3369497273,-136018.954195895,-6999982.3666669,-62402394.5799852,14419513.470923,10188691017.7929,-28861608289.337,0.0145588904611607,0.084453039689168,0.172390366465732,-0.0015966098618198,0.431948755379833
0.541,-0.0141279850052363,0.675206247146369,0.431666392682367,-64.8873016629387,1.54750334333039,4197.0108215502,31.2559628991515,-99170.919827708,-193327.003266984,-6999993.65734067,-52213703.5624403,-14442094.8066469,20332438337.5517,28914245371.3429,0.0141279850052363,0.0867514805832464,0.162855837275067,-0.00348657600832697,0.424424859337015
0.542,-0.0136955481141585,0.612400630659531,0.433195296691251,-60.7410433276686,1.47424070555745,4094.33870263811,-184.789152426088,-106173.315491558,-235374.487660648,-6999978.62946161,-31881265.2252601,14472150.5524965,29512403437.366,-28973407940.2972,0.0136955481141585,0.0888070973360499,0.154216819657262,-0.00499888935025171,0.416528699048813
0.543,-0.013261656527699,0.553688769543743,0.434536831261195,-56.7009575842738,1.16768044854268,3984.66660263142,-431.185538793085,-113170.886947068,-252499.551167225,-6999993.18287929,-2368861.78835405,-14501257.3755277,36422502818.8094,29046063849.323,0.013261656527699,0.090625391244772,0.14633488855105,-0.00599190524833138,0.408034208746383
0.544,-0.0128266182108702,0.49896099169797,0.435447040459894,-52.7740434527679,0.611367928137477,3867.99451246916,-678.799103717957,-120173.289747994,-236657.161546174,-6999971.40833013,34053641.0299564,14544806.4611322,39924731820.0234,-29140590182.0816,0.0128266182108702,0.0922167018531318,0.139092137900339,-0.00637851171876751,0.398708256002682
0.545,-0.0123909881415435,0.448100625033633,0.435681317536285,-48.9673018838308,-0.178420619018277,3744.32244695995,-891.775322779084,-127170.845518125,-182641.154606205,-6999996.89696007,73978372.8495003,-14595783.7082175,38960029451.1562,199989051794.471,0.0123909881415435,0.0935949185335401,0.13238953925798,-0.00613407546216876,0.38833340772862
0.546,-0.0119555516034152,0.400983997720521,0.435029976113232,-45.2877304673128,-1.14756345570751,3613.65750323967,-1030.93395271862,-134144.808798307,-89182.7670311263,-6914598.15477105,112938402.300257,185393268.100401,32396990247.3314,199996205166.302,0.0119555516034152,0.094776362280958,0.126144866881193,-0.00529789493528735,0.376728887283103
0.547,-0.0115212699615802,0.357480452249721,0.43335705758305,-41.7422884100938,-2.20291585025558,3476.09462741697,-1058.24802022494,-140933.377618168,39954.1303929371,-6629206.7840875,145335392.547394,385389473.280722,19112743690.1956,199997269353.735,0.0115212699615802,0.0957788302323605,0.120290359922224,-0.00396805138178483,0.363767839135434
0.548,-0.0110891878345868,0.317452449528038,0.430637891623178,-38.3377476146941,-3.21616787548241,3331.91921120494,-942.440736276583,-147336.55678739,194845.894785428,-6143818.6761299,164448136.237507,585386742.647508,-1089891851.70264,199997544358.508,0.0110891878345868,0.0966207929155025,0.114770201112762,-0.00229023061505857,0.349390009873696
0.549,-0.0106603056133129,0.280755854588273,0.426989820597924,-35.0804945938502,-4.03382305375554,3181.61664276733,-665.552422014351,-153154.349168137,358749.085097083,-5458433.16130314,163358244.385928,785384287.01746,-25788586784.7366,199997467902.315,0.0106603056133129,0.0973207338459973,0.109537867133041,-0.00044171668869258,0.333609558900672
0.55,-0.0102354273566859,0.247240421977448,0.422689604533489,-31.976330473484,-4.49384908354037,3025.87230762724,-229.422312521785,-158186.757274614,509213.036090642,-4573050.14033452,137569657.601524,985381754.929118,-50194277784.3866,199997043810.611,0.0102354273566859,0.0978966223847527,0.104553426945198,0.00138772761011188,0.31651747547381
0.551,-0.00981500062025549,0.216750481142343,0.418171226933527,-29.0302709952491,-4.44782802993169,2865.57158878478,340.209839405505,-162233.783696849,621685.554799973,-3487669.86350009,87375379.8176599,1185378798.74661,-70231801553.4706,199995947580.387,0.00981500062025549,0.0983655098938591,0.0997809153924615,0.00301603361936467,0.298278437440154
0.552,-0.00939897007196534,0.189125821812471,0.414000173493895,-26.246346519153,-3.78513917484295,2701.79986645345,993.877783855326,-165095.431503046,673945.033840897,-2202293.09096328,17143578.2648552,1385374746.3312,-84181390486.2529,199992335471.798,0.00939897007196534,0.0987432378999051,0.0951859618123215,0.00428786494131851,0.279122486643255
0.553,-0.00898666871518959,0.164202779380226,0.410824310238384,-23.627402026694,-2.45493916893524,2535.84251720959,1662.36437508086,-166571.705164932,648997.916862626,-716922.176896184,-67037812.2206524,1585367081.80442,-91692914790.5533,-17825241915.5321,0.00898666871518959,0.0990442458479148,0.0907338799771252,0.00509045141670434,0.259332395498029
0.554,-0.00857676845864063,0.141815519974746,0.409305162287543,-21.1748989406225,-0.483069342242361,2369.17583608438,2262.56123336797,-166498.914674578,536113.647246697,859532.283950474,-158730727.010471,1567541839.88761,-92284215289.6375,-199992512530.643,0.00857676845864063,0.0992814652226115,0.0863884153946517,0.00536450728499907,0.239228004466956
0.555,-0.00816730685075825,0.121797507730579,0.410035343085169,-18.888765658799,2.01724841791833,2203.35961150333,2703.92881456108,-164888.943556105,331240.812591407,2327077.86757276,-251014942.299444,1367549327.35319,-83956821165.5108,-199996131994.883,0.00816730685075825,0.0994662865330736,0.0821113076141888,0.00510906933061729,0.219148920747162
0.556,-0.0077558006357708,0.103983048465594,0.413448604176187,-16.7674073581174,4.84146361412761,2039.8537985963,2895.66935247511,-161911.423713521,38247.459709208,3594629.12892851,-334971763.464452,1167553195.35243,-61045141810.1369,-199997242054.679,0.0077558006357708,0.0996085861367709,0.077862772041774,0.00437975671330452,0.199436251486417
0.557,-0.00733944997121148,0.0882087419961529,0.41972981122524,-14.8078631850585,7.69788452156948,1879.9259484276,2756.25674015035,-157766.350860592,-327246.874660312,4662183.7032536,-396016905.274313,967555953.290326,-13035025455.9864,-199997689352.099,0.00733944997121148,0.0997167998314106,0.0736029433718306,0.00328066663368065,0.180413529347674
0.558,-0.00691542879554303,0.0743147494349668,0.428734673672425,-13.0060047332008,10.2239718807026,1724.64361550664,2228.8289086102,-152653.722128917,-729781.292662617,5529740.81186788,-409051930.730296,767558263.930006,52362498146.7869,-199997804826.52,0.00691542879554303,0.0997980296347134,0.0692942417886935,0.00195081765263166,0.162367786021909
0.559,-0.00648124440844805,0.0621458607455423,0.439934822325011,-11.356736040284,12.0219165918649,1574.87435691861,1303.24873360692,-146773.535152554,-1112651.97431952,6197300.17338462,-356689432.583796,567560459.095421,101112462072.555,-199997600391.874,0.00648124440844805,0.0998581711250378,0.064904497402947,0.000546692419429624,0.145532469714511
0.56,-0.006035130612589,0.0515523622992406,0.452408901818194,-9.85419358581282,12.7136041187224,1431.28573202872,29.1041200076455,-140325.787683019,-1418785.17586704,6664861.8322841,-255576970.511808,367562858.696828,128520141170.897,-199996684627.774,0.006035130612589,0.0999020508719572,0.0604104776620064,-0.000777026322111639,0.130073842795826
0.561,-0.00557642112578793,0.0423907044346477,0.464891015725539,-8.49194628877851,11.9960744948625,1294.34530254255,-1496.04951758674,-133510.477202157,-1610102.0757934,6932426.34866704,-127056829.341715,167566174.065195,143344386480.147,-199989469091.523,0.00557642112578793,0.0999335657429251,0.0558012824252968,-0.0018861115669893,0.11608213931512
0.562,-0.00510584936211054,0.0345239690193348,0.475866615562818,-7.26319550503816,9.67977048388325,1164.32063331529,-3145.78927697087,-126527.599344637,-1665486.71189504,6999997.78818647,16287557.1374581,-32423295.0247981,150922851474.612,33347115281.2103,0.00510584936211054,0.0999558179495164,0.0510810622818303,-0.00268250843435857,0.103568283087187
0.563,-0.00462573620985801,0.0278221373391203,0.483697846560307,-6.16097307811199,5.71024089595088,1041.28901844477,-4777.97840171796,-119538.255351414,-1573737.72902027,6984248.05080227,167210408.611013,923820.254975801,153405850747.056,29649330251.3658,0.00462573620985801,0.0999712415292549,0.0462706688353407,-0.0031152459279253,0.0924664193562981
0.564,-0.00414004353890862,0.0221621767856024,0.486765054042369,-5.17828886036695,0.17965394162037,925.244276476938,-6242.54328464144,-112548.60383544,-1329824.39503573,6999996.53618293,320616259.357028,30573150.50788,150677002928.768,-61194850373.7698,0.00414004353890862,0.0999817174872652,0.0414080058130222,-0.00318532613685236,0.0826421217393951
0.565,-0.00365428161045315,0.0174280437978842,0.48361641352258,-4.30815145572956,-6.66808728881375,816.19821664859,-7386.9467161771,-105543.51986573,-933869.634214319,6999972.26150392,471293262.284869,-30621699.8665084,138885341223.282,61292772644.0044,0.00365428161045315,0.0999886760425604,0.0365469546661233,-0.00294407551129173,0.0739063536511218
0.566,-0.00317526518965785,0.01351069235807,0.473120002470348,-3.54355910203603,-14.4376330557638,714.152133161817,-8062.02216237836,-98548.6429920492,-393133.701317809,6999996.94795941,610178603.507428,30671072.7780469,97294564125.3328,-61362731268.0249,0.00317526518965785,0.0999931856225212,0.0317548157895941,-0.00248514971145684,0.0660346212941058
0.567,-0.0027107188350953,0.0103080763845053,0.454612070898484,-2.87751385754107,-22.5904716946231,619.106043708037,-8133.85080125485,-91543.5376295757,265692.184252285,6999986.65510345,707473167.632311,-30691658.4895534,-59929529680.371,61404596941.9969,0.0027107188350953,0.0999960290747905,0.0271082647998738,-0.00193105368855821,0.0587892771272982
0.568,-0.00226874075936354,0.00772514978704427,0.428027934442465,-2.30301368525297,-30.4760612727838,531.05994265374,-7524.41028813313,-84548.6627042234,943200.587044411,6999997.29508489,647543637.951806,30712938.4520655,-145981683799.243,-61437582808.9849,0.00226874075936354,0.0999977678400416,0.0226879140241676,-0.00141564831611176,0.0519428018109476
0.569,-0.00185716043087044,0.00567386646542922,0.393972632590489,-1.81306063994263,-37.4270298977936,450.013837520094,-6281.76816274606,-77543.5485370437,1517753.38309659,6999991.44213246,501561954.152753,-30724644.355485,-168589679904.457,61461584747.8904,0.00185716043087044,0.0999987950546928,0.0185718280890754,-0.00106473808909836,0.045299809440064
0.57,-0.00148288108973475,0.00407318031413618,0.353677171030027,-1.40065267939701,-42.8733522798693,375.967724828637,-4541.33208255724,-70548.675819627,1935020.49729712,6999997.59015092,332972274.248782,30736940.3911283,-177740787458.572,-61481412606.4471,0.00148288108973475,0.0999993786897962,0.0148289030308352,-0.000977539446036288,0.0387156524843697
0.571,-0.00115131433016437,0.00284904522094964,0.308868048841337,-1.05879185778482,-46.3990846008059,308.921608901148,-2469.44891271226,-63543.5566613774,2179122.37781661,6999993.82423881,155231486.790931,-30744472.2128912,-182053048234.295,61496981703.6721,0.00115131433016437,0.0999996958993732,0.0115131783132911,-0.00121186306210749,0.032109858580573
0.572,-0.000865965561332061,0.00193441506971016,0.261602377783621,-0.780476130054158,-47.7606859537729,248.875487446588,-243.05296620603,-56548.6855762898,2243327.3404904,6999997.84287776,-26821561.4425009,30752509.488624,-183846284530.052,-61510215888.3748,0.000865965561332061,0.099999859766919,0.00865966775703951,-0.00177497676110202,0.0254731571662773
0.573,-0.000628191042635265,0.00126924373930105,0.214091403704724,-0.558707550251664,-46.8942057718155,195.829363283459,1956.2225461413,-49543.5631813109,2124582.63678287,6999995.24442219,-210667845.971664,-30757706.3963392,-183635620368.37,61523837721.0939,0.000628191042635265,0.0999999396138215,0.00628191421976059,-0.00262116811600561,0.0188674920078536
0.574,-0.000437134191463311,0.000800485105434127,0.16851909828849,-0.386484071490313,-43.9184546991527,149.783234932306,3944.86532321013,-42548.6928171281,1822096.98062702,6999999.4568864,-394303466.339246,30766131.3217327,-180474904250.975,-199998237258.654,0.000437134191463311,0.0999999759772965,0.00437134296474787,-0.00365623501313899,0.0124191064646349
0.575,-0.000289844459184288,0.000482092847827686,0.126858825923336,-0.256808901054398,-39.1357779177662,110.731336271372,5539.73141995892,-35566.6433341183,1337556.06216229,6930766.46957882,-574778370.589664,-169232105.957927,-167563869678.374,-199999365579.175,0.000289844459184288,0.0999999912858938,0.00289844484441644,-0.00474841288249416,0.00630545827496214
0.576,-0.000181579525094024,0.000275008935240496,0.0906904943797097,-0.162714476640263,-33.0300466898452,78.5935375132073,6561.97098521323,-28753.8261451089,678995.756733436,6661534.68083131,-742342240.26782,-369231471.569486,49548983280.2211,-199999541711.112,0.000181579525094024,0.0999999971641382,0.00181579530243369,-0.00574460254158028,0.000737205392906475
0.577,-0.000106288218505193,0.000147073132972356,0.0610240812460622,-0.0974046476659862,-26.250236992173,53.1006068147132,6878.05378569276,-22310.2404570078,-38571.9918942729,6192303.43840628,-692793256.9878,-569231013.318156,178362176191.285,-199999575347.159,0.000106288218505193,0.0999999991888958,0.00106288219367302,-0.00649022862546432,-0.00406358248432411
0.578,-5.72500465751934e-05,7.27534077200205e-05,0.0381790625723527,-0.0544524950727673,-19.4995029881338,33.7833129247256,6522.81219466985,-16435.8857878117,-642184.16078643,5523072.63741453,-514431080.797159,-769230588.701579,189153485106.228,-199999516028.677,5.72500465751934e-05,0.0999999998015151,0.000572500466888261,-0.00685051603992631,-0.00788779266844909
0.579,-2.77643824163497e-05,3.26766963039739e-05,0.0218140767653106,-0.0280003308255559,-13.3756399923776,19.9724250433268,5654.93807433603,-11330.7616974122,-1062038.49903047,4653842.2906986,-325277595.691968,-969230104.758399,192674048408.43,-199999224458.501,2.77643824163497e-05,0.0999999999599592,0.000277643824274668,-0.00673005594371348,-0.0105640154784525
0.58,-1.17423310154337e-05,1.29596748823649e-05,0.0110769519047808,-0.0129596974657911,-8.2979060151397,10.7987128384294,4462.37311886124,-7194.86766316166,-1290979.07051823,3584612.57371093,-132603547.284825,-1169229329.22972,194048586115.455,169230395752.302,1.17423310154337e-05,0.0999999999937018,0.000117423310161733,-0.00608735050567383,-0.0119812591616378
0.581,-4.12522997666741e-06,4.34004148042171e-06,0.00479116132208227,-0.00520829066752272,-4.49503766536582,5.20833117271962,3137.43370572024,-4166.66468809887,-1326558.32474532,2499998.44235733,61445038.8293533,-999998933.467306,194151731641.773,199999455680.713,4.12522997666741e-06,0.0999999999992937,4.12522997669655e-05,-0.00494224535191088,-0.0121074444749374
0.582,-1.11317383535298e-06,1.13758536497545e-06,0.00164792572447635,-0.00170662547435684,-2.00255262714832,2.13333252655262,1873.95652233045,-2133.33246985335,-1168037.42009509,1599999.23673033,255596770.470256,-799999477.745549,191943861735.107,199999765910.321,1.11317383535298e-06,0.0999999999999515,1.11317383535352e-05,-0.00337545403251688,-0.0110016464020633
0.583,-2.00470400795723e-07,2.02350562339149e-07,0.000399927980994463,-0.00040495960579573,-0.662017692686037,0.674999751490186,865.708131093748,-899.999677668628,-816468.718757277,899999.641939891,447540632.205457,-599999711.754847,-53261852681.1223,199999864015.145,2.00470400795723e-07,0.0999999999999985,2.00470400795726e-06,-0.00152028946217972,-0.00881743928567957
0.584,-1.76309764506716e-08,1.76707404050784e-08,5.28900401154025e-05,-5.32942151888004e-05,-0.132173059987704,0.133333270092435,264.132752993281,-266.666580927945,-395559.012892384,399999.862192552,394278779.526127,-399999847.611221,-195859156354.662,199999910232.819,1.76309764506716e-08,0.1,1.76309764506716e-07,0.000452499847849,-0.00579550101030762
0.585,-2.73735824204781e-10,2.11935447612839e-10,1.65310605264947e-06,-1.63136468585419e-06,-0.00826748227511989,0.00833330968914574,33.0699371393641,-33.3333241599813,-99209.8115435926,99999.9696976653,198419623.175891,-199999937.192827,-198419623210.926,199999936291.19,2.73735824209978e-10,0.1,2.73735824209978e-09,0.0023550284091096,-0.00224592020229307
0.586,1.05783612955327e-12,-2.84456551982738e-11,-2.59821828621605e-10,2.75847474485252e-08,1.3623240248203e-09,-1.76269706034297e-08,-1.67341705314023e-08,-3.35702770004776e-07,2.68303320416545e-05,0.000650347342412943,-0.0268157048764847,-0.650159512408345,1.06864794409442e-05,0.000287719438030185,2.84456551982738e-11,0.1,2.84456551982738e-10,0.0040045483515814,0.00147797259338546
0.587,3.9934678419719e-13,1.24277276969102e-12,-1.29232258640496e-10,1.58383090870042e-08,6.77267868304456e-10,-8.87292980448722e-09,-1.65584457345511e-09,-5.21756792138323e-09,7.31625420480447e-09,9.39869321580239e-08,-0.0134078470950026,-0.325079612345182,1.06864794409442e-05,0.000287719438030185,3.99369183435295e-13,0.1,3.99369183435295e-12,0.00524392640444347,0.00501159603952327
