time,x,y,vx,vy,ax,ay,jx,jy,snapx,snapy,cracklex,crackley,POPx,POPy,contour_error,allowed_error,error_utilisation,modal_x,modal_y
0,0,0,2.38156310274637e-23,0,-1.19812117390256e-23,1.25950360789417e-25,-1.31920063321006e-20,0,1.96884720060858e-15,0,3.37712340324933e-27,8.93709635597917e-18,-3.73262922739977e-12,0,0,0.1,0,-1.37328332145436e-24,6.0848260504385e-26
0.001,2.66496615870869e-26,-8.62385284997698e-32,2.41251639074165e-23,1.26963887238506e-28,3.61575708983897e-20,1.27439876848749e-25,-5.76678272165121e-17,1.21943216979444e-23,1.96698088599487e-15,-2.3213692426651e-19,1.17554183024515e-10,8.93709635597917e-18,199999341661.269,123689582757.035,8.62385284997698e-32,0.1,8.62385284997698e-31,3.09411266369488e-24,6.83016877179829e-26
0.002,2.77776863418429e-10,1.71791087162548e-10,1.66666118051057e-06,1.03074652297529e-06,0.00833330590255286,0.00515373261487643,33.3332236102114,20.6149304595058,99999.6708306343,61844.7913785172,199999341.661269,123689582.757034,199999078280.589,36944716019.0383,1.71791087162548e-10,0.1,1.71791087162548e-09,2.73182081859573e-09,1.68949444739359e-09
0.003,1.77777188929729e-08,1.08741505968225e-08,5.33331555814993e-05,3.22610148457259e-05,0.133332883466651,0.0788453523906065,266.665744984911,150.46196588638,399998.551632197,204006.732145071,399998419.941857,160634298.776073,199998610450.361,-63989376132.4334,1.08741505968225e-08,0.1,1.08741505968225e-07,1.73606377839139e-07,1.06181996773616e-07
0.004,2.02499309370654e-07,1.17384861481243e-07,0.000404998592730636,0.000226498323184933,0.674997583026735,0.355416843473349,899.996608329764,424.120951397415,899996.276799234,332646.342854927,599997030.392218,96644922.6436393,199997616129.196,-99303606706.9181,1.17384861481243e-07,0.0999999999999985,1.17384861481245e-06,1.95674537672845e-06,1.13347299105192e-06
0.005,1.13777372292303e-06,6.06806148600757e-07,0.00170666038245621,0.000852616041220405,2.13332506882687,0.957830803126046,2133.32433634664,788.539154456341,1599992.11525605,379639.462145107,799994646.521414,-2658684.06327876,199994468904.307,-106457551812.882,6.06806148600757e-07,0.0999999999999515,6.06806148601051e-06,1.08415150693023e-05,5.76814865714014e-06
0.006,4.34026142613617e-06,2.08540908130491e-06,0.005208312702845,0.00226699174049773,5.20831100675945,1.93131084331886,4166.64618634745,1149.10634926766,2499983.99622962,323752.002175387,999989115.42572,-109116235.876161,169226791217.971,-97725737695.9563,2.08540908130491e-06,0.0999999999992936,2.08540908131964e-05,4.06437837733751e-05,1.9415645910035e-05
0.007,1.29599049431003e-05,5.52201860294044e-06,0.0129596872385527,0.00482145353450401,10.7986651600934,3.22003524862419,7194.82920549292,1402.01261055564,3584586.50726432,165772.897451248,1169215906.64369,-206841973.572117,-199992085733.741,-70636510461.0912,5.52201860294044e-06,0.0999999999937016,5.52201860328824e-05,0.000118868809044774,5.00634522258414e-05
0.008,3.26768864328541e-05,1.21922439448653e-05,0.0280002488146656,0.00876091685149521,19.9723239334202,4.66751745770755,11330.6916517901,1452.59176947732,4653806.37104114,-76387.3313514149,969223820.90995,-277478484.033208,-199995042308.359,-17180459489.389,1.21922439448653e-05,0.0999999999599587,0.000121922439497472,0.000292591703044121,0.000106928338370244
0.009,7.2753453515937e-05,2.3523499165538e-05,0.0544522706696731,0.0141302941980524,33.783122947453,6.0349532950249,16435.7774262349,1234.6017861944,5523032.67079691,-362456.045129318,769228778.601592,-294658943.522597,-199995637075.45,44728001514.6355,2.3523499165538e-05,0.0999999998015149,0.000235234992122286,0.000633865641184066,0.000198036012477771
0.01,0.000147072840726429,4.08595412712831e-05,0.0974041723441757,0.0207102343226855,53.1002883539751,7.04108090146399,22310.0918801533,732.270936222889,6192263.63086078,-634750.987894597,569233141.526141,-249930942.007962,-199995281479.846,84272771267.8857,4.08595412712831e-05,0.099999999188899,0.000408595416026953,0.00124250511937021,0.000327164352736921
0.011,0.000275007982717192,6.51839475305744e-05,0.162713601996922,0.0280019473447887,78.5930511030848,7.41783255220775,28753.6395348639,-13.4000607977079,6661499.131647,-842545.544268616,369237860.046295,-165658170.740076,-199993457614.944,103963341175.6,6.51839475305744e-05,0.0999999971641578,0.000651839493790883,0.00224447817968451,0.000490839172554627
0.012,0.000482090745198762,9.68562356524294e-05,0.256807441021402,0.0352666195466151,110.730646786379,6.9598818300347,35566.4253535982,-921.447466907095,6930740.26288582,-956222.044420892,169244402.431351,-61694829.5644756,-199981744056.476,111793613361.797,9.68562356524294e-05,0.0999999912859698,0.000968562440925117,0.00378583419669244,0.000676196462385172
0.013,0.000800481160634172,0.000135409020096387,0.386481809197295,0.0416047682980056,149.782317099157,5.55469893654649,42548.4575270236,-1889.88465721659,6999993.79328893,-962020.067304469,-30737341.6251247,50098783.7973214,61377539689.2175,111322405579.02,0.000135409020096387,0.0999999759775332,0.00135409052624982,0.00602280864686384,0.000860378771224761
0.014,0.00126923703347901,0.00017943664502131,0.558704251449108,0.0460572033640977,195.828206030041,3.19679247654301,49543.3122394482,-2808.30159835923,6999945.22150841,-856260.080717637,30640198.0640927,161421189.376341,-61214870496.3116,102754730230.475,0.00017943664502131,0.0999999396144594,0.00179436753375163,0.00910911874293352,0.00101180122375524
0.015,0.00193440444134827,0.000226590004745404,0.78047153768679,0.0477147172003175,248.874046960317,-0.00845418351937719,56548.3750815726,-3566.72529601695,6999977.98432435,-643461.526226058,-30574672.4322188,264175919.606816,61052190618.9306,83084353770.4118,0.000226590004745404,0.0999998597684595,0.00226590322496504,0.0131819214758966,0.00109328366479061
0.016,0.0028490292274506,0.000273681546601965,1.05878567000885,0.0458273564806837,308.919859096588,-3.84941907464112,63543.241094784,-4064.25147014453,6999929.40720159,-337743.429734037,30477518.1867118,347260273.377228,-60862058818.9925,45621740225.4395,0.000273681546601965,0.0999996959027858,0.00273682378862455,0.0183487903956739,0.00106675972418814
0.017,0.00407315720036419,0.000316895702856538,1.4006445672668,0.0399043704585738,375.96560856222,-8.0227646415804,70548.2655846091,-4220.76113981905,6999975.89597881,32327.7137559108,-30384540.6322807,392882013.602667,60627862207.3225,-10194099075.5189,0.000316895702856538,0.0999993786968428,0.00316897671751778,0.0246776227238614,0.000899038704059571
0.018,0.00567383411283939,0.000352089837650734,1.81305021048031,0.0297928983324511,450.011324165639,-12.1623063430492,77543.153853973,-3993.69143577439,6999905.28645019,420112.677820818,30243321.5750418,382687914.527148,-60349980666.1515,-60157495628.356,0.000352089837650734,0.099998795068421,0.00352094080143494,0.0321905300490308,0.000567901440221266
0.019,0.00772510567530671,0.000375156577781151,2.3030005196759,0.0157192090684599,531.056956633905,-15.8846666831432,84548.1224710996,-3392.26104996139,6999973.61769215,772721.844533789,-30106659.0911097,322530418.898792,59986519540.9915,-90319763434.2804,0.000375156577781151,0.0999977678655005,0.00375164951967474,0.0408622592222183,6.76494442274282e-05
0.02,0.0103080175250379,0.000382402835719277,2.87749744525851,-0.0017201150628162,619.102547575649,-18.8405750644976,91543.0405125031,-2473.32728988392,6999860.21837154,1050092.38171544,29879860.4498818,232210655.464512,-59538299501.62,-106070508345.829,0.000382402835719277,0.0999960291200604,0.00382418021079761,0.0506232401242373,-0.000586860457851482
0.021,0.0135106152446522,0.000370895753527114,3.54353890530183,-0.0216135468522284,714.148017411601,-20.7545739921275,98547.9176111826,-1324.80799849386,6999970.92907061,1229267.78300704,-29658439.0517382,126140147.118683,58835100549.9789,-112792425237.319,0.000370895753527114,0.0999931857001323,0.00370921029198316,0.0613669065618043,-0.00135855358311286
0.022,0.0174279443116122,0.000338736232348445,4.30812679786474,-0.042821330977182,816.193428876666,-21.4484244256496,105542.865170819,-51.2688794670377,6999730.04029386,1299011.71750706,29176661.4982406,13347721.8813639,-57878383206.6273,-112886208941.224,0.000338736232348445,0.0999886761714657,0.00338774594602655,0.0729605240472341,-0.00218936150282109
0.023,0.0221620501196143,0.000285236224278037,5.17825901437457,-0.0640792724529767,925.238610245248,-20.8526664180888,112547.537144661,1235.60233082383,6999967.51018879,1255916.33491781,-28701721.7083866,-99538487.0598602,26970612598.6516,-106656580184.878,0.000285236224278037,0.0999817176954712,0.00285288381568741,0.0852584283688882,-0.00300440929624519
0.024,0.02782197782556,0.000210987904563577,6.16093708329388,-0.0841098545582963,1041.28247130024,-19.0101396918237,119537.648896095,2423.97332551423,6984751.09477973,1103049.55776551,-1731109.10973503,-206195067.244738,33916546479.1018,-92557811989.1596,0.000210987904563577,0.0999712418574743,0.00211048598220252,0.0981163550746067,-0.00371883712949312
0.025,0.0345237701499627,0.000117821089267118,7.26315271473297,-0.101733528770637,1164.31362041498,-16.0728640074671,126527.187194067,3408.49904765918,6999978.25890954,850575.584526194,32185437.3693668,-298752879.233898,-199894024190.378,-66729083936.2615,0.000117821089267118,0.0999558184555582,0.00117873167452981,0.111405433642504,-0.00424659498760668
0.026,0.0423904591957777,8.65207003010226e-06,8.49189626706449,-0.115973384769188,1294.33783206039,-12.2916496925811,133509.942500962,4098.57667857905,6932216.68418372,518458.163324165,-167708586.821011,-365481963.170159,-199966859727.034,-24723334894.2555,8.65207003010226e-06,0.0999335665060858,8.65782172357009e-05,0.125024451721297,-0.00451029949283719
0.027,0.0515520632030144,-0.000112765521069799,9.85413578557444,-0.126144770871515,1431.27759951982,-7.99578773182225,140324.977081781,4430.17330450243,6664524.66749919,140614.532706878,-367675446.548044,-390205298.064415,-199975716760.451,25857438074.7219,0.000112765521069799,0.0999020519985794,0.00112876080935157,0.138909322935606,-0.00445107739500041
0.028,0.0621454996313507,-0.000242167180448654,11.3566696414718,-0.13191807927107,1574.86522737273,-3.55926398405734,146772.33473988,4379.99476118955,6196861.36257092,-236662.046320176,-567651163.308495,-364347859.989693,-199977427258.764,65246948623.9225,0.000242167180448654,0.0998581727558648,0.00242511127297221,0.153038009771909,-0.00403723750671012
0.029,0.0743143171366829,-0.000375147699114889,13.0059285278312,-0.13334142698518,1724.63305187387,0.64439373349984,152652.040949586,3972.03327631185,5529221.48563304,-568386.431997907,-767628590.567259,-299100911.36577,-199975800195.178,88644508909.9833,0.000375147699114889,0.0997980319546381,0.00375906910955326,0.167429532933241,-0.00327061482681802
0.03,0.0882082279068554,-0.000507530975845489,14.8077754861045,-0.130817471519257,1879.91343314284,4.28607716312303,157764.118839903,3268.87047344939,4661604.9949682,-823165.088908685,-967604390.762437,-210456402.455787,-199970527819.311,100693800363.625,0.000507530975845489,0.0997168030824387,0.00508972369908308,0.18213705715766,-0.00218957029696445
0.031,0.103982440021773,-0.000635696509533834,16.7673059295625,-0.12504208320266,2039.83875497644,7.11248460005726,161908.593218187,2357.25948337342,3594015.3402961,-983274.59118266,-1167574918.58175,-109762602.092162,-199957765245.493,104969613737.304,0.000635696509533834,0.0996085906351423,0.00638194462425771,0.197235796782695,-0.000867978315147235
0.032,0.121796789837489,-0.000756831212527756,18.8886476684351,-0.116918546654419,2203.34142847146,8.9641867547297,164885.494804985,1336.59852676756,2326461.53909161,-1040552.38640617,-1367532683.82724,-4792988.35485801,-199916386383.692,102920833803.466,0.000756831212527756,0.0994662926915127,0.00760892149539554,0.212806982221696,0.00058995429268418
0.033,0.141814674398091,-0.000869088152729083,21.1747609414005,-0.107458828068273,2369.15390208258,9.78399862497685,166494.870604432,310.803118484538,858970.662072523,-993884.957859295,-1567449070.21093,98127845.4486077,-17672188645.7654,94373518604.693,0.000869088152729083,0.0992814735785579,0.00875377974765256,0.228919496232506,0.00205866061222492
0.034,0.164201784139457,-0.000971643644031988,23.6272399829161,-0.0976802002708152,2535.81628016516,9.6181461353817,166567.171366625,-618.288996883004,-717314.502461291,-848570.35310834,-1585121258.8567,192501364.053301,199910290241.775,77684115601.2948,0.000971643644031988,0.0990442570981976,0.00981019669892268,0.245610997996319,0.00340314055798072
0.035,0.189124650637889,-0.00106465146442667,26.2461559155475,-0.0885039587682608,2701.7689369995,8.61089236077013,165090.614616442,-1357.66131536448,-2202480.6161971,-617226.931254392,-1385210968.61492,270185479.654595,199951452653.185,50057546604.6326,0.00106465146442667,0.0987432529413932,0.0107820173299189,0.262870521787938,0.0044926570951579
0.036,0.216749103088632,-0.0011490996506192,29.0300470288909,-0.0806630933458413,2865.5357741236,6.99173422416275,162228.853758047,-1831.45258235747,-3487715.85848543,-322012.678297481,-1185259515.96174,320243026.259228,199963795021.906,11048555956.6029,0.0011490996506192,0.0983655298680128,0.0116819342320534,0.280625137014466,0.0052147943015162
0.037,0.247238801225948,-0.00122658285210785,31.9760682244689,-0.0746273186618465,3025.83155852454,5.05310949686461,158181.835440751,-1991.50232153257,-4572993.47693621,3754.62594004868,-985295720.93983,331291582.215831,199968353302.378,-30031649546.6772,0.00122658285210785,0.0978966487230869,0.0125293650815095,0.298733547346728,0.00548837887435449
0.038,0.280753950394461,-0.00129901265757955,35.0801891475489,-0.0705557810025787,3181.57101328805,3.11744843327359,153149.522162228,-1827.10717940905,-5458305.02122485,320030.383382541,-785327367.637452,301259932.669154,199968755893.062,-61104763013.3864,0.00129901265757955,0.097320768313321,0.0133477435504559,0.316988191956291,0.00527380421089291
0.039,0.317450216272978,-0.0013682984719977,38.3373941488472,-0.0682865044709431,3331.86882707656,1.49802040254178,147331.881583167,-1366.63095686083,-6143648.01091577,590737.934545001,-585358611.744389,240155169.655767,199964744127.302,-80052748557.8783,0.0013682984719977,0.0966208376470975,0.0141615256638049,0.335125708462227,0.00457946824763626
0.04,0.357477839563367,-0.0014360372339042,41.7418822518109,-0.0673640038652432,3476.03965674998,0.463448743372833,140928.881723733,-669.157562247591,-6629024.25059651,790866.729921829,-385393867.617087,160102421.097889,199950514302.492,-89622384286.4458,0.0014360372339042,0.0957788877604761,0.0149932544371934,0.352844638437133,0.00346337491841971
0.041,0.400980950647257,-0.00150324687716641,45.2872671202241,-0.0670973987003305,3613.59812530857,0.212674016923869,134140.485625045,186.823314175441,-6914442.86106235,906157.958876495,-185443353.314595,70480036.8114431,199858261920.232,-92026793273.2475,0.00150324687716641,0.0947764355453213,0.0158609771354777,0.369828562761988,0.00202946442403715
0.042,0.448097084208173,-0.00157016858553898,48.9667770198808,-0.0666381169215829,3744.25880970512,0.860488533619745,127166.630797646,1112.88349257878,-6999957.08341683,930624.599051314,14414908.6056368,-21546756.4618044,-28277154823.014,-88099105132.1011,0.00157016858553898,0.0935950108700967,0.016776199617288,0.385772348519978,0.000418851565294328
0.043,0.498956893487345,-0.00163615250350287,52.7734528504491,-0.0650677144825606,3867.92668623104,2.43142240360005,120169.168309395,2018.05152921051,-6999680.7522227,865028.290023459,-13862246.2173772,-109645861.593905,27276636129.5354,-77488967714.6977,0.00163615250350287,0.0922168169551463,0.0177424525973249,0.400408912158232,-0.0012032545374854
0.044,0.553684046144628,-0.00169963314335576,56.7002971570878,-0.0614883092516487,3984.59484031646,4.86048506056852,113167.102540085,2815.34206048457,-6999904.6803753,716637.944572204,13414389.9121582,-187134829.308603,-26587250320.3865,-58994354243.1277,0.00169963314335576,0.0906255330891873,0.018754462295776,0.413533712860011,-0.00266368365958802
0.045,0.612395210317796,-0.00175819376787953,60.7403092352667,-0.0551090024075825,4094.26311844591,8.00049885702763,106169.473846279,3428.58019802861,-6999783.91562334,500005.938142037,-13172860.4082283,-246129183.551731,26079576124.2172,-31764491215.2872,0.00175819376787953,0.0888072700616005,0.0197978585160874,0.425023732521189,-0.00379887607008843
0.046,0.675200054293378,-0.00180871235243872,64.8864901284438,-0.0453213992152583,4196.93159150665,11.636736973068,99167.450096472,3800.22746252557,-6999916.98796946,237994.508982663,12906715.7159889,-277893674.767018,-25660128019.0065,1398763631.38352,0.00180871235243872,0.0867516883163864,0.0208493043483175,0.434848421080513,-0.00447209326355858
0.047,0.742201246534633,-0.00184757440932371,69.1318391161128,-0.0317564500061821,4292.60016505642,15.5097043594417,92169.7097783574,3899.50826139662,-6999840.33626297,-39199.7839686635,-12753412.3030176,-276494911.135634,25334261015.1406,32655354029.1267,0.00184757440932371,0.0844532863047514,0.0218768799908709,0.443071513770663,-0.00458845492230204
0.048,0.813494455620465,-0.00187092998120054,73.469357175729,-0.0143147733067173,4381.26888469214,19.3448908834159,85167.7151127788,3727.503580865,-6999926.61805842,-299367.018089734,12580848.712123,-243839557.106508,-25051493357.7566,55746918030.7734,0.00187092998120054,0.0819128645619803,0.0228404902112156,0.449843653345387,-0.00410614571883311
0.049,0.889168350264163,-0.00187496548666453,77.8920435789808,0.00683427944022032,4462.93768949178,22.8843938173029,78169.9036701835,3315.50793722714,-6999871.51602517,-515333.116180855,-12470644.6456335,-188092639.075734,24818115396.4362,69819477987.0664,0.00187496548666453,0.0791391691438161,0.0236920036809741,0.455386651241591,-0.00304246444465913
0.05,0.969304599274403,-0.00185615936833979,82.3928992622624,0.0312832830091284,4537.60661305132,25.9137955681765,71167.9331844015,2717.76508117293,-6999933.10297259,-668516.016263056,12347470.7508027,-118273161.088668,-24604166930.7076,76244054035.2723,0.00185615936833979,0.0761507160092019,0.0243748117629714,0.45997102191083,-0.00147388945742746
0.051,1.05397787157023,-0.00181149496124887,86.964923495832,0.0584402491005857,4605.27561242241,28.2807672832879,64170.0731223159,2002.81982670475,-6999887.71568714,-748667.150334088,-12256696.1799049,-42029107.0533955,24415760084.615,76154553048.945,0.00181149496124887,0.0729777956973642,0.0248225497075997,0.463889060575279,0.000470029689635824
0.052,1.14325583615425,-0.00173861196413914,91.6011171896319,0.0875965318473185,4665.94471622752,29.9054217900271,57168.1263518863,1245.83054835212,-6999936.53182473,-752618.980863011,12159063.9047101,34125445.9955494,-24233081494.4755,69914607847.775,0.00173861196413914,0.0696646552676694,0.0249568731440491,0.467426138145518,0.00261846416283179
0.053,1.2371991621267,-0.00163588606061394,96.2944796176321,0.118001436930026,4719.61389111241,30.7835435309406,50170.2305050981,521.92672512818,-6999894.00866726,-683536.230943574,-12074017.5897654,104040053.843324,24061616460.0573,57292953110.4583,0.00163588606061394,0.0662718519380313,0.0246844778405108,0.470833028474052,0.00477566488893255
0.054,1.33586151866552,-0.00150243339823322,101.038011672425,0.148936833561893,4766.28316484427,30.9834293559505,43168.309757046,-100.040653375322,-6999937.21802699,-550849.70054502,11987598.8702919,161333006.953783,-23886543650.7778,38117384017.4175,0.00150243339823322,0.0628787702170633,0.0238941282255789,0.474301946341168,0.00674027232706777
0.055,1.43928957504133,-0.0013380430781239,105.824712636374,0.179785474161222,4805.95250865279,30.636440911129,36170.3852478457,-563.870953107214,-6999892.89098209,-370458.001582529,-11898944.780486,199450390.9712,23712496707.2853,13692410537.2746,0.0013380430781239,0.0595862915738781,0.0224555521543899,0.477948581234932,0.00832563104506334
0.056,1.54752300060114,-0.00114304711664554,110.64758339065,0.210086661131912,4838.62195231838,29.9211532061648,29168.4949672579,-832.321690781263,-6999935.58740893,-164161.405342691,11813551.9267994,213142801.508475,-23527576331.5993,-11972033730.0731,0.00114304711664554,0.0565196028707793,0.0202239056643566,0.481801799224919,0.00937902835984683
0.057,1.66059446478557,-0.000918143679688708,115.499623230689,0.239573074441577,4864.29146810157,29.0417757782248,22170.5448930905,-891.907034324729,-6999885.82364793,42995.3793007471,-11714024.4047999,201170767.778402,23335114020.2528,-33888533295.2516,0.000918143679688708,0.053831126901802,0.0170559996145645,0.485801919385474,0.00979784528849639
0.058,1.77852963711401,-0.000664194947700611,120.373833029975,0.26818416231007,4882.96109004186,28.2034828726263,15168.6912429102,-753.974360017323,-6999932.29104261,227221.880431523,11621089.6154528,167282234.48315,-23126876473.7198,-49303424979.6762,0.000664194947700611,0.0517035554767801,0.0128462141834501,0.489807624875831,0.00954087949597975
0.059,1.90134718720509,-0.000382023913227572,125.263212101744,0.296055087547321,4894.63078836766,27.5889455158644,8170.71501726299,-451.328599840838,-6999874.63966401,369852.402424835,-11505786.858267,117978809.503474,22904069075.2275,-57910712962.4008,0.000382023913227572,0.0503529625750527,0.00758692028613317,0.493610729071946,0.00863356270918338
0.06,2.02905878476134,-7.22332611136575e-05,130.160761313307,0.323484444024791,4899.30060277016,27.3397933057798,1168.90482901572,-32.138578158,-6999928.39198467,458875.855447108,11398282.2169605,60068096.541073,-22665585910.2736,-60272940172.8887,7.22332611136575e-05,0.05,0.00144466522227315,0.496957261758457,0.00716641617690436
0.061,2.16166909959332,0.000264935259816695,135.059479999808,0.350886647913587,4896.97049871747,27.5445926322617,-5829.10201951218,446.72583553083,-6999862.90272284,488807.481901737,-11267303.693313,-204843.631815629,22409835422.2312,-56871183071.079,0.000264935259816695,0.05,0.00529870519633389,0.499572745882727,0.00528679985784183
0.062,2.29917580160176,0.000629688944635962,139.952369020976,0.378735588915588,4887.64052110579,28.2333184355101,-12830.8636015113,925.952365104812,-6999925.28870504,460167.046734381,11142531.7289182,-57076026.7028946,-22145670544.7554,-47966578978.4186,0.000629688944635962,0.05,0.0125937788927192,0.50118915312066,0.00318472473258859
0.063,2.44156956080457,0.00102271414953663,144.832427735791,0.407505800152168,4871.31062921228,29.3778430454075,-19828.9085694427,1349.58696865801,-6999855.5922485,379107.730542277,-11003138.8158372,-105042605.681313,21869345758.6341,-33963115015.5349,0.00102271414953663,0.05,0.0204542829907326,0.501570895891368,0.00107412835610249
0.064,2.5888340473149,0.00144514867600235,149.6926569919,0.437616961502467,4847.98087021298,30.8980616485975,-26830.6208401393,1670.51287719037,-6999924.05818502,257083.567353197,10866206.942797,-139005720.696848,-21595184304.5515,-16105132032.7502,0.00144514867600235,0.05,0.0289029735200469,0.500537338733166,-0.000828503774968486
0.065,2.74094593136882,0.00189850261820804,154.526056170482,0.469387200736422,4817.6511985789,32.6732776421803,-33828.710992237,1855.40939552302,-6999855.4433945,110025.280639974,-10728977.3617545,-155110852.729598,21319571543.1841,3039422631.65658,0.00189850261820804,0.05,0.0379700523641607,0.497979683530391,-0.00232599894380339
0.066,2.89787488329965,0.00238453898868248,159.325626101614,0.503000082999462,4780.32166001755,34.5579745118446,-40830.3776623885,1888.38582023681,-6999924.63498466,-43565.8607737963,10590594.1814296,-152071430.097942,-21051720556.6668,20257266403.5703,0.00238453898868248,0.05,0.0476907797736495,0.493870655496632,-0.00326059739969926
0.067,3.05958357356382,0.00290512973553688,164.084366184538,0.538488821945596,4735.99220798167,36.4000762161117,-47828.5156203753,1772.1604554813,-6999859.90108156,-185508.657669953,-10461126.3752372,-131814163.694371,20790463416.5288,33158148599.7703,0.00290512973553688,0.05,0.0581025947107375,0.488266138488165,-0.00353020685241305
0.068,3.22602767271395,0.00346210517374066,168.795277228766,0.575738844340921,4684.662885159,38.0588949050006,-54830.1410074083,1526.27107406412,-6999925.79574853,-300743.747064439,10329337.0412915,-98656015.0946009,-20533867639.6954,40756825308.2006,0.00346210517374066,0.05,0.0692421034748132,0.481298700240613,-0.00309910283780134
0.069,3.39715585142245,0.0040571145475302,173.451358648396,0.614506979798024,4626.33364723208,39.4200496374046,-61828.3244459095,1182.99212367042,-6999863.39252709,-379021.349504939,-10204530.5984039,-57899189.7864003,20284026717.3554,42974493091.7498,0.0040571145475302,0.05,0.0811422909506041,0.473163739494411,-0.00200193112745025
0.07,3.57290978045588,0.00469151250213819,178.045611233351,0.654453300926882,4561.00453550258,40.405671825237,-68829.9094326162,782.183594787571,-6999925.90976681,-415433.292745465,10079496.1189515,-14924696.6946505,-20028362913.7561,40066526224.711,0.00469151250213819,0.05,0.0938302500427639,0.464099693849457,-0.000340562785873746
0.071,3.75322413069801,0.00536628162446511,182.571034412895,0.695180537692744,4488.67550851598,40.9793207627954,-75828.1336548092,365.965708065567,-6999860.59510474,-410324.72632776,-9948866.79480454,25141829.5300605,19771953707.3869,32462075000.5867,0.00536628162446511,0.05,0.107325632489302,0.454364308598767,0.0017259017205482
0.072,3.93802657312658,0.00608199597456179,187.020628961381,0.736275771948707,4409.34661025056,41.1456669990771,-82829.6733576934,-26.3777576637315,-6999923.48504585,-368951.859297406,9823086.91258238,57603904.5306471,-19491171906.4711,20969002142.7282,0.00608199597456179,0.05,0.121639919491236,0.44420932338418,0.00399696928800487
0.073,4.12723777883884,0.00683882531987911,191.387394327907,0.777349332996776,4323.01780019933,40.9452876709424,-89827.9338279341,-363.032831005359,-6999845.9840865,-300863.453695394,-9668084.99388866,78572906.6733753,19193886779.8807,7088285745.53389,0.00683882531987911,0.05,0.136776506397582,0.43385605956084,0.00625081550787213
0.074,4.32077141903038,0.00763657491988135,195.664331277308,0.818066293283426,4229.68913177714,40.4452139427743,-96829.4148733875,-623.428450406477,-6999917.12569045,-218746.404149252,9525801.78599207,85661192.4189092,-18835876540.2002,-7001931686.74113,0.00763657491988135,0.05,0.152731498397627,0.423474270957849,0.00826651619179423
0.075,4.51853416502777,0.00847475150507928,199.844439288736,0.858166846133892,4129.36056114635,39.7263974085428,-103827.708410942,-800.511246960731,-6999809.26217456,-136586.177573714,-9310074.75420808,78659260.732168,18428274840.6734,-19043196321.734,0.00847475150507928,0.05,0.169495030101586,0.413166275405952,0.00984616838504904
0.076,4.7204256882683,0.00935264306933051,203.920719126449,0.89747334233192,4022.03216426998,38.8699094830705,-110829.101331353,-900.941660221983,-6999905.19950843,-67448.5150024125,9118200.08646527,59616064.410434,-17866105500.7699,-27403842767.6753,0.00935264306933051,0.05,0.18705286138661,0.402957843781872,0.0108346299852604
0.077,4.92633866034845,0.0102693988578454,207.886170320228,0.93588379520304,3907.70388561783,37.9440377493004,-117827.425115069,-943.149450147124,-6999720.05217235,-21534.3719758161,-8747905.41430466,32212221.6427587,17164662639.4182,-31275413286.1993,0.0102693988578454,0.05,0.205387977156909,0.392796649496731,0.0111348550859419
0.078,5.13615875300324,0.0112240968080797,211.733793651822,0.973353750712728,3786.37585768671,36.9941866745522,-124828.658342841,-953.790280182595,-6999885.62626694,-4959.85697615713,8416757.22511358,936808.356559372,-15925134941.0961,-30446203275.4801,0.0112240968080797,0.05,0.224481936161594,0.382558333631389,0.0107172643786318
0.079,5.34976463819364,0.0122157884459427,215.456588750722,1.00987000091968,3658.04799577632,36.0368040088045,-131826.989779653,-963.356100193052,-6999431.43651237,-19246.1502573378,-7508377.71598253,-29509394.9189207,14166708791.7041,-25098526920.1096,0.0122157884459427,0.05,0.244315768918853,0.372059502227159,0.00962221639091607
0.08,5.56702798809142,0.0132435152068231,219.047556484909,1.04542048047417,3522.72062916166,35.0578608290413,-138827.814286891,-1001.54003572987,-6999856.4598325,-61304.8086363133,6658331.07572156,-54607921.8390303,7964220009.24628,-15849376529.98,0.0132435152068231,0.05,0.264870304136462,0.361076302940496,0.00795536671214033
0.081,5.78781347532772,0.0143062946629264,222.499696907983,1.07996494640902,3380.3943282092,34.015906677998,-145823.014211184,-1092.79036804069,-6989216.01875216,-123837.418740333,14622551.0849678,-70457298.3690102,-50451471775.9743,-3942276047.9262,0.0143062946629264,0.05,0.286125893258529,0.349366707789302,0.00587644072482195
0.082,6.01197877439856,0.0154030796784345,225.806015048594,1.11341084976014,3231.07704093583,32.8492904560236,-152813.327533023,-1252.51348197352,-6999819.20355518,-196265.855133307,-35828920.6910064,-74399574.4169364,72086647674.7065,8732867309.71522,0.0154030796784345,0.05,0.308061593568689,0.336694297048611,0.0035826236542867
0.083,6.23937456722211,0.0165326976355642,228.95951789708,1.14559814529095,3074.76083592456,31.4866079868852,-159819.046755645,-1484.52364643034,-6999604.80040883,-266298.995895386,36257726.9837001,-65666707.1072212,199468714612.036,20051936827.2113,0.0165326976355642,0.05,0.330653952711284,0.322851240745472,0.00128832039723578
0.084,6.46984453795835,0.0176937800490767,231.953205781805,1.17629553927532,2911.45634091965,29.8588258886904,-166767.277906793,-1780.31400640814,-6863612.71611911,-321939.734589001,235726441.595736,-45614770.2800099,199704101710.83,28257943974.6458,0.0176937800490767,0.05,0.353875600981534,0.307678107825964,-0.000796600302128441
0.085,6.70322539362219,0.0188846945272637,234.780146034454,1.20520888640581,2741.3048653993,27.9111169676067,-173479.743385163,-2120.35146880804,-6528034.22366796,-353425.532881688,435430543.306565,-17356826.3053641,199725888702.304,32244332493.9903,0.0188846945272637,0.05,0.377693890545275,0.291078972078137,-0.00248782579409227
0.086,6.93934701070333,0.0201034907543216,237.433642829779,1.23200046888521,2564.64199857155,25.6125034418276,-179756.77468906,-2477.08135942674,-5992740.73601024,-354660.192940057,635156432.00887,14887506.1886261,199667487177.895,31446512700.1674,0.0201034907543216,0.05,0.402069815086432,0.273031378520785,-0.00364473452243096
0.087,7.17803277094271,0.0213478700182647,239.90743577963,1.25631620398219,2382.00303239846,22.9618835083247,-185398.659294536,-2819.05671382246,-5257750.56041242,-324049.430401347,834823919.186765,46334018.8887936,199417499338.772,25679764076.4752,0.0213478700182647,0.05,0.426957400365294,0.253590878506372,-0.00418382542432688
0.088,7.41910009662288,0.022615184240939,242.195899636764,1.27781669547736,2194.12294420605,19.9895944059529,-190205.761645466,-3115.65917409999,-4323217.89155627,-264875.529474316,1034241418.52554,72013782.9652687,111270774177.125,15217480602.566,0.022615184240939,0.05,0.45230368481878,0.232889860923491,-0.00408613625856364
0.089,7.66236118541062,0.0239024660418602,244.294243184481,1.29620744176131,2001.93258346682,16.7541338259684,-193993.31369873,-3341.99156532458,-3233341.08594217,-185253.006207764,1145512192.70266,87231263.5678347,-199468483114.097,1127815006.74867,0.0239024660418602,0.05,0.478049320837203,0.211130864780356,-0.00339798946236843
0.09,7.90762393721423,0.0252064865615586,246.198686288354,1.31126334833803,1806.5052067371,13.3341012937599,-196687.143435506,-3483.44097058064,-2187563.13479656,-97457.8351365551,946043709.588565,88359078.5745834,-199726168457.419,-14522572834.1562,0.0252064865615586,0.05,0.504129731231172,0.188575018898108,-0.00222510820847465
0.091,8.15469301137322,0.0265238330424607,247.906521083621,1.32284304678081,1608.87363376211,9.8160528115053,-198434.972410251,-3539.13969523559,-1341382.5094367,-16360.0429790499,746317541.131146,73836505.7404272,-199797445759.463,-29144105231.2678,0.0265238330424607,0.05,0.530476660849214,0.165526192721977,-0.000720835693420137
0.092,8.4033708468292,0.0278509941521892,249.415983099012,1.33088963672439,1409.88403146042,6.27982484135229,-199436.495723416,-3523.43883621631,-694963.691185287,42904.4101457434,546520095.371683,44692400.5091594,-199809793099.447,-40551717049.6687,0.0278509941521892,0.05,0.557019883043784,0.142310825545025,0.000930205837826526
0.093,8.65345850784799,0.0291844385653268,250.726054161918,1.33541641713504,1210.18281516593,2.78359728874998,-199891.500999098,-3464.94684532426,-248348.492363327,67320.9521300684,346710302.272236,4140683.45949067,-199750818469.282,-47427522820.0347,0.0291844385653268,0.05,0.583688771306537,0.119254115109712,0.00253122892589769
0.094,8.90475633043129,0.0305206720636392,251.836262616841,1.33647853845894,1010.21660202026,-0.648975113383502,-199999.786143404,-3403.46013860112,-1513.59932573166,47747.8741795417,146959483.802955,-43286839.360544,-199266616050.415,-49077897763.3495,0.0305206720636392,0.05,0.610413441272783,0.0966546855574023,0.00389313031082078
0.095,9.15706436893629,0.0318562604317923,252.74648353628,1.3341335786545,810.232249548827,-4.03782070052841,-199961.031103503,-3385.53533372908,45812.5764520152,-20077.914062677,-52307132.2474607,-92364737.1238935,-46382166412.9644,-44997878746.0069,0.0318562604317923,0.05,0.637125208635847,0.0747602131843317,0.00485301217401703
0.096,9.41018264316737,0.0331878091754247,253.456740339725,1.32839542045506,610.283474287908,-7.45066402575723,-199949.102454244,-3459.29526281137,-29685.6390019277,-134941.590559574,-98689298.6604252,-137362615.8699,193334751447.485,-34710909785.0226,0.0331878091754247,0.05,0.663756183508493,0.0537463716305861,0.00528950291313764
0.097,9.66391119860304,0.034511895899192,253.967041814248,1.31918660583289,410.311136412364,-11.0017701410677,-199995.910284001,-3668.70331293673,-31707.5619386104,-289659.661321985,94645452.7870597,-172073525.654923,-113255431938.293,-18185715859.8798,0.034511895899192,0.05,0.690237917983841,0.0337012269469601,0.00513338666184244
0.098,9.91805006264404,0.0358249566410457,254.27735271069,1.30629488614727,210.310427613194,-14.8447399437688,-199999.171024869,-4047.43068972949,6310.17487930258,-470826.044906848,-18609979.1512337,-190259241.514803,27752877725.3032,3101236898.51581,0.0358249566410457,0.05,0.716499132820914,0.0146173398668261,0.00437257882633522
0.099,10.1723992375198,0.0371231333865012,254.387664060344,1.28934005822639,10.3124663824774,-19.1591643113334,-199997.540359945,-4612.86948257732,1576.63459072047,-659534.667972393,9142898.57406946,-187158004.616287,-45342519623.5932,25584113599.9068,0.0371231333865012,0.05,0.742462667730024,-0.00360638622968049,0.00305110458341573
0.1,10.4267587249688,0.0384020960462638,254.297978022419,1.26775695167986,-189.684651115394,-24.1319281239329,-199998.949362671,-5361.71913392454,-11951.7266470067,-833900.615788726,-36199621.0495237,-161573891.01638,184915419796.872,45207423777.7337,0.0384020960462638,0.05,0.768041920925275,-0.0211534620386167,0.00126238386611965
0.101,10.6809285269646,0.039656857384506,254.008291937312,1.24079882503608,-389.687904802405,-29.9356429049305,-199998.18166321,-6268.87212459183,44306.3622019054,-972870.794916239,148715798.747348,-116366467.238646,-161673402006.439,59575237302.9692,0.039656857384506,0.05,0.79313714769012,-0.0382709252301785,-0.000862272996213599
0.102,10.9347086447801,0.0408816021528086,253.518617175285,1.20756224879387,-589.645883709806,-36.7078625366326,-199906.462968635,-7289.99694691023,112185.459946034,-1059449.6435034,-12957603.2590911,-56791229.9356771,-195492775255.056,68037698129.8701,0.0408816021528086,0.05,0.817632043056171,-0.0552445253140155,-0.00316857334134232
0.103,11.1878991255646,0.0420695509483444,252.829034588661,1.16703101352277,-789.506559081314,-44.5342146061951,-199833.338439528,-8366.50258902649,1481.46905941484,-1082222.02437414,-208450378.514147,11246468.194193,183775689477.798,70585246876.8899,0.0420695509483444,0.05,0.841391018966887,-0.0723699906118736,-0.00549586170681096
0.104,11.4403000998972,0.0432128755366372,251.939604453303,1.1181342340979,-989.36624119567,-53.4370127440897,-199905.452878146,-9431.33717149072,-115081.064715833,-1035682.9327415,-24674689.0363484,81831715.0710829,199289472416.899,66992587900.7708,0.0432128755366372,0.05,0.864257510732743,-0.0899237731565129,-0.00769365001806042
0.105,11.6917116989305,0.0443026769963551,250.850266938125,1.0598129068723,-1189.32504332633,-63.3697614049435,-199999.656375311,-10414.9388153799,-40111.0175437317,-920354.923720036,174614783.38055,148824302.971854,199730975543.727,56460627295.5692,0.0443026769963551,0.05,0.886053539927102,-0.108137204089319,-0.00963634116323297
0.106,11.9419339701322,0.0453290321698873,249.560944321482,0.991088955090233,-1389.30733062253,-74.2177211055508,-199919.17150524,-11251.4714830647,234369.253608682,-743300.307100398,374345758.924277,205284930.267423,199801247588.89,37895370697.0615,0.0453290321698873,0.05,0.906580643397746,-0.127175372284004,-0.0112346830056192
0.107,12.1907669540889,0.0462811078116716,248.071733729399,0.91113048419215,-1589.03860148917,-85.8050496133421,-199464.329164238,-11885.8134299152,708615.636327404,-519067.691484444,574147006.513167,243180300.964484,199802239543.709,11567685823.4128,0.0462811078116716,0.05,0.925622156233433,-0.14712114346797,-0.0124428854607618
0.108,12.4380109590504,0.0471473352169004,246.383106653745,0.819306245491858,-1788.04460657417,-97.9093848519295,-198435.339651397,-12281.3630232802,1382663.76261243,-270103.547608253,773949246.056876,254747986.787897,199753019675.036,-18198369124.56,0.0471473352169004,0.05,0.942946704338008,-0.167965453626243,-0.0132608327686042
0.109,12.6834670351822,0.047915630719439,244.496108733799,0.715221624716727,-1985.65129976077,-110.284099916596,-196632.40909581,-12427.1256390153,2256489.51850682,-24454.7453826359,973702265.731912,236549617.663337,199557971190.348,-44459277847.6438,0.047915630719439,0.05,0.95831261438878,-0.189604723378762,-0.0137313792225126
0.11,12.9269376486097,0.048573639997141,242.412559544987,0.598729371929814,-2180.9848654709,-122.685880461936,-193855.808782572,-12340.7154552075,3329970.7698339,189865.233356879,1173260236.92226,192090339.815693,-158762431273.402,-63195310996.0839,0.048573639997141,0.05,0.97147279994282,-0.21184555512181,-0.0139332674742043
0.111,13.1682275547259,0.0491089790669636,240.135249333077,0.469912255082401,-2372.98676059704,-134.902281381787,-189965.668299489,-12065.3376037755,4423849.79111946,350357.91767453,1014497805.64886,128895028.819609,-199591680367.738,-74038918971.9771,0.0491089790669636,0.05,0.982179581339272,-0.234416170258316,-0.0139706767392592
0.112,13.407144842238,0.0495094448612945,237.668057654106,0.329040451520215,-2560.57973735338,-146.774042476879,-185067.834885607,-11662.8719915198,5338551.75658445,442233.487008151,814906125.281119,54856109.8476322,-199781742001.403,-77670650122.6186,0.0495094448612945,0.05,0.990188897225889,-0.256983668661774,-0.0139607233279527
0.113,13.6435019943374,0.0497631732552313,235.01586604751,0.17651031704457,-2742.8508029124,-158.209891317009,-179355.127023382,-11206.1555579416,6053567.01086487,458254.271794474,615124383.279716,-22814540.2749863,-199829836640.422,-74197913314.0957,0.0497631732552313,0.05,0.995263465104626,-0.279176853848325,-0.0140203701453021
0.114,13.8771167995427,0.0498587297347785,232.184370573855,0.012772154738767,-2919.08495194299,-169.193813742154,-173027.302793651,-10771.6748751703,6568776.47582437,398340.77486244,415294546.639294,-97012453.589082,-199823900358.487,-62452190164.7056,0.0498587297347785,0.05,0.997174594695571,-0.300613961025943,-0.0142541698986488
0.115,14.1078130666391,0.0497851254058564,229.179882405335,-0.161745668932312,-3088.7669767368,-179.785089146748,-166284.1830279,-10432.2490254632,6884159.07228442,270102.226191005,215470646.280807,-159464643.753788,-199690457405.984,-39782675723.3609,0.0497851254058564,0.05,0.995702508117128,-0.320932972559339,-0.0147440948125925
0.116,14.3354211398837,0.0495317583543135,226.009128010786,-0.346708841436547,-3251.58148888991,-190.11052211123,-159325.570375376,-10248.509567103,6999784.48986223,90746.244575537,15780188.8748229,-199247319.477148,-31332908019.1158,-4631474917.66601,0.0495317583543135,0.05,0.99063516708627,-0.339821576861354,-0.0155424159277651
0.117,14.559778214634,0.0490882882811601,222.679050763857,-0.541936834524502,-3407.40584252671,-200.347059420746,-152323.117942413,-10258.1588947523,6999898.2247275,-110816.812360444,-15552719.1442929,-203878794.394814,6814303445.80242,36085271314.5272,0.0490882882811601,0.05,0.981765765623202,-0.357043859395419,-0.0166682093856981
0.118,14.7807284668326,0.0484444619575374,219.196649420819,-0.747439637100522,-3556.2313195473,-210.693102967773,-145329.860360016,-10464.9008924244,6987752.6573061,-296652.971097995,-8738415.69849049,-167793523.080287,41798905965.856,69842205146.2317,0.0484444619575374,0.05,0.968889239150748,-0.372461038898205,-0.0181076134763936
0.119,14.9981230700918,0.0475899179569875,215.568917780758,-0.963421042054776,-3698.0670183602,-221.331385841045,-138339.510426232,-10833.8102575382,6999913.69459054,-429525.391605166,33060490.2673655,-97951317.9340553,-67014339911.9646,92322232546.0074,0.0475899179569875,0.05,0.95179835913975,-0.386043588299826,-0.0198174876893528
0.12,15.2118201896238,0.0465140070020423,211.802848478535,-1.19024423254283,-3832.90385412159,-232.392437254352,-131334.23554316,-11296.9242693527,6999467.01490192,-481315.593266217,-33953849.6445991,-5629085.38804791,68821101257.7556,105579894202.173,0.0465140070020423,0.05,0.930280140040846,-0.397872801471539,-0.0217317218792109
0.121,15.4216849885931,0.045205663775074,207.905443243243,-1.42836470591018,-3960.74114758635,-243.926558338977,-124340.275269537,-11763.4577562792,6999923.7158862,-434154.731553179,34867251.6131565,99950808.8141246,-70213532643.3613,112040027770.477,0.045205663775074,0.05,0.904113275501481,-0.408131439715075,-0.0237692000879893
0.122,15.6275896297399,0.0436533581124557,203.883699479664,-1.67824025396529,-4081.5785753532,-255.885766658407,-117334.620183285,-12128.9637454636,6999684.20117767,-278183.908853816,-35346281.0302047,211990836.584602,71183583364.6942,112978511171.244,0.0436533581124557,0.05,0.873067162249114,-0.417084670975098,-0.0258423522088103
0.123,15.8294132756197,0.0418451438137123,199.744619328688,-1.94022709204212,-4195.4162785001,-268.113783114235,-110340.745192061,-12282.3224841632,6999929.71182982,-9703.81668359175,35837302.3344894,324969347.755846,-72051044866.315,108512076857.785,0.0418451438137123,0.05,0.836902876274247,-0.425053244245423,-0.0278652770286408
0.124,16.0270420885472,0.0397688152308291,195.495200225339,-2.21446920904442,-4302.25408807939,-280.342274612245,-103334.905336542,-12111.4562808259,6999741.49173115,369521.569501147,-36213742.5318255,433481424.613631,72809467970.0685,97572031814.7826,0.0397688152308291,0.05,0.795376304616583,-0.432381595450307,-0.0297605530214832
0.125,16.2203692306995,0.0374121754530258,191.142444406013,-2.50078675004254,-4402.09212456599,-292.192657702892,-96341.1358047485,-11508.9319937155,6999932.48318436,851789.010022169,36595725.438243,531053456.428414,-73548522574.1691,77644550676.6123,0.0374121754530258,0.05,0.748243509060516,-0.439404045700106,-0.0314640537058539
0.126,16.409294864054,0.0347634142432934,186.693349280876,-2.79856913464201,-4494.93025936335,-303.18395109258,-89335.1635459407,-10378.675497033,6999753.94733551,1421664.74178889,-36952797.1359261,608698007.105026,74264110802.532,45164271609.3742,0.0347634142432934,0.05,0.695268284865868,-0.446412407403729,-0.0329273420682076
0.127,16.5937261504629,0.031811587725098,182.154917144565,-3.10667974057358,-4580.76861039719,-312.748462706218,-82341.5086453728,-8645.13437309007,6999933.20560085,2052944.8846986,37311313.6666059,653862278.7144,-74994730209.6382,1115694179.2434,0.031811587725098,0.05,0.636231754501961,-0.453628128357343,-0.0341175192799804
0.128,16.7735772515881,0.0285471838872146,177.534145365062,-3.4233813594265,-4659.60705866791,-320.258101103249,-75335.4189046402,-6265.0724000044,6999747.15416264,2707365.01050262,-37683416.5430323,654977972.893643,75738841161.7501,-40648946795.1165,0.0285471838872146,0.05,0.570943677744292,-0.461181629972871,-0.035014729298313
0.129,16.948769328968,0.0249627475070715,172.838036282482,-3.74629381722035,-4731.44572877985,-325.062021708636,-68341.8903185555,-3236.99322752081,6999933.15820048,3342018.50999871,38055424.6187178,614329026.098527,-76501168682.8082,-68297557613.7845,0.0249627475070715,0.05,0.49925495014143,-0.469100756544504,-0.0356078482842805
0.13,17.1192305439458,0.0210535274554476,168.073587212202,-4.0723923045613,-4796.28449749723,-326.528463241708,-61335.6796428261,400.806869258201,6999737.9984778,3922198.75729034,-38445744.0640904,546031468.484742,77282687172.3379,-82551569572.6149,0.0210535274554476,0.05,0.421070549108953,-0.477309348481507,-0.0358891611527853
0.131,17.2848960577387,0.0168181055809659,163.247800539999,-4.39804460119406,-4854.12349565286,-324.07899139779,-54342.2840685183,4582.26276586214,6999933.59799987,4426954.44098877,38836943.1082475,463479898.912127,-78054343960.1433,-86841298494.7807,0.0168181055809659,0.05,0.336362111619317,-0.485635948675337,-0.0358489525653645
0.132,17.4457080313626,0.0122589733926885,158.367673525665,-4.71907604748379,-4904.96259236286,-317.209623149052,-47335.941056291,9226.48360655785,6999743.36912805,4847013.69065351,-39217400.8518957,376638600.417346,78818750496.5351,-82971146419.4681,0.0122589733926885,0.05,0.24517946785377,-0.493831671808383,-0.0354708680644864
0.133,17.6016156257072,0.00738303526321901,153.440208609433,-5.03084959136566,-4948.80191385346,-305.500316728198,-40342.6699291728,14247.9880730168,6999935.34352442,5182166.71786112,39601349.6446393,293667453.997878,-79536643194.6119,-71330889144.1622,0.00738303526321901,0.05,0.14766070526438,-0.501595380598771,-0.0347286938288637
0.134,17.7525750014649,0.00220202844993944,148.472403003757,-5.32835057788453,-4985.64132991273,-288.615272840966,-33336.1900180252,19565.1000363528,6999768.37157175,5440168.72728692,-39935293.5499725,222336564.853716,80210526821.8612,-52159974722.787,0.00220202844993944,0.05,0.0440405689987889,-0.508603632101188,-0.0335849448659423
0.135,17.8985493192077,-0.00326714046030224,143.471259211348,-5.60626777656236,-5015.48094952194,-266.295205679107,-26343.0208720914,25107.7437169461,6999938.34143271,5636425.30477924,40275233.2718886,170176590.130929,-80824831592.9017,-27829695973.698,0.00326714046030224,0.05,0.0653428092060448,-0.514542418130173,-0.0319913801481065
0.136,18.0395087393283,-0.00900213498521107,138.443774412374,-5.85906284738841,-5038.32065638575,-238.342046115415,-19336.4157192883,30824.6190341285,6999801.15890815,5792687.04692332,-40549598.3210131,142346894.157231,81380459616.7896,-4619200502.90393,0.00900213498521107,0.0500577643832408,0.179834938617933,-0.519137593129624,-0.0298912955611569
0.137,18.17543042211,-0.0149749888773826,133.396951170259,-6.08102124351835,-5054.16053893949,-204.597551542153,-12343.3259496045,36687.70966138,6999941.79039553,5932724.3408291,40830861.2957765,137727693.654327,-81888470291.6911,10209037468.7001,0.0149749888773826,0.0510866060203849,0.293129452980439,-0.522181042939957,-0.0272232016664528
0.138,18.3062985276805,-0.0211519459196376,128.337786644192,-6.26628032911046,-5063.00050086994,-164.920099718188,-5336.61680694302,42690.999355281,6999828.41654546,6075556.55321778,-41057608.9959146,147936731.123027,82347868333.2419,13123657746.5315,0.0211519459196376,0.0531589975940811,0.397899638385822,-0.523550104996298,-0.0239253066234538
0.139,18.4321042160699,-0.0274933167328249,123.273283448487,-6.40883606299786,-5064.84061524226,-119.166119145372,1656.40744982668,48842.7115503514,6999944.74171616,6230055.11321407,41290259.3373272,161060388.869559,-82777717986.0081,4563535944.92503,0.0274933167328249,0.0559932778862465,0.491011024371159,-0.523218432473626,-0.0199401378329089
0.14,18.5528456471722,-0.0339533344693325,118.210438725039,-6.50253573497019,-5059.68080278327,-67.1813464929375,8663.20103488051,55154.0574473244,6999846.14206048,6393397.27005609,-41487458.6486809,165623924.814484,83176333222.1757,-11716127545.1987,0.0339533344693325,0.0593493014965222,0.572093244792816,-0.521257354899822,-0.0152186747716411
0.141,18.6685279807927,-0.0404800007791613,113.156255128289,-6.54106768316531,-5047.52112757325,-8.80347459509695,15656.1661698203,61628.3139918635,6999946.85002289,6553163.13109797,41688874.5734948,153907797.269285,-83564502636.3003,-28478241153.8186,0.0404800007791613,0.0630250499926866,0.642284310506039,-0.517827719260704,-0.00972351343845515
0.142,18.779163376614,-0.0470149245224832,108.117729782275,-6.51795863140308,-5028.36152168693,56.1258856684791,22663.0300400239,68253.6846480705,6999853.47327823,6692831.80779035,-41875628.0628055,125429556.115466,83939385804.7051,-37990854287.7037,0.0470149245224832,0.0668532508762859,0.703255621921601,-0.513163126287806,-0.00343079085034742
0.143,18.8847709942353,-0.0534931647364709,103.10186537253,-6.42658552180155,-5002.20204670721,127.745308194202,29655.9355969049,75002.8994248707,6999947.53811778,6799265.93676196,42063757.7418996,87438701.8277625,-84323853198.6389,-36581402971.2033,0.0534931647364709,0.0706980370201843,0.756642857300247,-0.507546298013903,0.00366919014072929
0.144,18.9853769931383,-0.0598430931403421,98.1156590015025,-6.26020221447124,-4969.04264020884,206.160889479301,36662.8610383605,81839.7878120513,6999849.36926036,6868413.93710412,-42260095.4567393,50857298.8565591,84715046609.929,-26203553653.1814,0.0598430931403421,0.0744516763285827,0.803784361768195,-0.501280963183972,0.0115725316109988
0.145,19.0810145327224,-0.0659862883741073,93.1661133784958,-6.01197479473855,-4928.88336804148,291.442268661645,43655.6995343275,88729.2631396415,6999946.79710859,6906169.45913409,42454951.1531896,24653745.2033778,-85138148996.3766,-13662918314.8954,0.0659862883741073,0.0780313983883556,0.845637650189212,-0.494662049389807,0.0202633179131709
0.146,19.1717237722668,-0.0718374658804594,88.2602255774928,-5.67501595288217,-4881.72416670628,383.628156200124,50662.6841155133,95645.4823183248,6999832.67376359,6923991.74518002,-42683197.8431869,10990826.8884824,85590672046.5121,-4865653182.99403,0.0718374658804594,0.0813763418151708,0.882780723218341,-0.487947104550442,0.0297159956771954
0.147,19.2575518709645,-0.0773044382570333,83.4049983264123,-5.24241063949467,-4827.56511384219,482.737263459971,57655.440302363,102574.158534752,6999944.81194365,6932549.745477,42907474.2033252,6125173.70548833,-86105147413.5395,3045481440.19635,0.0773044382570333,0.0844446429166572,0.915445143551961,-0.481331710385199,0.0398983653081628
0.148,19.3385529878764,-0.0822880956601966,78.6074286604584,-4.70723059121516,-4766.40613760263,588.778844624806,64662.4879935061,109510.278447322,6999799.71244021,6940197.65990259,-43197673.2102143,9170655.14568467,86679833596.8946,12280817143.7727,0.0822880956601966,0.0872106831842823,0.943555223461741,-0.474931231706025,0.0507749866974801
0.149,19.4147882819681,-0.0866823958476435,73.8745193225668,-4.06253942330594,-4698.24733770537,701.761262045317,71655.135508274,116457.108237654,6999941.95602844,6955508.72362016,43482160.3866803,21451472.2894574,-87361135141.245,14753021291.1866,0.0866823958476435,0.0896625100565188,0.96676298480829,-0.46877059559218,0.062310763950472
0.15,19.4863259120497,-0.0903743551097711,69.2132672933555,-3.30138933893467,-4623.08862423965,821.700314599384,78662.2583553056,123425.801534301,6999743.5488445,6984336.70655521,-43878974.7545647,36204493.580644,88148391204.5914,-159222480027.94,0.0903743551097711,0.0917994423485027,0.984476079567875,-0.462782996712991,0.0744744433056161
0.151,19.5532410368201,-0.0932440322298925,64.6306753284976,-2.41681188578381,-4540.93013442275,948.617684299225,85654.7538153069,130401.703407642,6999938.76969223,6940929.96012188,44269416.4500268,-123017986.447296,-89111206056.5062,-185833843992.115,0.0932440322298925,0.0936298687921712,0.995879129520782,-0.4568175407383,0.0872417614826906
0.152,19.6156158147829,-0.0951645137341295,60.1337403294098,-1.40184320248555,-4451.77174595344,1082.46160661235,92661.9754255481,137250.152067208,6999652.583114,6724995.05167853,-44841789.6064794,-308851830.439411,90249997680.1675,-190615458005.5,0.0951645137341295,0.0951692452475134,0.999950283167933,-0.450654973552011,0.100597861495178
0.153,19.6735394043058,-0.0960019737383461,55.7294650636084,-0.249650144619396,-4355.61365745136,1223.01483858958,99654.2487801388,143788.951960666,6999935.79234761,6320835.49223636,45408208.073688,-499467288.444911,-91682477681.1441,-192017824042.092,0.0960019737383461,0.0964382934094975,0.995475659556742,-0.444029862026616,0.114538036543898
0.154,19.7271079634972,-0.0956158926991173,51.4248463145005,1.046290231247,-4252.45569284361,1369.87296300562,106661.608263576,149828.050838006,6999502.76158072,5725359.29177041,-46274269.6074561,-691485112.487003,93409499251.9796,-192151595707.848,0.0956158926991173,0.097461401206884,0.981064211216816,-0.436656991907595,0.129065931307184
0.155,19.7764246502901,-0.0938594621171771,47.2268868599002,2.49200103307727,-4142.29815351504,1522.44043965427,113653.542140229,155175.642307582,6999933.24159925,4937798.38142948,47135229.6445235,-883636708.194851,-95735962925.9397,-191295926910.887,0.0938594621171771,0.098265222654389,0.955164600270561,-0.428259357952165,0.144189144426656
0.156,19.8215996222539,-0.0905801801449502,43.1425832991637,4.09281384795334,-4025.14077788086,1679.92973770425,120661.087002829,159639.739680429,6999200.48978081,3958513.70977918,-48600733.2814162,-1074932635.10574,98661901438.4139,-188933057924.12,0.0905801801449502,0.0988774726253916,0.916085107556535,-0.418595008934558,0.159912644269042
0.157,19.8627500367107,-0.0856206390869724,39.1789383953512,5.85317684448082,-3900.9840798428,1841.36170658964,127652.430776209,163029.298229668,6999930.7072186,2789114.54571139,50061168.1569976,-1263865693.02986,-104534838249.512,-182470517388.606,0.0856206390869724,0.099325909951372,0.8620171627815,-0.407480144312381,0.176230656143201
0.158,19.900000050407,-0.0788195044120312,35.3429484007728,7.77646387095139,-3769.82769580321,2005.56731487177,134659.969594465,165156.068175966,6997724.45625084,1434013.59398723,-54473670.0925145,-1446336210.41846,113427630088.054,-146736370505.745,0.0788195044120312,0.0996375003591499,0.791062643361396,-0.394806270495499,0.193117832947781
0.159,19.9334808195636,-0.0700126833783171,31.6416156526701,9.86478673536495,-3631.67321677438,2171.19321979422,141649.361820684,165842.457602993,6999964.60120235,-85690.8016841089,58953959.9955393,-1593072580.92421,-199861876739.471,163333734901.397,0.0700126833783171,0.0998377491257833,0.701264641795055,-0.380549813469424,0.210520595567959
0.16,19.9633304987137,-0.059034676242657,28.0819345684723,12.1188218852506,-3486.5223745713,2336.73412547184,148645.493089094,164987.452799997,6958987.62282815,-1597096.51515762,-140907916.743932,-1429738846.02281,-199954573112.279,184680483044.771,0.059034676242657,0.099950191884455,0.59064094955318,-0.364773362943246,0.228349551815192
0.161,19.9896942348496,-0.0457200675895483,24.6708872342648,14.5377255209221,-3334.42920376413,2500.69243522671,155500.700991365,162706.266942336,6718102.41952808,-2934495.11965804,-340862489.856211,-1245058362.97804,-199967510747.318,189830040912.098,0.0457200675895483,0.0999960308522112,0.457218823586309,-0.347618565118201,0.246474132174707
0.162,20.0127241010682,-0.0299050105223194,21.4153121957332,17.1192317115852,-3175.63459395759,2661.73185446709,162015.044247507,159180.880981341,6277256.17429821,-4084638.46218003,-540830000.603528,-1055228322.06594,-199970745143.996,191859696496.749,0.0324994215692234,0.1,0.324994215692234,-0.329292004296019,0.264721369379873
0.163,20.032578855242,-0.0114285614570372,18.3217071322555,19.85983086445,-3010.57939207075,2818.70253898435,167988.556963979,154600.60497421,5636440.80112268,-5043936.9359976,-740800745.747524,-863368625.569192,-199969673951.628,192617721541.145,0.0345252635885429,0.1,0.345252635885429,-0.31004664613569,0.282880270941983
0.164,20.0494234991717,0.00986617035314774,15.3960288923553,22.7549586812204,-2839.90441356691,2970.64530645803,173221.269113236,149157.086679018,4795655.21839934,-5810996.70079622,-940770419.699152,-670750904.028047,-199964289696.778,192480691071.118,0.0494234991717022,0.0999963617054214,0.494252974096183,-0.290160941718873,0.30071163819821
0.165,20.0634286377703,0.0341310637549245,12.6434935240782,25.7991876876192,-2664.45044375983,3116.79312299811,177513.21174017,143042.794641387,3754902.6538518,-6385507.25928871,-1140734709.39593,-478270212.956929,-199950474180.599,191114487540.958,0.0634286377702793,0.0999568121468044,0.634560430730054,-0.269917658654064,0.317962359201397
0.166,20.0747696382782,0.0615122186868656,10.0683763064305,28.9864196214233,-2485.25823441406,3256.57141541134,180664.421960294,136450.00469021,2514192.70736557,-6768220.22847516,-1340685183.57653,-287155725.415972,-199904961142.677,186087774720.115,0.0747696382782053,0.0998610185987699,0.748736987939419,-0.249584501837512,0.334382744742298
0.167,20.0836255895124,0.0921493815397576,7.67381178735721,32.3100775883846,-2303.56849300406,3389.59720435702,182474.954582347,129569.221228147,1073555.04321771,-6962332.06653107,-1540590144.71921,-101067950.695857,-71347000055.9904,152235957488.751,0.083625589512426,0.0996913495212976,0.838844994214475,-0.229398386592845,0.349745186184923
0.168,20.0901780613398,0.126175561872562,5.4615949116705,35.7632960721463,-2120.81649871589,3515.67475805835,182766.323386529,122581.727845849,-502708.601529495,-6987282.03848255,-1611937144.7752,51168006.7928934,199903372083.244,-60134021119.3213,0.0901780613398309,0.0994280991509427,0.906967568623944,-0.209554846531501,0.363862293800174
0.169,20.0946096749547,0.163716834817841,3.43201229169469,39.3390987780046,-1938.56185651375,3634.76886730188,181490.963441293,115610.00747391,-2014694.06026307,-6966181.04224932,-1412033772.69195,-8966014.3264279,199948872922.081,3557787989.35899,0.0946096749546825,0.099049731617332,0.955173460945829,-0.190203438913077,0.376602702407655
0.17,20.0971025593772,0.204892296036756,1.58380296605828,43.030511274934,-1758.30524786167,3746.89443816011,178803.577306837,108639.936389162,-3326753.39649398,-6973368.16258106,-1212084899.76987,-5408226.33706891,199962573710.912,4353940458.55762,0.0971025593772055,0.0985332374303754,0.985480249198339,-0.171448784659061,0.387902712765001
0.171,20.0978368618778,0.249814070590807,-0.08570378923209,46.8305632642017,-1581.35872962913,3852.04697051111,174904.108556077,101664.589770156,-4438857.00940839,-6976599.41868885,-1012122326.05896,-1054285.87851129,199967759442.195,172773227.808947,0.0978368618778447,0.0978546119320151,0.99981860789369,-0.153355440358728,0.397771728891149
0.172,20.0969894362996,0.298587310738371,-1.58039077945034,50.7322797205393,-1408.83440464213,3950.22309205649,169992.518343546,94687.4920040654,-5350995.45574625,-6977567.31795346,-812154566.616762,-881512.650702346,199968515957.907,-188785076.072408,0.096989436299566,0.0969894652600001,0.999999701406395,-0.135954876097501,0.406290408981608
0.173,20.0947327309558,0.351310192514026,-2.90515293086596,54.7286835924086,-1241.64441109939,4041.42164561676,164268.773690485,87709.4524656072,-6063165.76438406,-6978543.2231422,-612186050.658854,-1070297.72677475,199964795847.144,320311322.470481,0.094732730955819,0.0959137718292488,0.987686430729339,-0.119253643265132,0.413601896373516
0.174,20.0912338764926,0.408073914390212,-4.06569732412632,58.8127968317945,-1080.50091943305,4125.64166143415,157932.842366746,80730.4274788221,-6575369.41711934,-6979453.36520774,-412221254.811711,-749986.404304273,199951326370.261,210731770.199136,0.0912338764926233,0.094604765901568,0.964368714653848,-0.103241919179654,0.419897102034232
0.175,20.086653973718,0.468962696307456,-5.06834322690342,62.9776404352472,-925.916134012066,4202.88224601312,151184.687543282,73750.6342423739,-6887615.00874592,-6980097.98572694,-212269928.441449,-539254.634105137,199873729421.291,186128960.36747,0.0866539737179828,0.0930419882912682,0.931342669147528,-0.0879015926151992,0.425395527850045
0.176,20.0811475813967,0.534053778796433,-5.91982213194457,67.2162346277993,-778.202304222505,4273.14274914223,144224.249858552,66770.2976508233,-6999948.07247672,-6980544.17588086,-12396199.0201584,-353125.673737667,24996648320.0187,221541758.895853,0.0811475813967277,0.0912084874841572,0.889693312925762,-0.0732131094705507,0.43032354911735
0.177,20.0748624037546,0.603417422323103,-6.62707927745277,71.5215990888703,-637.479052906347,4336.42272508174,137222.269794619,59789.6138357321,-6999845.94733687,-6980786.53067515,12600449.2998602,-131583.914841814,-24908625979.4735,247387010.009418,0.0748624037545653,0.0890921765140836,0.84028033306304,-0.0591604306707081,0.434892301798446
0.178,20.0679391637391,0.677116906843295,-7.19711351900619,75.886753153027,-503.755643869929,4392.72193402928,130224.572634269,52808.8027442678,-6999699.81102675,-6980794.42108499,-12308176.6796133,115803.095167604,24334746586.1187,278538312.411383,0.0679391637391227,0.0866873448693794,0.783726434827293,-0.0457337799950705,0.439277330351411
0.179,20.0605115847707,0.755208531565378,-7.6369238032453,80.3047160298379,-377.03195855618,4442.04037046928,123222.774526,45828.1126477825,-6999840.6144133,-6980539.34883361,12026569.9065054,394341.407578986,-23726397450.1467,326619038.967811,0.0605115847706941,0.0839963224959099,0.720407548480954,-0.032930694257054,0.443601953882819
0.18,20.0527063905245,0.837741614947159,-7.95351071125378,84.7685070525589,-257.308088508962,4484.37829277534,116224.992796965,38847.8249061592,-6999677.24323186,-6979981.69790655,-11699827.5436413,720960.446546798,23088078924.7631,394544164.890488,0.0527063905245093,0.0810312906440319,0.650444909683679,-0.0207561737533879,0.447925922493094
0.181,20.0446433048825,0.924758494957575,-8.15387321133028,89.2711459608323,-144.583922301582,4519.73626343196,109223.313653115,31868.2694458367,-6999833.03131312,-6979063.46537755,11388251.3811219,1115504.61143729,-22415027884.7561,486755815.308249,0.0446433048824844,0.0778162318949068,0.573701704584932,-0.00922210308744046,0.452240401497737
0.182,20.0364350519997,1.01629452964403,-8.24501182792529,93.8056532322786,-38.8595610817222,4548.11520734404,102225.438909512,24889.8448587341,-6999652.29387438,-6977704.58285846,-11026776.5036342,1602260.42674553,21704150256.3996,612499394.949792,0.0364350519996712,0.0743890092182017,0.489790795476225,0.00165399147362905,0.456469692808289
0.183,20.0281873562504,1.11237809806396,-8.233925556849,98.3650504831532,59.8651182243625,4569.51649247556,95223.8905857617,17913.0434893215,-6999826.99524981,-6975796.07273424,10677373.7527654,2214759.82169532,-20977142210.5578,815953721.892463,0.0281873562504309,0.0708035613810305,0.398106475163589,0.0118507168264026,0.46047944246523
0.184,20.0199989423015,1.21303060166202,-8.12761486108324,102.942360963776,151.590000827199,4583.94204105322,88225.9060870198,10938.4907887851,-6999638.19260233,-6973173.3360516,-10299768.4577924,3030713.54358779,20227090418.2959,1159932706.97799,0.0199989423015055,0.0671321994714096,0.297903874131558,0.0213449429939525,0.464090455732485
0.185,20.0119615350492,1.3182664662061,-7.9330787741759,107.530610190613,236.315213985276,4591.39449862343,81224.489191925,3967.02613162311,-6999824.41585097,-6969562.65615452,9927321.96050354,4190646.25056577,-19480700003.67,1572138082.93667,0.0119615350491884,0.0634679867440567,0.188465644852182,0.0301140741993283,0.467096706975505
0.186,20.0041598596932,1.42809314445571,-7.65731770169806,112.122826796238,314.040633827102,4591.87750737377,74226.3816537203,-3000.17917839231,-6999637.4438923,-6964585.94086249,-9553378.04316645,5762784.33350244,18733620430.4615,1921122107.65429,0.00415985969318911,0.0599271814686931,0.0694152401504529,0.0381382408689855,0.469285741724308
0.187,19.9966716416669,1.54251111983538,-7.30733072522866,116.712043705824,384.76638509672,4585.39607573576,67225.0897908782,-9961.5635400701,-6999824.01172024,-6957862.59547516,9180242.38729503,7683906.44115673,-17989805492.7676,2903755094.94806,0.00332835833313894,0.0566517199903907,0.0587512318020264,0.0454021977483588,0.470459459103041
0.188,19.989567606708,1.66151391147561,-6.89011819997673,121.291299700385,448.492343346907,4571.95698253882,60226.8575994361,-16915.1002231422,-6999638.67207932,-6948726.81148652,-8809563.10547254,10587661.5361048,17252178999.8921,6170930614.76576,0.0104323932920032,0.0538117148322078,0.193868441556505,0.0518967497831203,0.470453251801784
0.189,19.9829114807882,1.78508808105041,-6.41267925757242,125.853641504254,505.218632190578,4551.5695406423,53225.6895089707,-23857.5047154249,-6999822.14568485,-6935053.68464304,8442615.89441956,16758592.1508705,-16489375839.5479,11340501514.8506,0.0170885192117716,0.0516079404169506,0.331121898562704,0.0576195703568208,0.469151666446838
0.19,19.9767599901832,1.91321324226903,-5.88201420328745,130.392127243037,554.945130672029,4524.24777470414,46227.3404419265,-30782.2890204066,-6999624.2177102,-6912624.84173474,-8046759.94512837,28099093.6657211,15713054693.0285,14782336940.0449,0.0232400098167993,0.050274276889825,0.462264427347792,0.0625753424902643,0.466499112821413
0.191,19.9711628614057,2.04586207524657,-5.30512221077028,134.899833063072,597.671972589055,4490.01447237585,39226.3116866926,-37678.4005924852,-6999814.45030882,-6877134.57959899,7666294.74790012,42881430.605766,-14844976521.6487,13606170893.8909,0.0288371385942519,0.05,0.576742771885037,0.0667752151497573,0.462504663693744
0.192,19.9661628212842,2.18300034964137,-4.68900352235879,139.369864046166,633.399036225696,4448.90521832245,32227.8562210041,-44531.8267616323,-6999570.64382174,-6827450.06354628,-7178681.77374859,56487601.4996569,13906239160.0434,9421253563.21733,0.0338371787157783,0.05,0.676743574315566,0.0702356387238703,0.457240589970042
0.193,19.9617955969001,2.3245869603323,-4.04065733635631,143.795367874924,662.126490104458,4400.96947368153,25227.0139428222,-51329.4628155016,-6999796.20601547,-6766251.83526502,6727557.38629478,65908855.0628742,-12705912776.6679,7597678123.55478,0.0382044030999431,0.05,0.764088061998862,0.0729766980391605,0.450834888570423
0.194,19.9580899156913,2.47057397666623,-3.36708379754916,148.169547718075,683.854197790805,4346.2681863275,18228.4638633704,-58061.4939435479,-6999421.60501751,-6696544.14114036,-5978355.39037313,73506533.1864289,11277413569.5286,13449028471.1883,0.0419100843086859,0.05,0.838201686173718,0.0750201142121044,0.443458614875166
0.195,19.9550675053932,2.62090670317037,-2.67528209321387,152.485672241588,698.582424351334,4284.87123177843,11227.932649586,-64719.0433133498,-6999761.25362311,-6616313.09371834,5299058.17915547,86955561.6576172,-8943957376.53104,29339381768.0307,0.0449324946067513,0.05,0.898649892135026,0.0763871107540352,0.435309296363194
0.196,19.9527430942093,2.7755237496063,-1.97225218315223,156.737085100504,706.310986885581,4216.85974698607,4229.33026548967,-71286.988729278,-6998934.17413222,-6514687.84117671,-3644899.19737557,116294943.425648,5768643833.84983,52183923344.7484,0.0472569057906611,0.05,0.945138115813222,0.0770963569167109,0.426592069200896
0.197,19.9511244107634,2.93435711301178,-1.2649931239617,160.917220852307,707.040482940965,4142.33697115691,-2770.46491760226,-77734.8317781845,-6999694.75141267,-6372300.93607868,2123744.63647426,168478866.770396,15976870524.9631,74025187580.5613,0.0488755892366086,0.05,0.977511784732172,0.077162183107829,0.417500426972603
0.198,19.9502121845227,3.09733228253863,-0.560504267641489,165.019635994248,700.771190308034,4061.44715310463,-9766.43498494254,-84010.5557496145,-6989582.57151372,-6166809.475518,18100615.1614373,242504054.350957,-56265172250.2732,89330852794.6045,0.0497878154773126,0.05,0.995756309546252,0.076593245183529,0.408198564277473
0.199,19.9500001469511,3.26436838554469,0.134219060061351,169.038060916658,687.510636424351,3974.39733207852,-16756.3447775839,-90041.2247224913,-6999614.54247741,-5879639.99476974,-38164557.0888358,331834907.145562,184955067915.058,96932650683.2421,0.0499998530488774,0.05,0.999997060977549,0.0753917646193634,0.398807192383846
0.2,19.9504750368935,3.43537839617152,0.812184872775518,172.966472330603,667.255830077177,3881.47563203694,-23744.2157539532,-95738.7918219077,-6945301.56560872,-5499338.76228256,146790510.826222,428767557.828804,198294056626.309,96779294906.8838,0.0495249631064993,0.05,0.990499262129987,0.0735534450426638,0.389394369856015
0.201,19.9516166044231,3.6102694244212,1.46641881343654,176.799180682078,640.071690877916,3783.06266456415,-30583.0730547111,-101007.616922791,-6699364.02646934,-5022181.55700031,345084567.452531,525546852.735688,198279804793.428,87586832042.5624,0.0483833955768773,0.05,0.967667911537546,0.0710680094227601,0.379972352626652
0.202,19.9533976859141,3.78894309707638,2.09009843797137,180.530925135597,606.204711563079,3679.63519745632,-37076.848163322,-105752.427248083,-6255139.5566201,-4452841.28824334,543364372.245958,613133684.77825,196903280851.173,65022863218.8996,0.04660231408592,0.05,0.932046281718399,0.0679210065889525,0.37050080502551
0.203,19.9557844514038,3.97129603407087,2.6767464832362,184.156968068308,566.099058653523,3571.76124779755,-43027.4883203439,-109887.864550068,-5613323.54394855,-3807196.17185564,740267653.097131,678156547.997149,122892534069.024,20713666920.7346,0.0442155485961635,0.05,0.88431097192327,0.0640976773254241,0.360896014982386
0.204,19.9587368486194,4.15722041516588,3.22042811239556,187.673179280272,520.393407025641,3460.08367432234,-48250.1959487324,-113352.530170105,-4811609.62381691,-3118682.79039813,863160187.166155,698870214.917884,-195415147160.153,-40121145214.9611,0.0412631513805515,0.05,0.82526302761103,0.0595887151695938,0.351045091864082
0.205,19.9622092381739,4.34660462001803,3.71592882305777,191.076095694294,469.873123998396,3345.2866094118,-52662.7946701596,-116128.46471058,-4046157.01023083,-2439873.14808772,667745040.006001,658749069.702923,-196577671935.205,-85903714043.2964,0.0377907618261091,0.05,0.755815236522182,0.0543972841044915,0.340823538937031
0.206,19.9661511631281,4.5393339079818,4.15882237478211,194.362938157839,415.290350926792,3228.04442031738,-56407.8421057099,-118253.28060949,-3476700.80619243,-1824075.93540645,471167368.070797,572845355.659626,-195212692289.25,-111654954474.528,0.0338488368718579,0.05,0.676976737437158,0.0485460408975203,0.330114121368868
0.207,19.9705080881641,4.73529108808516,4.54534735972292,197.531574863295,357.214552450485,3108.96992367636,-59681.4946765818,-119809.543026146,-3103139.78426626,-1307058.05698409,275954675.781547,461190401.185098,9227671817.55517,-125235380944.367,0.0294919118358976,0.05,0.589838236717952,0.0420818761048842,0.318824696069707
0.208,19.9752219688992,4.93435712886169,4.87221554987982,200.580440345087,296.02786481406,2988.57849854771,-62645.1191776544,-120906.878446028,-2822571.27257593,-908485.346271172,285182347.599102,335955020.240731,196209086653.345,-131407712609.776,0.0247780311007837,0.05,0.495560622015674,0.0350765861860653,0.306902792659842
0.209,19.9802316425702,5.1364116720732,5.13646394423317,203.508426893249,232.027165769994,2867.26789461056,-65292.3977619886,-121669.287567614,-2439284.38165016,-638234.182335329,481391434.252447,204547307.630955,197994143884.615,-132117205589.838,0.0197683574298004,0.05,0.395367148596009,0.0276233777498754,0.294345218094712
0.21,19.9854731406808,5.34133342962713,5.33546007165285,206.31476119354,165.603607478885,2745.30807628616,-67457.9874025317,-122227.267630398,-1858895.8754554,-499745.477499294,679385578.137062,72430102.0411169,198421510662.601,-127492762553.771,0.0145268593192398,0.05,0.290537186384796,0.0198305756374105,0.28120161159287
0.211,19.9908800880414,5.54900045325133,5.46705483069624,208.998874300579,97.3376706312589,2622.83769540224,-68944.1202371415,-122712.046850636,-1080299.54198704,-491061.756735062,877807088.799664,-55062660.5126541,198361614894.943,-115812192856.666,0.00911991195860651,0.05,0.18239823917213,0.0118147804927666,0.267571578152216
0.212,19.9963842835988,5.75929027331119,5.52977861959409,211.560270869551,28.0079668718778,2499.86611505512,-69552.4559655795,-123249.94196977,-103311.645739904,-604030.513676049,1076168703.69461,-170874853.36932,197497998151.626,-92040099420.5019,0.00361571640122449,0.05,0.0723143280244898,0.00369507517002744,0.25359572456955
0.213,20.0019164790635,5.97207990886154,5.52303962605486,213.998403455082,-41.4085543826996,2376.28184368214,-69084.7669264469,-123954.749926701,1071606.05703052,-820925.41675562,1273666701.84623,-262914952.789822,81805150421.4415,-45048210705.5979,0.00191647906353865,0.05,0.0383295812707729,-0.00441101389579328,0.239441566489572
0.214,20.0074073556623,6.18724575765473,5.44732104037393,216.312559772707,-109.741831949056,2251.87093487948,-67362.6933267563,-124914.640854969,2386175.33408747,-1106364.47489824,1355471852.26767,-307963163.49542,-198100377216.577,24937998309.2432,0.00740735566234108,0.05,0.148147113246822,-0.0123894262603393,0.225285826349721
0.215,20.0127886891156,6.40466338515782,5.30435038480788,218.501776369098,-175.693779815775,2126.35282367641,-64331.7987960711,-126170.830578564,3642596.99774685,-1401858.63923904,1157371475.0511,-283025165.186176,-199097469561.227,77206211360.5845,0.0127886891156166,0.05,0.255773782312332,-0.0201292855949955,0.211295074753639
0.216,20.0179946317872,6.6242072488049,5.09714436975958,220.564798985048,-238.019680595029,1999.43710984284,-60143.6989723923,-127701.334098502,4700419.73801733,-1646280.69874492,958274005.48987,-205818953.825592,-199387438396.505,103629384942.849,0.0179946317871682,0.05,0.359892635743364,-0.0275211736029424,0.19760697167368
0.217,20.0229629459263,6.84575041262293,4.8298745094896,222.500103335514,-295.661765174097,1870.88265012703,-54997.3734713627,-129433.252710003,5559000.02430895,-1800284.96009909,758886567.093365,-102189568.882743,-199491897395.01,115382752760.797,0.0229629459263165,0.05,0.459258918526331,-0.0344557610756493,0.184314461168884
0.218,20.0276360609963,7.06916430937152,4.50767051542502,224.305966015417,-347.761469701181,1740.53703095686,-49092.1788130729,-131265.40199575,6218140.64270481,-1844783.15260143,559394669.698354,13193183.8780543,-199493811584.045,118097877937.212,0.0276360609962865,0.05,0.552721219925729,-0.0408241586621521,0.17145497581429
0.219,20.0319619322208,7.29431858974342,4.1364209587539,225.980564415382,-393.659657990102,1608.3563569937,-42627.5898041163,-133083.905576756,6677788.40661114,-1772541.02975477,359900858.11431,131291061.815266,-199342813297.303,113062455179.89,0.0319619322208027,0.05,0.639238644416054,-0.0465201541058962,0.159006022887958
0.22,20.0358946997158,7.52108107908162,3.72257380527515,227.52208980873,-432.896676065114,1474.41277368134,-35803.0747706642,-134771.957333073,6938017.8580768,-1584718.74034956,160558044.817007,244353516.995156,-197992844934.025,98259692041.6404,0.0358946997157545,0.05,0.717893994315091,-0.0514441009292705,0.146887700827891
0.221,20.0393951481509,7.7493178494271,3.27293696811254,228.928863484182,-465.212231934476,1338.89327671809,-28817.7766976679,-136218.122699585,6999579.48042679,-1291235.37733359,-37434800.1170176,342613209.036796,15151427845.9398,67028452236.0355,0.0393951481509376,0.05,0.787902963018752,-0.0555080602079956,0.134971890549457
0.222,20.0424309673985,7.97889340567593,2.79448101088786,230.199447327775,-490.53582671579,1202.08943138352,-21834.3893793253,-137326.880063694,6969720.39423274,-915107.942178771,-22283372.2710778,409641661.272832,103778144982.743,10303730857.8002,0.0424309673985306,0.05,0.848619347970612,-0.0586416751432147,0.123097132219335
0.223,20.0449768317946,8.20967097520454,2.29418954589215,231.332737955404,-508.884745704003,1064.37370028107,-14858.514313731,-138035.44988676,6999326.09445304,-500314.415477039,81494772.7116647,419945392.130632,-163558740960.457,-52601368327.9988,0.0449768317946244,0.05,0.899536635892488,-0.0607980255441822,0.111087565718756
0.224,20.0470143946392,8.44151287668182,1.77904413000638,232.328027604385,-520.236829455929,926.155892361579,-7845.7006230822,-138334.558500893,6999041.49668447,-106669.707510407,-82063968.2487923,367344023.802633,-198402460690.284,-91540228142.5507,0.0470143946391559,0.05,0.940287892783118,-0.0619579523769267,0.0987738052263047
0.225,20.048532303405,8.67428092496213,1.25604588446917,233.185012982378,-524.604953427905,787.825408834725,-920.758187303841,-138272.812901193,6817776.29809054,214904.202220951,-280466428.939076,275803795.660082,-199121255751.067,-110874032406.424,0.0485323034049685,0.05,0.97064606809937,-0.0621314268962158,0.0860132737212121
0.226,20.0495261748133,8.90783681627882,0.732103502552293,233.903748370003,-522.171864589977,649.701395582569,5723.59802035865,-137938.485806543,6437749.24127593,435270.98167782,-479587684.690143,164929763.253658,-199128122697.478,-118756941743.199,0.0495261748132627,0.05,0.990523496265254,-0.0613564611169375,0.0727074835746552
0.227,20.0499984102829,9.14204244494475,0.213844752958157,234.484558950279,-513.317620234874,512.003085354835,11888.3653988399,-137440.542766862,5858597.49523704,540822.274059878,-678715807.387621,46172821.5104586,-198719472085.073,-118430274784.605,0.0499984102829458,0.05,0.999968205658917,-0.0596968572871519,0.058814145986398
0.228,20.0499578157963,9.37676012143512,-0.292582187482333,234.927932838244,-498.621355367651,374.835714600472,17374.485078369,-136896.372461178,5080521.95180689,527779.958178034,-877435279.472694,-72257453.2741464,-194381756013.455,-109474493332.125,0.0499578157962901,0.05,0.999156315925802,-0.0572393792715581,0.0443527030372668
0.229,20.0494190227851,9.61185267730523,-0.781707726303443,235.234404406926,-478.860947766458,238.186627772282,21983.8924311039,-136422.966978526,4105895.79432747,400785.258237825,-1071817035.48615,-181731946.606272,198067171848.093,-87146101541.1711,0.0494190227851199,0.05,0.988380455702398,-0.0540906612379344,0.0294026849613367
0.23,20.0484017109893,9.84718345292879,-1.24893542037201,235.40443805037,-454.994490811944,101.930133677543,25586.8909029964,-136127.572043848,3133112.34476536,175480.260860968,-873749863.638056,-268878048.147443,199149447775.104,-39704077302.267,0.0484017109892818,0.05,0.968034219785636,-0.050374148300302,0.0140951030705146
0.231,20.046929666347,10.0826161731332,-1.69064902700724,235.438322110616,-427.978370820181,-34.1561655804528,28316.3198905719,-136093.148153277,2358937.20501486,-113249.825937608,-674600415.862952,-308582125.44971,199409794651.441,32870282915.7145,0.0469296663470153,0.05,0.938593326940307,-0.0462270432217889,-0.0014021479634966
0.232,20.0450298404656,10.3180147277251,-2.10410252828368,235.336087912319,-398.586706988301,-170.355999405819,30371.1918534305,-136355.210661454,1784041.68647763,-405396.809929461,-475190621.21151,-275711842.533995,199499337901.358,87154207879.9478,0.0450298404655847,0.05,0.900596809311693,-0.0417959353147307,-0.0169032181870535
0.233,20.0427315771013,10.5532428927012,-2.48722443617892,235.097475979739,-367.394380256088,-306.956229020665,31950.8881189526,-136883.937691337,1408600.7342168,-637531.548523482,-275691283.310153,-188557634.654047,199510635392.733,114649366200.638,0.0427315771013497,0.05,0.854631542026993,-0.0372299461485448,-0.0322253170637783
0.234,20.0400660372944,10.7881640486009,-2.83841843013467,234.721964625458,-334.776827374104,-444.185581701781,33254.8949840798,-137596.639829487,1232664.76860301,-768764.50007721,-76180647.9174196,-73908268.4534092,199452591654.608,127481177067.662,0.0400660372944337,0.05,0.801320745888674,-0.0326717821338883,-0.0472091952939377
0.235,20.0370658239363,11.0226409551915,-3.15636387797737,234.208850579256,-300.909986255723,-582.173610110338,34482.7115273332,-138381.111600947,1256210.41651289,-778932.179996788,123271943.737189,53572908.614253,199272484321.812,131715724686.655,0.0370658239363166,0.05,0.741316478726333,-0.0282475828968982,-0.0617365324769309
0.236,20.0337648058299,11.256535623621,-3.43981634313165,233.557359921151,-265.770321175997,-720.929770827986,35833.769996435,-139111.304705855,1479118.60241099,-659501.409039207,322544428.059001,185288633.300908,198651541186.456,128876214505.893,0.0337648058299358,0.05,0.675296116598716,-0.0240565673970138,-0.0757421779644002
0.237,20.0301981412149,11.4897093076831,-3.68740816476168,232.766773375397,-229.134957326131,-860.334574957207,37507.2694030732,-139656.68242916,1900988.80106322,-409774.668485353,521195969.245457,314164847.806801,-59981908890.6294,116895537179.238,0.0301981412149352,0.05,0.603962824298705,-0.0201614877490942,-0.0892199080360318
0.238,20.0264025002509,11.7220226233637,-3.89745143926995,231.836556227778,-190.592826773856,-1000.13891326526,39658.859203944,-139889.892084212,2392193.81586336,-37162.0520889323,461214060.354827,431060384.986039,-198687429353.755,86963446451.6808,0.0264025002509314,0.05,0.528050005018628,-0.0165808142381326,-0.102221131230144
0.239,20.0224164654504,11.9533357973174,-4.06779857594859,230.76648486034,-149.669280294811,-1139.97191950108,42248.5454784258,-139697.030036066,2754064.16154131,437380.056122947,262526631.001072,518023831.43772,-199312733152.129,16613250728.1526,0.0224164654503767,0.05,0.448329309007534,-0.0132835954758875,-0.114846749597093
0.24,20.0182809903221,12.1835090359437,-4.19587529514041,229.556759045267,-106.008252994329,-1279.36322998507,45100.654166609,-138997.869189103,2916934.42596631,963710.512924744,63213897.8489427,534637082.165873,-199501460102.014,-71751234984.022,0.0182809903221042,0.05,0.365619806442083,-0.0101886260275449,-0.127233134202428
0.241,20.0140397494648,12.4124029915727,-4.27884609391354,228.208079177725,-59.4469085259327,-1417.79312737214,48015.9452981494,-137778.798674259,2880397.59376425,1462471.97759861,-136287562.253071,462885847.18185,-199575205076.593,-116915409256.615,0.0140397494647999,0.05,0.280794989295998,-0.0071695696762953,-0.139533881384695
0.242,20.0097393011778,12.639879275685,-4.3138123052999,226.72165870896,-10.0217946581549,-1554.76841389178,50794.9365766077,-136104.369674612,2644322.42897288,1866900.12015215,-335862767.329664,345970437.925236,-199594010091.278,-136780638195.25,0.00973930117782018,0.05,0.194786023556404,-0.00406623255297335,-0.151899664501127
0.243,20.005429050902,12.865800946606,-4.29801156883031,225.099162535847,42.0310095879639,-1689.88737095992,53238.0619535672,-134087.28110853,2208662.65659758,2144480.23897976,-535456777.420942,209189799.729986,-199569603986.675,-145545846679.464,0.00542905090198786,0.05,0.108581018039757,-0.000700926390265602,-0.164458870633746
0.244,20.0011610151366,13.0900329084706,-4.22901739160189,223.342596441066,96.2758446734269,-1822.87361139262,55145.7346207899,-131862.463610798,1573421.0771833,2280897.11537001,-735026381.407617,63643953.0505214,-199488063846.802,-147814667691.317,0.00116101513656375,0.05,0.023220302731275,0.00310172994676087,-0.177301510469135
0.245,19.99698938578,13.3124421863912,-4.10493873127163,221.45417316743,152.077473433247,-1953.59117806471,56318.3944966282,-129574.380296852,738650.663852282,2270633.73457487,-934514445.254418,-84170714.640795,-199284211991.031,-144219317218.754,0.00301061422000615,0.05,0.0602122844001229,0.00749353926304022,-0.190468266536998
0.246,19.9929698948972,13.5328980619476,-3.92461955094975,219.436168529232,208.601137345426,-2082.05027908494,56556.5739025215,-127369.868472467,-295505.887397652,2114353.3613247,-1133798657.24545,-228390031.859549,-198611122373.62,-131685535871.19,0.00703010510277124,0.05,0.140602102055425,0.01258207269622,-0.203945835358646
0.247,19.9891589799737,13.7512720630377,-3.6878382743377,217.290775094507,264.812716397942,-2208.40652277938,55661.0668327722,-125391.657716384,-1528610.10582991,1820120.56152956,-1332409779.61907,-360075567.730739,42229039443.5646,-96304148467.213,0.0108410200263123,0.05,0.216820400526245,0.0184126361507685,-0.217668995923875
0.248,19.9856127501652,13.9674378089652,-3.39550495803983,215.019960290613,319.489169424506,-2332.95214548247,53473.2900103733,-123767.625630131,-2839905.3657272,1411892.91956521,-1290180740.1755,-456379716.197952,198513775151.586,11228482274.8425,0.0143872498348294,0.05,0.287744996696588,0.0249545829879561,-0.231529110690509
0.249,19.9823857732017,14.1812707202868,-3.04980456442047,212.625340725551,371.335748035951,-2456.08942008542,50021.3799037503,-122582.051154952,-4030829.21832691,961127.444504681,-1091666965.02392,-445151233.923109,199172013422.273,111906751293.341,0.0176142267983401,0.05,0.352284535966803,0.0320934422899373,-0.245388059050212
0.25,19.9795297966361,14.3926476224532,-2.65417375765913,210.108102852384,419.16806767026,-2578.26043660914,45477.9125384818,-121824.848202194,-5022910.17663969,571929.586228242,-892494951.601645,-333244482.629768,199346611584.33,145848586602.256,0.0204702033639066,0.05,0.409404067278132,0.0396306627573703,-0.259095897220761
0.251,19.9770925701159,14.6014463122019,-2.21313941148362,207.469012643489,461.994082070638,-2699.84878374088,40041.9793213053,-121395.232759513,-5815731.82244917,311609.396899601,-693148340.017315,-187395896.027512,199366120610.388,159669983121.033,0.0229074298841496,0.05,0.458148597682992,0.0472925223633154,-0.272509808985535
0.252,19.9751168535871,14.8075451795586,-1.7321208481859,204.708511700689,499.020977679075,-2821.11279153532,33912.9010156159,-121150.709646774,-6409197.10216129,204048.492432606,-493782219.406927,-27725912.9064792,199234537111.761,165990582692.899,0.0248831464128756,0.05,0.497662928257512,0.0547480476398733,-0.285511584755766
0.253,19.9736396244899,15.01082295158,-1.21723053348738,201.826857790421,529.655284546088,-2942.15918164709,27290.0185599364,-120932.859013679,-6803362.05301234,259317.870872576,-294547682.295166,138264669.78642,198568508338.175,168346428755.846,0.0263603755100696,0.05,0.527207510201393,0.0616342139666944,-0.298021304256734
0.254,19.972691484283,15.2111585864941,-0.675074751419352,198.824282562827,553.502804486984,-3062.93232317917,20372.4774171662,-120576.351069787,-6998625.48113841,481755.755036918,-95979173.9569914,306611098.542265,191729117020.4,167677670980.17,0.0273085157170492,0.05,0.546170314340984,0.0675858878951563,-0.310005660674589
0.255,19.9722962642037,15.4084313296979,-0.112554547193582,195.701156529515,570.367961347797,-3183.20970795205,13357.817201886,-119913.343486983,-6998740.0965852,872205.689069268,95749943.0634089,474288769.522435,-135128460768.617,163457752964.712,0.0277037357962548,0.05,0.554074715925097,0.0722675387432019,-0.321480072031632
0.256,19.9724708289362,15.6025209363376,0.463328729582848,192.458156641614,580.236736472702,-3302.60108972654,6384.43066670444,-118776.750454325,-6970554.3839061,1428223.33507406,-39378517.7052078,637746522.487147,25116765590.4112,152797356634.68,0.0275291710638399,0.05,0.550583421276798,0.0754035996420253,-0.332504406096756
0.257,19.9732250493727,15.7933080613453,1.04559449085973,189.096433059966,583.130373393069,-3420.55107086972,-601.626848455867,-117004.187631901,-6997374.5188161,2142368.53587855,-14261752.1147965,790543879.121827,101993785707.998,123832780678.267,0.0267749506272779,0.05,0.535499012545557,0.0768042600385793,-0.343172805930589
0.258,19.9745618172447,15.9806748141971,1.62725807745064,185.617770927971,579.031932067591,-3536.3471572213,-7589.1332790447,-114445.908359682,-6960639.3780769,2994828.80533951,87732033.5932011,914376659.800093,185170056951.784,11160617733.6811,0.0254381827553303,0.05,0.508763655106605,0.0763830002140656,-0.353598706147489
0.259,19.9764770373943,16.1645054696483,2.2013405349009,182.024738146737,567.984816524146,-3649.14279004261,-14475.0449641664,-110992.031121487,-6780322.31600781,3914785.77400644,272902090.544985,925537277.533774,174708516506.907,-116304126999.717,0.0235229626057496,0.05,0.470459252114992,0.074163642937806,-0.363896642635176
0.26,19.9789596778333,16.3446873083955,2.76097060204838,178.320789400282,550.172373605254,-3758.02801806946,-21089.7981488172,-106633.86072988,-6420065.96720937,4782170.98804035,447610607.051891,809233150.534057,-158593597326.576,-148529797010.271,0.0210403221666731,0.05,0.420806443333461,0.0702771465019357,-0.374162919091939
0.261,19.9819919556629,16.521111517271,3.29954539441334,174.510273960645,525.940536174119,-3862.14210985511,-27312.4910787217,-101471.828132741,-6051752.15882077,5517139.24006928,289017009.725315,660703353.523786,-187374706309.742,-158727176294.368,0.0180080443371118,0.05,0.360160886742236,0.0649493382421866,-0.3844577106045
0.262,19.9855496692354,16.6936740433716,3.81083154060781,170.59834166651,495.642531238178,-3960.75186477457,-33250.9638503981,-95650.7917452924,-5856422.50225032,6098479.00544588,101642303.415573,501976177.229418,-190290250019.137,-160235675360.689,0.0144503307645678,0.05,0.289006615291356,0.058480994103755,-0.394791354108402
0.263,19.9896025367795,16.862276325371,4.28887516884764,166.590800399407,459.47236776014,-4053.27643080741,-39088.2802426105,-89328.0305971253,-5849925.32384431,6520337.34499495,-88647946.6035632,341740501.868729,-188371281646.757,-153834290712.206,0.0103974632205279,0.05,0.207949264410558,0.0512209371788563,-0.405116852982605
0.264,19.9941143886716,17.0268258738648,4.72782314550738,162.493959633427,417.436501394438,-4139.29374574384,-45013.9247533644,-82662.462049648,-6032758.91127125,6785160.70150757,-277019228.25032,187906211.156523,-172814277323.649,-132086260203.977,0.00588561132842358,0.05,0.117712226568472,0.0435333745018244,-0.415329520943485
0.265,19.9990431738335,17.1872366936458,5.12173424211977,158.314472245482,369.352826719175,-4218.53781333505,-51213.9956583148,-75805.3626192628,-6396185.2781834,6907023.78256211,-449833505.573969,55819950.9525465,160890969144.407,-75948892470.16,0.00095682616647963,0.05,0.0191365233295926,0.0357623371729964,-0.42527377971256
0.266,20.0043407787902,17.3434295509098,5.46439663782543,154.059184614392,314.87246996122,-4290.88352527506,-57808.2825277611,-68883.0870099695,-6765573.29918516,6924869.28727957,-288942536.429562,-20128941.5176135,181989709968.693,-3996499973.98593,0.00434077879017636,0.05,0.0868155758035272,0.0281967049385366,-0.434756330587706
0.267,20.0099526928953,17.49533210161,5.74922684828147,149.735012818483,253.640826599044,-4356.30769898581,-64687.9954768329,-61968.9482767777,-6963520.98063038,6902742.09577497,-106952826.460868,-24125441.4915995,149026182419.168,16655015478.1069,0.00995269289525069,0.05,0.199053857905014,0.0210395373817908,-0.443564181076855
0.268,20.0158176679933,17.6428789198573,5.96935987582908,145.348870235939,185.459454585086,-4414.82860316263,-71680.1551736238,-55075.4930658355,-6995960.71588166,6886944.16202242,42073355.9582992,-7470426.0134926,-80579315657.3244,13608067468.986,0.0158176679932538,0.05,0.316353359865076,0.0143860841187969,-0.451485333793331
0.269,20.0218675196442,17.7860114834555,6.11781434093691,140.907651512404,110.284973808029,-4466.46130221565,-78668.5090974692,-48190.016105575,-6994177.01775202,6886277.76974342,-38505959.6990252,6137641.45549337,73594887897.8426,7074991477.08764,0.0218675196441893,0.05,0.437350392883786,0.0082139338616024,-0.458329536651599
0.27,20.0280270734111,17.9246781596366,6.18759837290232,136.41824322979,28.1160249953964,-4511.2068617048,-85669.6732804211,-41299.4903498577,-6995885.53350213,6895952.90693745,35088928.1988173,13212632.932581,-71822359711.5576,2301711331.97291,0.0280270734111383,0.05,0.560541468222766,0.00238614191049695,-0.463946656597212
0.271,20.0342141602151,18.0588342036319,6.17171444385427,131.887536518102,-61.0487354953972,-4549.05607759106,-92659.9847431091,-34396.5475078986,-6996707.78515909,6910316.39553602,-36733431.5127403,15514344.2645539,76145313198.4516,-452829809.089969,0.0342141602150789,0.0501272592262695,0.682545998787598,-0.00333406368725159,-0.46824079651888
0.272,20.0403396152305,18.1884417674117,6.06316870200775,127.322434528814,-157.210023648288,-4579.99490004506,-99662.3683584915,-27478.5494118652,-6995368.5600726,6925604.32489603,39411881.6857113,15061514.4554639,-82919942214.2768,-1931958194.82632,0.0403396152305433,0.0512479909434751,0.787145300486737,-0.00925901426510043,-0.471178861229361
0.273,20.0463072772656,18.313469913422,5.85496255058243,122.729855232914,-260.36696263746,-4604.00821754032,-106651.85096809,-20545.7363227739,-6997416.64949403,6939699.86025408,-43508060.5285655,13129556.2606376,105935307001.825,-2533203516.10904,0.0463072772655728,0.0532998443070724,0.868806989356033,-0.0157452812321498,-0.47279285890428
0.274,20.0520139892519,18.4338946295168,5.54010249631104,118.11673128981,-370.520359302594,-4621.08202122374,-113653.365763348,-13599.8938849755,-6987957.05652168,6951562.81475666,62427246.4732597,10596352.7445286,-146020312039.362,-2462863697.85543,0.0520139892518792,0.0560388333950487,0.92817758865899,-0.0231584334373684,-0.473175829253811
0.275,20.0573495984935,18.5496988428803,5.11159217891669,113.490008336438,-487.663383232793,-4631.20447026187,-120634.445915307,-6643.44337112956,-6998539.9660681,6960927.73565226,-83593065.5661023,8133489.04667315,189933220071.016,-2033100554.06863,0.0573495984934524,0.0592550575507202,0.967843098361068,-0.0318373619255643,-0.472471895588478
0.276,20.0621969612011,18.6608724318447,4.562443249131,108.856642621066,-611.803117424558,-4634.36617889618,-127643.126877479,321.212258953695,-6987166.42159869,6968044.6744219,106340154.504914,6100388.49260453,197260701649.752,-1559118570.37555,0.0621969612011206,0.0627702438983297,0.990866967186911,-0.0420616034815725,-0.470861492444421
0.277,20.0664319390653,18.7674122352956,3.88566011520972,104.223598630268,-742.91388495785,-4630.55999253188,-134544.246438217,7292.04727452683,-6782195.9162689,6973365.50362932,303600856.154665,4541269.92222897,197984232774.864,-1177891874.84838,0.0664319390652679,0.066435237775967,0.999950346972336,-0.0540249233998969,-0.468543268989295
0.278,20.0699234384104,18.8693220598639,3.074358040951,99.5978470683613,-880.790379868477,-4619.78055470605,-141141.64455428,14267.4870978048,-6379602.9437268,6977317.82761412,501585088.929529,3363378.04738059,197987661135.58,-889211630.586333,0.069923438410413,0.0701274716339152,0.997090537862719,-0.0678171554093726,-0.465714468127767
0.279,20.0725336162921,18.9666126853178,2.12195612092398,94.9863632762394,-1025.02997889392,-4602.02388518191,-147237.457010019,21246.3384125042,-5779024.02422948,6980236.59984621,699572750.065109,2474166.41679426,197564410125.563,-675764776.723844,0.0725336162920733,0.0737484409152467,0.983527453487872,-0.0834147541872987,-0.462551704923447
0.28,20.0741182831589,19.0593018685707,1.02237503808901,90.3961260304892,-1175.03212060729,-4577.28704426528,-152633.767257528,28227.699468096,-4980669.06910159,6982372.88387464,897137160.190672,1798401.64007042,196393590251.838,-523355150.370317,0.0741182831588851,0.0772212132267753,0.959817646754943,-0.100680582665052,-0.459194005074434
0.281,20.0745275033965,19.1474143466421,-0.229765060330292,85.8341166353441,-1329.99851647307,-4545.56788042811,-157133.135481493,35210.8843269323,-3985335.113785,6983909.60793952,1093530750.44251,1275046.4897001,192415348221.4,-416493034.863258,0.0745275033964923,0.0804879947536639,0.925945585109755,-0.119372826686509,-0.45572972187359
0.282,20.0736063935464,19.2309818388242,-1.63894719982057,81.3073182316703,-1488.93404708021,-4506.86484614333,-160539.635995353,42195.3620426108,-2795596.68923179,6984976.40791179,1285946098.66391,858553.454836842,43983764332.8442,-343111622.477427,0.0736063935463775,0.083507775406745,0.881431617449509,-0.139162057888386,-0.452188553399281
0.283,20.0711961170111,19.3100430482405,-3.20856305006118,76.8227152621967,-1650.65532441355,-4461.17686710084,-162684.929007864,49180.7105419796,-1487658.70840146,6985663.40555539,1329929862.99675,515441.832359415,-188709142118.075,-293800014.777381,0.0711961170111337,0.0862540716523789,0.825423259994823,-0.159654694864212,-0.448539370967048
0.284,20.0671350609789,19.3846436629275,-4.94075494092862,72.3872930466295,-1813.87029067937,-4408.50325119078,-163539.074308453,56166.582701782,-252083.416463742,6986031.94738036,1141220720.87868,221641.817582034,-192923924203.365,-261028622.627676,0.0671350609788917,0.0887127833919744,0.756768736273979,-0.180420639926909,-0.444693996226038
0.285,20.061260113119,19.4548363565318,-6.83639083950096,68.0080374325074,-1977.35324173942,-4348.8436264512,-163252.701351845,63152.6819653007,792675.342313253,6986123.07488662,948296796.675313,-39386.8050456416,-193452903366.64,-239651088.747249,0.0612601131189869,0.0908801786614138,0.674075623764117,-0.201023154127282,-0.440516484306122
0.286,20.053407877537,19.5206807886858,-8.89520041910025,63.6919344972464,-2140.05961649163,-4282.19789949838,-162018.119761755,70138.7454049367,1644245.68730525,6985963.8625372,754843893.308673,-279037.893792891,-192328291430.194,-227719117.430565,0.0534078775369835,0.0927610173367721,0.575757781343475,-0.221049597494102,-0.435836940633831
0.287,20.0434157188232,19.5822436051034,-11.1159652054317,59.4459702842367,-2301.13781977299,-4208.56622815679,-160028.506843034,77124.5317953408,2302925.43489882,6985570.9650847,562515601.878479,-506757.011223456,-188520512361.531,-191994271.568752,0.0434157188231552,0.0943668224874623,0.460073971749165,-0.240141113491104,-0.430468470368671
0.288,20.0311226136711,19.6395984374232,-13.4967115905746,55.2771305610903,-2459.92896631961,-4127.94900333817,-157475.743692589,84109.8173828746,2771180.78059653,6984968.21093769,373995089.516948,-698751.282792207,-174110517971.06,-146252631.624008,0.0311226136710516,0.0957143055352984,0.325161568033045,-0.258018582870119,-0.424225572323127
0.289,20.0163698099807,19.6928259028198,-16.0349024330694,51.1924005974786,-2615.9640417119,-4040.34682440223,-154546.583786896,91094.4118427323,3058120.61112795,6984196.33333908,199884571.545888,-845003.914416215,75805604423.947,-267406111.197878,0.0163698099807092,0.0968239489805079,0.169067778716655,-0.274502369674506,-0.416942169878739
0.29,19.9990012969555,19.7420136034078,-18.727621119669,47.1987649742831,-2768.94509253112,-3945.76046636874,-151375.886622591,98078.141106429,3295907.98488581,6983217.62636907,275690175.969835,-1112410.02561409,172153548655.397,36328122.3636326,0.000998703044501781,0.0977187481646459,0.0102201784535663,-0.289523981905221,-0.408487529237992
0.291,19.9788641138411,19.787256125464,-21.5716919158104,43.3032074020243,-2918.61990373408,-3844.19090033712,-147913.441291611,105060.808582472,3657674.93518335,6982123.38040463,447843724.625232,-1076081.90325046,176321106243.484,-380128398.863495,0.0211358861588522,0.0984231113746926,0.214745153487261,-0.303128343605697,-0.398778542702355
0.292,19.9558086161133,19.8286550384629,-24.5636387982033,39.512710545204,-3064.62252022457,-3735.63922525011,-144002.457643075,112042.330567192,4193679.21293032,6980857.23430195,624164830.868716,-1456210.30211395,162627432405.431,966096424.820467,0.0441913838867016,0.0989619155701965,0.446549398645739,-0.315465418157894,-0.387787227570549
0.293,19.9296888458093,19.8663188939755,-27.6995362386174,35.8342559088186,-3206.41733464635,-3620.10666851347,-139469.591442643,119022.620712414,4899157.76000175,6979884.07221225,786792263.274147,-490113.877293488,-87052016275.1948,563582840.995714,0.070311154190744,0.0993597131542978,0.707642483644818,-0.326770704825753,-0.375542770473642
0.294,19.9003630665387,19.9003632244787,-30.9748397851142,32.2748238489485,-3343.30984233246,-3497.59416396798,-134191.546220383,126002.353658161,5642424.0151383,6979675.74975545,699740246.998952,73468.9637022254,-177548551671.649,26511859435.0667,0.0996367755212937,0.0996400823996555,0.999966811766086,-0.337336056530523,-0.362127985919115
0.295,19.8676944472603,19.9309105424952,-34.384277320282,28.8413943650946,-3474.57095102709,-3368.1008555293,-128228.843507024,132986.484785637,6253389.98630143,6993005.14843668,522191695.327303,26585328.3987689,-186010873190.075,-180037483696.846,0.0690894575047913,0.0993725212374447,0.6952571661104,-0.347473934247071,-0.347670599217745
0.296,19.8315517776417,19.9580903421934,-37.9219002535015,25.5409518602258,-3599.5938180448,-3231.6209388432,-121745.359485257,139962.776350991,6682576.24503369,6929571.73498703,336180822.137227,-153452155.298077,-186081330083.754,-193099639928.769,0.0419096578066238,0.0989956909297729,0.423348303476707,-0.35747979773927,-0.332330245587534
0.297,19.7918100705697,19.9820390978988,-41.5812405317249,22.3804592351771,-3717.94961265927,-3088.22699780226,-114925.706384169,146783.438735007,6925716.40212904,6679569.75972457,150099492.053473,-346551795.226846,-165802832451.534,-195148385145.75,0.0179609021012368,0.0984874305711067,0.182367455390861,-0.367597718115247,-0.316282558306043
0.298,19.7483509905393,20.0029001826979,-45.355493839054,19.3667211524743,-3829.39435271171,-2938.16966400264,-107952.574041422,153257.207866261,6992914.47795674,6235443.77192484,-15703340.3980607,-541700180.372596,23332814743.6234,-195738018411,0.00290018269792824,0.0978244320161801,0.0296468135633903,-0.377993112425767,-0.299702677906933
0.299,19.7010630987012,20.0208236169105,-49.2376994529058,16.5061951310424,-3933.85211453694,-2781.89317336458,-100963.622431207,159189.178544931,6988877.54493049,5595874.58234675,7629474.34556276,-737438198.783595,-10165239224.6305,-195708055559.845,0.020823616910512,0.0969828020804469,0.214714531481973,-0.388735253126374,-0.282750670338409
0.3,19.6498419371733,20.0359656237289,-53.2208683325498,13.804796835222,-4031.32045016826,-2620.03711839726,-93972.6243556407,164383.716018626,6991424.39966374,4760582.35578323,-2535764.87906769,-933146254.343441,4549049247.30535,-195113224264.116,0.0359656237289308,0.0959387638429773,0.374881041700679,-0.399790911052045,-0.265560469368597
0.301,19.5945900378061,20.0484879896013,-57.298009925244,11.2677044981892,-4121.79759540783,-2453.43676529414,-86981.7096635419,168645.206376527,6991163.15940833,3729879.48930773,2013284.36823765,-1128259478.60756,-2902968121.92666,-193498993769.39,0.0484879896013481,0.0946695043635152,0.512181720262972,-0.411028782467982,-0.248233398423996
0.302,19.5352169234428,20.058557228992,-61.4621331219283,8.89916335936163,-4205.28350890128,-2283.12272487747,-79990.0236899698,171778.706294236,6991724.9597156,2504870.51381548,-889683.75368901,-1321758472.37695,1137649409.29712,-188343623182.727,0.0585572289920187,0.0931541756632053,0.628605519560708,-0.422233474077835,-0.23083684838577
0.303,19.4716391082118,20.0663435538667,-65.706246382771,6.70229082325038,-4281.77777098996,-2110.31972405602,-72998.5539638962,173591.306967999,6991404.10066656,1088940.22984717,247965.65560811,-1510102095.55967,-1131637142.65165,-79857218847.5752,0.066343553866691,0.0913750536875877,0.726057618455912,-0.433127502525899,-0.21340817218604
0.304,19.4037800978269,20.0720196493898,-70.0233581958245,4.67888465631919,-4351.28062872746,-1936.43895803981,-66007.2144865923,173911.886613592,6991086.24775084,-461090.475136293,-883671.487043541,-1589959314.40725,103374488.25501,187427493906.514,0.0720196493898193,0.0893188580692747,0.806320758534124,-0.443399058912462,-0.195963337713517
0.305,19.3315703894024,20.0757592676801,-74.4064772867122,2.82926010676466,-4413.79244306149,-1763.01480040394,-59016.5528455036,172687.054396903,6990254.26350792,-1957336.04259028,-780296.998788531,-1402531820.50073,-655419056.38696,193651822783.137,0.0757592676801053,0.0869782334581861,0.871014099366893,-0.452732770287965,-0.178509322210501
0.306,19.2549474710551,20.0777357085879,-78.8486130017934,1.15220578582474,-4469.31402613386,-1591.5321005058,-52026.7979670044,170060.727747859,6989146.25698094,-3263041.95169945,-1435716.05517549,-1208879997.7176,-351828771.458794,195512414369.551,0.0777357085879338,0.0843533910392331,0.921548115970567,-0.460840425782432,-0.161058323742821
0.307,19.1738558211093,20.0781203460156,-83.3427756319547,-0.354888531862202,-4517.84650491792,-1423.29622738282,-45038.4282061797,166225.831199696,6987534.62654004,-4374165.74223227,-1787544.82663428,-1013367583.34804,-585849633.311885,196258013338.103,0.078120346015595,0.0814539065494997,0.959074270650496,-0.467488680721922,-0.143640842717061
0.308,19.0882469069517,20.0770813232462,-87.8819768412343,-1.69584145943474,-4559.39148814537,-1259.41819623424,-38051.8849936585,161377.691334679,6985454.15689674,-5289404.31891126,-2373394.45994617,-817109570.009942,-503440347.661413,196462845747.331,0.0770813232461904,0.0783006687075444,0.984427394025097,-0.472521081091695,-0.126315175541031
0.309,18.9980791834257,20.0747824420423,-92.4592301326038,-2.87548478642982,-4593.951062603,-1100.81320603544,-31067.7014407163,155712.476038388,6982829.04226297,-6008282.46604753,-2876834.80760758,-620646724.26261,-374989591.888546,196177911133.748,0.0747824420422987,0.0749279694670498,0.998057769004201,-0.475872337966174,-0.109172200992914
0.31,18.9033180907383,20.0713822474875,-97.0675513640798,-3.89946736032133,-4621.52784461962,-948.20013827116,-24086.3733141225,149426.566528731,6979764.71265942,-6530840.23474327,-3251824.39949613,-424468813.128863,5743205.71578561,194934694539.866,0.0713822474875094,0.0713857249484898,0.999951286325342,-0.47757356036826,-0.0923350333021472
0.311,18.8039360518528,20.067033309101,-101.699959236683,-4.77405875044534,-4642.12487730885,-802.101614383049,-17108.2335564619,142715.98100318,6976515.75986278,-6857841.7006022,-3246081.19378034,-229534118.588996,496342995.928296,188321362358.444,0.0670333091009709,0.0677418132982395,0.989541109651888,-0.477748050732162,-0.0759536346384965
0.312,18.699912469467,20.0618816981455,-106.34947560926,-5.50595334252049,-4655.74537331795,-662.84496319317,-10133.2581133633,135774.75913701,6973517.85016696,-6993215.13801197,-2749738.19785204,-41212756.2305528,833618570.9182,88990768624.869,0.0618816981455304,0.0640845131067611,0.96562640715455,-0.476598188830343,-0.0601949748042014
0.313,18.5912337228362,20.0560666598441,-111.009125466285,-6.10207743760993,-4662.39229606182,-530.569972469179,-3160.9761958668,128775.769415653,6971184.92125457,-6989932.50993009,-1916119.62693384,47778012.3943161,822141377.816885,-64341976945.2153,0.0560666598441308,0.0605250234044126,0.926338507455138,-0.474384788786828,-0.0452297634885371
0.314,18.4778931648437,20.0497204691101,-115.671936459279,-6.56942305955556,-4662.06796489444,-405.283887222131,3809.38768913726,121799.002249096,6969679.87231654,-6974325.48600838,-1093978.24911696,-16563964.5508991,377474512.510307,19231423340.936,0.0497204691101203,0.0572000436627303,0.869238306937107,-0.471401027292392,-0.0312171997449244
0.315,18.3598911196947,20.0429684132324,-120.330938159453,-6.91497036313747,-4654.77390387075,-286.974007067491,10778.583484748,114819.600018036,6968774.63132368,-6981273.73888881,-716503.736606651,2667458.79003686,-403309719.080043,6217616.67449797,0.0429684132324439,0.0542743896745738,0.791688556795942,-0.467943543279147,-0.0182897978357222
0.316,18.2372348813729,20.0359288016016,-124.979161342358,-7.14569800462316,-4640.5110692922,-175.644599083368,17746.9326459169,107839.661044812,6967856.47272753,-6978603.17129043,-1119813.45568669,2673676.40671135,-167994324.563142,-320012956.402192,0.0359288016016208,0.0519436186928283,0.69168845963713,-0.464283554285815,-0.0065407358735664
0.317,18.1099387126358,20.028712963821,-129.609637683974,-7.26858576497626,-4619.28040204526,-71.29380734534,24714.2012128624,100862.341376232,6966652.66210956,-6976089.50136192,-1287807.78024983,2353663.45030916,112378402.288001,916190799.289422,0.0287129638209969,0.050436634813751,0.569287858458958,-0.46064080114292,0.00398469853019519
0.318,17.978023844051,20.0214252508931,-134.215399929358,-7.29061097751281,-4591.08308445354,26.0809197320691,31680.2287008156,93887.5814050615,6965421.04353045,-6973277.74251197,-1175429.37796183,3269854.24959858,-13496928359.5598,670185994.801385,0.021425250893067,0.05,0.42850501786134,-0.457162824993489,0.0132929270963465
0.319,17.8415184728148,20.0141630377806,-138.789482157405,-7.21874833820649,-4555.92090350787,116.482435165999,38642.8125415971,86916.0502873401,6957497.14997271,-6969672.79526497,-14672357.7375216,3940040.24439997,-9071945709.57223,353460370.434919,0.0141630377805946,0.05,0.283260755611892,-0.453911528409975,0.0214408353905311
0.32,17.7004577604353,20.0070167262987,-143.324922758731,-7.05996932291552,-4513.80216578198,199.914320456596,45591.4615217495,79948.4064222591,6938288.8193804,-6965556.02483535,-23744303.4470939,4293500.61483489,-62946936543.9196,-182465036.477295,0.00701672629865158,0.05,0.140334525973032,-0.450858245881851,0.0285296372687962
0.321,17.5548838239806,20.0000697486744,-147.814774326186,-6.82124154787661,-4464.74814002347,276.380656847164,52507.3870333157,72984.9667368917,6883071.04766135,-6961353.75673875,-86691239.9910134,4111035.57835759,-108017339663.44,-878736356.367853,6.9748674388137e-05,0.05,0.00139497348776274,-0.447887748477988,0.0346945104238835
0.322,17.4048457127378,19.9933985715927,-152.252126106465,-6.50952846931678,-4408.81816672881,345.885595264268,59329.1095710376,66025.5220418828,6742371.13783861,-6957682.08933858,-194708579.654454,3232299.22198974,-101428314882.278,-1403887884.86548,0.00660142840730771,0.05,0.132028568146154,-0.444810761046183,0.0400910622663229
0.323,17.2503993449016,19.9870727002962,-156.630164947979,-6.13178960373306,-4346.15454919858,408.43275648269,65957.2216999019,59069.222120841,6496948.40074302,-6955151.73405902,-296136894.536732,1828411.33712425,-9994387755.80733,-1492256520.96501,0.0129272997037546,0.05,0.258545994075092,-0.441383915192018,0.0448799780500632
0.324,17.0916073637738,19.9811546821563,-160.942270483918,-5.69498136439729,-4276.99862588022,464.024645294369,72304.435922084,52114.7358830304,6195814.31232838,-6954069.45098238,-306131282.292539,336154.816159238,95584438359.5654,-1181064793.8451,0.01884531784372,0.05,0.3769063568744,-0.437335498190563,0.0492113616075339
0.325,16.9285389004568,19.9757001091521,-165.182096215051,-5.20605835857233,-4201.64332199743,512.662353266678,78363.1153329927,45160.6376653238,5937475.24921563,-6954323.82856314,-210546843.932973,-844909.977685863,129599741674.81,-653248472.096162,0.0242998908478889,0.05,0.485997816957777,-0.432394546694373,0.0532102903182077
0.326,16.7612692889203,19.9707576189717,-169.343576092961,-4.67197478109273,-4120.34116019124,554.345660980704,84216.9171171876,38205.7825070265,5791728.27612006,-6955495.36277687,-80947102.258164,-1498158.44978203,135011507644.495,329413618.011017,0.0292423810283253,0.05,0.584847620566507,-0.426319966562953,0.0569649714851065
0.327,16.589879819235,19.9663688948272,-173.420845754248,-4.0996855377638,-4033.23624464022,589.073459838835,89990.6737601193,31249.5929672944,5778286.92768414,-6956828.81441765,54064405.3863314,-1168744.83177101,111927262596.372,2163297047.62252,0.0336311051728408,0.05,0.672622103456817,-0.418926011482528,0.0605186206344958
0.328,16.414457595172,19.9625686644102,-177.408120428776,-3.49614678358061,-3940.34275304609,616.844533745492,95814.6474342627,24292.5403299688,5888314.96436866,-6956915.91072561,165991667.982703,994552.215851513,-37117205844.16,1923327016.27822,0.0374313355897939,0.05,0.748626711795879,-0.41010104404093,0.063865809427582
0.329,16.2350955191528,19.9593846987897,-181.299567865268,-2.86831540818786,-3841.55782940189,637.658862017426,101779.772031649,17336.4422498538,6035748.02942928,-6954959.69500162,128874462.138543,2917879.23212974,-144414383793.401,-7517500403.55787,0.0406153012103125,0.05,0.812306024206251,-0.399817614874658,0.0669535904400843
0.33,16.0518923880311,19.9568378124434,-185.089225684333,-2.22314742606221,-3736.74472154449,651.517997503801,107855.888228182,10381.6885777343,6092415.29967112,-6955800.56597127,-15539921.6548572,-4599621.17142813,-169690649897.5,-13122402659.7734,0.0431621875565646,0.05,0.863243751131293,-0.388133149241707,0.069687241330664
0.331,15.8649530194528,19.954941864416,-188.771029120799,-1.5675981853681,-3625.85228609716,658.420472428244,113912.251792042,3421.4011340674,5992030.05306751,-6966961.38847258,-185230571.552357,-17722023.8312015,-178755916078.842,68706178659.2204,0.0450581355840249,0.05,0.901162711680499,-0.375182072739056,0.0719400118247451
0.332,15.6743882974403,19.953703756358,-192.338935816898,-0.90862833847041,-3508.98233920368,658.358301954881,119781.873906654,-3542.97023654424,5717421.52347574,-6950330.32297417,-363986487.631199,50984154.8280189,-182371635048.576,140734887593.131,0.0462962436419687,0.05,0.925924872839374,-0.361161331701238,0.0735658340845992
0.333,15.4803150690388,19.9531234276987,-195.787091001428,-0.25319661289045,-3386.41001776802,651.354527869637,125286.906913806,-10444.3526675056,5262249.21832025,-6828978.72434959,-546358122.679775,191719042.42115,-183023191259.259,158192436576.775,0.0468765723012652,0.05,0.937531446025304,-0.346311461737642,0.0744137258708245
0.334,15.2828558686329,19.9531938849009,-199.110004814318,0.391806882088448,-3258.59067189847,637.534230365217,130245.473205577,-17151.1064645484,4624379.50001084,-6558163.46364005,-729381313.939034,349911478.997924,-180562825880.057,156313692260.545,0.0468061150990735,0.05,0.93612230198147,-0.33089532896282,0.0743428241923572
0.335,15.082138462415,19.9539013302567,-202.302733915275,1.01968841423651,-3126.16209594629,617.168873819193,134475.068244304,-23508.2619066461,3804716.77313178,-6130095.13851185,-909944139.81909,506225171.258469,-170124295294.233,135810644884.341,0.0460986697433299,0.05,0.921973394866598,-0.315176713994953,0.0732372156625878
0.336,14.8782952106738,19.9552254340507,-205.361063689679,1.62410369905014,-2989.94341518436,590.685593982037,137796.458898311,-29362.609352048,2809710.48566557,-5555964.64481121,-1080068435.11332,642035816.14281,-52580739326.3434,42397205371.2439,0.0447745659492966,0.05,0.895491318985933,-0.299400846582474,0.0710195494128414
0.337,14.6714622493507,19.9571397606892,-208.281686031358,2.19920909905107,-2850.92430331321,558.653774827165,140057.371709866,-34590.4898878926,1703351.68088908,-4892730.22598278,-1132649174.43967,684433021.514054,172494163789.591,-119033322302.003,0.0428602393108264,0.05,0.857204786216528,-0.283778745817752,0.0676622264490448
0.338,14.4617785058368,19.9596123332685,-211.062343513133,2.73977969999483,-2710.19684336848,521.726032274771,141223.147830833,-39160.8424901687,656949.588344207,-4267813.86561973,-960155010.650075,565399699.21205,186990919302.474,-149938032300.372,0.0403876667314833,0.05,0.807753334629666,-0.268476695584513,0.0631949558428274
0.339,14.2493846207246,19.9626062758554,-213.701857739189,3.24123631755078,-2568.79745529028,480.519268716982,141431.185067069,-43170.9461782324,-209709.962654631,-3777383.18255786,-773164091.347601,415461666.911678,191489988218.005,-156262804927.687,0.037393724144593,0.05,0.747874482891859,-0.253611116266847,0.0577073966833367
0.34,14.034421921207,19.9660804225038,-216.200005173027,3.69955655802763,-2427.59200713692,435.522363608417,140866.808056777,-46766.6423281557,-887129.059893229,-3440052.91811003,-581674103.129596,259198861.983991,193481076333.835,-149997690108.081,0.0339195774961993,0.05,0.678391549923987,-0.239247847142039,0.0513456107730629
0.341,13.8170315562894,19.9699898044194,-218.557334255058,4.11113180829078,-2287.25764758243,387.072644727782,139721.088791375,-50102.0954302918,-1372062.62485591,-3255852.90118007,-388193026.795761,109201171.875911,194438359140.076,-116109496710.017,0.0300101955806369,0.05,0.600203911612738,-0.22540478378457,0.0443018875088401
0.342,13.5973538199245,19.974285987289,-220.774974589738,4.47261434562291,-2148.27918734298,335.355985146517,138187.336046311,-53322.6993283189,-1663036.47208163,-3204706.47765917,-193754667.655685,-6908324.83410668,194807077278.166,73259016239.5759,0.0257140127110098,0.05,0.514280254220196,-0.212057318201987,0.0367987415374995
0.343,13.3755276663266,19.9789172590254,-222.854443731522,4.78077518600393,-2010.94754501577,280.432833650906,136459.890086615,-56518.6501323552,-1759387.60109823,-3174985.29437349,1052409.62248129,66350691.4054692,194702924664.88,155760389307.04,0.0210827409746273,0.05,0.421654819492545,-0.19914597610524,0.0290687152171912
0.344,13.1516904191089,19.9838286993314,-224.797452896387,5.03242359298831,-1875.35906070624,222.344239336153,134733.479177772,-59634.5000161414,-1660983.72914331,-3030754.4083145,195755334.287362,222111080.712509,194021558052.496,174398931716.462,0.0161713006686171,0.05,0.323426013372341,-0.186585465000743,0.0213323092328836
0.345,12.9259776749552,19.9889622317724,-226.605712274807,5.22445616453447,-1741.41536327241,161.238647251461,133202.710042114,-62525.1323954803,-1368217.6158297,-2721443.86174376,389776892.339858,396510012.428971,192238594161.868,180737357319.012,0.0110377682275811,0.05,0.220755364551621,-0.174274228428297,0.0137771914482056
0.346,12.6985234019565,19.994256776567,-228.280736476636,5.3539966990064,-1608.82378928139,97.4264086504019,132061.420638148,-65018.1983581231,-882321.426408907,-2234565.17065528,582015486.501726,577247369.747982,186910692668.503,182957618804.103,0.0057432234330399,0.05,0.114864468660798,-0.16210356935121,0.00654183953283689
0.347,12.4694602321683,19.9996485620615,-229.823650800935,5.41856715756986,-1477.09873882984,31.394758836026,131501.258737102,-66933.646907437,-206850.59357293,-1565838.99150525,768926179.170229,760204988.552085,142222082975.444,182547513967.072,0.000351437938480359,0.05,0.00702875876960718,-0.149965464967305,-0.000294283442992862
0.348,12.2389199468609,20.005071612336,-231.23500016172,5.41626731622405,-1345.5668251062,-36.1875005893229,131702.57491361,-68088.958819005,633186.627085021,-714360.245969629,911148262.145673,942752502.519157,-179710103086.134,178565731272.968,0.00507161233597841,0.05,0.101432246719568,-0.137758343963506,-0.00671297676500299
0.349,12.0070341474418,20.0104584160814,-232.514573701338,5.34595704558626,-1213.40328675632,-104.469073875423,132761.38398792,-68302.1818585029,1454479.83768763,317675.122186011,731438159.059539,1121318233.79212,-192082507079.663,162968742291.075,0.0104584160813772,0.05,0.209168321627544,-0.125390358200769,-0.0127517991664697
0.35,11.7739350654263,20.0157407777002,-233.661325006892,5.20743790630121,-1079.80075992751,-172.418741436272,134549.569153957,-67396.6861623724,2089876.74320733,1520477.72712367,539355651.979876,1284286976.0832,-194593339708.047,-40577066576.7283,0.0157407777001772,0.05,0.314815554003545,-0.112780316693885,-0.0184914381265289
0.351,11.5397563562702,20.020850847454,-234.673481817911,5.00162740855339,-944.124467849108,-238.842831616843,136876.69149987,-65240.8277916365,2531935.72533319,2784476.16991851,344762312.271829,1243709909.50647,-195625528631.775,-171731663176.791,0.0208508474540068,0.05,0.417016949080136,-0.0998577301674009,-0.0240373000111334
0.352,11.3046337330989,20.025722306121,-235.548733215839,4.73067863255142,-805.932499164886,-302.491291824568,139548.404126567,-61863.1186108276,2778885.27328913,3942320.24783658,149136783.640053,1071978246.32968,-196057953531.698,-185737119402.758,0.025722306121029,0.05,0.51444612242058,-0.0865633716416593,-0.029497423530963
0.353,11.0687054084582,20.0302916015264,-236.284423785179,4.39795595274701,-664.977965352465,-362.212326317064,142369.181466087,-57415.7654263933,2829993.08016333,4921429.93446488,-46921169.8916447,886241126.926922,-196114085700.279,-189790812764.857,0.0302916015264287,0.05,0.605832030528575,-0.072850601953428,-0.0349599100715014
0.354,10.8321123411403,20.0344990942031,-236.877749083617,4.00789132716268,-521.209778961515,-417.027577872269,145143.028280355,-52082.8467305924,2685014.86742155,5712775.65500937,-243035255.591923,696450314.162064,-195810689555.122,-191189647995.378,0.034499094203106,0.05,0.689981884062121,-0.0586873503806137,-0.0404734600752984
0.355,10.5949982872503,20.0382900348374,-237.325951604186,3.56580188071697,-374.772907902113,-466.14592795833,147673.890405055,-46053.7108598346,2344074.26705206,6313631.14517375,-438845945.147045,505260666.166686,-194977658628.28,-190873014541.312,0.0382900348374093,0.05,0.765800696748187,-0.0440585576364286,-0.0460336216235558
0.356,10.3575096552491,20.041615355149,-237.626516797902,3.07770083110555,-226.0082454235,-508.966566176822,149766.045423095,-39519.2615506677,1807739.49259088,6723455.30406978,-633823603.775325,314387651.625374,-192951001362.183,-187422699426.406,0.0416153551490375,0.05,0.832307102980749,-0.0289688403914637,-0.0515761959507844
0.357,10.1197951651087,20.044432268657,-237.777368747941,2.55010674766706,-75.4520071464619,-545.07951141266,151224.714613571,-32669.8495373563,1077440.38813446,6944131.60598195,-826774605.137508,126964952.198968,-186086607510.735,-163486269029.952,0.044432268657026,0.05,0.88864537314052,-0.013445114031957,-0.0569783864850407
0.358,9.88200531222139,20.0467046808439,-237.777064824046,1.98985359457416,76.1658782850074,-574.262946249535,151857.753264552,-25689.4831667799,157622.479241583,6989353.42366594,-1012861212.64824,-36521316.8309832,98589557017.793,51700365870.8617,0.0467046808438525,0.05,0.93409361687705,0.00246108720149476,-0.0620674876622059
0.359,9.64429163822605,20.0484034123753,-237.624985179686,1.40390970809336,227.937740485281,-596.46168540871,151525.376730306,-18709.7736738843,-805943.954897764,6978682.28977039,-914271655.63045,15179049.0398785,187855426142.476,-15710725574.771,0.0484034123753005,0.05,0.968068247506011,0.0186718357068062,-0.0666361384527556
0.36,9.40680583520704,20.0495062638282,-237.321455604019,0.799256751100331,378.915593938289,-611.680242709768,150293.606185283,-11726.1203138564,-1626287.89745698,6986005.97602288,-726416229.487974,-531676.534892491,193220703262.451,547193668.670818,0.049506263828178,0.05,0.99012527656356,0.0350820059047261,-0.0704622972357209
0.361,9.16969881278726,20.0499980171844,-236.867692912141,0.18287776496973,528.283037665898,-619.913425848632,148336.313623626,-4740.28897715623,-2256093.77531372,6985747.89632232,-533195526.225523,15517.1337783273,194952109399.783,472859878.424626,0.0499980171844463,0.05,0.999960343688926,0.0515607664098639,-0.0733310093866378
0.362,8.93311988593645,20.049870439262,-236.265638325172,-0.43824150946438,675.410561485388,-621.160818588943,145846.114103433,2245.54548771271,-2691813.24683936,6985999.84339531,-338243416.82574,488377.012202953,195643538430.127,3274843133.39549,0.0498704392619516,0.05,0.997408785239031,0.0679567289694729,-0.0750551950761198
0.363,8.69721614587185,20.0491222826927,-235.517765805289,-1.05711517436283,819.862546876698,-615.422055331567,143017.786404586,9232.33532680302,-2932234.89445003,6988125.64197421,-142599878.395613,3763220.14559844,195815183188.818,-9892370060.44962,0.0491222826927142,0.05,0.982445653854285,0.0841068138416664,-0.0754934897566096
0.364,8.46213202454491,20.0477592864028,-234.626887380894,-1.66675630005958,961.398608153625,-602.695442162505,140046.887434803,16220.6938505066,-2976927.18125123,6986942.67708958,53215304.7932051,-6129149.91485117,195567973829.967,20559756811.0747,0.0477592864027621,0.05,0.955185728055241,0.0998480248605361,-0.0745634197650512
0.365,8.22800905429245,20.0457941769307,-233.595957636516,-2.26017698890059,1099.97404988084,-582.981441841906,137129.162568253,23207.998578774,-2825927.88954305,6991093.40558027,248783278.623172,14430606.8962235,194767506365.386,-59411722789.5563,0.0457941769306842,0.05,0.915883538613684,0.115030967784214,-0.072248676682937
0.366,7.99498582313802,20.0432466685539,-232.4278780043,-2.83038914304125,1235.73982769686,-556.277966947642,134460.087569082,30196.4053340041,-2479760.85773718,6975818.15108171,443550784.988558,-44981115.8933328,192803319007.071,131508807825.761,0.0432466685539197,0.05,0.864933371078394,0.129533779886804,-0.0685998762303638
0.367,7.76319812570283,20.0401434636285,-231.125301338318,-3.3704070492698,1369.04199343953,-522.595669857086,132234.235990341,37171.6510617768,-1939808.41324509,6996591.43910126,636354103.99563,86527691.932428,186514148423.853,-171407515331.52,0.0401434636285174,0.05,0.802869272570348,0.143275110264256,-0.0637287957110544
0.368,7.53277930913721,20.0365182460271,-229.690437459246,-3.87324861809828,1500.42015566343,-481.918443773576,130643.690320497,44182.9384276223,-1210197.23503753,6997415.37336793,822868252.419482,-84879823.3990921,7872946580.54453,-196640651469.32,0.0365182460271427,0.05,0.730364920542854,0.156224894316621,-0.0577968008346012
0.369,7.30386081214747,20.0324116925888,-228.124862806177,-4.33191453209389,1630.59622011459,-434.259137656981,129846.239369433,51105.1404473791,-383392.509327775,6814215.22423418,830741199.000026,-281520474.868412,-186230584193.392,-198467380071.151,0.0324116925887594,0.05,0.648233851775188,0.168411883095381,-0.0509984182888681
0.37,7.07657287918074,20.0278714473152,-226.429374302834,-4.73949878090443,1760.38146048818,-379.802079150799,129847.179028906,57745.5175375006,354233.397575555,6433461.05933019,644510614.806634,-479987854.939562,-192629470848.295,-198860136946.928,0.0278714473152277,0.05,0.557428946304555,0.179927060426528,-0.0435422519182194
0.371,6.85104535666776,20.0229519355325,-224.603984964568,-5.08937751443835,1890.50514842373,-318.928114898496,130491.562822077,63905.8413132032,902429.276958042,5854043.13591716,451881143.95834,-678847991.88649,-194618391124.044,-198970529053.925,0.0229519355324506,0.05,0.459038710649011,0.190921760098178,-0.0356323248570483
0.372,6.6274084139678,20.0177139829192,-222.648066423293,-5.375406978245,2021.51513030865,-252.216683788026,131587.496272494,69387.2986983348,1257001.22535436,5075709.87950371,257262752.834295,-877818520.940415,-195434997697.122,-198930273002.287,0.0177139829191688,0.05,0.354279658383376,0.201599202381098,-0.0274519983969995
0.373,6.40579309060651,20.0122242360453,-220.560538953987,-5.59212229456125,2153.76586119438,-180.446121998138,132940.556374649,73990.9442718679,1416546.47934009,4098426.22206215,61827755.1371737,-1076748793.9427,-195709588992.069,-198704995413.69,0.0122242360452773,0.05,0.244484720905547,0.21219939917895,-0.0191520323495254
0.374,6.1863316506087,20.0065543840326,-218.340065778283,-5.73493639379449,2287.41684086835,-104.593702122372,134355.398466726,77517.8785977231,1380519.43998123,2922324.9304126,-133881833.854895,-1275453789.35639,-195603809042.57,-197977629157.425,0.00655438403263631,0.05,0.131087680652726,0.222978792305851,-0.0108439003724811
0.375,5.96915774195156,20.000780181294,-215.985248360049,-5.8003388961844,2422.43203525738,-25.8354857588832,135636.376354939,79769.4803619312,1148835.70160505,1547882.3264775,-329485642.897465,-1473431418.51382,-195093161590.955,-192925305639.705,0.000780181294004478,0.05,0.0156036258800896,0.234186652137265,-0.0025989453146033
0.376,5.75440636052334,19.9949802715169,-213.494822018342,-5.78609466206122,2558.57978630757,54.4543253087995,136587.953708163,80548.4927615452,721803.477912109,-22011.7448561692,-524578804.488421,-1666356724.15352,-193952560160.23,196550323440.534,0.00501972848311638,0.05,0.100394569662328,0.246040566922191,0.00554661781257734
0.377,5.54221361849138,19.9892348142358,-210.867851428322,-5.6914375526066,2695.43313059727,134.722275674034,137015.142357138,79726.0610418524,100248.393343573,-1590093.30728942,-718531364.648651,-1469806400.71299,-191432813327.521,198740090450.525,0.0107651857642068,0.05,0.215303715284136,0.258703417445244,0.013581424067133
0.378,5.33271631740879,19.9836239472716,-208.103925552561,-5.5171768477288,2832.37066555642,213.416603165892,136724.219599269,77434.1878826149,-713999.377968838,-2960529.66277715,-909964177.976171,-1271066310.26246,-184185717357.576,199191703974.464,0.0163760527283827,0.05,0.327521054567654,0.272264061478289,0.0215047968624
0.379,5.12605132697012,19.9782262507525,-205.203351227157,-5.26558787339745,2968.57855036548,289.166981486407,135524.540512753,73871.3236820356,-1716056.4146238,-4132000.12105237,-1094149895.33375,-1071874606.288,-110220006727.181,199378202987.054,0.0217737492475152,0.05,0.435474984950304,0.286723569468322,0.0293117410590167
0.38,4.92235477166821,19.9731173774351,-202.167342924016,-4.94021689671378,3103.05811185475,360.801966765326,133243.039149341,69236.615958337,-2865316.31332113,-5104185.62584684,-1204369902.06093,-872496403.300943,175824142412.872,199454060264.365,0.0268826225649335,0.05,0.537652451298669,0.301988303002234,0.0369801613591285
0.381,4.72176103579292,19.9683688812895,-198.998189562184,-4.54568201147322,3234.67509053636,427.349384429367,129804.841908725,63729.4244742171,-3981774.14417563,-5876954.9990156,-1028545759.64806,-673042343.036577,187130747868.713,199451996886.914,0.031631118710461,0.05,0.63262237420922,0.317870525771433,0.0444618323170152
0.382,4.52440164369776,19.9640472453362,-195.699316976367,-4.08747378863757,3362.32541819421,488.036468180107,125339.983342703,57549.1903031644,-4916754.52988932,-6450271.34360872,-841415011.779343,-473590346.149664,190093705556.486,199330916683.293,0.0359527546637679,0.05,0.719055093275358,0.334096948480747,0.0516779611226202
0.383,4.33040416781517,19.9602131088824,-192.275174500435,-3.57175584236993,3485.07470900774,542.289896541971,120034.203591184,50895.345605928,-5663122.68889042,-6824196.23141674,-651321306.222857,-274259429.466371,190898980584.306,198647399059.596,0.0397868911176431,0.05,0.795737822352862,0.350325760831455,0.0585197188761849
0.384,4.13989129524385,19.9569206941948,-188.731052090976,-3.0051654111448,3602.17675182763,589.73571110224,114077.236745946,43967.1275596214,-6218994.50482113,-6999131.96135331,-460422325.638551,-75612030.4067743,190487561433.149,150749999073.762,0.0430793058052465,0.05,0.861586116104931,0.366171658826173,0.0648536269765702
0.385,3.95298008170452,19.9542174324425,-185.072890816727,-2.39461455250759,3713.07569124862,630.196951926079,107659.779005211,36955.3145829103,-6584173.0497431,-6999368.9922232,-269934764.205402,75137968.6669878,188791188592.841,-131417502248.39,0.0457825675574739,0.05,0.915651351149478,0.381236613000044,0.0705312124106802
0.386,3.76978139570213,19.9521437843883,-181.307092272172,-1.74710446918591,3817.40626090112,663.659629278395,100972.103771464,29971.6116579792,-6759712.21965208,-6989939.77468041,-81143575.6125605,-56279533.5814019,184971077691.941,93572549759.7294,0.0478562156116666,0.05,0.957124312233333,0.395143340516739,0.0754018952146967
0.387,3.5903995531704,19.9507332134159,-177.440328417645,-1.0696255892503,3914.99269176173,690.13078998301,94202.6482769544,22969.1275414681,-6748370.25641867,-6999433.03338195,103827502.079381,37293016.1783274,176023179998.129,-71549377540.67,0.0492667865841305,0.05,0.985335731682611,0.407568194053382,0.0793274004273759
0.388,3.41493214146763,19.9500121899779,-173.479353337115,-0.36917585003792,4005.84579379332,709.603435286419,87535.5289682417,15976.4161199185,-6556531.16434023,-6997914.70597395,279850682.077509,-34256361.3623426,144432921661.803,65315561239.6452,0.0499878100221061,0.05,0.999756200442121,0.418270264488069,0.0821950979610261
0.389,3.24347002962613,19.950000186807,-169.430819669979,0.347248591138749,4090.15571699814,722.077906141509,81142.9952985506,8972.25916013665,-6204464.02143181,-6999513.28671647,424283603.739312,31059199.8773026,-89664401715.18,-60854067975.4566,0.0499998131930184,0.05,0.999996263860368,0.427113883553905,0.083928592028087
0.39,3.07609755653903,19.9507096782556,-165.301109601389,1.07264682832864,4168.26345820319,727.553049605435,75135.7290120359,1978.13312869625,-5825012.61855009,-6998881.1208269,334619202.024132,-29794868.098154,-157075740040.298,58186971789.2737,0.0492903217443619,0.05,0.985806434887238,0.434082338896985,0.0844946934656425
0.391,2.91289286114971,19.9521461395101,-161.096236480614,1.80002170775021,4240.53590595045,726.029200819526,69451.8467044911,-5025.94759754817,-5568931.28654611,-6999582.50303041,177543461.983834,28392103.6911196,-167295903138.756,-56146750540.3848,0.0478538604898979,0.05,0.957077209797959,0.439281226683646,0.0839061011160215
0.392,2.75392823713823,19.9543080466697,-156.821896803014,2.52237205280185,4307.22590692604,717.505854539805,63943.8044984138,-12020.6918404898,-5475035.77613165,-6999263.77460948,10247558.8450784,-27754646.8492651,-166609067621.759,54757493039.8902,0.0456919533303193,0.05,0.913839066606386,0.442930101491262,0.0822195941782131
0.393,2.59927038231693,19.9571868764099,-152.483612461228,3.2327003173278,4368.42695941838,701.983186599745,58446.1243237677,-19024.7066896839,-5548092.75109745,-6999639.6749388,-156361508.776681,27002846.1906251,-155426189341.411,-53649459759.239,0.0428131235901148,0.05,0.856262471802296,0.445342120510849,0.0795299554019714
0.394,2.44898049166672,19.9607671060349,-148.086894932054,3.92400522200997,4424.06650102391,679.460925152801,52793.9464533917,-26019.7865181539,-5782167.35454484,-6999461.5586278,-311787698.118091,-26646613.5686138,-108800642862.887,52845322701.3157,0.0392328939650781,0.05,0.784657879301562,0.446893315751844,0.0759602769781191
0.395,2.30311418530327,19.9650262132955,-143.637409050189,4.58928900707938,4473.91286582356,649.939168641517,46837.7518093107,-33023.7638297825,-6148355.37409437,-6999685.51084575,-420588340.980978,26198709.1327018,78620455225.4088,-52183468284.2828,0.0349737867044695,0.05,0.69947573408939,0.447984528195728,0.0716496316091015
0.396,2.16172127940078,19.9699346764186,-139.1411189037,5.22155033630485,4517.60961774129,613.417754196656,40492.2056739301,-40019.0472307759,-6529633.48746264,-6999578.53585519,-341967885.75557,-25984759.1515809,136681111299.098,51683938542.676,0.0300653235814252,0.05,0.601306471628504,0.448999876681869,0.0667393449178706
0.397,2.02484543927894,19.9754559739969,-134.604364565022,5.81379131846466,4554.78570707017,569.896740402199,33814.3684288061,-47023.0041564498,-6803260.81756866,-6999721.32573543,-205286774.456472,25699179.3910951,134418939035.226,-51261765991.6545,0.0245440260030882,0.05,0.490880520061765,0.450266226839448,0.0613592189536452
0.398,1.89252381830229,19.9815465850061,-130.033812983999,6.35901058018544,4585.16983141691,519.376022872531,26930.8673805151,-54018.4195201549,-6941338.12250752,-6999653.02934016,-70867835.4212457,-25562586.6005594,77821150919.0308,50934495779.7826,0.0184534149938713,0.0504176489698722,0.366011017389931,0.452018598765365,0.055615049741272
0.399,1.76478678900699,19.9881559887333,-125.436336912895,6.85021014380602,4608.62146097822,461.855638677263,19967.0655321168,-61022.3647601654,-6973295.38246925,-6999748.36805083,6953315.49778508,25371909.1792232,-11248774143.1773,-50651187169.1886,0.0118440112666569,0.0519120316635928,0.228155417676774,0.454375838425117,0.0495786352017017
0.4,1.64165780015719,19.9952266647873,-120.818893939066,7.28038861044485,4625.1025690061,397.33551791847,12995.3720117059,-68017.8690381549,-6971966.45404305,-6999702.0524562,-4295458.6453922,-25279277.9899654,339197893.882219,50427445366.8779,0.00477333521273948,0.0542401623207042,0.088003704423234,0.457329118378686,0.0432812156169185
0.401,1.52315333286404,20.0026940930503,-116.188455854614,7.64254794376096,4634.61125601425,325.815685784646,6021.31436132249,-75021.8061553782,-6976092.3137415,-6999767.60776273,-3956260.75150998,25148167.3769124,2123599203.32035,-50229281868.6611,0.0026940930502839,0.0571715191031887,0.0471229922266249,0.460743964414954,0.0367109408399585
0.402,1.40928289548929,20.0104867536854,-111.551996770619,7.92968672779625,4637.14395332521,247.296094299871,-956.40214959421,-82017.3712264306,-6978986.77489135,-6999734.08132015,-1832661.54818964,-25081114.4917487,754241243.825965,50070937188.2505,0.0104867536854023,0.0605088913734054,0.173309301284131,0.464374855889128,0.0298145610968031
0.403,1.30004902048963,20.0185261271034,-106.916494252907,8.1348068863474,4632.6977837713,161.776762136082,-7936.17954838568,-89021.3007087986,-6980442.31581763,-6999779.72721777,-1078420.30436367,24989822.6965018,306365633.281462,-49927107392.2702,0.0185261271034207,0.0640858272028264,0.289083061139042,0.467890464647296,0.0225031235845879
0.404,1.1954472615717,20.0267266939688,-102.288928008344,8.25090699335793,4621.27121609352,69.2576562379821,-14917.1100134166,-96016.9067092335,-6981367.55330535,-6999753.4582174,-772054.67108221,-24937284.6957684,318047009.705905,49811163550.502,0.0267266939688007,0.0677640528595408,0.394408138843155,0.470906928689134,0.0146610711338163
0.405,1.09546619209009,20.0349959351775,-97.6762789380342,8.27098894670442,4602.86330687963,-30.261207949328,-21898.8105862225,-103020.826949207,-6981980.58447158,-6999785.16113792,-454007.661376304,24873878.8547336,197371773.588992,-49701385132.5357,0.03499593517747,0.0714308935365294,0.489927165191813,0.473025832602975,0.00615781507004928
0.406,1.00008740408437,20.0432343318629,-93.0855287171506,8.18805131665371,4577.47343855706,-136.779852723675,-28880.9852792292,-110016.458735106,-6982335.90624616,-6999761.97484945,-256635.887787312,-24827506.2778021,121348501.352405,49610850453.6556,0.0432343318629158,0.0749967223468445,0.576482951654418,0.473873135598584,-0.00313937415296308
0.407,0.909285507656315,20.051335365382,-88.5236595035661,7.995095986511,4545.10124760824,-250.29826324515,-35863.429278669,-117020.365988019,-6982531.86788327,-6999784.05590042,-135287.386434907,24783344.1758535,73185852.0399222,-49517621378.9497,0.0513353653820126,0.0783924622083443,0.654850784576432,0.473135245697955,-0.0133524290738588
0.408,0.823028130598486,20.0591855173227,-83.9976537309356,7.68512152958835,4505.74653289714,-370.816453937981,-42846.0165926035,-124016.011308728,-6982630.56234368,-6999759.52241405,-62101.5343949853,-24734277.2030962,37292437.1961833,49436941267.357,0.0591855173226605,0.0815671627336866,0.725604708305214,0.470588765755663,-0.0245807591361546
0.409,0.741275918187828,20.0666642694959,-79.514493980372,7.25112982478857,4459.40919222696,-498.334407514897,-49828.6719903082,-131019.898479532,-6982674.01765948,-6999775.32898346,-24809.0971988019,24702664.0642608,22280582.2028793,-49345020240.4339,0.0666642694959485,0.0844856716738467,0.789060063975144,0.466121095967358,-0.0368918619408142
0.41,0.663982533079978,20.0736441039472,-75.0811629039911,6.68611945688157,4406.08918002133,-632.852132590754,-56811.3546990859,-138015.546646524,-6982687.68646558,-6999745.17503942,-2528.51499592265,-24642356.176173,31519897.949705,48911277189.0074,0.0736441039472453,0.0871264178577041,0.845255730214017,0.459740002322516,-0.0503151559330835
0.411,0.591094655261583,20.0799905029533,-70.7046431824431,5.98309230760086,4345.78648237093,-774.369620914277,-63794.0383964927,-145019.46112012,-6982674.45503159,-6999931.89262109,28991.3829537824,24268921.0128343,52704673.2574297,199811242927.84,0.0799905029532511,0.0894793199537885,0.89395519539668,0.451571357611088,-0.0648395942066683
0.412,0.522551982036139,20.0855619493561,-66.3919174966991,5.13504897710981,4278.50111377484,-922.876677692083,-70776.6895717206,-151973.956678413,-6982619.11131201,-6875757.35014433,81696.0562112121,224080163.940674,75840387.2241699,199929315223.508,0.0855619493561406,0.0915438327791664,0.934655527943034,0.441845422186414,-0.0804152412032629
0.413,0.458287228039721,20.0902099466568,-62.149968493526,4.13505036427129,4204.23313142349,-1078.24283596344,-77759.2551949399,-158704.35239405,-6982499.49506219,-6551712.5285919,157536.443435382,424009479.164182,159277682.401687,199948704187.406,0.0902099466567527,0.093327140319165,0.966599280212038,0.430873142093814,-0.0969584192515746
0.414,0.398226125300096,20.0937791557007,-57.9857787317245,2.97638273332356,4122.98265937366,-1240.14404517926,-84741.6493755,-165010.735399028,-6982262.31977755,-6027728.69733401,316814.125837068,623958183.351588,401746746.162207,199953838483.138,0.0937791557007408,0.0948425021238184,0.988788292176335,0.419014894944174,-0.11435893802052
0.415,0.342287423365431,20.0961077189443,-53.9063305908767,1.65275636353486,4034.74994838008,-1408.05632048646,-91723.6863304236,-170693.159364939,-6981744.63227863,-5303793.59474086,718560.871999275,823912021.834726,-321062709.514642,199952453168.952,0.0961077189442534,0.0961077573345119,0.999999600549846,0.406644818328067,-0.132487987982647
0.416,0.290382889567205,20.0970277844399,-49.9186060825027,0.15850549370483,3939.53549611605,-1581.25572662624,-98705.1251927178,-175551.671539901,-6981186.60276139,-4379905.34632166,397498.162484633,1023864475.00368,2054899852.58007,199944558986.135,0.0970277844398915,0.0971439882872448,0.998803797853041,0.394114246499126,-0.151205803713402
0.417,0.242417309501953,20.0963662297722,-46.0295866463969,-1.5112117256913,3837.33992949247,-1758.81837573685,-105685.770563089,-179386.320555557,-6979761.65467261,-3256068.59182491,2452398.0150647,1223809033.98981,8095811497.71999,199924060839.515,0.0963662297722081,0.0979743434575759,0.983586379570237,0.381717823961435,-0.170368352224491
0.418,0.198288487733487,20.0939455859451,-42.2462527261467,-3.36021328172764,3728.16502416053,-1939.62043224678,-112662.956716838,-181997.16395358,-6973261.35090869,-1932297.52741534,10548209.5127847,1423733094.82933,-45776818914.9148,199856369327.775,0.0939455859451144,0.0986230174747022,0.952572617940963,0.369665558839483,-0.189832407876807
0.419,0.157887249831734,20.0895851612162,-38.5755813325346,-5.39109335785709,3612.0152874357,-2122.33812876621,-119638.573432809,-183184.285538693,-6985601.55085336,-408636.247922128,-35228609.4021301,1623589464.1571,85604504319.8579,-94844605149.8412,0.0895851612162275,0.0991143840370057,0.903856307907636,0.358063471231083,-0.209458540411747
0.42,0.121097445139271,20.0831023644514,-35.0245503532282,-7.60502487624467,3488.88160864691,-2305.46008604339,-126627.521870977,-182796.934488728,-6978027.90809556,1167530.91366005,50375894.9177278,1528744859.00726,173469025803.594,-199859621112.106,0.0831023644514026,0.0994722758859111,0.835432422866409,0.346904605521336,-0.229111755696716
0.421,0.0877959409129531,20.0743142044855,-31.6001419655974,-10.0016268088412,3358.78069668045,-2487.42679174966,-133551.450327313,-180898.341082417,-6840917.50027604,2596345.96211126,223844920.721322,1328885237.89515,186373955059.876,-199927251547.643,0.0743142044854608,0.0997194045070176,0.745233135444877,0.336071060913589,-0.248659986044236
0.422,0.0578526478066392,20.0630388335347,-28.3092662670093,-12.5790163426472,3221.85386067124,-2666.81380928019,-140249.383041385,-177670.873709949,-6523885.60202478,3825267.57423259,410218875.781198,1128957986.34751,188964183731.94,-199947948381.482,0.0630388335346836,0.0998769105265219,0.631165233309294,0.325347094708886,-0.267971888338358
0.423,0.0311306654251662,20.0490969669915,-25.1586057449711,-15.3339826705035,3078.41877814913,-2842.39222070315,-146536.665174898,-173314.451800606,-6019184.63437761,4854251.58638936,599183059.513138,929010037.966028,189088825273.936,-199956213883.149,0.0490969669915344,0.099964035178863,0.491146309807187,0.314442748069661,-0.286915802363859
0.424,0.00748660074819629,20.0323131121932,-22.1544319551474,-18.2621860327261,2928.98026320135,-3013.13304321314,-152224.743475306,-168029.021230881,-5325457.1622275,5683283.51741381,788271884.787074,729053824.082879,187696079968.392,-199958214119.893,0.0323131121932292,0.0999979034005703,0.323137896839594,0.303026077780777,-0.305360611212974
0.425,-0.0132289269303567,20.0125165974032,-19.3024172310816,-21.3583576617109,2774.23199046239,-3178.20724530689,-157124.782015146,-162014.537170446,-4443337.23745623,6312358.23443674,975967964.755465,529095609.962986,184354321513.96,-199954111832.882,0.0182118016210146,0.1,0.182118016210146,0.290760883855672,-0.323178481512623
0.426,-0.0311705923798138,19.9895424008423,-16.6074459862151,-24.6164997365311,2615.05588258604,-3336.98575217978,-161049.409549972,-155470.956816333,-3375192.11194379,6741476.78848329,1160322286.26943,329141498.130104,176849534797.017,-199936402133.265,0.0311705923798138,0.0999959132439631,0.311718662979415,0.277346215485528,-0.340249195036443
0.427,-0.0464974827110222,19.9632317797636,-14.0734275199147,-28.0300853395619,2452.51963275842,-3489.03944436894,-163814.965596315,-148598.232012474,-2126445.05827585,6970650.08554676,1337171821.06644,129205095.996839,154352165116.034,-199802187586.997,0.0464974827110222,0.0999499250121642,0.465207779849392,0.262553784505159,-0.356465630528703
0.428,-0.0593720301532246,19.9334326995728,-11.7031127757035,-31.5922584063954,2287.87073794336,-3634.13914224713,-165247.099383205,-141596.279743526,-712097.154651393,6999954.0877501,1491523986.18248,-70597091.590158,-25357457565.3146,134299537799.307,0.0593720301532246,0.0998375169616045,0.594686566334155,0.246259647829727,-0.371739848117395
0.429,-0.0699587660197539,19.9000000634783,-9.49792233479026,-35.2960308518823,2122.51512075313,-3772.24161531464,-165217.660787692,-134609.240945271,766748.102748425,6996506.76505959,1466166528.61716,63702446.2091489,-154573852425.299,-120575860175.659,0.0699587660197539,0.0996375004522829,0.702132888743608,0.228467083349968,-0.386009172178557
0.43,-0.0784229231197594,19.8627957688298,-7.45782845092393,-39.134409353739,1957.91875452773,-3903.34700979718,-163743.591729373,-127600.978933803,2155627.70515294,6999921.28118091,1311592676.19186,-56873413.9665104,-172958095840.447,112622998867.035,0.0784229231197594,0.099326348333037,0.789548034694789,0.209318278168853,-0.399241425253813
0.431,-0.0849289822845006,19.8216887104872,-5.58136901259932,-43.1003916306568,1795.46436884297,-4027.45281436777,-160960.994035431,-120610.723859794,3380741.33342457,6999359.36664792,1138634580.35141,55749584.9005243,-179474376176.154,-110365147435.69,0.0849289822845006,0.0988785580570375,0.858922135934768,0.189092900607379,-0.411437644210103
0.432,-0.0896392958414439,19.7765547826133,-3.86577573639744,-47.1869818438702,1636.37603980531,-4144.55916549457,-157040.84780786,-113601.883891935,4429638.72568791,6999926.37783059,959160204.17526,-54615562.5351662,-182350661559.05,108616800279.125,0.0896392958414439,0.0982671603102969,0.912199920689588,0.168192567238618,-0.422631547393178
0.433,-0.0927128647245562,19.7272768788987,-2.30714340195546,-51.3871766674229,1481.70227345009,-4254.66566309133,-152162.020757011,-106611.162495326,5297623.59908364,6999619.21543499,776809542.61621,54001237.7439592,-183316304819.592,-107381012841.538,0.0927128647245562,0.0974643858861609,0.951248642071633,0.14711214678144,-0.432885844194722
0.434,-0.094304290373456,19.6737448928243,-0.900608362188958,-55.6939799533495,1332.31089457035,-4357.77248998152,-146506.545104089,-99602.4394964926,5982774.98929006,6999929.94675818,593493237.796617,-53379775.0975793,-182527353450.387,106325147738.983,0.094304290373456,0.0964425023762562,0.977829152602674,0.126400650986768,-0.442285770628771
0.435,-0.0945629070713191,19.615855717586,0.359469596817862,-60.1003883462025,1188.88704719415,-4453.87943091932,-140257.444721476,-92611.4785793267,6485004.55036148,6999712.74553009,410965884.34623,52945372.6414039,-178663576678.756,-105451616945.498,0.0945629070713191,0.0951748308096682,0.993570529801384,0.106615591941359,-0.450930517285675
0.436,-0.0936320968065963,19.5535132462274,1.47932439045838,-64.5994055703269,1051.93315474622,-4542.98662271448,-133596.734491721,-85602.8684169668,6806638.64636833,6999932.30969874,232302307.667474,-52506244.3040936,-164553472983.203,104663594734.932,0.0936320968065963,0.0936369507322957,0.99994816228357,0.0882753069861851,-0.458923405244174
0.437,-0.0916487866439304,19.4866283715726,2.46560192571701,-69.1840282874285,921.771600234251,-4625.09391503421,-126701.370270349,-78611.7452969643,6956664.2175442,6999757.86276212,67748834.6842711,52157350.4308385,-98699361565.973,-103963017669.653,0.0916487866439304,0.0918081003277659,0.998264709940989,0.0718139143654451,-0.466361784460611
0.438,-0.0887431255246411,19.4151189863169,3.32518428522577,-73.8472601419362,798.555741071723,-4700.20142030045,-119727.281529057,-71603.2359285984,6975063.37144549,6999933.70435813,-30950526.8817019,-51805667.2388148,32473640119.762,103308292473.312,0.0887431255246411,0.0896727761133426,0.989632855934711,0.0575432784447028,-0.473327637964001
0.439,-0.0850383275009793,19.3389099829679,4.06503787710326,-78.5820978222507,682.31218587558,-4768.30901914256,-112762.281147699,-64611.9870091141,6960349.66462366,6999782.18335597,1523113.23806011,51502625.2344972,5964263849.42859,-102700951936.346,0.0850383275009793,0.0872225344525694,0.974958226503062,0.0456257234708341,-0.479879799292156
0.44,-0.0806506372089172,19.2579332539157,4.69212909384767,-83.3815449144324,573.030581923392,-4829.41681049546,-105800.175882482,-57603.5703384636,6964854.90978644,6999934.33262229,7487377.08748871,-51198326.7018488,-3981539678.10984,102119315201.397,0.0806506372089172,0.0844579946869771,0.954920105643392,0.0360604463518195,-0.486048518062461
0.441,-0.0756893359276021,19.17212769138,5.213420675776,-88.2385981366443,470.713915494499,-4883.52469175059,-98832.2408740979,-50612.2152833253,6970351.51703487,6999795.66352114,3505837.40937887,50920988.4995484,-3883732688.11373,-101564569925.694,0.0756893359276021,0.0813910410607407,0.929946772288077,0.0286855731123181,-0.491832874750606
0.442,-0.0702567398790901,19.0814391874697,5.63588030979841,-93.1462610280896,375.367272862958,-4930.63275422782,-91860.7837271397,-43603.8865538754,6971915.48810019,6999934.36705784,-377895.278734858,-50643581.4261453,-1834361747.11605,101024018755.266,0.0702567398790901,0.0780472178740792,0.900182502244242,0.0231959330852046,-0.497201258960256
0.443,-0.0644481955726996,18.9858206341323,5.9664791456805,-98.0975303381489,286.992307465582,-4970.74090486095,-84889.3629136368,-36612.4366410714,6970620.4119479,6999802.79500933,-2212257.0258509,50380437.3291205,17139055893.3029,-100498589454.436,0.0644481955726996,0.0744683094152638,0.865444590843493,0.019174578936312,-0.502094827886588
0.444,-0.0583520780525527,18.8852319232077,6.21218859240601,-103.085409565835,205.588600175744,-5003.84923080619,-77916.9921208862,-29604.1933923066,6976977.6828687,6999933.93761123,14926798.867452,-50118152.1253153,-23508742921.5972,99979916455.2706,0.0583520780525527,0.0707150932701788,0.825171478309572,0.0161347578626575,-0.506433569940974
0.445,-0.0520497905262698,18.7796399463793,6.37998195217888,-108.102895492771,131.161605165148,-5029.9576444252,-70936.4691624041,-22612.6552113488,6980150.11027535,6999805.74371355,-8581944.05414527,49861764.3299553,-152356654969.319,-99468796067.6192,0.0520497905262698,0.0668702525566485,0.778369881019611,0.0135681356034701,-0.510124352492775
0.446,-0.0456157599599035,18.6690185952244,6.47683705389475,-113.142991581844,63.7074325399157,-5049.0662310038,-63986.002799984,-15604.4967181482,6895389.83873655,6999933.1100097,-160938599.023464,-49607031.7376638,-177792756126.06,98958463256.7733,0.0456157599599035,0.0630414295635307,0.723583844397655,0.010994556736002,-0.513070144833457
0.447,-0.0391174478037182,18.5533487611655,6.5096925292932,-118.198694647995,3.13489352795751,-5061.17490573627,-57200.7143867802,-8612.87404679785,6645554.86165005,6999805.30990042,-338731355.149525,49351431.5191095,-180009217988.791,-98449703893.9555,0.0391174478037182,0.0593644001588339,0.658937809513051,0.00800829456337517,-0.515179505768816
0.448,-0.0326154474547137,18.4326183355188,6.48531904422143,-123.263008120641,-50.8069990379388,-5066.28375396052,-50754.5267390364,-1604.80130512021,6216818.89750613,6999931.88947255,-518740573.138315,-49098272.374846,-173646806746.024,97939893320.5676,0.0326154474547137,0.0560063452523747,0.582352719281049,0.00431563883649317,-0.516375408414731
0.449,-0.0261637365276946,18.306822209445,6.41014785704962,-128.328928849534,-98.5468083740262,-5064.39269153741,-44826.0192625571,5386.90476371834,5611254.9209948,6999803.56375799,-692387379.884339,48841620.9457216,-132155567150.64,-97429010259.1577,0.0261637365276946,0.0531691925283175,0.492084518939421,-0.000240388340802292,-0.516602553252956
0.45,-0.0198101052291983,18.1759622739973,6.29009329742726,-133.389460231604,-140.688104554698,-5055.50180426375,-39582.9839593629,12394.8909695727,4852789.75753514,6999930.67957413,-824542947.034979,-48587389.313436,150361620210.872,96913495289.0968,0.0198101052291983,0.0510929986832681,0.387726415354942,-0.00567063884073063,-0.515832475742048
0.451,-0.013596757610824,18.0400474200722,6.13038939624317,-138.437599152131,-177.97585239229,-5039.61100779031,-35117.4054053101,19386.6802037049,4103427.6206056,6999800.03790524,-674181326.824107,48326105.9756608,179253206283.66,-96394353624.4742,0.013596757610824,0.0500593394959628,0.271612804877711,-0.0118464579131069,-0.514065980395263
0.452,-0.00756104343474196,17.8990935384567,5.93551214863976,-143.466348976179,-211.146438658173,-5016.72038964806,-31321.1929137359,26394.5775689939,3518872.89692332,6999928.96706866,-494928120.540447,-48068247.6488134,185946559503.628,95863756459.3079,0.00756104343474196,0.05,0.151220868694839,-0.0185210605131056,-0.51133269672047
0.453,-0.00173618195068809,17.7531235197783,5.70927251989052,-148.468706626193,-240.782935370225,-4986.82986464695,-28018.7929838322,33386.4497049814,3116918.05613469,6999792.5976495,-308981561.036819,47795508.8104945,188134110846.722,-95322731160.9102,0.00173618195068809,0.05,0.0347236390137618,-0.0253620512970644,-0.507687837391547
0.454,0.00384815686072338,17.6021672545519,5.45498836792361,-153.437675436765,-267.286927331544,-4949.93952450548,-25025.0100230748,40394.252935176,2902003.55052123,6999926.74087954,-120847450.190097,-47527222.3504156,188238674491.851,94762990512.9726,0.00384815686072338,0.05,0.0769631372144676,-0.0319904794441293,-0.503206507688627
0.455,0.0091654511011725,17.4462616331276,5.17566913618415,-158.366252370955,-290.873233542953,-4906.04928094565,-22152.0570852333,47386.2098966325,2875275.43757706,6999781.01378561,67391224.301754,47235768.162557,186244644326.669,-94185657052.8016,0.0091654511011725,0.05,0.18330902202345,-0.0380221828923269,-0.49797615161148
0.456,0.0141921122344808,17.2854505457382,4.87420344667789,-163.247440733507,-311.568660845167,-4855.15923231647,-19212.0452614509,54393.9111849906,3035788.98404215,6999923.95342177,253635868.628423,-46949888.8902445,179332967520.796,93580056716.6671,0.0141921122344808,0.05,0.283842244689617,-0.0431073093399214,-0.492087891413235
0.457,0.0189074581971061,17.1197848824426,4.55354679063526,-168.07423753265,-329.213066762845,-4797.26928496722,-16019.5495151745,61385.9568700867,3379091.33643097,6999764.09288986,432968836.149219,46630167.8264225,133829216245.87,-92947588507.7804,0.0189074581971061,0.05,0.378149163942121,-0.0469641791487179,-0.485627618194707
0.458,0.0232938731188606,16.9493225331766,4.21690628661588,-172.839646043473,-343.465332919769,-4732.37954717224,-12401.6688912946,68393.5447821384,3878974.78070312,6999920.46646239,566798052.395089,-46317420.6813579,-165790647115.003,92272141499.2274,0.0232938731188606,0.05,0.465877462377212,-0.0494042787190081,-0.478667701878482
0.459,0.0273371459112029,16.7741283876892,3.86790885004403,-177.536663325801,-353.839956022276,-4660.48991705442,-8266.92685891306,75385.68522851,4362877.50954071,6999739.11653064,401007405.280087,45954720.8178695,-185450610092.033,-91555610989.4374,0.0273371459112029,0.05,0.546742918224058,-0.0503461394154762,-0.471260120771745
0.46,0.0310269418328136,16.5942743355973,3.51067774006403,-182.158292625239,-359.866336667626,-4581.60051796463,-3734.45408174765,82393.1424369514,4671159.60977478,6999916.03185379,215556795.188053,-45600890.1715678,-190554608271.715,90770891335.6316,0.0310269418328136,0.05,0.620538836656272,-0.0498173383640996,-0.463431659672241
0.461,0.034357260158828,16.4098392663127,3.14973009653522,-186.697531062926,-361.237224587299,-4495.71123553965,1012.72482424254,89385.3865056086,4791439.10082697,6999700.58735004,25002186.9163386,45170001.1640638,-192572877642.419,-89920645068.7038,0.034357260158828,0.05,0.687145203176561,-0.0479460039061189,-0.455181619556831
0.462,0.0373267400147254,16.2209090691022,2.78979724452732,-191.147381855704,-357.832637051392,-4402.82221710038,5784.56953892061,96392.6853193626,4720154.8489221,6999910.26597975,-167570690.72608,-44750643.90464,-193361035867.807,88955539503.2937,0.0373267400147254,0.05,0.746534800294509,-0.0449441232589482,-0.446482228358224
0.463,0.0399387800437895,16.027576632999,2.43563499126613,-195.500842201747,-349.723975246293,-4302.93332860787,10388.7122031684,103385.046186641,4455903.64026212,6999637.39182676,-360931726.593888,44204895.5986536,-193383815598.439,-87879530739.6749,0.0399387800437895,0.05,0.79877560087579,-0.0410847122573919,-0.437281681266363
0.464,0.042201466885765,15.8299418468719,2.0918313723744,-199.750915291489,-337.175524169742,-4196.04475788983,14631.9193442005,110392.13943781,3998280.00586901,6999902.52205557,-554315542.192326,-43674635.1410213,-192600066449.582,86593487966.0966,0.042201466885765,0.05,0.8440293377153,-0.036675193460706,-0.427509479615186
0.465,0.0441273108574825,15.6281115993103,1.76261348639625,-203.890598427403,-320.644875749075,-4082.15633823485,18320.9415678984,117384.636890289,3347664.43045189,6999524.6308976,-746915608.641908,42918852.8250753,-190306056201.268,-85102810562.4332,0.0441273108574825,0.05,0.882546217149651,-0.0320296352484456,-0.417083523009481
0.466,0.0457327883936728,15.4221997787062,1.45165431813538,-207.912894780659,-300.782517319733,-3961.26833183741,21263.4305179958,124391.437145839,2505595.79370935,6999892.07844146,-937221664.843176,-42183957.7373579,-182646513515.313,83013787986.6722,0.0457327883936728,0.05,0.914655767873456,-0.0274425708459209,-0.405918239835387
0.467,0.0470376916942031,15.2123272730918,1.16188054241661,-211.810801811127,-278.430102787086,-3833.38052040414,23269.9743936977,131384.072876743,1477050.87210852,6999215.01469743,-1119868178.35849,40829830.2493142,-1234987875.00923,-80326451366.421,0.0470376916942031,0.05,0.940753833884062,-0.023166919938188,-0.393932955975768
0.468,0.0480642877241281,14.9986219702286,0.895284930506062,-215.577322727401,-254.608299111555,-3698.49338198381,24186.8853453144,138390.315064671,356565.199812525,6999881.61926353,-1121103166.2335,-39496621.1171067,183853226836.496,51357466247.2145,0.0480642877241281,0.05,0.961285754482561,-0.0193980883692162,-0.3810596804622
0.469,0.0488363054223446,14.7812187572666,0.652784321078763,-219.20545552263,-230.422321142922,-3556.60756898527,24013.541166483,145379.007951084,-672611.353002724,6986063.73127003,-937249939.397002,11860845.1301078,191739874177.39,3889638713.08186,0.0488363054223446,0.05,0.976726108446891,-0.0162655313272771,-0.367249564054994
0.47,0.0493778452701291,14.5602595189844,0.434219214378393,-222.688208717069,-206.893304814749,-3407.73339029275,22904.261489478,152371.650378038,-1513991.35531103,6999869.39575668,-745510065.219611,15750483.8431896,194244026425.809,-31626138020.799,0.0493778452701291,0.05,0.987556905402582,-0.0138315906477159,-0.352477429345299
0.471,0.0497123661832414,14.3358931305958,0.238496264196667,-226.018589244554,-184.862197179362,-3251.86049789195,21049.8891059614,159374.123992712,-2162379.40731774,6999806.81058947,-551266038.793802,-15875654.1776094,195325514210.82,-199677875292.845,0.0497123661832414,0.05,0.994247323664828,-0.0120961217255818,-0.336743993954396
0.472,0.0498618452419592,14.1082754647053,0.0637772732967344,-229.189598371449,-164.9772368871,-3088.99743634777,18644.4309316153,166332.713330331,-2615982.68900613,6884092.21876544,-355940524.582982,-215553529.470454,195790541797.914,-199833115907.334,0.0498618452419592,0.05,0.997236904839184,-0.0110054596043236,-0.320075409816223
0.473,0.0498461296084492,13.8775693744979,-0.0923269445067346,-232.194292749102,-147.69196278151,-2919.26692887613,15883.109737284,173075.723265043,-2874027.94269015,6568622.13134132,-160149982.785067,-415386645.377788,195870172581.294,-199848528261.551,0.0498461296084492,0.05,0.996922592168984,-0.010464609754392,-0.302520566170616
0.474,0.0496824830538024,13.6439445641917,-0.232561397741229,-235.025946019172,-133.264397422178,-2742.98445267499,12961.6518319648,179403.343985652,-2936242.83918457,6053311.22183275,35720189.796226,-615235173.63934,195591832218.673,-199816734453.705,0.0496824830538024,0.05,0.993649661076047,-0.0103514138654709,-0.284147312114713
0.475,0.0493853279585273,13.4075772733203,-0.359831224780778,-237.678247214589,-121.756763985163,-2560.6653179713,10075.8677263815,185115.734831589,-2802726.73327901,5338167.68096656,231312022.014899,-815051908.093044,194810146966.955,-199675987625.5,0.0493853279585273,0.05,0.987706559170546,-0.0105312796215432,-0.265038693026
0.476,0.048966183080931,13.1686497614234,-0.477005914606155,-240.145500594993,-113.035590532295,-2373.02466111673,7421.26536193774,190013.097227239,-2474009.63778063,4423277.77906077,426122168.981855,-1014727895.71854,192974488165.519,-161524507583.418,0.048966183080931,0.05,0.979323661618619,-0.0108710317243329,-0.245289697291565
0.477,0.0484337969839223,12.9273495929703,-0.586723844186002,-242.4228251209,-106.772269024077,-2180.97577650373,5192.47922334229,193902.090307176,-1951400.22471602,3327787.62955051,619096657.147373,-1176252403.30196,187543447645.652,199686643876.377,0.0484337969839223,0.05,0.968675939678445,-0.0112505488565794,-0.225004825128647
0.478,0.0477944765297013,12.6838687261092,-0.691197748413082,-244.50634256744,-102.444492826583,-1985.59751417217,3581.88456847423,196675.032842388,-1238531.84374582,2251378.54818674,806640104.793025,-976565759.425584,122005828591.2,199833632622.988,0.0477944765297013,0.05,0.955889530594025,-0.0115710880062142,-0.204296670572024
0.479,0.0470526088015962,12.4384024499038,-0.792023094209781,-246.393266360392,-99.342350586325,-1787.95122661423,2767.00708189013,198471.434116299,-370888.824657193,1374729.60507265,928645933.384225,-776732126.802596,-183251424668.296,199873223412.989,0.0470526088015962,0.05,0.941052176031924,-0.0117595437641125,-0.183285206031082
0.48,0.0462113677304395,12.1911483375877,-0.890006589573919,-248.081783446576,-96.6136490705605,-1588.91355499888,2829.89931981367,199491.109861873,466131.396392885,697934.089976547,745394508.71593,-576858903.389607,-191750787870.131,199879024813.759,0.0462113677304395,0.05,0.924227354608789,-0.0117683641822246,-0.162096200108873
0.481,0.0452735513336588,11.9423053704329,-0.985098140237209,-249.570857494425,-93.4344412505924,-1389.16129294989,3636.7695059195,199933.927670957,1115650.51117375,221014.698993819,553643720.845799,-376979878.575848,-194118649349.973,199848183457.403,0.0452735513336588,0.05,0.905471026673176,-0.0115717130530241,-0.140857431617328
0.482,0.0442423929305737,11.6920732609583,-1.07650680415002,-250.860029029849,-89.1556608126679,-1189.17136090155,4996.88876929115,199999.760461239,1572234.90734456,-56041.0878533275,359525071.495826,-177131695.118445,-195038524948.84,199683361114.374,0.0442423929305737,0.05,0.884847858611474,-0.0111598227031464,-0.11969281626516
0.483,0.0431222093457554,11.4406519760076,-1.16288862653655,-251.949215567161,-83.3208603496614,-989.22082279338,6716.37979155881,199888.434086012,1834240.71636597,-133331.102414586,164486546.546985,22551665.995929,-195311973663.525,198830692134.417,0.0431222093457554,0.05,0.862444186915109,-0.0105334400922461,-0.0987150382461996
0.484,0.0419188572118271,11.1882414596767,-1.24254036419804,-252.838511798186,-75.6680837743978,-789.387011035403,8600.31178558768,199799.517265285,1901071.27608119,-11364.0903514481,-30825427.1165398,221382358.130346,-195109705948.754,-178667407513.462,0.0419188572118271,0.05,0.838377144236542,-0.00969918617693698,-0.0780174223660841
0.485,0.0406399948744784,10.9350415554158,-1.31359435717398,-253.527993209234,-66.1305034930368,-589.563723230919,10453.4520637858,199869.066452746,1772690.99599027,120684.564022167,-225935133.065293,42714950.6168844,-194321291174.117,-192146632768.916,0.0406399948744784,0.05,0.812799897489567,-0.00866629283729053,-0.0576658534357308
0.486,0.0392951492170099,10.6812520969736,-1.37421371944376,-254.017602106577,-54.8364585072323,-389.635201447424,12080.7886113811,199979.084053282,1449595.21733792,67326.1982545934,-420256424.23941,-149431682.152032,-192359322767.657,158928162597.54,0.0392951492170099,0.05,0.785902984340197,-0.00744502421183303,-0.0376918248915005
0.487,0.0378955873635792,10.4270730088944,-1.42278729812112,-254.307241446884,-42.1089299963375,-189.640737568598,13288.1957294714,199998.18243756,933159.13171468,-2641.40259866807,-612615747.007067,9496480.44550876,-186345201939.424,-12727559515.8706,0.0378955873635792,0.05,0.757911747271584,-0.00604691536212925,-0.0180888289063525
0.488,0.0364539938174346,10.1727042800605,-1.45812368226357,-254.396883243844,-28.4640217089241,10.3571765994237,13883.9894540259,199998.168015265,227370.783737902,491.298088905366,-798960948.946491,-3231079.07036188,-97895540346.0206,-145201448681.747,0.0364539938174346,0.05,0.729079876348693,-0.00448677693656803,0.00118627810581227
0.489,0.0349839548023676,9.91834590822485,-1.47964191995057,-254.286528245994,-14.6035860020348,210.349001690193,13695.5638398996,199972.843532372,-620537.935381599,-75340.5053223297,-896856489.292511,-148432527.752108,183323530442.421,193225687501.111,0.0349839548023676,0.05,0.699679096047353,-0.00278623154157584,0.0202080824584156
0.49,0.033499260608454,9.6641978791792,-1.48753698834619,-253.976209953763,-1.36012873093962,410.267487285591,12657.1515816121,199855.491044424,-1425732.6594529,-127160.189323883,-713532958.85009,44793159.7490027,191568261061.043,186141424033.223,0.033499260608454,0.05,0.66998521216908,-0.000978313246447835,0.0390747619927358
0.491,0.0320130879954375,9.41046010755105,-1.482834297534,-253.46603249676,10.4732163720153,610.074619654645,10906.5804862444,199781.751005646,-2043481.48777247,10703.6824417316,-521964697.789046,230934583.782225,193954103078.971,-198837529935.368,0.0320130879954375,0.05,0.64026175990875,0.000887935297474661,0.0578976653182433
0.492,0.0305372188441168,9.1573324114169,-1.46726850341171,-252.756057252361,20.2791434190368,809.891926701729,8634.44233342387,199874.782391657,-2468469.13402203,142219.501256273,-328010594.710075,32097053.8468575,194889334330.453,-199690896368.347,0.0305372188441168,0.05,0.610744376882336,0.00274483467103676,0.0767900708035813
0.493,0.0290814236705143,8.90501461850756,-1.44309559337863,-251.846204557926,27.6328031419285,1009.83484789897,6034.44945776855,199999.768603775,-2699035.06156687,74471.1069189569,-133121260.379621,-167593842.521489,195166287605.8,-199852353662.278,0.0290814236705143,0.05,0.581628473410285,0.00450689004121097,0.0958571768162809
0.494,0.0276530369222091,8.65370666609713,-1.41289932501819,-250.736366062387,32.3036801208339,1209.83559256772,3301.38148061283,199957.134063823,-2734573.17814359,-193048.912433672,62045027.2261789,-367446196.183767,194955884770.2,-199882519951.244,0.0276530369222091,0.05,0.553060738444182,0.00607520080763239,0.11518693924078
0.495,0.026256726514763,8.40360853263666,-1.37939650651157,-249.426601053552,34.2562390121114,1409.62663270429,630.323463544029,199547.048299972,-2575050.20853232,-660436.368593061,257000911.996379,-567328716.135011,194144665276.937,-199876967807.216,0.026256726514763,0.05,0.525134530295259,0.00734500868960729,0.134841063849255
0.496,0.024894458299229,8.15491997021731,-1.3452419545589,-247.917336273764,33.6499602177752,1608.74057982696,-1783.86884477727,198569.634745344,-2220976.96389747,-1327703.56863168,451145577.273316,-767205683.942227,192137486104.685,-199838618259.11,0.024894458299229,0.05,0.49788916598458,0.0082156175406157,0.154846727210726
0.497,0.0235656554990021,7.90784003718067,-1.31283369271272,-246.209565792718,30.8387995491824,1806.5101685649,-3747.2501056873,196825.021898364,-1673762.64357181,-2194828.56170346,643283063.378001,-967044302.201338,186062049288.8,-199696405523.713,0.0235656554990021,0.05,0.471313109980042,0.00860169069440647,0.17518981574048
0.498,0.0222675525433813,7.66256643085531,-1.28411912467893,-244.305050875613,26.3696345509926,2002.06828144848,-5068.36087602198,194113.388451306,-937448.555549408,-3261721.06666666,829345112.6668,-1166740707.72505,105964255751.625,139122206539.362,0.0222675525433813,0.05,0.445351050867625,0.00844480411755898,0.195810321395253
0.499,0.0209957415071905,7.41929462091717,-1.26040447291005,-242.206516974962,20.9751887599633,2194.36214934044,-5573.47616594605,190291.4840652,-55121.3150067955,-4358900.67112202,935309368.418425,-1027618501.18569,-182234821168.778,199683749857.311,0.0209957415071905,0.05,0.41991483014381,0.00772411089414812,0.216600319855771
0.5,0.0197449009603855,7.17821681035721,-1.24218775651872,-239.91777672044,15.5224437137016,2382.31123347612,-5191.31526693843,185452.054768462,789070.64282724,-5286677.29737906,753074547.249646,-827934751.328377,-191141111627.251,199821249485.443,0.0197449009603855,0.05,0.39489801920771,0.00646499122625237,0.237404959404806
0.501,0.0185096480946034,6.93952087102915,-1.22909967340114,-237.443653404567,10.8432119797339,2564.99028635607,-4057.56420242424,179784.713636999,1446574.63426326,-6014701.42396471,561933435.622396,-628113501.842934,-193672062451.265,199852172314.691,0.0185096480946034,0.05,0.370192961892068,0.00474429524973111,0.258027757239363
0.502,0.0172853584542245,6.70338942131744,-1.22002234779094,-234.789797717591,7.59452099777627,2741.67129087129,-2362.30152742499,173489.264157499,1911672.03866002,-6542888.8396503,368261373.171131,-428261329.528243,-194663771296.005,199836875820.77,0.0172853584542245,0.05,0.345707169084489,0.00269019680262857,0.278241262212562
0.503,0.0160688221014912,6.46999909821098,-1.21327664352465,-231.962488455029,6.24132139473914,2911.82606025721,-298.942764062068,166765.550799055,2182601.52618315,-6871231.73126815,173597601.875126,-228424453.707473,-194966746279.289,199683229901.478,0.0160688221014912,0.05,0.321376442029824,0.000475465303129779,0.297802487935542
0.504,0.0148587084124597,6.23952002911702,-1.20681541808039,-228.968432678319,7.0544887129862,3075.12624458292,1937.96310534543,159813.38737925,2258715.75491863,-6999814.57002489,-21369144.4041634,-28741223.8059948,-194769712035.563,57370891785.4232,0.0148587084124597,0.05,0.297174168249194,-0.00169537791373874,0.316471607297616
0.505,0.0136558368971535,6.01211550330679,-1.19841800865086,-225.814567095268,10.1101327670554,3231.43732492702,4153.53266938939,152808.764012619,2139961.75449669,-6999870.34793817,-216138856.439727,28629667.9794283,-193973808792.62,-42715942824.977,0.0136558368971535,0.05,0.273116737943069,-0.00360371842002968,0.334032048103342
0.506,0.0124632533048389,5.78794183151931,-1.18588507149078,-222.507891196456,15.2895409289202,3380.74914554604,6153.09602753411,145816.089174867,1826835.99366065,-6992598.65137123,-410112665.232346,-14086274.8455487,-192032616244.201,13597974325.1609,0.0124632533048389,0.05,0.249265066096779,-0.00503755197870473,0.350309905367468
0.507,0.0112861109536661,5.56714832612038,-1.167233198182,-219.055399913043,22.2797014834024,3523.06715426501,7742.87025253789,138818.713715127,1320707.0203062,-6999885.9390542,-602145281.476547,-488300.520387831,-186479298439.797,2618515742.04868,0.0112861109536661,0.05,0.225722219073322,-0.0058131809528116,0.365190132237894
0.508,0.010131357837184,5.34987730457441,-1.1408885871165,-215.464090048102,30.5747977284123,3658.38595273202,8731.42474903252,131819.020045103,625322.089609758,-6999064.98170356,-788624579.916344,2130215.22166084,-140466029515.851,-5926296482.84027,0.010131357837184,0.05,0.20262715674368,-0.00579577554761873,0.3786270297054
0.509,0.00900723117451376,5.13626408572116,-1.10587788657304,-211.740961056805,39.4815933410338,3786.70554839312,8939.0235437648,124820.03245493,-233535.505064511,-6999897.91472332,-929090609.432195,-3796081.26117942,178193447235.86,8385961272.00651,0.00900723117451376,0.05,0.180144623490275,-0.00491679773614321,0.390647789809728
0.51,0.00792256669629164,4.92643698909489,-1.06200293120764,-207.893012230123,48.1564254243291,3908.02534862553,8270.64164185683,117819.634159788,-1073529.39087878,-6999501.01534849,-750897162.196334,4589880.01082709,189852751794.971,-9990945387.3457,0.00792256669629164,0.05,0.158451333925833,-0.00318656098590442,0.401348933678206
0.511,0.00688596969388655,4.72051733452327,-1.00991981180302,-203.927243539933,55.7730633750386,4022.34558096825,6853.30579517905,110820.76292688,-1729500.17717762,-6999906.60803134,-561044410.401363,-5401065.37651861,192906105494.634,11307903337.31,0.00688596969388655,0.05,0.137719393877731,-0.000700306055096681,0.410886052814082
0.512,0.00590500216145125,4.5186194422089,-0.951030114859475,-199.850654359415,61.6761494342909,4129.6659615762,4875.43443038318,103820.040436717,-2194091.53483167,-6999653.7217392,-368138304.906729,5906837.96079135,194083480285.343,-12333070143.2511,0.00590500216145125,0.05,0.118100043229025,0.00236421880274126,0.419457937157797
0.513,0.00498552847497455,4.3208506325502,-0.887295651866167,-195.670244843231,65.4012685247857,4229.98664574711,2529.62098981237,96821.2846222674,-2465188.09959573,-6999913.41885003,-174054824.621386,-6426232.1824597,194461363305.39,13222404143.2215,0.00498552847497455,0.05,0.099710569499491,0.00575871563035745,0.427286696690206
0.514,0.00413125116432662,4.12731122621237,-0.821046069302739,-191.393014364983,66.6773888841677,4323.30745355476,9.81570512351693,89820.36182135,-2542012.24256442,-6999728.44896088,20406538.6840035,6796171.96076184,194284977840.851,-13973019357.3597,0.00413125116432662,0.05,0.0826250232865323,0.00918485705709812,0.434595865286901
0.515,0.00334343994813478,3.93809454401634,-0.754784971959177,-187.025963185193,65.4276947651997,4409.62850163782,-2489.61243845876,82821.7026218099,-2424463.21495999,-6999918.7866788,214691516.524855,-7176847.39659781,193474198673.681,14647315971.062,0.00334343994813478,0.05,0.0668687989626956,0.0123212968864737,0.441588637694654
0.516,0.00262085492666131,3.75328690699632,-0.690995602850855,-182.57609066235,61.7696940636265,4488.94965902989,-4774.48419537737,75820.6366307613,-2113034.59909829,-6999771.97608987,408165715.198536,7470468.57446419,191503872048.392,-15243025841.19,0.00262085492666131,0.05,0.0524170985332261,0.0148544711909514,0.448428358433481
0.517,0.00195986404772663,3.57296763632018,-0.631946720547701,-178.050397129423,56.0146995159018,4561.27101962463,-6651.51862486833,68822.0593846518,-1609116.94787556,-6999923.020436,599669587.246927,-7772557.26672577,186121300072.303,15791412934.8058,0.00195986404772663,0.05,0.0391972809545326,0.0165101475310823,0.455223129385064
0.518,0.00135475429970828,3.3972090533375,-0.579499429258576,-173.455881926204,48.6663224024732,4626.59248004839,-7929.78056244171,61820.8819877383,-916386.710592481,-6999799.87123532,785790887.319231,8018855.66808,152893086156.465,-16290701511.098,0.00135475429970828,0.05,0.0270950859941655,0.017082638702334,0.462015984582529
0.519,0.00079823497938649,3.22607647951752,-0.534916712859733,-168.799545440111,40.4156841778783,4684.91411979722,-8427.7896483485,54822.3764274185,-54149.2801950184,-6999926.36632279,938683973.475696,-8271845.84301797,-171874191044.501,16758832284.3797,0.00079823497938649,0.05,0.0159646995877298,0.0164588523252844,0.468781516019674
0.52,0.000282126804439921,3.05962823649079,-0.498686268838759,-164.088386991498,32.110105793718,4736.23585268519,-8041.24264031309,47821.1072768882,798597.597758426,-6999818.79602361,766809782.431194,8486986.44136171,-187874052314.439,-17194391504.7279,0.000282126804439921,0.05,0.00564253608879842,0.0146348405777573,0.475429200318591
0.521,-0.000201805214563455,2.89791564599791,-0.470433299975072,-159.329407011302,24.5881354971763,4780.55774862882,-6890.55249339147,40822.6662421679,1471470.3540324,-6999929.00533462,578935730.116755,-8707405.06336622,-191711901090.9,17608774334.8146,0.000201805214563455,0.05,0.0040361042912691,0.0117229231998346,0.481813016965467
0.522,-0.000661027002742864,2.74098302992682,-0.449022670942674,-154.529604800455,18.521819473275,4817.87973283308,-5161.56625781584,33821.318330024,1954550.13360371,-6999832.02323057,387223829.025855,8901369.27144837,-193170044415.768,-18000810187.67,0.000661027002742864,0.05,0.0132205400548573,0.00794733091636656,0.487746345805558
0.523,-0.00110156462682946,2.58886771026867,-0.432741351666867,-149.695980826244,14.394016835248,4848.20186867927,-3045.59921710184,26822.9368563979,2245188.94042168,-6999931.05905296,194053784.610087,-9099440.91622166,-193661211873.346,18378480393.8542,0.00110156462682946,0.05,0.0220312925365891,0.00362751916271594,0.493020626966297
0.524,-0.00152752167226807,2.44160000915215,-0.419489464552506,-144.835534370302,12.4952851686306,4871.52408920267,-735.660253020678,19821.5191569525,2342412.11909509,-6999841.25977225,392572.73674093,9279039.4776325,-193513691686.621,-18740752252.6191,0.00152752167226807,0.05,0.0305504334453613,-0.000849403201469336,0.497425922752526
0.525,-0.00194078876927104,2.29920324880422,-0.406973203747437,-139.955265931278,12.92283333346,4887.84645337164,1574.69587049501,12823.1939582103,2246047.84598852,-6999932.59642093,-193121118.94988,-9461712.77498658,-192673034384.036,19093853731.0835,0.00194078876927104,0.05,0.0388157753854208,-0.00506435095850533,0.500771356026167
0.526,-0.00234094639865718,2.16169375158243,-0.392898333492974,-135.062174771482,15.5803382306916,4897.16889965675,3692.07098461125,5821.71281435701,1956590.20984662,-6999847.38233037,-385794153.333916,9632140.95609691,-190634380743.679,-19436802037.259,0.00234094639865718,0.05,0.0468189279731435,-0.00860648467883963,0.502903440003222
0.527,-0.00272536117299988,2.02908083993921,-0.375163524777898,-130.163261417283,20.1784621954729,4899.49148427002,5423.9917210003,-1176.55796450152,1475478.86614086,-6999933.64239291,-576428534.077595,-9804661.08116207,-185350097083.849,19775055221.0364,0.00272536117299988,0.05,0.0545072234599975,-0.0111140104954144,0.50372054130499
0.528,-0.00308947505077559,1.90136683645293,-0.352052716017297,-125.265525111337,26.2363990064855,4894.81414933477,6580.36463725506,-8178.09809489817,806375.283521345,-6999850.77586355,-761778631.161444,9970394.13987435,-160279506965.188,-20107612257.3381,0.00308947505077559,0.0503528243753565,0.061356539362023,-0.0123115762307304,0.503182119094535
0.529,-0.00342728581164564,1.77854706379462,-0.322424815250453,-120.375966404976,33.0863098675174,4883.13694976712,6979.13735403481,-15176.3149424013,-35543.1011226924,-6999934.18785234,-922058138.126631,-10137218.1174637,158538877249.412,20439820711.1554,0.00342728581164564,0.051703298077277,0.0662875665402066,-0.0120406524050465,0.501311905403353
0.53,-0.00373201322699081,1.66060984475869,-0.285891958487884,-115.501584520431,39.9006051011885,4864.45982985364,6508.98833005704,-22177.9111025272,-878331.800624618,-6999851.49561423,-763519260.877219,10302602.5936917,184375203629.728,-20770611280.2812,0.00373201322699081,0.0538308018433054,0.0693285832496834,-0.0102799761479444,0.498194794317127
0.531,-0.00399691275528195,1.5475365022312,-0.242913524697611,-110.649380031858,45.8508566209383,4838.7828446616,5279.62609959877,-29176.0730653913,-1549663.45968697,-6999934.19866068,-579144057.247492,-10468008.6865895,189660046387.673,21105764566.3934,0.00399691275528195,0.0565192483460721,0.070717726654971,-0.00715382089173048,0.493967819829629
0.532,-0.00421609004608039,1.43930135922098,-0.194703682772153,-105.826352139714,50.2670294830851,4806.10593923562,3472.00061901933,-36177.7236409675,-2033977.49374063,-6999849.32506407,-389484010.859819,10637755.879804,191609547748.912,-21444104021.5766,0.00421609004608039,0.0595859349465271,0.0707564637504462,-0.00292601172241624,0.488806175155847
0.533,-0.00438516927597912,1.33587173882876,-0.143054280982736,-101.039501439314,52.6651110845804,4766.4291703871,1275.21604447361,-43175.8281054286,-2327656.73072599,-6999933.62119505,-197874463.110907,-10806348.1417726,192291146186.003,21792452163.9844,0.00438516927597912,0.0628784301946824,0.0697404382138977,0.00202098146427814,0.482905694043791
0.534,-0.00450177683299209,1.2372079642796,-0.0901461470074514,-96.2958271072441,52.7515318175969,4719.75248243189,-1119.3293934435,-50177.5328253339,-2429385.6207439,-6999843.74325483,-5583316.92490417,10986104.0222118,192180607500.814,-22149485413.9616,0.00450177683299209,0.0662715404294648,0.0679292620002322,0.00722002706850065,0.476463543741656
0.535,-0.00456583477300065,1.14326335889206,-0.0383578086231762,-91.6023297586735,50.4245865862732,4666.07593585704,-3519.47657139971,-57175.57509748,-2338878.63391839,-6999932.3819396,186597290.57591,-11163381.3917498,191258454402.323,22523983324.5553,0.00456583477300065,0.0696643789546824,0.0655404503924565,0.0121629763918506,0.4696590286659
0.536,-0.0045796625004215,1.05398424611321,0.00992659527930478,-86.9660085432032,45.7747393486104,4605.39947250433,-5733.18015096309,-64177.3351728947,-2056652.11614132,-6999833.77166907,377855744.978232,11360601.9328055,189011075239.759,-22914418032.2724,0.0045796625004215,0.0729775573485699,0.0627543955540634,0.0163496186309777,0.462636372096596
0.537,-0.00454788634801797,0.969309949486834,0.0525092882814111,-82.3938640948423,39.0840845585413,4537.72315911184,-7569.402548742,-71175.3077132694,-1584290.83354321,-6999930.3787524,566866820.217991,-11553816.0994669,183430574576.08,23333201254.7061,0.00454788634801797,0.0761505155652404,0.0597223316777371,0.0193371210259508,0.455491124670536
0.538,-0.00447715761801195,0.889172792692622,0.0875697711322882,-77.8928955316159,30.8246573370047,4463.0469327899,-8839.68820974687,-78177.1261331958,-925708.726037177,-6999817.59422451,750297394.794071,11779385.1552392,161358737192.483,-23778502552.2974,0.00447715761801195,0.0791390045990139,0.0565733375179164,0.0207851333603383,0.448261477969324
0.539,-0.00437568089418873,0.813498099512448,0.11385290662434,-73.4701035055048,21.6538876107546,4381.37087031951,-9363.3551155216,-85175.0171186014,-94731.9626468642,-6999927.46034542,911656131.986555,-11999117.3970582,-132683281776.687,24269898279.9489,0.00437568089418873,0.0819127326690744,0.0534188123336866,0.0204922058106042,0.440925265373525
0.54,-0.00425255813725794,0.742204193875988,0.130846207995044,-69.1324870960354,12.3895807325,4292.6949008636,-9024.3728924713,-92176.8991545987,750582.528451347,-6999791.6286025,778972850.209868,12270780.8828907,-178591348451.644,-24805080734.1026,0.00425255813725794,0.0844531831248998,0.0503540302438184,0.0184200323473932,0.433402872527856
0.541,-0.0041169836833765,0.675202399823679,0.138879668310238,-64.8870469721137,3.86288660643722,4197.01911747981,-7914.06916365696,-99174.6895728821,1440259.70443539,-6999923.38808666,600381501.758224,-12534299.8512119,-186306989395.96,25419557664.2807,0.0041169836833765,0.0867516096379981,0.0474571446058012,0.0147029706860384,0.425565698782067
0.542,-0.00397742682804982,0.612397041562754,0.139049026956581,-60.7407821637512,-3.2387519126005,4094.34343631115,-6204.66987324178,-106176.64351795,1947487.71149564,-6999747.90910573,414074512.362264,12885257.8130688,-189050587227.858,-26110260628.5701,0.00397742682804982,0.0888072117069262,0.0447872053586794,0.0096407664352305,0.417249279066079
0.543,-0.00384094695532309,0.553685443424856,0.133048199075731,-56.7006933545503,-8.40854261916858,3984.66797845409,-4081.65333676966,-113174.300508254,2267036.93024397,-6999917.78160695,225023925.134405,-13225002.8155013,-190029571251.216,26956975456.0516,0.00384094695532309,0.090625491128721,0.0423826332689062,0.00367399036349162,0.40826972956111
0.544,-0.00371268723197157,0.498957929940106,0.122984461693671,-52.7737795057142,-11.327091402096,3867.99263809521,-1733.77603916702,-120176.337962026,2397046.06975277,-6999664.29669442,34994353.8831889,13731972.6405503,-189962313653.212,-28060199783.9997,0.00371268723197157,0.092216787845477,0.0402604267478144,-0.00265565334214416,0.398441878162087
0.545,-0.0035955553739495,0.44809782578656,0.111189865029082,-48.9670413089856,-11.864427110475,3744.31758747195,649.106821918471,-127173.812972364,2337059.26680935,-6999962.42394587,-154967959.770023,-14328227.1434494,-188880694538.83,199870635380.666,0.0035955553739495,0.0935949915314866,0.0384161087587673,-0.00875618061646491,0.387597292556514
0.546,-0.00349009371426984,0.40098145612891,0.100031470203256,-45.2874762198247,-10.080488677386,3613.64973319289,2877.20199308634,-134147.627737319,2087650.95976991,-6914355.33339899,-343848654.308853,185542408.237217,-186237018240.353,199955109275.879,0.00349009371426984,0.0947764233914608,0.0368244927312197,-0.0140422783862921,0.375600458711453
0.547,-0.00339453909335109,0.357478160563489,0.0917216453466269,-41.7420432958298,-6.22452918922615,3476.08418298647,4761.88912266176,-140935.886015053,1650683.79634088,-6628835.37052383,-530085672.549207,385497517.513096,-179958484908.062,199967711190.027,0.00339453909335109,0.095778880692469,0.03544141536014,-0.0179927418190678,0.362361688177814
0.548,-0.00330507195324339,0.317450397333555,0.0881295881277247,-38.3375141329518,-0.733144050689991,3331.90646086037,6117.53700191003,-147338.644674955,1030618.88133764,-6143353.99741572,-710044157.457269,585465228.703123,-158785705933.97,199970982300.769,0.00330507195324339,0.0966208340205043,0.0342066179281997,-0.0202027986664313,0.34784628595974
0.549,-0.00321625254275765,0.280754029173786,0.0905960740041025,-35.0802748259524,5.77474562789873,3181.60204884909,6766.66952019671,-153155.937560969,241181.870913388,-5457903.27756221,-868829863.391239,785436211.003892,77483083494.2639,199970103473.483,0.00321625254275765,0.0973207668873606,0.0330479572410291,-0.0204262743419027,0.33208002129964
0.55,-0.00312163840107508,0.247238808793066,0.0997587958186396,-31.9761260035037,12.5204295681325,3025.85639777215,6586.35030666352,-158187.794382451,-588906.450730719,-4572482.01482158,-791346779.896975,985406314.477375,167835752062.482,199965129238.594,0.00312163840107508,0.0978966486001163,0.0318870813834109,-0.0186035661648157,0.315150590482677
0.551,-0.00301455256464134,0.216749064325416,0.115442675313754,-29.0300828582861,18.6874286757838,2865.55492864842,5629.74309132806,-162234.245718494,-1296335.35459645,-3487093.13572491,-623511027.834493,1185371443.71597,180186142010.883,199952248266.102,0.00301455256464134,0.0983655304298633,0.0306464322559697,-0.0148725846553941,0.297204982632244
0.552,-0.00288888684411428,0.18912458475076,0.136704441567792,-26.2461751779406,23.5725933410917,2701.78302961303,4051.68324648284,-165095.32775765,-1829753.3114255,-2201745.56787589,-443324885.82361,1385323691.98207,184367442471.211,199909788748.733,0.00288888684411428,0.0987432537875844,0.029256549012744,-0.00956068459908511,0.278443055916313
0.553,-0.00273980050336433,0.164201705282285,0.161980982171999,-23.6272473820657,26.6431944276608,2535.82604592797,2030.99539922407,-166571.09318141,-2180894.47601351,-716466.981519452,-258957443.352399,1585233480.7308,185852770709.558,-17905385765.0406,0.00273980050336433,0.0990442579896028,0.0276623860784735,-0.00315725065794986,0.259107996327609
0.554,-0.0025642521951983,0.141814592406939,0.189266950766219,-21.1747603917085,27.5483268804323,2369.16017877818,-248.402336680713,-166497.927653525,-2346925.53401113,859813.806328829,-73104672.6428415,1567328094.96576,185813247061.716,-199912039870.627,0.0025642521951983,0.0992814743887879,0.0258281034904523,0.00373075814611747,0.23947462300308
0.555,-0.00236135062107688,0.121796711058998,0.216298424638341,-18.8886422350524,26.1220198832664,2203.34504970865,-2600.91133250298,-164887.768473025,-2327123.58312311,2327185.88135928,112708574.418875,1367416055.09513,184359789486.579,-199954583096.304,0.00236135062107688,0.0994662933673112,0.0237402092823228,0.0104359091705578,0.219836533281441
0.556,-0.00213252043990824,0.103982368137552,0.240738367447015,-16.7672978958859,22.3840131795003,2039.8404454112,-4840.95399683555,-161910.200327967,-2122235.11396095,3594624.64490626,297068363.905454,1167461471.99883,180833499342.591,-199967637041.177,0.00213252043990824,0.099608591166598,0.0214090011206116,0.0162943635374371,0.200492322288827
0.557,-0.00188148259127336,0.0882081646581228,0.260362082570095,-14.8077664687002,16.5389877488078,1879.9138023328,-6784.51601228667,-157765.172886568,-1734750.0003842,4662102.2983845,477901863.248044,967493834.957652,172812669101.231,-199972904032.548,0.00188148259127336,0.0997168034824135,0.0188682601684598,0.0207105991480932,0.181730598568412
0.558,-0.00161404982621447,0.0743142629340788,0.273241039995907,-13.0059195899587,8.97394757474958,1724.63259736359,-8251.51296952998,-152652.652488044,-1170441.80258554,5529609.68132587,650714532.349275,767520930.925104,149131156187.67,-199974276769.297,0.00161404982621447,0.099798032245515,0.0161731628359537,0.0232164775084935,0.163814358931244
0.559,-0.00133774020325351,0.062145454052723,0.277922513317276,-11.3566614036391,0.251879924159535,1574.86433760983,-9071.74231324293,-146772.611387384,-445161.692142427,6197143.47386633,799845688.536945,567546654.155807,-6787406009.15384,-199971902853.559,0.00133774020325351,0.0998581729617017,0.013396401752379,0.0235189524449357,0.146966107179564
0.56,-0.00106121559947641,0.051552025382119,0.27359759881143,-9.85412853313259,-8.90941842898217,1431.27655690578,-9118.11239545175,-140325.023236915,351290.293389941,6664704.17659536,793058282.527791,367574751.302248,-146654637566.609,-199961209967.282,0.00106121559947641,0.099902052141041,0.0106225605654046,0.0215318530202922,0.13135515240971
0.561,-0.000793571353051132,0.0423904281049729,0.260219494540079,-8.49189005454461,-17.7258199072163,1294.33681649864,-8394.73540039234,-133509.858552996,1071021.25713443,6932298.32291396,646403644.961181,167613541.334967,-167745457170.964,-199876841157.488,0.000793571353051132,0.0999335666028372,0.00794098899927186,0.0173885931989498,0.117088295192027
0.562,-0.00054356411142844,0.0345237447805217,0.238500346081919,-7.26314746601144,-25.4843001322633,1164.3127144956,-7028.46989697249,-126527.066266275,1633552.17351013,6999973.44367018,478658187.790218,-32263299.8225216,-174560712785.316,34112088919.3218,0.00054356411142844,0.0999558185201129,0.0054380437224779,0.011433962412336,0.104204765327324
0.563,-0.000318905516015454,0.0278219572714576,0.209792559115306,-6.16093268244511,-31.6234909408817,1041.28167907157,-5184.68208169814,-119537.539124362,2024930.00490768,6984766.18830732,304097475.004901,1848789.09680015,-176828776210.658,26687979130.6887,0.000318905516015454,0.0999712418997669,0.00318997253565376,0.00419481583129525,0.0926758538280185
0.564,-0.000125702155417232,0.0221620335897586,0.175925412622717,-5.17825534580497,-35.7523929733007,925.237943172003,-3037.17480198978,-112547.400544985,2240613.09180726,6999958.96696946,127268698.794244,28536768.2274888,-176529676770.546,-57621912842.4735,0.000125702155417232,0.0999817177226419,0.00125725140836188,-0.00366800271204657,0.0824093976796274
0.565,3.19350391897116e-05,0.0174279311381817,0.139031699545532,-4.30812373422823,-37.6554051827866,816.192877325506,-762.348973580494,-105542.776846042,2279616.95221623,6999684.77877572,-49260977.9763022,-29085144.6149847,-173808941269.992,58728445485.435,3.19350391897116e-05,0.0999886761885346,0.000319386558628861,-0.0114218193989761,0.0732595691198807
0.566,0.000152106310111806,0.0135106048725321,0.101371555086065,-3.54353635367326,-37.2933978824746,714.147542363311,1463.66933276925,-98547.8465653263,2143451.50360493,6999963.85690345,-223069919.246294,29643300.8704503,-167494487110.868,-59521901309.0132,0.000152106310111806,0.0999931857105713,0.00152116675782363,-0.0183322032814617,0.065041810461298
0.567,0.00023516233007752,0.0103080094784651,0.0651565434198818,-2.87749533482811,-34.8021600547402,619.10213819736,3467.67012889922,-91542.9813748724,1836634.3408032,6999846.20711939,-390564406.357162,-29878600.4385629,-153482266242.022,60000730194.9386,0.00023516233007752,0.0999960291262492,0.00235171668447572,-0.0237340495500999,0.0575512915679355
0.568,0.000283568797049181,0.00772509954377789,0.0323767716172415,-2.30299879121926,-30.4876619175923,531.056600189733,5083.44188881683,-84548.0743462732,1369328.80132503,6999967.9717783,-544046672.599183,30122129.7563757,-114966243360.503,-60378578498.0889,0.000283568797049181,0.0999977678690393,0.00283575126817384,-0.0270967304410933,0.0505830895321048
0.569,0.000301601339991541,0.00567382953941988,0.0046354254475588,-1.81304881494012,-24.8150203336862,450.011014410204,6161.58631328219,-77543.108406033,767799.007045592,6999900.81228563,-659012915.959686,-30256448.7417131,16204881144.2304,60654195380.3099,0.000301601339991541,0.0999987950703616,0.00301604974119265,-0.0280770019111208,0.0439521233236512
0.57,0.000294882708682244,0.00407315387492257,-0.0169981590591341,-1.40064345983128,-18.3786947994935,375.965340926998,6602.57967587197,-70548.2267855549,116888.531658021,6999971.46123407,-642808034.815456,30397746.6385968,118503236367.326,-60882081841.1161,0.000294882708682244,0.0999993786978566,0.00294884540806217,-0.0265545558880494,0.0375109103108334
0.571,0.000269795310379032,0.00284902688199085,-0.0320818787398962,-1.05878481116476,-11.8198678954131,308.919629409756,6417.81472951682,-63543.2034646417,-466667.884973772,6999928.16695211,-524304798.44813,-30484335.2025193,144900649444.376,61061223272.9877,0.000269795310379032,0.0999996959032862,0.002697961308202,-0.0226466543615638,0.0311634427811428
0.572,0.000232849521028724,0.00193440284606494,-0.0407912557792365,-0.780470890129943,-5.71673371439767,248.873853523693,5713.14455355971,-56548.3405947454,-918522.358699713,6999974.44338608,-379404149.003753,30576888.0704683,153646208174.027,-61213592750.7241,0.000232849521028724,0.0999998597686907,0.00232849847557113,-0.016699900233417,0.0248738846442048
0.573,0.000190110869082539,0.00126923599465472,-0.043819032397778,-0.558703780572661,-0.519682439681186,195.828045732288,4630.52782172046,-49543.2799727825,-1221103.40361645,6999944.53508119,-225757940.829726,-30636704.6802557,155276596094.951,61370419372.3449,0.000190110869082539,0.0999999396145582,0.00190110983881896,-0.009259228487295,0.0186693057479541
0.574,0.000146751205139155,0.000800480517905855,-0.0422350807697688,-0.386481482513451,3.46913721493005,149.782189010407,3322.42488037164,-42548.4253868127,-1369223.0463987,6999993.0400871,-70481344.734775,30733714.6920891,151703567765.967,-199979778946.624,0.000146751205139155,0.0999999759775718,0.00146751240392366,-0.00101678565265871,0.012636263420231
0.575,0.000106747002851507,0.000482090370407738,-0.0373346074820186,-0.256807226616482,6.10152466330346,110.73054993863,1943.24508956655,-35566.3954525373,-1363852.60725049,6930736.86530588,81222223.0311922,-169246064.254535,141482744495.217,-199992710404.426,0.000106747002851507,0.0999999912859834,0.00106747012153459,0.00725430355450075,0.00691163773467087
0.576,7.27310780464359e-05,0.000275007778736347,-0.0304842057596432,-0.162713470118501,7.38227560077059,78.5929822117697,643.584051247518,-28753.6137377595,-1211889.01197169,6661494.44584913,222704967.526409,-369238774.658961,118288360957.806,-199994729941.131,7.27310780464359e-05,0.099999997164162,0.000727310801089715,0.014774711961681,0.0016685758719326
0.577,4.59967988843401e-05,0.000147072738275767,-0.0229718545252559,-0.0974040972729963,7.46196132232657,53.1002427874107,-437.23775013467,-22310.07113423,-930039.863966381,6192258.3062196,340993328.484215,-569233504.600091,62914254904.9177,-199995116621.473,4.59967988843401e-05,0.0999999991889001,0.0004599679925742,0.0208348385148304,-0.00290168591386142
0.578,2.66472293928734e-05,7.27534065866636e-05,-0.01586878638118,-0.0544522316903275,6.61915728891045,33.7830954256646,-1186.29524070812,-16435.7620997474,-557589.408029707,5523027.24330878,403907583.389132,-769228621.221564,-37209488073.3822,-199994438926.014,2.66472293928734e-05,0.0999999998015151,0.000266472294457641,0.0248644157746025,-0.00661127523625033
0.579,1.38703871073798e-05,3.26768670524508e-05,-0.00991918887705459,-0.0280002305868604,5.21983487941594,19.9723090757461,-1548.13243838883,-11330.681573537,-172286.568677266,4653801.4026242,366698095.31575,-969223060.147577,-100800478928.836,-199991103124.596,1.38703871073798e-05,0.0999999999599588,0.000138703871129337,0.026488920960143,-0.00929848328130073
0.58,6.29883080673592e-06,1.29598978420611e-05,-0.00548769556163219,-0.0129596796174776,3.6424754859524,10.7986580641997,-1553.87003922969,-7194.8235515074,144011.287174065,3584582.79091433,265897616.386914,-1169214163.27217,-123316096641.351,169226474153.951,6.29883080673592e-06,0.0999999999937016,6.29883080713265e-05,0.0255670611627127,-0.0108496801854796
0.581,2.38143965962068e-06,4.3402591997959e-06,-0.00258810178088818,-0.00520830990006429,2.19978918901417,5.2083079840272,-1297.46262663573,-4166.64342987017,348250.855240303,2499981.86471913,142581519.745562,-999987689.118221,-128551466856.001,199993755720.75,2.38143965962068e-06,0.0999999999992936,2.3814396596375e-05,0.0222052208705492,-0.01121822027721
0.582,6.92508790062557e-07,1.13777316949267e-06,-0.000974132461552889,-0.00170665952593457,1.09485926550386,2.1333239448186,-899.346255998644,-2133.32311709002,426556.641557865,1599991.05346128,14030052.8895611,-799993933.397471,-119846440237.606,199997303222.445,6.92508790062557e-07,0.0999999999999515,6.92508790062893e-06,0.0167470261409954,-0.0104382495929112
0.583,1.33638575711595e-07,2.02499214933893e-07,-0.000258267685253623,-0.000404998400448806,0.40613607075584,0.674997253193908,-485.748994702267,-899.996146457067,380663.474328623,899995.771675034,-105816387.348045,-599996630.175026,-81581243816.897,199998425094.545,1.33638575711595e-07,0.0999999999999985,1.33638575711597e-06,0.00973891852717005,-0.00863060524694937
0.584,1.23466276382274e-08,1.77777108312736e-08,-3.66510592987891e-05,-5.33331312524309e-05,0.0896835301675067,0.133332821924127,-171.590588017149,-266.665619020454,234056.46507213,399998.354047281,-187397631.164942,-399998205.08048,47039981675.2832,199998953573.439,1.23466276382274e-08,0.1,1.23466276382274e-07,0.0018752309641397,-0.00599870153710471
0.585,1.94941179846743e-10,2.77776738204221e-10,-1.16964707908048e-06,-1.66666042922534e-06,0.00584823539540243,0.00833330214612671,-23.3929415816098,-33.3332085845068,70178.8247448293,99999.6257535205,-140357649.489659,-199999251.507041,140357649489.659,199999251507.041,1.94941179867415e-10,0.1,1.94941179867415e-09,-0.00607160831530833,-0.0028145184198424
0.586,-5.01940601228907e-31,7.46689317466627e-29,1.54761543327288e-27,-2.36352647204433e-25,-3.17880938394483e-24,3.24495895413353e-22,3.26233324002537e-21,-1.7813824668384e-19,2.69073878473176e-22,2.46444267023203e-17,-4.600724736203e-19,6.98991836491026e-15,1.98563909637435e-16,6.49607415603051e-15,7.46706188038839e-29,0.1,7.46706188038839e-28,-0.0133284805896121,0.000603849782255096
0.587,-2.51242490070375e-47,0,-8.59783039099428e-45,-1.8418211062702e-30,0,-5.3122780423003e-26,0,0,0,-1.79426260425382e-18,0,0,1.98563909637435e-16,6.49607415603051e-15,2.51242490070375e-47,0.1,2.51242490070375e-46,-0.0191982077756741,0.00392079380344296
