time,x,y,vx,vy,ax,ay,jx,jy,snapx,snapy,cracklex,crackley,POPx,POPy,contour_error,allowed_error,error_utilisation,modal_x,modal_y
0,0,0,-3.98919270106884e-26,7.00410257491619e-32,-1.06467622553823e-22,0,4.78919562868587e-20,0,0,-7.95920121487276e-23,0,1.59360661834821e-17,0,0,0,0.1,0,0,0
0.001,-8.51437455731618e-29,1.96271300553386e-34,-1.22413571421045e-25,7.34655148650952e-31,1.15609554705502e-21,2.64799082018168e-27,-1.93577983637775e-18,-1.72942942796715e-24,1.3940085023668e-16,1.59487818772008e-20,5.04344195023053e-14,1.56197024440084e-17,199999990091.708,-149407870944.403,8.5143745573388e-29,0.1,8.5143745573388e-28,-5.48051018454863e-23,-2.60886740620841e-24
0.002,2.77777764016262e-10,-2.07510931867228e-10,1.66666658409757e-06,-1.24506559120336e-06,0.00833333292048784,-0.00622532795601681,33.3333316819514,-24.9013118240672,99999.995045854,-74703.9354722017,199999990.091708,-149407870.944403,199999985369.212,-17071491810.4428,2.07510931867228e-10,0.1,2.07510931867228e-09,1.09615178783619e-10,-8.18868564830908e-11
0.003,1.77777768904817e-08,-1.30968991129276e-08,5.33333306517681e-05,-3.87392957590579e-05,0.133333326531035,-0.0940912314990206,266.666652668528,-177.154431403544,399999.977822168,-232647.552321826,399999975.46092,-166479362.754846,199999976993.278,96861777925.7516,1.30968991129276e-08,0.1,1.30968991129276e-07,7.01137186678746e-09,-5.16524059361639e-09
0.004,2.02499989536444e-07,-1.39353994978001e-07,0.000404999978606577,-0.000266311793645559,0.674999963062187,-0.411280092109046,899.999947720036,-476.898035448502,899999.941779727,-350696.026113797,599999952.454198,-69617584.8290945,199999959213.883,110302953472.546,1.39353994978001e-07,0.0999999999999985,1.39353994978003e-06,7.98071463154728e-08,-5.49173400250755e-08
0.005,1.13777771585986e-06,-7.05828123001328e-07,0.00170666657017111,-0.000976471782586764,2.1333332053817,-1.07053311502461,2133.33319226251,-844.019028398088,1599999.87384087,-365162.134206618,799999911.668081,40685368.6434521,199999902990.864,97590747181.9503,7.05828123001328e-07,0.0999999999999515,7.0582812300167e-06,4.48027193467998e-07,-2.77885507536516e-07
0.006,4.34027752574922e-06,-2.3729768026489e-06,0.0052083330128353,-0.00252736628759152,5.20833298246727,-2.08628603461951,4166.66633910256,-1172.57335375266,2499999.73700438,-275681.391972191,999999814.658945,138276115.825402,169230703369.524,63562833555.9334,2.3729768026489e-06,0.0999999999992936,2.37297680266567e-05,1.70739353267698e-06,-9.3311105200661e-07
0.007,1.29599564498095e-05,-6.14916114182932e-06,0.0129597427024935,-0.00523959470264371,10.7987171051556,-3.37100561365587,7194.87110066467,-1368.52288221949,3584614.90334809,-105623.859368821,1169230518.02847,201838949.381336,-199999861091.34,10071256230.0879,6.14916114182932e-06,0.0999999999937015,6.14916114221662e-05,5.09246344760994e-06,-2.41440675125181e-06
0.008,3.26770276526964e-05,-1.33050508133772e-05,0.0280003824479481,-0.00930397185061132,19.9724340829536,-4.75828096498662,11330.7679528451,-1371.54872419263,4653845.49083088,101250.718127558,969230656.937128,211910205.611424,-199999913930.268,-38104063352.4611,1.33050508133772e-05,0.0999999999599584,0.000133050508187048,1.28237223615828e-05,-5.21472078576315e-06
0.009,7.27537978408631e-05,-2.52108228245221e-05,0.054452559367219,-0.0147226399999671,33.7833298942899,-6.04547363181992,16435.8954531562,-1170.69358048477,5523076.19080288,294108.892062751,769230743.006861,173806142.258962,-199999924680.294,-64121282316.233,2.52108228245221e-05,0.099999999801513,0.000252108228745623,2.8510954475295e-05,-9.85977075765652e-06
0.01,0.000147073598717222,-4.31377013727951e-05,0.0974047343014737,-0.0212977346947775,53.1006352364869,-7.04281679599333,22310.2536946824,-800.368497678574,6192306.97146959,435854.393163597,569230818.326567,109684859.942729,-199999918584.992,-73156418050.7729,4.31377013727951e-05,0.0999999991888906,0.00043137701722689,5.75450200687574e-05,-1.6827663856492e-05
0.011,0.000275009504855685,-6.80712661811038e-05,0.162714598831989,-0.028664132775069,78.5935808900175,-7.6100254711851,28753.8427555511,-321.864410885407,6661537.83050366,508961.04408094,369230899.741575,36528441.8919564,-199999886667.011,-70770365222.7492,6.80712661811038e-05,0.0999999971641264,0.000680712681115189,0.000107414532643273,-2.6473548673493e-05
0.012,0.000482093564481423,-0.000100572642938568,0.256809075359966,-0.036349331345648,110.7313977155,-7.67427005159899,35566.6627214811,193.565793271053,6930768.78691173,510104.303361522,169231013.074564,-34241923.3307928,-199999682206.45,-59454732909.0935,0.000100572642938568,0.0999999912858679,0.00100572651702601,0.000187934842966144,-3.89738160672448e-05
0.013,0.00080048603033328,-0.000140705961923876,0.386484317195552,-0.0438437233196309,149.78331667919,-7.23383637440686,42548.7137345624,676.640012815663,6999999.95888307,446135.013576182,-30768669.1318861,-93696656.2398863,61535812672.2883,-40782682938.0696,0.000140705961923876,0.099999975977241,0.00140705995725338,0.000311388445572707,-5.42972656268848e-05
0.014,0.0012692449538833,-0.000188036078584426,0.558707888172395,-0.0506691277350684,195.829466273867,-6.35144424263217,49543.5853276582,1069.12958444889,6999999.19608732,332047.015867261,30767143.5404022,-134479339.177956,-61533346693.7336,-17653044960.7852,0.000188036078584426,0.0999999396137059,0.00188036192132513,0.000492576619994856,-7.22048569032279e-05
0.015,0.00193441667697696,-0.000241690050063685,0.780476582829198,-0.056436416430672,248.87561516738,-5.13943991698601,56548.7125377334,1330.99475656704,6999999.66628086,188741.154208912,-30766203.1533315,-152132384.138741,61530951400.986,5047266949.19177,0.000241690050063685,0.0999998597666861,0.00241690388994127,0.000748790424716158,-9.22754094959923e-05
0.016,0.0028490473485402,-0.000300467750538438,1.05879245170929,-0.0608851988991208,308.92176362737,-3.73921967788141,63543.5842610045,1444.51092986478,6999998.93882802,39132.4035447673,30764748.2476546,-147085117.189549,-61528133144.3785,22875222711.7334,0.000300467750538438,0.0999996958989192,0.00300468664266894,0.00109974083146132,-0.000113951323521946
0.017,0.00407318311697962,-0.000362981370876209,1.40065344308703,-0.0639015789645061,375.967911143616,-2.29870359816285,70548.7108850989,1413.9133119334,6999999.62050349,-96515.1022889153,-30763384.8967239,-124209894.477816,61524543220.3922,34075939155.826,0.000362981370876209,0.0999993786889417,0.00362983626133618,0.00156747503336434,-0.000136596106207731
0.018,0.00567387012985938,-0.000427801658638497,1.81306160717344,-0.065514303203194,450.014058130784,-0.952329655655387,77543.5829036908,1260.97258559821,6999998.50721696,-203687.027188818,30761158.3236683,-90133955.3219898,-61520196942.2679,38933944685.4067,0.000427801658638497,0.0999987950531379,0.00427806813483272,0.00217628368052087,-0.000159554720040866
0.019,0.00772515453408489,-0.000493591148572756,2.30301489222056,-0.0658735255358478,531.060203806265,0.193399338156644,84548.7086239125,1018.7075715293,6999999.56706949,-274354.010168105,-30759038.6185996,-51200010.6365831,61514222003.6409,38420255239.8249,0.000493591148572756,0.0999977678373018,0.00493602166576196,0.00295259950416232,-0.00018220872332095
0.02,0.0103080824754056,-0.000559209994566651,2.8775153479252,-0.0652183112452707,619.106348799859,1.06799741346412,91543.5810420067,725.156931916208,6999997.63945271,-306343.893184775,30755183.3850413,-12779755.3967582,-61506637223.9532,33626577640.9739,0.000559209994566651,0.0999960290701059,0.00559232201285309,0.0039248877534706,-0.000204020327793436
0.021,0.0135107000986734,-0.000623786271739801,3.54356092242997,-0.0638390449497071,714.152491748939,1.63925354695686,98548.7051669479,418.027590639883,6999999.50422577,-302310.359761046,-30751453.838912,20846822.2442157,61493953078.4995,25749459309.294,0.000623786271739801,0.0999931856147306,0.00623828781836417,0.0051235288947142,-0.000224562023001523
0.022,0.0174280535469645,-0.000686748405429257,4.30815366448545,-0.0620400794709694,816.198633673738,1.91067332222814,105543.577936434,130.432218552493,6999995.02692611,-268588.807862184,30742499.2395876,46596281.5535097,-61476192937.8664,16174302065.2394,0.000686748405429257,0.0999886760299284,0.00686826181420485,0.0065806940570238,-0.000243530763642608
0.023,0.0221621889618729,-0.000747822189969693,5.17829152160109,-0.0601068785431934,925.244771365469,1.91525111302784,112548.698180824,-112.162731522063,6999999.42969676,-213905.375276054,-30733693.6982789,62770583.6187491,29860028254.2435,6395050666.23244,0.000747822189969693,0.0999817174672505,0.00747958935807084,0.00833021373157544,-0.000260747673875259
0.024,0.0278221524375212,-0.000806998517498717,6.16097627689158,-0.058280690958733,1041.2895911467,1.70686391824864,119538.307435047,-293.616973211037,6984195.75012561,-147937.266324189,-873665.444035355,69165634.2849815,33355143698.4003,-2257084559.03014,0.000806998517498717,0.099971241498188,0.00807230664944123,0.0104074402432149,-0.000276145718681654
0.025,0.0345239876084277,-0.000864480303467846,7.26319929593763,-0.0567424286457533,1164.32124064356,1.35071187239971,126527.625543067,-407.347603152573,6999999.65653077,-79900.1743187223,32481478.2543649,66908549.7259514,-199998093148.367,-8880213423.16744,0.000864480303467846,0.0999558179022145,0.00864862417827,0.0128491036340126,-0.000289748766312686
0.026,0.0423907271218338,-0.000920618051380903,8.4919507027063,-0.0556059934161896,1294.34594634072,0.914195598149469,133510.5329232,-455.273538178848,6932482.08821095,-17431.7313043546,-167516614.894002,58028336.3027839,-199999400842.442,-13082452397.6636,0.000920618051380903,0.0999335656723245,0.00921230064380519,0.0156931600701752,-0.000301645867816225
0.027,0.0515523897328693,-0.000975843086843789,9.85419868266936,-0.054920031048771,1431.28646756384,0.459332481519006,140325.92347049,-445.871510064754,6664965.77289573,34055.3787995975,-367516015.736444,44945883.9051203,-199999566793.948,-14896151889.2393,0.000975843086843789,0.0999020507686212,0.00976799854793669,0.0189786380095908,-0.000311964426228618
0.028,0.0621458936697289,-0.0010306059907361,11.3567419597669,-0.0546762098152542,1574.87528793621,0.0373589685095186,146773.797974386,-391.825881294136,6197449.97376231,71553.1867600981,-567515582.530392,30049732.0158809,-199999603840.972,-14644055390.6838,0.0010306059907361,0.0998581709763485,0.0103206976520749,0.0227454475151876,-0.000320845331751523
0.029,0.0743147887931348,-0.00108532561392239,13.0060117418733,-0.0548217082178926,1724.64489165022,-0.314292199709867,152654.156889576,-307.688504424545,5529934.58931143,94280.8910806372,-767515186.371364,15405676.6251972,-199999582915.909,-12826905383.5282,0.00108532561392239,0.0997980294234975,0.0108752208855424,0.0270341151448436,-0.000328422277320477
0.03,0.0882087890805189,-0.00114035171072159,14.8078717212705,-0.0552735961756535,1879.92776332077,-0.572807100214208,157767.000621882,-207.84259259523,4662419.61148211,103273.11501407,-967514769.287273,2578771.241669,-199999501859.955,-10035800855.8769,0.00114035171072159,0.0997167995336548,0.0114359036396542,0.0318854383729362,-0.000334806522557256
0.031,0.103983105110637,-0.00119594204028184,16.7674180750596,-0.0559330885692017,2039.85638797427,-0.729001498464453,161912.329598411,-104.952725436305,3594905.09126486,100833.985827801,-1167514271.14723,-7457029.61420795,-199999300701.936,-6871234211.19623,0.00119594204028184,0.0996085857179792,0.0120064152267748,0.0373400609799057,-0.000340077487018635
0.032,0.1217975765486,-0.0012522529919904,18.8887794655928,-0.056698128735932,2203.36325110226,-0.785066370681359,164890.144337318,-8.99246011747441,2327391.16976666,89941.3391079947,-1367513571.84916,-14328263.8254042,-199998644797.385,-3862947142.58425,0.0012522529919904,0.099466285942717,0.0125897230415498,0.0434379712818445,-0.000344278823027984
0.033,0.141815604631377,-0.00130934152986664,21.1749170410045,-0.0574733303157063,2369.18083881895,-0.751637161346678,166500.445613694,73.1409225540542,859878.275518807,73681.6017112984,-1567512216.64655,-18191210.9679884,-17910924125.7551,-1402400007.03293,0.00130934152986664,0.0992814643860363,0.0131881770475858,0.0502179253715884,-0.000347419100597654
0.034,0.164202884906843,-0.00136717557208372,23.6274259534095,-0.0581768864026145,2535.84922524579,-0.644745739765265,166573.582626869,137.493185446853,-716589.403190619,54789.1907397935,-1585423140.7723,-19593610.9750214,199998612741.122,296534470.119784,0.00136717557208372,0.0990442446550296,0.0138036851797455,0.0577167979327506,-0.000349475953440401
0.035,0.189125954944671,-0.0014256497958106,26.2463781457591,-0.0587445679472031,2701.80860925647,-0.483111205174764,165097.614755416,182.534993110822,-2202013.23759236,35343.846999832,-1385424528.03118,-19297076.5049016,199999267303.742,1203022378.35946,0.0014256497958106,0.0987432361900724,0.014437948874456,0.0659688691723815,-0.000350402474711049
0.036,0.216750650646205,-0.00148460418333935,29.0303125008256,-0.0591313150343237,2865.58264660789,-0.286070342049078,162236.222465025,208.43080558793,-3487438.13197167,16648.2816841101,-1185425260.72744,-18094054.1265421,199999465956.427,1446156662.89679,0.00148460418333935,0.0983655074369833,0.015092731405777,0.075005087756326,-0.000350134773729731
0.037,0.247240638930056,-0.00154384325017393,31.9763842929203,-0.0593111371275812,3025.88591244122,-0.072270814779229,158189.404947016,216.273086319252,-4572863.65972089,-722.694110983579,-985425794.771011,-16647897.4636454,199999542811.463,1272171052.73948,0.00154384325017393,0.0978966188591115,0.0157701386234367,0.0848523788432749,-0.000348599849346534
0.038,0.280756132609932,-0.00160315464427235,35.0805633711465,-0.0592760749091881,3181.6329812402,0.140919282034454,153157.161647044,207.438471985235,-5458289.68308617,-16734.5060482592,-785426251.959547,-15375726.4109059,199999556675.391,989563395.635795,0.00160315464427235,0.0973207288135824,0.0164729001089088,0.0955330415305978,-0.000345723231514758
0.039,0.317452804969128,-0.0016623265104896,38.3378341588322,-0.0590348578844079,3331.93842698523,0.337469111735227,147339.492097424,183.181029964129,-6143716.15670802,-31615.4507613472,-585426695.284156,-14386163.01527,199999506863.334,908608069.221172,0.0016623265104896,0.0966207857960741,0.0172046469793577,0.107064244758961,-0.000341436122744411
0.04,0.357480904334517,-0.00172116353957966,41.742395653057,-0.0586116593512093,3476.11682320121,0.502482581152355,140936.395844218,144.52393237335,-6629143.09856051,-45547.3097420066,-385427188.420821,-13477554.9460488,199999314099.471,1282025248.74027,0.00172116353957966,0.0957788202779802,0.0179701893861744,0.119457623534802,-0.000335681980788451
0.041,0.40098456865007,-0.00177950187865517,45.2878614241919,-0.0580450569034062,3613.68274293617,0.622040017215725,134147.872370464,92.4515160331095,-6914570.62993159,-58383.8520636853,-185427874.32135,-12195529.6973086,199998018975.895,2253715632.34273,0.00177950187865517,0.0947763485533814,0.0187758011974147,0.132718976810403,-0.000328422587751239
0.042,0.448101340049891,-0.00183722303812372,48.9674596153637,-0.0573870111362917,3744.35075859673,0.683360923752122,127173.920806534,28.345518392827,-6999999.494765,-69452.5239448225,14570144.6545449,-9941814.06496582,-29131125343.553,3821822326.61268,0.00183722303812372,0.0935948998875033,0.0196295208428235,0.146848067957206,-0.000319643636187926
0.043,0.498961879112333,-0.0018942666159406,52.7742310321113,-0.056701435267734,3868.02589421644,0.675482453758652,120176.351196539,-45.4409421967096,-6999994.91278223,-77483.4268464819,-14560980.6890082,-6119991.73835314,29114147084.9242,5821873907.69182,0.0018942666159406,0.0922166769292002,0.0205414755662355,0.161838528235641,-0.000309359740734839
0.044,0.553689860736059,-0.00195064115486194,56.7011780720175,-0.0560617936735879,3984.70103421593,0.59052237759513,113173.92815126,-125.01405259442,-6999998.81992877,-80692.4816309892,14553166.3959161,-298117.830661313,-29101100182.822,7935260726.7078,0.00195064115486194,0.0906253584759896,0.0215242310503935,0.177677856260797,-0.000297618587182832
0.045,0.612401960060784,-0.00200643187667201,60.7412997677119,-0.0555471733636321,4094.37617593912,0.425443033743718,106176.355731165,-204.533049686288,-6999996.20362427,-77022.9690982966,-14547933.7869059,7637142.89604648,29090462182.7603,9725223825.73348,0.00200643187667201,0.0888070549729887,0.0225931585872573,0.194347477124074,-0.000284503709685414
0.046,0.675207852228416,-0.00206180354950066,64.8875970917392,-0.0552364347584287,4197.05132101543,0.184076574317028,99173.9339710114,-276.116576698939,-6999998.90631979,-64523.2142893833,14542528.3958544,17362366.72178,-29080991735.6289,10695768270.0749,0.00206180354950066,0.0867514267422017,0.0237667970075892,0.211822830759383,-0.000270135201200187
0.047,0.742210212383834,-0.00211699649432701,69.1330690768529,-0.0552003577781603,4292.72646758003,-0.120962224728386,92176.3594969336,-330.17597958242,-6999996.87379175,-41812.9634325659,-14538463.3397745,28058134.9918549,29072735895.9396,10363301328.6959,0.00211699649432701,0.0844529724298333,0.0250671638122139,0.230073483772176,-0.000254667573631852
0.048,0.813504715673748,-0.00217231385654301,73.4707166945392,-0.0554921213701163,4381.40161692684,-0.466936525973084,85173.9388474546,-356.232658630943,-6999998.96918356,-8573.17777636308,14534272.5561651,38421436.3205508,-29065144182.3609,8333093991.71501,0.00217231385654301,0.0819124931925819,0.0265199333078014,0.24906326413804,-0.000238284044593093
0.049,0.889180037247352,-0.00222809884374925,77.8935389777801,-0.0561369327527376,4463.07676762079,-0.820704988522462,78176.3628238521,-344.206269248411,-6999997.26871857,34014.8055400452,-14530871.6261959,46754530.3122658,29058251370.9558,4381427325.61733,0.00222809884374925,0.0791387362648361,0.0281543394412183,0.268750418182418,-0.000221186770398627
0.05,0.969317852255462,-0.00228470168371783,82.3945368973005,-0.0571220871243036,4537.75192075882,-1.13992887381024,71173.9431612155,-286.08396066463,-6999999.01465929,82960.0495151196,14527379.74476,51135957.6378831,-29051759671.3434,-1452754579.20207,0.00228470168371783,0.076150219490475,0.0300025620281187,0.28908778916704,-0.000203582977085147
0.051,1.05399283585109,-0.00234243753515515,86.966709486347,-0.0583891127449135,4605.42707515267,-1.37607068155179,64176.3658764834,-177.798058093769,-6999997.5147502,133369.629863402,-14524379.9265834,49683203.058681,29045696098.703,-8779529231.40108,0.00234243753515515,0.0729772361722884,0.0320981946976589,0.310023016724526,-0.000185667540411449
0.052,1.14327266318873,-0.00240153835734971,91.6030577150504,-0.0598298572131511,4666.10223177913,-1.47926920458872,57173.9471211197,-21.0500815729271,-6999999.04662743,178663.068306382,14521316.1721196,40903673.8272799,-29039875675.5079,-16821100198.2055,0.00240153835734971,0.0696640372052101,0.0344731435859146,0.331498756303206,-0.000167603277443655
0.053,1.23721800942491,-0.00246210359571626,96.2965806169382,-0.0612883101365674,4719.77738960148,-1.40487135221217,50176.3687532991,175.261306947394,-6999997.66829306,211156.192034559,-14518559.5033883,24082573.6290744,29034320401.9373,-24487915749.9874,0.00246210359571626,0.0662711849330286,0.0371519476859268,0.353452917706432,-0.00014950094773325
0.054,1.33588254971754,-0.00252405616645932,101.040279161651,-0.0625695587620301,4766.45254952407,-1.1210385167989,43173.9508586547,394.377466504826,-6999999.06759548,222994.80778864,14515760.898549,-405342.120912977,-29028901498.0257,-30560656878.4738,0.00252405616645932,0.0628780705218678,0.0401420741048583,0.37581892173882,-0.000131401599175345
0.055,1.43931295922645,-0.00258711126927488,105.827152383009,-0.0634565143056742,4806.12771060484,-0.616504564123178,36176.3715212588,612.076160419931,-6999997.75744594,207309.13722849,-14513140.5994767,-30965998.9993868,29023637728.8104,-33865079086.8188,0.00258711126927488,0.0595855838973513,0.0434184092872485,0.398525973901731,-0.000113264289883722
0.056,1.54754891311281,-0.00265076569037332,110.650201250231,-0.0637340017256667,4838.80287370885,0.0926541201158158,29173.9544664679,798.258118300925,-6999999.07918102,159410.598685694,14510497.1293337,-64831078.0862056,-29018429318.7721,-33332330820.3791,0.00265076569037332,0.0565189224687523,0.0469004994183825,0.421499354017097,-9.49622410988521e-05
0.057,1.66062308653963,-0.00271431426646482,115.502424797444,-0.0632186291776299,4864.47803795069,0.958423510961037,22176.3742309651,919.697789473452,-6999997.79671107,77913.3551892986,-14507932.1894384,-98163408.9065847,29013293030.6565,-27973663818.8888,0.00271431426646482,0.0538305219852742,0.0504233317151809,0.444660720597289,-7.62900442830337e-05
0.058,1.77856115467124,-0.00277689801141298,120.376823993491,-0.0617916944686369,4883.15320418182,1.89955184055226,15173.9580169977,943.86716290631,-6999999.08238518,-34236.8856267305,14505360.8412181,-126137072.725473,-29008142785.8297,-16959739274.363,0.00277689801141298,0.0517030899619873,0.0537085503681615,0.467928428725088,-5.69836404009281e-05
0.059,1.90138179267379,-0.00283758512000189,125.266397872823,-0.0594313122367601,4894.82837154515,2.80457105938786,8176.37692456886,843.735117704449,-6999997.79293687,-168853.827989385,-14502781.9446116,-143096811.999836,29002994265.565,-111117949.160035,0.00283758512000189,0.0503527192007744,0.0563541585249333,0.491217860156102,-3.67534389381198e-05
0.06,2.02909667571472,-0.00289548175239327,130.16414740394,-0.0562389792163345,4899.50354090102,3.54002516451642,1173.96157303727,603.314364056952,-6999999.0777487,-312006.198963802,14500212.3209534,-143207929.948996,-28997764675.5227,21115660183.83,0.00289548175239327,0.05,0.0579096350478654,0.514441764312617,-1.53291922503066e-05
0.061,2.16171047896331,-0.00294986433096374,135.063071621642,-0.0524550889361965,4897.17871139704,3.96434825994097,-5823.62035933021,223.223476815957,-6999997.74776551,-444656.298820883,-14497552.3545693,-122092269.765166,28992469367.6362,43212763255.7661,0.00294986433096374,0.05,0.0589972866192747,0.537510608796692,7.48684062460107e-06
0.062,2.29922087759014,-0.0030003195266208,139.956171494108,-0.0484579653925308,4887.85388392466,3.94669540752128,-12826.0348050451,-275.276829678215,-6999999.06543626,-545142.186958167,14494917.0130669,-78879506.5094003,-28987019793.6111,62246386821.8174,0.0030003195266208,0.05,0.060006390532416,0.560332938017818,3.17641199131894e-05
0.063,2.44161854676764,-0.00304687330891488,144.836446056515,-0.0447425333572227,4871.5290576139,3.38829449939666,-19823.6175819404,-849.484372087446,-6999997.65832,-592898.500056658,-14492102.7805442,-16633119.6875829,28981431657.3685,75823123741.5464,0.00304687330891488,0.05,0.0609374661782975,0.582815738500425,5.73930089860324e-05
0.064,2.58888716166962,-0.00309008801315469,149.696896276736,-0.041877858647835,4848.20423341199,2.24274798748885,-26826.0310530411,-1438.06224469764,-6999999.04527186,-571620.057873468,14489328.8768243,59190004.0539636,-28975600399.0512,82993220166.9358,0.00309008801315469,0.05,0.0618017602630937,0.604864809415346,8.40473998397552e-05
0.065,2.74100339747176,-0.00313110738383358,154.530521190373,-0.0404462539320036,4817.87941040778,0.532198765370426,-33823.6147006077,-1966.25509718297,-6999997.51659456,-470933.443736036,-14486271.5222269,142183224.220899,28969542763.4607,82937906894.1798,0.00313110738383358,0.05,0.0626221476766716,0.626385136860894,0.00011116879272717
0.066,2.89793692935117,-0.00317163356974084,159.330321764996,-0.0409690561722807,4780.55458963457,-1.64237010352315,-40826.0270958362,-2352.27394432619,-6999999.01673505,-287281.266068047,14483271.2412338,225121131.115079,-28963123538.3964,73529760958.1367,0.00317163356974084,0.05,0.0634326713948169,0.64728127040961,0.00013797815464739
0.067,3.05965043248697,-0.00321382584854093,164.08929703669,-0.0438254506638405,4736.22977011209,-4.09770075232427,-47823.611664207,-2514.73968467701,-6999997.30726302,-25395.2544738991,-14479852.2971626,298650892.073216,28956361282.4868,49596683006.8719,0.00321382584854093,0.05,0.0642765169708186,0.667457700430098,0.000163519468870509
0.068,3.22609958205977,-0.0032601177733556,168.800447972728,-0.0491718967080541,4684.90495300059,-6.57329638710074,-54826.0228374048,-2382.54337927982,-6999998.97891893,298053.979102753,14476508.9853241,348247575.080088,-28949065381.8966,3521149566.52194,0.0032601177733556,0.05,0.065202355467112,0.68681923469542,0.000186736027328735
0.069,3.39723305325234,-0.00331295808295101,173.456773609759,-0.0568722494630696,4626.58013721416,-8.74862479975056,-61823.6084060614,-1909.77875437594,-6999997.00262456,648062.128966102,-14472556.3965724,351768724.64661,28941257157.0267,-55923058166.3901,0.00331295808295101,0.05,0.0662591616590202,0.705271372794789,0.000206576976679332
0.07,3.57299252124902,-0.00337449308494919,178.051274914757,-0.0664535622804716,4561.25532409977,-10.2780744962926,-68826.0181440248,-1095.15277278093,-6999998.93044262,971869.324529516,14468700.7604543,295845666.480219,-28932642687.22,-100581451875.196,0.00337449308494919,0.05,0.0674898616989837,0.722720676878866,0.000222126640538855
0.071,3.75331266123657,-0.00344622538970065,182.576950925053,-0.0771057462183954,4488.93051241387,-10.8421758895569,-75823.6048312017,7.87580967616277,-6999996.55102577,1217424.26507214,-14463941.9267657,195264214.605023,28923247303.6159,-126425671620.4,0.00344622538970065,0.05,0.0689245077940131,0.739075137286031,0.000232742302142172
0.072,3.93812114840347,-0.00352869873360726,187.026802607323,-0.0877339976972571,4409.60570378548,-10.1983116478947,-82826.0128119736,1301.86123678075,-6999998.86930073,1349475.64386696,14459305.3768502,68838542.9846224,-28912567311.2137,-140637589334.027,0.00352869873360726,0.05,0.0705739746721452,0.754244531621766,0.00023818027748693
0.073,4.12733865794093,-0.0036212583037793,191.393828999757,-0.097054769826737,4323.28089673278,-8.21609939823859,-89823.6007898044,2662.31655391768,-6999995.84757948,1347995.39218457,-14453261.9343635,-71799046.3494048,28900633795.9041,-147779393985.262,0.0036212583037793,0.05,0.072425166075586,0.7681407758919,0.000238690336182587
0.074,4.32087886504213,-0.00372192204097937,195.67103106874,-0.1037192681712,4229.95609333527,-4.89790913070292,-96826.0064960517,3949.78252393,-6999998.79261589,1202306.64884253,14447371.8615406,-219578440.334667,-28886450629.871,-149605150507.279,0.00372192204097937,0.05,0.0744384408195874,0.780678266325869,0.000235064195065709
0.075,4.51864844490344,-0.0038273839081235,199.851407853615,-0.106452297409733,4129.63129173611,-0.389803237011894,-103823.596011175,5017.36576085399,-6999994.64606929,907925.633254226,-14439078.7683304,-369183590.841946,28870057214.5469,-145448407929.425,0.0038273839081235,0.05,0.07654767816247,0.79177421056596,0.000228629737373403
0.076,4.72054707272359,-0.00393316032783181,203.927960320526,-0.104198691547126,4022.30649480782,5.01393439166516,-110825.998520426,5716.45819736567,-6999998.69623034,466017.838447568,14430978.4462165,-514631998.77137,-28848977442.6265,-129541622551.098,0.00393316032783181,0.05,0.0786632065566363,0.801348946943714,0.000221186701157872
0.077,4.92646742370534,-0.00403388436025919,207.893687510507,-0.0962713809305072,3907.98170006163,10.8722319408531,-117823.589890341,5903.56976600237,-6999992.20650544,-113384.971599352,-14417998.9964101,-644173621.322468,28823262976.2525,-68599417847.5398,0.00403388436025919,0.05,0.0806776872051837,0.809326250615309,0.000214882436044215
0.078,5.13629517305444,-0.00412374588468923,211.7415903897,-0.08249367383129,3786.65691203749,16.6088886417584,-124825.987219182,5456.66474743386,-6999998.57401372,-791858.30184559,14405263.9798425,-712773039.170008,-28783041916.5502,97230597893.2668,0.00412374588468923,0.05,0.0824749176937846,0.815633625381582,0.000212029053572395
0.079,5.34990899598241,-0.00419706446890381,215.46466800206,-0.0633173178211053,3658.33212711522,21.5548800066533,-131823.580334858,4324.62502565214,-6999984.83099215,-1456016.04206897,-14377777.9367077,-615542441.276741,28728384568.4663,154526146902.107,0.00419706446890381,0.05,0.0839412893780762,0.820202580079577,0.000214868089182658
0.08,5.56718056770536,-0.00424894915811976,219.055921315198,-0.0398671545257997,3523.00735508457,25.0553451938458,-138825.965990724,2586.59212076183,-6999998.41664463,-1994295.40989465,14350606.6317585,-461016294.374634,-7212804552.46728,172532058735.086,0.00424894915811976,0.05,0.0849789831623952,0.82296888849326,0.000225301779486625
0.081,5.78797456348007,-0.00427594423917852,222.50834955872,-0.0138686670849982,3380.68348111977,26.5751423963785,-145819.991238145,390.543906802369,-6989254.2122891,-2369045.67490174,7137802.07929126,-288484235.639548,-35763598414.8056,180543332030.498,0.00427594423917852,0.05,0.0855188847835704,0.823872831815154,0.000244631889261084
0.082,6.01214866023836,-0.00427656110793132,225.814958167897,0.0124963906702464,3231.36856225923,25.7406053986247,-152811.63714913,-2092.65333058073,-6999998.20941721,-2567258.24452604,-28625796.3355143,-107940903.60905,57253259689.6904,184677729738.533,0.00427656110793132,0.05,0.0855312221586263,0.822859423364095,0.000273346459717535
0.083,6.23955354225557,-0.00425165080222106,228.968753529582,0.0367598344729238,3075.05454059182,22.3540277005852,-159816.406046767,-4683.10240528821,-6999997.37590788,-2582860.28326583,28627463.3541761,76736826.1294831,199995459053.17,186847690125.595,0.00425165080222106,0.05,0.0850330160444212,0.819878615675545,0.000310973104368403
0.084,6.47003289583755,-0.00420460119115963,231.962736060361,0.056346588688827,2911.75124024512,16.4000699451075,-166768.757114489,-7196.4529938017,-6871372.18302712,-2412699.61207355,228622922.407346,263584516.255078,199997660089.447,187736327026.842,0.00420460119115963,0.05,0.0840920238231925,0.814885483275384,0.00035600557275084
0.085,6.70342342860098,-0.00414135204819852,234.789968885954,0.0687588626925907,2741.59323409535,8.04902024493769,-173492.484892964,-9446.0709599099,-6542750.43057505,-2055246.93230505,428620582.496793,451320843.28192,199997879823.34,187441150566.946,0.00414135204819852,0.05,0.0828270409639703,0.807840394506685,0.000405906356614094
0.086,6.93955500992484,-0.00407022463449033,237.443744945038,0.071762673346914,2564.90914399585,-2.34164399263745,-179787.59205232,-11244.4172788128,-6014130.90816658,-1510205.51373965,628618462.320134,638761993.848866,199997435530.779,185362808072.902,0.00407022463449033,0.05,0.0814044926898066,0.798709209827836,0.000457186466939891
0.087,7.17825099977067,-0.00400156419745098,239.917785796937,0.0635752795690579,2382.22758945964,-14.2269802456756,-185454.080823405,-12404.3479942826,-5285513.72808106,-778762.115854335,828615897.850912,824124801.921768,199995453294.459,178316545259.95,0.00400156419745098,0.05,0.0800312839490196,0.787463532214528,0.000505562502243718
0.088,7.41932877730203,-0.00394719513239008,242.206441619322,0.0430521561448892,2194.27718756573,-26.8759253081792,-190291.954027011,-12741.328284966,-4356900.10358292,134520.958697408,1028611351.14537,1002441347.18172,137469338380.379,121746407594.072,0.00394719513239008,0.05,0.0789439026478017,0.774081013051256,0.000546190294314504
0.089,7.66260046941465,-0.00391969036580337,244.304890684241,0.00987076979687236,2001.98394660121,-39.3778467889498,-194111.636898625,-12085.2955847454,-3259554.08324736,1197835.50967616,1166080689.52575,1124187754.77579,-199995674298.344,-174033747996.743,0.00391969036580337,0.05,0.0783938073160675,0.75854571221117,0.000573973403672347
0.09,7.90787387375753,-0.00393146369900111,246.209322473444,-0.0353046946576218,1806.42854628946,-50.6841113992277,-196821.483249492,-10354.3718223475,-2193471.23087078,2235006.39045358,966085015.227405,950154006.779047,-199997698335.801,-189509258196.26,0.00393146369900111,0.05,0.0786292739800223,0.740848508631288,0.000583941615061217
0.091,8.15495352330187,-0.00399373539798639,247.917013286465,-0.0907554803964835,1608.6630083563,-59.7705172443101,-198565.244922472,-7675.87330487042,-1327385.06481127,3090405.7681345,766087316.891604,760644748.582786,-199998245321.971,-193757632828.298,0.00399373539798639,0.05,0.0798747079597277,0.720987538761746,0.000571677937691971
0.092,8.4036417246836,-0.00411552061271708,249.426202695168,-0.153818787780956,1409.55341886069,-65.7824867750506,-199542.919369724,-4237.43810124924,-661296.870580654,3754171.70030313,566089071.569632,566887115.754488,-199998325075.111,-195649955320.497,0.00411552061271708,0.05,0.0823104122543416,0.698968594954205,0.000533733339651821
0.093,8.65373942382057,-0.00430277600742501,250.735896358591,-0.221072308443052,1209.76586597072,-68.0565099216609,-199954.504758699,-232.431168955614,-195206.961548577,4223233.83839737,366090746.494521,371237160.433992,-199997895359.945,-196663210088.985,0.00430277600742501,0.05,0.0860555201485002,0.674805424587819,0.000467974260631547
0.094,8.90504687200071,-0.00455773652078079,251.845666024821,-0.288527332287857,1009.76643961002,-66.1236456117659,-199999.999329561,4143.64404797726,70884.8372659719,4496139.39378687,166092851.134576,174573950.345007,-199995573179.023,-197252060071.737,0.00455773652078079,0.05,0.0911547304156159,0.648519918442655,0.000373849125393194
0.095,9.15736409197199,-0.00487844654857007,252.755449532811,-0.351824169162572,809.82123169207,-59.7110550443407,-199879.400662257,8694.19507359134,136979.901811037,4572087.31409601,-33902722.0444466,-22678109.72673,-199982769811.984,-197596886436.358,0.00487844654857007,0.05,0.0975689309714014,0.620142187671293,0.000252571319205744
0.096,9.41049114403442,-0.00525848717252883,253.465350815019,-0.406428703679727,609.996337911636,-48.7428292022573,-199792.702583104,13222.0105184179,3085.79486059796,4450610.7611511,-233885491.856431,-220274996.163088,199870046441.131,-197776003956.613,0.00525848717252883,0.05,0.105169743450577,0.589710529344963,0.000107217473838019
0.097,9.66422819269176,-0.00568690029058876,253.975443236294,-0.44782958542079,410.174525229255,-33.3404664694558,-199873.247859765,17529.5211141614,-130864.673775268,4131447.7630097,-34015445.4152998,-418051000.119701,199923520449.434,-197816651273.085,0.00568690029058876,0.05,0.113738005811775,0.557271281209727,-5.72594477797328e-05
0.098,9.91837540552421,-0.00614831013723881,254.285659575533,-0.471735783969762,210.238505938385,-13.8231390009459,-199987.799669506,21418.9739352324,-64918.3589658504,3614488.43725346,165908075.034134,-615867651.392786,-181330258800.394,-197704948437.494,0.00614831013723881,0.05,0.122966202744776,0.522878578990768,-0.000234102298541026
0.099,10.1727328514786,-0.00662324246485559,254.395898763661,-0.474274329956928,10.2383430077854,9.29219683816284,-199999.985700755,24692.5777220499,10324.5866680868,2899768.31164193,-15422183.7662597,-813572599.83028,-15693567090.8963,-197360787472.639,0.00662324246485559,0.05,0.132464849297112,0.486594083358372,-0.000414906734224509
0.1,10.4271005363626,-0.00708864149697732,254.306138061212,-0.452188093070689,-189.759704662225,35.2908399165839,-199999.987800485,27152.6662691979,-12944.380643621,1987515.31807533,-31115750.8571559,-1010933387.30292,199613143364.914,-196504958536.397,0.00708864149697732,0.05,0.141772829939546,0.44848673199743,-0.00058986225262399
0.101,10.6812784607188,-0.00751858460994171,254.016376572206,-0.403033427232285,-389.763033397201,63.26058724033,-199995.22119933,28601.964067199,55746.44018168,878329.451504209,168497392.507758,-1207438345.83932,-199866601920.259,-193716527938.036,0.00751858460994171,0.05,0.150371692198834,0.408632472422873,-0.000748076106498061
0.102,10.9350666266868,-0.0078851944835191,253.526630574452,-0.325377393951914,-589.710626252769,92.0924047869772,-199888.537163214,28844.2882577939,124310.531729308,-425967.158304125,-31369209.4125014,-1401154873.77735,-192593915132.715,-21718793265.652,0.0078851944835191,0.05,0.157703889670382,0.367113947736076,-0.000877978503327595
0.103,11.1882650918426,-0.00815974774878843,252.83699348604,-0.218992402005442,-789.550261098151,120.489278703603,-199812.010222046,27714.1238637235,-3355.63524955078,-1837981.4287143,-223963124.545217,-1422873667.043,199984967032.645,194293439357.405,0.00815974774878843,0.05,0.163194954975768,0.324020175299127,-0.000967806907512709
0.104,11.440674006468,-0.0083139646607862,251.947528995303,-0.0850100588988949,-989.392943618287,147.055361801769,-199894.01659173,25197.0878413806,-127326.276278445,-3163708.37607861,-23978157.5125713,-1228580227.6856,199995731649.457,197159444975.169,0.0083139646607862,0.05,0.166279293215724,0.279446194544592,-0.00100616123536848
0.105,11.6920935180947,-0.00832138930966232,250.858168489884,0.0740670142467726,-1189.34628655226,170.474047060703,-199999.999324823,21451.949258955,-51306.5679662875,-4293708.88127662,176017574.136886,-1031420782.71043,199997927760.103,198044289242.229,0.00832138930966232,0.05,0.166427786193246,0.233492639620878,-0.000982591901927811
0.106,11.9423236797149,-0.0081586971716571,249.56882265329,0.254510092293205,-1389.33426965172,189.61549026062,-199929.964117761,16675.5373678636,224709.97005065,-5226107.51936594,376015501.896989,-833376493.468201,199998342032.952,198405580396.359,0.0081586971716571,0.05,0.163173943433142,0.186265292521409,-0.000888153992879187
0.107,12.1911645263469,-0.00780682450172639,248.079578187206,0.451559262677138,-1589.08087626988,203.547344685739,-199483.913339756,11065.8091984963,700724.642964115,-5960281.22263596,576013843.929941,-634970913.071843,199998259398.769,198504750222.747,0.00780682450172639,0.05,0.156136490034528,0.13787468340943,-0.000715883888684245
0.108,12.4384163510518,-0.00725190062594747,246.390897808936,0.659621328843227,-1788.11009172003,211.535455818665,-198461.848731594,4821.1266443615,1376737.61659344,-6495999.76059643,776012103.32871,-436466162.849096,199997714246.285,198336530962.463,0.00725190062594747,0.05,0.145038012518949,0.0884357518461432,-0.000461189193914718
0.109,12.6838801809487,-0.00648598207649483,244.503820249605,0.872468148071612,-1985.74590305468,213.044102244377,-196663.772110962,-1860.05010916573,2252748.57704529,-6833297.65796429,976009817.574994,-238129631.886633,199995701244.127,197419887176.239,0.00648598207649483,0.05,0.129719641529897,0.0380675703200936,-0.000122150235906324
0.11,12.9273584532271,-0.00550758831660762,242.420160252297,1.08343506541614,-2181.11229941997,207.73594086288,-193889.686008255,-8779.50926854396,3328756.24524235,-6972717.3462628,1176005518.81912,-40709744.7103944,-160878593668.801,27862830230.2262,0.00550758831660762,0.05,0.110151766332152,-0.0131068689886949,0.00030026793321188
0.111,13.1686558906568,-0.00432203936274372,240.142705562156,1.28561766803793,-2373.14830966054,195.464448915013,-189999.740102548,-15767.9376821236,4424322.46722707,-6999495.67585808,1015126925.15032,-12846914.4801681,-199995478747.129,197478406340.756,0.00432203936274372,0.05,0.0864407872548743,-0.0649608037260373,0.00080209352086818
0.112,13.4075805479692,-0.00294160893829718,237.675335399848,1.47203267586452,-2560.77503385356,176.202850509478,-185101.186752537,-22740.9437474983,5339451.65300382,-6913603.38716787,815131446.403191,184631491.860588,-199997449332.085,199338924065.511,0.00294160893829718,0.05,0.0588321787659437,-0.117363798022706,0.00137631084248718
0.113,13.6439448746465,-0.00138555124582159,235.022931978392,1.63572214140558,-2743.07897276558,150.044182772208,-179387.502284553,-29529.008234725,6054584.37474097,-6629302.43327453,615133997.071105,383970415.926099,-199997890933.089,199570120334.001,0.00138555124582159,0.05,0.0277110249164318,-0.170181846940944,0.00201288507078656
0.114,13.8775666263441,0.000319998741597112,232.191192315814,1.76991459817322,-2919.34499377538,117.272833811847,-173058.683893099,-35933.0637733141,6569719.42634553,-6145546.95718143,415136106.138017,583540536.260099,-199997672131.274,199643227807.371,0.000319998741597112,0.05,0.00639997483194224,-0.223277554396155,0.00269884868228144
0.115,14.1082695799691,0.00214230998837755,229.18642856402,1.86822262015479,-3089.05796184062,78.3725717838113,-166314.72935904,-41753.5665910643,6884856.69641791,-5462184.80701764,215138434.006743,783183764.067471,-199995482206.091,199657859107.747,0.00214230998837755,0.05,0.0428461997675509,-0.276510401389972,0.00341847216788671
0.116,14.3358840488147,0.00404253917945938,226.015368011089,1.92484234098089,-3251.90273959087,34.0267624940456,-159355.636025986,-46790.8832061969,6999997.38932161,-4579172.1133963,15142951.8006516,982841623.175217,-30284244585.0716,199626880855.53,0.00404253917945938,0.05,0.0808507835891877,-0.329737104688641,0.00415352366887644
0.117,14.560247197934,0.00597641408992129,222.684954498304,1.93475308181124,-3407.75711494042,-14.8815820449513,-152353.114534862,-50845.3633611963,6999998.21882972,-3496517.04979331,-15141292.78442,1182468504.03075,-11171767313.838,199520745011.152,0.00597641408992129,0.05,0.119528281798426,-0.382812064234337,0.00488361649317895
0.118,14.781203173214,0.00789511659628913,219.202186768481,1.89391699743794,-3556.61321940497,-67.2698124826636,-145362.548923643,-53717.3927014724,6979271.04238838,-2214288.17325699,-26313060.0982579,1381989249.0419,94080886204.0303,199148759564.11,0.00789511659628913,0.05,0.157902331925783,-0.435587891993278,0.00558664294335849
0.119,14.9986031169956,0.00974636531986751,215.574055174084,1.79947868303404,-3698.48659828051,-121.855719864276,-138380.754263603,-55207.4947902811,6999998.42539214,-732724.544433035,67767826.1057723,1581138008.60601,-135562720600.84,-12903588593.8508,0.00974636531986751,0.05,0.19492730639735,-0.487915991234389,0.00623929252584487
0.12,15.2123051574546,0.0114756975218768,211.807546559046,1.64996286823767,-3833.36170714043,-177.166591574864,-131369.465711925,-55151.8009285101,6999984.89119749,841961.669876048,-67794894.495068,1568234420.01216,135617171704.541,-199260206848.648,0.0114756975218768,0.05,0.229513950437535,-0.53964714945529,0.00681765213702706
0.121,15.4221744195385,0.0130279330011117,207.909665088554,1.44542438574264,-3961.23682884035,-231.644341773719,-124380.775406024,-53558.9320831027,6999998.58255469,2310565.98646388,67822277.2094728,1368974213.16351,-135657237583.687,-199637540412.782,0.0130279330011117,0.05,0.260558660022234,-0.590632123749482,0.00729787885150973
0.122,15.6280830281268,0.0143487161317138,203.887406233892,1.18744104920449,-4082.11195362712,-283.82814672558,-117369.475224462,-50597.1519134592,6999992.24097232,3579721.429421,-67834960.3742138,1169336672.75073,135682848201.009,-199754473363.018,0.0143487161317138,0.05,0.286974322634276,-0.640722227893702,0.00765690153084606
0.123,15.8299101080942,0.0153859688709983,199.74777451226,0.87895800450117,-4195.98708510582,-332.448871581927,-110380.786655643,-46466.05455989,6999998.70469861,4649180.86549022,67847887.8267953,969582199.387709,-135703840004.194,-199804079726.392,0.0153859688709983,0.05,0.307719377419967,-0.689769916983437,0.00787308252534314
0.124,16.0275417843097,0.0160911596154973,195.497765396407,0.52408970334119,-4302.86221875448,-376.437063845829,-103369.481313699,-41365.3832746603,6999994.67252331,5518861.02501473,-67855952.1773985,769778119.661317,135720161514.006,-199822169732.076,0.0160911596154973,0.05,0.321823192309946,-0.737629366131593,0.00792679947688408
0.125,16.2208711816393,0.0164203726461994,191.144383406445,0.127920166932438,-4402.73735705055,-414.923046178444,-96380.7945903451,-35494.9368847703,6999998.80110291,6188728.05981001,67864209.3366079,569955949.92924,-135734279912.846,-199813425605.518,0.0164203726461994,0.05,0.328407452923987,-0.784157040929731,0.00780093911830868
0.126,16.4097984249451,0.0163351778030119,186.694624015122,-0.303696809959056,-4495.61249713378,-447.236951934388,-89369.4860645593,-29054.5330875966,6999995.8704831,6658777.29693649,-67870070.5762383,370142524.323722,135746155968.978,-199750045172.685,0.0163351778030119,0.05,0.326703556060238,-0.829212257454438,0.00748130120208348
0.127,16.5942306390867,0.0158033003510488,182.155491744233,-0.764337474199616,-4581.4876408517,-472.908728871344,-82380.8008700362,-22243.9762026937,6999998.87789135,6929044.79867387,67876085.3927399,170392479.151038,-135756782077.883,-199163631822.817,0.0158033003510488,0.05,0.316066007020977,-0.87265772962782,0.00695691117699008
0.128,16.7740819489208,0.0147990910365675,177.53398206629,-1.24720791038283,-4660.36278613447,-491.668082412835,-75369.4900797948,-15262.9291030814,6999996.57224514,6999855.4619135,-67880696.6851433,-28771152.671779,135766127320.313,25499282409.1609,0.0147990910365675,0.05,0.295981820731351,-0.914360101815827,0.00622024060858728
0.129,16.9492734793017,0.0133037967197614,172.837099504233,-1.74534180107423,-4732.23793445562,-503.434816506972,-68380.8061680055,-8273.2093371023,6999998.93922016,6983833.9504463,67885430.6351694,-3271870.2626181,-135774693329.524,38512412718.1587,0.0133037967197614,0.05,0.266075934395228,-0.954190464593016,0.00526733485899107
0.13,17.1197333550815,0.011305649661516,168.071839530287,-2.25174906531583,-4797.11308419447,-508.215049496698,-61369.4936290227,-1284.59258633428,6999997.02319056,6999818.28654276,-67889262.6943551,35240542.4555407,135782454946.664,-72021991677.8371,0.011305649661516,0.05,0.22611299323032,-0.99202485169199,0.00409785488518382
0.131,17.2853967011101,0.00879987082542335,163.24520666825,-2.75943890655193,-4854.98823658672,-505.996860432338,-54380.8108280215,5720.84230615661,6999998.98796954,6999047.83315938,67893192.2523088,-36781449.2222965,-135789704682.452,75167071771.8845,0.00879987082542335,0.05,0.175997416508467,-1.02774471621723,0.00271507080033551
0.132,17.4462056422354,0.00578867838725262,158.364196390049,-3.26140974402712,-4905.86339029308,-496.779492489815,-47369.4968613729,12714.0272600002,6999997.32788062,6999849.91982302,-67896512.4301435,38385622.5495881,135796421402.928,-77411233815.3988,0.00578867838725262,0.05,0.115773567745052,-1.0612373843069,0.00112584327973202
0.133,17.6021093033035,0.00228128977430184,153.435813220162,-3.75066462692631,-4949.73854639169,-480.562368134221,-40380.8150528069,19720.1681187954,6999999.02615194,6999529.92546491,67899908.9727849,-39025611.2658107,-135802794558.051,78739082229.9954,0.00228128977430184,0.05,0.0456257954860368,-1.09239648450267,-0.000659411691436604
0.134,17.7530638091585,-0.00170607791077848,148.467052630221,-4.22020129258834,-4986.6137037297,-457.345658526144,-33369.4998712615,26713.3084189991,6999997.5378457,6999873.8553141,-67902885.585266,39713470.9641847,135808805799.074,-79786344607.2722,0.00170607791077848,0.05,0.0341215582155696,-1.12112235120438,-0.00262677262979895
0.135,17.8990322846428,-0.00615020793301819,143.464919145265,-4.66302266142068,-5016.48886327939,-427.129118698686,-26380.818975242,33719.7412856941,6999999.05515997,6999694.15397465,67905920.2138085,-40072873.6430875,-135814589205.115,80540857198.4721,0.00615020793301819,0.05,0.123004158660364,-1.14732240067625,-0.00475887624377034
0.136,18.0399848545972,-0.0110208837650625,138.436408236633,-5.07212629231345,-5039.3640240149,-389.912853279229,-19369.5027248426,40712.8224790469,6999997.68077122,6999891.70893079,-67908668.9913061,40467983.5553846,135820128275.886,-81172204840.8228,0.0110208837650625,0.0500591554807735,0.220157205194869,-1.17091147819945,-0.00703499444769834
0.137,18.1758986438607,-0.0162808891269538,133.388524429842,-5.44051507600406,-5055.23918683885,-345.696722456992,-12380.8226905211,47719.4194789486,6999999.07591786,6999773.59006577,67911459.2845804,-40704221.2854382,-135825526309.31,81671040887.826,0.0162808891269538,0.0510922329517029,0.318656832680302,-1.19181217506723,-0.00943112452621341
0.138,18.3067577772705,-0.0218860078961435,128.328263195935,-5.76118647520711,-5064.11435081179,-294.480797259854,-5369.50547267912,54712.4527985196,6999997.77204778,6999904.88922424,-67914067.0247295,40966819.6023878,135830767895.031,-82107410646.4621,0.0218860078961435,0.0531679374059426,0.411639212727806,-1.20995511425664,-0.0119200919262061
0.139,18.4325533796628,-0.0277850241377916,123.262629060853,-6.02714337253044,-5065.98951679429,-236.264985355566,1619.17372717214,61719.156529104,6999999.08897057,6999818.0035034,67916700.8703015,-41140591.0440743,-135835940022.732,82474022763.857,0.0277850241377916,0.0560046936494023,0.496119562973239,-1.22527920372175,-0.0144716653424329
0.14,18.5532835758715,-0.0339197220461192,118.198617495333,-6.23138317019531,-5060.86468390332,-171.049340172269,8630.49184324073,68712.149907546,6999997.8198295,6999914.42384125,-67919239.1524308,41333431.7197827,135841027702.706,-82807317079.0876,0.0339197220461192,0.0593624434424316,0.571400368298751,-1.23773185639901,-0.0170526835254677
0.141,18.6689534907294,-0.0402248859688799,113.143233025695,-6.36690875084448,-5048.73985298054,-98.833794452394,15619.1702147778,75718.929827734,6999999.09452842,6999844.19702149,67921788.5502748,-41473885.3593049,-135846111644.194,83101389228.1449,0.0402248859688799,0.0630392556517853,0.6380926543783,-1.24726917613326,-0.0196271933549308
0.142,18.7795752490676,-0.0466283003653349,108.103471122361,-6.42671747525048,-5029.61502317505,-19.6183922824913,22630.489184974,82711.8873136138,6999997.8272566,6999921.00627626,-67924323.0939191,41627503.86884,135851176624.555,-83378865852.0752,0.0466283003653349,0.0668679442523453,0.697319184651014,-1.25385610888506,-0.0221565985421356
0.143,18.8851679757158,-0.0530507498277072,103.086336311996,-6.40381223071967,-5003.49019533128,66.5969193321616,29619.1667134544,89718.7255941825,6999999.09247496,6999859.07721906,67926853.5306355,-41751361.9832352,-135856305740.472,83634655098.2357,0.0530507498277072,0.0707127268430072,0.750229162361222,-1.25746655870254,-0.0245998184049818
0.144,18.9857577955019,-0.0594060190488023,98.0988240646868,-6.29119034809551,-4970.36536860873,159.812100681919,36630.4865150713,96711.648099593,6999997.79313535,6999925.04278494,-67929452.2098367,41883293.1150004,135861482825.031,-83885731370.1234,0.0594060190488023,0.0744659534424999,0.797760806147116,-1.25808346809701,-0.0269134560133256
0.145,19.0813778332526,-0.0656008928424774,93.1479389074197,-6.08185472310054,-4930.24054387735,260.02719661295,43619.1631625725,103718.533833707,6999999.08233803,6999865.47021488,67932030.6151939,-42002438.255123,-135866803110.695,84127281310.8488,0.0656008928424774,0.0780449323390206,0.840552882505076,-1.25569886258692,-0.029051975065034
0.146,19.1720682137926,-0.0715351561170814,88.2406763099152,-5.76880266436662,-4883.1157202853,367.242168078776,50630.4837930331,110711.419298346,6999997.71139788,6999926.67261518,-67934772.495501,42124843.0557258,135872248627.525,-84375460476.3532,0.0715351561170814,0.0813888767108242,0.878930377319825,-1.25031385933262,-0.0309678847298151
0.147,19.2578760619455,-0.0771015938967287,83.3840407994649,-5.34503708012028,-4828.99089875496,481.45705587642,57619.1594929545,117718.345815743,6999999.06321614,6999863.78543273,67937476.1320243,-42250617.4206274,-135877940744.758,84625154003.3022,0.0771015938967287,0.0844559926423404,0.91292034448335,-1.2419386399098,-0.032611931754104
0.148,19.3388555025329,-0.0821859912981706,78.585027845379,-4.80355526260453,-4767.86607839857,602.671817863392,64630.4809707792,124711.188484799,6999997.56897578,6999925.74501375,-67940464.6127341,42374536.5826747,135883858554.653,-84896944346.2261,0.0821859912981706,0.0872207260593433,0.942275936137621,-1.23059238742725,-0.0339332990107439
0.149,19.415067660375,-0.0866671335549812,73.8506419752401,-4.13736013807674,-4699.74126022663,730.886494270781,71619.1556172077,131718.15200738,6999999.03364038,6999851.80942331,67943393.9419191,-42522407.7635514,-135890173911.567,85287346760.0876,0.0866671335549812,0.0896711830250121,0.96649927692832,-1.21630318831799,-0.0348798097353284
0.15,19.4865806602902,-0.0904168059959947,69.1878786578843,-3.33944898687314,-4624.61644328419,866.101038754361,78630.4779855004,138710.957170715,6999997.34062651,6999973.0750398,-67946779.9696482,42764938.9965363,135896861351.687,-199917703591.383,0.0904168059959947,0.0918067348021555,0.984860274040285,-1.19910789928779,-0.0353981365887282
0.151,19.5534696270951,-0.0932997942263731,64.6037424211743,-2.40282569146265,-4542.49162872249,1008.31078004811,85619.1514130341,145698.993097988,6999998.99133271,6942779.16224064,67950081.3820391,-157152764.594846,-135904192783.293,-199970270530.67,0.0932997942263731,0.0936358161214131,0.996411395671457,-1.17905198002479,-0.0354340148121383
0.152,19.6158166856047,-0.0951738936671731,60.1052287333753,-1.32051649945595,-4453.36681547492,1157.44663850518,92630.4747462606,152529.867499509,6999996.9763231,6685641.26238046,-67954111.4012536,-357123035.125516,135912135720.277,-199978542622.043,0.0951738936671731,0.0951739222245153,0.999999699945725,-1.15618929242368,-0.0349324622308928
0.153,19.6737109606318,-0.0958899898881805,55.6993421226161,-0.0857072002715992,-4357.24200492008,1313.25147369075,99619.1466895031,159003.617487223,6999998.93278198,6228528.95594392,67958024.3190235,-557101577.747559,-135921181105.967,-199980717266.611,0.0958899898881805,0.0964418074992263,0.994278232383293,-1.13058186719179,-0.0338380294486104
0.154,19.7272485769872,-0.0952923161469166,51.3930780564374,1.30805929125037,-4254.11719580934,1475.2681728631,106630.47110426,164920.265534749,6999996.36654802,5571437.01956306,-67963156.7869434,-757082295.014171,135931285430.51,-199980141641.283,0.0952923161469166,0.0974638859092713,0.977719236801452,-1.10229963884704,-0.0320951211063216
0.155,19.7765326594799,-0.0932189105018723,47.1934410632038,2.86668295812064,-4143.99238991105,1642.83964401923,113619.141106653,170079.831383198,6999998.85247633,4714364.65372824,67968128.6435667,-957062436.655454,-135943515131.487,-199976838402.339,0.0932189105018723,0.0982668309688651,0.948630474624829,-1.07142015022328,-0.0296483955745604
0.156,19.8216733329158,-0.0895022729045835,43.1074266094642,4.59530670119858,-4026.86758566985,1815.10881495492,120630.466770929,174282.335345532,6999995.22355415,3657313.79787162,-67975386.4879198,-1157039275.05779,135957808726.422,-199968263979.92,0.0895022729045835,0.0988783707349798,0.905175441699715,-1.03802822773292,-0.026443241465502
0.157,19.8627877220991,-0.0839702222716693,39.1420392237244,6.49811635975391,-3902.74278560952,1991.01863530921,127619.133936027,177327.801461878,6999998.74142945,2400290.39082387,67982422.2385019,-1357007539.03771,-135977360201.815,-199939969566.823,0.0839702222716693,0.0993262712080189,0.845397911855672,-1.00221562873137,-0.0224263288945486
0.158,19.89999995183,-0.0764469535346748,35.304274370996,8.57814073604532,-3771.61798762242,2169.31208321126,134630.460995209,179016.264754922,6999992.48356704,943312.867002743,-67994937.9633127,-1556947508.60454,136003646286.158,-38792497339.3517,0.0764469535346748,0.0996374996567884,0.767250822210555,-0.964080662452337,-0.0175462331300342
0.159,19.9334411469059,-0.0667542944366362,31.6011365795265,10.8370529743615,-3633.49319605649,2348.53889679419,141619.123284175,179174.638451399,6999999.36874681,-633030.890271468,68008708.3228456,-1595740005.94389,-199997345791.748,199941166486.616,0.0667542944366362,0.0998375577291238,0.668629080628675,-0.923727786065132,-0.0117541278999915
0.16,19.9632494320302,-0.0547131489705601,28.0396207787251,13.2750088622425,-3488.37107152596,2527.13939401473,148619.794116118,177777.061085903,6968009.40417378,-2128800.31297205,-131988637.468902,-1395798839.45727,-199999097835.208,199969525606.348,0.0547131489705601,0.0999499727841856,0.547405341357102,-0.881267177553478,-0.00500454027971259
0.161,19.9895699261949,-0.0401450409550638,24.6267137729722,15.8906254948758,-3336.29760410974,2703.62775386781,155488.476018585,174983.68960747,6736021.21778727,-3424614.38962614,-331987735.304111,-1195829313.85092,-199999344104.197,199978203013.848,0.0401450409550638,0.0999959346916482,0.401466730411159,-0.836814289292998,0.00274387007552633
0.162,20.0125546835351,-0.0228735900147492,21.3692675775912,18.681126164746,-3177.50478207749,2876.70816381995,162025.170144703,170994.490261421,6304033.81043106,-4520454.60197014,-531987079.408308,-995851110.837074,-199999401217.069,199981676378.343,0.0260925506386072,0.1,0.260925506386072,-0.790489403070682,0.0115275765994319
0.163,20.0323624608737,-0.00272580705966501,18.2738022200978,21.642538337314,-3012.42459284919,3045.2847841651,168029.877181894,166009.440383429,5672047.03041422,-5416314.87461804,-731986480.625377,-795869434.458731,-199999371702.427,199982537254.883,0.0324770518663362,0.1,0.324770518663362,-0.742417235501836,0.0213775436597782
0.164,20.0491582857345,0.0204668098755173,15.3463057409132,24.7698936278198,-2841.68902320601,3208.46175481119,173302.597743378,160228.521214457,4840060.86393762,-6112193.04044933,-931985852.327804,-595886897.203848,-199999252251.451,199980878460.97,0.0491582857345421,0.0999843987803603,0.491659562233605,-0.692726605604792,0.0323186864199024
0.165,20.063112824355,0.0468673797715955,12.5920341939853,28.0574277822847,-2666.13005930823,3365.54319755916,177643.332472443,153851.714871816,3808075.38548409,-6608089.49842269,-1131985104.57925,-395906018.742877,-199998953586.601,199973697676.195,0.0631128243550165,0.0999189161592922,0.631640401847446,-0.641550165871563,0.0443694347230708
0.166,20.0744015497002,0.0766329427466004,10.0153116474402,31.4987806593934,-2486.77968661687,3516.03321558271,180852.082146707,147079.001313635,2576090.80411154,-6904008.66832747,-1331984058.16586,-195932321.066683,-199997977055.322,199921854502.265,0.0744015497002408,0.0997854026435505,0.745615568301259,-0.589024197735084,0.05754140245854
0.167,20.0832037094775,0.109913964158543,7.61933018437847,35.0871962096903,-2304.86988966018,3659.63588725261,182728.847925559,140110.346793857,1144107.75741802,-6999980.06214302,-1531982035.22118,3989533.43558208,-88968387628.6888,-7507572151.53562,0.0832037094775444,0.0995635580098737,0.835684372281002,-0.535288472077535,0.0718391634474931
0.168,20.0897010943062,0.146854038393308,5.40595082931928,38.8157207106636,-2121.82802521127,3796.24659612213,183092.136600762,133111.110236407,-432358.4716175,-6999744.31478321,-1620950422.84987,-3518038.71595355,199997931651.776,6597418778.65644,0.0897010943061538,0.0992308593045245,0.903963695717627,-0.480486175105368,0.0872601343480997
0.169,20.0940766152339,0.187589775910905,3.3755309397116,42.677356146245,-1939.21389300297,3925.85752275381,181882.635906328,126110.706472062,-1953309.92864148,-6999963.64410983,-1420952491.19809,3079380.06270289,199998906165.84,-5939989677.07324,0.0940766152338846,0.0987628937235438,0.952550210782836,-0.424763896093748,0.103794558293781
0.17,20.0965127600483,0.232250787621866,1.52687527331078,46.6651024404351,-1758.5364041884,4048.46851313425,179252.182883115,119111.292519704,-3274262.96675665,-6999854.25888566,-1220953585.03225,-2860609.61437035,199999201017.541,5495726241.50079,0.0965127600483413,0.0981338302739531,0.983481025645424,-0.368271649511383,0.12142555520169
0.171,20.0971900961589,0.280959684524155,-0.142629956336565,50.7719598840584,-1581.1165117528,4164.07963074484,175400.776324012,112110.923910385,-4395216.95128013,-6999967.00537928,-1020954384.01471,2635116.62713044,199999314078.875,-5125522129.54721,0.0971900961589185,0.0973170432416936,0.99869553082845,-0.311162865217641,0.140129206044197
0.172,20.0962859500452,0.333832077727119,-1.63681948919095,54.9909283826747,-1408.07516966367,4272.69079677522,170528.415399738,105111.420209631,-5316171.6782554,-6999894.64981692,-820955069.935832,-2490405.50241677,199999332889.06,4831192034.41996,0.0962859500452105,0.0962858995709939,1.00000052421192,-0.253594295622852,0.159874664805789
0.173,20.0939732863031,0.390976578401896,-2.96054901956794,59.3150081769395,-1240.33333264252,4374.30205589203,164835.099408663,98111.0855557353,-6037127.0817467,-6999969.45930213,-620955737.046773,2340786.53200319,199999256532.185,-4572042512.20667,0.0939732863030969,0.095014720936436,0.989039228626101,-0.195725831312242,0.180624297433436
0.174,20.09041978669,0.452494797802137,-4.11949519684832,63.7371991734652,-1078.61195609521,4468.91335634743,158520.827667815,91111.5244826138,-6558083.19052738,-6999914.69402623,-420956480.514587,-2231255.98020349,199998969910.593,4349423272.94441,0.0904197866899565,0.0934799297687522,0.967264170112604,-0.137720225931822,0.202333847221402
0.175,20.0857871291693,0.518481347232191,-5.11995562616999,68.2505015828812,-923.431996145667,4556.524732833,151785.599398682,84111.2190644763,-6879040.18608667,-6999971.23836996,-220957510.603994,2118167.29274092,199997188315.58,-4146239936.94741,0.0857871291693435,0.0916613867615859,0.935913498586689,-0.0797427316483682,0.224952625864108
0.176,20.0802304669548,0.589023838064424,-5.9686488692337,72.8479153170783,-775.114409875616,4637.13614654618,144829.413322012,77111.6158697632,-6999999.10253287,-6999926.19104569,-20960322.2884145,-2028072.64420649,41927682006.934,3963477862.19346,0.0802304669547915,0.0895439254294391,0.895990058175564,-0.0219606468448193,0.248423729399387
0.177,20.0738981073331,0.664202881715766,-6.67251576291481,77.5224405657201,-633.786742505168,4710.74762645322,137825.922005336,70111.3362220391,-6999995.58381782,-6999972.5247588,20967359.7185195,1935405.21798697,-41937884357.307,-3792294290.19502,0.0738981073331075,0.0871190871371665,0.848242443320797,0.0354572218590451,0.272684278093304
0.178,20.0669313776359,0.744092089662756,-7.23855568619033,82.2670772472363,-499.459071143636,4777.35914096815,130829.420453985,63111.6993508409,-6999997.16627795,-6999933.26668591,-20970524.6387874,-1856889.07220806,41943643904.283,3633444102.29731,0.0669313776359459,0.0843870576757987,0.793147426624179,0.0923411759432527,0.297665679291925
0.179,20.0594646055345,0.828758073422722,-7.67376723754284,87.0748255352438,-372.1313967084,4836.97071559764,123825.928632705,56111.4432136359,-6999995.86896459,-6999973.43370697,20973119.2654956,1776555.03008925,-41948984822.7428,-3481609449.48453,0.0594646055345471,0.0813588039520929,0.730893310201095,0.14852128834515,0.323293912118034
0.18,20.0516251187034,0.918260444567376,-7.98515181160796,91.938685355219,-251.803718364667,4889.58232311987,116829.427825903,49111.7777892024,-6999997.24211047,-6999937.68340162,-20975865.5572472,-1705054.41939527,41954352017.3813,3337397553.92231,0.0516251187034378,0.0780584066914604,0.661365263417368,0.203828073682487,0.349489832861724
0.181,20.0435332448209,1.01265181470681,-8.17970800664149,96.8516568677206,-138.476037039412,4935.19398694987,109825.935043017,42111.5438115168,-6999995.93165903,-6999974.03904406,20978486.4601341,1632343.13452704,-41959570138.804,-3197203403.0303,0.0435332448208641,0.0745255822629438,0.584138271704722,0.258093155187014,0.376169499784939
0.182,20.0353023115683,1.11197779550222,-8.26443721770748,101.806740005607,-32.1483518632371,4973.80568258224,102829.435092898,35111.8530768061,-6999997.23026829,-6999940.29761104,-20981083.6786699,-1564860.26850327,41964985691.4826,3061539254.89845,0.0353023115682589,0.0708183838257418,0.498490782494063,0.311149925592794,0.403244516033808
0.183,20.0270386466307,1.21627699865166,-8.24633804273292,106.796934918322,67.1793363083172,5005.41743226433,95825.9414850721,28111.6406056033,-6999995.82110122,-6999974.3882521,20983902.0128127,1496678.98639518,-41970446927.452,-2927677750.38196,0.0270386466306896,0.0670160690091682,0.403465124565729,0.362834199392482,0.430622389239919
0.184,20.0188415776964,1.32558103590236,-8.13241187707673,111.815241546455,159.507028431219,5030.02921313573,88829.4425404893,21111.9266105527,-6999997.14255213,-6999941.54814089,-20986544.9146394,-1430998.76398678,41976292581.8589,2796072044.58053,0.018841577696449,0.0632221182800413,0.298021929809289,0.412984853909289,0.458206906372143
0.185,20.0108034324575,1.43991451903754,-7.92965731820262,116.854660029647,244.834723655137,5047.64104697543,81825.9481742435,14111.7355750372,-6999995.54117584,-6999974.51088259,20989747.6672195,1365073.28059375,-41982372515.9849,-2664420124.94246,0.0108034324575321,0.0595673850648623,0.181364893653941,0.461444456688897,0.48589852230293
0.186,20.0030095386093,1.55929505988868,-7.64507576166418,121.908190316666,323.162423084549,5058.25291178973,74829.4504448153,7111.99953077412,-6999996.97976661,-6999941.64766446,-20992624.8487654,-1299346.84434871,41989087597.33,2533142361.05097,0.0030095386093123,0.0562133555898383,0.0535377861316704,0.508059876769686,0.513594760542908
0.187,19.9955382238511,1.68373327032295,-7.28566580430415,126.96883253825,394.49012581399,5061.86482948646,67825.9553338905,111.83040008099,-6999995.06081671,-6999974.42332829,20996462.7485646,1233795.51670226,-41996272579.0171,-2400067411.09554,0.0044617761488972,0.0533554933220223,0.083623557221532,0.552682877465452,0.541190624514148
0.188,19.9884608158858,1.81323276225569,-6.85842884178301,132.029586651941,458.817833183239,5058.47677830465,60829.4591256849,-6887.92713672413,-6999996.73435766,-6999940.66151713,-20999809.8304524,-1166271.89439328,42004478634.856,2265603983.4412,0.0115391841142234,0.051226639853656,0.225257486089044,0.595170688367398,0.568579017733995
0.189,19.9818416424206,1.94779014763816,-6.37036347011408,137.083452780185,516.14554416005,5048.08878085869,53825.9632328512,-13888.0733335246,-6999994.30487068,-6999974.1314198,21004668.8044036,1099332.08904792,-42013509266.5726,-2127467402.12255,0.0181583575794164,0.0501004411106176,0.362439075921992,0.635386554366136,0.595651171211494
0.19,19.9757380311667,2.0873950384705,-5.82847108497312,142.123430890099,566.473260455714,5030.700815037,46829.4690108383,-20887.8523768002,-6999996.39069956,-6999938.53303182,-21008840.462169,-1028135.31307464,42024221712.3856,1986073543.86349,0.0242619688333221,0.05,0.485239376666442,0.67320025958411,0.622297076373202
0.191,19.9702003098402,2.23203004678948,-5.23975028124361,147.142521096237,609.80098080703,5006.31290479086,39825.9722368597,-27887.9739652312,-6999993.12030554,-6999973.63157296,21015381.2502165,957938.230788849,-42036370074.9616,-1838758475.87971,0.0297996901597877,0.05,0.595993803195753,0.708488624219674,0.648405921778342
0.192,19.9652718061618,2.38167078468231,-4.6112024545004,152.133723376364,646.128707531859,4974.92502705128,32829.4807455001,-34887.7750874348,-6999995.9240928,-6999935.07258011,-21020988.8247451,-880820.245090864,42051458058.05,1685964036.43004,0.0347281938382267,0.05,0.694563876764533,0.741135972408948,0.673866531912572
0.193,19.9609888478579,2.53628586427406,-3.94982619802886,157.090037837375,675.456438961261,4936.53720787268,25825.9829033379,-41887.8695761314,-6999991.18388852,-6999972.91080698,21030469.2333049,805143.791339181,-42069169364.5285,-1524277165.2166,0.0390111521421019,0.05,0.780223042842039,0.771034569337779,0.698567806304954
0.194,19.9573807626604,2.69583689774283,-3.26262290712011,162.004464469153,697.784178468803,4891.14942252023,18829.4954258386,-48887.6939612369,-6999995.29933748,-6999929.90559825,-21038700.1312237,-719133.373877419,42092559916.854,1354186570.94033,0.0426192373396432,0.05,0.852384746792865,0.798085025954179,0.722399157257839
0.195,19.9544698783084,2.86027849730639,-2.55659117266278,166.87000337103,713.111923651614,4838.76170017507,11825.9962030883,-55887.7577357602,-6999987.71951028,-6999971.94568666,21053859.7856303,635053.197062908,-42121222293.0685,-1170913368.24021,0.0455301216916233,0.05,0.910602433832466,0.822196669771586,0.745250944445624
0.196,19.9522715225477,3.02955827523938,-1.83873238929557,171.679654547049,721.43967992065,4779.37401352061,4829.51520975537,-62887.6073070764,-6999994.47087118,-6999922.34917372,-21067362.5074382,-535860.171177306,42162934900.6053,975018679.333415,0.0477284774523028,0.05,0.954569549046056,0.843287880381904,0.767014904700484
0.197,19.9507940231341,3.20361684385877,-1.11604514396416,176.426418088989,722.767443456839,4712.9863963547,-2173.98578655277,-69887.6350832225,-6999980.36592831,-6999970.70000522,21095572.3931672,439158.50815611,-42217193347.6482,-759173341.016386,0.0492059768658777,0.05,0.984119537317554,0.861286388449685,0.787584575278614
0.198,19.9500387078322,3.38238781554391,-0.395530829622684,181.10329401799,717.095224366332,4639.59881748233,-9170.45456517577,-76887.5127328638,-6999993.39020897,-6999911.12816758,-21121620.9544811,-320014.832860276,42315277387.3266,524044534.405662,0.0499612921677652,0.05,0.999225843355305,0.876129537094699,0.806855708981128
0.199,19.9499999044221,3.56579780272028,0.315811974455797,185.703282418284,704.42301597245,4559.21131768477,-16173.9562196308,-83887.4965276921,-6999957.37246979,-6999969.12073323,21193656.4328455,204029.701545386,-42456633882.8631,-257136401.482136,0.0500000955779321,0.05,1.00000191155864,0.887764504734334,0.824726679485858
0.2,19.9506649406979,3.75376641788395,1.01098188202009,190.219383332544,684.750844316245,4471.82385988764,-23170.3928695313,-90887.4064896415,-6999992.03297837,-6999893.65923243,-21262977.4500176,-53106.6999367496,53227970924.2393,-40730733.4858151,0.049335059302102,0.05,0.98670118604204,0.896148488595701,0.841098875347372
0.201,19.9520141445003,3.94620627358262,1.68298042217177,194.644596837691,658.079129432771,4377.43649602015,-30172.1450627473,-97887.3334906794,-6994641.02496627,-6999967.13129911,31964993.4742217,-93837.4334225646,-74635698992.5729,394116212.600017,0.0479858554996646,0.05,0.959717109993292,0.90124884829135,0.8558770811075
0.202,19.9540208445157,4.14302298244721,2.32480841547958,198.971923005152,624.411881535662,4276.04917974576,-37163.2428741419,-104887.28185466,-6999993.88098834,-6999863.91062623,-42670705.5183512,300278.779177453,199965646313.562,-801977182.918038,0.0459791554842823,0.05,0.919583109685647,0.903043209280148,0.868969844083534
0.203,19.9566513732539,4.34411515716899,2.92947189836566,203.194361905814,583.749861838702,4167.66198256654,-44151.2445001705,-111887.12928876,-6942681.76334991,-6999964.62043851,157294940.79521,-501698.403740585,199989671177.847,1324760179.82812,0.0433486267461163,0.05,0.866972534922326,0.90151952646425,0.880289825383004
0.204,19.9598650738526,4.54937441054367,3.48999724486351,207.304913653101,536.161825183289,4052.2748425495,-50981.9471812598,-118887.123965037,-6685391.98696577,-6999803.93875233,357284611.973058,823061.776087532,199992360905.652,-1961092542.86226,0.0401349261474309,0.05,0.802698522948617,0.896676108421215,0.889754133848885
0.205,19.963614379716,4.75868535544302,3.99957041792018,211.29657831763,481.905062458913,3929.88787207986,-57455.3648020881,-125886.843221659,-6228111.19453989,-6999961.42324768,557276972.87871,-1138030.76677473,199992807245.062,2946402549.52738,0.0363856202840367,0.05,0.727712405680734,0.888521629484706,0.89728464160683
0.206,19.9678450721881,4.9719256048857,4.45173466592622,215.162356084997,421.436854588669,3800.50098124155,-63371.5053756478,-132886.882593198,-5570837.81803865,-6999626.25273969,757269780.123771,1808371.78275265,199992186362.104,-4278824439.57504,0.0321549278119093,0.05,0.643098556238186,0.877075171115204,0.902808280084596
0.207,19.9724967378339,5.18896577200559,4.84059051436645,218.895247060259,355.414474941788,3664.11440863293,-68530.3762725642,-139886.317797453,-4713571.94473382,-6999957.29317672,957261966.485875,-2470452.65682239,199990359923.793,34204202564.69,0.0275032621661424,0.05,0.550065243322848,0.862366300823501,0.906257315306291
0.208,19.9775034257124,5.40966947024589,5.16099575834944,222.488251832544,284.695189289601,3520.72912562189,-72731.9855074011,-146881.809616531,-3656314.79828605,-6985325.6445512,1157252326.40967,31733749.9078676,199986008552.642,-92720127246.2719,0.0224965742875725,0.05,0.449931485751449,0.844435188393116,0.907569601557894
0.209,19.9827945046429,5.63389331542008,5.40876545448263,225.934376381988,210.336254521149,3370.35607880276,-75776.3431410569,-153866.721740669,-2399069.46760006,-6999951.95826646,1357238334.96231,-60986377.3384043,199971945164.978,122018835248.093,0.0172054953570857,0.05,0.344109907141714,0.823332758849916,0.906688813125641
0.21,19.988295720461,5.86148693338444,5.58087191055215,229.226630916986,133.594915199834,3212.98430080487,-77463.4647836483,-160876.830415063,-941845.16005526,-6999928.91798082,1557210280.12729,61032457.9096886,38392854332.2383,199881080972.483,0.0117042795390354,0.05,0.234085590780708,0.799120881483218,0.903564654723859
0.211,19.9939304530382,6.09229295276926,5.67564332286894,232.358014356458,55.9216625851097,3048.62600638551,-77620.3059945845,-167812.929590594,634561.547238147,-6838955.91958489,1595603134.45953,260913538.882172,-199969086550.68,199938257631.424,0.00606954696181816,0.05,0.121390939236363,0.771872593992813,0.898153041734828
0.212,19.9996211599337,6.32614702880279,5.69292540976951,235.321606609611,-21.1237608253855,2877.44541518567,-76221.2710612084,-174488.105697799,2130180.13842233,-6478073.25188701,1395634047.90884,460851796.513596,-199983020405.341,199943749019.227,0.000378840066300512,0.05,0.00757680132601024,0.74167235561136,0.890416267781656
0.213,20.0052909200279,6.56287801096746,5.63410252833009,238.110749161429,-96.0556687685815,2699.80341248422,-73426.6044022326,-180702.42909326,3425822.67612851,-5917249.5808638,1195651027.5035,660795545.532823,-199987125098.09,199931553828.515,0.00529092002791032,0.05,0.105818400558206,0.708616293968864,0.880323203439633
0.214,20.0108649093831,6.80230830399586,5.50195268003985,240.719244350347,-167.578419458378,2516.26082167286,-69436.2873998686,-186255.958975719,4521480.14108297,-5156488.25841671,995663902.405413,860727099.361339,-199988533428.847,199877777480.42,0.0108649093830664,0.05,0.217298187661328,0.672812378618584,0.867849544732866
0.215,20.0162716965533,7.04425442869387,5.30044951632987,243.1415553071,-234.596355659531,2327.57840132523,-64450.3067298211,-190948.770721542,5417149.77677395,-4195822.27031516,795675368.976565,1060604876.84176,-199988439160.882,78971151831.1196,0.0162716965532574,0.05,0.325433931065149,0.634380476282314,0.852978112867728
0.216,20.0214443382414,7.28852778252864,5.03456235217161,245.373004869315,-296.213807791101,2134.71177741266,-58668.6506750857,-194601.128694797,6112830.92617008,-3095731.81755784,595686929.815683,1139576028.67288,-199986654122.527,-199880675330.072,0.021444338241416,0.05,0.42888676482832,0.593452280368177,0.835699203868408
0.217,20.0263212749688,7.53493558999524,4.71005617793062,247.40994594374,-351.735094625387,1938.74438378572,-52291.3073930282,-197160.385943907,6608524.5289245,-2056096.12655,395700275.693157,939695353.342806,-199980862679.462,-199935109353.441,0.0263212749688293,0.05,0.526425499376586,0.550171115222604,0.816010982672477
0.218,20.0308470267565,7.78328196994899,4.33329167136783,249.249804939713,-400.664522243949,1740.70423504121,-45518.262870037,-198779.956912011,6904234.37327792,-1216368.32788392,195719413.013695,739760243.989365,-199946063850.768,-199948735080.856,0.03084702675649,0.05,0.6169405351298,0.504691616202179,0.793919891312931
0.219,20.0349726888193,8.03336895221835,3.91102521217609,250.890945625347,-442.706379111172,1541.43105614196,-38549.4931342274,-199659.769907081,6999980.75436623,-576582.451434979,-4226650.83707325,539811508.908509,8138292522.1134,-199947558941.514,0.0349726888193089,0.05,0.699453776386179,0.457179287138551,0.769441003444418
0.22,20.0386562275684,8.28499731693991,3.45021064166552,252.332471525377,-477.756247214501,1341.56463244569,-31550.2693231926,-199999.771197218,6999823.24979022,-136744.721997227,3911641.68504015,339863949.966995,-7620563020.03394,-199924273132.75,0.0386562275683566,0.05,0.773124551367133,0.407809937364849,0.742598274077542
0.221,20.0418625933895,8.53796723434314,2.9578459964781,253.5740259764,-505.806270495976,1141.54480270109,-24549.7603463966,-199999.904656421,6999924.60996524,103157.091403393,-3708921.33499379,139939676.834245,7063649754.39726,-199795309123.199,0.04186259338951,0.05,0.837251867790201,0.356769007320264,0.713424675025126
0.222,20.0445637362664,8.79207870459033,2.44093140423594,254.61559218548,-526.856392372207,941.611475065294,-17550.5129221398,-199860.076944787,6999747.51350744,143199.113676039,3354728.41940347,-59855632.2889539,-6380272538.80896,-172871581106.33,0.0445637362664399,0.05,0.891274725328799,0.304250819600242,0.681962215657923
0.223,20.0467386060642,9.04713179772825,1.90646646659966,255.457293554011,-540.906738260878,741.805818756083,-10550.1514231791,-199775.61757744,6999912.10565744,-3092.30916607979,-3025544.11940549,-232727213.395284,5223307331.64192,199221253276.834,0.0467386060642418,0.05,0.934772121284837,0.250457790833256,0.648261849198227
0.224,20.0483731524482,9.30292669646383,1.36145122210803,256.099203011803,-547.957220250777,541.998168040714,-3550.88153835941,-199861.869951091,6999498.21520385,-136208.895922947,2197763.21223644,-33505960.1184499,-3604891327.41241,198623421493.922,0.0483731524481783,0.05,0.967463048963566,0.195599613488965,0.612383266277842
0.225,20.0494603249056,9.55926358256928,0.812885205656644,256.541247802499,-548.008136591471,342.07088529087,3449.11474322933,-199981.727923491,6999893.53275238,-70403.1452944356,-1407128.11517598,165117461.375472,-40018431427.1412,-180908025225.591,0.0494603249056489,0.05,0.989206498112978,0.139892411102223,0.57439459294896
0.226,20.0500000724904,9.81594253371769,0.267767883241647,256.783321462298,-541.060977037861,142.073937537244,10441.6349733529,-199999.723675635,6978477.18892364,4260.3034682409,-41425559.5423172,-15790563.8501193,125718573643.143,26549581492.5342,0.0500000724903948,0.05,1.0000014498079,0.0835578701597008,0.53437206033301
0.227,20.0499993407569,10.0727635589443,-0.266909875188251,256.825395811354,-527.131769456068,-57.9251815147371,17420.3524781126,-199998.933723843,6999910.91620289,1744.53036438871,84293014.1008259,10759017.6424149,-199434250212.8,-46409883524.5352,0.0499993407568944,0.05,0.999986815137888,0.0268223511302411,0.492399697790131
0.228,20.0494720604775,10.3295266591071,-0.784162966329059,256.667471515276,-506.205722444596,-257.923383548938,24429.1708596638,-199999.544665245,6984486.80519732,-10701.393755464,-115141236.111974,-35650865.8821203,-199837072773.385,172413837514.663,0.0494720604774592,0.05,0.989441209549184,-0.0300840199338295,0.448569005961633
0.229,20.0484391559616,10.5860318351697,-1.27699648507007,256.309546527158,-478.311824933051,-457.927036812145,31322.7808680095,-199999.335852356,6769427.03269865,39854.6591197473,-314978308.885359,136762971.632543,-199878076069.062,-186715415242.326,0.04843915596161,0.05,0.968783119232199,-0.0869282646305198,0.402978580620848
0.23,20.0469285031846,10.8420790874968,-1.73853347147717,255.751630607358,-443.665155186676,-657.891431315304,37901.4057335873,-199922.218943294,6354509.68577876,83259.9231311273,-514856384.954422,-49952443.6097831,-199882950548.315,-116410702310.404,0.0469285031845814,0.05,0.938570063691628,-0.143475494188525,0.355733705963695
0.231,20.0449747142396,11.0974684549098,-2.16221195689005,254.993788891784,-402.680632463964,-857.78519615023,43965.1734017975,-199883.337025686,5739711.82555018,-24897.8716338577,-714739335.502737,-166363145.920187,-199869924135.149,199391476939.81,0.044974714239622,0.05,0.899494284792439,-0.199489925073644,0.30694593823053
0.232,20.0426187224163,11.3520000351672,-2.54198483040387,254.036052607274,-355.973054285481,-1057.70040132451,49314.2039055738,-199958.184557456,4925037.52797986,-91565.2790841399,-914609259.637886,33028331.0196228,-199835462799.031,199847013554.115,0.0426187224163073,0.05,0.852374448326145,-0.254735974157796,0.256732658317762
0.233,20.0399071674033,11.6054739079473,-2.87251971716324,252.878360894363,-304.35709297014,-1257.69053684078,53748.6308932682,-199999.927835438,3910510.53694246,41386.5587125408,-1114444722.43692,232875344.573738,-199754663039.96,199928929749.007,0.0399071674033458,0.05,0.798143348066915,-0.308979429131807,0.205216564129444
0.234,20.0368915806183,11.8576900941947,-3.14939884274955,251.520688660578,-248.847270706434,-1457.62262846736,57068.6266251522,-199808.782116148,2696188.48298556,374226.368160783,-1314199385.47688,432804274.322746,-199492797868.577,199940839508.009,0.0368915806183026,0.05,0.737831612366051,-0.361988689358873,0.152525157594022
0.235,20.0336273706904,12.1084486895545,-3.36931885614396,249.963243711799,-190.657895270613,-1657.16383248539,59074.4666157546,-199184.830137574,1282242.6985744,907001.062237533,-1513692183.34545,632745113.830755,152605111478.86,199930667986.303,0.0336273706904251,0.05,0.672547413808502,-0.413536072090582,0.0987902826563728
0.236,20.0301726096557,12.3575501972207,-3.53028760978864,248.206666661557,-131.188230789817,-1855.78137412838,59625.2974079027,-197928.134740423,-155146.929031625,1639711.51006144,-1361087071.86659,832675781.817057,199423216851.477,199878878202.335,0.0301726096557076,0.05,0.603452193114151,-0.463399178512262,0.0441477259158469
0.237,20.0265866479502,12.6047960607106,-3.6317440997972,246.252230865792,-71.859045391039,-2052.74254553021,58822.8441457464,-195838.772193086,-1416522.39247248,2572326.73097966,-1161663855.01512,1032554660.01939,199674365046.451,122829919780.057,0.026586647950225,0.05,0.531732959004501,-0.51136230300583,-0.01126311847067
0.238,20.0229287097101,12.8499893964637,-3.67447454888836,244.10204170198,-13.9297533188211,-2247.11794400114,56858.7688866074,-192729.6964788,-2478349.06496437,3666296.35088908,-961989489.968665,1155384579.79945,199748726286.633,-199885318103.583,0.0229287097101114,0.05,0.458574194202228,-0.557217820238169,-0.0672995185019313
0.239,20.0192566357423,13.0929359196906,-3.66042639426407,241.759216434445,41.537832317238,-2437.83025676279,53932.7165310398,-188519.022057696,-3340464.19178972,4721738.27163674,-762240763.682031,955499261.695866,199775247785.997,-199938861360.752,0.0192566357423445,0.05,0.38513271484689,-0.600767478705638,-0.123815610355227
0.24,20.0156258217898,13.3334450055835,-3.59250904295136,239.227951769344,93.6816005937603,-2623.83749059361,50244.4278320401,-183352.857298771,-4002817.33157875,5577268.10265223,-562465515.896033,755560400.335114,199777949086.577,-199953159199.29,0.0156258217897829,0.05,0.312516435795658,-0.641823577106079,-0.180662562892526
0.241,20.0120883564246,13.5713307182028,-3.47439413591043,236.513397210192,141.839199588574,-2804.28411848929,45993.6740673611,-177431.134522484,-4465393.87293149,6232851.9233877,-362687566.809456,555607241.135824,199761510783.044,-199954889286.353,0.0120883564246341,0.05,0.241767128492683,-0.680210017488107,-0.237688766207164
0.242,20.0086923586978,13.8064126655525,-3.31031577890303,233.621457817106,185.54805218795,-2978.51455729695,41380.2299961553,-170953.80479341,-4728200.68434943,6688481.71988035,-162926056.026412,355652351.84947,199721388596.283,-199942224901.756,0.0086923586978358,0.05,0.173847173956716,-0.715763231285735,-0.294740099163312
0.243,20.0054815155613,14.038516655163,-3.10487076940515,230.558594257028,224.545349223784,-3146.07317676448,36603.8531818921,-164120.820601755,-4791266.0460777,6944162.95927894,36795332.5698713,155710126.947714,199639814523.676,-199811377397.422,0.00548151556133547,0.05,0.109630311226709,-0.748332974900575,-0.351660284794388
0.244,20.0024948190566,14.2674751497217,-2.86281884112746,227.331622853283,258.768020263671,-3306.70428967283,31864.2581045199,-157132.104475235,-4654650.80624599,6999967.39752794,236435147.093547,-44101250.4497083,199458131855.863,50451409187.7785,0.00249481905655813,0.05,0.0498963811311626,-0.777782992025943,-0.408291332119457
0.245,19.9997665032388,14.493127523114,-2.58888295333034,223.947517755482,288.352669578411,-3460.34165851566,27361.0678937967,-150145.779134734,-4318486.59322451,6981091.85167212,435893278.94941,6350158.73807022,198874030535.927,25028323298.8128,0.000233496761218532,0.05,0.00466993522437065,-0.803991540448621,-0.464474062276649
0.246,19.9973261807699,14.7153201367102,-2.28754967806702,220.413267195867,313.635429473359,-3606.99479051797,23293.6736118029,-143157.340816476,-3783156.29900713,6999956.1720596,634767309.485336,31378482.036883,-132923575803.116,-63402772619.7031,0.00267381923005772,0.05,0.0534763846011543,-0.826851781618674,-0.520048708864257
0.247,19.9951991785591,14.9339063387923,-1.96287259689617,216.735861173383,335.137781004914,-3746.6495652836,19805.7470382379,-136152.262532168,-3214850.77742335,6999633.26778663,501843733.68222,-32024290.5828201,-198711794645.449,64703643932.2321,0.00480082144085614,0.05,0.0960164288171228,-0.84627203204111,-0.574855549375123
0.248,19.9934070457645,15.1487464746136,-1.61834849661109,212.92230128723,353.411463618611,-3879.30465257847,16808.6994952147,-129157.857469018,-2812362.94106386,6999960.79916992,303131939.036771,32679353.3494121,-199254691811.665,-65663093878.4482,0.00659295423547945,0.05,0.131859084709589,-0.862175886370612,-0.628735530680895
0.249,19.9919680895172,15.3597078891111,-1.25699044036002,208.979585180497,368.856201354308,-4004.95981905126,14114.6934083673,-122152.500842153,-2608858.34793292,6999808.60558011,103877247.225106,-32983740.5290362,-199400908936.724,66278976315.3644,0.00803191048279928,0.05,0.160638209655986,-0.874502269067103,-0.681530893206114
0.25,19.9908977715127,15.5666649271079,-0.881509035481792,204.914714923795,381.67547009204,-4123.6151512567,11524.5401992242,-115158.137610785,-2604681.55517618,6999964.35320875,-95523661.7116181,33295235.7863282,-199425180276.423,-66783807727.4748,0.00910222848731479,0.05,0.182044569746296,-0.88320548034611,-0.733085789423715
0.251,19.9902089113675,15.769498933283,-0.494511050911742,200.734688195228,391.87343952088,-4235.27054014357,8838.85928314612,-108152.656274304,-2799917.807026,6999867.68513134,-294948841.988041,-33488571.9411466,-199358765821.36,67176040131.8168,0.0097910886324577,0.05,0.195821772649154,-0.888255257575092,-0.783246893354989
0.252,19.9899116907816,15.9680982522408,-0.0986987855752585,196.446507136005,399.254875144939,-4339.92604500229,5858.24059415586,-101158.336868455,-3194546.03192473,6999967.1332561,-494307607.809402,33687468.1906702,-199139662474.42,-67515158509.2331,0.0100883092184318,0.05,0.201766184368637,-0.889636854183103,-0.831863998559982
0.253,19.9900134583051,16.1623582284837,0.302930529880591,192.057169424775,403.425160635894,-4437.58159685769,2383.3508145807,-94152.7785275214,-3788423.47097134,6999897.02219216,-693447270.283822,-33827690.318563,-198362175079.047,67800010085.2103,0.00998654169489654,0.05,0.199730833897931,-0.887351135807692,-0.878790602370496
0.254,19.9905183347352,16.352181206455,0.70688541535756,187.57367724367,403.790460079314,-4528.23723982208,-1784.85665404573,-87158.4953488077,-4581051.82879468,6999969.3369162,-891809445.362868,33972319.7666473,100645526703.061,-68054707061.4693,0.00948166526477223,0.05,0.189633305295445,-0.881414693247427,-0.923884474028625
0.255,19.9914266197354,16.5374765305168,1.10898361845755,183.003028266121,399.570636166923,-4611.89292406193,-6795.03895107133,-80152.8823031851,-5422538.51080602,6999914.30315211,-791163918.659807,-34082387.294822,198234677317.633,68278360249.3186,0.00857338026460397,0.05,0.171467605292079,-0.871859971498129,-0.967008204588215
0.256,19.9927340239086,16.7181605449811,1.50422166552284,178.352224702178,389.94072708556,-4688.54868467975,-12580.120308321,-73158.6294669721,-6114585.09080701,6999971.09598195,-592929241.342174,34195972.9544966,198910123590.628,-68483200648.8731,0.00726597609136803,0.05,0.145319521827361,-0.858735404767328,-1.0080297364081
0.257,19.9944308598118,16.8941565940913,1.88683018713841,173.628264218753,374.212780613428,-4758.2044827366,-18958.018332534,-66152.9742512877,-6608059.27035387,6999925.46861201,-394019117.751545,-34287227.6943765,198873865169.551,68668519714.1003,0.00556914018821075,0.05,0.111382803764215,-0.842105504294649,-1.04682287024445
0.258,19.9965013583764,17.0653950220462,2.25044785519282,168.838149046739,351.893349203807,-4820.86034760321,-25729.9415175687,-59158.7476432372,-6902641.45552063,6999972.50077468,-195145252.581994,34381292.0197238,196464631374.743,-68841454775.3482,0.00349864162356894,0.05,0.0699728324713789,-0.822050833143706,-1.08326774796074
0.259,19.9989231756192,17.2318131729843,2.58831929954832,163.988876846272,322.687748776022,-4876.51624717467,-32697.4114941512,-52153.0580722486,-6999554.39241526,6999933.06540673,1319378.79274919,-34460162.7556244,1524823485.11748,69001423168.4874,0.0010768243807675,0.05,0.0215364876153501,-0.798667842781779,-1.11725130904914
0.26,20.0016670975896,17.3933553910032,2.89349181785951,159.087449864744,286.49084351644,-4925.17220701537,-39696.0520599226,-45158.8548510249,-6997472.60187995,6999973.61423535,2844202.27786666,34541260.412863,-9829422156.79128,-69153037557.6936,0.00166709758959627,0.05,0.0333419517919253,-0.772068569307348,-1.14866771919712
0.261,20.0046969272692,17.549973020146,3.15896842650892,154.140865755516,243.296119630034,-4966.82819955911,-46693.7407976897,-38153.1361128428,-6999543.11068047,6999938.35586936,-6985219.87892462,-34611777.1448307,15275147401.9614,69295803291.5827,0.00469692726922943,0.05,0.0939385453845887,-0.742380197298037,-1.17741876931036
0.262,20.0079694697808,17.7016244044176,3.37775092146373,149.156126779601,193.102079538166,-5001.4842477984,-53694.2306604093,-31158.9543449972,-6998890.75685842,6999974.48037032,8289927.52303682,34684026.146752,-18063615054.0061,-69432965497.0154,0.00796946978079305,0.05,0.159389395615861,-0.709744526304303,-1.20341424346497
0.263,20.0114345311271,17.8482748877725,3.5428395987624,144.140230583603,135.909032503288,-5029.14032727242,-60691.9870560152,-24153.2100124697,-6999632.63686238,6999942.02376857,-9773687.53096932,-34748939.3502634,20242129956.8292,69564090004.2143,0.0114345311271293,0.05,0.228690622542587,-0.674317375745762,-1.22657225444349
0.264,20.0150349182063,17.9898968141287,3.64723579374564,139.100179440157,71.7164436030009,-5049.79645925915,-67693.132848317,-17159.0484433755,-6999285.25941494,6999975.12942041,10468442.4258598,34815150.6539509,-21747567733.4294,-69691649081.6811,0.0150349182062754,0.05,0.300698364125509,-0.636267935537558,-1.24681954558788
0.265,20.0187064384532,18.1264695273568,3.68393937833662,134.042970989065,0.524506716725236,-5063.45262143142,-74690.8084811412,-10153.2810134751,-6999690.60085579,6999944.45553352,-11279125.3075696,-34876498.4277302,23025548042.411,69815247810.1925,0.0187064384531581,0.0505745100245594,0.369878787635789,-0.595778065793377,-1.26409175788895
0.266,20.022377899901,18.2579793712923,3.64595158762864,128.975607513142,-77.6670675212267,-5070.10883399821,-81692.3010533104,-3159.13893252041,-6999456.95214215,6999975.58101088,11746422.7348415,34938749.3824622,-24033377852.6318,-69936930879.5772,0.022377899900988,0.0522811334386961,0.42803012155863,-0.553041548179658,-1.27833366132273
0.267,20.0259711109918,18.384419689725,3.5262720825782,123.905086645248,-162.85814070423,-5069.76507605411,-88689.8903570605,3846.64986803511,-6999727.21833363,6999945.86495356,-12286955.1177904,-34998181.497115,24946630191.6351,70056325004.9802,0.0259711109918079,0.0548315816156739,0.473652413928982,-0.508263292258551,-1.28949934963506
0.268,20.0294008806326,18.5057908264106,3.31790207142451,118.838410677317,-255.048903053385,-5062.42136727031,-95691.6032812545,10840.7726964076,-6999540.8583556,6999975.84595893,12659675.0738447,35058143.5078652,-25734125857.8547,-70175278560.8032,0.0294008806325934,0.0579759933217738,0.507121636871574,-0.461658499864125,-1.29755239787561
0.269,20.0325750180742,18.6221001250601,3.01384108962285,113.782577234998,-354.239239073216,-5048.07768759694,-102689.103323049,17846.5817343603,-6999748.24621068,6999946.35018639,-13074450.7840099,-35117135.0529381,26492840407.2438,70293423901.2214,0.0325750180741657,0.0615033452467536,0.529646280921365,-0.413451791078629,-1.30246598217611
0.27,20.0353943329654,18.733361929351,2.60709035018529,108.744588618558,-460.429291726151,-5026.73405665067,-109690.973321251,24840.6850876705,-6999576.27679107,6999975.92708406,13418389.6232338,35176288.8482834,-27196956740.9157,-70412600787.182,0.0353943329653603,0.0652380331398282,0.542541386701493,-0.363876295210085,-1.30422296137369
0.271,20.0377526352658,18.8395975829164,2.09064930821065,103.731442446013,-573.618949994058,-4998.39045474301,-116688.373229354,31846.5137257141,-6999756.36553829,6999945.91553876,-13778567.1176819,-35236311.9388987,27922180717.7962,70532431101.4075,0.0377526352658286,0.0690364966522163,0.546850392134095,-0.313172710568179,-1.30281592027483
0.272,20.0395367353043,18.940835429356,1.45751920411887,98.7501410253759,-693.808334409837,-4963.04690192689,-123690.365181665,38840.596890467,-6999573.84229708,6999975.81915056,14143613.6001143,35296119.1625088,-28642993956.4254,-70654939842.8478,0.0395367353042886,0.07278391738097,0.543207026043171,-0.261588336708303,-1.29824717446433
0.273,20.0406264437095,19.0371108122249,0.70069944210343,93.8076819664113,-820.997322701799,-4920.70337839615,-130687.641049488,45846.4449458917,-6999751.72567517,6999944.46839164,-14499380.356311,-35358820.680339,28691758025.298,70779720358.1549,0.0406264437095061,0.076391016590058,0.53182226815389,-0.209376083136256,-1.29052873675829
0.274,20.0408945714794,19.1284660750443,-0.186808691453589,88.9110675844463,-955.186060687599,-4871.35990519782,-137689.86050567,52840.5066240029,-6999905.22701884,6999975.50789038,14192377.668987,35420899.6778159,199762910861.905,-70909238047.8977,0.0408945714794449,0.079790976013704,0.512521258950652,-0.156793458333952,-1.27968224550802
0.275,20.0402069301806,19.2149505612896,-1.2120040772252,84.0672954801056,-1096.36518495588,-4815.01646188818,-144649.375725378,59846.3743753909,-6885831.3939189,6999941.78854425,213955288.530892,-35488338.3700818,199907384983.436,71043035347.8304,0.0402069301805632,0.0829365020400695,0.484791728509816,-0.104101543144796,-1.26573885515505
0.276,20.0384223504325,19.2966206144017,-2.38183100791086,79.2833679757144,-1244.41348768909,-4751.67307121511,-151394.911577534,66840.4125006414,-6571922.41289628,6999974.96784808,413862673.514327,35554696.9777486,199931936072.52,-71184427601.9721,0.0384223504325476,0.0857970504710954,0.447828337006666,-0.0515639454424945,-1.24873908954132
0.277,20.035392810092,19.3735395777736,-3.70301836141334,74.5662826614864,-1399.01705286348,-4681.32971146553,-157726.580664328,73846.3007457113,-6058093.7713457,6999937.45102484,613794609.586848,-35629730.6242236,199938165451.778,71332876150.6028,0.0353928100919632,0.0883562259703136,0.400569509429416,0.000554295784381841,-1.22873265866867
0.278,20.0309637484128,19.4457777947623,-5.18188114597743,69.9230418665041,-1559.66205055499,-4603.98640807957,-163444.454103304,80840.3121441159,-5344330.07903296,6999974.15847592,813732775.038626,35703145.5263793,199935734661.427,-71493314891.2978,0.0309637484127521,0.0906093672845642,0.341727895698781,0.0519878825446912,-1.20577823969862
0.279,20.0249745798775,19.513412608674,-6.8241205736005,65.3606431687098,-1725.63471691303,-4519.64313722008,-168348.595172375,87846.2223228731,-4430629.43666362,6999930.64655665,1013668509.70005,-35790169.3649186,199924375975.398,71665080301.3571,0.0249745798775223,0.0925613263688352,0.269816573046981,0.10247250673786,-1.17994322316939
0.28,20.0172594079616,19.5765283627762,-8.63462412411478,60.8860889037108,-1896.02135186979,-4428.29992855715,-172239.069624859,94840.2020647975,-3316998.73897587,6999973.01734241,1213592885.67545,35874910.9364386,199895423277.907,-71856395474.2339,0.0172594079616175,0.0942244466939347,0.183173354338503,0.151746170815631,-1.15130342549257
0.281,20.0076479388326,19.6352164002807,-10.6172656117547,56.5063766343403,-2069.70832640722,-4329.95675484833,-174915.956017117,101846.136471696,-2003458.14166146,6999919.73054173,1413488308.95336,-35981484.5377953,199800226070.369,72066404355.2982,0.00764793883259074,0.0956167432826616,0.0799853516238464,0.199550574827869,-1.11994276897411
0.282,19.9959665949774,19.6895750643572,-12.7747052655127,52.2285087023411,-2245.38210510092,-4224.61365265861,-176179.369966624,108840.076527361,-490069.719672918,6999971.44818158,1613288535.02373,36084919.8175029,-74489672941.6357,-72310951787.1886,0.00403340502255745,0.0967602844368305,0.0416845097762257,0.245632564215595,-1.08595293067383
0.283,19.9820398283521,19.7397096981117,-15.1081921342752,48.0594826508012,-2421.54073224125,-4112.27058921018,-175875.210364275,115846.038610154,1085973.97887999,6999900.89210549,1538798862.08209,-36226031.9696858,-199800496785.802,72588877777.5334,0.017960171647907,0.097679772690135,0.183867868989429,0.289745632332132,-1.04943296159658
0.284,19.9656916111114,19.7857326446025,-17.6174270244203,44.0063008265341,-2596.62481415977,-3992.92761328939,-174053.137037152,122839.924632571,2524872.59256918,6999969.29902457,1338998365.29629,36362845.8078477,-199895441438.153,-72938248604.4884,0.034308388888622,0.0984013202820601,0.348657810589121,0.331651462978702,-1.01048887775709
0.285,19.9467469789074,19.8277632468103,-20.3006034691967,40.0759607444107,-2769.20067748315,-3866.5846826267,-170892.081168841,129845.918979732,3763923.23714639,6999863.02053017,1139102923.85814,-36575402.7966407,-199924336503.127,73357403846.4693,0.0532530210925835,0.0989514123975903,0.538173430800673,0.37112145748957,-0.969233224838305
0.286,19.9250334591309,19.8659278476579,-23.1545770701391,36.2754647524472,-2938.02927672679,-3733.24187147867,-166591.927192516,136839.720532838,4803063.99275296,6999966.31965677,939178587.355008,36782001.0498285,-199935635965.869,-73538437437.302,0.0749665408690667,0.0993560495836827,0.754524170226053,0.407938174320928,-0.925784618183719
0.287,19.9003823097777,19.9003597899644,-26.1750643334858,32.6118103220513,-3102.07147280987,-3592.89910155406,-161352.59651208,143845.82144678,5642274.76212504,6999979.10198794,739242951.389139,-36756436.3874735,-199937914346.963,-199954147803.249,0.0996176902223027,0.0996400591340162,0.999775502825792,0.441896646403801,-0.880267260048133
0.288,19.8726295585858,19.931199416121,-29.3568425897843,29.0919975966015,-3260.48805552875,-3445.56774805184,-155374.023259984,150794.096639274,6281548.75634069,6863245.59169884,539305037.042175,-236710584.190722,-199931156322.519,-199980874501.185,0.0688005838790104,0.0994174583980606,0.692037243635194,0.472805567295969,-0.832810436146472
0.289,19.8416168422455,19.9585940459112,-32.6939499272001,25.7229592416863,-3412.63975070258,-3291.38981291719,-148856.14384451,157505.656793127,6720888.21522161,6526544.57025753,339373880.719656,-436691458.691908,-199903938147.431,-199985587036.971,0.0414059540887699,0.0991089675389224,0.417782115150264,0.500488341708676,-0.783548002051907
0.29,19.8071920456731,19.9826978292118,-36.1798851270769,22.5113901525701,-3558.08721745678,-3130.70199848151,-141998.886011953,163780.524702866,6960310.12686755,5989860.31804713,139469942.572226,-636677045.728878,-199706240374.078,-199986661900.668,0.0173021707882413,0.0986955362008039,0.175308544380757,0.524783996604867,-0.732617902195169
0.291,19.7692097413541,20.0036714091133,-39.8078075888229,19.4635485317272,-3696.59102450822,-2964.04098923815,-135002.125287195,169418.715387732,6999926.94925273,5253189.94136792,-60236297.8018517,-836663707.629546,115446248533.921,-199985917854.097,0.00367140911331276,0.0981562551874263,0.037403720285603,0.545547949629066,-0.680161748681292
0.292,19.7275314292208,20.0216813852359,-43.5707345692768,16.5850559043027,-3828.0984154434,-2792.14345557759,-128013.075445421,174220.242488976,6997413.77571784,4316533.27481133,55209950.7320689,-1036649625.48364,-105517743488.844,-199983193903.725,0.0216813852359437,0.0974688807662109,0.222444179778248,0.562652632382637,-0.626324465462282
0.293,19.6820256018037,20.0368995770586,-47.4616718657136,13.8806971319211,-3952.60797891515,-2615.94605402186,-121005.642984918,177985.120418728,6999864.85470549,3179892.05237582,-50307792.7567756,-1236632819.38737,99024053851.0131,-199976457537.345,0.0368995770585911,0.0966103314003741,0.381942350509816,0.575987976208651,-0.571253999175118
0.294,19.6325677497207,20.0495020872627,-51.4736172929363,11.3542204272793,-4070.1179481026,-2436.58542539924,-114014.428017616,180513.366651821,6999069.08887422,1843271.00421978,48716261.0942376,-1436609276.92471,-95825308870.1292,-199954482568.76,0.0495020872627236,0.0955573293903693,0.518035482767611,0.585461804274862,-0.515101097617638
0.295,19.5790403629498,20.0596681650919,-55.5995747122329,9.00813737203283,-4180.62871492013,-2255.39818956157,-107006.971683006,181605.007270483,6999872.69553339,306684.486010684,-47109047.7758916,-1636563759.49347,93288361791.933,120382371806.52,0.0596681650919137,0.0942871994134054,0.632834207221456,0.591000150486327,-0.458019156564916
0.296,19.5213329307831,20.0675788701781,-59.8325414530193,6.84352561321728,-4284.13971474826,-2073.90758474251,-100015.105451062,181113.473605381,6999407.82865346,-1269688.08757953,46179314.0160414,-1516181387.68695,-91416841338.378,199953486149.807,0.0675788701780675,0.0927788343108868,0.728386713198203,0.592547505301417,-0.400164135180545
0.297,19.4593419421884,20.073415562317,-64.1655209901905,4.85990164265076,-4380.65122876771,-1893.67332068361,-93007.8441056239,179119.020404983,6999878.72200031,-2685892.73219158,-45237527.3223366,-1316227901.53715,89818076027.9418,199975377135.007,0.0734155623170452,0.0910138370544195,0.806641766714529,0.590066988340486,-0.341694530133454
0.298,19.3929708856858,20.0773583578664,-68.5915106309704,3.05528700701319,-4470.16293068039,-1716.10828565426,-86015.6144679468,175808.342951546,6999550.23269195,-3902132.94516122,44580548.7056052,-1116252524.40214,-88495086014.1435,199982003659.72,0.0773583578664052,0.0889778461136028,0.869411446166472,0.583540446944682,-0.28277135291742
0.299,19.3221302495503,20.0795847205079,-73.1035136571156,1.42638769333869,-4552.67502723579,-1542.42871867921,-79008.5231419044,171381.414078127,6999883.23839048,-4918394.4677335,-43914537.3085383,-916270520.742418,87315618307.783,199984543568.871,0.0795847205078601,0.0866620496234674,0.918334159573226,0.57296848079565,-0.223558044345733
0.3,19.2467375217095,20.0802682451199,-77.6945274008581,-0.0312065621132515,-4628.18728969729,-1373.6508808991,-72016.0445691169,166038.215107284,6999626.51023583,-5734672.71669148,43401080.9992447,-716285977.173547,-86282231885.7769,199984959181.67,0.0802682451199388,0.0840648916463689,0.954836716587928,0.55837039244247,-0.164220303567784
0.301,19.1667171898826,20.0795776415172,-82.3575550190618,-1.32282229295254,-4696.69988259078,-1210.59105043972,-65009.0978903624,159978.730228536,6999886.47529219,-6350966.21427419,-42881150.8865321,-516301017.991877,85333576172.5009,199983213389.436,0.0795776415172398,0.0811939716059225,0.98009297911269,0.53978406432597,-0.104925829834205
0.302,19.0820007414957,20.0776759181724,-87.0855938784534,-2.45450231866268,-4758.21262853631,-1053.8655208541,-58016.4297278181,153402.94404083,6999672.11249191,-6767275.62557135,42452425.2859688,-316317804.602441,-84471904572.9245,199976621113.272,0.0776759181724245,0.0780681355191199,0.994975961138468,0.517265762791809,-0.045843978201673
0.303,18.9925266637875,20.0747197659226,-91.8716470449164,-3.43280576020397,-4812.72566646635,-903.890601900938,-51009.6100534453,146510.83894981,6999888.58549141,-6983605.11961715,-42019479.2869556,-116341183.489169,83662851889.1094,199933902866.757,0.0747197659226231,0.0747197551094246,1.00000014471673,0.490889870206532,0.0128546692501714
0.304,18.8982404437357,20.0708591416593,-96.7087119219331,-4.26460805825006,-4860.23884952144,-760.882625128899,-44016.7873989492,139502.385555593,6999700.53214901,-6999979.35167294,41643372.6021537,83592719.3775889,-82908473303.9026,-166931396020.018,0.0708591416592554,0.0711971881519284,0.995251968491346,0.460748546271706,0.0709988147871677
0.305,18.7990945681439,20.066237051485,-101.589791504162,-4.95690406189144,-4900.75230061193,-624.87325260408,-37010.0832593831,132516.380664272,6999889.66809921,-6999852.33030536,-41265100.7017489,-83338676.6424288,82186992293.5049,166490239540.054,0.0662370514849755,0.0675674106110095,0.980310639197157,0.426951320178123,0.128417036547768
0.306,18.6950485235745,20.0609895047365,-106.507883232613,-5.51668785124463,-4934.26589209604,-495.863750791087,-30017.1283095858,125502.607368902,6999718.06354421,-6999945.88717777,40921891.591756,83151562.897625,-81500290766.1848,-166148349999.409,0.0609895047364617,0.0639188082020169,0.954171494307325,0.389624615262306,0.184938446415676
0.307,18.5860687964239,20.0552455109088,-111.455990043277,-5.95096487592026,-4960.77973690404,-373.854180619875,-23010.5326820401,118516.545871506,6999889.80975288,-6999868.49927984,-40578399.1744288,-82996787.101784,80833164869.6255,165840447965.039,0.0552455109088044,0.0603641120606761,0.915204564812836,0.348911208319713,0.240393361036724
0.308,18.4721288728596,20.0491270795777,-116.427109415377,-6.26672950454999,-4980.29371969919,-258.844491777193,-16017.4598777295,111502.819053337,6999727.99301326,-6999945.06239911,40254765.6951967,82843660.8632548,-80187399768.3363,-165543073856.775,0.0491270795777297,0.0570434601726271,0.86122194251645,0.304969625764947,0.294613967588193
0.309,18.3532092388871,20.0427492204265,-121.41424423463,-6.47098717201733,-4992.80794759446,-150.834735606323,-9010.9690684967,104516.70530906,6999889.05882429,-6999872.93846424,-39932634.0731396,-82699412.9935208,79551154534.1719,165259868872.46,0.0427492204265292,0.0541275632098384,0.789786531878437,0.257973479277649,0.347434980540965
0.31,18.2292973802903,20.0362199432166,-126.410392019515,-6.57073226910217,-4998.32231294111,-49.8248641741247,-2017.78780095328,97503.0259755773,6999732.00201823,-6999942.41702153,39618520.4610324,82560455.8789394,-78926201943.2916,-164973984906.235,0.0362199432165831,0.0518209503910423,0.698944016720388,0.208110743608543,0.398694286793745
0.311,18.1003877826924,20.0296402578143,-131.408555611303,-6.57297021212222,-4996.83692024606,44.1850767528839,4988.59909430492,90516.8681223442,6999887.42150762,-6999868.95359571,-39307681.4822593,-82413529.027296,78302239288.0585,164689267294.966,0.0296402578143251,0.0503652680261245,0.588505908455618,0.155582979630532,0.448233576701358
0.312,17.9664819314973,20.023104174166,-136.4017325694,-6.48469540762024,-4988.35166612795,131.195136863063,11981.8830482861,83503.2406154507,6999730.85966939,-6999937.84897552,38994557.8057993,82275738.2676697,-77681106647.9898,-164390033623.412,0.023104174166015,0.05,0.462083483320299,0.10060450574384,0.495898958511273
0.313,17.8275883119478,20.0166987023268,-141.382925694763,-6.3129132485188,-4972.86665526964,211.205271592336,18988.1643357504,76517.0422966718,6999884.86415119,-6999857.12751956,-38686548.8421906,-82114295.3557427,77052783794.6601,164080831595.224,0.0166987023268277,0.05,0.333974046536554,0.043401521120205,0.541541553861303
0.314,17.683722409066,20.0105038524374,-146.345132590221,-6.06461815272143,-4950.38178572729,284.215536310672,25981.5480561129,69503.4748267402,6999724.70720633,-6999931.00707768,38366234.9524696,81966536.239481,-76419262105.9238,-163742794607.131,0.010503852437374,0.05,0.210077048747479,-0.0157888157256812,0.585018072005503
0.315,17.5349067077097,20.0045926347571,-151.281356019369,-5.74681548341618,-4920.89716508101,350.225884106805,32987.7193371112,62517.2366220144,6999881.31110584,-6999835.86814177,-38053027.1534543,-81776258.3676503,75769690166.1029,163381768265.804,0.0045926347571239,0.05,0.0918526951424781,-0.0767193492051991,0.626191360592636
0.316,17.3811706925109,19.9990310596408,-156.184593632025,-5.36649966613909,-4884.41269018911,409.236380992031,39981.2024163346,55503.7429193998,6999713.12903543,-6999921.24237652,37716663.0126486,81605509.8981535,-75106308636.114,-162970351157.125,0.000968940359179271,0.05,0.0193788071835854,-0.13913392595854,0.664930930849035
0.317,17.2225508479322,19.9938781375793,-161.04784815651,-4.93067602508443,-4840.92847452728,461.246973777261,46987.2561587704,48517.4627067795,6999876.63773002,-6999800.90805693,-37389645.6234654,-81364841.2589721,74416139158.867,162516535687.464,0.00612186242068802,0.05,0.12243724841376,-0.202768427069799,0.7011134551991
0.318,17.0590906582011,19.9891858791742,-165.864117294619,-4.44633898933571,-4790.44441098479,506.257746745456,53980.8406635485,41504.0654673743,6999695.06168599,-6999907.48147217,37026493.5354016,81151694.4284923,-73701796166.1964,-161974328209.208,0.0108141208257919,0.05,0.216282416515838,-0.267351829134416,0.734623235388531
0.319,16.8908406073679,19.984999295191,-170.626403740839,-3.92049382956895,-4732.96062261631,544.268634824157,60986.7653393078,34517.7381117482,6999870.65713829,-6999742.95114828,-36675302.6307948,-80822633.7807158,72946285964.2088,161355198160.901,0.0150007048090259,0.05,0.300014096180519,-0.332607289830897,0.765352639387413
0.32,16.7178581792336,19.9813563965298,-175.327705255928,-3.3601349724972,-4668.47699507029,575.279754154624,67980.4560594581,27504.4763767364,6999668.4974896,-6999887.98584854,36270983.333414,80532564.380185,-72152766291.6467,-160569891315.025,0.0186436034702027,0.05,0.372872069404053,-0.398253253752852,0.793202505374831
0.321,16.540207857411,19.9782881942999,-179.961024501535,-2.77226761071076,-4596.99366596346,599.291018220361,74986.2345875658,20518.0930245254,6999863.09767719,-6999640.36712587,-35881782.9582327,-80037326.9348398,71296986202.6586,159635532596.855,0.0217118057001358,0.05,0.434236114002715,-0.464004573991615,0.818082511359803
0.322,16.3579611252433,19.9758186997835,-184.519359307287,-2.16388615729851,-4518.51050941646,616.30260298736,81980.0396247976,13505.0399160316,6999629.80782029,-6999859.92776228,35415203.2444259,79598205.6620153,-70382891535.0916,-158340227078.36,0.0241813002165117,0.05,0.483626004330233,-0.529573645114184,0.839911508992334
0.323,16.1711964658698,19.9739649245502,-188.995712302814,-1.54199568058441,-4433.02768497436,626.314381797659,88985.6465523176,6518.58905325393,6999853.56529717,-6999431.83563944,-34967688.2906657,-78742021.4163451,69372623651.8122,156710272781.142,0.0260350754497551,0.05,0.520701508995103,-0.594671542931324,0.85861782043269
0.324,15.9799993621311,19.9727368804105,-193.383081401133,-0.913590551231353,-4340.54504906145,629.326660857556,95979.5783774114,-494.095414296834,6999572.18883241,-6999818.72066522,34404935.3611465,77968251.3647972,-68271289008.53,-154001498114.118,0.0272631195894562,0.05,0.545262391789123,-0.659009166664649,0.874139497087651
0.325,15.7844622966426,19.9721375796172,-197.67446920103,-0.285675609203067,-4241.06279507077,625.339234062399,102984.974485756,-7480.59692563201,6999841.47968929,-6998851.21835748,-33866353.6473835,-76033246.7493208,67013174946.9459,150251532468.114,0.0278624203827604,0.05,0.557248407655209,-0.722298378877753,0.886424539442103
0.326,15.5846847516774,19.9721630348152,-201.862873721266,0.334754935237613,-4134.58075202183,614.352799800316,109979.051651113,-14492.4228452861,6999481.71351537,-6999758.69887274,33146821.2995624,74218285.7187932,-65605141776.1641,-72956719010.8716,0.0278369651848145,0.05,0.55673930369629,-0.784253138822411,0.895431077028585
0.327,15.3807732092522,19.9728022596071,-205.941297532769,0.940697381621387,-4021.09916859131,596.369827456588,116984.172584982,-21467.231854468,6999825.96392685,-6962018.77265938,-32458320.4766017,1261566.70792152,63915657461.008,-77871379488.4554,0.0271977403929426,0.05,0.543954807858853,-0.844590624597485,0.901127508259281
0.328,15.1728411509749,19.9740372738487,-209.902738797206,1.52517266032575,-3900.61782959205,571.418551836097,123978.421998248,-28441.5984070215,6999325.47218076,-6999692.89569569,31457336.9844063,-76609812.7805339,-61954287526.3997,154259256502.597,0.0259627261513238,0.05,0.519254523026476,-0.903032339895858,0.903492601300922
0.329,14.9610090581479,19.9758431234405,-213.740200067117,2.08120189089399,-3773.13708339686,539.470766148118,130983.150424333,-35453.8863330237,6999805.66540196,-6999173.08022492,-30496950.5419934,77649443.7220632,59394110623.2768,199049551563.528,0.0241568765595197,0.05,0.483137531190394,-0.959305200824456,0.902515559530803
0.33,14.7454044115511,19.9781878610247,-217.44667971678,2.60178407916864,-3638.65663821031,500.538528580251,137977.606632901,-42381.059766127,6999005.77017161,-6821998.8607211,28897160.0812834,276698995.285591,-56248495286.3647,199444773038.395,0.0218121389752852,0.05,0.436242779505704,-1.01314259878727,0.898196030289217
0.331,14.5261616915709,19.9810325691911,-221.015180315401,3.08000826922029,-3497.17705618628,454.800896081854,144981.686233899,-49031.4683336989,6999778.68260971,-6445577.47891631,-27351335.2050813,476143768.323986,43558323584.104,199486333618.585,0.0189674308089067,0.05,0.379348616178135,-1.06428543504286,0.890544089210894
0.332,14.3034223778318,19.9843315416762,-224.438700675343,3.50924066993194,-3348.69822423679,402.634308233985,151975.048969503,-55205.7262061834,6994206.50919668,-5869690.54378303,16206988.3790227,675630101.942572,-21168940542.6497,199417580098.694,0.0156684583238338,0.05,0.313369166476676,-1.11248312325862,0.879580245771783
0.333,14.0773349487501,19.9880326598826,-227.710245175127,3.88332364637295,-3193.22425288715,344.614650838738,158973.830816133,-60704.3654356454,6999829.02730437,-5094351.65179111,-4961952.16362702,875047682.041265,-198994120110.051,199225897447.658,0.0119673401173728,0.05,0.239346802347455,-1.15749455602847,0.865335484683802
0.334,13.8480548784288,19.9920779687643,-230.822817739467,4.19677517642113,-3030.75962597107,281.517251936598,165938.01318067,-65327.9889301745,6895370.01508572,-4119691.02102601,-203956072.273678,1074273579.48892,-199676441286.924,198759934912.358,0.00792203123570445,0.05,0.158440624714089,-1.19908903264892,0.847851344478394
0.335,13.615744622542,19.9964044521431,-233.769469292652,4.44498823645441,-2861.41624031329,214.316744756446,172698.125752738,-68877.4165056374,6591575.72216858,-2946037.47408091,-403632513.560602,1273033514.40128,-199731411479.089,197182352708.134,0.00359554785692495,0.05,0.071910957138499,-1.23704714789246,0.82718003290187
0.336,13.3805734991581,20.0009450073134,-236.543456356585,4.62442995296173,-2685.4979209272,144.186697697532,179054.596649546,-71154.0734970663,6088077.50286843,-1574412.78332556,-603363925.039691,1470215867.10942,-199688132079.322,-103540608972.675,0.000945007313401192,0.05,0.0189001462680238,-1.27116167544791,0.803384578518354
0.337,13.1427173846384,20.0056296181104,-239.138439103835,4.73283760793623,-2503.50816651923,72.4861395946137,184807.710834548,-72010.6351149992,5384869.51178908,-155967.22070248,-803052057.119012,1366675258.13674,-199465696690.68,-195990550842.438,0.00562961811042229,0.05,0.112592362208446,-1.30123847403138,0.776539017506939
0.338,12.9023582101369,20.0103867016338,-241.548681059401,4.76934774698439,-2316.150174009,0.617133806000859,189757.810034996,-71515.9297984404,4482084.60632473,1112712.76201304,-1002517753.80969,1170684707.2943,-182242168352.997,-197273387444.724,0.0103867016337524,0.05,0.207734032675049,-1.32709741824161,0.746728605044147
0.339,12.6596832584382,20.0151444944708,-243.76924860455,4.73443950260275,-2124.32600138683,-70.1555452180275,193708.26206969,-69850.7535806877,3388445.76833854,2184760.77558498,-1184759922.16269,973411319.849577,199474089057.539,-197351648466.987,0.0151444944707535,0.05,0.30288988941507,-1.34857335053264,0.714049997488161
0.34,12.4148842631326,20.0198323132778,-245.796203436653,4.62976162159823,-1929.11266499962,-138.759906176301,196537.573558457,-67212.1790865891,2303422.89070462,3059496.27120106,-985285833.10515,776059671.382589,199725519918.57,-196780192080.847,0.0198323132778455,0.05,0.39664626555691,-1.36551704970974,0.678611339635441
0.341,12.1681563476683,20.0243816265894,-247.626702800255,4.45793623790854,-1731.57927240466,-204.321193023395,198381.641119262,-63797.4496783769,1417999.81755875,3737165.84654323,-785560313.18658,579279479.301742,199792603056.455,-195026477671.971,0.0243816265893706,0.05,0.487632531787412,-1.37779619728471,0.640532232067808
0.342,11.9196969716532,20.0287269295942,-249.258885985539,4.2223616924447,-1532.61123340369,-266.161639301853,199440.159547404,-59803.1485051281,732335.805900398,4218932.08700898,-585767710.130125,384253001.629771,199803173766.313,-188278221202.35,0.0287269295941961,0.05,0.574538591883922,-1.38529627190686,0.599943575765452
0.343,11.6697050459877,20.032806422005,-250.691677825162,3.92701607579468,-1332.89420877279,-323.799124522422,199912.9120272,-55423.469620838,246469.68265343,4509045.97803758,-385964536.363812,195974780.427421,199753869690.512,108930275793.687,0.0328064220050166,0.05,0.656128440100332,-1.38792130484769,0.556987294955829
0.344,11.4183802472074,20.036562490935,-251.924588916881,3.57626579749299,-1132.91406624908,-376.930869929345,199999.691753287,-50798.281206621,-39617.918865126,4759485.89636184,-186210666.673299,304905056.221108,199487205306.246,181312920364.861,0.0365624909349513,0.05,0.731249818699027,-1.38559448194215,0.511815940351404
0.345,11.1659225316139,20.0399420260219,-252.957515836625,3.17474324992808,-932.956906599452,-425.2910359734,199900.216368636,-45856.1239620878,-126084.982885302,5155047.41276538,13276538.6329468,486217976.585969,198107692292.293,175996574825.128,0.0399420260218832,0.05,0.798840520437665,-1.37825858977157,0.464592185383544
0.346,10.912531849159,20.0428967001564,-253.790541445117,2.72740505226291,-733.10926547864,-468.481266709056,199813.787603783,-40428.6347985586,-13754.5981062091,5729263.67676391,211384230.925239,662214551.411097,-168069526700.573,-151612686382.966,0.042896700156394,0.05,0.85793400312788,-1.36587630473346,0.415488270259145
0.347,10.6584080563341,20.0453833704967,-254.42373870213,2.23969067426796,-533.274127365702,-505.941217772597,199877.713533356,-34393.532627153,113594.869468744,6315671.88498353,43314704.2246667,510601865.028131,-187741746568.659,-189032123683.297,0.0453833704967082,0.05,0.907667409934163,-1.3484303245493,0.364685457124048
0.348,10.4037509983538,20.0473646254521,-254.857054799986,1.71762500197262,-333.340219853015,-537.099690484907,199981.675463842,-27854.0651636026,63038.7004090811,6731757.68817001,-144427042.343993,321569741.344834,151424725722.965,-191841513920.178,0.0473646254521221,0.05,0.947292509042441,-1.32592335380495,0.312373508562259
0.349,10.1487606053565,20.0488093411679,-255.090398431578,1.16773203858055,-133.344786849121,-561.542275243947,199997.738097366,-20993.4961904135,-5675.97907342913,6957406.67255475,6997683.37897234,129728227.424656,18923523981.8874,-178413486002.855,0.0488093411678676,0.05,0.976186823357352,-1.29837800516121,0.258750137627837
0.35,9.89363686733597,20.049693093878,-255.123744846108,0.596856501583915,66.6520680194381,-579.042880622096,199998.714880646,-14000.9609851469,10783.4662964869,6997928.15697798,25921207.3608597,-48685258.5781992,-186158260870.243,95859262876.2906,0.049693093878016,0.05,0.99386187756032,-1.26583667014123,0.204020371102419
0.351,9.63857978204979,20.0499983867536,-254.957092094673,0.0119782321034913,266.652738240256,-589.548997602564,199991.432573811,-7011.39891364535,-56374.4567777749,6997172.52983792,-160237053.509383,47174004.2980914,178500645020.683,-91985822924.1613,0.0499983867535612,0.05,0.999967735071223,-1.22836132292111,0.148395812404651
0.352,9.38378934479334,20.0497147137346,-254.590458224927,-0.579909070499268,466.59671493697,-593.057780659863,199884.689697782,-5.97035214573731,-127361.187776817,6998353.62267393,18263591.5112999,-44811818.6260699,194439469829.776,90382228131.8215,0.0497147137345912,0.05,0.994294274691825,-1.18603323092981,0.0920938161792577
0.353,9.12946549415637,20.0488385661289,-254.023938010694,-1.17180455803863,666.428869617358,-589.568276910937,199798.866884066,6985.0410659038,-11877.8613506287,6998732.91811377,212703061.341076,45570409.5057516,-143940447683.365,-90860502981.3901,0.0488385661288682,0.05,0.976771322577363,-1.13895260748327,0.0353366197393039
0.354,8.87580807146932,20.0473734334733,-253.257604024154,-1.75671271733406,866.251250562319,-579.080060172016,199869.350478772,13991.4157716069,128854.976148765,6998873.07612883,68762613.6577114,-45290093.4756385,-198888934427.432,91261881328.3322,0.0473734334733251,0.05,0.947468669466502,-1.08723818520341,-0.0216495448194633
0.355,8.62301691029461,20.0453298039976,-252.291395414822,-2.3276317173458,1066.18820192584,-561.592953632869,199999.438606012,20982.8541145526,98173.1225927607,6999213.92331736,-130126320.76972,45971787.8526938,-199606346676.699,-92038950445.2686,0.045329803997582,0.05,0.90659607995164,-1.03102666625505,-0.0786353521757955
0.356,8.37129194494945,20.042725164835,-251.125198216722,-2.8775655597676,1266.20672244191,-537.106665548284,199999.280843774,27989.7141067221,-131756.371515309,6999166.23594741,-329732667.446419,-46067162.5925748,-199742891171.947,92660542532.7106,0.0427251648349554,0.05,0.854503296699107,-0.970472095649458,-0.13538929537129
0.357,8.12083317479238,20.0395840022715,-249.759029216639,-3.39951198785045,1466.07684703489,-505.621185328081,199669.367656673,34981.2901851287,-561360.484547702,6999429.34462119,-529475558.618366,46593379.9401359,-199755547908.834,-92274824017.097,0.0395840022714893,0.05,0.791680045429786,-0.905745224622092,-0.191678603692202
0.358,7.87184043414745,20.035937801809,-248.193234971968,-3.88647478409457,1665.36896537502,-467.136259691653,198809.976801498,41988.6370823838,-1190713.81712048,6999885.31255278,-729231106.5272,-45681444.0769612,-199694409845.213,-199723676357.453,0.0359378018090126,0.05,0.718756036180253,-0.837032886369857,-0.247270163304242
0.359,7.62451296268695,20.0318250480051,-246.428691519244,-4.33145364545041,1863.45372614979,-421.663615346854,197221.365029473,48932.3943935052,-2019792.12857029,6854342.03029709,-928925516.372413,-245405120.434414,-199441568088.419,-199897946576.149,0.0318250480050679,0.05,0.636500960101358,-0.764537388617904,-0.301931437014536
0.36,7.37904877608223,20.0272912012259,-244.467004109844,-4.7275205642917,2059.50206413025,-369.353279872713,194703.869881369,55630.7175391557,-3048438.42898691,6508987.9365746,-1128367084.46083,-445303067.010563,58909267482.2849,-199928921868.294,0.0272912012259106,0.05,0.545824024518211,-0.68847592544306,-0.355431388560203
0.361,7.13564383730992,20.0223885430272,-242.310704708229,-5.06799387444088,2252.49610816919,-310.55061591485,191101.066121398,61883.732455247,-4147350.8797066,5963720.40862989,-1069457816.97855,-645231988.878856,199431110553.36,-199938836650.626,0.0223885430272297,0.05,0.447770860544594,-0.609080010471028,-0.407541450449993
0.362,6.89449104939202,20.017175830634,-239.963392190962,-5.34663722154985,2441.35356551084,-245.800892704961,186452.224851628,67491.5137299957,-5117093.14140847,5218519.00142572,-870026706.425187,-845170825.529483,199680116854.833,-199939834689.082,0.0171758306339633,0.05,0.343516612679267,-0.526594925432649,-0.458036554892517
0.363,6.65577918916951,20.0117177516692,-237.429699948995,-5.55785948583926,2625.11055934557,-175.849312104953,180933.398376483,72254.1240128751,-5887279.78940624,4273378.2585517,-670346589.570354,-1045110660.21856,199734868724.385,-199933039314.981,0.0117177516691882,0.05,0.234355033383764,-0.441279139063301,-0.506696227075987
0.364,6.41969194945445,20.0060841789518,-234.71513017041,-5.69691471861419,2802.99691568195,-101.641014616143,174744.234437079,75971.6247680984,-6457758.9446144,3128301.07867564,-470611720.845968,-1245043699.53355,199702556275.161,-199912475162.943,0.00608417895179514,0.05,0.121683579035903,-0.3534036327546,-0.553305736404711
0.365,6.18640716906327,20.0003492253562,-231.8258553753,-5.76010208009127,2974.44215629976,-24.3210762784278,168084.45339142,78444.0852511468,-6828519.38732279,1783301.14156062,-270909164.570807,-1444956174.69649,199365614858.703,-199841982892.127,0.000349225356192306,0.05,0.00698450712384613,-0.263251104521843,-0.597657301011802
0.366,5.95609626233936,19.9945900987375,-228.768518705371,-5.74496576874434,3139.07550537071,54.765506765096,161153.707024289,79471.6013082104,-6999745.74446424,238423.97541807,-71543549.7121044,-1644798157.58862,143188364534.438,137305816504.988,0.00540990126247465,0.05,0.108198025249493,-0.171115050157029,-0.639551340665365
0.367,5.72892384828445,19.9888857574074,-225.550034758524,-5.65049211303733,3296.72338177967,134.087908110438,154142.054232391,78910.5105075851,-6999695.11190913,-1337721.27391805,71644814.8223338,-1507492341.08363,-141716238765.639,199859635800.521,0.0111142425925728,0.05,0.222284851851455,-0.0772987254503727,-0.678797772816785
0.368,5.50504757430544,19.983315392977,-222.177405161248,-5.47723304990266,3447.37162441529,212.086636742376,147154.562154765,76852.3530024253,-6998908.41646961,-2745283.79710142,-70071423.9433048,-1307632705.28311,138507379950.3,199930510632.624,0.0166846070230449,0.05,0.333692140460897,0.0178860041611923,-0.715217335997716
0.369,5.28461808870401,19.9779568869648,-218.657624505906,-5.22723060256706,3591.02082493199,287.356739499979,140143.702589649,73486.5746044544,-6999726.15043776,-3952951.24706821,68435956.0069952,-1107702194.65048,-136600349476.899,199952488734.99,0.0220431130351599,0.05,0.440862260703199,0.114119903613699,-0.748642877566457
0.37,5.06777904061966,19.972885408835,-214.997696737542,-4.90383388896007,3727.67037875786,358.690552802155,133155.427692302,69013.0976748501,-6999590.36916922,-4960677.1973512,-68164393.4699037,-907749705.915492,136009382164.864,199961773989.33,0.0271145911649846,0.05,0.542291823299692,0.21107764498357,-0.778920534740567
0.371,4.85466707961404,19.9681722084237,-211.204616950105,-4.51149972340967,3857.32031759093,425.08035200126,126144.423356759,63631.8725868727,-6999750.07155669,-5768446.01627203,67844988.6949602,-707787931.926161,-135564316892.046,199965049966.236,0.0318277915763368,0.05,0.636555831526735,0.308429104928069,-0.805910783660439
0.372,4.64541185561413,19.9638836082159,-207.285389348675,-4.05559266757277,3979.97052489682,485.718368801758,119156.001726734,57542.8601129653,-6999687.24130775,-6376251.42321507,-67719328.1970857,-507822881.959925,135276129878.639,199963091974.202,0.0361163917840734,0.05,0.722327835681469,0.405840677908312,-0.829489350528946
0.373,4.44013601883145,19.9600801955782,-203.247009131793,-3.54218507021271,4095.62103295361,539.996797851621,112145.000842974,50946.024430766,-6999768.50456552,-6784092.75918789,67556801.6815532,-307859789.985722,-135060854899.946,199950231353.079,0.0399198044218352,0.05,0.798396088436704,0.50297659983555,-0.849547981540334
0.374,4.23895521976797,19.9568162149526,-199.096480537142,-2.97785710351156,4204.27178147563,587.507797197435,105156.500596766,44041.3268151441,-6999742.13033393,-6991977.43349707,-67504053.2183925,-107909558.632643,134927048460.68,199831594786.646,0.0431837850473684,0.05,0.863675700947368,0.599500276933581,-0.86599506891533
0.375,4.04197810917394,19.9541391600148,-194.840798817334,-2.36949680344712,4305.92278229204,628.043476685842,98145.494281233,37028.6998681285,-6999782.65932199,-6999971.19473639,67422995.2422877,91922036.1540034,-134838165686.183,-149868950754.18,0.0458608399852416,0.05,0.917216799704832,0.695075614520495,-0.87875613093604
0.376,3.84930633804711,19.952089565292,-190.486968232704,-1.72410305751609,4400.57400415259,661.581266756346,91156.9500919178,30049.71153301,-6999778.74692279,-6982983.63395948,-67415170.4438954,-57946914.6001767,134801049571.347,81933688325.7293,0.0479104347079655,0.05,0.95820869415931,0.789368340500533,-0.887774144652719
0.377,3.66103455760948,19.9507009698264,-186.04198406892,-1.04866249727294,4488.2254457197,688.133242556957,84145.9306013683,23051.4100564714,-6999793.39258101,-6999963.70439679,67385879.1274518,23986773.7255526,-134794348445.334,-47683794541.7236,0.0492990301735929,0.05,0.985980603471859,0.882047318344676,-0.893009741134599
0.378,3.47725041930146,19.9499999243206,-181.512850605673,-0.350169608221194,4568.87709417345,707.686681732078,77157.3644236101,16055.4924398471,-6999804.68767623,-6999818.8279421,-67408469.317882,-23697020.8161711,134823749809.941,47091559040.0321,0.050000075679403,0.05,1.00000151358806,0.972785844419626,-0.894441313518013
0.379,3.2980345747706,19.9500059821775,-176.906563148557,0.364377588313276,4642.52893916457,720.240277402778,70146.3261262433,9051.67369467029,-6999801.28208914,-6999970.06923825,67415280.4920589,23394538.2238611,-134875523417.386,-46681111494.8059,0.049994017822538,0.05,0.99988035645076,1.06126292458918,-0.892065061117925
0.38,3.12346067586206,19.9507316969815,-172.230125994869,1.08797762664835,4709.18098071638,725.793920106221,63157.7532304973,2055.62070929483,-6999823.76330577,-6999916.08676179,-67460242.9253269,-23286573.2709449,134954613608.323,46455125502.9167,0.0492683030185432,0.05,0.985366060370865,1.14716452510376,-0.885894960705949
0.381,2.9535953746157,19.9521826223789,-167.490534461053,1.81363212128025,4768.8332018003,724.347637306819,56146.6917813302,-4948.19614318528,-6999806.69942694,-6999975.09728128,67494370.6829956,23168552.2319718,-135051611971.993,-46281886572.4382,0.0478173776210902,0.05,0.956347552421803,1.23018479292132,-0.875962666842706
0.382,2.78849832325378,19.9543573120826,-162.694792860977,2.53433957767322,4821.4856121432,715.901386628425,49158.1236652495,-11944.3006121127,-6999838.13472994,-6999947.48833552,-67557241.2889977,-23113334.3404664,135171044917.471,46163775402.6263,0.0456426879173542,0.05,0.912853758347083,1.31002724071279,-0.86231734273403
0.383,2.62822217418432,19.9572473198439,-157.84989651515,3.24310157772339,4867.13818932774,700.455183540396,42147.0354173613,-18948.1108050513,-6999809.8535602,-6999978.93497468,67613803.6284737,23050441.06216,-135306124535.507,-46067738877.346,0.0427526801561058,0.05,0.855053603122116,1.38640589198704,-0.845025422511569
0.384,2.47281257998652,19.9608371994572,-152.962849753398,3.93291661924265,4905.79095103041,678.009005518914,35158.4814448594,-25944.2424759745,-6999849.11219948,-6999962.36335119,-67692320.9070332,-23017297.8151861,135461243974.178,45995675430.1332,0.0391628005427656,0.05,0.783256010855311,1.45904638190138,-0.82417030602339
0.385,2.3223081934192,19.9651045047458,-148.040647894834,4.59678626737291,4937.44387008418,648.562862131438,28147.3630462021,-32948.0475423282,-6999810.81111942,-6999981.82345131,67768923.067145,22978377.6149471,-135631277883.562,-45934534119.1125,0.0348954952542009,0.05,0.697909905084018,1.5276870095532,-0.79985198752542
0.386,2.17674066740417,19.9700197895648,-143.090295284917,5.22770901674056,4962.09697124209,612.116739468065,21158.8314836357,-39944.1959326586,-6999857.52699405,-6999970.71289592,-67862354.8164167,-22956156.5041653,135820772114.567,45885777902.1961,0.0299802104352409,0.05,0.599604208704818,1.59207973770074,-0.772186619890594
0.387,2.03613465503917,19.9755466077922,-138.118787236613,5.81868642233177,4979.7502227686,568.670644060287,14147.6795745858,-46947.9970941562,-6999809.49575319,-6999983.98044898,67958417.2981503,22929621.3980307,-136025687102.298,-45842966260.0607,0.0244533922077714,0.05,0.489067844155429,1.65199113613321,-0.741306016225031
0.388,1.90050780957921,19.9816415133318,-133.13312811092,6.36271697722441,4990.40365626123,518.224566455878,7159.17833963134,-53944.1567582829,-6999863.92200618,-6999975.84218098,-68067269.8041478,-22913344.86203,136251056155.449,45807229855.5964,0.0183584866681841,0.0503588905615167,0.364553040455845,1.70720326508192,-0.707357091005642
0.389,1.76987078445382,19.9882540601065,-128.140313210186,6.852802229665,4994.05723522223,460.778511520272,147.989292082323,-60947.9547345856,-6999805.66373261,-6999985.57211521,68183786.3513009,22893884.9935664,-136493556523.723,-45774894496.7488,0.0117459398935118,0.051833635618921,0.226608451312725,1.75751449537483,-0.670501243099389
0.39,1.64422723324618,19.9953268020606,-123.147346911051,7.28194067201038,4990.71099841531,396.332472359857,-6840.47340456192,-67944.1225132868,-6999868.65564317,-6999979.13437002,-68309770.1724226,-22881009.5031824,136759161268.927,45746858105.2964,0.00467319793940391,0.0541836388681834,0.0862473993445281,1.80274026222407,-0.630913683237732
0.391,1.52357380971494,20.0027952931554,-118.161224500694,7.64313384777295,4980.36490401962,324.886452896889,-13851.7037517465,-74947.9176760576,-6999798.84518113,-6999986.71482055,68449391.0965042,22865848.602114,-137045013212.026,-45720764004.5662,0.0027952931554367,0.0571600701930228,0.0489028992791178,1.84271374988108,-0.588782708739851
0.392,1.40790016777075,20.010588087371,-113.188950371675,7.92938024911666,4963.01899886825,246.440447806354,-20840.1187369147,-81944.0915939112,-6999871.96069063,-6999981.24822072,-68595622.1155223,-22854915.4024522,137358714971.624,45697361641.9199,0.0105880873709836,0.0605520870683637,0.174859164788649,1.87728650459228,-0.544308928473241
0.393,1.2971889615032,20.0186267387025,-108.237519790997,8.1336814161079,4938.67323482709,160.994460492501,-27851.3953895012,-88947.8840728928,-6999788.22532034,-6999987.48280221,68763092.8561022,22842446.2394677,-137697691054.151,-45674949223.1825,0.0186267387025261,0.0641835153078412,0.290210634509302,1.90632897366426,-0.4977044412335
0.394,1.19141584515432,20.0268258011623,-103.313937167587,8.2490358411275,4907.32766843661,68.5484866296959,-34839.7516835691,-95944.0628241125,-6999873.97799132,-6999982.51117433,-68934598.1980487,-22832502.9837148,138072340473.705,45654201502.4036,0.0268258011623068,0.0679095743254681,0.39502237245281,1.92973096865095,-0.449191970897166
0.395,1.09054947315157,20.0350928287768,-98.4251977423278,8.26844506169067,4868.98224367854,-30.8974706087717,-41851.0809039139,-102947.852553195,-6999772.40595251,-6999987.91340685,69137742.2756563,22821698.5186888,-138480222344.551,-45633699946.408,0.0350928287768149,0.0716136751803422,0.490029714135489,1.9474020510793,-0.399003961866207
0.396,0.99455150007756,20.0433283755884,-93.5783059410981,8.18490757077633,4823.63702951943,-137.343414906415,-48839.364475786,-109944.035234,-6999874.77484913,-6999983.06486136,-69342480.0688943,-22812001.4277192,138936713167.561,45614119846.4576,0.0433283755884126,0.075204316725279,0.576142134854984,1.95927183933198,-0.347381638468275
0.397,0.903376580710808,20.0514259956532,-88.7802569710764,7.99142490402638,4771.29195960592,-250.789343084757,-55850.7543718083,-116947.821946268,-6999748.89833424,-6999988.00636585,69594233.0986671,22802118.4187384,-139439375890.518,-45594039298.8414,0.0514259956531546,0.0786121021674637,0.654174029637373,1.96529023573553,-0.294574032111414
0.398,0.816972369990554,20.0592722430425,-84.0380552757079,7.68099555543871,4711.9471198498,-371.235258432775,-62838.946049575,-123944.007899974,-6999874.35318083,-6999982.90759653,-69845142.7918509,-22791920.880103,140013128964.244,45574231908.613,0.059272243042507,0.0817868953338131,0.724715650356789,1.96542757309388,-0.240836980108095
0.399,0.735279523068085,20.0667466718415,-79.3586960180466,7.24662105935991,4645.60242964688,-498.681157513698,-69850.4074526577,-130947.791062692,-6999712.93149056,-6999987.71252233,70167986.1723927,22782311.02851,-140655409426.08,-45552915793.3923,0.0667466718414857,0.0846951329028012,0.788081552668278,1.95967468036345,-0.186432100186456
0.4,0.658231695264959,20.0737218361507,-74.7491836594103,6.68129991135144,4572.25799975078,-633.127043418971,-76838.4789592997,-137943.979772333,-6999872.65003121,-6999981.85939051,-70487423.2536871,-22770604.7648823,141411743500.079,45512860061.2223,0.0737218361506784,0.0873173058894254,0.844298107915015,1.94804286733544,-0.131625744791312
0.401,0.585755542139914,20.0800632900846,-70.2165133031256,5.9780336449017,4491.91372871856,-774.572912852624,-83850.0266970411,-144947.761457429,-6999654.20153485,-6999996.03412478,70924320.246392,22742255.29634,-142279303039.435,199988363836.61,0.0800632900845741,0.0896456207255753,0.893108770250643,1.93056382867631,-0.0766879393479153
0.402,0.517770719437866,20.0856295881136,-65.76768942727,5.12982279947835,4404.5697673365,-923.00854910274,-90837.931955626,-151903.054969933,-6999869.53280818,-6877259.59691014,-71354982.7930427,222730619.13295,143357570627.88,199995721443.375,0.0856295881135907,0.091681847444085,0.933986285189274,1.90728946780993,-0.0218913085790343
0.403,0.45418988318219,20.0902723050441,-61.4097070493113,4.1297274600313,4310.22598134945,-1078.30477894621,-97849.5860513927,-158635.616637036,-6999545.73028728,-6554531.1170555,72002587.8348372,422726340.576325,-144643311174.102,199996909637.749,0.090272305044067,0.0934353597130673,0.966147134460511,1.87829164164765,0.0324900124748839
0.404,0.394918689610601,20.0938361715402,-57.1495706571957,2.97103173115216,4208.88259605959,-1240.13887354711,-104837.237706292,-164945.45176553,-6999864.79803949,-6031806.3216603,-72640723.3392647,622723250.214074,146437164214.743,199997226740.812,0.0938361715402181,0.094921368865777,0.988567407544518,1.84366182724512,0.0861815162055263
0.405,0.339855795315496,20.0961593970678,-52.9942751305094,1.64744244411432,4100.53942071556,-1407.98810804732,-111849.016671965,-170632.56359096,-6999286.93927138,-5309084.45807582,73796440.8754781,822720476.954886,-148735543061.02,199997149357.947,0.0961593970678436,0.0961593515774339,1.00000047307317,1.80351071204578,0.138909532675348
0.406,0.288892857164004,20.0970741926193,-48.9508249305641,0.153289153524627,3985.19686266648,-1581.12976057327,-118836.194647975,-175496.954952332,-6999858.26992642,-4386365.40644196,-74939102.1855415,1022717626.31283,153885864571.776,199996681377.932,0.0970741926192673,0.0971716685520002,0.998996868797403,1.75796770934281,0.190402512262179
0.407,0.241914532560808,20.0964074934352,-45.026214648347,-1.51627586555244,3862.8546609442,-1758.64111209605,-125847.874824899,-179338.628765388,-6997854.43982607,-3263649.43944016,78946762.3862341,1222714307.69076,-162029611997.429,199995460222.343,0.0964074934352119,0.0979823694270613,0.983926945214142,1.70718040128667,0.240392375557393
0.408,0.198798479452709,20.0939818817238,-41.2274482946869,-3.3650776205461,3733.51426545929,-1939.39944671903,-132833.260818865,-181957.588474279,-6999922.48343855,-1940937.40163822,-83082849.6111946,1422709767.91311,199679517369.469,199991423412.791,0.0939818817238134,0.0986161771961575,0.953006741854067,1.65131391157097,0.288615925028142
0.409,0.159415357335487,20.0896167093764,-37.5615191111737,-5.39571840490036,3597.17551623699,-2122.0820526235,-139841.444807548,-183153.839088058,-6983165.57436501,-418231.922018717,116596667.758274,1622701191.3259,199895850912.978,-92497430972.8011,0.0896167093764468,0.0990976436855963,0.904327348698327,1.59055021095045,0.334816312724311
0.41,0.123628829359004,20.0831294202731,-34.0354216542763,-7.60938024065051,3453.87025041401,-2305.17841153364,-146732.996072881,-182776.13665291,-6766620.98115024,1158220.55382078,316492518.671253,1530203760.3531,199925120398.534,-199991615927.888,0.0831294202730994,0.0994504661436633,0.835887688580696,1.52508735852751,0.378744557943709
0.411,0.0912956083031597,20.0743370488704,-30.6560308188313,-10.0056915918584,3303.81502281701,-2487.12873693358,-153308.049941296,-180886.1461549,-6350165.90227972,2588428.50620993,516417639.069786,1330212144.42521,199932141897.905,-199995660708.299,0.0743370488703654,0.099696953429906,0.745630095132542,1.45513869883439,0.42016109955565
0.412,0.062265673644998,20.0630577638775,-27.4299049984659,-12.5827782382429,3147.426290037,-2666.50729996383,-159366.685000391,-177665.944186596,-5733782.19226098,3818642.82028099,716349780.967691,1130216483.71691,199929279612.555,-199996897724.447,0.06305776387752,0.0998576295319021,0.631476675073431,1.38093206812394,0.458837325055881
0.413,0.0363826880170536,20.0491122892494,-24.3630861673095,-15.3374366441173,2985.32043595729,-2842.0838865304,-164708.970755566,-173315.525940744,-4917467.77148701,4848860.85513568,916279060.580247,930219585.992463,199916428016.811,-199997392362.249,0.0491122892494147,0.0999509632475204,0.491363841364811,1.30270902412428,0.494557004262505
0.414,0.0134846135914268,20.032325134251,-21.4608999504275,-18.2653330576378,2818.31377434391,-3012.8282786706,-169134.979592094,-168034.888191339,-3901230.49689836,5679081.74494702,1116195488.59706,730222193.630213,199883951093.356,-199997514334.513,0.0323251342509714,0.0999932118445117,0.323273286803074,1.22072410244498,0.527117595349456
0.415,-0.00659547160711914,20.0125256236751,-18.7277556971175,-21.3612035075011,2647.42254058276,-3177.91025552029,-172444.798352845,-162024.028268633,-2685093.03275462,6309305.18140997,1316079439.69041,530224679.2957,199777702596.842,-199997277004.957,0.0141559702659647,0.1,0.141559702659647,1.13524410250003,0.556331414876444
0.416,-0.0240283574677494,19.9895487280636,-16.1669465697591,-24.6190538002411,2473.86286635777,-3336.69959363821,-174438.555381988,-155482.943627076,-1269124.74176579,6739531.22220319,1515857142.28726,330227402.290743,120275535555.031,-199996253508.405,0.0240283574677494,0.0999959181790951,0.240293383023036,1.04654740568474,0.582026667485753
0.417,-0.0389874857778987,19.9632356939305,-13.7804503388723,-28.0323595176495,2299.04740294259,-3488.76606693103,-174929.705630018,-148611.631412645,306870.168298984,6969760.49773973,1636132677.84229,130231148.782338,-199775331212.31,-199988924225.195,0.0389874857778987,0.0999499356069483,0.390070144029071,0.954923328358561,0.604048331559381
0.418,-0.0516475412230078,19.9334344739884,-11.5687501363162,-31.5942660138137,2124.53549720423,-3633.87944577518,-173838.065011333,-141610.086827885,1843115.18053511,6999997.18440947,1436357346.62998,-69757775.4428567,-199882237858.098,139451634887.643,0.0516475412230078,0.0998375255254934,0.517315918550281,0.860671509415639,0.622258897707212
0.419,-0.0621829081330608,19.8999999578495,-9.5307683032167,-35.2977855812825,1951.85005424769,-3771.99534982198,-171310.084863793,-134621.726592049,3179531.40823604,6999965.22641044,1236475108.77188,69693859.4447864,-199914801814.18,-139328836912.252,0.0621829081330608,0.0996374996996773,0.624091414582759,0.764101311612307,0.636538957731285
0.42,-0.0707661605831892,19.8627940296913,-7.66399351566002,-39.1359233906923,1782.3274844894,-3903.11128352579,-167545.635034806,-127610.135908735,4316049.11610083,6999994.6673991,1036560306.9577,-69634977.4674652,-199927660858.44,139238085389.423,0.0707661605831892,0.0993263316643756,0.712461231552461,0.665531172906895,0.646787652567284
0.421,-0.0775667264334052,19.8216855735824,-5.96467798321972,-43.1016748175345,1617.1043037446,-4027.22722634351,-162744.627042036,-120621.752382505,5252645.59262931,6999978.73262635,836632646.099257,69603107.9219583,-199930572029.37,-139173466172.93,0.0775667264334052,0.0988785198459801,0.784464882304351,0.565287855092783,0.652923025368938
0.422,-0.0827497508147693,19.7765504735788,-4.42803735845854,-47.1880445165966,1457.11710783273,-4144.34318773614,-157106.986888362,-113610.167673613,5989312.95271388,6999995.10746184,636702074.069887,-69570358.2509719,-199923945013.484,139118597577.326,0.0827497508147693,0.0982670961650377,0.842090120133322,0.463705582894657,0.65488229713756
0.423,-0.0864751595342413,19.7272716137204,-3.04845066202433,-51.3880278617616,1303.1025642687,-4254.4591563075,-150832.643556116,-106621.771312347,6526053.05427702,6999984.04799953,436778129.056402,69548239.3263537,-199897479147.661,-139073721761.895,0.0864751595342413,0.0974642928756986,0.887249647873891,0.36112507701024,0.652622066032656
0.424,-0.0888969224069977,19.6737388780376,-1.81966021074826,-55.6946295008216,1155.59741453293,-4357.57513896104,-144121.517683835,-99610.1920983112,6862882.44375959,6999995.42644493,236880649.908741,-69525482.4355418,-199746507235.672,139033739549.529,0.0888969224069977,0.0964423792072875,0.921762021402728,0.257892485171576,0.646118429806065
0.425,-0.0901625165134119,19.6158491505488,-0.734971535843768,-60.100844808208,1014.93849540816,-4453.69112785405,-137173.48599966,-92621.7871231591,6999889.8400505,6999986.81378416,37134142.6730685,69508257.1139875,-74486929420.0117,-138998823414.619,0.0901625165134119,0.0951746779473214,0.947337237782053,0.154358215696282,0.635367031069048
0.426,-0.0904125891811444,19.5535063152645,0.212547791402767,-64.5996784273008,881.268039730242,-4542.80712847844,-130167.44357651,-85610.2126513871,6999780.51801356,6999995.65919083,-37352786.7469433,-69490566.3006312,73897820959.9055,138966705190.706,0.0904125891811444,0.093636770450954,0.965567145745395,0.0508756784499339,0.620383025407429
0.427,-0.0897808104949218,19.4866212561846,1.02989779888015,-69.1841257335462,754.597340024154,-4624.9231347819,-123174.023148377,-78621.8011578148,6999376.64174657,6999988.44548555,36545034.2129622,69476138.8900746,-72262881286.3042,-138937514373.199,0.0897808104949218,0.0918078966863506,0.97792035037733,-0.0522000575634518,0.601200972665398
0.428,-0.0883938511850174,19.4151118573023,1.72407561062282,-73.8471913671396,634.926085082299,-4700.03915142359,-116168.417803071,-71610.2308952797,6999790.23531637,6999995.82718903,-35717847.073342,-69461375.4831241,70783402382.4183,138910021628.392,0.0883938511850174,0.0896725548432038,0.985740300804161,-0.154513659191283,0.57787465201744
0.429,-0.0863713824762325,19.3389030026015,2.30208322012753,-78.5818707046801,522.254558730806,-4768.15517338362,-109174.689257561,-64621.8140855608,6999464.08943424,6999989.4625201,35065555.3090763,69448646.1452675,-69474650560.7101,-138884328979.761,0.0863713824762325,0.0872223027543897,0.990244235117785,-0.255710930311859,0.550476801751081
0.43,-0.0838260759182251,19.2579265760599,2.77091789368718,-83.3811683838719,416.582551000073,-4829.2712048106,-102169.271498899,-57610.2476881314,6999792.31946296,6999995.94417549,-34409095.2516339,-69435682.8344936,68211516300.5109,138859671738.744,0.0838260759182251,0.0844577609272604,0.992520699079634,-0.355440205009536,0.519098784972232
0.431,-0.0808636034949453,19.1721214616464,3.13758157570804,-88.2380797825254,317.91028295821,-4883.3872413208,-95175.315141012,-50621.8263067501,6999488.98236158,6999990.09721036,33802421.0488771,69423988.9042507,-67008267268.6436,-138836134077.999,0.0808636034949453,0.0813908143670106,0.993522476999825,-0.453353727387925,0.483850182739949
0.432,-0.0775826374962876,19.0814335433241,3.40907163262479,-93.1456095362849,226.237554034084,-4930.50328675304,-88170.0929926708,-43610.2635707672,6999787.26977614,6999996.01907561,-33205846.2197665,-69412145.1737481,65777140934.736,138813183012.569,0.0775826374962876,0.0780470076222925,0.994050122610053,-0.54910901241606,0.444858316412987
0.433,-0.0740748506296999,18.9858157050481,3.59238993594008,-98.0967530242163,141.564561082803,-4970.61933712251,-81175.9457891821,-36621.8380937764,6999469.99402374,6999990.46540815,32571294.7149694,69401037.8388211,-64532890138.6458,-138790891222.481,0.0740748506296999,0.0744681246117799,0.994718895042272,-0.642370182675847,0.402267701272248
0.434,-0.0704249159111351,18.8852278307674,3.69453392182383,-103.084514880189,63.8910899693297,-5003.73539609775,-74170.9456294906,-29610.2789246526,6999774.84366938,6999996.05763573,-31961595.4236764,-69389853.3836602,63182500398.2656,138768845340.186,0.0704249159111351,0.0707149418251586,0.995898661491646,-0.732809275624458,0.356239433741361
0.435,-0.0667105067899061,18.7796368044237,3.72250536290672,-108.101890484576,-6.78266256671358,-5029.85145993392,-67176.6211668,-22621.8496528187,6999404.49844484,6999990.62692216,31220904.9745893,69378991.9565263,-61742751061.7602,-138747111045.686,0.0667105067899061,0.0668701404547252,0.997612781074879,-0.820107516468586,0.306950514791391
0.436,-0.0630022970455361,18.6690165099526,3.68330174352113,-113.141884469667,-70.4569506147563,-5048.96753223758,-60171.8966743782,-15610.2940484258,6999754.02788855,6999996.06335584,-30521846.087171,-69368119.0891592,60071004620.7695,138725331385.562,0.0630022970455361,0.0630413599323473,0.999380360974872,-0.903956551541198,0.254593112352633
0.437,-0.059363960941267,18.5533478312823,3.58392469908862,-118.197492217212,-127.131554291012,-5061.08360938537,-53177.3917354297,-8621.86115605031,6999267.68411176,6999990.60995947,29549158.5335985,69357212.2964029,-58188174518.9538,-138703568468.617,0.059363960941267,0.0593643722448218,0.999993071542084,-0.984059637606008,0.199373765798019
0.438,-0.0558521731163669,18.4326186523351,3.43137173985739,-123.261718358053,-176.806811831902,-5066.19969501641,-46173.0475011377,-1610.30920135408,6999722.75538588,6999996.03802156,-28639015.9853553,-69346356.1722143,55791488410.6405,138681478697.137,0.0558521731163669,0.0560063533083603,0.997247094608276,-1.06013278231187,0.14151253577494
0.439,-0.0525166087963978,18.3068238570259,3.23264429637089,-128.327558275416,-219.482446479327,-5064.31578552984,-39178.3456723427,5378.12723836423,6998979.48360585,6999990.42119791,27152472.4252852,69335122.5249223,-52907763074.9245,-138659123469.339,0.0525166087963978,0.0531692246256059,0.987725684664323,-1.13190583164944,0.0812421028779043
0.44,-0.0493999436706125,18.1759653292638,2.99473986409098,-133.388016598786,-255.158981487924,-5055.4318846906,-32174.6079130367,12389.6753669131,6999678.07449367,6999995.98198816,-25755290.6496394,-69324000.9444168,48599747155.9791,138636135149.8,0.0493999436706125,0.051093035456953,0.96686257194942,-1.19912350000354,0.0188068188388876
0.441,-0.0465378542257924,18.0400519529499,2.72465952351974,-138.436088712995,-283.836017922691,-5039.54798882721,-25179.7075260085,19378.115370954,6998222.65742202,6999990.04861865,22844456.5063397,69312134.2053833,-42900529247.1878,-138612577079.836,0.0465378542257924,0.0500593528388388,0.929653532989459,-1.26154633919322,-0.0455382859014349
0.442,-0.0439590176057578,17.8990996119797,2.42940061662489,-143.464779246228,-305.514594232623,-5016.66410193363,-18177.2127285412,26389.6593904953,6999616.84930476,6999995.89428411,-20056072.740848,-69300442.8744531,26346761496.7711,138588015060.015,0.0439590176057578,0.05,0.879180352115157,-1.31895164246942,-0.111528534224471
0.443,-0.0416851123015432,17.7531311902405,2.11596340272286,-148.467083585102,-320.194243433573,-4986.78022016918,-11183.2327886907,33378.1030658522,6992734.1573123,6999989.45893966,6290688.7559231,69287572.1855616,1028534854.70261,-138562517124.395,0.0416851123015432,0.05,0.833702246030863,-1.3711342805815,-0.178890669795208
0.444,-0.0397308184748944,17.6021765716137,1.79134326927099,-153.436006356534,-327.880017839862,-4949.89634788337,-4187.18186452467,40389.6425580306,6999539.11349557,6999995.77256303,7319223.61062572,-69274944.938834,-14901948636.2804,138535521778.008,0.0397308184748944,0.05,0.794616369497887,-1.41790746631896,-0.247343955661957
0.445,-0.038103821390428,17.4462726399719,1.46253643113586,-158.36454294917,-328.566831191564,-4906.01248094981,2813.53320267018,47378.0901117539,6999407.36278806,6999988.5885132,-7582725.02565471,69260576.8391736,-198979234949.994,-138507104888.235,0.038103821390428,0.05,0.762076427808559,-1.45910344606114,-0.316601299582115
0.446,-0.0368048081502634,17.2854632791816,1.13654096033226,-163.245697988667,-322.26314889646,-4855.12862424369,9775.98599712041,54389.6244712053,6892335.02028741,6999995.61290825,-206561959.975649,-69246528.0490617,-199509503703.3,138476475022.446,0.0368048081502634,0.05,0.736096163005268,-1.49457411192918,-0.386370401574987
0.447,-0.0358274842512002,17.1197993731,0.82030425761021,-168.072466866041,-309.083735278513,-4797.24477320092,16531.7884534694,61378.0762325928,6586018.30846011,6999987.32237041,-406071463.678949,69229946.9733838,-199601325321.963,-138443719783.071,0.0358274842512002,0.05,0.716549685024005,-1.52419154278418,-0.456354919119181
0.448,-0.0351586958068771,16.9493388055775,0.52056550328781,-172.837854205689,-289.334932969982,-4732.36093347097,22881.5041425364,68389.6045751527,6080146.18212018,6999995.40945226,-605672789.000911,-69213772.8096872,-199605615501.169,138407619219.327,0.0351586958068771,0.05,0.703173916137542,-1.54784850595712,-0.526255645360862
0.449,-0.0347787361711295,16.7741464604545,0.243657780339779,-177.534855401481,-263.522618101865,-4660.47709983576,28625.5463275726,75378.0610347367,5374670.58536868,6999985.44625223,-805278404.50208,69193846.4096397,-199555907916.856,-138368277855.419,0.0347787361711295,0.05,0.695574723422591,-1.56545894886005,-0.595771695653158
0.45,-0.0346618518186594,16.5942942215637,-0.00469150240015825,-182.15647507655,-232.352264378521,-4581.59327911507,33564.3183927041,82389.5820245512,4469614.22690817,6999995.15373416,-1004834312.41894,-69174431.4457796,-199434720770.992,138323606213.517,0.0346618518186594,0.05,0.693237036373188,-1.57695848441922,-0.664601697731687
0.451,-0.0347769478168692,16.4098609727268,-0.2195602019302,-186.695708628365,-196.728921037798,-4495.70946510197,37498.2763432743,89378.0438969314,3365062.55410374,6999982.52539514,-1204269033.18993,69149174.7677375,-199152757059.32,-138273733026.622,0.0347769478168692,0.05,0.695538956337383,-1.58230486856378,-0.732444980823573
0.452,-0.035088492867831,16.2209325977566,-0.397030978520036,-191.14556067883,-157.757122954548,-4402.82566648542,40228.0122546065,96389.5553875393,2061217.14238415,6999994.83364957,-1403421790.24925,-69124558.2588844,-198220437923.489,138214529794.249,0.035088492867831,0.05,0.701769857356619,-1.58147846789968,-0.79900275900751
0.453,-0.0355576238255593,16.0276019804528,-0.534390686901793,-195.499026630218,-116.740664945371,-4302.94187550202,41554.4817622121,103378.023697025,558685.133173155,6999977.54028781,-1601642228.17274,69089971.5353646,174117556893.874,-138146160205.885,0.0355576238255593,0.05,0.711152476511187,-1.57448271571257,-0.863979304173769
0.454,-0.0361434489246148,15.8299690046051,-0.630326280890395,-199.749111103417,-75.1665260897306,-4196.05810412961,41341.3653741146,110389.521863046,-955898.316552644,6999994.43172023,-1427524671.27886,-69056188.6705209,198245950053.028,138058378699.164,0.0361434489246148,0.05,0.722868978492297,-1.56134455423035,-0.927083103987413
0.455,-0.0368045196907816,15.628140553986,-0.685039268824214,-203.888809507732,-34.5327704045199,-4082.17434198303,39704.745713598,117377.997930214,-2284300.01280499,6999967.43239929,-1229278721.22583,69002190.0286431,199001834212.854,-137951400536.226,0.0368045196907816,0.05,0.736090393815632,-1.54211484959284,-0.988028000328767
0.456,-0.0375003130339542,15.4222305123556,-0.700149944638835,-207.911126464015,3.83323725889681,-3961.29060794664,36838.9733125489,124389.474557539,-3414077.8169244,6999993.92215982,-1030276887.01298,-68949210.5075829,199245905113.241,137784543181.071,0.0375003130339542,0.05,0.750006260679085,-1.51686871547717,-1.04653430377106
0.457,-0.0381925570932309,15.2123597634499,-0.678507501514234,-211.809057393708,38.8017607611944,-3833.40688694047,32942.9647029702,131377.957964975,-4344731.75138076,6999936.98324277,-831030981.899737,68835332.6734878,199349745516.39,-137558099213.884,0.0381925570932309,0.05,0.763851141864618,-1.48570567874395,-1.10232987976656
0.458,-0.0388463608991205,14.9986561909857,-0.623991345403151,-215.575606923681,69.4421606642208,-3698.52321951589,28215.9424182256,138389.386264685,-5076087.8605223,6999993.26630932,-631681236.383347,-68722766.5403966,199390646502.861,95385729668.112,0.0388463608991205,0.05,0.776927217982411,-1.44874967111335,-1.15515120232495
0.459,-0.0394311449978616,14.7812546785762,-0.541311886636033,-219.203770853087,95.0230868897257,-3556.64131600708,22857.2457139288,145370.915769336,-5608073.77365421,6978963.36460297,-432290589.880486,26662963.1277155,199392537742.886,-11267837586.6678,0.0394311449978616,0.05,0.788622899957231,-1.40614884621551,-1.20474437114718
0.46,-0.0399213727953285,14.5602971065477,-0.435811206355049,-222.686562533591,115.012555307587,-3407.77694422148,17066.2587349582,152361.332642572,-5940668.09466325,6999992.40893736,-232898052.1376,15395125.5410477,199362290520.625,-30797104859.1836,0.0399213727953285,0.05,0.79842745590657,-1.3580752230793,-1.25086608949152
0.461,-0.0402970825393362,14.3359323408493,-0.313263675762178,-226.016991761269,129.077970415295,-3251.91433273289,11042.3686626462,159363.88976347,-6073885.00154054,6999988.98204881,-33535761.6169743,-15401979.3181359,199297964800.371,-199981300008.305,0.0402970825393362,0.05,0.805941650786725,-1.30472415786825,-1.29328460090204
0.462,-0.0405442199163173,14.1083162438301,-0.179676571689511,-229.188059792549,137.086111365435,-3089.06134802911,4984.93210776393,166322.847539191,-6007771.78075733,6884596.35272652,165762203.183397,-215383279.32644,199189448435.757,-199990362306.611,0.0405442199163173,0.05,0.810884398326347,-1.24631364636755,-1.33178056948143
0.463,-0.0406547712761267,13.8776116586237,-0.0410907228964503,-232.192822924973,139.103084177036,-2919.34043245854,-906.760329995744,173066.420525204,-5742414.85335605,6569217.89224677,364951651.619154,-415373641.633051,199014032972.617,-199991268021.003,0.0406547712761267,0.05,0.813095425522533,-1.18308346040158,-1.36614791940644
0.464,-0.0406266975332697,13.6439882798641,0.0966187767424538,-235.024554251349,135.394233947006,-2743.06696489699,-6433.53035204678,179394.61971863,-5277956.18525059,6053848.61660322,563965684.591771,-615364909.654054,198722611571.195,-199989441660.434,0.0406266975332697,0.05,0.812533950665394,-1.11529412202192,-1.39619466488202
0.465,-0.0404636688337358,13.4076223380715,0.227941740741182,-237.676942238401,126.423999891914,-2560.75631458174,-11396.3832597396,185107.454306796,-4614629.19487322,5338488.98611895,762688296.162966,-815354351.314488,198196348642.059,-199981292455.29,0.0404636688337358,0.05,0.809273376674715,-1.0432257199514,-1.42174375592113
0.466,-0.0401746001354665,13.1686960842828,0.34793187445266,-240.144290717274,112.855674931959,-2373.12384072762,-15596.6355817577,190004.935901849,-3752842.72438922,4423143.98857681,960884644.805025,-1015335643.76978,197069746867.256,-160494223040.41,0.0401746001354665,0.05,0.803492002709331,-0.967176573403608,-1.44263394186606
0.467,-0.0397729879501784,12.9273970747481,0.452405436914432,-242.421718542489,95.55097666826,-2181.08324269807,-18836.1910259332,193893.663031367,-2693423.20615057,3327561.23328683,1157954391.67228,-1175829866.81019,193453057717.089,199982201476.694,0.0397729879501784,0.05,0.795459759003567,-0.887461749025379,-1.45872064927365
0.468,-0.039276048697763,12.6839172593223,0.538139274410501,-244.505347686525,75.5691269819351,-1985.7134381028,-20918.3948599614,196666.639698162,-1438742.28561974,2251722.46721499,1351407449.38937,-975847665.333494,-106816264022.573,199990534140.296,0.039276048697763,0.05,0.78552097395526,-0.804411437354311,-1.46987686923625
0.469,-0.0387036600932273,12.4384519186575,0.60306483208971,-246.392391511433,54.1521448763944,-1788.07524550966,-21699.2361315569,198463.7700884,-140742.968241661,1375870.06895164,1244591185.3668,-775857131.193198,-192491804200.04,199992790214.707,0.0387036600932273,0.05,0.774073201864545,-0.718369196103306,-1.47599403283076
0.47,-0.0380771314881015,12.1911986179586,0.646394155606641,-248.081036220994,32.5819486331028,-1589.04451687573,-21249.7654744819,199485.043723458,1007602.31502512,700009.332865797,1052099381.16676,-575864340.978491,-195476326988.093,199993131717.545,0.0380771314881015,0.05,0.761542629762029,-0.629690077754003,-1.47698280514123
0.471,-0.0374179375063276,11.9423563316324,0.668561363726498,-249.570243875524,12.0031893660368,-1389.29711282884,-19748.6928567047,199930.453074454,1961963.53269783,224141.557746078,856623054.178664,-375871209.260946,-196367266134.901,199991415458.537,0.0374179375063276,0.05,0.748358750126553,-0.538738702090619,-1.47277373411151
0.472,-0.0367465773824539,11.6921247674274,0.671051256819671,-250.859552399595,-6.62993318471152,-1189.30890120142,-17391.1456746067,199999.990930146,2720402.95380904,-51733.9437855997,660255788.043762,-175879793.802409,-196657053329.442,199982311625.796,0.0367465773824539,0.05,0.734931547649078,-0.445887345416662,-1.4633177407681
0.473,-0.0360816210373858,11.4407038905655,0.656205023139015,-251.948875589461,-22.5590287949618,-989.355757945813,-14373.3910023307,199893.64747473,3282330.21518808,-127622.581775111,463598734.714319,24102517.8233871,-196636351569.887,199937473979.221,0.0360816210373858,0.05,0.721632420747717,-0.351514077994838,-1.44858644908144
0.474,-0.0354389507398356,11.1882936478659,0.627024031856436,-252.838303123682,-35.2221814152281,-789.513573947584,-10892.0341450471,199811.399064197,3647610.77411745,-3551.32696211267,266962383.144432,224039991.802609,-196366425321.903,-192405216578.52,0.0354389507398356,0.05,0.708779014796713,-0.256000960416738,-1.4285723545683
0.475,-0.0348311992019734,10.9350938913069,0.586973255543458,-253.527903858362,-44.2540983770809,-589.674627432259,-7143.66991691107,199887.800197039,3816389.94460093,124286.056551236,70595957.8225292,31634775.2240885,-195809879555.934,-199479114234.068,0.0348311992019734,0.05,0.696623984039467,-0.159732306197921,-1.40328883159368
0.476,-0.0342673842746821,10.6813044699333,0.539784696947934,-254.017614215564,-49.4859660737025,-389.727723374166,-3324.61697332486,199994.657122164,3789080.9626455,56181.2746582904,-125213921.733405,-167844339.009979,-194826267377.543,198154718041.05,0.0342673842746821,0.05,0.685347685493642,-0.0630930173454507,-1.37276999201186
0.477,-0.0337527400992678,10.4271253255163,0.489261095082377,-254.307340589056,-50.9450293138009,-189.72469322459,369.38598389101,199999.942013657,3566453.90722332,-12585.7053311641,-320040189.110948,30310379.0310708,-193068080804.316,-15456690376.9436,0.0337527400992678,0.05,0.675054801985357,0.0335330007812257,-1.33707046096283
0.478,-0.0332887442874173,10.1727564556111,0.439080223836505,-254.397066274765,-48.8538009111836,10.273363637474,3743.64178309147,199999.935382779,3149879.67771021,9996.32851143491,-513108269.915264,14853688.6541272,-189583408768.44,-180174768582.912,0.0332887442874173,0.05,0.665774885748345,0.129764339435927,-1.29626512464088
0.479,-0.0328733403179651,9.91839785963072,0.392600264390166,-254.286792159934,-43.6286366429216,210.27326551726,6605.37009104931,199987.32942752,2541979.70341073,-65237.3671258937,-702691678.683704,-165321079.928784,-180772701248.014,199671537189.375,0.0328733403179651,0.05,0.657466806359303,0.225223495899347,-1.25044880551589
0.48,-0.0325013536678975,9.66424953150654,0.352667190817549,-253.976541327046,-35.8769241758329,410.208742395278,8765.87517157685,199872.710109961,1748901.67410302,-130722.678459991,-883464379.931719,34350457.2605906,-133494754651.997,199406350754.957,0.0325013536678975,0.05,0.650027073357949,0.319538187597042,-1.19973584143444
0.481,-0.032165098636682,9.41051140178548,0.321426764367736,-253.46641492372,-26.3894045119703,610.030124840168,10050.7955299387,199792.397051924,798689.916845298,3330.95417807849,-1016959134.58372,233756808.015548,149930844697.65,-199929722225.587,0.032165098636682,0.05,0.643301972733641,0.412342567180112,-1.14425960878837
0.482,-0.0318551664296576,9.1573833024661,0.300154748733307,-252.756479971409,-16.1025100941772,809.854816432091,10365.9943536084,199879.284789739,-143303.795389593,137122.901080833,-867028289.886066,33827085.7899606,175151866063.64,-199981740886.662,0.0318551664296576,0.05,0.637103328593152,0.503278337747625,-1.0841719628605
0.483,-0.0315613482232065,8.90506506883463,0.289176685270175,-251.846662915818,-5.94537435882526,1009.79996794746,9818.36839095304,199999.990943567,-922756.152243839,70959.1164274624,-691876423.822425,-166154655.096701,180859879729.292,-199991296560.925,0.0315613482232065,0.05,0.63122696446413,0.591995782312802,-1.01964255274196
0.484,-0.0312735517929995,8.65375664052885,0.287959381396124,-250.736859715584,3.30383904702418,1209.79941303604,8579.8173400862,199954.540849686,-1524202.63620162,-195191.186949701,-511016544.093133,-366145951.657626,182378842903.006,-199993068626.851,0.0312735517929995,0.05,0.62547103585999,0.678154759418317,-0.950858068156216
0.485,-0.0309825780361336,8.40365799481465,0.295279322808178,-249.427132486678,11.0439847634483,1409.58700092245,6830.50290565519,199542.944508803,-1944029.75884325,-661333.672920753,-328637701.190127,-566139020.284477,181845006051.165,-199992737345.288,0.0309825780361336,0.05,0.619651560722673,0.761425713739125,-0.878021487147102
0.486,-0.0306807217911177,8.15496888043469,0.309402376202147,-247.917909491512,16.8552767147357,1608.69658906069,4752.4617972254,198565.209202849,-2181744.95700779,-1327469.06187787,-146792695.138962,-766131757.629765,179518925392.572,-199990474056.74,0.0306807217911177,0.05,0.613614435822355,0.841490711677698,-0.801351340059799
0.487,-0.0303621915795725,7.90788835146583,0.328265639284742,-246.210185131437,20.4998805394921,1806.46204216991,2527.24031354689,196821.34251648,-2238778.18945047,-2193596.05653601,32726230.2536097,-966122231.686505,174772190117.037,-199982100130.913,0.0303621915795725,0.05,0.60724383159145,0.918044499925484,-0.721080992896866
0.488,-0.0300233475602659,7.66261410118396,0.34965883031061,-244.305719938962,21.9204683046109,2002.01723369867,333.953937576066,194111.354994079,-2118665.86413834,-3259709.33828797,207498420.370647,-1166104331.81742,165631420498.986,137548009264.603,0.0300233475602659,0.05,0.600466951205318,0.990795583039924,-0.637457952825913
0.489,-0.0296627591553606,7.41934159640662,0.371403190636006,-242.207237754103,21.236573689367,2194.31011446868,-1653.35747962712,190291.518158093,-1828351.7335182,-4357039.66547309,373129840.869633,-1028556322.55281,146234691287.503,199981190937.23,0.0296627591553606,0.05,0.593255183107212,1.05946731516636,-0.550743198335085
0.49,-0.029281086106263,7.17826303912591,0.39152512599577,-239.918549243837,18.7373217619293,2382.2600192899,-3270.77184416259,185453.530529833,-1382104.54700481,-5285605.39255729,519364532.157136,-828575131.615585,94465498019.5017,199989386945.649,0.029281086106263,0.05,0.58562172212526,1.12379900008493,-0.461210526039758
0.491,-0.0288807905764766,6.93956630195289,0.408419138479107,-237.444476250899,14.8659944620414,2564.94098415931,-4377.44987541892,179786.969135959,-815507.265837928,-6014185.83070005,613830030.176637,-628585744.669936,-35089176901.4086,199991223935.289,0.0288807905764766,0.05,0.577615811529531,1.18354699222279,-0.369145858910314
0.492,-0.0284656969286998,6.7034340051374,0.420985773967249,-234.790668670957,10.1816339096953,2741.62442905681,-4891.89032231876,173491.82230358,-219221.824111995,-6542775.96340234,578740853.275229,-428594520.734646,-107423211508.54,199990314381.199,0.0284656969286998,0.05,0.569313938573996,1.23848578773425,-0.274846452628308
0.493,-0.0280404401134326,6.47004278807517,0.42870814475389,-231.963404984928,5.2721135170536,2911.78176388833,-4839.6455883779,166768.080798874,305807.423408964,-6871375.32694638,471317641.766688,-228604206.353447,-129018572982.291,199981207117.054,0.0280404401134326,0.05,0.560808802268651,1.28840908523451,-0.178619982606011
0.494,-0.0276098860290877,6.23956278071773,0.431629966460955,-228.969392268526,0.658548806800373,3075.08438887297,-4319.68243958264,159815.733569937,712615.778684507,-6999988.9297413,342299068.784398,-28622999.2363937,-135240192770.182,57239118238.1551,0.0276098860290877,0.05,0.552197720581754,1.33313077922185,-0.0807835134338673
0.495,-0.0271786143783138,6.012157274774,0.430260578804005,-225.815567393322,-3.2534109066747,3231.39774244142,-3458.4571586343,152810.972993617,987294.751083813,-6999992.36985862,207058876.014215,28616119.0017614,-133800156073.901,-36103809712.3491,0.0271786143783138,0.05,0.543572287566277,1.37248584676332,0.0183376448430452
0.496,-0.0267505142375512,5.78798258326937,0.42545000089506,-222.508929938306,-6.18928588360114,3380.71198427787,-2389.93299555569,145819.271381641,1127453.54906108,-6989428.15571303,73258719.9403143,-7487690.71058768,-125995758289.005,-6154761785.48111,0.0267505142375512,0.05,0.535010284751025,1.40633110442674,0.118411184317676
0.497,-0.0263285097890375,5.56718802123798,0.418255659920536,-219.056473586306,-8.00853214123162,3523.0350371848,-1246.84937957262,138825.073586941,1137714.38985689,-6999993.22731636,-52737038.3486912,-13642452.4960688,-110478036705.703,27396789553.8545,0.0263285097890375,0.05,0.526570195780749,1.43454582592519,0.219099119001888
0.498,-0.0259144193915683,5.34991591094051,0.409810204127591,-215.465193017995,-8.69991708379665,3658.35898194889,-153.916515007697,131822.825264969,1029738.33315535,-6999937.2850355,-163215075.054394,13754337.0577857,-83901505129.2197,-27621862916.9761,0.0259144193915683,0.05,0.518288387831366,1.45703221713774,0.320059133336321
0.499,-0.0255089433696267,5.13630157629657,0.40119745203448,-211.742088936713,-8.36966284078279,3786.6829800499,780.230696432249,124825.161504643,824572.505536342,-6999993.8794362,-247116580.183614,-13867525.8591903,-43350948983.0773,27787630425.4868,0.0255089433696267,0.05,0.510178867392534,1.47371574881405,0.420945940130237
0.5,-0.02511176847289,4.92647334130009,0.393344675510753,-207.894160387807,-7.2201382778206,3908.00699117845,1474.01975371294,117822.865134015,555780.45086119,-6999967.59008265,-290467529.166691,13920104.5662964,3736808779.45342,-27893800690.0253,0.02511176847289,0.05,0.502235369457799,1.48454535075789,0.52141264837654
0.501,-0.0247217674544131,4.720552529964,0.38694210551129,-203.92840827777,-5.51648385317237,4022.33103029316,1885.18924145402,110825.208629434,267181.326084225,-6999994.38586136,-286730720.387238,-13973696.1237289,40045420120.3726,27980869750.5913,0.0247217674544131,0.05,0.494435349088262,1.48949347556793,0.62111213455679
0.502,-0.0243372605938703,4.51865346632546,0.382401133098344,-199.851831657957,-3.54382384290242,4129.65507864988,2015.67944403136,103822.890873802,473.315757173388,-6999977.6471098,-246685300.266865,14007173.6268624,60431241011.707,-28048623446.1655,0.0243372605938703,0.05,0.486745211877405,1.48855604508833,0.719698411445122
0.503,-0.0239562973781764,4.32088347443401,0.379855452902914,-195.671431446918,-1.56650398932813,4229.97914653642,1902.88198315705,96825.2420429317,-215996.364003838,-6999994.78520601,-186254059.255158,-14041449.8193032,68812228693.8525,28107257505.8764,0.0239562973781764,0.05,0.479125947563529,1.48175229654608,0.816827988990057
0.504,-0.0235769184866641,4.12734287835628,0.3791972033606,-191.394206695991,0.200204644813383,4323.30322208084,1605.22729430794,89822.9110757336,-367844.30891207,-6999982.60627238,-117441830.561305,14065807.6865732,68665483216.773,-28156608645.827,0.0235769184866641,0.05,0.471538369733282,1.4691245449408,0.912161221944764
0.505,-0.0231973698532581,3.93812500216867,0.380134393070503,-187.027158330703,1.60479720803911,4409.6273129627,1190.10631731802,82825.2686051969,-450953.397864989,-6999995.10290872,-48776347.3445323,-14090800.9592537,61841459357.9796,28200784875.9999,0.0231973698532581,0.05,0.463947397065162,1.4507378739589,1.00536363895449
0.506,-0.0228162538208343,3.75331616996117,0.382257567535245,-182.577285401398,2.56387416267379,4488.95141058231,725.071655673757,75822.9282326212,-468809.015530531,-6999985.51142997,13065112.0134473,14109983.9167462,49491068819.5321,-28239657411.6305,0.0228162538208343,0.05,0.456325076416685,1.4266797627151,1.0961072479196
0.507,-0.0224326128270372,3.57299570583207,0.385106799495075,-178.051588838366,3.05878095711867,4561.27552107081,271.043707619872,68825.291103581,-430998.369107318,-6999995.35621904,62556180.8329794,-14129673.4948843,33079969250.6641,28275305337.627,0.0224326128270372,0.05,0.448652256540743,1.39705965175067,1.18407181253913
0.508,-0.0220459488541317,3.39723593389114,0.388232151418431,-173.457067690745,3.12612984237582,4626.59963768843,-123.163242862512,61822.9434615041,-351902.203649006,-6999987.37704511,95636150.0836436,14145631.8427426,15045366863.8683,-28307623741.4049,0.0220459488541317,0.05,0.440918977082635,1.36200844887673,1.26894609508399
0.509,-0.0216561880097268,3.22610217825557,0.391242159489744,-168.800722892384,2.84358174632207,4684.92376558239,-424.739810325719,54825.3109630902,-248743.370133428,-6999995.55707307,110681516.947512,-14161991.8986623,-1589159003.61895,28337826601.4277,0.0216561880097268,0.05,0.433123760194536,1.32167797326894,1.35042906057833
0.51,-0.0212636042935006,3.05965276305266,0.393836512589429,-164.089553491181,2.31285095546241,4736.24789917774,-618.407281819327,47822.957381168,-138856.432687726,-6999988.63567102,109092357.943893,14175834.7027655,-14471088979.7594,-28365825642.9035,0.0212636042935006,0.05,0.425272085870012,1.2762403346195,1.42823103774676
0.511,-0.0208687193199942,2.89793901241651,0.395821442087707,-159.330560423807,1.64259455491571,4780.57204297079,-705.1293836984,40825.3290252412,-36999.6192337124,-6999995.7137897,94621268.9641335,-14189990.940138,-22616929456.5088,28392408582.3236,0.0208687193199942,0.05,0.417374386399883,1.22588724334632,1.50207483225315
0.512,-0.0204721948867456,2.74100525049039,0.397109059426029,-154.530742736922,0.93379320103379,4817.89619215767,-698.587856692797,33822.9703840785,46313.1850021667,-6999989.50043868,72004339.5076247,14202417.6421856,-26103764759.8328,-28417498604.29,0.0204721948867456,0.05,0.409443897734912,1.1708292480945,1.57169678796928
0.513,-0.0200747328685315,2.58888880142393,0.397704060212323,-149.697101369534,0.269275003228354,4848.22035079869,-620.62312939679,26825.3458426935,105265.642129875,-6999995.83209864,45900574.7477919,-14215080.9621045,-25538293124.6201,28441654779.25,0.0200747328685315,0.05,0.40149465737063,1.11129489801055,1.63684779221457
0.514,-0.0196769928749024,2.44161998937532,0.39768226762938,-144.836635367067,-0.292129304859059,4871.54451461412,-496.663582080456,19822.9827459104,138397.070315357,-6999990.08567111,20362281.6231718,14226573.8171455,-21777722389.7769,-28464807823.2171,0.0196769928749024,0.05,0.393539857498049,1.0475298291666,1.69729422115116
0.515,-0.0192795335432057,2.29922213850879,0.397165539659248,-139.956345670527,-0.717108043277548,4887.86868737918,-351.714991351809,12825.3618125106,147870.49074364,-6999995.91576558,-1415440.7666051,-14238234.0060715,-15859011452.9276,28487390332.2589,0.0192795335432057,0.05,0.385590670864115,0.979795776611836,1.75281882175256
0.516,-0.0188827790492846,2.16171157299667,0.396297028066957,-135.063231324093,-0.995784488195843,4897.1928651694,-207.195389566959,5822.99467813074,138525.544250571,-6999990.45460552,-17274452.2195327,14249156.3261874,-8957511593.53087,-28509337353.3451,0.0188827790492846,0.05,0.377655580985693,0.908369515508488,1.80322152703408
0.517,-0.0184870088305238,2.02909761701715,0.395219939059914,-130.164293270523,-1.13696941065717,4899.51705159056,-78.7999900250763,-1174.62275453725,116772.336234273,-6999995.966956,-26231963.8130636,-14260181.0271577,-2262983482.41943,28531015508.6604,0.0184870088305238,0.05,0.369740176610476,0.83354173649478,1.84832020149419
0.518,-0.0180923658657296,1.90138259475626,0.394061919853596,-125.26653055272,-1.16184951751239,4894.84124294802,24.4792003889284,-8176.99364275539,89408.8806799997,-6999990.64022883,-28494947.295483,14270834.4815027,3208446988.63668,-28552361326.3356,0.0180923658657296,0.050352713560827,0.359312628581053,0.755615861707878,1.88795131400859
0.519,-0.0176988772983997,1.77856183040573,0.392926050863979,-120.376944115018,-1.09728134937485,4883.16544277584,100.175348585959,-15174.6075926312,62518.156878835,-6999995.98641049,-25286500.3068463,-14281526.8448328,6764986031.26948,28573717907.601,0.0176988772983997,0.051703079982014,0.342317658920062,0.674906808731743,1.92197053570216
0.52,-0.0173064807887208,1.660623648165,0.391888279652414,-115.502532998986,-0.969779464649308,4864.48964750711,151.17775298325,-22176.9820561462,40614.1495876235,-6999990.65430153,-18521514.2755768,14292191.0627682,8090456194.32478,-28595020446.1328,0.0173064807887208,0.0538305101158114,0.321499475882497,0.591739710079817,1.95025326063511
0.521,-0.0169150506533615,1.5475493722392,0.391000153779894,-110.6502981504,-0.801044453576745,4838.81386069647,183.879554798805,-29174.5924516573,26137.863409209,-6999995.97346182,-10431058.081252,-14302829.3833647,7222243052.41489,28616626011.7596,0.0169150506533615,0.0565189104134141,0.299281258779308,0.50644859571297,1.97269504744017
0.522,-0.0165244193630329,1.43931332684113,0.390295030972224,-105.827238609404,-0.605533549959694,4806.1380788126,206.005596342791,-36176.9704021422,19317.9268541644,-6999990.48983931,-3208815.02883715,14313796.628395,4508120962.19143,-28638465358.7412,0.0165244193630329,0.0595855727723574,0.277322489223412,0.419375045624481,1.98921198037316
0.523,-0.0161343919801348,1.3358828361893,0.38979562374196,-101.04035532312,-0.390215954321202,4766.46230552892,224.470469176235,-43174.5770712271,18363.172306423,-6999995.92589028,1299305.93335428,-14324668.7303462,559054047.927007,28660952823.3518,0.0161343919801348,0.0628780609911365,0.25659811587398,0.330866818830881,1.99974094855132
0.524,-0.015744753275889,1.23721822451004,0.389520762347475,-96.2966473301341,-0.156324054084199,4719.78653725633,243.57647012399,-50176.958506012,19942.0052637408,-6999990.11820895,1858359.98128129,14336284.0930056,-3820265929.05152,-28684010922.6555,0.015744753275889,0.0662711773212121,0.237580708723118,0.241276464334405,2.00423984248899
0.525,-0.0153552692383929,1.14327281603549,0.389489595792114,-91.6031155788388,0.0973739675881642,4666.11077790477,263.810944390196,-57174.5611506616,19890.2322804963,-6999995.83957727,-1961905.94777023,-14347726.8296499,-7739116482.44538,28708175051.7413,0.0153552692383929,0.0696640315911128,0.220418900366252,0.150959918902582,2.00268766735866
0.526,-0.0149656861854646,1.0539929350059,0.389722044031892,-86.9667591060698,0.370480580607212,4605.43502372048,281.430370949733,-64176.9461578117,14058.7680915034,-6999989.47888105,-9701022.43021561,14360448.2220914,-10349849375.3481,-28733354409.8145,0.0149656861854646,0.0729772324648229,0.20507335890928,0.0602750959581755,1.99508457274493
0.527,-0.0145757315055152,0.969317905667529,0.390235092467977,-82.3945788614339,0.656892254807021,4537.75927900816,288.913652930237,-71174.5443049834,-817.179026386281,-6999995.70786387,-20050871.8055637,-14372906.187723,-10961076329.7871,28760318987.1735,0.0145757315055152,0.0761502174894075,0.191407614923,-0.0304195304220422,1.98145179897871
0.528,-0.0141851200310078,0.889180052275231,0.39103537855745,-77.8935738797313,0.94159879474273,4463.08353971151,276.244191946105,-78176.9330794432,-26348.5889968435,-6999988.454558,-31011948.1353508,14387412.7994505,-9118480035.88629,-28788957335.3411,0.0141851200310078,0.0791387357082114,0.179243702898023,-0.120766342384475,1.96183154047772
0.529,-0.0137935691813096,0.813504699090233,0.392109339864827,-73.4707451117344,1.19912009749969,4381.40781076703,232.869882208938,-85174.5259871574,-61919.7771501374,-6999995.52042622,-40130428.1712371,-14401544.5358906,-4674099614.10931,28820510869.1424,0.0137935691813096,0.0819124937928343,0.168393959732139,-0.210409991701209,1.93628672683501
0.53,-0.0134008243906518,0.742210170383087,0.393412863888569,-69.1330915897745,1.39414693228777,4292.73208761686,150.10587437083,-92176.9188613734,-104387.255128429,-6999986.80952754,-44804527.7853464,14418966.3332518,2129637071.83233,-28854836191.5821,0.0134008243906518,0.0844529739001918,0.158677945509523,-0.298998804732777,1.9049007227302
0.531,-0.0130066941555335,0.675207790431275,0.394862816773838,-64.8876142657233,1.48468049267482,4197.05637622693,23.6712948617001,-99174.5053270996,-148126.964377859,-6999995.26129008,-42674890.713514,-14435869.8583303,10582322131.9105,28894232690.4216,0.0130066941555335,0.0867514288151328,0.149930604408266,-0.386186173172,1.86777694804445
0.532,-0.0126110915661808,0.612401883522807,0.396332955152119,-60.7413121687461,1.42761675365083,4094.38067121724,-144.029394517598,-106176.90281787,-185510.694025418,-6999984.0148032,-32092568.5816035,14458362.8320913,19523276004.0053,-28938506440.3498,0.0126110915661808,0.0888070574119699,0.142005510977341,-0.471631923886814,1.82503841988281
0.533,-0.0122140767774856,0.553689773953493,0.397656464263116,-56.7011862516627,1.18629672052376,3984.704980348,-342.332493499817,-113174.480735664,-207841.624605019,-6999994.90519128,-12569292.5775982,-14480143.6082586,27527380633.1743,28992859142.1265,0.0122140767774856,0.0906253610820934,0.134775482620383,-0.555003660329568,1.77682721849863
0.534,-0.0118158929468572,0.498961786031694,0.398636660140437,-52.7742355392322,0.739095506818215,3868.02929683827,-551.870867621439,-120176.883569469,-206647.22686603,-6999978.61922847,14958088.0555761,14512715.5338679,33175754042.9302,-29063574743.8112,0.0118158929468572,0.0922166795434658,0.128131841282442,-0.635978067351367,1.72330387942329
0.535,-0.0114169871570142,0.448101244075084,0.399066278727253,-48.9674609847818,0.0877763635248118,3744.35363176283,-745.509758119193,-127174.449760055,-175101.261788989,-6999997.69106651,48133842.0985062,-14550859.2099433,35218146464.7236,199991794194.384,0.0114169871570142,0.0935949023903146,0.121983001909681,-0.714242171027036,1.66464671437463
0.536,-0.011018008087588,0.400984472654496,0.398754415729394,-45.2878601838684,-0.735794295703094,3613.68509100547,-890.674407781475,-134148.390915027,-109358.346458121,-6914552.65317926,83351988.5632298,185440934.984441,32553288966.261,199997155764.21,0.011018008087588,0.0947763508615246,0.11625271481159,-0.789494545391628,1.60105106390198
0.537,-0.0106197738315261,0.357480810667732,0.397558802115656,-41.742392320414,-1.6658994915795,3476.11866380117,-952.931211796937,-140936.89024142,-9729.71341176035,-6629113.14031271,115905277.529491,385438090.748651,24176053813.548,199997953473.009,0.0106197738315261,0.0957788223404143,0.110878099897507,-0.861446458862481,1.53272849024031
0.538,-0.0102232062069744,0.317452715474223,0.395419846252955,-38.3378292273536,-2.60337067825183,3331.93978991945,-900.678944141694,-147339.951344113,118263.591024505,-6143676.07282756,140081331.343039,585436044.22166,9422237484.66378,199998159612.362,0.0102232062069744,0.0966207875886434,0.105807523019777,-0.929822954541369,1.45990594375951
0.539,-0.00982923205113741,0.280756048653178,0.392391761941921,-35.0805572992985,-3.42117834509558,3181.63390646961,-710.804314531559,-153157.576368228,263056.041109875,-5458240.94879972,149503568.827703,785434203.834022,-11133860700.4442,199998102284.997,0.00982923205113741,0.0973207303332674,0.100998338354819,-0.994363860496767,1.38282494244401
0.54,-0.00943865715468603,0.24724056144074,0.388665160646273,-31.9763774947618,-3.97600128846343,3025.88644858188,-374.852132457906,-158189.767198063,406992.679587356,-4572807.6938232,138369708.127258,985432306.119019,-34592246909.0597,199997784350.061,0.00943865715468603,0.0978966201183707,0.0964145354893088,-1.05482472845071,1.30174077471784
0.541,-0.00905202440697497,0.216750580165126,0.384575042540626,-29.030305338067,-4.12573680672766,2865.58284949561,95.5600267082354,-162236.525774768,528066.264260084,-3487376.49552915,103777461.218199,1185430090.46908,-56491265459.2139,199996962533.791,0.00905202440697497,0.0983655084585724,0.0920243746901113,-1.1109777019111,1.21692172882421
0.542,-0.0086694735170535,0.189125891679848,0.380588950091635,-26.2463709213129,-3.75120120708049,2701.80854036159,666.09981066755,-165097.854397974,603598.092748676,-2201947.92379317,47286195.7589847,1385427053.00287,-73439283002.4619,199994254630.652,0.0086694735170535,0.0987432370025901,0.087798149830009,-1.16261231734962,1.1286483517305
0.543,-0.00829062370895713,0.164202828794815,0.377272756736144,-23.6274189067249,-2.7784812875372,2535.8489496045,1281.10112079531,-166573.756419494,614164.647006429,-716523.743474973,-26153087.2434772,1585421307.63352,-84082631821.6448,-17925611354.3778,0.00829062370895713,0.0990442452893266,0.0837062636475111,-1.2095362438702,1.03721274040565
0.544,-0.00791450142054149,0.141815555401947,0.375235396382939,-21.174910346113,-1.19816013410516,2369.1804212974,1868.17545220973,-166500.557111045,545970.24385213,859934.758481361,-110235719.065122,1567495696.27914,-87933423634.3047,-199994387325.868,0.00791450142054149,0.0992814648725206,0.0797178147069432,-1.25157596728959,0.942917868062293
0.545,-0.00753953203365082,0.12179753378894,0.375056993082089,-18.8887732352106,0.920963927535015,2203.36274774883,2344.37226592358,-164890.206902311,391767.812969855,2327433.26109757,-198169142.699427,1367501308.95328,-83877840411.6391,-199997100753.341,0.00753953203365082,0.0994662863095315,0.0757998746448457,-1.28857742357303,0.846076941027031
0.546,-0.00716360927414163,0.10398306832091,0.377206481748465,-16.7674123727907,3.42469699947646,2039.85584114937,2623.07586747511,-161912.355836863,151659.750064609,3594936.01967418,-282046983.111066,1167504208.19993,-68627593560.4641,-199997932935.975,0.00716360927414163,0.0996085859899753,0.0719175882575282,-1.32040658463049,0.747012746977428
0.547,-0.00678424939113356,0.088208757716482,0.381955669452447,-14.8078665741972,6.07373542840035,1879.92720410983,2622.27419372411,-157767.000701911,-164701.029826689,4662441.26140612,-350674576.67153,967506275.26396,-34930967364.7595,-199998268262.125,0.00678424939113356,0.0997167997319972,0.0680351696942458,-1.34694999708579,0.646056931009303
0.548,-0.00639882964161424,0.0743147622973855,0.389298189273983,-13.0060071507856,8.553757887459,1724.64434182333,2276.41404766753,-152654.139347583,-532841.090180599,5529948.40253902,-385605544.036289,767508007.001834,21966270379.1512,-199998354828.768,0.00639882964161424,0.0997980295656871,0.0641177954059957,-1.36811527182553,0.543549165676376
0.549,-0.00600490055563816,0.062145871493595,0.398885463491497,-11.3567379077216,10.5003990606293,1574.8747614134,1554.43123053198,-146773.770000682,-907463.499027312,6197457.23212647,-363639273.657138,567509652.173066,78664994708.3254,-199998201566.81,0.00600490055563816,0.0998581710764984,0.060134293377334,-1.38383151837234,0.439836212741189
0.55,-0.00560054655279406,0.0515523713504364,0.409997338156108,-9.85419514218604,11.543769704151,1431.28597171241,478.258927127485,-140325.890976063,-1231770.27533029,6664967.78351613,-284974278.948813,367511450.606256,114281524045.9,-199997515034.895,0.00560054655279406,0.0999020508378635,0.0560603761967159,-1.39404971248412,0.335270880507408
0.551,-0.00518475115978748,0.0423907120374227,0.421564020695678,-8.49194764166659,11.3634095106237,1294.34548330674,-876.951567002892,-133510.500386416,-1459603.79225615,6932480.47660494,-170692754.902912,167513935.571361,133924500282.748,-199992105551.976,0.00518475115978748,0.0999335657192659,0.0518819790174657,-1.3987429784521,0.23021088110531
0.552,-0.00475771364618904,0.0345239753588809,0.432239690963473,-7.26319668199385,9.73378744252074,1164.32080914349,-2399.58098666337,-126527.594959618,-1563334.29701769,6999998.35940031,-36768254.620164,-32478169.980615,144317629859.588,33405205412.3745,0.00475771364618904,0.0999558179333847,0.0475981663154396,-1.39790676423672,0.125017592485693
0.553,-0.00432107223655877,0.0278221425913085,0.440512802832798,-6.16097407881731,6.55242449948931,1041.2891922188,-3957.24647268121,-119538.268150972,-1527943.73670806,6984222.79212588,107549375.239424,927035.431759473,148682978683.736,29695186562.2367,0.00432107223655877,0.0999712415184479,0.0432231526879797,-1.39155889134658,0.0200547303693435
0.554,-0.00387800532412844,0.0221621811221604,0.444837667055287,-5.1782896974556,1.85532617843913,925.24442726924,-5406.63502532227,-112548.63264337,-1346052.87212677,6999997.42083876,256232353.92316,30622221.9939962,147705511219.801,-61280850611.3053,0.00387800532412844,0.099981717480137,0.0387871445086834,-1.3797394683164,-0.0843130571007268
0.555,-0.00343319484494166,0.0174280473695309,0.44377724080305,-4.30815215501908,-4.17547549432517,816.198343671179,-6599.95413528416,-105543.537586636,-1015967.7625937,6999979.2175271,403937865.142961,-30658628.6173091,139083246134.072,61354281044.3254,0.00343319484494166,0.0999886760379326,0.0343358366265318,-1.36251066222438,-0.187721627842481
0.556,-0.00299264410691171,0.0135106952922761,0.436150450052083,-3.54355968309548,-11.2102953981268,714.152242350247,-7390.77242428403,-98548.6619699105,-542488.274383707,6999997.72943195,543021111.277033,30695652.4270163,110991403898.653,-61406737093.7199,0.00299264410691171,0.0999931856195681,0.0299284805096366,-1.33995632646921,-0.289808776507672
0.557,-0.00256334852431019,0.0103080787904428,0.421177904537419,-2.87751433817924,-18.7771837992274,619.106136573078,-7643.25157571278,-91543.5508704474,56028.5388426531,6999990.01331211,654012515.175686,-30711084.6667036,-1034823665.80724,61438121894.3089,0.00256334852431019,0.0999960290729401,0.0256345031705249,-1.31218148602431,-0.39021565633973
0.558,-0.00215282530374551,0.00772515175772727,0.398615674938078,-2.30301407968335,-26.283462137309,531.060022116921,-7260.38924989325,-84548.6767124862,709523.642185436,6999997.98959256,652977691.509879,30727037.2276053,-125418748748.343,-61462848669.059,0.00215282530374551,0.0999977678389041,0.0215287335934708,-1.27931168494021,-0.488588185147849
0.559,-0.00176852659397792,0.00567386808026012,0.36884643436376,-1.81306096148826,-33.0854857320557,450.013904620075,-6245.27988674427,-77543.5590123914,1299791.95932114,6999993.60248563,527558942.761536,-30735811.4414537,-159563584533.977,61480839418.6072,0.00176852659397792,0.0999987950540076,0.0176854790402501,-1.241492208677,-0.584578428994754
0.56,-0.00141720544975457,0.00407318164023823,0.332875592607629,-1.40065293909244,-38.5995916313681,375.967781475329,-4708.30238679802,-70548.6865090567,1747569.10981569,6999998.21075348,367995358.227559,30745027.9771535,-172432905993.926,-61495700899.0822,0.00141720544975457,0.0999993786893919,0.0141721425505708,-1.1988872119857,-0.677845958173808
0.561,-0.00110433872750968,0.00284904631485526,0.292227007500208,-1.05879206592453,-42.3799616079701,308.921655922107,-2805.4744155342,-63543.5650677978,2029348.01504629,6999995.38828109,195562452.233633,-30750672.9219288,-178348714244.254,61507369666.2765,0.00110433872750968,0.0999996958991398,0.0110434208582346,-1.15167879705226,-0.768059170207363
0.562,-0.000833683341734866,0.00193441597835962,0.248789195549869,-0.780476295354896,-44.145599470369,248.875526243366,-708.069960078472,-56548.6937877,2135736.11015779,6999998.4001923,17213737.9893793,30756696.7443477,-180926626015.154,-61517288116.6466,0.000833683341734866,0.0999998597667873,0.0083368451083744,-1.10006607578302,-0.854896574728066
0.563,-0.000606996076414769,0.0012692445012936,0.20464472663502,-0.558707680720385,-43.7904710284543,195.829394551548,1406.11858140482,-49543.5699204883,2062486.5351396,6999996.45287833,-163712888.025774,-30760591.3722988,-181091669994.5,61527497659.2992,0.000606996076414769,0.099999939613749,0.00606996442957164,-1.04426423186656,-0.938048035279926
0.564,-0.000423927911048386,0.000800485751831035,0.16189273218554,-0.386484174015762,-41.3879401470671,149.783259738006,3356.56672753244,-42548.6991803529,1808227.81211657,6999999.61033568,-344804558.020274,30766906.2870004,-178083623696.098,-199998678974.886,0.000423927911048386,0.0999999759772577,0.0042392801288752,-0.984503590628601,-1.01721596324742
0.565,-0.000282097499032635,0.000482093403086258,0.122468595817477,-0.256808981967439,-37.1921470908004,110.731354902245,4962.71165668953,-35566.6492300362,1374381.44224825,6930767.17713523,-522888181.716372,-169231772.687885,-165869672403.766,-199999524869.823,0.000282097499032635,0.0999999912858737,0.0028209752361497,-0.921028702154211,-1.09211645940747
0.566,-0.000177345180033742,0.000275009417622092,0.0879636988738882,-0.162714541803926,-31.636303979623,78.5935506517918,6048.00406267896,-28753.8311933898,768558.424329991,6661535.64201244,-688757854.120138,-369231297.557709,-12124920963.5294,-199999656916.358,0.000177345180033742,0.0999999971641283,0.00177345185063024,-0.854097441802391,-1.16248040312228
0.567,-0.000104165365693824,0.000147073555225466,0.0594506907113966,-0.0974047021096996,-25.3193188855059,53.1006154107771,6470.1627397883,-22310.244476309,73738.1097280886,6192304.51599655,-700882775.083667,-569230954.474067,172559246515.746,-199999682133.176,0.000104165365693824,0.0999999991888911,0.00104165366538719,-0.78398013076269,-1.22805451168703
0.568,-5.62985025714825e-05,7.2753778061313e-05,0.0373509774254988,-0.0544525428048651,-18.921910918096,33.7833180466318,6222.21933639384,-16435.888717905,-540865.042097706,5523073.72045589,-528323528.567921,-769230636.607243,186816969597.693,-199999637661.127,5.62985025714825e-05,0.0999999998015131,0.000562985026832277,-0.710958672657903,-1.28860240519041
0.569,-2.73981233204449e-05,3.26770195325523e-05,0.0214295753296397,-0.0280003747706157,-13.0503939837791,19.9724277646177,5448.32869161179,-11330.7635886962,-975780.08586678,4653843.26501808,-341506558.970228,-969230274.26837,191259504497.777,-199999419067.741,2.73981233204449e-05,0.0999999999599584,0.000273981233314156,-0.635325676246361,-1.34390568076692
0.57,-1.16289279541279e-05,1.29599534862486e-05,0.0109280800666025,-0.0129597395127632,-8.13890394890829,10.7987141202579,4333.67191034286,-7194.86869732363,-1221656.89258812,3584613.28121584,-150247054.472451,-1169229693.33611,192982237711.389,169230491436.069,1.16289279541279e-05,0.0999999999937015,0.000116289279548604,-0.557383510934826,-1.39376499212616
0.571,-4.09990760868182e-06,4.34027659901589e-06,0.00474775048214553,-0.00520833184409148,-4.43306073403358,5.2083317184627,3069.05519680375,-4166.66518086982,-1275412.82820488,2499998.83359777,42735183.2389377,-999999201.900041,193166570912,199999592413.591,4.09990760868182e-06,0.0999999999992936,4.09990760871078e-05,-0.477443261166803,-1.43800112988848
0.572,-1.10969608182995e-06,1.13777748593988e-06,0.00164003889587223,-0.00170666621393978,-1.98654081367112,2.13333273709232,1847.20438870367,-2133.33268281981,-1136094.35950994,1599999.42790452,235901754.150937,-799999609.48645,190676402668.132,199999824999.129,1.10969608182995e-06,0.0999999999999515,1.10969608183049e-05,-0.395823575071786,-1.47645608692097
0.573,-2.00166783367283e-07,2.02499950361314e-07,0.000399169426413152,-0.000404999898793555,-0.660121795586083,0.674999826018657,860.840306713892,-899.999755491995,-804854.404024934,899999.730917635,426578156.81907,-599999784.487321,-33191452832.3183,199999898550.147,2.00166783367283e-07,0.0999999999999985,2.00166783367286e-06,-0.312849410609693,-1.50899404249785
0.574,-1.76117517291152e-08,1.77777735494705e-08,5.28228779403849e-05,-5.33333205670098e-05,-0.131995308616159,0.133333301010516,263.743072293106,-266.666600392996,-394871.973622023,399999.895705387,393386703.986752,-399999885.937174,-195208082358.104,199999933200.374,1.76117517291152e-08,0.1,1.76117517291152e-07,-0.228850684148805,-1.53550219549009
0.575,-2.75248085595344e-10,2.77777712134444e-10,1.65148851357207e-06,-1.66666627280666e-06,-0.00825744256786035,0.00833333136403334,33.0297702714413,-33.3333254561334,-99089.3108143238,99999.9763684,198178621.628647,-199999952.7368,-198178621628.647,199999952736.8,2.75248085601662e-10,0.1,2.75248085601662e-09,-0.144160834452825,-1.5558914270767
0.576,-4.37081637363038e-28,-8.11022186900938e-27,-1.7433055608341e-26,2.94992447035325e-23,2.52102877302387e-23,-6.93357164383421e-20,-1.55544642437955e-20,7.96729422788718e-17,0,0,0,0,0,0,8.12199108114986e-27,0.1,8.12199108114986e-26,-0.0591153504324183,-1.57009678963188
0.577,0,-1.16715027086976e-32,0,-5.95374070959569e-31,0,1.03372258405291e-20,0,7.96729422788718e-17,0,0,0,0,0,0,1.16715027086976e-32,0.1,1.16715027086976e-31,0.0259496675886732,-1.57807782038986
