time,x,y,vx,vy,ax,ay,jx,jy,snapx,snapy,cracklex,crackley,POPx,POPy,contour_error,allowed_error,error_utilisation,modal_x,modal_y
0,1.22691159972181e-08,-8.0565993329261e-13,7.62675383103919e-07,-1.93846025199206e-11,1.25383230198252e-05,-1.42476086970871e-10,0.000106692353097464,-8.04496564001903e-10,0.000994167919276523,-3.35350344274386e-09,3238.69883720649,-0.00519860668726258,2.85049011582841,-3.96132013747227e-06,8.0565993329261e-13,0.1,8.0565993329261e-12,8.84480045115904e-14,1.16788906750941e-15
0.001,2.53072212881745e-08,-1.63077588477097e-12,1.53061701399173e-06,-3.84087630843767e-11,2.54198666143958e-05,-3.50925670365473e-10,0.00182877429435541,-4.14167922275818e-09,3.24056094717576,-5.20437039351061e-06,5718.35024319369,-0.0080513255716095,200000002026.444,-199986419859.156,1.63077588477097e-12,0.1,1.63077588477097e-11,6.17538522647599e-11,1.59296105439736e-14
0.002,3.93979293567338e-08,-2.8023393748949e-10,3.97231058563699e-06,-1.66661063931636e-06,0.00837508923265731,-0.00833276811711629,33.3413590778393,-33.3310699905377,100008.960655055,-99993.2099428352,200007542.669414,-199986419.868446,200000001984.691,-199964539202.423,2.8023393748949e-10,0.0999999999999999,2.80233937489491e-09,3.03940811311373e-09,-2.73160403836483e-09
0.003,7.1495340893025e-08,-1.77798784002459e-08,5.64272558201469e-05,-5.3329605270703e-05,0.133400488590225,-0.133323369164883,266.687516924684,-266.644913068525,400016.504959602,-399961.899412494,400008806.637399,-399950959.071134,200000001977.825,114474415436.857,1.77798784002459e-08,0.0999999999999998,1.7779878400246e-07,1.74483313353929e-07,-1.73594798675928e-07
0.004,2.71618415180115e-07,-2.0205180431553e-07,0.000408907871610719,-0.000402346434741706,0.675109067272819,-0.661837958140924,900.041846461591,-847.503222777506,900025.31310508,-742675.6507652,600009602.38502,-285476543.63409,200000001958.664,199929139922.047,2.0205180431553e-07,0.0999999999999972,2.02051804315535e-06,1.95871551303445e-06,-1.9523051380437e-06
0.005,1.22313582315784e-06,-1.10961467153505e-06,0.00171143475108015,-0.00162194407608457,2.13350955399433,-1.91992804974553,2133.40537753579,-1699.59562203967,1600034.91688383,-928187.624438266,800010017.531156,-85547403.711801,200000001899.924,199942862621.204,1.10961467153505e-06,0.0999999999999439,1.10961467153567e-05,1.08454268655608e-05,-1.05664922526822e-05
0.006,4.44277467943341e-06,-4.01389919612115e-06,0.00521403783415074,-0.0045482661752525,5.2086114877991,-4.08954443232905,4166.77871558979,-2637.2331378971,2500044.93568124,-913763.596839464,1000010135.16202,114395458.909438,169213700045.821,199926732778.479,4.01389919612115e-06,0.0999999999992598,4.01389919615086e-05,4.06510093333583e-05,-3.74894181851833e-05
0.007,1.30805874683802e-05,-1.10833197612073e-05,0.01296650030756,-0.0101022885916355,10.7991420741114,-7.15626317856811,7195.03107670035,-3460.47788315211,3584661.92108757,-699404.771540786,1169223732.24672,314322191.687612,-200000001857.388,199830138588.765,1.10833197612073e-05,0.0999999999935837,0.000110833197619184,0.000118881525791527,-0.000100976079619056
0.008,3.28169264416568e-05,-2.53667320336697e-05,0.0280083551629336,-0.0190905961799175,19.9730515939294,-10.9057301599798,11330.9716006417,-3969.41653575088,4653885.65253826,-285167.510558792,969223483.252761,514152330.275719,-200000001911.153,-199643281669.702,2.53667320336697e-05,0.0999999999596148,0.000253667320439141,0.00029261325696811,-0.000224059264405532
0.009,7.29142827709697e-05,-5.05796381810521e-05,0.0544619527434381,-0.0320088032213044,33.7841798493677,-14.9403568661705,16436.1357275063,-4030.78176144994,5523109.13488439,129163.178882076,769223160.412282,314509048.605088,-200000001921.976,-199899680817.752,5.05796381810521e-05,0.0999999998006364,0.000505796382818895,0.000633900921393822,-0.000430167720122117
0.01,0.00014725621247209,-9.07226925319304e-05,0.0974157902082233,-0.0489315850730504,53.1017503094928,-18.8624680168342,22310.5231713891,-3777.68067173475,6192332.29437729,343722.387078288,569222829.716619,114609367.786287,-200000001918.748,-199927822630.409,9.07226925319304e-05,0.0999999991868752,0.000907226932696191,0.00124256082128601,-0.000737130826175357
0.011,0.000275216047070958,-0.000149700126697685,0.162727588033015,-0.0696224970499488,78.5949861315986,-22.4575162596485,28754.1336057832,-3409.97490453486,6661555.12362184,358367.843549371,369222555.148408,-85318454.8450984,-200000001883.345,-199925833989.905,0.000149700126697685,0.0999999971598654,0.0014970013094937,0.00224456286448468,-0.00115180435387082
0.012,0.000482326116760362,-0.000231105768502285,0.256824289689018,-0.0937304937855171,110.733110153326,-25.7108572278656,35566.9667282806,-3127.58726073951,6930777.67765494,173086.47170932,169222393.590503,-285244288.835713,-200000001676.81,-199884728547.646,0.000231105768502285,0.0999999912774595,0.00231105788660581,0.00378595809277415,-0.00166746117732948
0.013,0.000800746973242133,-0.000338208398967949,0.386502061345404,-0.120989847796079,149.785344947007,-28.8077704977533,42549.0223204821,-3130.43705487254,7000000.07016869,-212100.181400217,-30777599.134126,-485129017.383631,61555196267.6777,-52448194131.9029,0.000338208398967949,0.0999999759615786,0.00338208480267929,0.00602298316652005,-0.00226447487846345
0.014,0.00126953697558003,-0.000474136825421793,0.558728471282412,-0.151418837641179,195.831811065929,-32.1272978207806,49543.8928383476,-3593.84311065317,7000000.06915017,-723453.295849799,30777596.4516485,-537577211.515247,-61555191788.9718,199911655174.447,0.000474136825421793,0.0999999395859218,0.00474137111867358,0.00910935570122526,-0.00291419229379837
0.015,0.00193474277464065,-0.000642252632673143,0.780500313808823,-0.185484365698446,248.878277040605,-36.1641341287653,56549.0225516051,-4552.76640306489,7000000.06966828,-1161074.67977782,-30777586.9572504,-337665556.33991,61555172368.8439,199957649082.897,0.000642252632673143,0.0999998597194172,0.00642253533630143,0.0131822321179456,-0.0035854607785537
0.016,0.00284941082886068,-0.000846628774914478,1.05881964061882,-0.22413079857114,308.924742871711,-41.3453838955266,63543.8930644336,-5849.34758616564,7000000.0688813,-1398761.41157629,30777584.1761887,-137707907.255553,-61555166816.7471,199971388783.155,0.000846628774914478,0.099999695821357,0.0084663135018623,0.0183491847182615,-0.00425234479318037
0.017,0.00407358759653154,-0.00109246630905674,1.40068439972731,-0.268638054573732,375.971208557647,-47.9087313639863,70549.0227690112,-7283.6343865727,7000000.06961403,-1436483.62444026,-30777574.7967418,62263481.5295133,61555147258.5331,199976955616.518,0.00109246630905674,0.0999993785656233,0.0109247309806012,0.0246781088540309,-0.00490063539388161
0.018,0.00567431953579821,-0.00138633172605878,1.81309664282696,-0.320423756292372,450.017674099551,-55.8918979425896,77543.8932774495,-8655.65677764571,7000000.06843624,-1274231.66510249,30777570.7071726,262240437.148201,-61555139119.1562,199978822373.73,0.00138633172605878,0.0999987948624325,0.0138634843346457,0.0321911140187096,-0.00553139253652898
0.019,0.00772565310465987,-0.00173619467149175,2.303054317933,-0.380843261402718,531.0641394958,-65.1326313622807,84549.0229734345,-9765.43842044543,7000000.06955252,-912001.816767424,-30777561.0704268,462219259.524106,61555118148.5121,199977844250.547,0.00173619467149175,0.0999977675495432,0.0173623343204294,0.0408629448177034,-0.00616101617364755
0.02,0.0103086347609688,-0.00215126569295287,2.87755947673692,-0.450989686669481,619.110604748007,-75.2687017377061,91543.8934779928,-10413.0009667427,7000000.06754963,-349793.635118043,30777554.8376577,662197103.776551,-61555105754.8163,199972561532.43,0.00215126569295287,0.0999960286453198,0.0215135113073669,0.0506240292565849,-0.00681787904433904
0.021,0.0135113109624313,-0.00264163401014391,3.54361006725476,-0.531493929854551,714.157069854246,-85.7379011480848,98549.0231650841,-10398.3672897173,7000000.06948198,412389.749424725,-30777544.0451694,862169665.310313,61555078922.3294,199952730004.469,0.00264163401014391,0.0999931849999085,0.0264181404977382,0.0613677996342318,-0.00753589159682936
0.022,0.0174287281666065,-0.00321770530722755,4.30820814117694,-0.622324693022093,816.203534816752,-95.7780472552933,105543.893666108,-9521.56725263687,7000000.06489457,1374535.77973727,30777532.1834742,1062122395.31529,-61555055306.6085,-21238870447.9852,0.00321770530722755,0.0999886751557976,0.032180697486129,0.0729615209569848,-0.00834566331957037
0.023,0.0221629328309079,-0.00388943985871269,5.17835164652022,-0.722590356505667,925.249999631944,-104.436211172003,112549.023342378,-7619.51008698342,7000000.06940007,2426038.73982857,-30777516.6883857,1040883524.86677,29923524219.9387,-199960936946.44,0.00388943985871269,0.0999817162444988,0.0389015112443291,0.0852595293367979,-0.00926415333406384
0.024,0.0278229713686678,-0.00466540875870449,6.16104237137718,-0.830390279132762,1041.29514632501,-110.677553007559,119538.621926157,-4706.3564075459,6984184.31482141,3366941.79622212,-853995.583568717,840922587.918633,33339500881.0204,-199981360196.148,0.00466540875870449,0.0999712398131032,0.0466675092499253,0.0981175624950191,-0.0102840095774789
0.025,0.0345248877328459,-0.00555177518870341,7.26327167387165,-0.942826481455025,1164.3271130803,-113.568617309283,126527.935842963,-952.28354406375,7000000.06965668,4107873.70404268,32485511.3262812,640941227.719595,-200000000065.847,-199987770177.12,0.00555177518870341,0.0999558156117262,0.0555422929093894,0.111406751581885,-0.0113646787886443
0.026,0.0423917148812852,-0.00655136846872228,8.49202967302105,-1.05616155560556,1294.35213550807,-112.368473287379,133510.845348938,3442.72947880938,6932485.58098544,4648821.04667372,-167514518.985376,440953457.538466,-200000001390.922,-199990689344.183,0.00655136846872228,0.099933562598463,0.0655572392134756,0.125025881834757,-0.0124277607950745
0.027,0.0515534718785682,-0.00766294337580643,9.8542845559336,-1.16601715417989,1431.29297663511,-106.536173987907,140326.240348656,8278.69547269524,6664971.06132421,4989779.15954009,-367514572.89031,240962768.189332,-200000001559.086,-199992192635.861,0.00766294337580643,0.0999020466923884,0.0767045684199208,0.138910864044003,-0.0133579045829904
0.028,0.0621470772653885,-0.00888063919748599,11.356835050716,-1.26757397706307,1574.88212193885,-95.7307614822486,146774.120799615,13355.6239842244,6197456.48766082,5130745.83141149,-567514637.433277,40970575.5478468,-200000001596.48,-199992940770.709,0.00888063919748599,0.0998581656310477,0.0889325288659703,0.153039660508345,-0.0140092304586668
0.029,0.0743160812199437,-0.0101936387740353,13.0061123709278,-1.35577176175328,1724.6520568448,-79.8112691923262,152654.486642601,18473.522946615,5529941.84946056,5071719.93657398,-767514702.81273,-159022365.22882,-200000001575.843,-199993175053.191,0.0101936387740353,0.0997980224876203,0.102142693010774,0.167431296172514,-0.0142165870544886
0.03,0.0882101980433604,-0.0115860275319899,14.8079802155231,-1.42550927536216,1879.93526671557,-58.8367230539038,157767.337812781,23432.3995047328,4662427.14592373,4812700.98381857,-967514761.195719,-359015540.287919,-200000001492.562,-199992947021.086,0.0115860275319899,0.0997167906234757,0.116189334409467,0.182138945433695,-0.0138104878076484
0.031,0.103984638645056,-0.0130368525101236,16.7675347687863,-1.47184430742557,2039.86423684981,-33.0661420199975,161912.674248363,28032.2605605709,3594912.38396554,4353688.9700201,-1167514807.038,-559008487.314472,-200000001289.354,-199992149600.626,0.0130368525101236,0.0996085743800743,0.1308808261865,0.197237837916873,-0.0126342280364349
0.032,0.12179924302804,-0.0145203813784017,18.8889047002712,-1.49019366296177,2203.37145248878,-2.95853806168692,164890.495897324,32073.1132620007,2327397.57626113,3694684.40790532,-1367514836.27007,-759000636.919758,-200000000624.572,-199990394113.058,0.0145203813784017,0.0994662716467003,0.145982966265967,0.212809224378049,-0.0105614903334148
0.033,0.141817412774152,-0.0160065614499089,21.1750511647488,-1.47653315527373,2369.1893988287,30.8270843652682,166500.802722384,35354.9656190942,859882.739656073,2835688.57392903,-1567514846.35984,-958991031.036358,-17911826443.5418,-199986400649.816,0.0160065614499089,0.0992814465178952,0.161224095853839,0.228922011644207,-0.00751271962176964
0.034,0.164204843782164,-0.0174616786851959,23.6275693195723,-1.42759759785183,2535.85814804461,67.4317296664092,166573.942733214,37677.8276107302,-716588.019948268,1776704.34256776,-1585426663.41212,-1158977431.68837,200000000592.123,-199973633106.737,0.0174616786851959,0.099044222511549,0.176301840151855,0.245613884637714,-0.00346869035815979
0.035,0.189128073976718,-0.0188492166876236,26.2465311104284,-1.34108079416465,2701.81789604811,105.796414308724,165097.974712223,38841.7142986026,-2202014.68308458,517740.094326016,-1385426635.80541,-1358951064.79585,200000001255.774,-72872531087.6935,0.0188492166876236,0.0987432089749464,0.190891271240801,0.262873902134218,0.00152001881079806
0.036,0.21675293961535,-0.0201309155096896,29.0304754198334,-1.21583446292429,2865.59229583997,144.667470455176,162236.580040559,38667.8334386827,-3487441.31827865,-877647.23601368,-1185426592.6743,-1431823595.88281,200000001456.826,199973182510.09,0.0201309155096896,0.098365474259327,0.204654282015834,0.280629152764196,0.00732851524424841
0.037,0.247243107971394,-0.0212680198220427,31.9765575195887,-1.05203734316317,3025.89592078908,182.666175226048,158189.758753928,37107.603268479,-4572867.91023475,-2209484.24064145,-985426538.692789,-1231850413.37064,200000001534.668,199985926070.455,0.0212680198220427,0.0978965787351648,0.217249878359673,0.298738350034005,0.0137585262068192
0.038,0.280758792210012,-0.0222226415273586,35.0807472548853,-0.851235274227744,3181.64334430697,218.472060719074,153157.51090105,34315.5248088304,-5458294.44816245,-3341341.69097687,-785426479.568512,-1031864487.29697,200000001548.717,199989868273.637,0.0222226415273586,0.0973206806724766,0.228344493419099,0.316993930823873,0.020545347687026
0.039,0.317455665961606,-0.0229590690615746,38.3380290443512,-0.616203669157235,3331.94913985838,250.953270179141,147339.83653859,30491.5825189169,-6143720.92694875,-4273211.24413701,-585426422.245363,-831874619.019257,200000001497.957,199991539205.784,0.0229590690615746,0.0966207284906151,0.237620533608424,0.335132517246221,0.0273716887342578
0.04,0.357483977895278,-0.0234448988710184,41.7426018801084,-0.350749804438203,3476.12788096612,279.177934286961,140936.735724853,25835.7658884709,-6629147.34842999,-5005090.09355337,-385426374.883909,-631883079.808919,200000001302.631,199992202156.075,0.0234448988710184,0.0957787526014933,0.244781835576473,0.352852622702811,0.0338881881360572
0.041,0.400987866292358,-0.0236519672814827,45.28807932783,-0.0595128307479813,3613.69414120909,302.414174290363,134148.20851221,20548.0662887054,-6914573.72263263,-5536977.07228425,-185426346.876582,-431890877.648175,199999999990.432,199992213228.493,0.0236519672814827,0.0947762692637382,0.249555795614462,0.369837789329275,0.0397387361769755
0.042,0.44810487361998,-0.0235570823768772,48.9676895267922,0.252236218324989,3744.36249421194,320.130103238708,127174.254938151,14828.4758131348,-7000000.06947119,-5868871.84331818,14573650.346066,-231898664.415255,-29147291332.0571,199991612361.131,0.0235570823768772,0.0935948077395281,0.251692192610043,0.385782838317998,0.0445880820397826
0.043,0.498965660786446,-0.0231425558861516,52.7744732803499,0.578794418317727,3868.03796582123,331.993826336404,120176.683799715,8876.9865730023,-7000000.06478819,-6000774.70155287,-14573640.1836113,-31907052.0502508,29147272404.2708,199990194214.698,0.0231425558861516,0.0922165707167188,0.250958756178903,0.400420637629538,0.0481490128232069
0.044,0.553693903018488,-0.0223965350781153,56.701432983598,0.914226945950923,3984.71343718088,337.873440641114,113174.25478046,2893.59004445995,-7000000.06875725,-5932686.65649576,14573629.3038771,168083142.167534,-29147253290.0772,199987302745.278,0.0223965350781153,0.0906252370848744,0.247133533644056,0.413546600270331,0.0502064657041024
0.045,0.612406275779884,-0.0213131346644653,60.741567664709,1.25256707053323,4094.38890829019,337.837034018355,106176.683636906,-2921.72382382786,-7000000.06609444,-5664609.86295559,-14573623.3212553,368070444.914979,29147241110.9673,199980817621.421,0.0213131346644653,0.0888069174467572,0.239994082411916,0.425037667365779,0.050636266040721
0.046,0.67521245453416,-0.0198923687121039,64.8878782950084,1.58801614377497,4197.06437915347,332.152682871003,99174.2546180457,-8368.96832805564,-7000000.06884685,-5196549.0092299,14573614.7466669,568051262.537621,-29147225357.3493,199959905542.069,0.0198923687121039,0.086751272361614,0.22930348075109,0.434863258283399,0.0494167357768638
0.047,0.742215114744592,-0.0181398825671451,69.1333639026741,1.91514358611984,4292.73984977088,321.288446911261,92176.6834703965,-13248.1650550929,-7000000.06677403,-4528517.79392124,-14573610.0609729,768011168.080049,29147215817.2028,-6172112200.3863,0.0181398825671451,0.0844528008081676,0.214793143549489,0.443087090455657,0.0466321319557586
0.048,0.813509931874212,-0.0160664850826036,73.4710254590347,2.22908514657374,4381.41532014646,305.903767649052,85174.2544520177,-17393.7059503405,-7000000.06891226,-3763592.68194138,14573602.6087896,761839055.879343,-29147201754.4357,-199950451860.357,0.0160664850826036,0.0819123043881998,0.196142511221038,0.449859803777058,0.0424676800163252
0.049,0.889185581385807,-0.0136874977494128,77.8938619922736,2.52569487284614,4463.09079028084,286.746907264815,78176.6833010425,-20809.704179652,-7000000.06717514,-3101728.85199222,-14573598.6896511,561888604.018243,29147193780.6058,-199970283136.875,0.0136874977494128,0.0791385309128134,0.172956176865252,0.455403221670751,0.0371966276770673
0.05,0.96932373874192,-0.0110220225418015,82.3948744737234,2.80154171882439,4537.76626017792,264.471654664717,71174.2542832752,-23663.8171101576,-7000000.06895971,-2639825.38954241,14573591.8602204,361918320.88052,-29147180663.7353,-199974497175.185,0.0110220225418015,0.0761499989549992,0.144740941471515,0.459987884453495,0.0311596868952897
0.051,1.05399907940486,-0.00809229622044748,86.9670619315727,3.05375490751795,4605.44172983865,239.539912309322,64176.683129516,-26156.012422122,-7000000.06742528,-2377894.31724948,-14573588.420658,161943823.704692,29147173675.1521,-199972638958.15,0.00809229622044748,0.0729770027216525,0.110888306160133,0.463906124250482,0.0247373277934425
0.052,1.14327927883669,-0.00492322870011963,91.6034253371584,3.27982557912412,4666.11719926688,212.213611172753,57174.2541125251,-28486.2636006786,-7000000.06899313,-2315936.81302386,14573581.9606484,-38028815.2535931,-29147161110.776,-199961925022.355,0.00492322870011963,0.0696637942111386,0.0706712684238558,0.467443356452999,0.0183167605832401
0.053,1.23722501249924,-0.00154214111881122,96.2969637186746,3.47740681815164,4719.79266846381,182.554709283057,50176.6829564025,-30854.5418088328,-7000000.06758139,-2453946.59078864,-14573578.820513,-237990740.275336,29147154742.5766,-199898162660.676,0.00154214111881122,0.0662709370961658,0.0232702476588405,0.47085040240634,0.01225673159122
0.054,1.33588995585412,0.00202129612087717,101.040678047463,3.64411368334074,4766.46813743332,150.425199965626,43174.2539403768,-33460.8001302025,-7000000.06901506,-2791886.41239431,14573572.5846211,-437888902.934498,-29147142496.4652,199905818866.058,0.00202129612087717,0.0628778241251402,0.0321464069248702,0.474319522939745,0.00685358249267116
0.055,1.4393207843627,0.00573492590334867,105.827567351723,3.77732658935835,4806.14360617688,115.503804554821,36176.6827822367,-36438.3133575864,-7000000.0676719,-3129822.40589578,-14573569.6163711,-237983084.065975,29147136490.6239,199969118658.721,0.00573492590334867,0.0595853470889641,0.0962472517746036,0.477966447531665,0.00231186410833684
0.056,1.54755717348613,0.00956379922723142,110.650632602801,3.87408135062301,4838.81907469849,77.4692481938301,29174.2537673817,-39653.7991190723,-7000000.06902718,-3267820.9306324,14573563.5119318,-38013965.4039082,-29147124406.2935,199980992893.991,0.00956379922723142,0.0565187055764403,0.169214760488394,0.481820072535235,-0.00127738386175063
0.057,1.66063179868531,0.0134698700363923,115.502872828903,3.93117914503788,4864.49454299983,36.1835354901406,22176.6826075178,-42907.2968669246,-7000000.06771152,-3205844.39958931,-14573560.6147325,161967027.494128,29147118559.9435,199985410289.452,0.0134698700363923,0.0538303378634248,0.250228227631921,0.485820734601678,-0.00394703776468664
0.058,1.77857033542097,0.0174118577828617,120.37728900138,3.94538313987565,4883.17001108511,-8.29135634641158,15174.2535940513,-45998.8268510523,-7000000.0690305,-2943884.66695045,14573554.5758163,361952437.788039,-29147106518.8315,199987148828.577,0.0174118577828617,0.0517029543730849,0.336767173055894,0.489827120361577,-0.00585047938722837
0.059,1.90139145915357,0.0213453094047899,125.266880148445,3.91361847058067,4894.84547895622,-55.6934673267086,8176.68243271673,-48728.4041076377,-7000000.06770723,-2481938.65474813,-14573551.6617088,561939586.621128,29147100655.1353,199987303292.174,0.0213453094047899,0.0503526512325589,0.423916296010003,0.493631032187935,-0.00724456604414166
0.06,2.02910684534338,0.0252228612867007,130.164647241455,3.83317222547878,4899.52094661754,-105.560851359683,1174.25342086767,-50896.0417518603,-7000000.06902561,-1820005.41648091,14573545.6342041,761926889.917459,-29147088552.2767,199985840014.213,0.0252228612867007,0.05,0.504457225734014,0.496978475797079,-0.00846080248415456
0.061,2.16172116945046,0.0289947012056632,135.06358930863,3.7018934325208,4897.19641407117,-157.231575261601,-5823.31774171902,-52301.7527500472,-7000000.0676608,-958085.606556343,-14573542.6184923,961912729.935067,29147082501.9803,199981373214.118,0.0289947012056632,0.05,0.579894024113265,0.499594939263234,-0.00986766614931278
0.062,2.29923210693465,0.0326092302644186,139.956707321332,3.51839304617007,4887.87188132165,-209.843719469617,-12825.74675171,-52745.5517627673,-7000000.06901272,103817.809985784,14573536.5505675,1161894103.15144,-29147070227.5076,199965914555.954,0.0326092302644186,0.05,0.652184605288372,0.501212352295006,-0.0118278610437081
0.063,2.44163033325559,0.036013924810683,144.837000307787,3.28224393243662,4871.54734837118,-262.335381397398,-19823.3179153623,-52027.45924878,-7000000.0675694,1365694.8704152,-14573533.3432408,1361860017.7082,29147063811.3664,-48140372981.1083,0.036013924810683,0.05,0.720278496213661,0.501595082148133,-0.0146547216577844
0.064,2.58889952387273,0.0391563979943375,149.697469239366,2.99417878023699,4848.22281522447,-313.455022390581,-26825.7469232392,-49988.8577650076,-7000000.06899167,2703484.70163285,14573527.1769073,1313719644.72626,-29147051232.8076,-199967769754.086,0.0391563979943375,0.05,0.78312795988675,0.500562449658371,-0.018572021773328
0.065,2.7410163542453,0.0419856411014118,154.531113144302,2.65623298168126,4817.89828188373,-361.881516521432,-33823.3180878029,-46661.8412026372,-7000000.06742501,3917220.46148206,-14573523.6731283,1113751874.96964,29147044242.6569,-199983269252.595,0.0419856411014118,0.05,0.839712822028236,0.498005618421691,-0.0236812493787677
0.066,2.89795049983234,0.0444533285715294,159.330932993971,2.2717181544501,4780.57374835378,-406.407454817415,-40825.7470932872,-42221.0753485455,-7000000.06896194,4930980.7018254,14573517.334429,913768605.712881,-29147031180.5221,-199987790644.061,0.0444533285715294,0.05,0.889066571430588,0.493897284694906,-0.0299405681072683
0.067,3.05966463609272,0.046515018946387,164.089927816615,1.84505839921667,4736.24921463679,-446.019077872363,-47823.3182586423,-36866.541642304,-7000000.06721207,5744755.41221625,-14573513.4001353,713780815.063268,29147023351.0878,-199989253961.367,0.046515018946387,0.05,0.930300378927739,0.488293315146377,-0.0371589964906747
0.068,3.22611443848509,0.048131168417481,168.801098583616,1.3815915840635,4684.92468073772,-479.902611225219,-54825.7472614206,-30798.2273648825,-7000000.06892212,6358541.60029884,14573506.78541,513791561.095321,-29147009543.0046,-199988782036.363,0.048131168417481,0.05,0.96262336834962,0.48132627389152,-0.045006990888189
0.069,3.39724858246794,0.0492679446003069,173.457444323223,0.887369357513045,4626.6001466586,-507.444268729193,-61823.3184274868,-24216.1214477082,-7000000.06690306,6772338.77037598,-14573502.235168,313802779.051834,29147000502.5473,-199984996942.59,0.0492679446003069,0.05,0.985358892006137,0.473191569559078,-0.0530423181065226
0.07,3.57300874349957,0.0498978403204644,178.051966006824,0.368957159778341,4561.27561240458,-528.230253036821,-68825.7474271875,-17320.2121206294,-7000000.06887244,6986149.05095651,14573495.1857215,113817782.102144,-29146985525.0426,-199956382343.496,0.0498978403204644,0.05,0.997956806409288,0.464127662277398,-0.0607485121229037
0.071,3.7533295970381,0.0500000874112083,182.577662662679,-0.166765765022937,4488.95107797755,-542.046752517535,-75823.3185939338,-10310.4802423451,-7000000.06644474,6999988.64188691,-14573489.7279478,-86138600.2478094,29146974700.9078,171971334864.494,0.0500000874112083,0.05,1.00000174822417,0.454392329921399,-0.0675820169099573
0.072,3.93813881854149,0.0495608710619041,187.02753526218,-0.712803248896916,4409.62654338296,-548.864429399919,-82825.7475900848,-3324.89901143744,-7000000.06880917,6999835.70907133,14573481.9855656,85832734.6230308,-29146957823.1505,-171385834244.663,0.0495608710619041,0.05,0.991217421238082,0.444237351712967,-0.0730233159795797
0.073,4.1273570834675,0.0485733736036604,191.394582833595,-1.26216134037542,4323.3020086225,-548.682246177299,-89823.3187575434,3689.2887592385,-7000000.06573141,6999975.52657204,-14573475.125574,-85553099.6268532,29146944229.4624,170697035011.931,0.0485733736036604,0.05,0.971467472073207,0.433884091385548,-0.0766267419751876
0.074,4.32089806727377,0.0470377772295699,195.671806348324,-1.80783442184022,4229.97747370216,-541.500116128023,-96825.7477494844,10674.9372418329,-7000000.06872995,6999770.94445114,14573466.2227219,85143935.388264,-29146924017.8113,-169884199143.899,0.0470377772295699,0.05,0.940755544591397,0.423502344007665,-0.0780628803338478
0.075,4.51866844541773,0.0449612640547076,199.852204834641,-2.3428283089233,4129.65293862334,-527.318181266109,-103823.318917773,17688.9661207879,-7000000.06451318,6999972.78026746,-14573456.9715301,-84740263.7555607,29146905685.448,78531940488.9562,0.0449612640547076,0.05,0.899225281094153,0.413194463181314,-0.0771491607041467
0.076,4.72056789335668,0.0423580159027369,203.928779263955,-2.86013822145082,4022.32840339295,-506.14007996804,-110825.747904442,24659.657425926,-7000000.06863054,6954498.48675638,14573445.9493954,-6208323.26665293,-29146878720.3367,103357191834.456,0.0423580159027369,0.05,0.847160318054738,0.402986246886932,-0.0738657844362084
0.077,4.92648908654775,0.0392492074649219,207.894528664548,-3.35278878704666,3908.0038680119,-477.999901469397,-117823.319073758,31628.2779496883,-7000000.06203926,6999968.75940695,-14573431.8257025,97148868.5678937,29146850699.359,-194298639336.187,0.0392492074649219,0.05,0.784984149298438,0.392825383956631,-0.0683556849832005
0.078,5.13631770044794,0.035662982330008,211.742454007837,-3.81380545943014,3786.67933248892,-442.863543438378,-124825.748053028,38644.4380368233,-7000000.06850475,6999968.30830675,14573416.2356879,-97149770.7684164,-29146804571.0539,-199946524375.131,0.035662982330008,0.05,0.71325964660016,0.382587518071956,-0.0609088243509555
0.079,5.34993241051409,0.0316344764347222,215.465554322116,-4.23618583666789,3658.35479682393,-400.743643980941,-131823.319223146,45562.5070390167,-7000000.0545535,6802845.27535077,-14573387.2591559,-297096295.143781,29146746919.9815,-199976033036.73,0.0316344764347222,0.05,0.632689528694444,0.372089244095234,-0.0519319231935416
0.08,5.5672048922029,0.0272057932437059,219.056830578808,-4.61302846514835,3523.03026103115,-351.837562688117,-138825.74818832,52183.4748279561,-7000000.06834313,6405760.96368862,14573357.1581355,-497072328.180818,-7553103762.50256,-199981863823.297,0.0272057932437059,0.05,0.544115864874118,0.361106686146642,-0.0419076825774148
0.081,5.78799982100093,0.0224258057478323,222.50928198617,-4.93772904155477,3380.70662483772,-296.542385344044,-145819.720436006,58307.3693169171,-6989203.26306615,5808697.70359615,7020254.61131396,-697054192.004484,-35634119368.7573,-199983335186.065,0.0224258057478323,0.05,0.448516114956646,0.349397780652592,-0.0313488087593671
0.082,6.0121748740741,0.0173497593691524,225.815914014293,-5.20418033651722,3231.39198585086,-235.455175513053,-152811.352598085,63734.2093686467,-7000000.06813073,5011651.84399864,-28613867.1167394,-897037527.190967,57227735939.7827,-199982410482.608,0.0173497593691524,0.05,0.346995187383048,0.336726066251085,-0.0207516300162321
0.083,6.23958073596603,0.0120386748969968,228.969733069305,-5.40697217524202,3075.07824647064,-169.372979077498,-159816.121649314,68264.0120473028,-7000000.06727861,4014623.11156636,28613870.1858588,-1097019937.67401,199999997393.012,-199978163477.594,0.0120386748969968,0.05,0.240773497939936,0.322883670755182,-0.0105538310422119
0.084,6.47006109325697,0.00655855144206918,231.963739567002,-5.54159142022371,2911.77522479085,-99.2928245542902,-166768.481453218,71696.7954961194,-6871386.19840075,2817614.09215356,228613876.609268,-1296998101.15197,199999999624.784,-199962687719.746,0.00655855144206918,0.05,0.131171028841384,0.307711122892914,-0.00110036498804863
0.085,6.70345265383371,0.000979369408157256,234.790996624428,-5.60462195276686,2741.61748353006,-26.4117201410244,-173492.227383727,73832.5834230772,-6542772.32198243,1420634.64714172,428613888.307923,-1496960788.87188,199999999847.496,-158534278858.218,0.000979369408157256,0.05,0.0195873881631451,0.291112448971677,0.00737924308544359
0.086,6.93958528733184,-0.00462610645772987,237.444797162272,-5.59394430339402,2564.93363656938,47.8750815458519,-179787.359430981,74478.3152959735,-6014158.43374744,-155593.281159269,628613899.5867,-1655495067.7299,199999999396.701,199970407491.716,0.00462610645772987,0.05,0.0925221291545974,0.273065083883313,0.0147801363951774
0.087,7.17828235394789,-0.0101837201507814,239.918862715112,-5.5089233091198,2382.252297801,122.008016457042,-185453.877583468,73528.302882198,-5285544.5344543,-1711103.14514331,828613907.053735,-1455524660.23743,199999997385.622,199986272042.095,0.0101837201507814,0.05,0.203674403015628,0.253624349961132,0.0211172165101792
0.088,7.4193612330533,-0.0156194678639744,242.207543431424,-5.35049530556409,2194.30208112757,194.446513084882,-190291.781832282,71122.7684522765,-4356930.62870079,-3066634.66935969,1028613907.37355,-1255538388.19388,137471214956.652,199991215799.287,0.0156194678639744,0.05,0.312389357279487,0.232922247001831,0.0265071842560913
0.089,7.66263405172137,-0.0208610240616237,244.306017552513,-5.12104916172499,2002.00899509196,263.835040772192,-194111.493637925,67461.6964581197,-3259581.11384158,-4222177.44965391,1166085119.34812,-1055547172.39228,-199999997610.055,199993402469.821,0.0208610240616237,0.05,0.417220481232475,0.211160743271642,0.0311410736007043
0.09,7.90790860774865,-0.0258390965112754,246.210474531289,-4.82422928368484,1806.45372254555,329.018057035797,-196821.365523806,62745.0776560144,-2193495.99329204,-5177727.92081128,966085113.052987,-855553769.919387,-199999999663.051,199994399812.84,0.0258390965112754,0.05,0.516781930225508,0.188600235779115,0.035251561720288
0.091,8.15498943422668,-0.0304885818258787,247.918190641427,-4.46473562413857,1608.68828731129,389.04001153721,-198565.152291606,57172.9052502117,-1327410.88006626,-5933284.49082425,766085100.224194,-655559370.102933,-200000000217.803,199994589928.283,0.0304885818258787,0.05,0.609771636517575,0.165543846244295,0.0390785769839861
0.092,8.40367883788631,-0.0347495210139896,249.427405429464,-4.04812368929855,1409.57877450548,443.14534775589,-199542.853951656,50945.1735059898,-661325.779950015,-6488846.56596304,566085084.603176,-455564780.171023,-200000000298.462,199993661997.763,0.0347495210139896,0.05,0.694990420279791,0.142317500040849,0.0428365764725663
0.093,8.65377776471417,-0.0385678550362412,250.737124527045,-3.5806045447023,1209.79126923178,490.778503585941,-199954.470518373,44261.8768269396,-195240.695499767,-6844414.51513518,366085069.938605,-255571118.170501,-199999999861.556,199987823778.792,0.0385678550362412,0.05,0.771357100724824,0.119246355387032,0.0466866552628067
0.094,8.90508646603776,-0.041895980367487,251.846919650916,-3.06884482093112,1009.79185657879,531.583910796243,-200000.00200685,37323.0080566805,70844.3744984266,-6999991.72141628,166085061.063642,-55583294.3911271,-199999997496.662,111159088599.559,0.041895980367487,0.05,0.837919607349739,0.0966296605858607,0.0507161402007608
0.095,9.15740496461053,-0.0446931046886764,252.756728602898,-2.51976746129394,809.846621621508,565.402290739927,-199879.448437874,30313.7512028329,136929.436808603,-6999995.47150763,-33914939.5083928,55575794.2075057,-199999984340.711,-53747458124.0324,0.0446931046886764,0.05,0.893862093773528,0.0747165001254876,0.0549275584848796
0.096,9.41053332069694,-0.0469254099725999,253.466655269884,-1.94037309336888,610.021649418355,592.223067363459,-199792.80980362,23332.5857187387,3014.50512791561,-6971293.40636213,-233914924.124649,1828336.08396147,199999877729.804,-61062462781.484,0.0469254099725999,0.05,0.938508199451997,0.0536847778258057,0.0592378660380176
0.097,9.66427169871311,-0.048566073290003,253.97677295716,-1.33764604833194,410.199691703669,612.067766833981,-199873.41944861,16352.0294032848,-130900.480131881,-6999996.30166891,-33915045.9469418,-59234126.6985495,199999925924.775,118500171272.124,0.048566073290003,0.05,0.971321465800061,0.0336254464753659,0.0634873922613474
0.098,9.91842026608962,-0.0495952520941019,254.287014388394,-0.718570413723414,210.263500159377,624.914863240717,-199987.944130668,9342.16606680777,-64815.563115903,-6999980.3427314,166084880.139277,59266044.573959,-181708394352.578,-118565264620.86,0.0495952520941019,0.05,0.991905041882038,0.0145337620640019,0.06745647143881
0.099,10.1727790916042,-0.0500000993670359,254.397278524656,-0.0901496497660619,10.2632551953038,630.761976592513,-200000.001984965,2352.05786892173,10415.1198468773,-6999996.93046786,-15623514.2740216,-59299220.0480358,-15620196031.4638,118611175298.69,0.0500000993670359,0.05,1.00000198734072,-0.00369004679651447,0.0708874125546688
0.1,10.427148180974,-0.049774768325414,254.30754273069,0.540620207124613,-189.734796673128,629.60909492675,-200000.0019876,-4657.82014235917,-13018.4924432362,-6999990.56286655,-31243710.2240201,59311955.2509329,199999635875.974,-118637567351.276,0.049774768325414,0.05,0.99549536650828,-0.0212295402541703,0.0735099985503857
0.101,10.6813275347168,-0.0489204115215573,254.017806117575,1.16673520965872,-389.738184554197,621.456221598338,-199995.309062618,-11647.9276554982,55737.6152711613,-6999997.39129125,168755925.61547,-59325612.1015853,-199999862765.902,118658593329.882,0.0489204115215573,0.05,0.978408230431146,-0.0383326033541838,0.0750679269248929
0.102,10.9351171549106,-0.0474451818291025,253.528084914713,1.78119931839993,-589.68583482387,606.303351754534,-199888.52679402,-18657.8114206252,124493.609503566,-6999993.70672789,-31243937.4049631,59332981.2284786,-192955258680.764,-118673933128.471,0.0474451818291025,0.05,0.94890363658205,-0.0552864635072851,0.0753435678733842
0.103,11.1883170990814,-0.0453642321174426,252.838472629758,2.37700858255999,-789.52536460424,584.150487564603,-199811.814360951,-25647.9176256008,-3227.95724374675,-6999997.69206364,-224199195.57884,-59340951.9013227,199999986761.728,118687311938.492,0.0453642321174426,0.05,0.907284642348852,-0.0723887347608185,0.0741786509551068
0.104,11.4407275176039,-0.0426997152508655,251.949033111467,2.94716696222068,-989.367828797236,554.99762623977,-199893.808581745,-32657.8045749661,-127427.159446856,-6999994.98799572,-24199205.5012122,59346360.0372825,199999997668.945,-118701599256.02,0.0426997152508655,0.05,0.853994305017311,-0.0899179758625856,0.0714889197108889
0.105,11.692148558202,-0.039480784090315,250.859697757671,3.4846705047904,-1189.32105346465,518.844769331303,-200000.002006828,-39647.9099828269,-51626.3661231876,-6999999.42758644,175800801.404124,-59355239.2201211,199999999896.323,199998192959.831,0.039480784090315,0.05,0.789615681806299,-0.108107760887847,0.0672714031866016
0.106,11.94238027396,-0.0357435913799433,249.570377041626,3.98252384713354,-1389.30923780741,475.695300352944,-199930.394643254,-46644.2539978713,224174.435225453,-6959355.57032667,375800815.855539,140642953.765334,200000000316.5,199999357008.964,0.0357435913799433,0.05,0.714871827598865,-0.127125413077975,0.0616036911707282
0.107,12.1912226996695,-0.0315312827589062,248.081157237386,4.43374465592888,-1589.05658102854,425.603142368427,-199484.986469992,-53499.954865155,699975.251240241,-6718712.93805687,575800831.724041,340642310.819097,200000000232.716,199999549819.481,0.0315312827589062,0.05,0.630625655178123,-0.147055811164634,0.0546354488167738
0.108,12.4384761276295,-0.0268939303314393,246.392500419813,4.8314938969137,-1788.08728230775,368.808938066513,-198463.77747176,-60015.0133895066,1375776.08308502,-6278070.85232806,775800845.227574,540641860.694798,199999999679.901,199999608363.866,0.0268939303314393,0.05,0.537878606628785,-0.167891477494062,0.0465736061261352
0.109,12.6839415834478,-0.021888291581476,244.505444464598,5.16927317819124,-1985.72554080956,305.753329543349,-196666.767634001,-65989.4300434338,2251576.92815901,-5637429.18745135,975800853.653273,740641469.118686,199999997638.724,199999609821.577,0.021888291581476,0.05,0.43776583162952,-0.189529828359043,0.0376638610296254
0.11,12.9274215018417,-0.0165773687305396,242.421803048273,5.44112474974062,-2181.09555568578,237.076958466248,-193893.956946282,-71223.2052280287,3327377.78063901,-4796787.91342186,1175800854.29285,940641078.99693,-160396861805.946,199999559899.46,0.0165773687305396,0.05,0.331547374610792,-0.211777764571351,0.0281705834924651
0.111,13.168720601938,-0.0110297680960734,240.144362644915,5.64183150301038,-2373.13654261682,163.620466107143,-190005.411548005,-75516.3393419746,4422980.2040359,-3756147.05447519,1015403989.5351,1140640638.9432,-199999997412.524,199999416937.791,0.0110297680960734,0.05,0.220595361921469,-0.234363068988756,0.0183570997445802
0.112,13.4076469334869,-0.00531885945017076,237.677001106833,5.76711697051515,-2560.76956584285,86.4244933168564,-185108.062680325,-78668.8328408264,5338384.19487017,-2515506.70706307,815403984.009745,1340640055.91229,-199999999411.364,199998933717.184,0.00531885945017076,0.05,0.106377189003415,-0.256951696763725,0.00846826973122099
0.113,13.6440129396861,0.000478264621267349,235.024599446288,5.81384532537058,-2743.08087150074,6.72968041660775,-179395.309823937,-80480.6863643168,6053788.17917689,-1074867.18429216,615403973.101264,1540638989.64079,-199999999859.417,71658821543.4019,0.000478264621267349,0.05,0.00956529242534698,-0.279170704605547,-0.00128297608380412
0.114,13.8776363688392,0.00628202918057793,232.192853749509,5.78022031113324,-2919.35505560297,-74.0286805957484,-173067.152987817,-80773.2909168659,6569192.15234718,501601.216120362,415403961.107779,1612297811.17252,-199999999637.49,-199999028149.754,0.00628202918057793,0.05,0.125640583611558,-0.300636148341374,-0.0107238821341594
0.115,14.1083409897048,0.0120118066837572,229.188075506706,5.6659541005036,-3089.0767141726,-154.290787901659,-166323.59218355,-79498.8739665165,6884596.11362701,2013899.51321796,215403952.395998,1412298782.98687,-199999997418.021,-199999515624.123,0.0120118066837572,0.05,0.240236133675144,-0.320983611795533,-0.0197242615140834
0.116,14.3359571069003,0.0175874606712487,226.01699161206,5.47230670765663,-3251.93044324382,-232.555662301524,-159364.627421073,-76812.1583144053,7000000.0672931,3326198.5383929,15403953.6064707,1212299267.30393,-30807905500.3856,-199999666545.176,0.0175874606712487,0.05,0.351749213424974,-0.339898399809856,-0.0281936124343658
0.117,14.5603218765408,0.0229308356270986,222.68654577365,5.20194818161975,-3407.79378918715,-307.511004796883,-152362.060021439,-72913.1434201111,7000000.06814103,4438497.97242427,-15403949.5230779,1012299600.68047,-11922074068.1733,-199999729934.817,0.0229308356270986,0.05,0.458616712541971,-0.357142460813404,-0.036074935604233
0.118,14.7812794355341,0.0279670689006254,219.203736739047,4.85876087064782,-3556.65891541701,-378.044515962743,-145371.748933073,-68001.8289356584,6978635.08158395,5350797.70813734,-27326024.8129149,812299870.654958,97382023181.7248,-199999751491.094,0.0279670689006254,0.05,0.559341378012507,-0.372575329703604,-0.0433371008407655
0.119,14.9986809171437,0.0326257030058359,215.575554579374,4.44763942258006,-3698.54184566953,-443.24389606703,-138390.546518513,-62278.2145840939,7000000.06835248,6063097.70304674,70056000.8839123,612300119.071409,-140112029155.577,-199999735954.33,0.0326257030058359,0.05,0.652514060116718,-0.386166421757238,-0.0499667344058783
0.12,15.2123844400341,0.0368415979211537,211.808985722285,3.97429078512088,-3833.42655620142,-502.39684511517,-131378.870445562,-55942.3001108174,7000000.05465765,6575397.95414096,-70056029.3528783,412300383.037813,140112086438.209,-199999642308.645,0.0368415979211537,0.05,0.736831958423074,-0.397996741861092,-0.055960425889812
0.121,15.4222551195465,0.0405556433894132,207.91103448223,3.44503420609795,-3961.31126660362,-554.991062851591,-124390.546381352,-49194.0852388502,7000000.06851346,6887698.51602439,70056059.7368445,212300740.682953,-140112132305.129,-199998802329.838,0.0405556433894132,0.05,0.811112867788265,-0.408249501586025,-0.0613180087226519
0.122,15.6281650709627,0.0437152712181212,203.888696188942,2.86660123375091,-4082.19597686192,-600.714248675566,-117378.870294419,-42233.5694861744,7000000.06209581,6999999.85554234,-70056073.5173282,12301938.365386,140112160143.431,-45235776711.7733,0.0437152712181212,0.05,0.874305424362424,-0.417190989540294,-0.0660375545415317
0.123,15.8299934095647,0.0462747677950433,199.748975512966,2.24593700694873,-4196.08068697624,-639.447652753216,-110390.546231037,-35234.9579575294,7000000.06863883,6989683.90555184,70056089.4053153,-32933838.3528203,-140112186973.677,86499452414.3232,0.0462747677950433,0.05,0.925495355900867,-0.425143630024283,-0.0701125448167266
0.124,16.0276262506348,0.0481953992545488,195.498867784044,1.59003617567189,-4302.96539693771,-671.189653607295,-103378.87013678,-28247.3243957054,7000000.06455447,6999999.79340613,-70056098.3944013,53565614.0749917,140112205180.299,-107133607509.582,0.0481953992545488,0.05,0.963907985090976,-0.432453918593008,-0.0735313460988197
0.125,16.2209567094553,0.0494454243696666,191.145377672734,0.905890870365668,-4402.85010674522,-695.932514426264,-96390.5460744542,-21238.3973964587,7000000.06873797,6999998.60372632,70056109.6832212,-53567993.4396823,-140112225303.512,107138460896.766,0.0494454243696666,0.05,0.988908487393333,-0.439458416048081,-0.0762782801158547
0.126,16.4098849013086,0.050000100308339,186.695500508786,0.200504489436195,-4495.73481639168,-713.675376441149,-89378.8699749916,-14247.3263792389,7000000.06576577,6999999.84073527,-70056116.3333299,53570467.4720374,140112238795.39,-107141816132.702,0.050000100308339,0.05,1.00000200616678,-0.446451133949971,-0.0783351433017237
0.127,16.5943179414775,0.0498416859747615,182.156240962767,-0.519126540269405,-4581.61952587552,-724.418238756775,-82390.54591353,-7238.39827404938,7000000.06881709,6999999.40014079,70056125.4670556,-53571348.6641561,-140112255608.053,107143654766.138,0.0498416859747615,0.05,0.996833719495231,-0.453655465903744,-0.0796829939347117
0.128,16.7741699452446,0.0489594367397593,177.534594364432,-1.24599864775113,-4660.50423519061,-728.161101596923,-75378.8698099217,-247.327272361984,7000000.06647568,6999999.87885963,-70056130.751898,53572306.1186427,140112266340.721,-107145060025.317,0.0489594367397593,0.05,0.979188734795187,-0.461203339149564,-0.0803040034394439
0.129,16.9493620278931,0.0473496097396162,172.83756538436,-1.9731154048223,-4732.38894433516,-724.903964617637,-68390.545749212,6761.60124964808,7000000.06888039,6999999.65496558,70056138.690222,-53572753.908369,-140112281266.298,107146014383.835,0.0473496097396162,0.05,0.946992194792324,-0.469123523383473,-0.0801831769295738
0.13,17.119822304706,0.0450154621103869,168.072149352312,-2.69347324021863,-4797.27365330369,-714.646827944106,-61378.8696421199,13752.6721968301,7000000.06693236,6999999.90824904,-70056143.0965126,53573260.4939885,140112290218.693,-107146789083.747,0.0450154621103869,0.05,0.900309242207739,-0.477340120636539,-0.0793097762618579
0.131,17.2854858909666,0.0419672509878544,163.245350938874,-3.4000757256913,-4855.15836209432,-697.389691394714,-54390.5455821345,20761.6009372636,7000000.06893081,6999999.7742011,70056150.3079109,-53573528.5895494,-140112303983.127,107147369530.953,0.0419672509878544,0.05,0.839345019757088,-0.485681255042521,-0.077678311604236
0.132,17.4462949019585,0.0382222335076492,158.364165473815,-4.08591928984117,-4906.043070702,-673.13255504668,-47378.8694720334,27752.6718422214,7000000.06724147,6999999.93037693,-70056154.1176517,53573840.9618399,140112311722.935,-107147861785.159,0.0382222335076492,0.05,0.764444670152985,-0.493896990755331,-0.0752890097384133
0.133,17.6021984529653,0.0338046668052214,153.435597627727,-4.74400750439395,-4949.92777912478,-641.875418788169,-40390.5454128078,34761.600716256,7000000.06897038,6999999.84044612,70056160.8625474,-53574020.8212011,-140112324743.428,107148254507.367,0.0338046668052214,0.05,0.676093336104427,-0.501684618893504,-0.0721477207897932
0.134,17.7531526592709,0.0287458080159132,148.466642730385,-5.36733679786905,-4986.81248735787,-603.618282671895,-33378.869300073,41752.6715888616,7000000.06745505,6999999.94687849,-70056164.258552,53574233.7084758,140112331638.747,-107148599366.781,0.0287458080159132,0.05,0.574916160318264,-0.508718762642014,-0.0682652787585525
0.135,17.8991206361593,0.0230839142749389,143.464305452391,-5.94891074197992,-5016.69719539927,-558.361146621817,-26390.545241691,48761.6005528626,7000000.06900052,6999999.8809035,70056170.6952509,-53574365.6543649,-140112344176.458,107148887653.436,0.0230839142749389,0.05,0.461678285498777,-0.514683310957295,-0.0636563855879319
0.136,18.0400724989147,0.0168642427174337,138.435581123524,-6.48172576519188,-5039.58190324434,-506.104010677195,-19378.8691266397,55752.6713990542,7000000.06760099,6999999.95907572,-70056173.808124,53574522.023126,140112350489.72,-107149148431.619,0.0168642427174337,0.0500594133360239,0.336884545654429,-0.519302052632919,-0.0583381325604169
0.137,18.1759853628217,0.0101390504784377,133.387474414393,-6.95878543921265,-5055.466610891,-446.846874782395,-12390.5450692235,62761.6004279188,7000000.06902204,6999999.90688314,70056180.0401184,-53574626.4029035,-140112362721.699,107149374867.946,0.0101390504784377,0.0510932765984131,0.198441970322816,-0.522365046114553,-0.052328308091899
0.138,18.3068433431648,0.00296759469293164,128.326980654785,-7.3730861924693,-5064.35131833466,-380.589738968971,-5378.86895213787,69752.6712509363,7000000.06769473,6999999.96791401,-70056182.9724225,53574748.4906236,140112368658.53,-107149585321.063,0.00296759469293164,0.0531696042548135,0.0558137442345733,-0.523748214132265,-0.0456436584891756
0.139,18.4326375552288,-0.00458386750417733,123.261104515315,-7.71763159666781,-5066.2360255732,-307.332603193744,1609.4551041567,76761.6003290746,7000000.06903567,6999999.923744,70056189.0728516,-53574836.8234617,-140112380714.147,107149774174.266,0.00458386750417733,0.0560068339776146,0.0818447889057514,-0.523424340771298,-0.0382982721524713
0.14,18.5533661142989,-0.0124420789780279,118.196841325775,-7.98541808020702,-5061.12073260207,-227.07546748389,8621.13122301718,83752.6711303086,7000000.06774446,6999999.97400752,-70056191.9119195,53574937.3776048,140112386449.611,-107149954442.984,0.0124420789780279,0.0593649210849867,0.209586381159605,-0.521464509538568,-0.030302242147055
0.141,18.6690341356601,-0.0205267825938175,113.141195756788,-8.16944921479412,-5049.00543941912,-139.818331804153,15609.4552780031,90761.600247476,7000000.06904138,6999999.93416353,70056197.9367145,-53575017.0573652,-140112398435.612,107150121164.908,0.0205267825938175,0.0630419484915784,0.325605142051719,-0.518029960980476,-0.0216607344755924
0.142,18.7796537345981,-0.0287507212167804,108.101163138153,-8.26272142880659,-5029.89014601989,-45.5611961795438,22621.1313983936,97752.6710268541,7000000.06775326,6999999.97768813,-70056200.7656948,53575104.1351657,140112404134.922,-107150284913.389,0.0287507212167804,0.0668707445088243,0.429944685496757,-0.51335528246394,-0.012373546908177
0.143,18.8852440263984,-0.0370196377122003,103.083748140499,-8.25823829395543,-5003.7748524023,55.6959394200875,29609.4554518522,104761.60017601,7000000.06903906,6999999.9393669,70056206.7634905,-53575180.7696209,-140112416151.326,107150440848.166,0.0370196377122003,0.0707155411622199,0.523500734121203,-0.507724672640348,-0.00243519586872046
0.144,18.9858311263469,-0.0452322749453917,98.0959460936319,-8.14899623860185,-4970.659558562,163.953074970133,36621.1315735393,111752.670932019,7000000.06771995,6999999.9790212,-70056209.6681028,53575260.1064901,140112421984.321,-107150599160.502,0.0452322749453917,0.0744687027942623,0.607399796802648,-0.501443676863918,0.00816448437837499
0.145,19.0814481497298,-0.0532803757817135,93.144761668187,-7.92799883446349,-4930.54426449707,279.210210497559,43609.4556252184,118761.600108119,7000000.0690282,6999999.93954733,70056215.688032,-53575339.0453727,-140112434141.907,107150754514.534,0.0532803757817135,0.0780475517295558,0.682665562224635,-0.494809198617343,0.0194392942143329
0.146,19.1721352118333,-0.0610486830865531,88.2371901939754,-7.58824250988951,-4883.42897020335,401.467345976359,50621.131747978,125752.670837446,7000000.06763853,6999999.97775906,-70056218.7658359,53575415.4968236,140112440301.377,-107150918979.843,0.0610486830865531,0.081391314721789,0.750063852577257,-0.488080726524563,0.0314052810298539
0.147,19.257939427944,-0.0684149397253411,83.3802363416396,-7.12273083660778,-4829.31367567918,530.724481431823,57609.4557975864,132761.600036668,7000000.06900784,6999999.93376586,70056224.8662217,-53575503.4750016,-140112452743.172,107151085769.62,0.0684149397253411,0.0844582108093442,0.810044862065345,-0.481455559720931,0.0440791499857105
0.148,19.3389149133488,-0.0752498885635376,78.5808954409959,-6.52446024295948,-4768.19838092056,666.981616834146,64621.1319212058,139752.670733196,7000000.06749612,6999999.97317552,-70056228.2396053,53575582.3212882,140112459470.128,-107151037906.595,0.0752498885635376,0.0872226981051662,0.862732868832001,-0.475050392517567,0.0574766309900731
0.149,19.4151227833346,-0.0814172724666497,73.8461721626929,-5.78643430068606,-4700.08308592617,810.238752218169,71609.455968403,146761.599991409,7000000.06897648,7000000.03654341,70056234.5006906,-53575455.5786743,-140112472406.783,-199999916027.87,0.0814172724666497,0.0896728939644141,0.907936265544852,-0.468890969361512,0.0716109605808119
0.15,19.4866311531886,-0.0867738347267994,69.1830618365515,-4.90165199766576,-4624.96779069217,960.483089689215,78621.1320926839,153701.478981008,7000000.06726793,6846424.62295134,-70056238.3393316,-253575372.130387,140112480035.438,-199999968882.785,0.0867738347267994,0.0918081799367267,0.945164524409515,-0.462910716548081,0.0864916214667438
0.151,19.5535151381984,-0.0911693439343367,64.598569133226,-3.86318934782177,-4542.85249521757,1117.5571851285,85609.4561370608,160387.782589914,7000000.0689318,6492849.2663799,70056244.8854812,-453575341.88509,-140112493814.278,-199999977802.473,0.0911693439343367,0.0936369999440264,0.973646571214746,-0.45695837075788,0.102123223628084
0.152,19.6158568536517,-0.0944467554593484,60.0996893825413,-2.66437671420186,-4453.73719949862,1281.10746317716,92621.1322618267,166620.510855868,7000000.06690496,5939273.9355937,-70056249.4532391,-653575320.740142,140112502864.486,-199999980128.981,0.0944467554593484,0.0951748572539139,0.992349851467357,-0.450813750934007,0.11850354390245
0.153,19.6737454148365,-0.0964425651559766,55.6934272551571,-1.2989980351975,-4357.62190353472,1450.58034850423,99609.4563028664,172199.663801199,7000000.06887019,5185698.62478902,70056256.4987983,-853575301.952721,-140112518128.08,-199999979380.105,0.0964425651559766,0.0964425130657752,1.00000054011659,-0.444210036678435,0.135620384881599
0.154,19.7272769369499,-0.0969873673816989,51.386778080959,0.238509178256795,-4254.50660732207,1625.22226579859,106621.132427973,176925.24144522,7000000.06630057,4232123.33314606,-70056262.2663503,-1053575282.31868,140112529529.252,-199999975503.525,0.0969873673816989,0.097464386911638,0.995105704298211,-0.436860305723714,0.153447499040455
0.155,19.7765545353715,-0.0959065952380167,47.1867465306115,1.95285383714759,-4144.39131086056,1804.07963976801,113609.456464962,180597.243808035,7000000.06878598,3078548.06307526,70056270.2268626,-1253575258.6051,-140112547664.329,-199999965505.181,0.0959065952380167,0.0982671566298281,0.975978124606743,-0.428485694946928,0.171939984992899
0.156,19.82168832539,-0.093021487480368,43.1003279339462,3.84769127717983,-4027.27601414617,1985.9988951422,120621.132590308,183015.670914272,7000000.06517728,1724972.82171704,-70056278.2093489,-1453575224.61322,140112563427.634,-199999932495.502,0.093021487480368,0.0988785533661497,0.940765052820981,-0.418842426230729,0.191029610293122
0.157,19.8627954222945,-0.0881502376494503,39.1345269616325,5.92542325880206,-3903.16071717957,2169.62645668085,127609.456622098,183980.522801617,7000000.0686699,171397.630855644,70056288.0360087,-1653575157.28195,-140112588347.407,154293936290.268,0.0881502376494503,0.0993263450117077,0.887480936090621,-0.407745081492309,0.210620516672002
0.158,19.8999999413743,-0.081109347154384,35.2963389435046,8.18700091969439,-3772.04541995622,2353.42351143822,134621.132747558,183350.848509864,7000000.06252996,-1405030.55828159,-70056301.2410733,-1499281220.81834,140112616109.506,199999932424.967,0.081109347154384,0.0996374995822919,0.81404438584285,-0.395083910580669,0.23058572554317
0.159,19.9334328598837,-0.0717151497520066,31.592768636508,10.6318048718319,-3633.93012249581,2535.83029788549,141609.456771932,181229.510663193,7000000.06933307,-2804311.81288783,70056317.5167247,-1299281287.88971,-199999999315.48,199999965325.915,0.0717151497520066,0.0998375177353242,0.718318637910531,-0.380834562013564,0.250765048529906
0.16,19.9632324311506,-0.0597853551972952,28.0308108713997,13.2577300631496,-3488.81732013214,2715.44943918517,148611.151675474,177808.891533827,6970056.3872149,-4003593.11811488,-129943702.321727,-1099281321.78119,-200000001084.636,199999975086.69,0.0597853551972952,0.0999499267754015,0.598153066501385,-0.365059386368997,0.270966070309524
0.161,19.9895437650885,-0.0451404442871926,24.6174535108197,16.0613725411847,-3336.75112794268,2891.08165403308,155482.902885527,173288.991083878,6740112.68436378,-5002874.45235289,-329943738.434802,-899281345.720656,-200000001333.83,199999978451.003,0.0451404442871926,0.0999959143083047,0.451422886619315,-0.347900340031072,0.290969699984054
0.162,20.0125189088061,-0.0276048680784283,21.3595516394096,19.0382290721539,-3177.9614896652,3061.72766109479,162024.710373442,167869.809288243,6310168.94526651,-5802155.80884803,-529943781.790421,-699281366.229662,-200000001391.845,199999977949.995,0.0303109191434734,0.1,0.303109191434734,-0.329564742897741,0.310540152872338
0.163,20.0323166161917,-0.00700804716885334,18.2636303980567,22.1828971409279,-3012.87834907244,3226.58817901316,168036.57409936,161751.346125737,5680225.16277621,-6401437.18610246,-729943825.879662,-499281387.33668,-200000001361.263,199999971573.944,0.0330677547952581,0.1,0.330677547952581,-0.310306538617116,0.329438376402291
0.164,20.0491019179691,0.0168148290212035,15.3356849838546,25.4892749510098,-2842.13164997952,3385.06392640989,173318.494019529,155133.601574322,4850281.33620757,-6800718.58765166,-929943865.496508,-299281415.11837,-200000001240.787,199999933867.073,0.0491019179691392,0.099989456734676,0.491070954605065,-0.29040519442549,0.347437571716205
0.165,20.0630454917543,0.0440222029675568,12.5809806500601,28.9507614245122,-2666.55133624478,3536.75562188079,177670.470092125,148216.575601143,3820337.4700795,-7000000.03583567,-1129943896.68095,-99281481.1457904,-200000000938.642,198562972116.364,0.063045491754302,0.0999283931244696,0.630906690111321,-0.270144327174908,0.364339274962034
0.166,20.0743228321109,0.0747657497587623,10.0038527060517,32.560456190148,-2487.16735176552,3681.46392410186,180892.502281855,141200.028653104,2590393.57291683,-7000000.03092277,-1329943916.52901,99281490.8185678,-199999999950.032,-198562422681.55,0.0743228321108838,0.0997956022793728,0.744750574307079,-0.249792138111989,0.379988426962283
0.167,20.0831132206067,0.109190177145351,7.60750651729439,36.3113559504784,-2305.20964046962,3819.17222631238,182784.590563489,134216.575630123,1160449.65639709,-6999999.75144507,-1529943922.90135,-99280931.7698784,-93053567483.0189,198561296071.197,0.0831132206067338,0.0995691791870312,0.834728389701933,-0.229585537017733,0.394285971462248
0.168,20.0895984960184,0.147433193431425,5.39381839653513,40.1964673243524,-2122.10369020277,3949.88052872127,183164.559329699,127200.028961748,-416021.050261176,-7000000.03517882,-1622997484.00587,99280364.1490584,199999999904.601,-198560474785.421,0.0895984960183966,0.0992249381111531,0.902983642257627,-0.209719452491964,0.407197479547142
0.169,20.0939616335579,0.189625506921239,3.36316210885009,44.2087836931609,-1939.4093050355,4073.58883112516,181970.372868854,120216.575695754,-1939018.53431266,-6999999.9084225,-1422997465.76097,-99280110.5548311,200000000891.008,198559961201.733,0.0939616335578606,0.0987368127957666,0.951637296134085,-0.190342216684886,0.418755685925196
0.17,20.0963852011796,0.235890825919077,1.51435769218269,48.3413116756132,-1758.63727191718,4190.29713359447,179353.188932236,113200.029058463,-3262015.99962457,-7000000.0383759,-1222997436.41891,99279850.4943499,200000001189.834,-198559541138.67,0.0963852011795794,0.0980774072187519,0.98274621967322,-0.171556734215305,0.429056466280691
0.171,20.0970498607456,0.286345858729269,-0.15519537091699,52.5870446530649,-1581.11058834401,4300.00543603731,175513.007544121,106216.575687988,-4385013.43542317,-6999999.95845087,-1022997399.539,-99279690.5733722,200000001304.001,198559216526.028,0.0970498607456385,0.0972187096977686,0.998263205172594,-0.153425617336989,0.438248722198377
0.172,20.0961330454353,0.341100313656133,-1.64932059538129,56.9389892441641,-1407.95225178314,4402.71373850184,170649.828737806,99200.0290864853,-5308010.83431158,-7000000.04076064,-822997359.23125,99279525.8001128,200000001323.067,-198558934139.442,0.0961330454352662,0.0961329819135387,1.00000066076935,-0.135978461900924,0.446519234991128
0.173,20.0938080077403,0.400256902458017,-2.9728646004626,61.3901388281053,-1240.08525964401,4498.42204093064,164963.652552024,92216.5756523888,-6031008.19287654,-6999999.98203015,-622997320.206738,-99279408.277617,200000001245.933,198558695601.469,0.0938080077403427,0.0947938328562449,0.989600324343914,-0.119220302588027,0.454074023281149
0.174,20.0902423833822,0.463911329983049,-4.1314968959324,65.9335000235019,-1078.23260927505,4587.13034336083,158654.479026541,85200.029081583,-6554005.51244859,-7000000.04250642,-422997287.961982,99279287.1714573,200000000955.505,-198558479546.624,0.0902423833821508,0.0931774864722987,0.968499868355856,-0.103140406240165,0.46111806274009
0.175,20.0855979813999,0.532152304533365,-5.13150998889121,70.5620662117114,-922.917297986465,4668.83864575088,151922.308197021,78216.5756021455,-6877002.79991328,-6999999.99510817,-222997268.745857,-99279192.3218318,199999999146.224,198558287311.388,0.0855979813998715,0.0912642487109957,0.937913614683144,-0.0877205437003792,0.467835359879572
0.176,20.0800300901602,0.605061534411072,-5.97961938373315,75.2688440113247,-774.462323057288,4743.54694813127,144967.140088894,71200.0290581498,-7000000.06905807,-7000000.04377369,-22997270.6529429,99279094.83785,45994548656.3406,-198558108163.165,0.0800300901602498,0.0890401789999937,0.898808729486667,-0.0729419420356267,0.47437131509644
0.177,20.0736871541464,0.682713727918258,-6.6827648655003,80.0468268037061,-632.997098642951,4811.25525046885,137963.307135226,64216.5755431387,-7000000.06537949,-7000000.00301728,22997277.853412,-99279013.2789931,-45994559203.5778,198557943244.356,0.0736871541464481,0.0864989677962503,0.851884779943494,-0.0587902594508525,0.480819060697242
0.178,20.0667106382131,0.765176593356976,-7.24794591767564,84.8890212074294,-498.531874501946,4871.96355279012,130967.139941234,57200.0290233787,-7000000.06712205,-7000000.04467346,-22997282.4569586,99278929.8147582,45994567776.703,-198557786126.197,0.0667106382131237,0.0836440197506678,0.797554187519678,-0.0452582440987895,0.487211054539019
0.179,20.0592350075563,0.852510839029256,-7.68216100738114,89.7884206038661,-371.066650624307,4925.67185506689,123963.306986306,50216.5754786018,-7000000.06568699,-7000000.00792163,22997285.1297849,-99278856.2709972,-45994573296.9405,198557637830.619,0.0592350075563033,0.0804907392929392,0.735923263677857,-0.032346545655438,0.493516680066087
0.18,20.0513877273718,0.944770173237089,-7.99241166803201,94.7380316115766,-250.601426997835,4972.3801573233,116967.139792966,43200.0289815164,-7000000.06719964,-7000000.04527668,-22997289.3013359,99278781.4105499,45994581471.5226,-198557493948.449,0.051387727371754,0.0770690126360421,0.666775473229847,-0.020063556857027,0.499646012505617
0.181,20.043289262855,1.04200130428244,-8.18569636672757,99.73084761194,-137.136203612313,5012.08845953426,109963.306836633,36216.5754106121,-7000000.06576143,-7000000.01084016,22997291.9646669,-99278712.5022569,-45994586802.0908,198557355424.446,0.0432892628549695,0.0734258772756893,0.58956412182088,-0.00842450033123692,0.505459306551857
0.182,20.0350530792012,1.14424394046724,-8.26901663686097,104.759875223505,-30.6709804553048,5044.79676172258,102967.13964433,29200.0289354109,-7000000.06719173,-7000000.04562956,-22997295.9760178,99278642.7750707,45994595014.5958,-198557218872.898,0.0350530792012158,0.0696283670421048,0.503431010812288,0.00255013739014454,0.510781212494822
0.183,20.0267856416055,1.25153079009338,-8.24937094550832,109.81810782766,68.7942424836463,5070.50506386503,95963.306686993,22216.5753406722,-7000000.06565677,-7000000.01229073,22997298.8387645,-99278576.0659511,-45994600596.6374,198557085187.865,0.0267856416055139,0.0657665176742279,0.407283866513894,0.0128366644988026,0.515418277565064
0.184,20.0185864152627,1.36388756146272,-8.13376082604024,114.898552042942,161.259465217183,5089.21336598386,88967.1394961156,15200.0288871936,-7000000.06711034,-7000000.04576211,-22997302.8812374,99278508.9771537,45994609217.9405,-198556951495.726,0.0185864152626749,0.0619565147555831,0.299991297702879,0.0224105284692574,0.519177990349153
0.185,20.0105478653673,1.48133296287708,-7.92918474550922,119.994201250748,246.724687755839,5100.92166805687,81963.306538063,8216.57526998486,-7000000.06537902,-7000000.01253261,22997306.1610603,-99278442.4894962,-45994615489.6823,198556818657.451,0.0105478653672755,0.058343962703193,0.180787606438982,0.0312487152180644,0.521887495156417
0.186,20.0027554571137,1.60387870263826,-7.64264423726304,125.098062069609,325.189910112443,5105.62997010637,74967.1393490266,1200.02883863337,-7000000.06695704,-7000000.04569275,-22997310.4198948,99278376.0259538,45994624951.3704,-198556683996.24,0.00275545711371095,0.0551072503636065,0.0500017165714129,0.039331968499491,0.523410161341987
0.187,19.9952876556962,1.73152948904801,-7.28113776833031,130.203127880929,396.655132297468,5103.33827211046,67963.3063904513,-5783.42480039205,-7000000.06489793,-7000000.01166471,22997314.3951711,-99278307.9431062,-45994632456.1945,198556548353.429,0.00471234430382594,0.0524609856715311,0.0898256912923994,0.046646616196447,0.523658421286295
0.188,19.9882159263087,1.86428303040805,-6.85166687203587,135.302405303229,461.120354323957,5094.04657409211,60967.1392037343,-12799.9712086431,-7000000.06672543,-7000000.04543048,-22997319.1064692,99278240.2714609,45994643381.3632,-198556408998.756,0.0117840736913024,0.0506594687954536,0.232613447623832,0.0531858304595964,0.522601676133155
0.189,19.9816047341451,2.00213003502007,-6.36123001538429,140.388887717926,518.585576202208,5077.75487602911,53963.306244737,-19783.424869437,-7000000.06413827,-7000000.00965819,22997324.1901551,-99278168.7011746,-45994652917.255,198556266766.969,0.0183952658548634,0.05,0.367905317097268,0.0589502064897482,0.52026856053826
0.19,19.9755115443992,2.14505421118573,-5.81682873167745,145.455581743533,569.050797945609,5054.46317794568,46967.1390609447,-26799.9712529746,-7000000.06640174,-7000000.04497528,-22997329.7159905,99278097.9304368,45994666339.0866,-198556118607.816,0.024488455600796,0.05,0.489769112015921,0.0639476118668303,0.516743417883104
0.191,19.9699868222645,2.29303226720664,-5.22546148789566,150.495480761475,612.516019564179,5024.17147981869,39963.3061015213,-33783.424936065,-7000000.06294567,-7000000.00634854,22997336.5991586,-99278020.6515421,-45994679244.2665,198555965363.681,0.0300131777355439,0.05,0.600263554710878,0.0681923304956628,0.5121573998103
0.192,19.9650740329343,2.44603391138439,-4.59412981731781,155.501591390261,648.981241071917,4986.87978167437,32967.138921509,-40799.9712924784,-7000000.0659641,-7000000.04431766,-22997343.5697063,99277944.5806435,45994697077.5615,-198555803296.647,0.0349259670656679,0.05,0.698519341313357,0.0717035929448758,0.506675124312627
0.193,19.9608096416022,2.60402185202055,-3.92983218689953,160.466907011327,678.446462478422,4942.58808348796,25963.3059615234,-47783.4249990073,-7000000.06099302,-7000000.00138515,22997353.5509869,-99277858.6897316,-45994715888.0419,198555633274.325,0.0391903583978497,0.05,0.783807167956994,0.0745036441066242,0.500478244353108
0.194,19.9572231134611,2.76695179741665,-3.23957012989655,165.384434243174,700.911683798819,4891.29638528869,18967.1387866607,-54799.9713247948,-7000000.06538201,-7000000.04343716,-22997363.1925476,99277774.4573055,45994742159.1166,-198555450258.435,0.0427768865388742,0.05,0.855537730777485,0.0766155416177945,0.493747565264791
0.195,19.9543369137044,2.93477245587419,-2.53034211323899,170.247166467252,716.376905041999,4833.00468704927,11963.3058258029,-61783.4250566322,-7000000.0574935,-6999999.9941089,22997379.0800777,-99277675.7737528,-45994772415.0748,198555255164.365,0.0456630862956295,0.05,0.913261725912591,0.0780609028669129,0.486645467259661
0.196,19.9521665075249,3.10742553569465,-1.80914967015897,175.048110302055,724.842126225265,4767.71298880342,4967.13865863324,-68799.9713466678,-7000000.06461743,-7000000.04229993,-22997394.11957,99277579.2678856,45994817370.1691,-198555040477.986,0.0478334924750676,0.05,0.956669849501353,0.078857820083,0.479300340392073
0.197,19.9507203601158,3.2848457451795,-1.08299126755935,179.780259129052,726.307347356135,4695.42129052007,-2036.69430354058,-75783.4251066273,-7000000.05005094,-6999999.98327089,22997423.4348215,-99277461.1809956,-45994874041.4803,198554807192.182,0.0492796398842259,0.05,0.985592797684518,0.0790191445206766,0.47179451961288
0.198,19.9499999366698,3.46696079263015,-0.358868438647483,184.436619566725,720.772568456818,4616.12959223972,-9032.86145719187,-82799.9713531489,-7000000.06363385,-7000000.04085528,-22997451.3214735,99277345.8933764,45994976461.503,-198554542718.298,0.0500000633301809,0.05,1.00000126660362,0.0785513017327643,0.464156851131401
0.199,19.9499998489913,3.65369138634805,0.356220258072904,189.010184996568,708.237789550302,4529.83789392562,-16036.6944196545,-89783.4251453466,-7000000.02672409,-6999999.96632093,22997525.3922249,-99277196.79351,-45995122179.0261,198554248167.558,0.0500001510086605,0.05,1.00000302017321,0.0774537468466981,0.456360554040238
0.2,19.9507072115367,3.84495123463459,1.05527341696375,193.493962037055,688.703010686268,4436.54619562916,-23032.8615395865,-96799.9713358481,-7000000.06241885,-7000000.03903018,-22997597.4372984,99277051.2615111,84153424970.4421,-198553898995.756,0.0492927884632692,0.05,0.985855769265385,0.0757191045356777,0.44832652040015
0.201,19.9521026936212,4.04064704579118,1.73129288921126,197.880944069707,662.169821761683,4336.25449730456,-30030.3348317627,-103783.4251662,-6980920.94737089,-6999999.93726648,61155827.8445803,-99276847.7002068,-160469882889.436,198553496491.925,0.0478973063788075,0.05,0.95794612757615,0.0733339723445909,0.439931663543181
0.202,19.9541597634944,4.24067852811921,2.37728509128461,202.164137712995,628.65253210751,4228.96279902244,-37007.4228472491,-110799.971278327,-7000000.0609689,-7000000.03672018,-99314055.6410772,99276648.6848062,198628119310.384,-198552980138.613,0.0458402365056223,0.05,0.916804730112446,0.0702803280850995,0.431021440789716
0.203,19.9568449024433,4.44493838992011,2.98626459376082,206.336536348478,588.136832386358,4114.67110072178,-44023.9752507603,-117783.42515446,-7000000.05695509,-6999999.87810496,99314064.0072386,-99276331.4160919,199999981144.586,198552351494.19,0.0431550975566566,0.05,0.863101951133132,0.0665374384413429,0.42142527899611
0.204,19.9601175952767,4.6533123394953,3.55122841559748,210.391146594629,540.637742177453,3993.37940251368,-50940.9849465389,-124799.97114006,-6800686.00237741,-7000000.03377356,299314047.55018,99276019.9771489,199999991714.666,-198551370276.228,0.0398824047233326,0.05,0.797648094466652,0.0620838169963854,0.410973367483914
0.205,19.9639303595232,4.86567908514626,4.06527620239801,214.320961833078,486.354632694397,3865.08770430971,-57558.680593977,-131783.42505923,-6401371.95897067,-6999999.69893448,499314042.703518,-99275350.2577792,199999993479.184,198550038454.76,0.0360696404768071,0.05,0.721392809536141,0.0568996096765598,0.399513166438579
0.206,19.9682289453573,5.08191033517454,4.52180692524433,218.118988682334,425.686817978546,3729.79600634854,-63677.0621999325,-138799.970760525,-5802057.91952745,-7000000.02996452,699314039.871607,99274688.1023199,199999993332.465,-135385071080.506,0.0317710546427499,0.05,0.635421092854997,0.0509704524812548,0.38692402979722
0.207,19.9729527349146,5.30187079796958,4.91471886925712,221.778221050558,359.233612066635,3587.50694022843,-69096.1297677037,-145772.897625228,-5002743.88298891,-6968417.87740245,899314036.558023,-36110382.9322039,199999991743.621,9056470770.65429,0.0270472650853861,0.05,0.540945301707723,0.0442926865483906,0.373128543288193
0.208,19.9780353416065,5.52541818683363,5.23860963359223,225.291678715265,287.794328992173,3438.24419253683,-73615.8833006989,-152757.861282545,-4003429.850558,-7000000.024949,1099314030.91711,-27053912.2507896,199999987555.646,54107864847.3203,0.0219646583934718,0.05,0.439293167869437,0.0368794122298348,0.358099562483327
0.209,19.9834054094337,5.75240323665005,5.48897613143703,228.652376639251,212.36828278425,3281.98407666536,-77036.3228046435,-159762.370286354,-2804115.82586177,-7000000.00477617,1299314020.10544,27053952.6480653,199999973714.832,199999892015.672,0.0165945905662674,0.05,0.331891811325349,0.0287667828108727,0.341862386964553
0.21,19.9889876123005,5.98266968756788,5.66241459000432,231.853315662838,134.154787463596,3118.73454861024,-79157.4482914863,-166715.509999644,-1404801.81889756,-6872946.10612049,1499313994.36405,227053845.005094,154232411180.835,199999945307.041,0.0110123876994876,0.05,0.220247753989753,0.0200199226627187,0.324491485955279
0.211,19.9947038532651,6.21605430084924,5.75682016912345,234.887558097201,54.5512500515332,2948.62874110702,-79786.8877112248,-173441.595859184,171628.381057509,-6545892.28846192,1653546405.01224,427053790.768733,-199999971982.944,199999950630.434,0.00529614673486734,0.05,0.105922934697347,0.0107378982075628,0.306102795648145
0.212,20.0004746596115,6.4523869979408,5.77157371158007,237.748394523141,-24.8825659197168,2771.99370797598,-78821.8194561289,-179740.62792726,1725174.80007922,-6018838.52237813,1453546431.53092,627053741.831625,-199999985777.314,199999939881.802,0.000474659611473527,0.05,0.00949319222947054,0.00105722971724137,0.28684327855961
0.213,20.0062207265014,6.6914911877303,5.70762657094266,240.42954257525,-102.607873717677,2589.35650298308,-76403.2047709842,-185412.606255475,3078721.23872229,-5291784.8106053,1253546443.48631,827053682.019281,-199999989888.086,199999891915.294,0.00622072650142513,0.05,0.124414530028503,-0.00884684041060529,0.266879425798413
0.214,20.0118644414304,6.93318429360026,5.56738069526894,242.92534694186,-177.271126907756,2401.44417983777,-72731.043641852,-190257.530909781,4232267.68726526,-4364731.1826281,1053546450.82597,1027053574.04554,-199999991377.945,140150561796.853,0.0118644414303901,0.05,0.237288828607802,-0.0187630507042258,0.246385946795195
0.215,20.0173312372817,7.17727848039859,5.35449157905694,245.23097886623,-247.718779044894,2209.18129844402,-68005.3360607187,-194085.376878412,5185814.14239834,-3267602.32768386,853546456.474015,1167204135.72963,-199999991461.839,-199999897312.083,0.0173312372817094,0.05,0.346624745634188,-0.0284519610558347,0.225535745510617
0.216,20.0225507458731,7.42358157611546,5.0736682632533,247.34261984576,-312.997283677192,2013.64832099896,-62426.0820216136,-196802.710454404,5939360.60314101,-2200398.14061003,653546462.200073,967204238.089254,-199999990056.298,-199999946284.588,0.022550745873108,0.05,0.45101491746216,-0.0376583770074703,0.204492091151055
0.217,20.0274577515032,7.67189813623438,4.73047333525947,249.2575387148,-372.353094346916,1815.89827875192,-56193.2815186528,-198552.839800264,6492907.07031205,-1333193.8756629,453546469.86855,767204291.307329,-199999985311.993,-199999959523.064,0.0274577515031709,0.05,0.549155030063417,-0.0461270968718739,0.183403210024529
0.218,20.0319929444978,7.92203048297984,4.33112292893779,250.973968677343,-425.232664589598,1616.79837596534,-49506.9345438897,-199535.764856736,6846453.5475232,-665989.56411707,253546483.213199,567204331.203135,-199999958701.046,-199999961459.81,0.0319929444977518,0.05,0.639858889955036,-0.0536204084004461,0.16239816203001
0.219,20.0361034747565,8.17377957204912,3.88228672461997,252.490910141667,-471.282447929563,1417.01581695026,-42567.04108081,-199951.485581998,7000000.05138399,-198785.213643982,53546524.5021486,367204369.202942,-107093120430.977,-199999951074.215,0.0361034747564943,0.05,0.722069495129887,-0.0599356111708208,0.141582954799703
0.22,20.0397433054283,8.42694565981661,3.39088872334859,253.807930720382,-510.345026746315,1217.01780605764,-35558.1166201893,-200000.001936014,7000000.0156703,68419.1800214841,-53546595.8528111,167204417.793576,107093004537.787,-199999894901.438,0.0397433054282956,0.05,0.794866108565913,-0.0649208586223817,0.121037007879757
0.221,20.0428733743685,8.68132877053816,2.86392993583468,254.924965230472,-542.407605538346,1017.07154768412,-28567.0410679801,-199881.313863034,6999999.92208626,135623.650364146,53546408.6729297,-32795477.2162847,-107092637282.986,-199999587030.828,0.0428733743685328,0.05,0.857467487370656,-0.0684877248693152,0.100810301918527
0.222,20.0454616190061,8.93672896355548,2.30840679229626,255.842115693352,-567.470184382031,817.244246315046,-21558.1167140822,-199795.421215864,7000000.01211737,2828.37963237723,-53546228.5369985,-232795064.250186,107092197986.08,199996549711.694,0.0454616190060761,0.05,0.909232380121523,-0.0706187726805911,0.0809214816195354
0.223,20.0474829767698,9.19294640105619,1.73132286246537,256.559454668336,-585.53276322384,617.419773198399,-14567.0411162369,-199875.657610111,6999999.88257331,-129968.409761959,53545969.433389,-32798514.5168225,-107091691968.046,199998031534.155,0.0474829767697642,0.05,0.949659535395284,-0.0713683588558923,0.0613570905471747
0.224,20.0489193850884,9.44978124805603,1.13967457655802,257.076915252119,-596.595342156866,417.481998112417,-7558.11686396906,-199988.692271874,7000000.00602238,-62767.9085116787,-53545722.465778,167199517.024162,107091009068.699,-192847584077.692,0.0489193850884142,0.05,0.978387701768284,-0.0708564503269082,0.0420723076512746
0.225,20.0497597813908,9.70703357183405,0.540465504245195,257.394397802815,-600.65792111014,217.481753052968,-567.041217389709,-200000.001685835,6999999.78809167,8007.81647362386,53545286.5827501,-25648067.0552907,-107090154489.856,28901873379.5707,0.0497597813907937,0.05,0.995195627815875,-0.0692561349353673,0.0229947225209823
0.226,20.0500001031056,9.96450337780525,-0.0593079242727451,257.511880062005,-597.720500240546,17.4826847386485,6441.88285516177,-200000.000923982,6999999.99742844,-3189.31389188114,-53544867.8428488,3253806.32421944,107088711324.033,9369618709.62337,0.0500001031056065,0.05,1.00000206211213,-0.066776121217184,0.00403207301860737
0.227,20.0496433001826,10.2219906662488,-0.652642147262704,257.429362428258,-587.783079435958,-182.517978244012,13432.9585374468,-200000.001731561,6999999.48524757,4749.30178713609,53543843.4564769,12623425.035845,-107086684076.923,139931490368.289,0.0496433001825807,0.05,0.992866003651613,-0.0636399913865101,-0.0149179811929856
0.228,20.0486992975212,10.4792954373171,-1.23254073460451,257.146846932352,-570.845659063948,-382.507671045123,20441.8821639413,-199965.61880221,6999999.98666536,87338.4720071553,-53542840.5605793,152554915.396194,60547107551.0339,-199998848752.605,0.0486992975211606,0.05,0.973985950423213,-0.0600642669268791,-0.0339577288043973
0.229,20.047185032477,10.7362177079088,-1.79200050482128,256.664375697407,-546.910177856608,-582.412528180517,27425.2019150916,-199835.336013936,6976730.69988029,139893.963027068,7004266.96153913,-47443933.3886681,32530092713.6002,-199999314448.826,0.0471850324769676,0.05,0.943700649539352,-0.056237435206431,-0.0531792926993886
0.23,20.0451244387859,10.992557577074,-2.32403472299546,255.982065172389,-515.994087735118,-782.194157942538,34410.8564307213,-199752.497236609,7000000.01319843,-7549.62758605111,39534359.7309655,-247443247.866529,-199999725747.56,196412378191.826,0.0451244387858871,0.05,0.902488775717742,-0.0523019994675159,-0.0726551594759534
0.231,20.0425484341151,11.2481152514462,-2.8216567280463,255.099984832901,-478.084975504318,-981.983486787182,41397.2903362876,-199851.033091654,6939534.51005592,-156786.686356813,-160465366.281199,-51030869.6318377,-199999916059.055,199999811576.319,0.0425484341151332,0.05,0.850968682302664,-0.0483413118135417,-0.0924311280618216
0.232,20.039494922215,11.5026909298153,-3.2778948149678,254.018049237251,-433.252995417907,-1181.91308514281,48223.2588439647,-200000.001910747,6679069.18574533,-107817.650200797,-360465282.798648,148968942.168855,-199999939413.889,199999931485.896,0.0394949222150309,0.05,0.789898444300619,-0.0443721835225054,-0.112523311145922
0.233,20.0360087133601,11.7560846866685,-3.68593968191338,252.736126053378,-381.758612809276,-1381.9338344917,54688.7620651599,-200000.001768021,6218603.93323979,141151.25771081,-560465222.758569,348968874.079627,-199999944304.475,199999952876.973,0.0360087133600793,0.05,0.720174267201585,-0.0403448565707445,-0.132918069478893
0.234,20.0321412635606,12.0080965220036,-4.03934249232624,251.254231948084,-324.062292932249,-1581.79676592017,60593.8000630353,-199651.032747922,5558138.73832894,590120.108228916,-760465167.612116,548968827.460084,-199999940792.017,199999953835.38,0.0321412635606322,0.05,0.642825271212644,-0.0361512139786121,-0.15357322354263
0.235,20.0279502140977,12.2585266103028,-4.33221487487351,249.572732557055,-260.824500981897,-1781.05291057672,65738.3728941403,-198753.094900416,4697673.60032071,1239088.91260682,-960465108.890575,748968781.745705,-199999928389.637,199999940958.984,0.0279502140976682,0.05,0.559004281953364,-0.0316405068067847,-0.174420089016626
0.236,20.0234987310576,12.5071757495021,-4.55942892338888,247.692542484801,-192.905702095611,-1979.05329965737,69922.4806186481,-197106.188273496,3637208.52723515,2088057.66483223,-1160465037.65703,948968723.009539,-199999898032.901,199999889706.606,0.0234987310575505,0.05,0.46997462115101,-0.0266409772495859,-0.195366119626518
0.237,20.0188546448669,12.7538460099593,-4.71681719681157,245.615325304611,-121.366361344681,-2174.94896441246,72946.1233107318,-194510.312932222,2376743.54056162,3137026.33269533,-1360464935.92474,1148968612.82273,-199999799464.029,-96516181215.3562,0.0188546448669413,0.05,0.377092897338827,-0.0209852008208955,-0.216297892659501
0.238,20.0140893898277,12.9983415830118,-4.80137271911021,243.343691087519,-47.4669437103313,-2367.70329101247,74609.3010834211,-190814.888323294,916278.704904665,4237736.85491063,-1560464735.4678,1052452431.50167,-32010867311.8671,-199999886833.388,0.0140893898276886,0.05,0.281787796553772,-0.0145366360411264,-0.237084146503222
0.239,20.0092767438852,13.2404698055028,-4.81144757925821,240.881328823722,27.3390855148617,-2556.23223559243,74740.0122760275,-186084.258567042,-660191.464219258,5190189.3429958,-1592475602.70163,852452544.374672,199999792494.631,-199999937543.053,0.00927674388520217,0.05,0.185534877704043,-0.00721478164405269,-0.257578804976871
0.24,20.0044913822516,13.4800422277149,-4.74691320012376,238.232953338685,101.491922811623,-2739.58765748734,73316.9163091822,-180501.176274683,-2152667.17067374,5942641.91859904,-1392475809.98415,652452606.412373,199999890820.174,-199999949050.037,0.00449138225160439,0.05,0.0898276450320878,0.000983621641783067,-0.277624984887078
0.241,19.9998073337133,13.7168755569303,-4.60917794444842,235.40413104804,173.50875958864,-2917.01710412406,70501.3445486179,-174265.641377583,-3445143.03524793,6495094.55048635,-1192475918.82058,452452656.917099,199999920730.03,-199999943906.134,0.000192666286697118,0.05,0.00385332573394237,0.0099702230191704,-0.297061215302907
0.242,19.9952965074006,13.9507924097397,-4.40104071733827,232.401080820023,242.097119986921,-3087.96812287081,66493.2968740361,-167577.65382245,-4537618.99370356,6847547.23545015,-992475997.661783,252452712.67614,199999932404.417,-199999890128.734,0.00470349259938629,0.05,0.0940698519877259,0.019560471115842,-0.315729885853558
0.243,19.9910274006341,14.1816218644952,-4.12649289981029,229.23047397553,306.164528049981,-3252.08826103997,61492.7732035148,-160637.213545475,-5430095.02516316,7000000.00306146,-792476064.788379,52452822.495554,199999934759.044,-104905601165.79,0.00897259936588313,0.05,0.179451987317663,0.0294802001487022,-0.333487158080317
0.244,19.9870640064487,14.4091998138948,-3.79051834887608,225.899235080633,364.818507747166,-3409.22110359944,55699.7734683547,-153628.471397784,-6122571.12257196,7000000.0249738,-592476129.574344,-52452778.580794,199999928019.028,30063144437.7801,0.0129359935512632,0.05,0.258719871025264,0.0393827933865501,-0.35021335755271
0.245,19.9834649211177,14.6333691254151,-3.39889339761148,222.414364467637,417.36658298107,-3559.35706456732,49314.2976022619,-146649.687237751,-6615047.28813665,6962578.8186119,-392476201.176819,-22389634.1891386,199999902226.622,119621691407.459,0.0165350788823204,0.05,0.330701577646408,0.0488751253985102,-0.365822754418209
0.246,19.9802826516764,14.8539796602883,-2.9579868552237,218.782843047546,463.316277584904,-3702.52420984594,42536.3455304976,-139678.366287356,-6907523.53819994,7000000.03012613,-192476298.718261,97232057.3133487,199999759461.071,-194464750936.55,0.0197173483236455,0.05,0.394346966472909,0.0575496499418877,-0.380271294773971
0.247,19.9775631234462,15.0708882541755,-2.47456000712846,215.01164874608,502.375115301654,-3838.69447355257,35565.9171360986,-132662.161020054,-6999999.95718734,6999999.71197117,7523460.75117538,-97232693.6641051,-15046759382.2931,194466031434.37,0.0224368765538117,0.05,0.448737531076233,0.0650194354111372,-0.393560552953226
0.248,19.9753453872597,15.2839587369165,-1.95556840712806,211.107787421589,534.441659434772,-3967.86473749103,28567.1711159673,-125678.366649302,-6999999.87612722,7000000.03402385,-7523298.65386942,97233337.8710167,15048126409.9411,-194466972839.561,0.0246546127402816,0.05,0.493092254805632,0.0709527000463296,-0.405736816507597
0.249,19.9736615094041,15.4930619382472,-1.40801001229557,207.07825259175,559.508203747258,-4090.03500143166,21565.9176114871,-118662.161108079,-6999999.1115761,6999999.88547501,7524827.7635064,-97233635.004771,-15051211211.9416,194467573136.381,0.026338490595947,0.05,0.526769811918939,0.0751033277345813,-0.4168859699814
0.25,19.9725365564234,15.6980756879032,-0.838885323744852,202.930050738756,577.574748818121,-4205.20526545862,14567.1723784916,-111678.366777485,-6999999.88941851,7000000.037038,-7526383.47200313,97233938.2377435,15053864143.9845,-194468064999.647,0.0274634435765719,0.05,0.549268871531439,0.0773335912545151,-0.42712464472236
0.251,19.9719885948627,15.8988848156204,-0.255193839274465,198.670175380321,588.641294108493,-4313.3755294657,7565.91827459134,-104662.161115034,-6999999.34081844,6999999.94277581,7527480.67867164,-97234126.793816,-15056075406.3846,194468446847.379,0.0280114051373026,0.05,0.560228102746052,0.0776261936148218,-0.436588489990025
0.252,19.9720286912671,16.0953811511343,0.336063939707068,194.305632998704,592.707839964193,-4414.54579351062,567.173328104462,-97678.3668273598,-6999999.89784291,7000000.03940521,-7528594.75190191,97234320.1646953,15058110204.2464,-194468777191.991,0.0279713087329476,0.05,0.559426174658952,0.0760844466804463,-0.445418739929113
0.253,19.9726609121822,16.2874635241807,0.927888515446406,189.84341711162,589.774386004996,-4508.7160575263,-6434.08118218993,-90662.1610902247,-6999999.43749259,6999999.97097377,7529515.45849813,-97234457.0552888,-15059960044.6932,194469054730.213,0.0273390878178397,0.05,0.546781756356793,0.0729207154571244,-0.45374840566881
0.254,19.9738823241539,16.4750377644953,1.51327938633858,185.29053420137,579.840932529293,-4595.88632155573,-13432.8258554057,-83678.3668381198,-6999999.90205633,7000000.04128309,-7530444.61078214,97234597.7906598,15061756433.7564,-194469303163.487,0.0261176758460522,0.05,0.522353516921044,0.0684343985377543,-0.461689439096883
0.255,19.9756829937288,16.6580167018137,2.0852370547101,180.653977785661,562.907479224367,-4676.0565855504,-20434.0806871414,-76662.1610479085,-6999999.46845021,6999999.98749184,7531311.82882878,-97234705.3973216,-15063491932.9651,194469521371.961,0.024317006271243,0.05,0.48634012542486,0.0629817174285804,-0.469322106100727
0.256,19.9780459874532,16.8363201658716,2.63676101881566,175.940754346822,538.974026376632,-4749.22684954456,-27432.8250817796,-69678.3668256382,-6999999.90258775,7000000.04277996,-7532180.12887386,97234816.0945425,15065257827.0327,-194469721490.518,0.0219540125468214,0.05,0.439080250936428,0.0569403556651368,-0.476687574108126
0.257,19.9809473718742,17.0098749864048,3.16085178108434,171.157857402555,508.040573697852,-4815.39711350024,-34434.0801982406,-62662.1609944572,-6999999.45380308,6999999.99812905,7533077.7039691,-97234905.4173776,-15067047750.6423,194469902520.924,0.0190526281258272,0.05,0.381052562516544,0.0506724518509174,-0.483784396120048
0.258,19.984356213539,17.178614993149,3.65050883966045,166.312293435208,470.107121488726,-4874.56737744611,-41432.8242879292,-55678.3667979957,-6999999.89997432,7000000.04397158,-7533970.07130471,97234997.2271659,15068945732.9282,-194470071684.832,0.015643786461041,0.05,0.312875729220821,0.0444895669019405,-0.490569183302684
0.259,19.9882345789951,17.3424810158399,4.09873269710097,161.411055962476,425.173669456863,-4926.73764135079,-48434.0796820945,-48662.1609333862,-6999999.39717913,7000000.00535612,7534975.66764026,-97235074.4765672,-15070946632.5884,194470228063.535,0.0117654210048528,0.05,0.235308420097056,0.0386230087435327,-0.496961349695271
0.26,19.9925375347906,17.5014208842134,4.49852285145643,156.461151466724,373.240217942775,-4971.90790523923,-55432.823415987,-41678.3667599372,-6999999.89482768,7000000.04491051,-7535970.98923429,97235153.7138309,15073146930.5805,-194470376476.292,0.0074624652094073,0.05,0.149249304188146,0.0332023341008036,-0.502851415354915
0.261,19.9972131474736,17.6553894280053,4.84287980544571,151.469573465641,314.306766624061,-5010.07816908443,-62434.0791052597,-34662.1608669134,-6999999.2923516,7000000.01038599,7537175.94778872,-97235222.7792258,-15075542830.5025,194470516052.815,0.00278685252639832,0.05,0.0557370505279664,0.0282440166033027,-0.508112017105474
0.262,20.0022024835928,17.8043484769515,5.12480305703387,146.443328441604,248.373315911915,-5041.2484329088,-69432.8224002112,-27678.3667145596,-6999999.88781896,7000000.04563241,-7538366.90646072,97235293.4031885,15078266810.5439,-194470650335.216,0.00220248359275388,0.05,0.0440496718550776,0.0236512564471048,-0.512610520725498
0.263,20.0074396096971,17.9482668607878,5.33729310915041,141.389409912295,175.439865424422,-5065.41869668833,-76434.0784271133,-20662.1607965882,-6999999.12132012,7000000.01386775,7539899.91111888,-97235356.9472212,-15081316264.4591,194470778479.41,0.00743960969714763,0.05,0.148792193942953,0.019224811103837,-0.516221989020694
0.264,20.0128515923362,18.0871204092502,5.47334945967813,136.314824360105,95.5064156877427,-5082.58896044372,-83432.8211512827,-13678.3666640778,-6999999.87954114,7000000.04615962,-7541416.37640951,97235421.6639954,15084914489.2882,-194470903329.547,0.0128515923362045,0.0502763582025635,0.255618998584293,0.0146836557887698,-0.518841238585995
0.265,20.01835849806,18.2208919520745,5.52597261183091,131.226565302708,8.57296622082677,-5092.75922415305,-90434.077586687,-6662.16072359693,-6999998.83867288,7000000.01615858,7543498.12061639,-97235481.6797376,-15089059401.956,194471024051.719,0.0183584980599925,0.0516950215780156,0.355130871399032,0.00969334130893291,-0.520392825109978
0.266,20.023873393419,18.3495713189969,5.488162063414,126.131639222505,-85.3604822579313,-5095.92948783595,-97432.8195196183,321.63338978078,-6999999.87025315,7000000.04650409,-7545561.30364898,97235542.5054225,15094264341.3951,-194471143126.202,0.0238733934189668,0.0540485333573423,0.441702890643261,0.00389919456273567,-0.520838010486049
0.267,20.0293023449644,18.4731553397533,5.35291831804994,121.037039637164,-186.293930390435,-5092.09975147188,-104434.07645988,7337.83935107123,-6999998.29938609,7000000.01744614,7548703.04624619,-97235600.6345562,-15100526525.96,194471259716.603,0.0293023449644281,0.0570712476667931,0.513434455393511,-0.00303892823269662,-0.520178072986536
0.268,20.0345444192482,18.5916478440799,5.11324087350261,115.949773029095,-294.227377083556,-5081.27001507996,-111432.81716224,14321.6334455433,-6999999.85960274,7000000.04666926,-7551823.50121931,97235659.2165141,15109873515.6383,-194471376160.812,0.0345444192482134,0.060537960749068,0.570624098016801,-0.0114137356928793,-0.518453682883128
0.269,20.0394916828234,18.7050596617126,4.76213023406878,110.87683291596,-409.160823247128,-5063.44027864051,-118434.074621411,21337.8394265182,-6999996.74634613,7000000.01780511,7558050.02371538,-97235716.9583004,-15122300261.5074,194471491610.03,0.0394916828233782,0.0642604473388269,0.614556612330286,-0.0214426205095912,-0.515740454671496
0.27,20.0440292022438,18.8134086223877,4.29258589775708,105.825225780175,-531.094266675169,-5038.61054217263,-125432.812726188,28321.6335018351,-6999999.84645309,7000000.0466512,-7564250.25846279,97235774.786573,42043837476.8027,-194471608440.191,0.0440292022438449,0.0680840287052179,0.646689144005817,-0.0332474532406891,-0.512141155012867
0.271,20.0480350441032,18.9167195558413,3.69760859459002,100.801945139396,-660.026588219363,-5006.78080565701,-132429.587391585,35337.8395018586,-6986542.17797315,7000000.01721742,34479587.2284694,-97235833.6685235,-95874710832.139,194471725780.688,0.0480350441031732,0.071884203375862,0.668228092506105,-0.0468439198626574,-0.507775367411566
0.272,20.051380277089,19.0150242918097,2.97020342784926,95.8139974760478,-795.947694895091,-4967.95106911324,-139414.868894471,42321.6335572518,-6999999.94616068,7000000.04643861,-61395123.6234825,97235892.2467049,199999492904.657,-194471846237.963,0.0513802770890059,0.0755633685500677,0.679962766018851,-0.0621413018768868,-0.502767649463529
0.273,20.0539289791924,19.108361660029,2.10338074141184,90.8683763077771,-938.864462984997,-4922.12133252189,-146412.233153676,49337.8395761462,-6961395.32333197,7000000.01556607,138604369.401365,-97235954.0077802,199999837291.436,194471968908.115,0.0539289791924205,0.0790476571306679,0.682233745438836,-0.0789525596405459,-0.497235354785768
0.274,20.0555382372732,19.1967774902357,1.09015737202691,85.972088117016,-1088.72595976014,-4869.29159590364,-153270.992986137,56321.6336102217,-6722791.03528497,7000000.04601173,338604206.903126,97236015.033855,199999884053.888,-194472096896.359,0.055538237273165,0.0822839121825194,0.674958637722183,-0.0970137333358804,-0.491277307141905
0.275,20.056058209718,19.2803246121659,-0.0763087734879702,81.1321264214026,-1245.29358091622,-4809.46185923839,-159791.148603999,63337.839648284,-6284186.88635494,7000000.01259717,538604091.213262,-97236081.8813661,199999895580.269,194472229248.219,0.0560582097180031,0.0852368174896098,0.657676006320116,-0.11600996862259,-0.484964419128443
0.276,20.055332365456,19.3590628555562,-1.40252118409464,76.3554977033758,-1408.12872230189,-4742.63212254865,-165772.70012885,70321.633658817,-5645582.84735153,7000000.04533932,738603987.057509,97236147.4986209,199999891538.118,-194472370024.58,0.0553323654559819,0.0878861997594059,0.629591057611522,-0.135604452428617,-0.478333142413214
0.277,20.0531979225626,19.4330590501428,-2.89444474466082,71.649195480563,-1576.5927798778,-4668.80238581297,-171015.647667441,77337.8397168865,-4806978.91452492,7000000.00782544,938603878.835368,-97236222.547927,199999871912.157,194472518192.393,0.0531979225625712,0.0902245149392763,0.589617163343853,-0.155467181939715,-0.471382352579006
0.278,20.0494864868637,19.5023870256623,-4.55730573606829,67.0202262354099,-1749.84714971205,-4587.97264905678,-175319.991330582,84321.6337004358,-3768375.0997334,7000000.04437313,1138603750.9375,97236295.7737238,199999821832.262,-194472679673.115,0.0494864868637137,0.0922545280912741,0.536412552181213,-0.175300766376069,-0.464073927419206
0.279,20.0440248905397,19.5671276118511,-6.39539183532507,62.4755834855315,-1926.85322799263,-4500.14291225633,-178485.731251219,91337.8397800278,-2529771.43788004,7000000.0003101,1338603572.89129,-97236383.9252476,199999657277.241,194472853307.859,0.0440248905397489,0.0939871933428949,0.468413716527657,-0.194860788754875,-0.456336917597153
0.28,20.0366362307292,19.6273686384457,-8.41185211570143,58.0222737133796,-2106.37241106648,-4405.31317544166,-180312.867626445,98321.6337311802,-1091168.03635003,7000000.04303823,1538603230.21056,97236469.5085773,75733276551.7096,-194473048953.156,0.036636230729215,0.0954397376159898,0.383867680741371,-0.213968814892328,-0.448074857821864
0.281,20.0271411079599,19.6832049351825,-10.6084980824867,53.6672904365539,-2286.97127330461,-4303.48343858531,-180622.111834929,105337.839834708,485301.832136486,6999999.98807007,1614336506.72014,-97236579.4751316,-199999656183.801,194473265242.994,0.0271411079599275,0.0966339491557392,0.280865143120518,-0.232516877718098,-0.439175469419322
0.282,20.0153590541864,19.7347383317983,-12.9856339310043,49.4176401375118,-2467.09001147639,-4194.65370172503,-179362.975025452,112321.633744446,1999638.51076482,7000000.04121592,1414336850.41305,97236685.8897246,-199999820789.597,-194473521722.146,0.015359054186419,0.0975946693568591,0.157375953908486,-0.250463207086351,-0.429521779335334
0.283,20.0011100764821,19.7820776580295,-15.5420148933098,45.2803163338324,-2645.22577778205,-4078.82396482724,-176689.501392928,119337.839875486,3313975.45078314,6999999.96624445,1214337029.42933,-97236835.8685114,-199999870980.891,194473816672.845,0.00111007648213501,0.0983484840336672,0.011287174307181,-0.267820450435347,-0.419003557574708
0.284,19.9842161486087,19.8253387436128,-18.2749841624212,41.2623255079773,-2820.06423529031,-3955.99422794385,-172801.690739236,126321.633727042,4428312.54472208,7000000.03871188,1014337158.20113,97236980.9212542,-199999890848.292,-194474200970.835,0.0157838513912907,0.0989226081210716,0.159557574260201,-0.284639255768424,-0.407527955240832
0.285,19.9645025249699,19.8646444182847,-21.1806705943401,37.3706611774948,-2990.49104690999,-3826.16449103056,-167899.542930523,133337.839889815,5342649.75749907,6999999.91914764,814337267.077129,-97237220.0920838,-199999895462.695,194474710400.286,0.0354974750300912,0.0993439558397289,0.357318920210496,-0.300990090987566,-0.395028319636757
0.286,19.9417988549487,19.9001245117819,-24.2541887079145,33.6123298248454,-3155.59187542919,-3689.33475416962,-162183.057855357,140321.63365104,6056987.07684483,7000000.05425526,614337371.342071,97237490.4193061,-199999885580.642,-199999944492.048,0.0582011450512674,0.0996383866231891,0.584123720021396,-0.316945304047521,-0.381470350419197
0.287,19.9159400971711,19.9319158484737,-27.4898386846805,29.994324924843,-3314.65238352825,-3545.50524746576,-155852.23540706,147336.919126771,6571324.5053965,6997237.57242947,414337485.53082,-102762454.902835,-199999845925.082,-199999982231.415,0.0680841515262607,0.0997424471392092,0.682599569982843,-0.332563169745641,-0.366855032537054
0.288,19.8867672340637,19.9601622624515,-30.8813063688457,26.5236483835961,-3467.15823377651,-3394.69516984775,-149107.075466501,154249.442141681,6885662.06796464,6794475.12641068,214337639.461646,-302762438.555686,-199999624781.797,-199999987647.753,0.0398377375485488,0.0995373356762452,0.400229092710748,-0.347875450179478,-0.351218109204282
0.289,19.8541277859712,19.9850145468988,-34.4218632671212,23.2071960574596,-3612.79508860053,-3237.10728376473,-142147.577849546,160859.202717796,6999999.89503519,6391712.69402987,14338014.6730367,-502762427.919834,-28676261593.6963,-199999988943.228,0.0149854531012075,0.0992408482876978,0.151000856600549,-0.3628796350445,-0.33462650892595
0.29,19.8178761258045,20.0066302561414,-38.1045651208316,20.0515610403481,-3751.44147169058,-3073.14435165069,-135145.188324045,166966.200866585,6999999.77891131,5788950.27163832,-14338246.9039991,-702762418.61015,28674404601.3443,-199999988362.318,0.00663025614137069,0.0988316696168854,0.0670863516428738,-0.377536555811934,-0.317173425376685
0.291,19.7778736074983,20.0251733028841,-41.9224128799115,17.0628336637471,-3883.0878550783,-2903.4091359293,-128147.578601086,172370.436597686,6999998.73430797,4986187.85884669,14336157.69141,-902762408.542824,-28670174988.7769,-199999985856.01,0.025173302884145,0.0982867417911008,0.256121043646441,-0.391773405383734,-0.298972843938938
0.292,19.7339885846688,20.040813355449,-45.8684075008974,14.2464014967234,-4007.73423955479,-2728.70439901449,-121145.190150359,176871.909921398,6999999.80450492,3983425.45737536,-14334017.2799113,-1102762395.63104,28666712926.3263,-199999979541.078,0.0408133554490355,0.097581716249424,0.418247977364063,-0.405491059047789,-0.280154059579342
0.293,19.6860964109315,20.0537250350125,-49.9355480288402,11.6067493459355,-4125.38062437044,-2550.03290330858,-114147.57956893,180270.620851099,6999999.14368816,2780663.07197319,14332695.6412679,-1302762375.95344,-28664026554.0033,-199999958857.05,0.0537250350124872,0.096691553073353,0.555633178957523,-0.41857404229438,-0.260856719442178
0.294,19.6340794399016,20.0640869128431,-54.1168354198287,9.14725925564722,-4236.02700992997,-2368.59741119708,-107145.1914151,182366.569408635,6999999.82605234,1377900.71659057,-14331330.894561,-1502762335.07676,28661735831.7248,-147416361646.562,0.0640869128430523,0.0955912801208264,0.670426348115091,-0.43090196775589,-0.241226865836586
0.295,19.5778270251934,20.0720803076121,-58.4052687189068,6.87001094594708,-4339.67339575845,-2185.79849405249,-100147.580298438,182968.519564049,6999999.36307362,-198569.799310105,14330404.9327406,-1650178696.45828,-28659846971.364,199999958400.863,0.0720803076120902,0.0942569229506187,0.764721628456438,-0.442361307132121,-0.221414351323009
0.296,19.517235520421,20.0778878874228,-62.7938488818739,4.77559653922962,-4436.31978214475,-2003.1959557287,-93145.1923739714,181978.193742834,6999999.84452059,-1748748.51656853,-14329442.0197819,-1450178737.29162,28658190670.1147,199999979063.985,0.0778878874228006,0.092666615077033,0.840517238684644,-0.452856348988757,-0.201571814769564
0.297,19.4522082791978,20.0816921261175,-67.2755749537958,2.86303948119637,-4525.96616875513,-1822.32549926333,-86147.5808852566,179537.689187345,6999999.49783584,-3098927.26432862,14328748.6465888,-1250178757.03676,-28656773095.0113,199999985339.746,0.0816921261175381,0.090801896424263,0.899674228562799,-0.462318286500323,-0.181854814971794
0.298,19.3826556551372,20.0836737816409,-71.8434478902758,1.12991593395076,-4608.61255580814,-1644.53730340424,-79145.1931418504,175847.005875228,6999999.85993484,-4249106.02869579,-14328024.4289574,-1050178770.19977,28655497725.5386,199999987779.978,0.0836737816409325,0.088649205962778,0.943875139457712,-0.470711574667028,-0.162421461981948
0.299,19.308495001852,20.0840105463437,-76.4904667364076,-0.427448119160959,-4684.25894305379,-1470.98154691665,-72147.5813777426,171106.143792532,6999999.58436862,-5199284.80500564,14327473.2934691,-850178780.775309,-28654371315.5424,199999988248.636,0.0840105463436771,0.0862015724182845,0.974582527752792,-0.47803697252516,-0.14343013221922
0.3,19.2296506729548,20.0828758968038,-81.2096324476531,-1.81377687356417,-4752.90533066744,-1302.608408578,-65145.1937851766,165515.102928284,6999999.87200422,-5949463.59165642,-14326898.0020413,-650178790.931259,28653330249.5065,199999986745.762,0.0828758968037633,0.0834605046613615,0.992995395127669,-0.48433101600267,-0.125035245415652
0.301,19.1460540220581,20.0804381436477,-85.9939440691368,-3.03464470346697,-4814.5517184516,-1140.16806717627,-58147.5818070254,159273.883272026,6999999.6391269,-6499642.38921431,14326432.2449138,-450178802.869188,-28652381753.2004,199999980864.838,0.0804381436476866,0.0804380809286653,1.00000077971802,-0.489662017085987,-0.1073815336934
0.302,19.0576434025341,20.0768596885525,-90.8364025560643,-4.09627616635888,-4869.19810655611,-984.210701509703,-51145.1943486258,152582.484811236,6999999.88049512,-6849821.20165024,-14325949.487778,-250178821.226628,28651480142.4036,199999941907.839,0.0768596885524815,0.0771592334037887,0.996117835311561,-0.494123022040984,-0.0905973790758492
0.303,18.9643641682345,20.07229645252,-95.7300069535951,-5.00534599404701,-4916.84449481656,-835.086490392147,-44147.5821960726,145640.907522318,6999999.6710785,-7000000.0519199,14325530.6525248,-50178879.3642517,-28650632509.0628,100357997475.843,0.0722964525200069,0.0736642219886503,0.981432377459249,-0.497822451462373,-0.0747878791559906
0.304,18.8661686727712,20.0668975471067,-100.667758217002,-5.76877992751828,-4957.49088336937,-692.949764422741,-37145.1948649725,138632.544363304,6999999.88547639,-6999999.93254626,-14325101.8356805,50179118.1046695,28649804893.5025,-100358427000.227,0.0668975471066844,0.0700112880960126,0.955525157813722,-0.500873361770822,-0.0600283202114497
0.305,18.7630162697555,20.0608051086199,-105.642655391484,-6.39357880906263,-4991.13727206987,-557.813038413567,-30147.5825628166,131640.907584975,6999999.68608742,-7000000.02794145,14324703.0560286,-50179308.9434488,-28649003680.9002,100358762894.6,0.0608051086198884,0.0662794765110888,0.917404780795387,-0.50338238976892,-0.046358767434228
0.306,18.6548733127989,20.0541542737842,-110.647699432249,-6.88673929338998,-5017.78366104951,-429.676312427548,-23145.1953590319,124632.544362701,6999999.8873029,-6999999.95543744,-14324300.6038206,50179453.9424346,28648202579.7167,-100359056848.345,0.0541542737842136,0.0625716102105315,0.86547674899213,-0.505439459813119,-0.0337808438899751
0.307,18.5417131555125,20.0470731793242,-115.67588938454,-7.25526472579297,-5037.43005017384,-308.539586417826,-16147.5829214844,117640.90762441,6999999.68798889,-7000000.02991891,14323901.974246,-50179602.9550102,-28647406946.3454,100359333326.415,0.0470731793242187,0.0590174000069326,0.797615268017384,-0.507109245121327,-0.0222580569229082
0.308,18.423516151507,20.0396829619645,-120.720226203509,-7.50615176097114,-5050.07643957567,-194.402860434534,-9145.19585021627,110632.544348217,6999999.88648987,-6999999.96621055,-14323504.951029,50179730.3620351,28646596179.6538,-100359590187.562,0.039682961964477,0.0557766677891014,0.711461683486063,-0.508425192094659,-0.011719823773514
0.309,18.3002696543933,20.0320977584296,-125.773708934455,-7.64640374424154,-5055.72282912349,-87.2661344355918,-2147.58328338924,103640.907648471,6999999.67962862,-7000000.03094203,14323091.2269521,-50179859.8747726,-28645774332.5087,100359840651.363,0.0320977584295612,0.0530426590487552,0.605131021053411,-0.509386656741424,-0.00206876335575355
0.31,18.1719680177817,20.024424705444,-130.829338532479,-7.68301733029057,-5054.36921895625,12.8705915359848,4854.8036462459,96632.5443273528,6999999.88368922,-6999999.97049095,-14322683.0846174,50179980.7675513,28644925863.0728,-100360083011.25,0.0244247054440372,0.0510454173422172,0.478489680675736,-0.509959393079876,0.0068094965625965
0.311,18.0386125952825,20.0167639397325,-135.880114042939,-7.62299586445373,-5046.01560893962,106.007317520698,11852.4163428171,89640.9076664017,6999999.6635361,-7000000.03122877,14322242.7766067,-50180102.2921831,-28644053414.0913,100360326515.497,0.0167639397324528,0.0500551903596198,0.334909119554093,-0.510079303965214,0.0150349815113021
0.312,17.9002117405059,20.0092085980194,-140.919036420892,-7.47333600140206,-5030.66199922218,192.144043478621,18854.8031189513,82632.5443047788,6999999.87960556,-6999999.97026304,-14321810.6168159,50180224.2154336,28643146057.4902,-100360569689.453,0.00920859801936302,0.05,0.18417196038726,-0.509659048927386,0.0227216244641819
0.313,17.7567808070614,20.0018448170293,-145.939104711763,-7.2410410864862,-5008.30838966219,271.280769451016,25852.4159510348,75640.9076846847,6999999.64201745,-7000000.03089209,14321335.4385358,-50180345.5209933,-28642205260.5998,100360820784.707,0.00184481702930128,0.05,0.0368963405860256,-0.50859683038139,0.029966258982478
0.314,17.6083421485588,19.9947517334868,-150.933319870563,-6.93310777435949,-4978.95478042036,343.417495398407,32854.8025600026,68632.5442841842,6999999.87482559,-6999999.96602058,-14320869.801762,50180475.257668,28641223017.5293,-100361078431.859,0.00524826651319188,0.05,0.104965330263838,-0.50678647651943,0.0368394134784274
0.315,17.4549251186073,19.9880014841164,-155.894680942792,-6.55653941038569,-4942.60117134414,408.554221365035,39852.4155372024,61640.9077090887,6999999.61653256,-7000000.02997861,14320353.2132619,-50180603.219048,-28640200295.3799,100361351859.399,0.0119985158835867,0.05,0.239970317671734,-0.504127823697661,0.0433787789251579
0.316,17.2965660708161,19.9816592056426,-160.816188883411,-6.11833264919738,-4899.24756260835,466.690947309625,46854.8019637287,54632.5442691934,6999999.86959804,-6999999.95726783,-14319847.0622428,50180748.6366715,28639127852.9496,-100361639712.372,0.0183407943573535,0.05,0.366815887147069,-0.50053638482233,0.0495859527181579
0.317,17.1333083587939,19.97578303479,-165.690842738004,-5.62549083617014,-4848.89395404729,517.82767328207,53852.4150978715,47640.9077460242,6999999.58646223,-7000000.02848713,14319280.7877877,-50180891.1179846,-28638007167.122,100361954535.756,0.0242169652099626,0.05,0.484339304199253,-0.495951371978081,0.0554267338504499
0.318,16.9652023361494,19.9704241082831,-170.511643461479,-5.08501062591151,-4791.54034585273,561.964399236823,60854.8013236307,40632.5442641499,6999999.86366637,-6999999.94233723,-14318726.3599234,50181063.4168409,28636820752.3912,-100362294914.849,0.0295758917168811,0.05,0.591517834337623,-0.490341313639035,0.060834897005963
0.319,16.7923053564908,19.9656265628464,-175.271590099512,-4.50389536380791,-4727.18673784357,599.101125233311,67852.4146276706,33640.9078041362,6999999.54768261,-7000000.02637722,14318094.3891017,-50181231.5374129,-28635571657.4448,100362681083.681,0.034373437153576,0.05,0.68746874307152,-0.483706749903745,0.0657190343387773
0.32,16.6146817734261,19.9614275352045,-179.963683606957,-3.88914170443523,-4655.83313023425,629.23785121834,74854.8006273634,26632.5442752892,6999999.85624291,-6999999.9173727,-14317477.2494309,50181449.548322,28634223795.1709,-100363111496.826,0.0385724647954859,0.05,0.771449295909719,-0.476079780250875,0.0699717617646755
0.321,16.432402940563,19.957857162082,-184.580923029593,-3.24775299318956,-4577.47952282434,652.374577267484,81852.4141157028,19640.9078972446,6999999.49089103,-7000000.02357262,14316746.5418862,-50181661.9848648,-28632782646.0015,100363625147.052,0.0421428379180426,0.05,0.842856758360853,-0.467520546926985,0.0734803640345828
0.322,16.245547211509,19.9549385802034,-189.116309322219,-2.58672588460421,-4492.12591586288,668.511303314465,88854.7998495093,12632.5443133591,6999999.84610984,-6999999.87298389,-14316036.0857528,50181963.1673119,28631175453.7199,-100364220290.513,0.0450614197966352,0.05,0.901228395932705,-0.458111034495291,0.0761378257943649
0.323,16.054199939871,19.9526879262934,-193.562841530741,-1.91306372408229,-4399.77230912157,677.64802946428,95852.4135402338,5640.90805175046,6999999.39775092,-7000000.01996169,14315139.3635633,-50182257.1565096,-28629410737.8412,100364992913.247,0.0473120737066353,0.05,0.946241474132705,-0.447946822021413,0.0778531701041916
0.324,15.8584534792559,19.9511143370767,-197.913520609909,-1.23376316609415,-4300.4187029082,679.784755627541,102854.798939288,-1367.45559811286,6999999.83174549,-6999999.78066153,-14314271.3565402,50182735.7648657,28627334827.4811,-100365940999.8,0.048885662923329,0.05,0.977713258466579,-0.437127615949543,0.0785601080576266
0.325,15.65840718327,19.950219949278,-202.161345605795,-0.55582755604011,-4194.06509694871,674.92148197247,109852.412857901,-8359.09166785042,6999999.22780267,-7000000.01539644,14313063.4658988,-50183205.2653351,-28624959775.1006,100367445842.396,0.0497800507219708,0.05,0.995601014439416,-0.425747499621133,0.0782231785372477
0.326,15.4541674055191,19.9499998996223,-206.299317473111,0.11374645171965,-4080.71149166156,663.05820836714,116854.797790877,-15367.4553783481,6999999.81138094,-6999999.49774056,-14311896.292188,50184240.5879688,28621896889.52,-100369505075.681,0.0500001003776589,0.05,1.00000200755318,-0.413885851631227,0.0768408128745914
0.327,15.2458474996087,19.9504423221747,-210.320435258177,0.767955513507307,-3960.35788668975,644.194935180991,123852.411970325,-22359.0910067345,6999998.8635335,-7000000.00969032,14310000.5915451,-50185264.5155064,-28618162350.3872,102720160500.775,0.0495576778253017,0.05,0.991153556506035,-0.401599807899879,0.0744450640348407
0.328,15.0335678191437,19.9515283563253,-214.217699915711,1.39980299479367,-3833.00428269794,618.331759931785,130854.796140489,-29367.0636220123,6999999.78294979,-6998825.19395543,-14308161.7426619,52534895.9986005,28612204931.5609,-107419470191.549,0.0484716436747235,0.05,0.969432873494469,-0.388918981610974,0.0710980690229913
0.329,14.8174557177283,19.9532321389872,-217.984110492471,2.00228603940213,-3698.6506791706,585.469563686653,137852.410543444,-36357.5246130674,6999997.7236729,-7000000.03305252,14304043.1822588,-54884574.2185034,-28604045896.1031,199999838557.483,0.0467678610128246,0.05,0.935357220256492,-0.375842926258285,0.0668856304417426
0.33,14.5976455489658,19.9555208080016,-221.612667943422,2.56840954771294,-3557.29707757892,545.611224926341,144854.792947774,-43351.6336268581,6999999.74390705,-6954884.6879924,-14300002.6986004,145115264.446367,21644207516.6598,199999949999.641,0.0444791919984162,0.05,0.889583839968324,-0.36234155450259,0.0619085819729334
0.331,14.3742786664484,19.9583545092166,-225.096371374294,3.09119351554147,-3408.94376623603,498.814668138361,151851.250058294,-50200.6273576718,6996521.84496678,-6709769.44854628,7344204.81046934,345115214.631073,-7732501991.92409,199999964513.859,0.0416454907834414,0.05,0.832909815668827,-0.34835843510644,0.0562728612206743
0.332,14.1475034232267,19.9616864665018,-228.428223187833,3.56380561582111,-3253.59335339334,445.325008567335,158850.155255371,-56704.5058715181,6999999.79878123,-6264654.25165829,-388297.167207379,545115179.363225,-199998097266.378,199999967895.44,0.0383135334981866,0.05,0.766270669963731,-0.3338166164604,0.0500798239673763
0.333,13.9174751696954,19.9654632272909,-231.601226480624,3.97975863670405,-3091.25159619319,385.587361410808,165816.627889388,-62663.2692055378,6899612.45298089,-5619539.08834733,-200386394.474461,745115147.475551,-199999443097.504,199999966313.344,0.0345367727090569,0.05,0.690735454181137,-0.318626388774107,0.0434188326129186
0.334,13.6843562389793,19.9696251076966,-234.608429844338,4.33311048152255,-2922.02689310408,320.246841832068,172582.71390464,-67876.9173924462,6599226.33695769,-4774423.95771506,-400385837.637313,945115113.97865,-199999539325.045,199999959663.405,0.030374892303378,0.05,0.60749784606756,-0.30269431289779,0.0363630451455915
0.335,13.4483158307493,19.9741068376258,-237.44308385957,4.61866416875572,-2746.21963030223,250.148564961294,178948.414066243,-72145.4504665719,6098840.72965784,-3729308.86390465,-600385377.027806,1145115073.78687,-199999461604.712,199999942987.572,0.025893162374242,0.05,0.51786324748484,-0.285933488300788,0.0289687784648317
0.336,13.2095297105694,19.9788384058946,-240.098839492785,4.83216783199475,-2564.33019339579,176.337645891212,184713.728863798,-75268.8684697558,5398455.62182764,-2484193.81862413,-800384838.68001,1345115016.86358,-199999060773.567,199999888474.085,0.021161594105358,0.05,0.42323188210716,-0.268274851266312,0.0212784633526356
0.337,12.9681797095112,19.983746105344,-242.569948095805,4.97051471990004,-2377.0589674727,100.059199664018,189678.658889495,-77047.1714652011,4498071.25276081,-1039078.85752343,-1000383899.47137,1545114905.36725,-186384264759.076,62710913487.3764,0.0162538946559749,0.05,0.325077893119499,-0.249678539811303,0.013326858798664
0.338,12.7244530237875,19.9887537777635,-244.851461291739,5.03194205206104,-2185.30576960216,22.7526208644675,193645.474148393,-77303.2410511202,3404495.22090985,537391.504587573,-1186768164.2131,1607825818.82567,199999121312.505,-199999887210.521,0.0112462222365259,0.05,0.224924444730519,-0.230144221398843,0.00514987860633544
0.339,12.4785413160204,19.9937842473914,-246.939424690946,5.01619793962115,-1990.1475092251,-54.022286802761,196489.918474075,-75995.2699516446,2317726.61735297,2045217.37980804,-986769042.848919,1407825931.53375,199999535402.671,-199999941695.608,0.00621575260859686,0.05,0.124315052171937,-0.20971937595619,-0.00320497078462674
0.34,12.230639654443,19.9987608646077,-248.830980402364,4.92457587628043,-1792.65485562001,-128.768643748187,198347.59382589,-73279.4729296718,1430957.34220536,3353043.34049401,-786769507.367282,1207825989.71454,199999647414.831,-199999958325.024,0.00123913539234977,0.05,0.0247827078469953,-0.188504399398948,-0.0116683404403757
0.341,11.9809454578115,20.003608992041,-250.524254084017,4.75977499240088,-1593.71457804005,-200.178624014189,199418.499688962,-69355.8499206913,744187.658545482,4460869.35104601,-586769859.85944,1007826031.23718,199999664148.291,-199999964917.259,0.00360899204100562,0.05,0.0721798408201124,-0.166652438242442,-0.0201416035193305
0.342,11.7296576091727,20.0082573120303,-252.018158163405,4.5257022443298,-1394.01344616344,-267.144401591273,199902.63569491,-64424.4008814935,257417.63076021,5368695.39982478,-386770195.623552,807826066.156434,199999576440.84,-199999966463.051,0.00825731203026692,0.05,0.165146240605338,-0.144362452340807,-0.028494098556159
0.343,11.4769757690944,20.0126389344503,-253.312191837883,4.22727241444401,-1194.03823002083,-328.758150431085,200000.001490566,-58685.1257763134,-29352.7766428641,6076521.48274967,-186770619.126274,607826099.536997,199999090977.784,-199999963236.302,0.0126389344502655,0.05,0.252778689005311,-0.121865967532237,-0.0365654652558609
0.344,11.2230998888951,20.0166923045379,-254.406241075029,3.87020811118613,-994.07570004346,-384.312044450706,199910.596586208,-52338.024570979,-116123.850280216,6584347.60066847,13228471.8731019,407826136.172564,199996482417.242,-199999950347.859,0.0166923045378944,0.05,0.333846090757888,-0.0994088803877218,-0.0441727855472646
0.345,10.9682299238741,20.0203619107182,-255.300378613172,3.46083976909912,-794.212627433772,-433.298257531616,199834.419718946,-45583.097227259,-2897.13719848048,6892173.76166703,213224954.295332,207826185.747106,-193412304976.412,-199999881392.895,0.0203619107182149,0.05,0.407238214364298,-0.0772301467858463,-0.0511217752467591
0.346,10.7125657459932,20.0235987924305,-255.994667241191,3.00590564886574,-594.35217762016,-475.408963509472,199905.899674737,-38620.3436862602,113621.664608647,7000000.00671758,19812649.3189672,7826304.35031894,-176654993906.892,-15652650014.9127,0.0235987924305476,0.05,0.471975848610953,-0.0555394716637268,-0.057220887085818
0.347,10.4563072248889,20.0263608482107,-256.489048178771,2.5123533735976,-394.393525612336,-510.52865500177,199999.985165019,-31619.0393023462,45106.816974168,6999999.98606041,-156842344.587887,-7826345.65674305,199976263548.869,2051004834.62421,0.0263608482107145,0.05,0.52721696421429,-0.0344964868861138,-0.0622969143629175
0.348,10.1996543140501,20.0286129586481,-256.783439062722,1.9871815545956,-194.388795067614,-538.648913242315,200000.000186953,-24622.6106549516,-11747.3958392835,6993199.14282098,43133918.9610965,-5775340.82602998,-59002487045.897,25152377057.8094,0.0286129586480826,0.05,0.572259172961651,-0.0141950118921349,-0.066210415730903
0.349,9.94280701363303,20.0303270029746,-256.877828510082,1.43738683640606,5.61006198891801,-559.774838864969,199999.98600275,-17628.1071196779,1885.27959886458,6999999.99052383,-15868568.0847326,19377036.2395518,36378549338.8797,-38757545136.5708,0.0303270029745839,0.05,0.606540059491678,0.00534488867251462,-0.0688686963981602
0.35,9.68596532340355,20.0314818557749,-256.772218498911,0.869965093502353,205.609861661191,-573.90133137836,200000.000089858,-10624.8782018685,4205.98618357431,6999998.25419509,20509981.2537465,-19380508.9010622,-184654402107.789,38764495661.7866,0.0314818557748744,0.05,0.629637115497488,0.0241774788388614,-0.0702342731036159
0.351,9.4293292431803,20.0320633905754,-256.46660862036,0.291917503607279,405.607689159224,-581.027825347301,199983.685332989,-3628.10945282628,-67611.2336165825,6999999.99312469,-164144420.851269,19383986.768318,199989703801.048,-38770186163.8506,0.0320633905754377,0.05,0.641267811508754,0.0424251487595889,-0.0703277959030204
0.352,9.17309876503327,20.0320644808827,-255.961025529742,-0.289757226294209,605.53854439455,-581.154319559667,199867.333506239,3375.12083600788,-131760.802567332,6999998.88681122,35845282.9583312,-19386199.399798,199991649506.134,38774613265.3877,0.0320644808826778,0.05,0.641289617653555,0.0602655821241355,-0.0692253034626367
0.353,8.91747381500619,20.0314850002025,-255.255572118428,-0.868057804432582,805.354304716908,-574.28081470031,199786.827286721,10371.889058681,4080.30514407659,6999999.99404409,235836932.47112,19388413.872927,-199994629699.893,-38779001535.3333,0.0314850002025224,0.05,0.629700004050449,0.0779132144453519,-0.0670501345020059
0.354,8.662654219624,20.0303318220402,-254.350315559901,-1.43598552385375,1005.17414522,-560.407310029408,199875.493619795,17375.1200927548,139919.922765283,6999998.90714935,35842302.7609918,-19390587.666958,-199999065468.341,38783347572.2624,0.0303318220401607,0.05,0.606636440803214,0.0955975910814463,-0.0639603394785421
0.355,8.40883980949165,20.0286188199004,-253.245180520867,-1.98653909247373,1205.11723924156,-539.53380627004,200000.001516333,24371.8875973467,75762.6927921686,6999999.9932685,-164156762.756716,19392759.912335,-199999588827.984,-38788851796.9956,0.0286188199004016,0.05,0.572376398008032,0.113541857798089,-0.0601328727694242
0.356,8.1562305223568,20.0263668672873,-251.940059159983,-2.51271980363,1405.11942934489,-511.660302746624,199960.352562971,31375.1191619505,-188393.864378514,6999998.32728235,-364156351.670151,-19396091.8895348,-199999679133.115,38795598043.7021,0.0263668672873223,0.05,0.527337345746446,0.13194213489603,-0.0557461435246306
0.357,7.90502633839653,20.0236038377046,-250.435007792835,-3.00752636519008,1604.91655894728,-476.786800614825,199556.547242922,38371.8853763053,-652550.055615226,7000000.03441464,-564156030.896689,19399506.16087,-199999666249.031,-199999873075.786,0.0236038377045524,0.05,0.472076754091049,0.150948145642606,-0.0509626427727033
0.358,7.65542701606082,20.0203646044307,-248.73044689138,-3.46396141447245,1804.04447185423,-434.920015293506,198588.585894165,45348.2518516291,-1316705.91963646,6919399.60403763,-764155697.226211,-180600366.925362,-199999563695.398,-199999959055.816,0.0203646044307035,0.05,0.407292088614071,0.17064665979312,-0.0459133382422169
0.359,7.4076316279163,20.016691027203,-246.827361083605,-3.87506326169646,2001.83901220655,-386.150497028033,196856.468865307,52144.0179457009,-2180861.39871041,6638799.25758432,-964155260.975271,-380600326.000746,-199999181734.083,-199999971628.22,0.0166910272029526,0.05,0.333820544059051,0.191049322150541,-0.0406854583440707
0.36,7.16183789649042,20.0126318521564,-244.72749915317,-4.23405280743088,2197.4360245454,-330.758846169072,194160.196639155,58559.1837116845,-3245016.25055252,6158198.94576944,-1164154442.72736,-580600297.651512,132718344846.149,-199999975080.725,0.0126318521564457,0.05,0.252637043128914,0.212085995374327,-0.0353155285892654
0.361,6.91824133057811,20.0082424308923,-242.433571266255,-4.53453155257429,2389.78521726516,-269.225663029202,190355.222891375,64393.7491794508,-4342811.52085685,5477598.66057756,-1031436097.86316,-780600272.753396,199999146657.009,-199999974615.802,0.00824243089225263,0.05,0.164848617845053,0.233604200298066,-0.0297891865588305
0.362,6.67703418844474,20.003584239877,-239.949373548719,-4.7706815983239,2577.80546169263,-202.231547893834,185530.026512685,69447.7143745503,-5274248.04539154,4596998.40051625,-831436951.156451,-980600247.386242,199999521687.813,-199999970442.447,0.00358423987704981,0.05,0.0716847975409962,0.255374890472379,-0.0240478915390189
0.363,6.43840441280853,19.9987241998429,-237.279715091016,-4.93746564614962,2760.56812468569,-130.657101022923,179873.393245313,73521.0793229663,-6005685.2357041,3516398.16790878,-631437429.398085,-1180600217.84033,199999606995.339,-199999959283.341,0.00127580015714202,0.05,0.0255160031428403,0.277105330331562,-0.018001793279291
0.364,6.20253470537941,19.9937337951868,-234.430235859789,-5.03082699776779,2937.34176907328,-55.5829226485185,173585.32256272,76413.8440554068,-6537122.86160451,2235797.97042677,-431437822.328145,-1380600177.12985,199999569005.11,-199999922198.026,0.00626620481324736,0.05,0.125324096264947,0.298459365892406,-0.0115474311576199
0.365,5.96960179551537,19.9886879933707,-231.407207259088,-5.0478895551097,3107.59495723151,21.7103870338267,166865.814051424,77926.0086169007,-6868560.89943006,755197.832197909,-231438253.267099,-1580600099.3295,199999172283.101,8259324488.25436,0.011312006629332,0.05,0.226240132586639,0.319083554101637,-0.00458848175482273
0.366,5.73977590878477,19.9836639646104,-228.217332130796,-4.98715608478138,3270.99625110445,99.7509053559637,159914.867220706,77892.2829535132,-6999999.56655552,-821272.604887468,-31439080.975324,-1572340774.84001,62877813439.6453,199999925835.033,0.0163360353895818,0.05,0.326720707791637,0.338636592246906,0.00294250428439701
0.367,5.51322043533786,19.9787396186076,-224.867545897821,-4.84865976182539,3427.40849861849,176.978828541064,152909.627749196,76318.1732821763,-6999999.74081097,-2293613.41680963,31438732.4494306,-1372340849.00263,2116625165.88461,199999963082.859,0.0212603813924233,0.05,0.425207627848465,0.35681914252786,0.0110636666950604
0.368,5.29009178714735,19.9739920608568,-221.364847923483,-4.63395962709152,3576.82345449319,251.929804970401,145925.700145425,73371.7227680442,-6967502.6957786,-3565954.28427079,33555357.6230014,-1172340885.91827,-132104885320.139,199999974546.897,0.0260079391431915,0.05,0.520158782863831,0.373401038729929,0.0197276714482203
0.369,5.07053938160645,19.9694961363064,-217.716222571169,-4.34598546443152,3719.26549149442,323.331493778462,138952.957647519,69252.9313699039,-6999999.78081561,-4638295.18291588,-98549527.7129456,-972340911.373526,197103377957.788,199999979237.605,0.0305038636936317,0.05,0.610077273872633,0.38824265259245,0.0288129682937135
0.37,4.85470565831493,19.9653231572836,-213.928649730202,-3.98883939858011,3854.7102369851,390.111554067188,131936.533665782,64161.7990611745,-6999997.61954961,-5510636.1046706,98553850.216309,-772340932.140757,-197112083328.773,199999980590.814,0.034676842716447,0.05,0.69353685432894,0.401307508278634,0.0381241693039948
0.371,4.64272606192822,19.9615398311538,-210.009135427814,-3.56759589518227,3983.15498449314,451.397644914987,124952.96095739,58298.325820534,-6999999.81099775,-6182977.04651594,-98558233.0598466,-572340951.558401,197118498536.649,199999978813.809,0.0384601688461892,0.05,0.769203376923784,0.412664375553081,0.0474015481076347
0.372,4.43472903719372,19.9582073879798,-205.964673092338,-3.08810176081488,4104.59973245704,506.517425379903,117936.535112883,51862.5116280454,-6999998.79478904,-6655318.00866668,98560265.3798717,-372340972.75356,-197122608156.395,199999970194.65,0.0417926120201919,0.05,0.835852240403838,0.422479218025118,0.056338624478196
0.373,4.23083602885951,19.9553809081805,-201.802269293674,-2.55677614300691,4219.04448145433,554.998554499254,110952.962682684,45054.3564613748,-6999999.83348759,-6927658.99632292,-98562342.6586359,-172341002.564725,197126001496.203,199999899609.321,0.0446190918194986,0.05,0.892381836389973,0.430997834174748,0.0646060227786613
0.374,4.03116148167455,19.9531088501902,-197.528917460388,-1.98041053026282,4326.48923075888,596.568691281984,103936.536011371,38073.8602803814,-6999999.17539773,-7000000.049083,98563658.6745545,27658897.0490549,-197128666858.488,-45195332606.758,0.0468911498098414,0.05,0.937822996196829,0.438520950800244,0.071879205096956
0.375,3.83581284038826,19.9514327777768,-193.151624162847,-1.36597079539987,4426.9339807762,631.145278204283,96952.963887417,31080.1571244029,-6999999.85015279,-6994938.81833732,-98565008.0024089,-17536435.5601081,197131002241.778,24950428715.7793,0.0485672222231734,0.05,0.971344444463469,0.445374283709024,0.0778673296103887
0.376,3.64489054975065,19.9503872677063,-188.677382829612,-0.72045178001178,4520.37873103991,658.726082768837,89936.5367002151,24080.6084930905,-6999999.35703376,-7000000.03953956,98565994.0117521,7413993.16085289,-197132999029.561,-14827633210.9142,0.0496127322936921,0.05,0.992254645873842,0.45187654214847,0.0823402241409078
0.377,3.45848805451206,19.9499999004038,-184.113200031317,-0.0508518695611027,4606.8234818625,679.307309075152,82952.9648402566,17081.8441779541,-6999999.8625373,-6999999.86298417,-98567004.7737357,-7413640.05162241,197134814015.025,14826918793.5491,0.0500000995961898,0.05,1.0000019919238,0.458308513691657,0.0851499274632907
0.378,3.27669179942334,19.95029125858,-179.466069196474,0.635829513667818,4686.26823289735,692.888535486955,75936.5372775719,10080.608648107,-6999999.46030281,-7000000.04363904,98567808.950205,7413278.74807036,-197136441086.292,-14826413763.8871,0.0497087414200017,0.05,0.994174828400034,0.464886224651696,0.0862440276601173
0.379,3.09958122923559,19.9512749219624,-174.742996895906,1.33259187548754,4758.71298440319,699.46976187468,68952.9656481299,3081.84417491882,-6999999.87189643,-6999999.97177293,-98568631.8302946,-7413135.0162961,197137955342.78,14826119588.658,0.0487250780375987,0.05,0.974501560751975,0.471740734624742,0.0856695597280171
0.38,2.92722878870033,19.9529574717767,-169.950976558064,2.03243571010444,4824.15773609946,699.050988277173,61936.5377861055,-3919.39134438597,-6999999.52605446,-7000000.04699493,98569323.1588827,7412984.57969351,-197139352627.383,-14825888845.1588,0.0470425282232938,0.05,0.940850564465876,0.478906449104016,0.0835671882912247
0.381,2.75969992256935,19.9553384892486,-165.097014753914,2.7283605233034,4882.6024882106,691.632214641372,54952.966362753,-10918.1558805126,-6999999.87921009,-7000000.00683784,-98570029.1016754,-7412904.26467751,197140672896.938,14825722878.3558,0.0446615107513963,0.05,0.893230215027927,0.486318979366535,0.080156355273971
0.382,2.59705307559477,19.9584105556038,-160.188104911846,3.41336680925345,4934.04724049685,677.213440991192,47936.5382476992,-17919.3913856089,-6999999.57186227,-7000000.04966338,98570643.379978,7412818.62233914,-197141913351.655,-14825584991.7146,0.0415894443962408,0.05,0.831788887924816,0.49382263989795,0.0757129500714436
0.383,2.43933969252895,19.9621592520678,-155.231253602944,4.0804540737347,4978.4919931588,655.794667296765,40952.9670118567,-24918.155956724,-6999999.88515908,-7000000.02353693,-98571269.5444298,-7412766.36721202,197143097509.467,14825476315.7222,0.0378407479321758,0.05,0.756814958643517,0.501186732385701,0.0705417676219972
0.384,2.28660421812459,19.9665631598664,-150.233454255538,4.72262281089666,5015.93674598434,627.375893574242,33936.5386747299,-31919.3914506476,-6999999.6059476,-7000000.05174633,98571827.4888148,7412709.95857128,-197144223290.939,-14825382321.8143,0.0334368401336036,0.05,0.668736802672072,0.508128923848968,0.0649464986925569
0.385,2.13888409713456,19.971593860225,-145.201713440812,5.33287252651897,5046.38149915632,591.957119804159,26952.9676118623,-38918.1560443823,-6999999.89010536,-7000000.03294871,-98572395.3150106,-7412672.35966984,197145307148.181,14825303927.2011,0.0284061397749511,0.05,0.568122795499022,0.514343354910019,0.0592002022765354
0.386,1.99620977431209,19.9772159343693,-140.143024587041,5.90420371473911,5069.82625248282,549.538345998432,19936.539075173,-45919.3915294286,-6999999.63184495,-7000000.05334484,98572911.2966926,7412631.57898876,-197146347128.813,-14825233916.9053,0.0227840656306881,0.0500005380372829,0.455676409195821,0.519530686229819,0.0535191264640819
0.387,1.85860469441055,19.9833869635247,-135.064394265495,6.42961588133763,5086.27100613344,500.119572143152,12952.9681743354,-52918.1561392011,-6999999.89411392,-7000000.03872436,-98573435.2856757,-7412602.33297931,197147357764.662,14825173033.0649,0.0166130364753272,0.0507143879119304,0.327580340793565,0.523427134843353,0.0480423824336546
0.388,1.72608530218363,19.9900575289166,-129.972815904395,6.90210952044393,5095.71575993151,443.700798247785,5936.53945541846,-59919.3916168098,-6999999.65051579,-7000000.05454088,98573921.8828976,7412570.71285442,-197148336786.332,-14825117118.937,0.0099424710834235,0.0525567020937385,0.189176083873954,0.52582968982286,0.0428193757727
0.389,1.5986610423852,19.9971712117704,-124.87529607509,7.31468413784007,5098.16051403746,380.282024301681,-1047.03129040915,-66918.1562387302,-6999999.89702745,-7000000.04238755,-98574414.2981502,-7412546.39990418,197149299502.321,14825066789.3057,0.0028287882295821,0.0552321752909176,0.0512163103242336,0.526615100830561,0.037806120769963
0.39,1.47633435976939,20.0046645933116,-119.778828205745,7.66034022764968,5093.60526828585,309.863250312858,-8063.46017812519,-73919.391709729,-6999999.66157283,-7000000.05539289,98574884.5490939,7412520.40332057,-197150243094.769,-14825019330.0526,0.00466459331155633,0.0584884316258983,0.0797524088420056,0.525750871530497,0.0328706853744272
0.391,1.35910069909052,20.0124672547653,-114.690418867783,7.93207729565672,5082.0500228324,232.444476272678,-15047.0307713966,-80918.1563413455,-6999999.89857265,-7000000.04465466,-98575357.8820098,-7412498.91951415,197151185048.022,14824975277.9293,0.0124672547652871,0.0621125640906129,0.200720336502277,0.523297287013296,0.0278071230458877
0.392,1.24694850510316,20.0205017773569,-109.61706148931,8.12289583598056,5063.49477751882,148.025702188351,-22063.4598181933,-87919.3918061123,-6999999.6639289,-7000000.05593529,98575826.4525754,7412476.37322008,-197152121936.292,-14824932602.1967,0.0205017773568663,0.0659276785587353,0.310973748887596,0.519400391290876,0.0223564303992491
0.393,1.13985922256207,20.0286837423115,-104.565762641814,8.22579535440742,5037.93953250116,56.6069280524936,-29047.0302560098,-94918.1564458225,-6999999.89844615,-7000000.04586323,-98576294.7621136,-7412456.22097522,197153074435.489,14824891813.935,0.0286837423115216,0.0697894757865168,0.411003836728392,0.51427670967623,0.0162324041639837
0.394,1.03780729622226,20.0369217308544,-99.5435157533395,8.23377634505343,5005.38428762377,-41.8118461280239,-36063.4594562221,-101919.391904352,-6999999.65598861,-7000000.05617733,98576778.9022498,7412435.60838537,-197154038584.865,-14824851105.2475,0.0369217308543988,0.0735829019095829,0.501770518642597,0.508191306567535,0.00914982115264967
0.395,0.940760170838929,20.0451173242106,-94.5573273954346,8.13983831370744,4965.82904304896,-147.230620359844,-43047.029729314,-108918.156551099,-6999999.89638063,-7000000.04612165,-98577258.9035138,-7412415.48846687,197155039725.069,14824811025.0599,0.0451173242106115,0.07721889492191,0.584278294272895,0.501431394971673,0.000852170939106593
0.396,0.848678291167525,20.0531651036052,-89.6141909960748,7.93698175448317,4919.27379861841,-259.649394636006,-50063.4590819814,-115919.392002983,-6999999.63541957,-7000000.05609768,98577779.9934302,7412395.55223004,-197156073456.289,-14824769569.6578,0.0531651036052274,0.0806312515341365,0.659361011936162,0.49427812174487,-0.00886375075221689
0.397,0.761515101963689,20.0609526502633,-84.7211131268622,7.61820617317262,4865.71855450802,-379.068168962816,-57047.0291731014,-122918.156656089,-6999999.89215625,-7000000.04532982,-98578292.6266965,-7412374.00904081,197157172777.636,14824727417.4356,0.0609526502632676,0.0837736356802722,0.727587501345859,0.486979294599396,-0.0201287411509094
0.398,0.679217047983341,20.0683605454097,-79.8850872156921,7.17651206388776,4805.16331055017,-505.486943332721,-64063.4586828938,-129919.39210038,-6999999.59839194,-7000000.05563041,98578879.2665843,7412353.42378322,-197158332890.622,-14824681728.2024,0.0683605454096963,0.0866167468027148,0.789230119267809,0.479725693391283,-0.0329893713821318
0.399,0.601723573982594,20.0752623702694,-75.1131198342173,6.60489893242455,4737.60806694422,-638.90571775209,-71047.0285639176,-136918.156759449,-6999999.88557277,-7000000.04307089,-98579452.7313482,-7412328.29643645,197159600927.67,14824613036.7888,0.0752623702694457,0.089145662922942,0.844262836819138,0.472633223928077,-0.0474045081023785
0.4,0.528967124717871,20.0815247060674,-70.4122044102356,5.89636727289379,4663.05282350447,-779.324492212858,-78063.458242482,-143919.392197697,-6999999.53783796,-7000000.06484909,98580147.2565996,7412284.7549618,-197160971584.989,199999986508.192,0.0815247060673805,0.0913573704257853,0.892371416640188,0.46573257862522,-0.0632504099311277
0.401,0.460873144945807,20.0870071343267,-65.7893475154475,5.04391838129667,4581.49758046845,-926.734315708685,-85047.0278687331,-150882.352788959,-6999999.8763761,-6892587.78683939,-98580823.379775,207412270.907506,197162521552.128,199999996380.287,0.0870071343267114,0.0932584894745981,0.932967441536897,0.458967314712527,-0.0803337930093921
0.402,0.397360079423391,20.0915622544314,-61.2515425775275,4.04060442058412,4492.94233761965,-1081.02006032038,-92063.4577366473,-157637.901107499,-6999999.43897737,-6585175.51774116,98581697.17824,407412266.686988,-197164244641.85,199999997944.745,0.0915622544314374,0.0948632010572979,0.965203086243456,0.452200433125742,-0.0984113292731866
0.403,0.338339372907856,20.0950358062539,-56.8057961682198,2.87968650910883,4397.38709525882,-1241.87431377812,-99047.0270345787,-163986.037158801,-6999999.86412243,-6077763.25208139,-98582546.459894,607412263.902767,197166290502.401,199999998359.004,0.0950358062539465,0.0961913788625239,0.98798673413104,0.445228710660374,-0.117212746158753
0.404,0.283715470156861,20.0972669778244,-52.4591017150328,1.55483317749115,4294.83185311822,-1408.78966381592,-106063.457123612,-169726.760945781,-6999999.26532856,-5370350.98899915,98583742.995251,807412261.504405,-197168651258.541,199999998254.157,0.0972669778244111,0.0972669265227056,1.00000052743216,0.437803295724621,-0.136464458814436
0.405,0.233385816503732,20.0980889089627,-48.2184657901044,0.0603203709788903,4185.27661161279,-1581.05869817089,-113047.025959413,-174660.07247091,-6999999.8479651,-4462938.72836778,-98584907.2056646,1007412259.06531,197171704570.77,199999997635.159,0.0980889089626871,0.0981163182480977,0.999720644986481,0.429654484720474,-0.15591128641755
0.406,0.187240856131233,20.0973294100338,-44.0908818206979,-1.60876855528101,4068.72137038598,-1757.77400458307,-120063.456310308,-178585.971736749,-6999998.90288268,-3355526.4704851,98586796.2664963,1207412256.14607,-197175440278.976,199999996023.596,0.097329410033776,0.0987673386054801,0.985441254244505,0.420518218048545,-0.175334161570922
0.407,0.145164033797901,20.0948118580177,-40.0833563785854,-3.45634283388327,3945.16613009978,-1937.82817079534,-127047.02438852,-181304.458746453,-6999999.82675832,-2048114.2163275,-98588642.903009,1407412251.81124,197181363349.111,199999990699.881,0.0948118580176924,0.0992480149126921,0.955302311095067,0.410161695563753,-0.194562160143892
0.408,0.107031794263076,20.0903563077009,-36.2028828905995,-5.48510428516728,3814.61089023327,-2119.91378455445,-134063.454976249,-182615.533505074,-6999997.78798396,-540701.96916662,98592719.2986114,1607412242.38637,-197189460533.703,-61883328744.4271,0.0903563077009153,0.0995857340051569,0.907321802701543,0.398405632062404,-0.213477752285886
0.409,0.0727135822867311,20.0837807987253,-32.4564679282784,-7.69634949958336,3677.05565224075,-2302.5343454191,-141047.021314744,-182362.843241177,-6999999.79895498,1035768.60884722,-98596740.076076,1545528913.76768,197193401627.054,-199999990930.983,0.0837807987253001,0.0998065332604413,0.839432008991609,0.385141028551106,-0.232014852052231
0.41,0.042071842630413,20.0749028413486,-28.8511049174685,-10.0898299124201,3532.50041461335,-2484.13004947781,-148063.453916865,-180587.643507296,-6999999.83821461,2481297.52714913,98596660.3560658,1345528923.20765,199999539085.047,-199999996265.191,0.0749028413486243,0.0999345543626869,0.74951894093392,0.370338897688183,-0.250150149856277
0.411,0.0149620206078314,20.0635409601374,-25.3937971211282,-12.6637858396353,3380.96172685315,-2663.26112267406,-154980.822168446,-177466.914851306,-6801403.4083148,3726826.45222394,298596198.565294,1145528927.5302,199999796196.911,-199999997896.366,0.0635409601374128,0.0999916470405845,0.635462681313999,0.354052089436339,-0.267889830652545
0.412,-0.00876740591548411,20.0495161278142,-22.0914452642633,-15.4151132192379,3222.63830232329,-2838.68203608372,-161599.594178166,-173200.657268376,-6402807.31165133,4772355.3808058,498595994.142552,945528930.386282,199999839877.384,-199999998548.263,0.0502863233911515,0.1,0.502863233911515,0.336409441328187,-0.285254658315841
0.413,-0.0292747271480323,20.0326530105947,-18.950651452236,-18.3395624603106,3057.92873713308,-3009.34726077897,-167719.770186147,-167988.870755569,-5804211.39757031,5617884.31191789,698595833.604102,745528932.678819,199999843755.096,-199999998708.39,0.0438546320299982,0.1,0.438546320299982,0.317604238406087,-0.302265661885274
0.414,-0.0467246027723211,20.0127810137165,-15.9775191944012,-21.4319384430069,2887.43162719872,-3174.41126782942,-173141.350359664,-162031.555310555,-5005615.64208882,6263413.24524262,898595677.099673,545528934.798936,199999821682.869,-199999998394.221,0.0484411273181381,0.1,0.484411273181381,0.297878486122196,-0.318931918381252
0.415,-0.0612874633489494,19.9897351269684,-13.177453404279,-24.686300518549,2711.94556827504,-3333.22852830243,-177664.334859625,-155528.710931127,-4007020.05414783,6708942.1808447,1098595498.63791,345528937.095939,199999756961.909,-199999997044.297,0.0612874633489494,0.099996062234127,0.612898768008017,0.277504585831174,-0.335241596304003
0.416,-0.0731387117208527,19.9633565702189,-10.5549603997179,-28.0961625092251,2532.4691559465,-3485.35351326304,-181088.723871656,-148680.337614748,-2808424.67702904,6954471.11941894,1298595255.53471,145528940.456788,199999538299.344,-199999987473.926,0.0731387117208527,0.0999502622474401,0.731751073746942,0.256766227856844,-0.351157090334246
0.417,-0.0824577244177228,19.9334932389455,-8.11344790308443,-31.6546927083871,2350.20098557854,-3630.54069377297,-183214.517664558,-141686.43535654,-1409829.6523447,7000000.06613944,1498594793.81909,-54471047.0701096,155584497884.558,108942021235.833,0.0824577244177228,0.0998378090191684,0.825916806746944,0.235940370520803,-0.366614669415655
0.418,-0.0894266531223408,19.8999999501926,-5.85502541166657,-35.3549113059283,2166.5378015602,-3768.73166830217,-183849.119170363,-134695.513810612,166557.390416644,7000000.02968729,1654179291.71526,54470974.1845001,-199999540675.514,-108941882469.523,0.0894266531223408,0.099637499645122,0.897520044570075,0.215282043945441,-0.38152861186988
0.419,-0.0942290302090033,19.8627385160279,-3.78031715466978,-39.1898226938416,1983.0393243061,-3899.92264279971,-182888.805390881,-127686.43527448,1720736.91179415,7000000.06263725,1454179751.06011,-54470908.3413035,-199999760153.929,108941779103.92,0.0942290302090033,0.099325799494386,0.948686350260178,0.195013382326907,-0.395799133149639
0.42,-0.0970482251341821,19.8215777425626,-1.88837652174386,-43.1524232406884,1801.24491732703,-4024.11361724269,-180474.311896923,-120695.513703083,3074916.78277731,7000000.04384802,1254179990.92293,54470870.7780467,-199999826625.558,-108941702742.398,0.0970482251341821,0.0988772059731866,0.981502502816468,0.175317442258692,-0.409322192256895
0.421,-0.0980659194568438,19.776393438822,-0.176805686039479,-47.2357165778119,1622.50876048222,-4141.30459164237,-176805.638423124,-113686.435174574,4229096.86038747,7000000.06325511,1054180164.30333,-54470832.0236788,-199999852410.513,108941637304.514,0.0980659194568438,0.0982647577724521,0.997976504291918,0.15633571620065,-0.421999664379464
0.422,-0.0974607531524006,19.7270684138316,1.35804735926618,-51.4326990737723,1447.98503384561,-4251.49556598519,-172082.784789318,-106695.513588066,5183277.09848556,7000000.04988378,854180311.885633,54470805.2937237,-199999857429.657,-108941582951.787,0.0974607531524006,0.0974607021525551,1.00000052328625,0.13816805376878,-0.433748811872573
0.423,-0.0954071711385102,19.6734924766045,2.72088880159486,-55.7363743598968,1278.6279176541,-4354.68654027949,-166505.750844455,-99686.4350663277,5937457.48165637,7000000.06370188,654180454.437778,-54470777.7198725,-199999842059.478,108941534305.649,0.0954071711385102,0.0964373319026447,0.989317821803962,0.12087469412037,-0.444510140550761
0.424,-0.0920744669772148,19.6155624361787,3.917279008238,-60.1397388047461,1115.19159229127,-4450.87751451569,-160274.53644258,-92695.5134694149,6491638.01506441,7000000.05313498,454180612.355172,54470756.5960287,-199999783002.978,-108941491407.279,0.0920744669772148,0.0951680020931261,0.967493957550101,0.104480180558317,-0.454252896516142
0.425,-0.0876260308120342,19.5531821015798,4.95343252694549,-64.6357960396501,958.230238293617,-4540.06848870048,-153589.141418492,-85686.4349535416,6845818.73591808,7000000.06402928,254180829.333431,-54470734.875101,-199999432360.606,108941451866.6,0.0876260308120342,0.0936283350976647,0.935892224513344,0.0889787530586529,-0.462977699007235
0.426,-0.0822187944817756,19.4862622818333,5.83601808609642,-69.2175424331704,808.098036399034,-4622.25946282637,-146649.565506619,-78695.5133486411,6999999.84907152,7000000.0550872,54181396.972008,54470717.0001919,-108363660522.019,-108941415648.915,0.0822187944817756,0.0917976204927984,0.895652785338001,0.0743406757100044,-0.470716088202888
0.427,-0.0760028772125051,19.4147207859652,6.57195935861293,-73.8779816166328,664.952985892405,-4697.45043689905,-139640.535569131,-71686.4348380064,6999999.4157825,7000000.06426323,-54182263.546159,-54470698.7141927,108364030956.763,108941381528.738,0.0760028772125051,0.0896604143595988,0.84767483794668,0.0605188731438092,-0.477527071214779
0.428,-0.0691214236263531,19.338482423001,7.16825738656118,-78.6101099586005,528.807934818028,-4765.64141091224,-132649.566613276,-64695.5132265312,6999999.16771472,7000000.05631353,54181767.4098275,54470682.8219258,-108362988840.972,-108941349415.49,0.0691214236263531,0.0872083402387572,0.792601068167493,0.0474553004220441,-0.48349103902009
0.429,-0.0617105787742839,19.2574790019667,7.63190855711138,-83.4069310903959,399.662882955752,-4826.83238487107,-125640.537059976,-57686.434720735,6999999.44070404,7000000.06442802,-54181221.427075,-54470666.6602476,108361947543.587,108941318620.177,0.0617105787742839,0.0844420915385882,0.730803532336519,0.035086968908855,-0.488701679613781
0.43,-0.0538994877080103,19.1716493318882,7.96991648166832,-88.2614413805837,277.517830491682,-4881.02335876998,-118649.567905374,-50695.513103565,6999999.19304875,7000000.05707799,54180726.1159662,54470651.9662852,-108360951801.451,-108941289019.739,0.0538994877080103,0.0813736325844037,0.662370426343002,0.0233521395457528,-0.493256698326093
0.431,-0.0458102954798841,19.0809392217913,8.18927754748448,-93.1666444604836,162.372777262955,-4928.21433261375,-111640.538507878,-43686.4346023762,6999999.44326397,7000000.06453472,-54180225.6813186,-54470637.1209633,108359927310.492,108941260201.055,0.0458102954798841,0.0780285927471745,0.587096266471407,0.0121963127046974,-0.497248263598634
0.432,-0.0375581471429861,18.9853014807021,8.29699536591031,-98.1155366986616,54.2277234355212,-4968.40530639731,-104649.569189547,-36695.5129800741,6999999.18123789,7000000.05751442,54179701.6287495,54470623.0858065,-108358906608.015,-108941232018.049,0.0375581471429861,0.07444884522087,0.504482601866571,0.0015774393862707,-0.50075411030866
0.433,-0.029251187751033,18.8846959176467,8.30006632426116,-103.101121726435,-46.9173311675168,-5001.59628012522,-97640.5399752406,-29686.4344833944,6999999.42956261,7000000.06459152,-54179204.9751011,-54470608.9995862,108357830931.371,108941204200.753,0.029251187751033,0.0706952590542062,0.41376448919445,-0.00853014414381326,-0.503830158571015
0.434,-0.0209905623584799,18.7790893416512,8.20549403380616,-108.116395912372,-141.062386385268,-5027.78725379272,-90649.5705096545,-22695.5128563118,6999999.14005318,7000000.05769224,54178625.955881,54470595.2065988,-108356727335.1,-108941176590.19,0.0209905623584799,0.0668506100079779,0.313992084080831,-0.0181334243645347,-0.506505346374027
0.435,-0.0128704160204356,18.6684555617418,8.0202748819032,-113.154362887787,-228.207442416517,-5046.97822740432,-83640.5415111571,-15686.4343641573,6999999.40234149,7000000.06460347,-54178101.3751323,-54470581.4523008,108355538478.301,108941148984.585,0.0128704160204356,0.0630226327290609,0.204218952193992,-0.0272202643086433,-0.50877915177744
0.436,-0.00497789379278282,18.5527753869446,7.75141247971414,-118.20801902125,-308.352499094563,-5059.16920095536,-76649.5719030685,-8695.51273249085,6999999.0702055,7000000.0576436,54177437.1027503,54470567.5377796,-108354290945.872,-108941121216.844,0.00497789379278282,0.0593471936328749,0.0838774925664785,-0.0357608228105391,-0.51062201139164
0.437,0.00260685926790633,18.4320366262861,7.40590321462486,-123.270367944075,-381.497556650086,-5064.36017445043,-69640.5431627816,-1686.43424498755,6999999.3618353,7000000.06457333,-54176853.8391667,-54470553.7470165,108352915221.35,108941093095.78,0.00260685926790633,0.0559915607948413,0.0465580746616106,-0.0437106785546276,-0.511978558983921
0.438,0.00981069810422707,18.3062340887925,6.99075069766034,-128.334406024831,-447.642614900805,-5062.55114788488,-62649.573408642,5304.48739119136,6999998.9656068,7000000.05737438,54176061.3816898,54470539.3544759,-108351442451.928,-108941064455.125,0.00981069810422707,0.0531577440960519,0.184558210117042,-0.051015333031613,-0.512773333239861
0.439,0.0165674776580298,18.1753695834902,6.51295131622156,-133.393136894831,-506.787674124302,-5053.74212126348,-55640.5449860669,12313.5658738007,6999999.30576251,7000000.06449987,-54175381.066454,-54470525.1679373,108349771582.496,108941035067.276,0.0165674776580298,0.0510858758774522,0.324306422733611,-0.0576156378734111,-0.512918369347138
0.44,0.022818052870245,18.0394519194058,5.97950868115756,-138.439556922648,-558.932734111436,-5037.93309458147,-48649.5750755554,19304.4875145347,6999998.81048729,7000000.05686696,54174390.5154393,54470509.9059407,-108347944105.788,-108941004771.576,0.022818052870245,0.0500575994592352,0.45583593933279,-0.0634536063694336,-0.512321911688489
0.441,0.0285102786809795,17.8984969055657,5.39741917986893,-143.466669739592,-604.077795211742,-5015.12406784391,-41640.5470604772,26313.56599187,6999999.22894982,7000000.06438742,-54173553.5867635,-54470494.9320581,108345792777.32,108940973241.567,0.0285102786809795,0.05,0.57020557361959,-0.0684780397665499,-0.510897386841997
0.442,0.0335990100292924,17.7525273509966,4.77368642297102,-148.467471714237,-642.222857172562,-4985.31504104581,-34649.5769761747,33304.4876373155,6999998.57175171,7000000.05607627,54172239.1898207,54470478.3171218,-108343376413.352,-108940940331.885,0.0335990100292924,0.05,0.671980200585849,-0.072649422658545,-0.508571760072847
0.443,0.0380461018533047,17.6015730647251,4.11530679784013,-153.434966477891,-673.367920460798,-4948.50601419271,-27640.549514215,40313.5661088195,6999999.12273485,7000000.06422774,-54171137.2201684,-54470462.0800281,108340386870.685,108940905539.182,0.0380461018533047,0.05,0.760922037066094,-0.0759436211069699,-0.50529247086296
0.444,0.0418204090898967,17.4456708557779,3.42928391476478,-158.362150399134,-697.512984750737,-4904.69698727922,-20649.579228931,47304.4877592631,6999998.17895002,7000000.05491742,54169249.6496276,54470443.4680627,-108336908759.426,-108940868736.532,0.0418204090898967,0.05,0.836408181797934,-0.0783540380016173,-0.501032289851844
0.445,0.044897786674839,17.2848645331817,2.72261416105377,-163.242027109269,-714.65805071671,-4853.88796031158,-13640.5525766032,54313.5662241336,6999998.97421992,7000000.0640175,-54167659.106673,-54470425.3323006,108332295437.026,108940829104.977,0.044897786674839,0.05,0.89795573349678,-0.0798920359737374,-0.495791651410188
0.446,0.0472610895423508,17.1192049059634,2.0023011465046,-168.06759297688,-724.80311790063,-4796.07893328381,-6649.58204935209,61304.4878800206,6999997.46283175,7000000.05323779,54164636.3292975,54470403.7831483,-108326666363.08,-108940786543.532,0.0472610895423508,0.05,0.945221790847015,-0.0805856076501342,-0.48959826574882
0.447,0.0489001726252663,16.9487497831498,1.27534125826782,-172.831851633268,-727.948187387166,-4731.26990620319,359.443287260904,68313.566337088,6999998.7659795,7000000.06375085,-54162030.0309036,-54470382.8225246,108318347252.135,108940739653.932,0.0489001726252663,0.05,0.978003452505326,-0.0804764451910946,-0.482504082988503
0.448,0.0498118908543169,16.7735639737679,0.548738105324289,-177.52779944702,-724.093258454402,-4659.46087906285,7350.4140961095,75304.4879990743,6999995.90957466,7000000.05075332,54156317.2200074,54470356.8436918,-108307495754.957,-108940688372.169,0.0498118908543169,0.05,0.996237817086339,-0.0796157134579112,-0.474579936856088
0.449,0.0500000991583215,16.5937192868446,-0.17051192557871,-182.148440049437,-713.238333160033,-4580.65185187161,14359.4369150097,82313.5664465726,6999998.47891718,7000000.06341119,-54151178.5323118,-54470331.5886842,108287378335.219,108940630130,0.0500000991583215,0.05,1.00000198316643,-0.0780589548613171,-0.465908418736098
0.45,0.0494756527067259,16.409294531407,-0.875405227226789,-186.686769809109,-695.383410225131,-4494.84282462133,21350.4077010568,89304.4881156089,6999990.98955248,7000000.04688758,54136199.8015266,54470298.5556436,-108258177124.374,-108940564910.715,0.0494756527067259,0.05,0.989513054134517,-0.0758606316698285,-0.45657569662857
0.451,0.0482564061780769,16.2203755164823,-1.55894541438946,-191.135792357336,-670.528495084134,-4402.03379732328,28359.4237609951,96313.5665507002,6999998.10079181,7000000.06298811,-54121977.320432,-54470266.4131236,103164119001.767,108940487425.135,0.0482564061780769,0.05,0.965128123561538,-0.0730688418862559,-0.446663088716709
0.452,0.0463672144809669,16.0270550510974,-2.21412892612295,-195.488504062714,-638.673794094959,-4302.22476996726,35349.5548929651,103304.488228144,6997458.18297226,7000000.04028761,49042141.6798114,54470221.0285982,-93003816829.2759,-108940397719.081,0.0463672144809669,0.05,0.927344289619337,-0.069720719939317,-0.43623921356465
0.453,0.0438399321258892,15.8294329442797,-2.83396043087085,-199.737908556541,-599.8212115771,-4195.41574256891,42356.033510643,110313.566645766,6999998.41623743,7000000.0624569,-43961675.1472101,-54470176.7461726,-199989772857.357,108940282350.2,0.0438399321258892,0.05,0.876798642517784,-0.0658389652969329,-0.425353474051071
0.454,0.0407134114859787,15.6276160050564,-3.41144045715059,-203.877002207422,-553.980838709466,-4081.60671511454,49300.7194605003,117304.488333362,6856041.85466154,7000000.02688587,-243951448.009314,54470105.6230712,-199997030522.744,-108940141450.503,0.0407134114859787,0.05,0.814268229719574,-0.0614298314012138,-0.414031491509418
0.455,0.0370334807890991,15.4217180424548,-3.93964009333781,-207.898788646656,-501.301090104216,-3960.79768762896,56001.4527527391,124313.566722621,6512091.89139086,7000000.06178388,-443948478.540722,-54470035.8805377,-199997787952.794,108939920856.872,0.0370334807890991,0.05,0.740669615781982,-0.0564829381547423,-0.402272910583697
0.456,0.0328527911213255,15.2118598655022,-4.41187527250554,-211.796264242864,-442.125916058587,-3832.98866009228,62258.2374402025,131304.48841976,5968144.51887374,6999999.98633178,-643946266.503737,54469884.9979929,-199997897560.592,-108939620823.989,0.0328527911213255,0.05,0.657055822426511,-0.0509739796426503,-0.390051758005624
0.457,0.0282304723277328,14.998169283226,-4.8219058764435,-215.562432627352,-376.999263981218,-3698.17963255817,67871.0758428988,138313.566744956,5224199.30358971,7000000.06091797,-843944164.074376,-54469735.8764085,-199997697094.871,75062223984.2493,0.0282304723277328,0.05,0.564609446554656,-0.0448706116382278,-0.377319289221362
0.458,0.0232315890649418,14.7807811046065,-5.1641357332381,-219.190290451087,-306.665079083597,-3556.37201652268,72639.9701149363,145298.842308453,4280256.29096789,6983061.43703369,-1043941861.17792,20592488.1323305,-199997141779.91,-7307730776.27016,0.0232315890649418,0.05,0.464631781298837,-0.0381409915204474,-0.364009014638151
0.459,0.0179263968559115,14.5598371359892,-5.43381261508934,-222.672848403086,-232.067304346835,-3407.57851594753,76364.9226183523,152290.982034294,3136315.85890001,7000000.05977805,-1243939002.96437,13284757.3085337,-199995839315.801,-26569523788.011,0.0179263968559115,0.05,0.35852793711823,-0.0307641082218236,-0.350043414434149
0.46,0.0123893981469899,14.335486172145,-5.62722823591626,-226.0031144267,-154.349880125568,-3251.78642686605,78845.9363358842,159293.19621865,1792378.93627774,7000000.05519256,-1443934842.28417,-13284766.4520299,-199991661122.332,-199999977039.089,0.0123893981469899,0.05,0.247787962939798,-0.0227408750125608,-0.33534170359707
0.461,0.00669819836764035,14.1078840048951,-5.7419182482975,-229.174089806613,-74.8567431140274,-3089.00377812635,79883.0159074994,166253.220561017,248448.263432395,6886715.30022086,-1643926503.40783,-213284743.30909,134948691244.83,-199999989132.256,0.00669819836764035,0.05,0.133963967352807,-0.0141048965458466,-0.319827647271414
0.462,0.000932162459163684,13.8771934072068,-5.77685944749856,-232.178829739893,4.88213203707871,-2919.35108075268,79331.9923677685,172999.960157987,-1328003.89435303,6573430.56234561,-1508977812.16174,-413284732.197646,199990932858.961,-199999990340.27,0.000932162459163684,0.05,0.0186432491832737,-0.00493186228716681,-0.303437075338879
0.463,-0.00482910151879278,13.6435840056704,-5.73259386048595,-235.010604153611,83.3069591114118,-2743.14161948338,77282.8313894774,179333.415022455,-2736986.24008529,6060145.83497778,-1308986879.29915,-613284722.307292,199995081068.427,-199999987900.752,0.00482910151879278,0.05,0.0965820303758556,0.00465359038834014,-0.286125216346589
0.464,-0.01050728606403,13.4072319669731,-5.61115452431109,-237.663096259569,159.011466029511,-2560.88867904567,73924.6842232535,185053.585164927,-3945975.57885022,5346861.11872022,-1108991798.22506,-813284710.045123,199996329494.944,-199999977014.921,0.01050728606403,0.05,0.2101457212806,0.0144755970086096,-0.267873862238667
0.465,-0.0160267874187561,13.168319484615,-5.41588291990767,-240.13060255429,230.786663677494,-2373.30554415519,69457.5454668728,189960.470599106,-4954969.21232781,4433576.42016777,-908995468.722864,-1013284687.00075,199996793311.331,-164140820513.884,0.0160267874187561,0.05,0.320535748375121,0.0243111654506685,-0.248697802817513
0.466,-0.0213159144681454,12.9270340656734,-5.15122951967788,-242.40823252018,297.623558493248,-2181.30400537846,64081.4113190682,193860.047872359,-5763966.28439501,3338221.32291023,-708998675.403158,-1177425507.57493,199996836907.218,199999978248.338,0.0213159144681454,0.05,0.426318289362908,0.0339006984542839,-0.228649915003133
0.467,-0.0263078977338263,12.683567620963,-4.82255379137357,-244.492097522687,358.713153425858,-1985.96275114785,57996.2785031223,196642.889771214,-6372966.54134456,2260795.8044596,-509001838.486976,-977425529.502395,199996433778.916,199999989364.978,0.0263078977338263,0.05,0.526157954676526,0.0429638900442133,-0.207824395907916
0.468,-0.0309416983709102,12.4381154024581,-4.43592420141137,-246.379401087756,413.4464482034,-1788.34403444802,51402.1437814968,198448.306142528,-6781970.16294207,1383370.26963978,-309005404.699072,-777425540.404361,199995005096.564,199999992375.758,0.0309416983709102,0.05,0.618833967418204,0.0512193833272869,-0.186357420218824
0.469,-0.0351626171682793,12.1908749557564,-3.99791821815196,-248.068321132349,461.414439127952,-1589.32528081311,44499.0034170539,199476.296974094,-6990978.06509286,705944.72542332,-109010399.594122,-577425548.341788,199986071601.92,199999992832.284,0.0351626171682793,0.05,0.703252343365585,0.0584062304936907,-0.164423557581184
0.47,-0.0389227035523706,11.9420452431595,-3.51542231577189,-249.557812998969,502.408117865601,-1389.58391578714,37486.851164097,199926.862257571,-6999995.42888602,228519.173497601,90975672.0144841,-377425555.803307,-181903401431.993,199999990544.888,0.0389227035523706,0.05,0.778454071047412,0.0643050450038625,-0.142226840093916
0.471,-0.0421809651263301,11.6918259662465,-2.995435163356,-250.847409455668,536.402554618939,-1189.59736492201,30502.0263376455,200000.001985032,-6999971.45758751,-48906.3870334536,-90927729.4238597,-177425565.446389,181825758153.286,199999978421.162,0.0421809651263301,0.05,0.843619302526602,0.068756787005959,-0.11998713484585
0.472,-0.0449034074766514,11.4404170884495,-2.44495053085894,-251.937020696052,563.397016679527,-989.643053778751,23486.8953083708,199895.716144952,-6999986.30793474,-126331.963269365,90898028.735176,22574412.9053964,-181765682239.589,199999919080.477,0.0449034074766514,0.05,0.898068149533029,0.0716770935712303,-0.0979232007978084
0.473,-0.0470630361423423,11.1880185576274,-1.87097445816848,-252.826734339297,583.39149493531,-789.79840793667,16502.0637344297,199814.004707942,-6999971.12031935,-3757.59082377287,-90867653.5097567,222574331.974322,181706931901.708,-190836329855.783,0.0470630361423423,0.05,0.941260722846847,0.0730635330482375,-0.0762341195487817
0.474,-0.0486398566440682,10.9348302280974,-1.28050086513167,-253.51661868715,596.385999622801,-589.957137869407,9486.94327600496,199889.728228112,-6999985.30787826,123398.57622265,90839278.3965708,31738002.1253081,-181638046380.136,-199999249054.419,0.0486398566440682,0.05,0.972797132881365,0.072994818480905,-0.0550809319441507
0.475,-0.049620874478168,10.6810519511703,-0.680535786775924,-254.006610738505,602.380521872599,-390.008754041838,2502.10459959423,199995.662597224,-6999965.05267174,55136.953820751,-90798767.987614,-168261246.922176,181562151467.024,199997967494.634,0.049620874478168,0.05,0.992417489563359,0.0716221372798944,-0.0345705668465663
0.476,-0.0500000951209209,10.4268836700842,-0.0780731437384281,-254.296617815932,601.375075907393,-190.005233313895,-4512.99947849419,200000.001922174,-6999982.74492585,-13125.3093541026,90763383.4825059,31736720.5742639,-181452464218.844,-16458381457.8622,0.0500000951209209,0.05,1.00000190241842,0.069153539761587,-0.0147451937759445
0.477,-0.0497785240564321,10.172525382926,0.519881038314921,-254.386624050719,593.369651767522,9.99280958745851,-11497.8426090493,200000.001909551,-6999945.59355276,10382.2204912249,-90689080.7384936,15278339.1161312,181297515984.577,-181267439786.724,0.0497785240564321,0.05,0.995570481128642,0.065832990856013,0.00442070929683709
0.478,-0.0489641666692391,9.91817708916791,1.10633284325315,-254.276630384019,578.364275577882,209.992996133503,-18512.9164903077,199987.81205964,-6999985.91629897,-64973.160286004,90608435.2467579,-165989100.671304,199922870811.509,199999585304.248,0.0489641666692391,0.05,0.979283333384781,0.06191619031748,0.0230165089419551
0.479,-0.0475720278091837,9.6640387830173,1.67427943761609,-253.966659560666,556.374797654693,409.928990025453,-25434.2777105153,199873.177613254,-6809416.04564646,-130962.468305187,290531306.059951,34010484.6323075,199972218996.773,199999310255.378,0.0475720278091837,0.05,0.951440556183673,0.0576455581833147,0.0411858605015204
0.48,-0.0456240810474271,9.41031039549836,2.21681596562268,-253.456812725702,527.592565981244,609.750688069948,-32065.099399966,199792.55360568,-6418898.63008812,3047.67145477397,490503525.05892,234009794.904813,199975204971.51,-199999906228.899,0.0456240810474271,0.05,0.912481620948542,0.0532271198425841,0.0591114925045849
0.481,-0.0431490760724509,9.15719175892093,2.72732826954868,-252.74715716985,492.408100153698,809.575433761352,-38205.4170666964,199879.272856942,-5828407.50254345,137057.513245035,690478730.03273,34009888.7498309,199968930134.823,-199999977498.06,0.0431490760724509,0.05,0.862981521449018,0.048812795104003,0.0769966001536981
0.482,-0.040182148142492,8.90488270864248,3.19969269625058,-251.837619507192,451.411891162578,1009.52057030456,-43655.2570492012,200000.001985061,-5037944.30744331,71067.4132456473,890447660.169648,-165990088.557255,199941766860.814,-199999990356.211,0.040182148142492,0.05,0.80364296284984,0.0444900970090973,0.0950458143220637
0.483,-0.0367642275946542,8.65358318430023,3.62847606964933,-250.728095675262,405.394400809743,1209.52010759616,-48214.6538987497,199954.741022216,-4047525.76384325,-194922.670489785,1090389427.03215,-365990078.618031,170025044189.009,-199999992733.438,0.0367642275946542,0.05,0.735284551893083,0.040280169357867,0.113446261057292
0.484,-0.0329412494259992,8.40349316326548,4.00913540562966,-249.41864760169,355.344799976892,1409.30805555171,-51688.647441712,199543.48998023,-2872123.81471659,-660912.745474513,1260414471.22233,-565990071.037463,-199935722077.502,-199999992293.596,0.0329412494259992,0.05,0.658824988519984,0.0361442495609604,0.132348928207599
0.485,-0.028763165842582,8.15481239465351,4.33820804570194,-247.909703204182,302.421829051122,1608.41842409623,-53963.8866411637,198566.248867143,-1711677.20453301,-1326902.81265868,1060478749.14545,-765990063.063804,-199963061961.697,-199999989271.943,0.028763165842582,0.05,0.575263316851641,0.0319977945943768,0.151851839987028
0.486,-0.0242828036253156,7.90773993333356,4.61340517213515,-246.202256390518,247.770518471533,1806.18522316274,-55178.6516481175,196823.017691383,-751179.986368406,-2192892.87035833,860515687.183874,-965990052.159903,-199969850141.141,-199999978090.117,0.0242828036253156,0.05,0.485656072506312,0.0277303917116943,0.171986648173369
0.487,-0.0195547340433912,7.66247347393868,4.83349535650515,-244.298067058537,192.351364034288,2001.74246269422,-55532.9020992507,194113.796465259,9350.77574489795,-3258882.91156314,660545837.042432,-1165990030.18975,-199970218354.659,137240588888.581,0.0195547340433912,0.05,0.391094680867823,0.0232278127608519,0.192709901607199
0.488,-0.0146343128736914,7.41920848534416,4.99810768426017,-242.199858285794,136.924896203314,2194.03820434027,-55226.6067747102,190294.791970098,569911.503610001,-4356252.64730846,460575618.68718,-1028749441.36042,-199965460511.485,199999976867.31,0.0146343128736914,0.05,0.292686257473827,0.0183925094216836,0.213899789432134
0.489,-0.00957691987064616,7.17813717239955,5.10753178658267,-239.911439927408,82.0516758893722,2381.99174503002,-54459.7350385084,185457.497931623,930504.392041438,-5285002.10023512,260610158.17494,-828749464.655837,-199951515595.407,199999987820.364,0.00957691987064616,0.05,0.191538397412923,0.0131602898476548,0.235358868375776
0.49,-0.00443739820513519,6.93944741133676,5.16251787149707,-237.43763313375,28.0922967601656,2564.67695028554,-53432.2508199786,179791.454430419,1091138.79241867,-6013751.57098072,60658642.5787432,-628749477.065953,-199903314518.143,199999990275.414,0.00443739820513519,0.05,0.0887479641027037,0.00751159713101793,0.256823859225873
0.491,0.000730306129999643,6.70332182663179,5.16407676088109,-234.784087281652,-24.7926041945238,2741.36507063673,-52344.0999253569,173496.661452692,1051845.77773835,-6542501.05290899,-139244671.940118,-428749487.033675,157759096503.598,199999989061.822,0.000730306129999643,0.05,0.0146061225999929,0.00147635991919846,0.277983101582706
0.492,0.00587330545620701,6.46993706234237,5.11328292713826,-231.957080497426,-76.6274153805511,2911.52735660178,-51335.583300838,166773.118987869,991480.654050026,-6871250.54541188,18514424.5629056,-228749498.153503,199885404881.464,199999976903.32,0.00587330545620701,0.05,0.11746610912414,-0.00486797139092494,0.298500388662441
0.493,0.010939760487137,6.23946325335851,5.01115540401694,-228.963319656871,-127.455844058309,3074.83505868773,-50301.5312003596,159820.827022976,1109937.78105366,-7000000.05511397,218399829.443977,-28749521.2775331,199930569347.539,57499033337.843,0.010939760487137,0.05,0.21879520974274,-0.0114046491211503,0.318042836834924
0.494,0.0158788527241115,6.01206369645511,4.85874455005849,-225.809741572793,-177.157675956102,3231.15348984516,-49049.071743026,152816.035379575,1428302.89517141,-7000000.05972275,418330398.791304,28749512.1076808,199938367435.731,-35807243593.5438,0.0158788527241115,0.05,0.317577054482231,-0.0179897424526536,0.33631002741911
0.495,0.0206409068657336,5.78789470973566,4.65731948528963,-222.503345835293,-225.414543753047,3380.47282476869,-47378.2805872198,145824.44220212,1946602.47768058,-6989154.16941184,618268766.226969,-7057731.51026947,199928613068.515,-7576319890.4771,0.0206409068657336,0.05,0.412818137314671,-0.0244652849026552,0.35306145853615
0.496,0.0251777092358362,5.56710561334837,4.40856766225047,-219.051126008675,-271.708147948153,3522.80119787564,-45089.2222909143,138830.496447135,2664835.5504418,-7000000.06086754,818197379.295505,-14634051.350506,199878547845.856,29268252987.3564,0.0251777092358362,0.05,0.503554184716725,-0.0306717161684991,0.368139004248018
0.497,0.0294430260828984,5.34983873485275,4.11479479961914,-215.460076598271,-315.320257961144,3658.13047475369,-41981.9749595172,131828.057402937,3582972.20366024,-6999999.98572438,1018075927.14139,14634201.615235,-35073773423.4589,-29268555254.1854,0.0294430260828984,0.05,0.588860521657968,-0.0364583794007048,0.381481319470193
0.498,0.0333933214819036,5.1362294034954,3.77912284375385,-211.737198398949,-355.342528904902,3786.45975163489,-37895.8104211903,124830.496425674,4583511.2440899,-7000000.06173645,983002153.717892,-14634353.5860008,-199890060267.587,29268777551.3894,0.0333933214819036,0.05,0.667866429638073,-0.0416910797223559,0.393128543082679
0.499,0.0369886559849283,4.92640594855305,3.40563562084539,-207.889490435113,-390.791078764333,3907.78902846517,-32854.1131102861,117828.057316947,5466568.367674,-7000000.02654679,783112093.450124,14634423.9463966,-199941556912.146,-29268919621.2125,0.0369886559849283,0.05,0.739773119698566,-0.0462561897651101,0.403217110073809
0.5,0.0401936544012245,4.72048969930237,2.99935954373956,-203.92395368243,-420.789719906823,4022.11830526461,-27029.3122887058,110830.49634933,6149709.68266805,-7000000.06241123,583170536.537603,-14634495.6193364,-199954492627.278,29269035991.3284,0.0401936544012245,0.05,0.80387308802449,-0.0500620328128118,0.411965277032029
0.501,0.0429783750180041,4.51859498502,2.56610275178283,-199.847587165313,-444.655313702052,4129.44758200821,-20621.3430865401,103828.057212015,6632902.97289201,-7000000.04003495,383216043.909731,14634540.3554371,-199953879534.35,-29269126527.1845,0.0429783750180041,0.05,0.859567500360082,-0.0530390731981209,0.419650869627666
0.502,0.0453189925075631,4.32082913498254,2.11225655141589,-195.667391859447,-461.904667373229,4229.77685870977,-13830.1577382823,96830.4962546576,6916142.07703457,-7000000.06294335,183262164.374577,-14634586.1139255,-199931026721.979,29269204764.2767,0.0453189925075631,0.05,0.906379850151263,-0.0551397629643761,0.426583513328919
0.503,0.0471982811195226,4.12729247846653,1.64459546534904,-191.390366789243,-472.254540838458,4323.10613535352,-6855.70641684732,89828.0570997188,6999438.72804815,-7000000.04667521,-16668862.3483708,14634618.6360287,34419321910.1038,-29269270654.4652,0.0471982811195226,0.05,0.943965622390453,-0.0563381943109814,0.433074117681354
0.504,0.048605898247324,3.93807834474846,1.17007923671395,-187.023512930393,-475.611871896655,4409.43541194978,141.134433678437,82830.4961508658,6999979.52665483,-7000000.06336667,17750459.5627173,-14634651.9584863,-199431648315.208,29269329526.461,0.048605898247324,0.05,0.972117964946479,-0.0566295931581017,0.439404616654852
0.505,0.0495384866056695,3.75327306310477,0.695703672960332,-182.57382930731,-471.976098941775,4488.76468848713,7116.75058206222,75828.0569833994,6918014.16205994,-7000000.05056201,-181681188.751993,14634677.5556799,-199946634530.754,-29269381395.1167,0.0495384866056695,0.05,0.99076973211339,-0.0560295268186265,0.445800905546906
0.506,0.0499996748115582,3.57295596281185,0.228429715399109,-178.048316895692,-461.438952586594,4561.09396497385,13910.5997106578,68830.4960416855,6636359.65604257,-7000000.06370416,-381627823.282611,-14634703.7775829,-199963048900.238,29269428849.6541,0.0499996748115582,0.05,0.999993496231163,-0.0545721307054239,0.452411566879506
0.507,0.0499999765396306,3.39719937314602,-0.224965444906022,-173.453974719949,-444.282109478821,4626.423241401,20322.8182802425,61828.0568645473,6154750.30830984,-7000000.05305702,-581590872.182942,14634725.0615576,-199963958039.69,-29269471951.9586,0.0499999765396306,0.05,0.999999530792611,-0.0523075388869228,0.45929438261983
0.508,0.0495565085000379,3.22606862338357,-0.658086252844529,-168.797803755783,-420.987179688002,4684.75251777552,26153.4458261211,54830.4959290185,5473177.45710706,-7000000.06397172,-781554830.222819,-14634746.8268861,-199955070273.201,29269512117.227,0.0495565085000379,0.05,0.991130170000758,-0.049299552949808,0.466411847314058
0.509,0.0486925088234372,3.0596220428007,-1.06511874445204,-164.086803027603,-392.235735732902,4736.08179409006,31202.5200230713,47828.0567439844,4591645.09174764,-7000000.05474011,-981509900.496173,14634765.2813617,-199919215839.568,-29269549442.7985,0.0486925088234372,0.05,0.973850176468744,-0.0456239519537089,0.473636006384834
0.51,0.0474366554928155,2.89791096067358,-1.44103050822938,-159.327973511115,-358.909308114627,4780.41107035067,35270.0902952644,40830.495813984,3510175.58333168,-7000000.06418044,-1181429116.33575,-14634784.0965206,-174703985708.577,29269584760.6,0.0474366554928155,0.05,0.948733109856309,-0.0413676034956851,0.480762032305224
0.511,0.0458221848484028,2.74097970627831,-1.78177042401086,-154.528314230725,-322.088314213076,4817.74034655103,38160.4339894768,33828.0566222288,2241394.47414163,-7000000.05589678,-1356133102.04413,14634800.656366,199922239369.881,-29269618194.3839,0.0458221848484028,0.05,0.916443696968057,-0.0366284519660715,0.487529109111271
0.512,0.0438858127076771,2.58886560889095,-2.08445979500946,-149.694826162144,-283.024875076814,4848.0696226966,39757.0822858247,26830.4956973142,985222.491782446,-7000000.06433792,-1156210862.67377,-14634817.4719755,199959326558.642,29269650259.8306,0.0438858127076771,0.05,0.877716254153541,-0.0315163493706536,0.49364650226414
0.513,0.0416664983491415,2.44159899778747,-2.34748843431835,-144.834508329776,-242.959551716862,4871.39889878176,40197.5259006967,19828.0564996421,-71008.7076120073,-7000000.05668011,-956251536.114374,14634832.7811766,199970360490.527,-29269681099.9395,0.0416664983491415,0.05,0.833329966982829,-0.0261542443676633,0.498822213369746
0.514,0.0392042190769562,2.29920320224382,-2.57039923526257,-139.954361709332,-202.948573327575,4887.7281748116,39681.7198184425,12830.4955795323,-927275.063481118,-7000000.06444921,-756281175.622818,-14634848.2518867,199974575630.264,29269711052.9617,0.0392042190769562,0.05,0.784084381539123,-0.0206779773715858,0.502791399909532
0.515,0.0365389145140019,2.16169455153586,-2.7536913397845,-135.061385325215,-163.848205629448,4897.05745078096,38409.6332630883,5828.05637649931,-1583568.9512888,-7000000.05717474,-556306599.991298,14634862.7950259,199975524709.29,-29269740274.1742,0.0365389145140019,0.05,0.730778290280038,-0.0152331730353583,0.505341798595785
0.516,0.0337096303368266,2.02908237493941,-2.89862016991876,-130.162580153141,-126.314742295116,4899.38672669469,36581.240265922,-1169.5045389543,-2039887.78892546,-7000000.06451712,-356331075.280586,-14634877.4117531,199973884270.789,29269769008.2044,0.0337096303368266,0.05,0.674192606736532,-0.00996927973064309,0.506333716531502
0.517,0.0307538619821938,1.90136900173023,-3.00699745405706,-125.264945217509,-90.8045021910232,4894.71600254796,34396.515920068,-8171.94374697158,-2296231.92207065,-7000000.05742491,-156357191.008286,14634891.5907645,199968808321.678,-29269797416.3344,0.0307538619821938,0.0503528091478374,0.610767552052547,-0.00503136629752763,0.505712713574553
0.518,0.027707098328187,1.77854976118402,-3.08099125208355,-120.375481494036,-57.5738297301628,4883.04527834551,32055.4335372134,-15169.5046577988,-2352604.7089181,-7000000.06454263,43611617.3149071,-14634905.7579778,199956454436.334,29269825708.4992,0.027707098328187,0.0517032582372702,0.535886891325824,-0.000550502008623842,0.503513833312057
0.519,0.0246025653495108,1.66061298257642,-3.12292598237438,-115.501188007121,-26.6790984256222,4864.37455408267,29757.960712692,-22171.9438705643,-2209014.86438502,-7000000.05744649,243568071.752683,14634919.9448651,199917169684.167,-29269854045.722,0.0246025653495108,0.0538307355264031,0.457035652753502,0.00336632677230227,0.499857076811724
0.52,0.0214711697432181,1.54753999518301,-3.13508245494067,-110.649065732482,2.02327941552603,4838.70382976422,27704.049412464,-29169.5047766759,-1865488.20779025,-7000000.06452481,443485241.438151,-14634934.033402,198318488617.66,29269882655.7571,0.0214711697432181,0.0565191566296456,0.379891899023064,0.0066457765628705,0.494934668602813
0.521,0.0183416425120965,1.43930512827932,-3.11949793431346,-105.826113694515,28.8767622013065,4806.03310538553,26093.3569068291,-36171.9439940739,-1322843.72204327,-7000000.05723047,641803730.056916,14634948.6163818,-199902491814.197,-29269911692.5142,0.0183416425120965,0.0595858208836102,0.307818911279639,0.00925625983538214,0.488991456272375
0.522,0.0152408818040004,1.33587571114081,-3.07776989164352,-101.039332868942,54.4073352649094,4766.36238095154,25058.0979678452,-43169.5048952476,-780991.237893454,-7000000.06446065,441901238.243601,-14634963.0091733,-199948352107.238,29269941461.7215,0.0152408818040004,0.0628782980375225,0.242386996462682,0.0112138331730275,0.482300435847973
0.523,0.0121944627932187,1.2372120730429,-3.01094692628481,-96.295722280156,79.1402566387933,4719.69165645753,24464.7326237224,-50171.9441172765,-439064.175703474,-7000000.05673909,241952886.137003,14634978.4458918,-199961303059.016,-29269972102.2241,0.0121944627932187,0.0662713950206287,0.184007938710553,0.0125850006385571,0.475135844784713
0.524,0.00922714689496539,1.14326754326093,-2.91963906566988,-91.602282903879,103.417450934684,4666.02093190877,24113.3180072443,-57169.5050131228,-297091.941095979,-7000000.06434462,41991583.0784032,-14634993.590248,-199965641919.413,29270004085.0238,0.00922714689496539,0.0696642252615043,0.132451726267373,0.0134845660751541,0.467746470103982
0.525,0.00636322313453179,1.05398845107021,-2.80421438778536,-86.9660137645028,127.380889666785,4605.35020730031,23803.894250701,-64171.9442399018,-355083.178977282,-7000000.05589248,-157974058.84079,14635010.4870544,-199965402395.991,-29270037524.0937,0.00636322313453179,0.0729774001222617,0.0871944344943948,0.0140671810588785,0.460331765628346
0.526,0.00362665011804111,0.969314125745966,-2.66499898015312,-82.3939158377509,150.97258142641,4537.67948263794,23336.4964752373,-71169.5051297997,-613039.939016067,-7000000.06416776,-357939461.236711,-14635026.9722177,-199960535944.812,29270073208.5224,0.00362665011804111,0.0761503591030106,0.0476248590388818,0.0145131826026547,0.453023066223393
0.527,0.00104099804086335,0.889176896563383,-2.50247690429358,-77.8929881480122,173.93456966627,4463.00875791631,22511.1600496122,-78171.9443615899,-1070959.66822518,-7000000.05453583,-557899997.181552,14635046.2271183,-199946919026.79,-29270111214.4527,0.00104099804086335,0.0791388525940336,0.013154070431163,0.015010164053858,0.445871662965441
0.528,-0.00137080926871346,0.813502092797584,-2.31749015993742,-73.4702316710116,195.808935427296,4381.33803314203,21127.9258962918,-85169.5052445629,-1728833.12492013,-7000000.06391622,-757846916.208412,-14635064.9241799,-199900962869.634,29270152963.9045,0.00137080926871346,0.081912588129455,0.0167350257148147,0.0157321251265895,0.43884481334579
0.529,-0.00358695226763365,0.742208043723639,-2.11143864321171,-69.1326454311345,215.937807735001,4292.66730830912,18986.8524861226,-92171.9444818074,-2586630.52256336,-7000000.05235855,-957747879.078104,14635088.028661,88579602738.9204,-29270198476.7575,0.00358695226763365,0.0844530483500618,0.0424727388497046,0.0168182594983736,0.431829975720078
0.53,-0.00558737316597476,0.675206078616562,-1.88647768231843,-64.8872304041073,233.475411130147,4196.99658342552,15936.1112911433,-99169.5053562712,-3500088.600272,-7000000.06356853,-869168276.339185,-14635110.3870374,199904657984.63,29270250580.7819,0.00558737316597476,0.0867514862364253,0.0644066563971873,0.0183534519746193,0.424646753202654
0.531,-0.00735460992656259,0.612400526751311,-1.64565211311492,-60.7409856143112,247.524946102555,4094.32585848416,12034.7559956992,-106171.944599658,-4269304.54761887,-7000000.04866526,-669263618.354466,14635140.1803682,199950917052.26,-29270309211.2101,0.00735460992656259,0.0888071006472153,0.0828155617395804,0.020352586029,0.417065289090007
0.532,-0.00887467696107132,0.553688717402791,-1.39284755949841,-56.7009120374736,257.321837176305,3984.65513349536,7464.14479174515,-113169.505462838,-4838592.7074472,-7000000.06309073,-469312701.302008,-14635168.9723246,199965255291.24,29270381012.6609,0.00887467696107132,0.0906253928105769,0.0979270454542577,0.0227514045368702,0.408829243648739
0.533,-0.0101378248190231,0.498960979845858,-1.13261797036244,-52.7740086979696,262.296798716452,3867.98440845018,2424.22327619547,-120171.944713334,-5207922.78110359,-7000000.04155679,-269347446.01046,14635212.0242038,199971430089.675,-29270474575.8069,0.0101378248190231,0.0922167021860101,0.109934801166215,0.0254063608282867,0.399681060195667
0.534,-0.0111391093163554,0.448100643355311,-0.869986603519328,-48.9672765715275,262.080501504045,3744.31368336331,-2885.04465623177,-127169.505561081,-5377284.51206921,-7000000.06682072,-69376015.920378,-14635262.4960659,199974063072.251,199999991046.591,0.0111391093163554,0.0935949180557519,0.119014039947341,0.0281040381459221,0.389387033942787
0.535,-0.011878760863746,0.400984037443032,-0.610246062645175,-45.28771325977,256.503584175108,3613.65007194328,-8263.68816574916,-134143.489927102,-5346673.49645346,-6914635.33379289,130598047.152351,185364728.015241,199974504680.417,199999998199.901,0.011878760863746,0.09477636132586,0.125334637219343,0.0305791915966626,0.377759750036885
0.536,-0.0123623538276017,0.357480505929602,-0.358758326762514,-41.7422779909808,245.596657873362,3476.08849185943,-13511.7335545131,-140932.109563669,-5116088.1969609,-6629270.60667735,330572551.833283,385364725.295839,199973013035.76,199999999264.712,0.0123623538276017,0.0957788290503926,0.129071883109966,0.0325395515279456,0.364675873734076
0.537,-0.0126007759187841,0.317452511015178,-0.120754776734176,-38.3377427181265,229.590307854548,3331.91430783919,-18429.2066400514,-147335.364474325,-4685529.13860974,-6143905.88174901,530545564.869555,585364723.44254,199969086803.944,199999999539.869,0.0126007759187841,0.0966207916839253,0.130414745099636,0.0336948912058684,0.350088361833425
0.538,-0.012609997607398,0.280755918962642,0.0988637787517555,-35.0804940294473,208.915092951274,3181.61288460755,-22816.1348150924,-153153.254660958,-4054999.03033821,-5458541.15853659,730514651.673965,785364721.828039,199960948703.809,199999999463.27,0.012609997607398,0.0973207326807701,0.12957154411035,0.0337874780160961,0.334032867093426
0.539,-0.0124106415641878,0.247240485462336,0.295727075575695,-31.9763331484598,184.201542769133,3025.86958688777,-26472.5496948097,-158185.780125224,-3224503.90431234,-4573176.43697711,930475600.378156,985364720.238475,199942796681.405,199999999038.687,0.0124106415641878,0.0978966213530765,0.126772930389775,0.0326209287799515,0.316627960850251
0.54,-0.0120273521314449,0.216750540996777,0.466195362186861,-29.0302759339577,156.28015133873,2865.56977940143,-29198.4919994861,-162232.940868825,-2194056.90559348,-3487811.71721961,1130418397.05983,1185364718.43779,199885058665.77,199999997941.247,0.0120273521314449,0.0983655090262986,0.12227204688413,0.0300846822000864,0.298069232483081
0.541,-0.0114879648301221,0.189125876205382,0.607559357850408,-26.2463528800143,126.181362496703,2701.79882686829,-30794.0255301054,-165094.73689378,-963695.97920077,-2202446.9998116,1330303455.72573,1385364715.83757,-60697047994.1319,199999994325.172,0.0114879648301221,0.0987432372013306,0.116341788619903,0.0261717625578875,0.278617916162381
0.542,-0.0108224762809839,0.16420282724919,0.718238015087532,-23.6274091159842,95.1246771759191,2535.84209400566,-31102.685956109,-166571.16820326,336258.952527892,-717082.2868119,1269606407.73158,1585364709.97451,-199874222045.663,-17788250626.5795,0.0108224762809839,0.0990442453067984,0.109269107432343,0.0209881867707235,0.258585219550366
0.543,-0.0100618353949947,0.141815560873092,0.797918627092666,-21.1749062214087,64.3933936714144,2369.17587101626,-30164.9361700563,-166498.53284353,1505928.24923664,859388.297848852,1069732185.68576,1567576459.53763,-199931411436.477,-199999994502.239,0.0100618353949947,0.099281464818455,0.101346564672406,0.014753000211155,0.238313929569498
0.544,-0.00923667617659882,0.121797541670934,0.847523446799903,-18.8887727468073,35.1513798480896,2203.35996181865,-28157.4637298828,-164888.689648371,2475694.72920416,2326964.76013493,869800774.248988,1367576465.59546,-199948696851.943,-199999998125.73,0.00923667617659882,0.0994662862419157,0.0928623810698426,0.00778788317906948,0.218158947492361
0.545,-0.00837615982584962,0.103983075778331,0.869043286030999,-16.7674139972157,8.36839908279733,2039.85435071905,-25280.1933963628,-161911.269988536,3245521.15502717,3594541.22666716,669852077.396649,1167576468.35866,-199955491940.101,-199999999237.009,0.00837615982584962,0.0996085859348406,0.0840907412472347,0.000495839313602688,0.198467630140255
0.546,-0.00750700517134375,0.0882087632153994,0.865338752815497,-14.8078692196364,-15.1857232019928,1879.92661418389,-21733.0721179606,-157766.27386101,3815395.48645377,4662117.69540706,469896585.456077,967576470.262379,-199957400125.062,-199999999684.825,0.00750700517134375,0.0997167996972227,0.0752832541170376,-0.00666959256337487,0.179560220726233
0.547,-0.00665271884585053,0.0743147652101534,0.83994030551487,-13.0060100846041,-34.9411130374903,1724.6443286819,-17716.0545721329,-152653.701263906,4185313.37184732,5529694.16582694,269939185.330506,767576471.855789,-199955852719.994,-199999999800.408,0.00665271884585053,0.0997980295500558,0.0666618256477069,-0.0132416008970213,0.161711361717962
0.548,-0.00583302541271553,0.0621458717749745,0.796848298587072,-11.3567406861839,-50.5278525533348,1574.87507068352,-13429.0975830736,-146773.552195645,4355274.63081782,6197270.63778265,69983332.6100001,567576473.317761,-199950701116.728,-199999999595.749,0.00583302541271553,0.0998581710752277,0.058413100799946,-0.0187801346349037,0.145134331329443
0.549,-0.0050634974480071,0.0515523692830811,0.74033302606348,-9.85419754196953,-61.7759802114316,1431.28641666074,-9072.15640280358,-140325.826654705,4325282.61286946,6664847.11130293,-129967368.507209,367576474.774566,-199940345063.308,-199999998678.961,0.0050634974480071,0.0999020508456508,0.0506846196363899,-0.0229107784826378,0.129969500550313
0.55,-0.00435538557869666,0.0423907080450006,0.674734766609312,-8.4919495930823,-68.7154873835786,1294.3459430871,-4845.18086503159,-133510.524639409,4095345.07183059,6932423.58673873,-329907713.570938,167576476.701825,-199920228615.081,-199999991454.573,0.00435538557869666,0.09993356573169,0.0435828097077049,-0.0253587030722461,0.116278080844392
0.551,-0.00371564847337585,0.0345239698850428,0.604263834148262,-7.26319820416876,-71.576310341129,1164.32122643832,-948.109688088964,-126527.646146555,3665477.24395212,7000000.06771435,-529827942.186359,-32423514.8735963,-199875961664.177,33250869530.9518,0.00371564847337585,0.0999558179473135,0.0371729084877717,-0.0259744490268886,0.104041704638429
0.552,-0.00314718277723183,0.0278221360417359,0.532800640039476,-6.16097521964031,-70.7883142293219,1041.28956198145,2419.14092449261,-119538.316025064,3035711.32093367,6984201.98760622,-729703903.850782,827354.719798892,-199734577021.552,29941448270.6054,0.00314718277723183,0.0999712415319245,0.0314808811914856,-0.0247491386856764,0.0931678097564108
0.553,-0.00264925297438857,0.0221621738533235,0.463695779374712,-5.1782905098007,-66.9812572356945,925.244732529751,5056.71119733063,-112548.710119143,2206140.12857211,7000000.06646181,-929438480.872483,30768802.8614172,-89426615879.1156,-61537654377.2575,0.00264925297438857,0.0999817174920851,0.026497374128408,-0.0218177676358876,0.0835004120254652
0.554,-0.00221812098538333,0.0174280396750535,0.399571095933525,-4.30815270836597,-60.9801084965358,816.198586640219,6783.22764948663,-105543.581927456,1231988.33976007,7000000.04213465,-1018865096.75165,-30768851.461848,199662447759.863,61537752399.8716,0.00221812098538333,0.0999886760479024,0.0221837219278778,-0.0174504028399175,0.0748360991796205
0.555,-0.00184786628607463,0.0135106874047621,0.342147143792599,-3.54356002732328,-53.7423782579597,714.152440801242,7539.06051549749,-98548.7100195155,312954.466888346,7000000.06687328,-819202648.991763,30768900.8002697,199799445008.484,-61537822202.0292,0.00184786628607463,0.0999931856275065,0.0184799221514782,-0.0120322044827008,0.0669444928418447
0.556,-0.00153132733067716,0.0103080708964558,0.292193986421367,-2.877514517872,-46.1750493069682,619.106295030545,7475.71356539135,-91543.5818065275,-406348.459599175,7000000.05657266,-619403203.983188,-30768921.3568529,199834233650.864,61537864007.6275,0.00153132733067716,0.0999960290790115,0.0153138814089026,-0.00603367985298129,0.0595910185741512
0.557,-0.00126099673191194,0.00772514400420717,0.249664925971731,-2.30301412868561,-38.9974174123036,531.06014932251,6792.96920940904,-84548.7099006078,-925834.546756931,7000000.06722024,-419568970.332188,30768942.5036093,199837917486.074,-61537896714.4244,0.00126099673191194,0.0999977678433791,0.0126102487996229,2.74449539314365e-05,0.0525597769167915
0.558,-0.00102974014833817,0.00567386058215263,0.2138938706813,-1.81306091095995,-32.7289670581032,450.014003684654,5690.65649706701,-77543.5816789567,-1245484.55834608,7000000.06136681,-219731052.845955,-30768954.1756384,199819810347.638,61537920646.7017,0.00102974014833817,0.0999987950571893,0.0102975255626756,0.00563018535027481,0.0456743115891348
0.559,-0.0008313157671227,0.00407317448449767,0.183795160815926,-1.40065281336328,-27.6893488569264,375.967858113515,4368.60971402254,-70548.7097753333,-1365305.70601822,7000000.06751523,-19911242.4981548,30768966.3137607,199771879408.063,-61537940156.4141,0.0008313157671227,0.0999993786915735,0.00831320932189703,0.010295966263396,0.0388142817309898
0.56,-0.000660693955251775,0.00284903956551533,0.158063400994893,-1.05879188709081,-23.9983867080307,308.921712613399,3026.6436999899,-63543.5815488475,-1285331.00881234,7000000.06375106,179860636.910055,-30768973.8178991,199656655194.017,61537955668.0354,0.000660693955251775,0.0999996959005799,0.00660695964424371,0.0136315383401036,0.0319264671422594
0.561,-0.00051417708624505,0.00193440967954891,0.135373272300004,-0.780476080807983,-21.5761127123404,248.87556718203,1864.51911883159,-56548.7096469531,-1005642.04430528,7000000.06776794,379517292.104192,30768981.6821486,199274528453.526,-61537968556.8673,0.00051417708624505,0.0999998597677003,0.00514177807288414,0.0153650019905439,0.0250291071673639
0.562,-0.000389319579383945,0.00126923868101097,0.114579285980511,-0.558707445709884,-20.1428586283037,195.829421822205,1081.84814198732,-49543.5814173968,-526487.487974321,7000000.06517201,578791820.557802,-30768986.8610594,-73001486443.7675,61537982137.3596,0.000389319579383945,0.0999999396143027,0.00389319814477429,0.0153715207579099,0.0182092340018859
0.563,-0.000284648629729975,0.000800480424385142,0.0949131114878738,-0.386483930460122,-19.2308306554898,149.783276532456,832.58964988461,-42548.7095163288,15803.5893615971,7000000.06938048,505790334.114079,30768995.096869,-199058437999.065,-200000000233.298,0.000284648629729975,0.0999999759775774,0.00284648698109488,0.013686346821641,0.0116133477140206
0.564,-0.000199207571627498,0.000482088571917238,0.0761206253649806,-0.256808740103236,-18.3143349234977,110.73136206563,1068.11199997008,-35566.6582838737,422064.704476144,6930769.06435722,306731896.115023,-169231001.935458,-199405709769.426,-200000001362.839,0.000199207571627498,0.0999999912860484,0.00199207588986351,0.0105038355195362,0.00543242091164187
0.565,-0.000132046229813066,0.00027500507648641,0.0584218093394173,-0.162714310584763,-16.9923771598505,78.5935500012802,1610.30836754217,-28753.8380552202,629093.745706455,6661538.06173826,107326186.345576,-369230997.818745,-199452669356.343,-200000001539.161,0.000132046229813066,0.0999999971642178,0.0013204623355761,0.00616150908466452,-0.000117345903801889
0.566,-8.18253946505235e-05,0.000147069689954978,0.0423422451388792,-0.097404488337004,-15.0579447496242,53.1006093371001,2259.82309486203,-22310.248827233,636693.597373859,6192307.06314933,-92126483.0108082,-569230992.775335,-199343433512.001,-200000001572.849,8.18253946505235e-05,0.0999999991889338,0.000818253953141816,0.00110928194555785,-0.00481675239399879
0.567,-4.66100003222229e-05,7.27503689190544e-05,0.0285148277365379,-0.0544523507927449,-12.5034352463072,33.7833090746607,2817.22954514517,-16435.8905953969,444895.397607051,5523076.06958857,-291469916.522859,-769230987.914559,-198841821046.452,-200000001513.445,4.66100003222229e-05,0.0999999998015317,0.00046610000414729,-0.00413369819391676,-0.00846758296619993
0.568,-2.38615196598077e-05,3.26740437101883e-05,0.0174803548996922,-0.0280002063808248,-9.52062139765371,19.9724182203598,3083.24968098306,-11330.7633547619,54004.5705609662,4653845.08091995,-490311737.569356,-969230984.473733,90285655538.5229,-200000001221.536,2.38615196598077e-05,0.0999999999599657,0.000238615196693605,-0.0090303428154335,-0.0109161925112162
0.569,-1.06293107876333e-05,1.29573874017518e-05,0.00949068182796307,-0.0129595945212888,-6.48832615199956,10.7987057852769,2907.14599201578,-7194.8671011094,-391164.339239128,3584614.09583988,-400026082.030862,-1169230983.63124,198873548662.205,169231242616.188,1.06293107876333e-05,0.099999999993704,0.000106293107883025,-0.0130799549517473,-0.0120744075273238
0.57,-3.91762348678224e-06,4.33809764108289e-06,0.00437572414048513,-0.00520820869426026,-3.83514694540749,5.20832541900028,2349.11420320493,-4166.66329156121,-691753.646938887,2499998.73352305,-201152533.368657,-999999743.335079,199355801601.378,200000001452.926,3.91762348678224e-06,0.0999999999992943,3.91762348680989e-05,-0.0158700506453226,-0.0119357379651789
0.571,-1.09817617336768e-06,1.13596484719983e-06,0.00159312196383652,-0.00170656300181366,-1.85712849615839,2.13332842523595,1590.01025651528,-2133.33109779642,-793228.279506855,1599998.99092279,-1796731.76724426,-799999750.165054,199428527881.207,200000001763.611,1.09817617336768e-06,0.0999999999999516,1.09817617336821e-05,-0.0171193935675281,-0.0105850951775157
0.572,-2.01405846760345e-07,2.01034625175814e-07,0.000400380922073811,-0.00040491498630833,-0.655722312686531,0.674997091994907,829.12169910501,-899.99865008489,-695310.747333496,899999.241649942,197631796.11404,-599999764.313899,199174836018.716,200000001861.827,2.01405846760345e-07,0.0999999999999985,2.01405846760348e-06,-0.0167065442585439,-0.00819962075581971
0.573,-1.7746780525075e-08,1.66421703095421e-08,5.32287816268042e-05,-5.32655538764345e-05,-0.133018403051465,0.133331668731509,265.822655831652,-266.665958796395,-398091.533210097,399999.478279567,396806632.132878,-399999787.750149,-197118414988.525,200000001908.091,1.77467805250751e-08,0.1,1.77467805250751e-07,-0.0146806607268066,-0.00503902656288015
0.574,-2.77556869271793e-10,-5.4477222445593e-10,1.66407256503247e-06,-1.61560442183012e-06,-0.00832034241623333,0.00833239060136497,33.2813695232336,-33.33304268323,-99844.1085714817,99999.6914983948,199688217.144517,-199999822.374091,-199688217145.169,200000001935.468,6.1140378819453e-10,0.1,6.1140378819453e-09,-0.0112536372735149,-0.00142610702428862
0.575,-1.3961031709467e-13,-5.25909782073289e-10,2.73878870512759e-12,3.41438973233648e-08,-2.41445607357802e-11,-5.3084235510194e-07,-1.94896131619237e-10,6.92442441728654e-05,4.51239304307253e-07,-0.129891178488506,-0.000451193872778145,129.851346207561,2.13940855887555e-07,-0.057143152141224,5.25909800604073e-10,0.1,5.25909800604073e-09,-0.00677488490995941,0.00228058662030195
0.576,-6.84418090633169e-14,-2.46011883136528e-10,1.35730155156688e-12,1.69408134763452e-08,-1.20945180924664e-11,-2.52450905759834e-07,1.53731359777518e-11,2.13936463214066e-06,2.27692549879008e-11,-1.99304262604402e-05,-0.000225596829418645,64.9256445322043,2.13940855887555e-07,-0.057143152141224,2.46011892656965e-10,0.1,2.46011892656965e-09,-0.00169304124664763,0.00571915181289071
