time,x,y,vx,vy,ax,ay,jx,jy,snapx,snapy,cracklex,crackley,POPx,POPy,contour_error,allowed_error,error_utilisation,modal_x,modal_y
0,1.59172108053016e-08,-1.14694928951714e-12,9.90737348610152e-07,-8.75625721304141e-12,1.62674730723718e-05,-2.30917998579841e-11,0.000138407348709301,-4.32875383291142e-11,0.00128966449437215,-1.76646584525362e-10,4201.31385437228,-0.000301061626059092,3.69771826892471,-2.35802221376735e-07,1.14694928951714e-12,0.1,1.14694928951714e-11,4.31357871595211e-19,-3.42843620747764e-21
0.001,3.28333505355155e-08,-2.30266639187796e-12,1.98808047662337e-06,-1.68187971374297e-11,3.2979895331905e-05,-4.29180300501827e-11,0.00237233391322469,-2.28727238039938e-10,4.20372943646467,-3.01367387203206e-07,7417.9698322968,-0.000478083929333163,200000001948.736,198855469913.772,2.30266639187796e-12,0.1,2.30266639187796e-11,3.23026286780653e-12,-4.56117319535581e-18
0.002,5.10335415961669e-08,2.72721696665808e-10,4.66088889862691e-06,1.65710473147782e-06,0.00838750661170782,0.0082856445197031,33.3437444146926,33.1425783181654,100011.623639888,99427.7349561065,200009783.90171,198855469.913206,200000001926.515,197007591815.88,2.72721696665808e-10,0.0999999999999999,2.72721696665809e-09,1.2608477373723e-10,1.08987651720545e-10
0.003,8.74743619776327e-08,1.76688376537896e-08,5.73504161469405e-05,5.30126954754028e-05,0.133420456574101,0.13249331827991,266.69371325247,264.832646866834,400021.409320875,396787.000777252,400011422.863477,395863061.72906,200000001887.792,67358357663.0129,1.76688376537896e-08,0.0999999999999997,1.76688376537896e-07,7.05968458666325e-09,6.97023552647889e-09
0.004,2.92179933356423e-07,2.00991023619965e-07,0.000410073032749179,0.000401109111981956,0.675141492213445,0.664503240714796,900.054281283773,870.777571452435,900032.833801432,826329.241337819,600012454.444319,463221419.392087,200000001810.813,-194189479420.282,2.00991023619965e-07,0.0999999999999968,2.00991023619972e-06,7.99191205678312e-08,7.92146033619231e-08
0.005,1.24852921952785e-06,1.11750106019213e-06,0.00171285564293728,0.00165640532028673,2.1335619348671,2.01755777441648,2133.42678376282,1896.35260924957,1600045.28968659,1192455.92101976,800012992.244763,269031939.971842,200000001551.001,-195796630128.537,1.11750106019213e-06,0.0999999999999415,1.11750106019278e-05,4.48256210470484e-07,4.40037501689582e-07
0.006,4.47326727776902e-06,4.15039854539058e-06,0.00521573709796483,0.00483046007395711,5.20869415635997,4.54681880790865,4166.81200532555,3190.69172856716,2500058.28311582,1363589.54592734,1000013143.92401,73235309.8433546,169208626189.88,-195723614776.36,4.15039854539058e-06,0.0999999999992496,4.15039854542173e-05,1.70782723646258e-06,1.63257870946049e-06
0.007,1.31164748822342e-05,1.18432035180887e-05,0.0129685123475536,0.0112013101078518,10.7992681102108,8.42335604379209,7195.07839475355,4558.27832695344,3584675.74042197,1338963.04838251,1169221636.55099,-122488304.932954,-200000001360.748,-194717463757.13,1.18432035180887e-05,0.0999999999935485,0.000118432035188528,5.09324115515803e-06,4.65270770080308e-06
0.008,3.28585454531381e-05,2.80704025055988e-05,0.0280107279889871,0.0221202394952554,19.9732345381861,13.6225879497872,11331.0317111801,5803.54431224328,4653897.37646469,1119116.01157099,969221314.600331,-317205768.690036,-200000001600.692,-192087549112.305,2.80704025055988e-05,0.0999999999595123,0.000280704025169639,1.2825056659808e-05,1.10112075228233e-05
0.009,7.29620246643901e-05,5.80129118783193e-05,0.0544647470276152,0.0388163012975029,33.7844313510069,19.9248189918181,16436.206497418,6732.04284795082,5523118.69032741,705866.468324805,769220896.684111,-509293317.802301,-200000001649.537,-183574941177.182,5.80129118783193e-05,0.0999999998003752,0.000580129119941275,2.85131533405086e-05,2.27168399455508e-05
0.01,0.000147310534669793,0.000107938540692776,0.0974190771921583,0.0622020357769714,53.1020798453877,26.9172638984121,22310.6023834791,7152.66683384466,6192339.58614792,104785.679933913,569220469.077856,-692868258.979455,-200000001621.526,-10163744816.9319,0.000107938540692776,0.0999999991862752,0.00107938541571099,5.75485057050198e-05,4.21806292332652e-05
0.011,0.000275277482601766,0.000184789896462509,0.162731447310676,0.0926841431626624,78.5954009144979,34.0064220396912,28754.2189466323,6909.32442681936,6661560.0542813,-593164.451454009,369220112.869084,-703032003.796372,-200000001476.876,178307565990.389,0.000184789896462509,0.0999999971585973,0.00184789901713134,0.000107419856128144,7.20429029741474e-05
0.012,0.000482395281464077,0.000295598477433096,0.256828806894806,0.130018559569715,110.73361503747,40.5094217220656,35567.0557950498,5994.36190113223,6930780.16618669,-1207042.67225519,169219904.258302,-524724437.805982,-200000000548.725,186434722153.18,0.000295598477433096,0.0999999912749579,0.0029559850322419,0.000187942694453817,0.000114931357200852
0.013,0.00080082457061638,0.000446816399822543,0.386507325754493,0.173303678568233,149.785942350066,45.8205763275241,42549.1126465717,4556.02946366624,7000000.06986062,-1638549.74898458,-30780084.6793789,-338289715.652816,61560161846.1792,188268636127.685,0.000446816399822543,0.0999999759569201,0.00446816507250993,0.000311399659833228,0.000173187325772034
0.014,0.0012696237992007,0.000643718873148582,0.55873457339004,0.221116651503786,195.832501131927,49.5087938239263,49543.9827631865,2779.71296287654,7000000.06608196,-1882705.14657355,30780076.2827935,-150021079.52516,-61560148089.6278,187903526606.78,0.000643718873148582,0.0999999395776599,0.00643719262098824,0.000492592177114945,0.000248621763059461
0.015,0.00193483970849838,0.000889973770664878,0.780507343920991,0.27169683260324,248.879059703701,51.3299800138688,56549.1129004733,853.314530974872,7000000.06826811,-1938774.46279226,-30780060.9362438,37882447.0815775,61560115179.0161,185550749621.524,0.000889973770664878,0.0999998597053648,0.00889975019252085,0.00074881144656696,0.000342339794877733
0.016,0.00284951884730177,0.00118739760234871,1.05882768914094,0.323133465497841,308.92561806721,51.2279523358565,63543.9830109743,-1035.59358333968,7000000.06490303,-1808116.64090298,30780052.6407903,223433196.703047,-61560098896.281,179456357569.039,0.00118739760234871,0.0999996957983052,0.0118740121444332,0.00109976857709038,0.000454641964363309
0.017,0.00407370776419256,0.0015358992169368,1.40069355683379,0.37355307345542,375.97217621878,49.3330166464115,70549.1131351121,-2702.08423296602,7000000.06805016,-1494955.26541542,-30780036.0805833,402889554.272022,61560061956.4827,160121948138.309,0.0015358992169368,0.0999993785289841,0.0153590876216459,0.00156751089380951,0.000585002892085404
0.018,0.00567445300753895,0.00193360974019955,1.81310699879018,0.421304010189172,450.01873416119,45.9572747876202,77543.9832408692,-3968.90772988904,7000000.06293444,-1012004.73707424,30780023.6003327,563011502.410259,-61560037391.9194,-20942501208.3174,0.00193360974019955,0.0999987948057909,0.0193363304423303,0.00217632917324614,0.000732126651562247
0.019,0.00772580112549739,0.00237719339782702,2.30306596279441,0.465131447947375,531.065291889799,41.5753273353768,84549.113350947,-4702.8971326262,7000000.06779811,-459464.485268138,-30780004.2684777,542069001.201867,61559990931.7118,-157690143684.914,0.00237719339782702,0.0999977674641069,0.0237724647070774,0.00295265626693362,0.000894076339399535
0.02,0.0103087986660088,0.00286231384598181,2.87757250063392,0.504300021425482,619.111849408625,36.7264723709909,91543.983452957,-4917.60880790331,7000000.05898678,3759.4440912725,30779983.7573905,384378857.516879,-61559950407.9024,-173292265689.504,0.00286231384598181,0.0999960285192492,0.0286242752674004,0.00392495753796928,0.00106846713661848
0.021,0.0135114921768027,0.00338416062009621,3.54362456009352,0.538582887648877,714.158406710655,31.8675859169814,98549.1135463544,-4750.54197933941,7000000.06750402,301492.1687634,-30779957.7364256,211086591.827308,61559874708.6966,-177288955611.568,0.00338416062009621,0.0999931848175146,0.0338439127253745,0.00512361355961732,0.00125268433544261
0.022,0.0174289282053902,0.00393789961755545,4.308224192956,0.568132769135975,816.204963801936,27.2955840808444,105543.983644909,-4373.05467393095,7000000.04711758,423934.282784923,30779913.4784148,33797636.2156842,-61559786812.8473,-176642856562.75,0.00393789961755545,0.0999886748965931,0.0393834563927162,0.00658079556102355,0.00144407177288009
0.023,0.0221631532990675,0.00451896903537877,5.17836934700483,0.593312417802578,925.251520667326,23.1327693686471,112549.113711756,-3961.66204912214,7000000.06715754,369410.490719232,-30779864.9876797,-142845220.347104,29928390768.0397,-170729854333.441,0.00451896903537877,0.0999817158820914,0.0451979544010626,0.00833033412590701,0.00164005903660567
0.024,0.0278232139609736,0.00512320152431409,6.16106181041827,0.6145185499265,1041.29675935099,19.3248912842278,119538.711935786,-3692.12914430852,6984184.39755356,141200.343205408,-851478.260362464,-313575074.680559,33334297913.1325,-148617430360.688,0.00512320152431409,0.0999712393139204,0.0512467541612311,0.0104075816646458,0.00183821951477569
0.025,0.0345251542338197,0.00574677022768872,7.26329294113287,0.632006605920139,1164.32881810221,15.6449074061465,126528.026331666,-3732.48591017017,7000000.06822166,-246683.446655495,32482827.4728937,-462192505.041231,-199999993336.974,54614638595.5408,0.00574677022768872,0.0999558149335672,0.0574931056438102,0.0128492682958801,0.00203625831605867
0.026,0.0423920071651857,0.0063859631509539,8.49205285827054,0.645725353562416,1294.35393224518,11.7143232984205,133510.934499558,-4201.16316958036,6932482.89907198,-681568.632398956,-167517205.092426,-407577866.445642,-199999999271.677,162987353462.141,0.0063859631509539,0.0999335616888756,0.0639020869768997,0.015693350250374,0.002231932036696
0.027,0.0515537919089063,0.00703681390235457,9.85430974749046,0.655209876319447,1431.29486234148,7.11123730796532,140326.325478165,-5059.35617629178,6664965.69436911,-1007652.82211353,-367517272.473852,-244590512.983416,-200000000024.99,178948898368.893,0.00703681390235457,0.0999020454868803,0.0704371353765593,0.0189788560407899,0.00242291191874258
0.028,0.0621474270921737,0.00769469239490478,11.3568623328109,0.659614793371111,1574.88409118245,1.51474583922328,146774.199215506,-6159.4794385022,6197448.42189116,-1162768.8859125,-567517354.187029,-65641614.6144014,-200000000192.967,184443810778.286,0.00769469239490478,0.0998581640511571,0.0770562173660915,0.0227456957756129,0.00260663191868723
0.029,0.074316462974251,0.00835398924059857,13.0061418210105,0.657854806641602,1724.65410149454,-5.22937315254931,152654.555636848,-7324.32849658898,5529931.06760228,-1136188.59513775,-767517437.091971,118802196.164042,-200000000098.04,186573227949.507,0.00835398924059857,0.0997980204388933,0.0837089674109693,0.0270343960486095,0.00278017503070177
0.03,0.0882106139291974,0.00900796254605867,14.8080119015555,0.648780409344669,1879.93737592465,-13.0942216961771,157767.394659945,-8370.02045565634,4662413.6304407,-924099.78499896,-967517511.00586,305375424.113739,-199999999730.293,186767829732.594,0.00900796254605867,0.0997167879934178,0.0903354663474848,0.031885754359686,0.00294022529300143
0.031,0.103985090928514,0.00964876514003778,16.7675687465179,0.631361441166756,2039.86639703859,-21.8676141474046,161912.716206575,-9110.30455697634,3594896.11954619,-525340.446018923,-1167517568.25808,492143253.846552,-199999998817.36,184764896284.637,0.00964876514003778,0.0996085710361695,0.096866816175228,0.0373404145036006,0.00308309260657513
0.032,0.121799734023711,0.010267656857519,18.8889410104985,0.604873163679443,2203.37364732979,-31.1508665144014,164890.520211536,-9358.77922669122,2327378.5518559,59185.2559699481,-1367517603.31659,676908150.13143,-199999995840.649,177042610197.504,0.010267656857519,0.0994662674346227,0.103227527505923,0.0434383647985545,0.00320481190818435
0.033,0.141817944828803,0.0108554031431041,21.1750898305618,0.569082451626232,2369.19160923596,-40.3598583126596,166500.806629575,-8931.63279395598,859860.950588899,824614.71120013,-1567517611.43289,853950760.329187,-17906369912.0859,97962622706.1914,0.0108554031431041,0.0992814412600692,0.109339701411749,0.0502183613261184,0.00330131661760103
0.034,0.164205419255654,0.0114028586702247,23.6276103436383,0.524430610342931,2535.86035239615,-48.7327768483481,166573.924377856,-7663.7155988069,-716609.845829401,1727546.78288241,-1585423969.16483,951913383.035637,199999995695.144,-176163758485.35,0.0114028586702247,0.0990442160062469,0.115128970979037,0.0577172787438862,0.00336868497492815
0.035,0.189128695220599,0.0119017252741183,26.2465744734563,0.472192095189788,2701.82007268621,-55.381406981814,165097.935876469,-5489.5727508209,-2202033.81716961,2591378.28667537,-1385423938.43181,775749624.550542,199999998665.805,-189672569920.259,0.0119017252741183,0.0987432009961429,0.120532098960244,0.0659693972165893,0.00340345389389977
0.036,0.216753608951421,0.0123454259111213,29.0305210820382,0.414528540514076,2865.59442557264,-59.4539020089549,162236.523417723,-2541.93174685688,-3487457.75628916,3272291.62626579,-1185423885.45229,586077054.630525,199999999567.365,-193652802719.508,0.0123454259111213,0.0983654645575207,0.125505694164664,0.0750056653505243,0.0034029759428669
0.037,0.247243827672534,0.012729944804692,31.9766054233412,0.354371860676909,3025.89798712178,-60.2700773003584,158189.687044714,991.122939603561,-4572881.64197268,3761542.27953656,-985423817.758348,392424251.911238,199999999916.169,-195446202957.521,0.012729944804692,0.0978965670393663,0.130034639514713,0.084853008227711,0.0033657588726637
0.038,0.280759564483668,0.0130545065424072,35.0807973274138,0.295238990854512,3181.64533345249,-57.3409227707963,153157.426818251,4916.30297793674,-5458305.45977586,4056243.42996903,-785423743.145468,196978048.953911,199999999979.028,-196397755978.078,0.0130545065424072,0.0973206666935712,0.134139098979986,0.0955337248524206,0.00329173625539135
0.039,0.317456492936011,0.0133220648334125,38.3380812004558,0.241038830916807,3331.9510407504,-50.371851642888,147339.742809719,9038.30247305305,-6143729.20292202,4155022.6009339,-585423670.822449,580292.975997152,199999999753.068,-196929134400.616,0.0133220648334125,0.0966207119263034,0.137880011105422,0.107064984056841,0.00318245679935178
0.04,0.357484861608387,0.0135395969783727,41.742656024889,0.195877017380537,3476.12968527434,-39.2641465344783,140936.635092679,13160.7936980747,-6629152.8738453,4057138.32670959,-385423611.582546,-196348841.424487,199999998878.311,-197203817212.16,0.0135395969783727,0.0957787331430012,0.141363291558237,0.11945842072489,0.00304119024228454
0.041,0.40098880868352,0.0137182025242526,45.28813535943,0.163859632848567,3613.69584335368,-24.1157253056757,134148.1037328,17086.8903012035,-6914576.48594912,3762187.57667903,-185423578.065965,-393552658.636546,199999993001.986,-197281762602.594,0.0137182025242526,0.0947762466044717,0.144743044968878,0.132719833673877,0.00287294901285568
0.042,0.448105876524358,0.0138730053125608,48.9677473391548,0.148896341912062,3744.36409137448,-5.22155339935198,127174.148775299,20619.4212547972,-7000000.06745961,3269994.03674119,14576411.3459609,-590834421.239067,-29152781070.2035,-197156903706.679,0.0138730053125608,0.0935947815858259,0.148224132558494,0.146848986129687,0.00268442547456605
0.043,0.498966725932184,0.0140228584991391,52.7745327659363,0.154503237067841,3868.03945771904,16.9261775992848,120176.578100777,23561.1385969677,-7000000.04664493,2580581.16364878,-14576368.6837995,-787991324.945696,29152701911.6882,-196733919310.083,0.0140228584991391,0.0922165408008309,0.152064460208128,0.161839509198782,0.00248384504505197
0.044,0.553695032026229,0.0141898523646732,56.7014940349601,0.18360560840063,3984.71482377472,41.6380776439466,113174.148636436,25714.9351115915,-7000000.06435678,1694222.87904804,14576329.4444569,-984725244.255744,-29152635157.1221,-195664342624.545,0.0141898523646732,0.0906252031802904,0.156577330220643,0.177678901335894,0.00228073590963134
0.045,0.612407470162706,0.0143986249480906,60.7416301741735,0.238340863320281,4094.39018953138,68.0278506400715,106176.577946241,26884.1846447409,-7000000.05248573,611665.463480023,-14576304.8507048,-1180389586.88026,29152585134.769,-192165886666.587,0.0143986249480906,0.0888068793860361,0.162134116721983,0.194348587465661,0.00208561645884295
0.046,0.675213715697535,0.0146754758156093,64.8879421550365,0.31986196623899,4197.06555500056,95.013129506805,99174.1484865461,26873.6276670035,-7000000.06475173,-664807.066733531,14576276.3367717,-1372555473.54682,-29152534225.1565,-16125797629.5099,0.0146754758156093,0.0867512300568284,0.169167351356238,0.211824007350116,0.00190960201180815
0.047,0.742216443986343,0.0150472841227418,69.1334290055035,0.428143784202439,4292.74092017607,121.324922486622,92176.5777844308,25519.8552305581,-7000000.05552127,-2045425.43909511,-14576257.1759268,-1388681271.17629,29152495279.0117,192690667219.237,0.0150472841227418,0.0844527542740412,0.178173989138529,0.23007472741811,0.00176393303449804
0.048,0.813511330384463,0.0155402471454673,73.4710916970346,0.561831474094547,4381.41628506732,145.598646896913,85174.1483289362,22812.2042670781,-7000000.06503935,-3337761.37666178,14576234.0203835,-1195990603.95701,-29152452598.9492,196263025838.104,0.0155402471454673,0.0819122537679824,0.189718222007237,0.249064575465052,0.0016594332891741
0.049,0.889187050246943,0.0161785312085259,77.8939292575919,0.718231732141291,4463.09164967059,166.550816333028,78176.5776175201,18909.158092723,-7000000.05731126,-4435620.46778007,-14576217.9876915,-999727578.008128,29152420064.4714,197328181849.972,0.0161785312085259,0.0791384765069132,0.204433190056579,0.268751797633102,0.00160593646952952
0.05,0.969325278928538,0.0169829969995137,82.3949426586384,0.893457846524079,4537.76701399453,183.08376493645,71174.1481659973,14006.5618662472,-7000000.06524757,-5336683.95486321,14576197.8860593,-802399396.158074,-29152382146.4689,197686981634.2,0.0169829969995137,0.0761499412523496,0.223020487215277,0.289089236998673,0.00161174750972249
0.051,1.05400069178372,0.0179701023804177,86.967130928144,1.08262365914808,4605.44237803676,194.296488550152,64176.5774469109,8301.62604357744,-7000000.05842685,-6040239.86020419,-14576183.7642629,-604712414.523781,29152353541.7149,197579046804.543,0.0179701023804177,0.0729769424337578,0.246243563804134,0.310024533007536,0.00168318123670462
0.052,1.14328096416669,0.0191510014455561,91.6034950375754,1.2800407042176,4666.11774180553,199.485441719626,57174.1479993083,1991.95981672081,-7000000.06539665,-6546162.75132552,14576165.5050433,-407133367.719145,-29152318483.198,196485644069.781,0.0191510014455561,0.0696637323087058,0.274906336638567,0.331500340920671,0.0018241873772559
0.053,1.23722677143136,0.020530840986144,96.2970340149112,1.47941577221087,4719.79310529925,198.144651501248,50176.5772736654,-4725.02201111934,-7000000.05912336,-6855053.29700978,-14576152.5509392,-210647723.64928,29152292327.1275,132680435844.915,0.020530840986144,0.0662708748481817,0.309801870477455,0.353454570354103,0.0020360636381228
0.054,1.33589178893137,0.0221082543809674,101.040748831623,1.67404773250821,4766.46846852604,189.962523239191,43174.1478301072,-11663.2857639796,-7000000.06549019,-6999360.8027366,14576135.4473569,-77967287.8042906,-29152258986.623,197118400611.564,0.0221082543809674,0.0628777631402193,0.351606884164522,0.37582064192613,0.00231725777664334
0.055,1.43932269202008,0.0238750474770196,105.827638515697,1.85701044675306,4806.14383148489,174.79477579258,36176.5770987274,-18668.7771438498,-7000000.05952742,-6978768.8902351,-14576123.1562443,119151112.806973,29152234249.322,199210500233.807,0.0238750474770196,0.0595852893587395,0.400686943605784,0.398527760953343,0.00266325707483027
0.056,1.5475591560506,0.0258160543352521,110.650704038611,2.02131433055023,4838.81919418389,152.664773159932,29174.1476593882,-25554.7687276425,-7000000.0655397,-6760012.52731123,14576106.7319695,318361613.040648,-29152201808.7181,199489749132.554,0.0258160543352521,0.0565186535207365,0.456770512513719,0.421501207075385,0.00306655671194221
0.057,1.66063385637577,0.0279091631860218,115.502944428361,2.16008997808398,4864.49455662243,123.79137051036,22176.5769228843,-32122.3521569114,-7000000.05970518,-6341906.0397043,-14576094.7142436,517851362.173201,29152177681.5011,199579069494.615,0.0279091631860218,0.0538302943768944,0.518465735866407,0.444662638625354,0.00351670710188731
0.058,1.77857246834816,0.0301255354694079,120.377360656428,2.26678642848813,4883.16991880867,88.5926896885201,15174.1474880533,-38172.0693372815,-7000000.06555815,-5724265.14278379,14576078.5971502,717430431.667906,-29152145470.7743,199598778810.22,0.0301255354694079,0.0517029228729572,0.582666004075465,0.467930410510669,0.00400044882600429
0.059,1.9013936673201,0.0324300239748141,125.26695175082,2.33537059559138,4894.84528074227,47.6863761342352,8176.57674687815,-43504.3528010963,-7000000.05968747,-4907035.32171077,-14576066.5090197,917029210.478265,29152121278.0625,199565267703.608,0.0324300239748141,0.0503526357070962,0.644058121673336,0.49121990431598,0.00450193677876557
0.06,2.02910912864365,0.0347817904911561,130.164718683023,2.36052682871607,4899.52064243158,1.8896590953821,1174.14731692185,-47919.6126405461,-7000000.06553701,-3890223.47738023,14576050.4119238,1116594478.16977,-29152088730.6891,199445735994.912,0.0347817904911561,0.05,0.695635809823121,0.514443869297879,0.00500305258274602
0.061,2.16172352767063,0.0371351230355003,135.063660481055,2.33785649775096,4897.19600387639,-47.7806559651819,-5823.42342858463,-51218.2979228423,-7000000.05948168,-2673906.13121301,-14576037.9305085,1316040214.1648,29152063822.5086,199026077425.664,0.0371351230355003,0.05,0.742702460710005,0.537512772898442,0.0054838038430408
0.062,2.29923453975262,0.0394404526518232,139.956778116409,2.26407753538638,4887.87136508533,-100.108274164743,-12825.8528532134,-53201.0129339504,-7000000.06548072,-1258352.87828522,14576021.5689092,1515066291.64196,-29152030342.6927,118728748393.819,0.0394404526518232,0.05,0.788809053036464,0.560335159373695,0.00592280845048174
0.063,2.44163284024095,0.0416455695725918,144.837070617112,2.13722314647024,4871.54672605825,-153.681005458088,-19823.4236028243,-53682.0445416823,-7000000.05907471,316077.787553651,-14576008.341382,1633795040.03578,29152004015.5442,-199151137077.343,0.0416455695725918,0.05,0.832911391451836,0.582818015101506,0.00629786172645402
0.064,2.58890210448672,0.043697031716047,149.697538954666,1.95682021360247,4848.22208680413,-206.941009896754,-26825.8530215718,-52582.2610902903,-7000000.0653885,1850297.25905076,14575991.4050599,1434643902.95837,-29151968909.5258,-199589604994.461,0.043697031716047,0.05,0.87394063432094,0.604867139113806,0.0065865811954848
0.065,2.74101900784081,0.0455417064872665,154.531182157106,1.72395456965136,4817.89744732277,-258.367331273967,-33823.4237751723,-50047.9068139262,-7000000.05843022,3185146.35951191,-14575977.0084881,1235054297.96379,29151940322.7985,-199725496401.107,0.0455417064872665,0.05,0.91083412974533,0.626387517377977,0.00676710297281382
0.066,2.89795322565385,0.0471282788015025,159.331001195942,1.44114393894749,4780.57280762366,-306.625144420907,-40825.8531873487,-46278.5208881668,-7000000.06525801,4320337.90927604,14575959.1180967,1035328801.56255,-29151902692.1487,-199784357666.36,0.0471282788015025,0.05,0.94256557603005,0.647283699344296,0.00681876102999853
0.067,3.05966743327626,0.0484085854446355,164.089995099222,1.11214106426701,4736.24816770639,-350.579265902505,-47823.4239449417,-41473.8159710596,-7000000.05747859,5255774.53200541,-14575942.9961374,835544443.896113,29151870741.8733,-199808606756.292,0.0484085854446355,0.05,0.968171708892711,0.667460175267991,0.00672269157865708
0.068,3.22611730605824,0.0493387502481222,168.801164838461,0.741734002118818,4684.92352758113,-389.294262558968,-54825.8533496699,-35833.5706515596,-7000000.06508514,5991414.67252247,14575923.6402744,635735837.139911,-29151829311.7206,-199806710980.37,0.0493387502481222,0.05,0.986775004962445,0.686821752818276,0.00646235032261143
0.069,3.39725151934979,0.0498801195186214,173.45750944172,0.335546347322889,4626.5988872471,-422.03449518116,-61823.4241114076,-29557.5891789646,-7000000.05609405,6527247.1541722,-14575904.9942721,435929126.159943,29151792413.5669,-199762687541.654,0.0498801195186214,0.05,0.997602390372428,0.705273931490156,0.006023940537801
0.07,3.57301174850068,0.0499999976763109,178.052029880521,-0.100162568856547,4561.27424671543,-448.264129374134,-68825.8535075158,-22845.6712429691,-7000000.06486367,6863294.93656131,14575883.4213302,236166438.619196,-29151745211.0034,-199509731465.879,0.0499999976763109,0.05,0.999999953526219,0.722723273350304,0.00539675049835381
0.071,3.7533326688605,0.0496721831183318,182.577725182938,-0.558697473650026,4488.94960598472,-467.647104981351,-75823.4242737397,-15897.5447090088,-7000000.054042,6999706.50944757,-14575860.9969992,36656707.154968,29151700875.0636,-73167657478.7369,0.0496721831183318,0.05,0.993443662366635,0.739077768663325,0.00457339914227958
0.072,3.93814195577862,0.0488773043855621,187.027596320501,-1.03312581559204,4409.62496506747,-480.041735636998,-82825.8536595747,-8891.7044555632,-7000000.0645845,6999779.38786317,14575836.0033043,-36510950.3253746,-29151644539.3693,62271728435.8778,0.0488773043855621,0.05,0.977546087711242,0.754247194971659,0.00354998932275163
0.073,4.12736028460423,0.0476029672169822,191.394642321296,-1.51644777592313,4323.3003239613,-485.437040901828,-89823.4244308831,-1899.8019214563,-7000000.05084599,6994404.30175573,-14575807.6127143,25760778.1121753,29151588416.261,-40707508221.5914,0.0476029672169822,0.05,0.952059344339644,0.768143468228667,0.00232617234116084
0.074,4.32090133068634,0.0458437759044706,195.671864156862,-2.00166824962045,4229.97568268086,-483.837043355719,-96825.8538039245,5100.69818464832,-7000000.06423461,6999811.32575711,14575777.0666664,-14946730.1110073,-29151516446.2741,28289131155.9362,0.0458437759044706,0.05,0.916875518089412,0.780680984622369,0.000905148837182051
0.075,4.51867176937376,0.0436013308489446,199.8522608553,-2.48178869573803,4129.65104122212,-475.237751916225,-103823.424581258,12097.7510005431,-7000000.04538725,6999009.16122407,-14575738.3114421,13342401.0466093,29151439777.3471,-25034449554.6888,0.0436013308489446,0.05,0.872026616978892,0.79177695176433,-0.000706353698351208
0.076,4.72057127601514,0.0408842312967488,203.928833388158,-2.94981072336765,4022.32639960343,-459.639315702187,-110825.85393714,19099.2589529394,-7000000.06379516,6999834.33749334,14575697.880496,-11692048.5096636,-29151336779.1906,22549621293.4357,0.0408842312967488,0.05,0.817684625934975,0.801351707966518,-0.00249811521517694
0.077,4.92649252595897,0.0377080757448744,207.894580783554,-3.39873406986282,3908.00175781799,-437.041148687802,-117823.424721795,26097.0055363942,-7000000.03430159,6999417.09963038,-14575637.6726529,10857572.7854651,29151217444.4028,-20642179699.1706,0.0377080757448744,0.05,0.754161514897488,0.809329028376043,-0.00445647199357173
0.078,5.13632119455355,0.0340954623316483,211.742504013045,-3.82155986597085,3786.67711589177,-407.443485096395,-124825.85405136,33098.4110602323,-7000000.06323838,6999953.58256627,14575576.3503419,-9784606.91528795,-29151027739.2225,-199865918539.691,0.0340954623316483,0.05,0.681909246632966,0.815636416795639,-0.00656437899146968
0.079,5.34993595714705,0.030075988456444,215.465602104774,-4.21128955994992,3658.35247381293,-370.855055759338,-131823.424842678,40060.1613529175,-7000000.00075621,6890236.01638361,-14575449.9929576,-209650525.458867,29150776429.6078,-199953031911.871,0.030075988456444,0.05,0.601519769128879,0.820205382074049,-0.00880148566624363
0.08,5.56720848908749,0.025686233156409,219.056876030312,-4.56097656419545,3523.02783163139,-327.393049528793,-138825.854116253,46812.246601251,-7000000.06252198,6580608.97496479,14575323.1907145,-409603557.376214,-7554542998.20373,-199967334108.161,0.025686233156409,0.05,0.513724663128179,0.822971698017174,-0.0111442314365581
0.081,5.78800346575278,0.0209696326353632,222.509324997812,-4.86388545560498,3380.70408914319,-277.367097671815,-145819.825617141,53154.7259085124,-6989202.01083026,6071021.75053449,7020781.7692519,-609570891.490716,-35637665057.7007,-199971744185.916,0.0209696326353632,0.05,0.419392652707264,0.823875645847169,-0.0135659956812789
0.082,6.01217856420037,0.0159761703795194,225.815954478001,-5.11369041873332,3231.38934488751,-221.286788192508,-152811.456856263,58887.6335892722,-7000000.06157884,5361464.98695236,-28616886.3483804,-809542635.683132,57233780283.922,-199972004986.387,0.0159761703795194,0.05,0.319523407590388,0.822862238926133,-0.0160373325081204
0.083,6.23958446886623,0.0107618675686036,228.969770877718,-5.3046752101771,3075.07550033141,-159.86167804907,-159816.226404809,63810.998590889,-7000000.05778654,4451936.34877604,28616895.7029783,-1009514640.67551,199999981382.798,-199968596561.614,0.0107618675686036,0.05,0.215237351372073,0.819881429858211,-0.0185262947844295
0.084,6.47006486622318,0.0053880735186942,231.963774612616,-5.43193312923783,2911.77237371989,-94.0012957485115,-166768.584690504,67724.8495199009,-6871383.17140043,3342437.40981972,228616888.794571,-1209483237.24198,199999991371.299,-199958621843.2,0.0053880735186942,0.05,0.107761470373884,0.814888293251752,-0.0209988460327333
0.085,6.70345646405104,-7.94438461511099e-05,234.791028801292,-5.49156698898144,2741.61453053887,-24.8151396721673,-173492.326090388,70429.2188741167,-6542766.28692188,2032974.8616573,428616895.827803,-1409441859.08838,199999992368.347,-199924729678.571,7.94438461511099e-05,0.05,0.0015888769230222,0.807843197541736,-0.023419358348126
0.086,6.93958913188145,-0.00557160749169042,237.444826368951,-5.48088908307278,2564.93058767766,46.3873294596046,-179787.450600882,71724.1520179503,-6014149.39490647,523570.637729625,628616903.034947,-1609366588.7681,199999990351.615,66103053069.9053,0.00557160749169042,0.05,0.111432149833808,0.798712003284862,-0.025751194158284
0.087,7.17828622981305,-0.0110173403629636,239.918888857697,-5.39861892214634,2382.24916203452,118.107793326012,-185453.958214842,71454.0565368074,-5285532.49668846,-1052744.42450352,828616903.855664,-1543263535.69701,199999981353.929,199931832317.73,0.0110173403629636,0.05,0.220346807259272,0.787466313559148,-0.0279573691735273
0.088,7.41936513712834,-0.0163450528003528,242.207566426527,-5.24502219475374,2194.29887051139,188.786597554894,-190291.848930396,69663.0023165067,-4356915.60214678,-2496042.04404284,1028616889.01757,-1343331703.3757,137466144545.544,199966024877.676,0.0163450528003528,0.05,0.326901056007057,0.774083779854,-0.0300012853229331
0.089,7.66263798082376,-0.0214841860885265,244.306037330228,-5.02187440908404,2002.00572443005,256.986022150555,-194111.545063677,66528.6220915885,-3259565.64085163,-3739390.7349797,1166083029.69281,-1143365678.49217,-199999982358.651,199976607799.905,0.0214841860885265,0.05,0.429683721770529,0.758548462149599,-0.0318474824384328
0.09,7.90791255863359,-0.0263666444152339,246.210491037031,-4.73229328172337,1806.45040709062,321.462720287706,-196821.40251849,62250.8779519954,-2193482.60232977,-4782768.10957192,966083036.061183,-943389070.684553,-199999991544.302,199981053127.296,0.0263666444152339,0.05,0.527332888304679,0.740851239492796,-0.0334623395726189
0.091,8.1549934036021,-0.0309280380304481,247.918203834992,-4.38053989214503,1608.68494044669,381.173315217941,-198565.176931805,57029.7454826013,-1327399.56203513,-5626166.65369283,766083027.426576,-743408017.548376,-199999994026.572,199982570366.732,0.0309280380304481,0.05,0.618560760608963,0.720990248447195,-0.0348146928876391
0.092,8.4036828224263,-0.035108726622457,249.427415282994,-3.97181870775842,1409.5754075424,435.274408645586,-199542.868308216,51065.2052499826,-661316.531620621,-6269583.38605784,566083013.402561,-543425447.172649,-199999994387.992,199981499698.254,0.035108726622457,0.05,0.70217453244914,0.698971281481195,-0.0358763635619196
0.093,8.65378176107029,-0.0388546627159167,250.737131022959,-3.51207760359709,1209.78789141288,483.122583858342,-199954.476659934,44557.2393888303,-195233.515416846,-6713018.08338135,366083000.359081,-343443956.202536,-199999992435.682,199974994444.001,0.0388546627159167,0.05,0.777093254318334,0.674808086092349,-0.0366225937829618
0.094,8.90509047084824,-0.042118035088526,251.84692277984,-3.00780788044478,1009.78847507761,524.274405838862,-200000.002000284,37705.8284974546,70849.4887119236,-6956474.53362608,166082996.209755,-143468953.01827,-199999981877.566,199916696409.729,0.042118035088526,0.05,0.842360701770519,0.648522553178298,-0.0370323893371385
0.095,9.15740897450748,-0.0448577122064512,252.756728361603,-2.4658442850429,809.843241555032,558.486415441139,-199879.444347849,30710.938936718,136932.493976231,-6999985.13843947,-33916989.678346,56447743.3903253,-199999923409.244,-52455675793.4564,0.0448577122064512,0.05,0.897154244129023,0.620144794005182,-0.037088767680602
0.096,9.41053733231145,-0.0470394860365867,253.466651659222,-1.89316714984352,610.018273839979,585.704584114313,-199792.803671971,23730.4350573379,3015.54259074037,-6969765.23294587,-233916913.463268,3992067.59746217,199999430664.534,-68415194421.5836,0.0470394860365867,0.05,0.940789720731734,0.589713105749782,-0.0367789108921087
0.097,9.66427570867831,-0.0486361362646334,253.976765980021,-1.29675937992506,410.196321631812,605.947951268435,-199873.413348975,16751.263325783,-130901.655540334,-6999980.7625592,-33917482.2301328,-64423126.8253575,199999659225.176,129016311566.019,0.0486361362646334,0.05,0.972722725292668,0.557273826250138,-0.0360942310431802
0.098,9.91842427104169,-0.0496274217893698,254.287004047603,-0.683604070026566,210.260134387194,619.193862706701,-199987.940469014,9740.57371840055,-64819.3081550603,-6999895.73360154,166082177.200805,64593184.741132,-181699443759.244,-129363042934.962,0.0496274217893698,0.05,0.992548435787396,0.522881091304809,-0.0350303900786201
0.099,10.1727830881811,-0.0500000967769381,254.39726482065,-0.0607049568197865,10.2598903390472,625.439863964389,-200000.001927725,2751.41407000817,10413.1471637127,-6999984.07032789,-15617266.6350102,-64769858.1951891,-15627152038.7632,129603807082.026,0.0500000967769381,0.05,1.00000193553876,0.486596561654494,-0.0335873125769576
0.1,10.4271521658126,-0.049747915689557,254.30752566084,0.564942331297426,-189.738162502453,624.685891183699,-200000.00193838,-4259.3542949107,-13017.6954911262,-6999952.02498206,-31244418.5732508,64833948.887163,199998324604.735,-129737204380.101,0.049747915689557,0.05,0.994958313791139,0.448489175089097,-0.0317691771475017
0.101,10.6813315044507,-0.0488716320406716,254.017785678842,1.18633350704536,-389.741550902903,616.931960819809,-199995.308789175,-11248.5122128534,55737.04823854,-6999986.67828494,168753905.974266,-64903255.494438,-199999384078.299,129840925501.635,0.0488716320406716,0.05,0.977432640813431,0.408634879258346,-0.0295843893333102
0.102,10.9351211061707,-0.0473789997629352,253.528061104143,1.79647292539857,-589.689202291912,602.178048099241,-199888.528017359,-18259.3103646436,124491.2621735,-6999969.47102856,-31245478.437399,64937670.0073711,-192950437458.853,-129913382686.644,0.0473789997629352,0.05,0.947579995258704,0.367116317387631,-0.0270455378669592
0.103,11.188321028495,-0.0452847727676097,252.838445442962,2.38835628051197,-789.52873531531,580.424162888355,-199811.817897992,-25248.463231181,-3229.4349958883,-6999988.49235755,-224195915.235772,-64975712.6878579,199999933878.237,129974882333.176,0.0452847727676097,0.05,0.905695455352194,0.324022506970706,-0.0241693345588136
0.104,11.4407314217928,-0.0426107049410355,251.949002542071,2.95498792375839,-989.371204026486,551.67029174723,-199893.811964258,-32259.2770995035,-127425.383299203,-6999976.76387882,-24195977.048568,64999169.7574059,199999982627.363,-130039133150.696,0.0426107049410355,0.05,0.85221409882071,0.279448487630271,-0.0209765380734148
0.105,11.6921524337815,-0.0393855501532813,250.859663799494,3.48936353999038,-1189.32443143361,515.916441164705,-200000.002000237,-39248.4274673725,-51621.3690465364,-6999997.16069675,175804017.570111,-65039963.3950252,199999992587.926,199991953510.605,0.0393855501532813,0.05,0.787711003065626,0.233494893745415,-0.0174918619544419
0.106,11.9423841175408,-0.0356450621591139,249.570339691879,3.98448805928774,-1389.31261351333,473.165508121791,-199930.388034008,-46247.6126175258,224182.644812841,-6965041.14733651,375804029.049342,134951990.152055,199999994467.354,199997129524.602,0.0356450621591139,0.05,0.712901243182278,0.186267507502491,-0.0137438672460755
0.107,12.1912265078622,-0.0314319885199216,248.081116499889,4.43337621227997,-1589.05994625721,423.466200142692,-199484.97004651,-53111.8449148765,699986.671097156,-6730090.59242218,575804043.700737,334949119.740552,199999994092.199,199997994027.688,0.0314319885199216,0.05,0.628639770398431,0.137876859134038,-0.00976483786383861
0.108,12.4384798970534,-0.0267960089641924,246.392456308205,4.82918043306067,-1788.09062563333,367.053468033906,-198463.748024125,-59641.1279484346,1375790.71184019,-6295142.4756678,775804055.016176,534947113.848636,199999991618.296,199998259377.286,0.0267960089641924,0.05,0.535920179283847,0.0884378880630855,-0.00559061969233085
0.109,12.6839453107421,-0.0217934999780873,244.505397005549,5.16538810509002,-1985.72884759624,304.362259959161,-196666.721954422,-65635.4638239589,2251594.76268346,-5660196.23213052,975804057.985075,734945373.312049,199999982484.06,199998270777.152,0.0217934999780873,0.05,0.435869999561745,0.0380696663505753,-0.00126037754947601
0.11,12.92742518368,-0.0164870998572238,242.421752284692,5.43602155901114,-2181.09880809128,236.027522173415,-193893.891832591,-70894.8543243182,3327398.81192013,-4825251.72342637,1175804044.36381,934943644.170803,-160404187081.18,199998055264.976,0.0164870998572238,0.05,0.329741997144476,-0.0131048146204274,0.00318373897114918
0.111,13.1687242350464,-0.010945073760409,240.144308639091,5.63583807084339,-2373.13971990592,162.884199176757,-190005.325028641,-75219.3012164545,4423000.76275358,-3790309.05162948,1015399853.45161,1134941699.50323,-199999981470.205,199997431085.246,0.010945073760409,0.05,0.21890147520818,-0.0649587937391929,0.00769701941494972
0.112,13.4076505146642,-0.00524047876514801,237.676943941982,5.76052986019475,-2560.7726477505,85.9672336059105,-185107.957667099,-78408.8065131517,5338400.62547714,-2555368.63657579,815399861.451974,1334939130.63369,-199999990414.76,199995315327.282,0.00524047876514801,0.05,0.10480957530296,-0.117361836885685,0.0122327042417989
0.113,13.6440164658238,0.00054987107495572,235.024539224072,5.8069240882075,-2743.08384158332,6.51156576163373,-179395.190439062,-80263.3730318603,6053800.49172518,-1120431.84827926,615399856.115557,1534934445.97732,-199999992419.146,83052941388.7074,0.00054987107495572,0.05,0.0109974214991144,-0.170179941355083,0.0167425822245527
0.114,13.8776398369381,0.00634663950797081,232.192790585972,5.77318188013579,-2919.35790153405,-74.0527402549615,-173067.023346544,-80602.4955002573,6569200.35162949,456029.068395457,415399847.947945,1617987387.34915,-199999991426.31,-199995737383.902,0.00634663950797081,0.05,0.126932790159416,-0.223275713677909,0.0211776708367072
0.115,14.1083443968872,0.0120693930443507,229.188009528162,5.65896965036903,-3089.07942773775,-154.165889821165,-166323.456396823,-79370.8053610826,6884600.20385825,1974018.5870527,215399844.750488,1417991649.91347,-199999981488.227,-199997872693.648,0.0120693930443507,0.05,0.241387860887014,-0.276508637736714,0.0254889729320687
0.116,14.3359604504182,0.0176381446407997,226.016922950984,5.46550478145464,-3251.93302033589,-232.321687202345,-159364.489593626,-76721.12392785,7000000.05784821,3292011.30061938,15399861.4852294,1217993777.13476,-30799715402.5262,-199998533245.754,0.0176381446407997,0.05,0.352762892815995,-0.329735433328051,0.0296282783672414
0.117,14.5603251537802,0.0229748483329294,222.68647456464,5.19542028834712,-3407.79622945613,-307.202139801544,-152361.92288256,-72853.4488275085,7000000.06162134,4410005.81113129,-15399850.8409038,1017995243.73874,-11925320428.9147,-199998810253.354,0.0229748483329294,0.05,0.459496966658587,-0.382810503458333,0.0335489411609632
0.118,14.7812826440153,0.0280047168346182,219.203663116549,4.85256717960383,-3556.66121864454,-377.689253147424,-145371.610290259,-67967.7785295348,6978637.55056609,5328001.64975451,-27325172.855025,817996433.392259,97375369724.3213,-199998903891.346,0.0280047168346182,0.05,0.560094336692365,-0.435586463094341,0.0372065787540688
0.119,14.9986840545221,0.0326573395324436,215.575478679149,4.4418144589549,-3698.54400977929,-442.865031416895,-138390.406087208,-62264.1118137129,7000000.0625608,6045998.63120108,70050200.1327568,617997529.368175,-140100522975.059,-199998834779.137,0.0326573395324436,0.05,0.653146790648871,-0.487914718452565,0.0405596819166111
0.12,15.2123875041018,0.036867600481488,211.808907681528,3.96884912654025,-3833.42858097593,-502.011477629646,-131378.731000046,-55942.4475569344,7000000.00120544,6563996.74317967,-70050324.2454551,417998694.475463,140100772656.271,-199998422847.64,0.036867600481488,0.05,0.737352009629761,-0.539646060045611,0.0435701329673501
0.121,15.4222581082324,0.0405763964023192,207.910954437784,3.43997618004789,-3961.31315206642,-554.610593653763,-124390.406019446,-49202.7845369557,7000000.06327459,6881996.22623123,70050451.8511204,218000271.561659,-140100961141.263,-199994752528.587,0.0405763964023192,0.05,0.811527928046384,-0.590631247904359,0.046203630493065
0.122,15.6281679823328,0.043731154679146,203.88861427802,2.86191861598903,-4082.1977230011,-600.344379838205,-117378.730876684,-42245.1206336492,7000000.03455259,6999999.12152852,-70050510.5220673,18005519.050237,140101079628.395,-53718862352.1286,0.043731154679146,0.05,0.87462309358292,-0.640721598612965,0.0484300191283176
0.123,15.8299962418222,0.0462861515627966,199.748891872417,2.24161865096551,-4196.0822937917,-639.088738302028,-110390.405902727,-35245.0718962671,7000000.06382997,6991145.20940263,70050572.7121217,-35713343.3108779,-140101181926.922,89133938955.8742,0.0462861515627966,0.05,0.925723031255932,-0.689769569935336,0.0502235234144879
0.124,16.0276290021198,0.0482026423588195,195.498782551093,1.58607182861824,-4302.96686441238,-670.840475930674,-103378.730733865,-28256.9277019622,7000000.04557495,6999998.83556962,-70050610.2873681,53420595.6638094,140101257994.031,-106852029891.269,0.0482026423588195,0.05,0.96405284717639,-0.737629339503213,0.0515628897033401
0.125,16.220959378645,0.0494488759938624,191.145290984252,0.902270897311593,-4402.85143486983,-695.592952978837,-96390.4057672046,-21248.0272401336,7000000.06426872,6999993.41628778,70050651.4655434,-53431434.2346257,-140101329449.778,106874123893.953,0.0494488759938624,0.05,0.988977519877248,-0.784157375268893,0.0524314643176129
0.126,16.4098874868172,0.0500001000153323,186.695412502023,0.197219267436451,-4495.73600514582,-713.34543569395,-89378.7305813565,-14256.9371868926,7000000.05100461,6999999.04400005,-70050678.9103818,53442689.6801366,140101385082.311,-106889404314.017,0.0500001000153323,0.05,1.00000200030665,-0.829212995502323,0.0528172496183937
0.127,16.5943204420563,0.0498385644015617,182.156151774628,-0.522086628731879,-4581.62057524425,-724.09792000414,-82390.4056207232,-7248.0316986697,7000000.06461846,6999997.03152315,70050710.0704194,-53446714.6388774,-140101440994.77,106897792606.893,0.0498385644015617,0.05,0.996771288031235,-0.872658916143986,0.0527129401380209
0.128,16.7741723597821,0.0489535142064773,177.534504132203,-1.24864323023532,-4660.50514515057,-727.850406935171,-75378.7304222235,-256.94172558198,7000000.05418579,6999999.21318761,-70050731.7181095,53451077.9911631,140101484896.294,-106904200077.435,0.0489535142064773,0.05,0.979070284129547,-0.914361783395414,0.0521159396095113
0.129,16.9493643554147,0.0473411969420447,172.837474244985,-1.97545410219662,-4732.38971486707,-724.602894921342,-68390.4054666757,6751.96566005296,7000000.06489798,6999998.19114001,70050757.2018107,-53453122.088805,-140101531725.146,106908551183.612,0.0473411969420447,0.05,0.946823938840893,-0.954192689477612,0.0510283593778217
0.13,17.1198245443744,0.0450048601189397,168.072057443119,-2.69551568245877,-4797.27428438131,-714.35538453591,-61378.7302580451,13743.0553821595,7000000.0562306,6999999.34464287,-70050775.1996853,53455429.1205025,140101568215.932,-106912078119.656,0.0450048601189397,0.05,0.900097202378795,-0.992027669574235,0.0494569982629687
0.131,17.2854880420816,0.0419547512463653,163.245258396856,-3.4018315358662,-4855.15885369461,-697.107874953094,-54390.4053069932,20751.9637618388,7000000.06512024,6999998.73470351,70050797.149354,-53456648.999048,-140101609298.426,106914717142.797,0.0419547512463653,0.05,0.839095024927305,-1.02774817804052,0.0474133039942631
0.132,17.4462969639572,0.0382081178325936,158.364072436346,-4.08739809965101,-4906.04342279591,-672.860366525401,-47378.7300898804,27743.0532917454,7000000.05761301,6999999.44427573,-70050812.7241763,53458068.1721263,140101640849.679,-106916950966.298,0.0382081178325936,0.05,0.764162356651872,-1.06124154206047,0.0449133164204081
0.133,17.6022004254218,0.0337892073848365,153.435504231855,-4.74521893854399,-4949.9279916859,-641.612858745765,-40390.4051429891,34751.9622784741,7000000.06529432,6999999.03696461,70050832.3514684,-53458882.791425,-140101678142.653,106918729473.775,0.0337892073848365,0.05,0.675784147696729,-1.09240139101329,0.0419775927587794
0.134,17.7531545418967,0.0287292674095764,148.466549113541,-5.36829048940921,-4986.81256035446,-603.365351853798,-33378.7299185663,41743.0516624991,7000000.05856647,6999999.51890991,-70050846.282215,53459846.7132147,140101706315.258,-106920288293.529,0.0287292674095764,0.05,0.574585348191527,-1.12112805992517,0.0386311152297837
0.135,17.8991224288031,0.0230665454124719,143.464211751679,-5.94961631692328,-5016.69712880192,-558.117845506082,-26390.4049756947,48751.9610569418,7000000.06542802,6999999.22147639,70050864.3341527,-53460441.5750224,-140101741069.4,106921588548.318,0.0230665454124719,0.05,0.461330908249438,-1.14732896547369,0.0349031814784662
0.136,18.0400742015626,0.0168462888985808,138.435487476437,-6.48219285770674,-5039.58169701885,-505.870339880405,-19378.7297448445,55743.0503226282,7000000.05921646,6999999.57417557,-70050877.1604311,53461147.0068065,140101766970.452,-106922762989.504,0.0168462888985808,0.0500594183508003,0.336525861737493,-1.17091895313922,0.0308272782645914
0.137,18.1759869755969,0.0101207453722852,133.387380958101,-6.95902367641134,-5055.46626500536,-446.622834726654,-12390.4048059709,62751.9600100617,7000000.06552091,6999999.3396875,70050894.1555975,-53461615.9751035,-140101800087.942,106923780916.149,0.0101207453722852,0.0510932960122681,0.198083626663175,-1.19182061419986,0.0264409389549814
0.138,18.3068448663281,0.00294916233745274,128.326887526844,-7.37310520948653,-5064.35083275256,-380.375330187452,-5378.72956940504,69743.0491721794,7000000.05963281,6999999.61417028,-70050906.3109636,53462164.9766245,140101824594.305,-106924726190.941,0.00294916233745274,0.053169633929933,0.0554670423599145,-1.20996457140378,0.0217855854264831
0.139,18.4326389891784,-0.00460221270262714,123.261011852965,-7.71744102157742,-5066.23540026036,-307.127826069598,1609.59536537352,76751.9590814143,7000000.06558,6999999.4160513,70050922.6801547,-53462561.2048001,-140101856796.89,106925573529.643,0.00460221270262714,0.0560068704411951,0.0821722882634421,-1.22528973226392,0.0169063550359245
0.14,18.5533674595702,-0.0124601322451208,118.196749266643,-7.98502754900831,-5061.11996752042,-226.880322495993,8621.27060712081,83743.04814607,7000000.05985265,6999999.64161111,-70050934.4691689,53463012.3621095,140101880483.847,-106926382228.993,0.0124601322451208,0.0593649614692964,0.209890345023894,-1.2377435090655,0.0118519133824366
0.141,18.6690353929262,-0.0205443487877085,113.141104438187,-8.16886835643141,-5049.00453453268,-139.632819309558,15609.5955375201,90751.9582304517,7000000.06560464,6999999.46285862,70050950.4242775,-53463369.8558965,-140101912258.657,106927130025.984,0.0205443487877085,0.0630419904746161,0.32588356796857,-1.24728200479531,0.00667425362995696
0.142,18.7796549046694,-0.0287676148284872,108.101072697784,-8.26195988007734,-5029.8891012889,-45.3853166236895,22621.27078399,97743.0471970184,7000000.05989049,6999999.65801545,-70050962.1820503,53463760.2084166,140101935813.114,-106927864808.049,0.0287676148284872,0.0668707862561414,0.430197047755592,-1.25387016435277,0.00142848322049015
0.143,18.8852451102231,-0.0370356828660278,103.08365871575,-8.25730568461778,-5003.77366778931,55.8621856955152,29609.5957097159,104751.957424638,7000000.06559428,6999999.48581969,70050978.034358,-53464104.5879488,-140101967763.118,106928565022.08,0.0370356828660278,0.0707155812704209,0.523727334212258,-1.25748189052664,-0.0038274011553825
0.144,18.9858321250106,-0.0452473053992945,98.0958578222801,-8.14790220621299,-4970.65823402581,164.109687536159,36621.2709605154,111743.04628597,7000000.05974147,6999999.66374261,-70050990.0941469,53464460.4728916,140101991842.792,-106929276496.765,0.0452473053992945,0.0744687402366337,0.607601327154395,-1.25810012437592,-0.00903274940845089
0.145,19.0814490644557,-0.0532942349277052,93.1446746877007,-7.92675300956733,-4930.5427999989,279.357189017858,43609.595881122,118751.956634168,7000000.06554669,6999999.48596688,70051006.1225995,-53464816.0122154,-140102024563.612,106929975631.277,0.0532942349277052,0.0780475858042235,0.682842837206904,-1.25571688978018,-0.0141245037703339
0.146,19.1721360439825,-0.0610612239510627,88.237104642211,-7.58685453078987,-4883.42736570056,401.604690022111,50621.2711359574,125743.045375031,7000000.05937879,6999999.65777008,-70051018.8476626,53465159.657358,140102049893.625,-106930716444.204,0.0610612239510627,0.0813913450027411,0.750217654579934,-1.25033330208107,-0.0190374533833214
0.147,19.2579401790151,-0.0684260249696222,83.3801523561473,-7.12121033463413,-4829.31193113165,530.852190661387,57609.5960508583,132751.955826846,7000000.06545768,6999999.4592052,70051035.3664981,-53465556.7761344,-140102084141.75,106931469022.566,0.0684260249696222,0.0844582371005971,0.810175861095951,-1.24195954086357,-0.0237044967406684
0.148,19.3389155849781,-0.0752593904840314,78.5808131597139,-6.52281685717641,-4768.19649628416,667.099690799534,64621.2713095063,139743.044419447,7000000.05874497,6999999.63694014,-70051049.2477649,53465912.2832854,140102111685.696,-106931258388.798,0.0752593904840314,0.0872227203982993,0.862841586920956,-1.23061478708178,-0.0280569109173851
0.149,19.4151233772962,-0.08142507299541,73.846091723256,-5.78467766323418,-4700.08106115942,810.34719059236,71609.596217929,146751.955136396,7000000.06532048,6999999.9200289,70051066.6799023,-53465346.0968034,-140102148528.182,-199999616812.551,0.08142507299541,0.0896729123996365,0.908023067573973,-1.21632712485921,-0.0320246265190964
0.15,19.4866316713947,-0.0867798254315075,69.1829833769826,-4.89979174640046,-4624.96562574962,960.58190152805,78621.2714802666,153691.889114157,7000000.05772872,6846534.76552625,-70051082.4123225,-253464963.61722,140102179653.927,-199999853594.087,0.0867798254315075,0.0918081947675871,0.945229624122238,-1.19913340844648,-0.0355365074132677
0.151,19.5535155826987,-0.0911734260006862,64.5984927912472,-3.86123506375581,-4542.85019005645,1117.64648059464,85609.5963811613,160378.358089171,7000000.06512454,6493069.87511242,70051101.3788085,-453464818.387192,-140102220772.711,-199999893564.253,0.0911734260006862,0.0936370115058254,0.973690045575771,-1.17907909494123,-0.0385206436002736
0.152,19.6158572266341,-0.09444883958056,60.0996152962626,-2.66233781296773,-4453.73475407163,1281.18746289044,92621.2716471924,166611.362239698,7000000.05611974,5939605.10994326,-70051120.0762022,-653464713.36786,140102257674.903,-199999903994.734,0.09444883958056,0.0951748659358259,0.992371658755417,-1.15621804352259,-0.0409047002233145
0.153,19.6737457186266,-0.0964425713121707,55.6933555623909,-1.29688365653343,-4357.61931779852,1450.65138364862,99609.5965390651,172190.901675798,7000000.06485366,5186140.44457782,70051141.603894,-853464618.817093,-140102306081.069,-199999900648.637,0.0964425713121707,0.0964425192866408,1.00000053944599,-1.13061228206848,-0.0426163431377883
0.154,19.7272771739751,-0.0969852262773975,51.3867089199273,0.240690282218147,-4254.50388122799,1625.28477820322,106621.271808957,176916.976494332,7000000.05341136,4232675.87543608,-70051165.3055341,-1053464520.78339,140102352786.475,-199999883295.794,0.0969852262773975,0.097464391098702,0.99508369348125,-1.10233174216466,-0.0435837421904121
0.155,19.7765547082337,-0.0959022443218144,47.1866800392413,1.95509341145758,-4144.38844436531,1804.13418198491,113609.596689435,180589.586795597,7000000.06448236,3079211.41300439,70051191.3258164,-1253464405.12361,-140102414832.187,-199999838533.712,0.0959022443218144,0.0982671592030738,0.97593382264799,-1.07145396362218,-0.0437361500802455
0.156,19.8216884368291,-0.093014872161069,43.10026425055,3.84998167483872,-4027.27300720023,1986.04613053279,120621.271963602,183008.732699679,7000000.04838769,1725747.08861342,-70051224.5096266,-1453464244.32446,140102480212.604,-199999690750.918,0.093014872161069,0.0988785547235957,0.940698136426872,-1.03806376975171,-0.0430045543302659
0.157,19.8627954751886,-0.0881413106326964,39.1344662242297,5.92775755162159,-3903.15756974148,2169.66715952949,127609.596828414,183974.414384356,7000000.06396903,172282.998912937,70051259.3581204,-1653463935.30384,-140102573588.341,154057727445.141,0.0881413106326964,0.0993263455186658,0.887391055942278,-1.00225291474066,-0.0413223996161741
0.158,19.8999999387397,-0.0810980676686833,35.296281290496,8.18937300733449,-3772.04213197655,2353.45855728286,134621.272107167,183345.641703495,7000000.03653008,-1404152.07266888,-70051315.438282,-1499406207.63117,140102691583.019,199999690638.115,0.0810980676686833,0.0996374995635205,0.813931180769766,-0.964119704600548,-0.0386263772346312
0.159,19.9334327626044,-0.0717014826826993,31.592714232421,10.634209539818,-3633.92669394476,2535.8605553612,141609.596947246,181225.119808705,7000000.06686957,-2803558.43498181,70051379.5798426,-1299406516.33921,-199999989969.626,199999837946.941,0.0717014826826993,0.0998375172658188,0.718181748167807,-0.923768593237501,-0.0348572673503941
0.16,19.963232242546,-0.0597692702274426,28.0307598810487,13.260162910975,-3488.81375138316,2715.47566165577,148611.289383475,177805.19142175,6970051.45149418,-4002965.03234791,-129948636.950156,-1099406677.39036,-199999997897.921,199999881675.474,0.0597692702274426,0.0999499262648715,0.597992139274336,-0.881309755340734,-0.0299607705905955
0.161,19.9895434886418,-0.0451219151445558,24.6174060965087,16.063829859075,-3336.74742390012,2891.1044695762,155483.033193241,173285.856364138,6740102.81561172,-5002371.76890069,-329948680.178197,-899406794.494637,-199999999014.422,199999896795.065,0.0451219151445558,0.0999959140926409,0.451237588595397,-0.836858639847084,-0.0238882596144406
0.162,20.0125185481595,-0.0275838719073993,21.3595079560713,19.0407077157205,-3177.95766017764,3061.74757238719,162024.82834378,167867.114513886,6310154.13593209,-5801778.6149977,-529948733.566098,-699406896.442972,-199999999273.496,199999894680.714,0.0302916496319464,0.1,0.302916496319464,-0.790535524297658,-0.0165974292596849
0.163,20.0323161751366,-0.00698456402778635,18.2635905883053,22.185394405721,-3012.87440893964,3226.60556324211,168036.674786332,161748.965766157,5680205.40272313,-6401185.56409979,-729948788.069837,-499407000.70447,-199999999139.341,199999866545.535,0.0330623548785736,0.1,0.330623548785736,-0.742465119471831,-0.00805284133115677
0.164,20.0491014004314,0.0168408165371729,15.33564917303,25.4917884469879,-2842.12761896217,3385.07903518956,173318.572466863,155131.410012453,4850256.61507318,-6800592.63153169,-929948836.689464,-299407133.591132,-199999998597.106,199999701664.211,0.0491014004314323,0.0999894242121412,0.491065938406216,-0.692776236185379,0.00177363787664854
0.165,20.0630449017744,0.0440507099781179,12.5809489412618,28.9532889504217,-2666.54723907371,3536.76858115284,177670.52133395,148214.447097338,3820307.77906739,-6999999.91428946,-1129948873.98354,-99407432.1904444,-199999997241.743,198814889731.197,0.0630449017744041,0.0999283010464299,0.630901367422543,-0.641601515596108,0.0129025087782253
0.166,20.0743221738192,0.0747967892247078,10.0038251751644,32.5629956098763,-2487.16321815287,3681.47474447391,180892.521345054,141197.879281457,2590358.90644405,-6999999.90161459,-1329948895.67518,99407457.7246826,-199999992809.988,-198811221487.535,0.0743221738191657,0.0997954347008261,0.744745228496414,-0.589077223920594,0.0253464194393877
0.167,20.0831124981938,0.109223759888976,7.60748320800333,36.3139051217634,-2305.20550511167,3819.18090804264,182784.572471909,134214.44790462,1160410.0143416,-6999998.05463284,-1529948896.78519,-99403764.0176685,-93043651388.7908,198803798968.629,0.0831124981937528,0.0995689191460558,0.834723314329008,-0.535343112209508,0.0391100565962781
0.168,20.0895977137002,0.147469328137247,5.39379931542273,40.1990241141109,-2122.09959236731,3949.8870732427,183164.500761555,127197.881933918,-416060.708155957,-6999999.91916637,-1622992539.93211,99400035.1089555,199999992605.271,-198798692779.722,0.0895977137002362,0.099224567964417,0.902979126423275,-0.480542341512282,0.0541901345108834
0.169,20.0939607955373,0.189664200137197,3.36314722264536,44.2113459611144,-1939.4052840163,4073.59323873058,181970.277113074,120214.448916239,-1939053.25180316,-6999999.23044642,-1422992523.60958,-99398657.9168788,199999997027.734,198795911843.66,0.0939607955372566,0.0987363146333753,0.951633610046607,-0.424821470061759,0.0705754277134475
0.17,20.096384311607,0.235932082056981,1.51434693046076,48.3438772898359,-1758.63336249019,4190.2994048652,179353.060928543,113197.883008158,-3262045.77691278,-6999999.93244155,-1222992489.8425,99397254.0599937,199999998365.847,-198793686258.176,0.0963843116070393,0.0980767633620137,0.982743601063513,-0.368330475538,0.0882468351806261
0.171,20.0970489236847,0.286389680065298,-0.155202110886879,52.5896114741519,-1581.1068203541,4300.00557115214,175512.852234812,106214.449421009,-4385038.26759017,-6999999.52150986,-1022992445.46796,-99396432.4351588,199999998878.959,198792023143.877,0.0970489236846852,0.0972179032826888,0.998261846920189,-0.311222746099985,0.107177475389794
0.172,20.0961320648326,0.341146700331081,-1.64932344370269,56.9415551407882,-1407.94865013944,4402.71173783915,170649.651071603,99197.8836864034,-5308030.71362046,-6999999.94237306,-822992396.255565,99395590.8180498,199999998964.366,-198790593076.024,0.0961320648325845,0.0961319975620296,1.00000069977278,-0.253654988524314,0.12733281180744
0.173,20.0938070419098,0.400305853860247,-2.97286374374054,61.3927016605784,-1240.0818443055,4498.41790463383,164963.457486044,92214.4497731539,-6031023.11038773,-6999999.64809214,-622992348.653239,-99395002.4847366,199999998617.865,198789401872.426,0.0938070419097556,0.0947926574029136,0.989602406766922,-0.195787044822407,0.148670808230319
0.174,20.0902414359329,0.463962841982567,-4.13149253825088,65.9360576600725,-1078.22939523551,4587.1240717213,158654.271526664,85197.8841899915,-6554015.45972987,-6999999.94964057,-422992310.067231,99394399.4744443,199999997316.018,-198788331073.81,0.0902414359328532,0.093176109872284,0.968504008769486,-0.13778161812844,0.171142113302487
0.175,20.0855970557303,0.532206370864701,-5.13150234684369,70.5646165131479,-922.914295264939,4668.83023889446,151922.093236322,78214.4500507291,-6877007.77111392,-6999999.71569196,-222992289.19581,-99393931.8148009,199999989204.425,198787385230.286,0.0855970557303074,0.0912626649517079,0.9379197481862,-0.0798039091661688,0.194690273397287
0.176,20.0800291894481,0.605118146673437,-5.97960868144504,75.2713848462413,-774.459536694224,4743.53640630329,144966.922643114,71197.8845991373,-7000000.06567156,-6999999.95490065,-22992301.3176063,99393453.4807858,45984635410.9833,-198786508842.409,0.0800291894480836,0.0890383871243065,0.898816701793517,-0.022021164952028,0.219251972964439
0.177,20.0736862813435,0.68277287557576,-6.68275132973229,80.0493560332616,-632.99452911394,4811.2425737847,137963.090523203,64214.450285281,-7000000.04927649,-6999999.7558402,22992333.8751513,-99393055.5645676,-45984683309.5213,198785705576.532,0.0736862813435337,0.0864969730085548,0.851894335495948,0.0353978581819784,0.24475730131545
0.178,20.0667097960446,0.765238263738764,-7.2479297749976,84.8915367005617,-498.529521854459,4871.94874146787,130966.922517153,57197.8849516806,-7000000.05704552,-6999999.95861627,-22992350.826959,99392650.0568146,45984714436.9729,-198784944106.84,0.0667097960446057,0.0836418346014948,0.797564954934806,0.0922835100545929,0.271130044739951
0.179,20.0592341985206,0.852575017329711,-7.68214248474083,89.7909202220851,-371.064514905347,4925.6549092154,123963.090393697,50214.4504931491,-7000000.05064925,-6999999.78061203,22992363.3428075,-99392294.2394343,-45984740186.7754,198784227532.165,0.05923419852056,0.0804883849366676,0.735934738498834,0.148465909679546,0.298288002727427
0.18,20.0513869537404,0.944836842515958,-7.99239099209418,94.7405132241186,-250.599508247384,4972.36107714382,116966.922391125,43197.8852690661,-7000000.05739217,-6999999.96108505,-22992378.2692304,99391933.3183082,45984769354.1322,-198783535540.311,0.0513869537403657,0.0770665201550157,0.666786999555751,0.203775615310561,0.326143326997966
0.181,20.0432885266727,1.04207044546502,-8.18567376452653,99.7333090806415,-137.134501870131,5012.06724513153,109963.090262552,36214.4506844322,-7000000.05097944,-6999999.79553607,22992390.8003034,-99391602.3969012,-45984794366.3886,198782870867.908,0.0432885266726792,0.0734232890628499,0.589574877742463,0.258044291208972,0.354602881937913
0.182,20.0350523822859,1.14431553234448,-8.26899233514205,104.762314417885,-30.669495754045,5044.77341328766,102966.922264319,29197.8855652162,-7000000.05735463,-6999999.96249865,-22992404.9944775,99391268.4783593,45984823678.5895,-198782218676.053,0.0350523822858584,0.0696257382330534,0.503440009045649,0.311105368377019,0.383568624976548
0.183,20.026784985548,1.25160480932209,-8.24934517137757,109.820522609866,68.7955101118313,5070.47958150031,95963.0901315864,22214.4508662126,-7000000.05050498,-6999999.80335754,22992418.4096473,-99390950.3572077,-45984849796.5873,198781581476.109,0.0267849855480122,0.06576391761843,0.407289993023558,0.362794696670091,0.412938005343904
0.184,20.018585801427,1.36396398256566,-8.13373380630831,114.900940282768,161.260515747583,5089.18574987504,88966.9221386618,15197.8858502885,-7000000.05698608,-6999999.96297629,-22992432.792962,99390631.1090961,45984881049.2153,-198780947131.087,0.0185858014269868,0.0619540285152705,0.299993428553331,0.412951185736734,0.442604379602393
0.185,20.0105472948904,1.48141175824315,-7.92915670733812,119.996560810646,246.725521164342,5100.89191830538,81963.0900023624,8214.45104404462,-7000000.04924984,-6999999.80543199,22992448.0153851,-99390316.1652169,-45984910130.2436,198780318026.085,0.010547294890376,0.0583416925673781,0.180784862869637,0.461417432290616,0.472457442261738
0.186,20.0027549309056,1.60395984252261,-7.6426154075125,125.100390819641,325.190526383006,5105.59808689637,74966.9220159645,1197.88613257043,-7000000.05629233,-6999999.96258369,-22992463.4770825,99390001.8349091,45984945381.3099,-198779683062.806,0.00275493090555301,0.0551053173635421,0.0499939214101267,0.508040331273837,0.502383669752575
0.187,19.9952871744397,1.7316129415722,-7.28110837420135,130.20542368385,396.655531414562,5103.30425554375,67963.0898763722,-5785.54877723123,-7000000.04707469,-6999999.80227947,22992481.7176539,-99389681.35392,-45984979784.3611,198779044578.91,0.00471282556030417,0.0524595310829051,0.0898373558249348,0.552671668545537,0.53226677596472
0.188,19.9882154904598,1.86436876156018,-6.85163714041981,135.304666029372,461.120536281112,5094.01042435486,60966.921898124,-12802.1135803745,-7000000.05524388,-6999999.96134345,-22992499.3678798,99389363.183734,45985021942.3578,-198778391252.16,0.0117845095402167,0.050658655611648,0.232625785227255,0.595168692803574,0.561988177536027
0.189,19.9816043439326,2.00221800865494,-6.36120017350264,140.39111123035,518.585540993133,5077.71659322468,53963.0897552166,-19785.5485929407,-7000000.04363671,-6999999.79378514,22992522.4549125,-99389028.1764553,-45985065204.9708,198777725443.115,0.0183956560673835,0.05,0.367913121347669,0.63539466453958,0.591427467022881
0.19,19.9755111998248,2.14514438902495,-5.81679900643402,145.457765912846,569.050545574528,5054.42276226597,46966.921787428,-26802.1132808329,-7000000.05377819,-6999999.95923953,-22992543.9766691,99388697.2112332,45985119032.1274,-198777034328.584,0.0244888001751562,0.05,0.489776003503124,0.673219379918834,0.620462892078016
0.191,19.969986523103,2.29312460883884,-5.22543210651207,150.497623451053,612.515550034743,5024.12893136998,39963.0896408151,-33785.5483980987,-7000000.03823565,-6999999.779192,22992575.0154649,-99388337.2074196,-45985177165.4443,198776320363.295,0.030013476897043,0.05,0.600269537940861,0.708519667585428,0.648971838721336
0.192,19.9650737787333,2.44612837426533,-4.59410100668937,155.503690470995,648.980554400587,4986.8351006584,32966.9216870535,-40802.1129600597,-7000000.05179726,-6999999.95621723,-22992603.2929035,99387983.0883328,45985251403.267,-198775567523.275,0.0349262212666623,0.05,0.698524425333247,0.74117985650004,0.676831316799133
0.193,19.9608094316823,2.60411839147329,-3.92980417422505,160.46896034692,678.445558679586,4942.54127001551,25963.0895358648,-47785.5481868589,-7000000.02938601,-6999999.75688999,22992648.157151,-99387584.5068423,-45985335882.2052,198774778435.837,0.0391905683177427,0.05,0.783811366354854,0.771092213041434,0.703918445702195
0.194,19.9572229469159,2.76705036663168,-3.23954314203924,165.386439704819,700.910562903513,4891.24743957655,18966.9216021358,-54802.1126070991,-7000000.04916496,-6999999.95217829,-22992688.7791351,99387193.8497149,45985448844.7724,-198773931095.384,0.0427770530841016,0.05,0.855541061682032,0.798157345723541,0.730110938438203
0.195,19.9543367894004,2.93487300590964,-2.53031637734839,170.249121919004,716.375567076404,4832.95360921464,11963.0894448213,-61785.5479517065,-7000000.01351985,-6999999.72387579,22992760.2023298,-99386737.2986857,-45985584801.7482,198773028403.592,0.0456632105996277,0.05,0.913264211992555,0.822284576016611,0.755287582143984
0.196,19.9521664241017,3.10752801547642,-1.80912541303848,175.050013615429,724.840571239541,4767.65977908533,4966.92154257263,-68802.1122069642,-7000000.04571406,-6999999.94697214,-22992825.5635499,99386291.0150643,45985782995.7503,-198772037059.11,0.047833575898256,0.05,0.95667151796512,0.843392273893452,0.779328713163109
0.197,19.950720315986,3.28495010150148,-1.08296871627612,179.782108168485,726.305575390254,4695.36594904462,-2036.91062292438,-75785.5476820422,-6999999.97977853,-6999999.67448622,22992957.6578666,-99385746.0775172,-45986038342.7307,198770960370.172,0.0492796840139533,0.05,0.985593680279067,0.86140815686917,0.802116684819403
0.198,19.9499999300193,3.46706697015438,-0.358847819908568,184.438412204091,720.770579591532,4616.07211927904,-9033.07846725281,-82802.1117369118,-7000000.04128832,-6999999.94037811,-22993081.5620151,99385214.1927875,45986497386.0578,-198769741993.891,0.0500000699807011,0.05,1.00000139961402,0.876269551444888,0.82353632607143
0.199,19.9499998510439,3.65379932760493,0.356238734041785,189.011919096735,708.235583842201,4529.77828961851,-16036.910636254,-89785.5473612332,-6999999.87415674,-6999999.59718193,22993416.1335921,-99384527.8143483,-45987155639.6182,198768385835.35,0.0500001489561157,0.05,1.00000297912231,0.887923616021798,0.843475389252528
0.2,19.950707228122,3.8450608800231,1.05528953527466,193.4956354723,688.700588284248,4436.48446029917,-23033.0783309905,-96802.1111586896,-7000000.03583986,-6999999.93207806,-22993740.3042517,99383857.911746,84161360842.2472,-198766781415.82,0.0492927718779868,0.05,0.985855437559735,0.896327524501118,0.861824985169466
0.201,19.9521027222732,4.04075833357913,1.73130643494626,197.882554705406,662.167183371806,4336.19063110964,-30030.5483458002,-103785.546959351,-6980913.09572309,-6999999.46487395,61167620.9201918,-99382923.4965641,-160509109101.402,198764933520.138,0.0478972777268254,0.05,0.957945554536508,0.901448609968419,0.878480003866005
0.202,19.9541598015334,4.24079139444346,2.37729585308906,202.165683421907,628.649684293769,4228.89680237357,-37007.6291511583,-110802.110397653,-7000000.0293509,-6999999.92160992,-99341488.9129374,99382009.9055876,198683013430.151,-198762569270.044,0.0458401984666388,0.05,0.916803969332776,0.903264469101828,0.893339519439311
0.203,19.9568449469814,4.44505276878691,2.98627236541522,206.338014996611,588.133775848396,4114.60297380983,-44024.1860909573,-117785.546409749,-7000000.01154913,-6999999.1963393,99341524.9273812,-99380559.335857,199999908412.942,198759694771.011,0.0431550530186371,0.05,0.863101060372742,0.901763028684657,0.906307177343234
0.204,19.9601176432188,4.65342816278058,3.55123298969379,210.39255605537,540.634479259535,3993.30914592563,-50941.1820232253,-124802.109270481,-6800658.53241756,-6999999.90828914,299341436.287089,99379135.3090926,199999955885.61,-198755230927.955,0.0398823567811597,0.05,0.797647135623194,0.89694256350869,0.917291562706173
0.205,19.9639304075722,4.86579628259611,4.06527738575876,214.322299973318,486.351190875632,3865.01531830693,-57558.8365124879,-131785.545479545,-6401317.11818859,-6999998.3884438,499341396.402335,-99376095.5687601,199999963814.32,198749185788.622,0.0360695924277969,0.05,0.721391848555939,0.888811688720954,0.926206548249138
0.206,19.9682289900409,5.08202883440561,4.52180456586091,218.120253376459,425.683252110033,3729.72149206569,-63677.149605899,-138802.10706013,-5801975.73987824,-6999999.89111774,699341364.755506,99373090.0864359,199999963169.64,-135502397396.149,0.0317710099590833,0.05,0.635420199181667,0.877389378738572,0.932971620494109
0.207,19.9729527726407,5.30199052447019,4.91471288364411,221.779410167691,359.230004337876,3587.43030119446,-69096.1213366942,-145775.00413514,-5002634.39353526,-6968377.99972917,899341332.058211,-36129307.24477,199999956062.348,9014876391.28113,0.0270472273592759,0.05,0.540944547185518,0.862705023877603,0.937512183055963
0.208,19.978035368745,5.52553906397011,5.23860003411104,225.2927901478,287.790788901579,3438.16546201099,-73615.7517384899,-152759.944309436,-4003293.08344454,-6999999.86877785,1099341291.34315,-27114430.9793187,199999937313.432,54229040627.7945,0.0219646312549706,0.05,0.439292625099412,0.844798524615572,0.939759837725809
0.209,19.9834054224262,5.75252518569409,5.48896305358893,228.653408300323,212.364947106428,3281.90325811863,-77036.0408535121,-159764.463220561,-2803951.82346967,-6999999.77944332,1299341230.66923,27114609.7211089,199999875333.818,199999511509.091,0.0165945775737626,0.05,0.331891551475252,0.823720423022411,0.939652645085181
0.21,19.9889876077971,5.98279262770317,5.66239831968612,231.854265463402,134.151820205225,3118.6516473001,-79156.9887490398,-166717.572443473,-1404610.65510574,-6872885.41396631,1499341106.67369,227114121.712751,154180979553.446,199999749315.463,0.011012392202943,0.05,0.220247844058861,0.799532070748462,0.937135345994084
0.211,19.9947038282881,6.21617814918149,5.75680116939814,234.888423979686,54.5488402392651,2948.54381770068,-79786.2320207439,-173443.567505229,171820.941346239,-6545771.41759759,1653522085.5698,427113871.674013,-199999867541.294,199999773112.23,0.00529617171187979,0.05,0.105923434237596,0.77230583279053,0.932159568886057
0.212,20.0004746117426,6.45251166955852,5.77155263823983,237.749174520753,-24.8842278548469,2771.90688332788,-78820.9833476308,-179742.448691618,1725343.09314673,-6018657.65936505,1453522216.1806,627113645.398285,-199999929309.696,199999725287.126,0.00047461174260377,0.05,0.0094922348520754,0.742125324518223,0.924684057990953
0.213,20.0062206540701,6.69161659582564,5.70760425978592,240.430234872063,-102.608619467042,2589.26795793914,-76402.2124676206,-185414.216240831,3078865.34467346,-5291544.15132292,1253522284.07206,827113371.117365,-199999947706.297,199999511718.176,0.0062206540700771,0.05,0.124413081401542,0.709085662307596,0.914674947117818
0.214,20.0118643436819,6.93331034964985,5.56735813830277,242.925949932706,-177.270812352997,2401.3541550318,-72729.9193051409,-190258.870454688,4232387.65489292,-4364431.02434836,1053522332.93888,1027112882.99272,-199999954359.417,140049402013.649,0.0118643436818786,0.05,0.237286873637572,0.673293660620997,0.90210608237578
0.215,20.0173311145214,7.17740509440399,5.35446990033362,245.23149121551,-247.717284207341,2209.09008980285,-68004.1038090562,-194086.403470526,5185910.0106607,-3267293.44034842,853522374.914087,1167162284.84658,-199999954705.424,-199999535912.806,0.0173311145213759,0.05,0.346622290427518,0.634867914917304,0.886959392484949
0.216,20.0225505995863,7.423708656895,5.0736486947509,247.343040524083,-312.994512678341,2013.55623320949,-62424.7659362529,-196803.449024372,5939432.40822166,-2200130.9234579,653522416.735459,967162748.468189,-199999948357.999,-199999753988.98,0.0225505995863244,0.05,0.451011991726489,0.59393875928024,0.869225303039983
0.217,20.0274575844512,7.67202559172381,4.73045719279997,249.257866979981,-372.348975371926,1815.80557905394,-56191.9056439037,-198553.331865807,6492954.85078132,-1332968.05198397,453522465.567443,767162993.77308,-199999926988.829,-199999812958.915,0.0274575844511986,0.05,0.549151689023972,0.55064809905249,0.848903172452433
0.218,20.0319927607896,7.92215822049942,4.33111158814258,250.974204033717,-425.227149848014,1616.7052901963,-49505.5228810072,-199536.051722889,6846477.35285263,-665804.964690295,253522536.920032,567163179.987536,-199999807194.119,-199999821643.135,0.031992760789592,0.05,0.63985521579184,0.505149119449033,0.82600168166107
0.219,20.0361032798967,8.17390749852948,3.88228159690981,252.49105229878,-471.275513602224,1416.92252972125,-42565.6175604,-199951.608400961,6999999.98617328,-198641.695524571,53522729.714583,367163357.571695,-107045785854.471,-199999775647.176,0.0361032798966541,0.05,0.722065597933081,0.457605871609614,0.800539118111867
0.22,20.0397431063407,8.4270736819834,3.3908912324118,253.80797955184,-510.336670915521,1216.92446089974,-35556.6971731964,-200000.001713353,6999999.8229602,68521.7742230213,-53523056.0471576,167163581.443037,107045251828.228,-199999527684.898,0.0397431063407012,0.05,0.794862126814024,0.408192738080347,0.772543542514628
0.221,20.0428731794003,8.68145679505557,2.86394150404931,254.924920732937,-542.397828410759,1016.97824721403,-28565.618002493,-199881.231403191,6999999.392827,135685.591821517,53522195.7670925,-32835946.4137789,-107043565844.568,-199998191559.381,0.0428731794002886,0.05,0.857463588005771,0.357093783153972,0.742052837827186
0.222,20.0454614379273,8.93685689712887,2.30842884328205,255.841977945763,-567.458986429381,817.151052547527,-21556.6981056534,-199795.296816614,6999999.80567141,2850.54962794296,-53521369.9885401,-232834137.990755,107041531044.864,199982564213.204,0.0454614379273046,0.05,0.909228758546092,0.30450201285608,0.709114640569709
0.223,20.0474828207732,9.19307415049417,1.73135681783867,256.559223791548,-585.520144717357,617.326707778666,-14565.6187293949,-199875.532908665,6999999.20120524,-129992.306256985,53520161.0376692,-32851573.7559645,-107039170358.017,199990977489.516,0.0474828207731974,0.05,0.949656415463949,0.250618591919383,0.67378615525454
0.224,20.0489192667891,9.44990872029162,1.13972185918397,257.076591366312,-596.581303699828,417.389036267261,-7556.69930902447,-199988.619172212,6999999.77706347,-62848.3912681652,-53519009.2367177,167139403.74116,107035958727.981,-192616334080.416,0.0489192667890563,0.05,0.978385335781127,0.195652030394535,0.636133865445608
0.225,20.0497597148254,9.70716067389932,0.540527534778158,257.393980977906,-600.642463036908,217.388823641066,-565.619709785648,-200000.000583894,6999998.74719066,7982.84543354244,53516949.4670105,-25476930.3409882,-107031917716.203,28554120153.0086,0.0497597148253561,0.05,0.995194296507123,0.139817343353142,0.596233208769672
0.226,20.0500001037321,9.96463001676875,-0.0592297239729863,257.511370308372,-597.703623460093,17.3897579346119,6443.29885949047,-199999.997183589,6999999.73779925,-3217.02483094181,-53514968.1713167,3077189.81175633,107025056965.173,10048906370.7837,0.0500001037321312,0.05,1.00000207464262,0.0833351870571958,0.554168271229647
0.227,20.0496433877322,10.222116749182,-0.652546359730319,257.428759743324,-587.764784434345,-182.610916337228,13434.3786229702,-200000.000795741,6999997.29811048,4884.61816618742,53510088.7639777,13126096.1853307,-107015393772.068,139202071526.981,0.0496433877322424,0.05,0.992867754644848,0.0264309750642127,0.510031456429618
0.228,20.0486994902906,10.4794208712931,-1.23242594145774,257.146151347045,-570.825947711934,-382.600487199959,20443.2950667406,-199965.352784247,6999999.68998814,87611.7501150495,-53505304.935614,152328167.7014,60588283831.7591,-199994832257.07,0.0486994902905558,0.05,0.973989805811115,-0.0306660222028765,0.463923102465847
0.229,20.0471853501793,10.736342400133,-1.79186529029722,256.663587464801,-546.889045765901,-582.504979343977,27426.6401517759,-199834.909422286,6976788.52696841,139942.501687943,7082978.86113959,-47666664.5999304,32256622997.9656,-199996920064.178,0.0471853501793298,0.05,0.943707003586596,-0.0877235908509092,0.415951073224886
0.23,20.0451249025595,10.992681435099,-2.32387764493861,255.981184700342,-515.971486758561,-782.286195308811,34412.3462721895,-199752.133072813,6999999.81732829,-7722.62294412909,39339601.9266982,-247663584.703386,-199998804050.995,196774884084.384,0.0451249025595146,0.05,0.902498051190292,-0.144507497595959,0.366230340153747
0.231,20.0425490665623,11.2482381832203,-2.82147631057808,255.099012470057,-478.060917194819,-982.075268147356,41398.6827566261,-199850.891673941,6939340.01722987,-156998.76560553,-160659202.449557,-50888700.5571586,-199999627092.656,199999149500.344,0.0425490665622803,0.05,0.850981331245606,-0.200782422976294,0.314882521196395
0.232,20.0394957473794,11.5028128435396,-3.27768968184686,254.016985133691,-433.227674218551,-1182.00480749914,48224.3599015783,-200000.00159803,6678681.00123366,-107887.891413832,-360658830.105998,149110449.25988,-199999729780.253,199999686522.903,0.0394957473794477,0.05,0.789914947588954,-0.256312890789042,0.262035339162213
0.233,20.0360097565322,11.7562054906141,-3.68570874823329,252.73497022105,-381.732416884318,-1382.02556812293,54689.3781995664,-200000.000983826,6218022.3062376,141222.401108999,-560658560.55996,349110136.381657,-199999751980.744,199999782599.85,0.0360097565322377,0.05,0.720195130644754,-0.310864228073651,0.20782205706289
0.234,20.0321425508896,12.0082161244421,-4.03908515808647,251.252984399388,-324.035803892292,-1581.88843969994,60593.7379336084,-199650.890217613,5557363.86968722,590332.428789682,-760658313.220065,549109919.691525,-199999737745.553,199999787067.797,0.0321425508895778,0.05,0.642851017791557,-0.364203590964418,0.152380958633161
0.235,20.0279517720094,12.2586449195773,-4.33193121832164,249.571393446119,-260.798493679306,-1781.14431219819,65737.4393571213,-198752.669531262,4696705.6875952,1239442.24201304,-960658051.569451,749109707.394499,-199999685300.313,199999729710.544,0.0279517720094162,0.05,0.559035440188325,-0.416101059463008,0.0958548888779989
0.236,20.0235005854803,12.5072926742394,-4.55911989416329,247.69111224858,-192.881144424632,-1979.14407580646,69920.4827381185,-197105.339147341,3636047.79337539,2088551.81426495,-1160657737.33822,949109437.535024,-199999556052.55,199999501166.767,0.0235005854802779,0.05,0.470011709605558,-0.466330796769931,0.0383908566243308
0.237,20.0188568202631,12.7539614594234,-4.71648480887368,245.613804803798,-121.344414014788,-2175.03862096423,72942.8684034719,-194508.899364134,2375390.27801067,3137661.00238494,-1360657293.68466,1149108938.85211,-199999135419.889,-96785341839.2834,0.0188568202630819,0.05,0.377136405261638,-0.514672268443331,-0.0198602995100163
0.238,20.0140919080333,12.9984554675973,-4.80102024341802,243.342081744979,-47.4489599422023,-2367.79120452785,74604.5968454059,-190812.814782595,914733.416615828,4238377.27031655,-1560656429.20365,1052323596.86376,-31624612925.2338,-199999488346.944,0.0140919080332615,0.05,0.281838160665231,-0.560911516429482,-0.0787441807353707
0.239,20.0092796227572,13.2405820373481,-4.81107973283474,240.87963270435,27.351576554466,-2556.31777685378,74733.7312785847,-186081.608961817,-661735.319051684,5190701.12300711,-1592281042.03081,852324108.102739,199999108226.902,-199999714481.633,0.00927962275716965,0.05,0.185592455143393,-0.604842482713204,-0.138103041719617
0.24,20.0044946341543,13.4801527213198,-4.7465362510016,238.231173081225,101.497393333123,-2739.67031468803,73309.1886231924,-180498.079070365,-2154016.80696809,5943025.37386917,-1392281933.52249,652324393.030069,199999527844.05,-199999765767.22,0.00449463415427687,0.05,0.0898926830855373,-0.64626837186205,-0.197775999823924
0.241,19.9998109640061,13.716984229668,-4.60879960417891,235.402269738856,173.505859911809,-2917.09649379111,70492.3641040595,-174262.224794083,-3446298.97657005,6495349.88401557,-1192282405.24443,452324626.635307,199999655227.552,-199999742751.56,0.000189035993908959,0.05,0.00378071987817918,-0.685003011922289,-0.257599305255098
0.242,19.9953005130888,13.9508991822401,-4.40066995026389,232.399141864877,242.084694143796,-3088.04398965383,66483.2572006814,-167574.045886965,-4538581.55420081,6847674.63927477,-992282749.473124,252324883.411982,199999704642.526,-199999502508.468,0.00469948691115718,0.05,0.0939897382231436,-0.720872142175223,-0.317406697234461
0.243,19.991031769213,14.1817266609004,-4.12613972952557,229.228460971551,306.141613458885,-3252.16047750972,61481.8675557819,-160633.542056109,-5430864.45135269,6999999.77143186,-792283044.234481,52325380.8306131,199999714072.473,-104650567152.983,0.00896823078697295,0.05,0.179364615739459,-0.75371457932365,-0.377029847945156
0.244,19.9870687149409,14.4093025619867,-3.79019366496994,225.897151690661,364.784334962443,-3409.28965934405,55688.1948679106,-153624.821355112,-6123147.63855087,6999999.86868554,-592283329.582609,-52325186.1965582,199999684227.237,29936952603.224,0.0129312850591177,0.05,0.258625701182353,-0.783383250500385,-0.436298892291887
0.245,19.9834699353035,14.6334697566362,-3.39860876264509,222.412214349017,417.3205754665,-3559.42195437366,49302.2388451829,-146645.994587035,-6615431.12601961,6962643.15879059,-392283644.872733,-22388233.6582084,199999571571.901,119489933011.812,0.0165300646965427,0.05,0.330601293930854,-0.809746089234681,-0.495043038118658
0.246,19.9802879255175,14.8540781097516,-2.95775431193676,218.780629892849,463.258051477686,-3702.58538012079,42523.9991585566,-139674.630555803,-6907714.98510616,6999999.89163779,-192284073.004913,97101699.4872478,199998946103.842,-194206264703.63,0.0197120744825376,0.05,0.394241489650753,-0.832686791188992,-0.553091234259464
0.247,19.9775685987017,15.0709844607085,-2.47439188590745,215.009376283276,502.304479106183,-3838.75191915304,35553.4752945302,-132658.447524724,-6999999.58505878,6999998.45877317,7714873.10926125,-97104565.2732859,-15428935570.1812,194212031112.37,0.0224314012982738,0.05,0.448628025965476,-0.85210542703928,-0.610272853003979
0.248,19.9753509932941,15.2840526430713,-1.95547713707203,211.10545937043,534.358597564276,-3967.91845948237,28554.7616566456,-125674.632676211,-6999999.17973444,6999999.90905551,-7714062.48965256,97107465.9794531,15434525407.851,-194216271636.663,0.0246490067058787,0.05,0.492980134117573,-0.867918910559841,-0.666418353805387
0.249,19.9736671631566,15.4931534902992,-1.40800801238759,207.075872679779,559.412717073146,-4090.08500007521,21553.4778664466,-118658.448412205,-6999995.97952024,6999999.23921653,7720462.92743806,-97108805.7062424,-15447425007.1388,194218978097.879,0.0263328368433839,0.05,0.526656736867679,-0.88006132714081,-0.721359946564765
0.25,19.9725421624088,15.6981648358511,-0.838985023981338,202.927622684762,577.466840062678,-4205.25154131175,14554.7675474304,-111674.633745551,-6999999.22909632,6999999.92255862,-7726962.10935311,97110172.5382574,15458905845.8326,-194221195081.829,0.0274578375912142,0.05,0.549156751824285,-0.888484156469094,-0.774932248552935
0.251,19.9719940451732,15.8989715131856,-0.255407654557647,198.667702911004,588.520964299212,-4313.41808271357,7553.48132145897,-104658.448935256,-6999996.73828273,6999999.4975558,7731943.74492644,-97111022.5852213,-15468931487.5691,194222916454.599,0.0280059548268099,0.05,0.560119096536198,-0.893156420213793,-0.826972930240901
0.252,19.9720338655741,16.0954653557608,0.335723582612729,194.303119832254,592.575091377536,-4414.58462454139,554.772399667784,-97674.6344622321,-6999999.26028145,6999999.93319723,-7736987.77292436,97111894.0217407,15478302216.9784,-194224404620.623,0.0279661344259239,0.05,0.559322688518478,-0.894064760098291,-0.877323347469354
0.253,19.9726656777381,16.2875451970343,0.927409205153855,189.840866974138,589.629219583893,-4508.75116649308,-6446.51563759925,-90658.4493154062,-6999997.09694585,6999999.62490846,7741314.45198866,-97112510.6336766,-15486990221.7405,194225654780.908,0.0273343222618507,0.05,0.546686445237015,-0.891213446324128,-0.925829157510496
0.254,19.9738865357936,16.475116870464,1.51264869894724,185.287950810585,579.683350329249,-4595.91770876266,-13445.2232424929,-83674.6350025955,-6999999.27760461,6999999.94166454,-7745675.80039354,97113144.3047793,15495409777.6405,-194226772780.22,0.0261134642064,0.05,0.522269284128001,-0.884624316490659,-0.972340916623704
0.255,19.9756864938708,16.658093209507,2.0844425820343,180.651364867194,562.737482145809,-4676.08425113181,-20446.5127898396,-76658.4496167868,-6999997.24851614,6999999.69957896,7749733.98493035,-97113628.5039539,-15503538007.5222,194227754709.777,0.0243135061291682,0.05,0.486270122583363,-0.874336645423483,-1.01671465680677
0.256,19.9780486061016,16.8363940476207,2.63579033963871,175.938115618018,538.791616373294,-4749.25079375496,-27445.219094503,-69674.6354381894,-6999999.28353484,6999999.94842917,-7753804.05334069,97114126.3679566,15511658501.4834,-194228654329.21,0.0219513938983766,0.05,0.439027877967533,-0.860406946600301,-1.05881243951103
0.257,19.9809489266199,17.0099462182619,3.15969249027711,171.155196588628,507.845751653735,-4815.41733646143,-34446.5100037858,-62658.4498681166,-6999997.25833745,6999999.74763223,7757854.45581657,-97114527.9841039,-15519751015.9855,194229468335.575,0.0190510733801226,0.05,0.381021467602451,-0.842908706126516,-1.09850288420628
0.258,19.9843565095608,17.1786835548876,3.64914851862167,166.309614253165,469.899889336882,-4874.58387938046,-41445.2149602018,-55674.6358055458,-6999999.27938944,6999999.95381515,-7761896.59079351,97114940.5175504,15528070864.2922,-194230228303.631,0.0156434904391602,0.05,0.312869808783205,-0.821932050480493,-1.13566166976463
0.259,19.9882334090619,17.3425468909545,4.09715894372872,161.408362137171,424.9540280856,-4926.75042237122,-48446.5071762111,-48658.4500852897,-6999997.14054806,6999999.78018056,7766174.28138539,-97115287.8039303,-15536598818.8362,194230931346.21,0.0117665909381266,0.05,0.235331818762532,-0.797583349502303,-1.17017200676587
0.26,19.9925346792617,17.5014840599191,4.49672324978252,156.458446714859,373.008169336817,-4971.91696554623,-55445.2106628886,-41674.6361261979,-6999999.26567596,6999999.95804895,-7770424.5677384,97115643.7116206,15545634377.7843,-194231598107.103,0.00746532073830508,0.05,0.149306414766102,-0.769984756355382,-1.20192507892511
0.261,19.9972083743012,17.6554498952378,4.84084195646926,151.466861511741,314.062311697286,-5010.08350878449,-62446.5042019158,-34658.4502783683,-6999996.87305477,6999999.80270667,7775209.81834829,-97115954.4090409,-15555158017.4589,194232225982.119,0.00279162569877656,0.05,0.0558325139755311,-0.739273686430555,-1.23082045199084
0.262,20.0021955483228,17.8044062303671,5.12251454752622,146.44061300209,248.116456786413,-5041.25005218723,-69445.2059965246,-27674.6364142416,-6999999.24224502,6999999.96128787,-7779948.22886792,97116271.744954,15565614504.6094,-194232829736.048,0.00219554832281332,0.05,0.0439109664562665,-0.705602237401699,-1.25676644857285
0.263,20.0074302554712,17.948321898763,5.33474154340737,141.386694711386,175.17060306758,-5065.41659564698,-76446.5009439231,-20658.4504543938,-6999996.38322156,6999999.81816443,7785666.28464335,-97116558.001108,-15576982769.3862,194233406950.046,0.00743025547120268,0.05,0.148605109424054,-0.66913655286453,-1.27968048751859
0.264,20.0128395498927,18.0871727338818,5.47052242743728,136.312113113955,95.2247524905295,-5082.58313925751,-83445.2006579159,-13674.6366797485,-6999999.20832149,6999999.96363752,-7791316.51379579,97116849.1225784,15590086556.9142,-194233969104.053,0.012839549892707,0.0502766852942053,0.255377812152362,-0.630056132210621,-1.29948938657877
0.265,20.0183434857364,18.2209415691794,5.52285772106618,131.223861735248,8.27890324990059,-5092.74968292061,-90446.4971768486,-6658.450618732,-6999995.4815568,6999999.82820768,7798770.05278406,-97117119.9887418,-15604901860.1161,194234513888.057,0.0183434857363629,0.0516957528646263,0.354835450107445,-0.588553089589468,-1.31612962727189
0.266,20.023855117153,18.3496182381117,5.48474690726418,126.128947049632,-85.6669420907544,-5095.91622672544,-97445.1940904642,325.363069472705,-6999999.16243396,6999999.96516213,-7806131.83552596,97117394.0739025,15623423184.553,-194235051009.548,0.0238551171530155,0.0540495485222667,0.441356455423266,-0.544831365009713,-1.32954758098812
0.267,20.0292804982969,18.4731995741345,5.34919050890253,121.034362582528,-186.612785823214,-5092.08277057994,-104446.492415055,7341.54922418626,-6999993.58267719,6999999.83373085,7817291.35960181,-97117656.9410003,-15645621826.5051,194235578202.089,0.0292804982968953,0.0570724460724018,0.513040885960104,-0.499105890806539,-1.339699695549
0.268,20.0345186833245,18.5916894107036,5.10918800879632,115.947114808346,-294.558624064303,-5081.24931457103,-111445.184955787,14325.3628268331,-6999999.10223074,6999999.96589005,-7828330.4941024,97117921.4357661,15679382270.8046,-194236104428.537,0.0345186833244853,0.0605392596003077,0.57018674414561,-0.451601716875571,-1.34655264157658
0.269,20.039461726397,18.7050985812745,4.7577399322193,110.874197252472,-409.504460001876,-5063.41585861027,-118446.484992976,21341.5490703897,-6999987.74158943,6999999.83511114,7851051.7883118,-97118182.9970898,-15724668672.8341,194236627404.095,0.0394617263969899,0.0642617798789611,0.614077706395888,-0.402553098221482,-1.35008341820623
0.27,20.0439946816791,18.8134449193028,4.28784576300669,105.822616389353,-531.450285568823,-5038.58240278457,-125445.167986867,28325.3625862543,-6999999.02413743,6999999.96581526,-7873616.91061056,97118444.580863,42272880135.2308,-194237156207.533,0.043994681679127,0.0680853424590329,0.646169646654839,-0.35220254851606,-1.35027941781818
0.271,20.0479956033811,18.9167532582439,3.69250625278827,100.799365744342,-660.39500398521,-5006.74894700687,-132442.058339514,35341.5489160037,-6986736.20098043,6999999.8322925,34399263.2373736,-97118711.630875,-95325057914.0153,194237688469.556,0.0479956033811462,0.0718854584539743,0.667667764988604,-0.300799863462226,-1.34713844964592
0.272,20.0513355477791,19.0150554315531,2.9647264039885,95.8114517919186,-796.328669110679,-4967.91549136636,-139427.482418597,42325.3623415642,-6999999.46669997,6999999.96489514,-60925794.701534,97118977.010784,199997457076.248,-194238234315.503,0.0513355477791251,0.0755645360263076,0.679360325341675,-0.248601117126953,-1.34066872226107
0.273,20.0538785803216,19.1083902726858,2.09751645644351,90.8658680574002,-939.257972353507,-4922.08203577515,-146424.611873196,49341.5487569066,-6960926.53286355,6999999.82474763,139071662.518915,-97119257.3098091,199999184117.623,194238791212.215,0.0538785803215518,0.0790487175028343,0.681587026628484,-0.195867634042299,-1.33088878511774
0.274,20.0554817753713,19.196803615097,1.08389348614655,85.9696210152959,-1089.13153560299,-4869.24858032331,-153282.669377501,56325.3620858487,-6721855.27828595,6999999.96304311,339070846.888989,97119534.0725183,199999415735.793,-194239371620.342,0.0554817753712591,0.0822848539251329,0.674264736761146,-0.142864946093915,-1.31782742947864
0.275,20.0559952792874,19.2803482922419,-0.082983897820684,81.1297041908894,-1245.71028752285,-4809.41512492831,-159801.655996433,63341.5485882895,-6282784.72353033,6999999.81130485,539070262.930246,-97119837.5558925,199999472518.687,194239972737.504,0.0559952792874228,0.085237635705623,0.65693139918625,-0.0898617104662633,-1.30152354922637
0.276,20.0552625499072,19.3590841375753,-1.40961801546068,76.3531240587166,-1408.55515754623,-4742.58166968751,-165781.572343116,70325.3618105496,-5643714.72434071,6999999.96011691,739069735.762309,97120135.3472228,199999452287.098,-194240611520.596,0.0552625499071624,0.0878868949362086,0.628791698094169,-0.0371285484516481,-1.28202596219826
0.277,20.0531207956161,19.4330779845522,-2.90197211649802,71.6468741440062,-1577.02707567233,-4668.74821450407,-171022.418957557,77341.548404006,-4804645.26243432,6999999.78970349,939069188.332199,-97120476.1833142,199999355093.896,194241284749.599,0.0531207956161026,0.090225091812739,0.588758565370641,0.0150631992375854,-1.259393192859
0.278,20.0494016144184,19.5024036666273,-4.56527038092668,67.0179609213298,-1750.28697244406,-4587.91475949364,-175324.196399998,84325.3615039692,-3765576.39655568,6999999.95589421,1139068543.65,97120808.7270979,199999107636.09,-194242018138.518,0.0494016144184002,0.0922549946200517,0.535489862872559,0.0664427956997316,-1.23369321725383
0.279,20.0439318330062,19.5671420172552,-6.40379791957728,62.4733779158592,-1927.29577900984,-4500.08130454847,-178486.905340136,91341.5481954012,-2526508.29908753,6999999.75555115,1339067651.42912,-97121209.4254101,199998295592.412,194242807815.713,0.0439318330061695,0.0939875597937423,0.467421785421165,0.116741504204505,-1.20500317135305
0.28,20.0365345458283,19.6273808698904,-8.4207007748022,58.0201316021941,-2106.81442731628,-4405.24784980534,-180310.546764246,98325.3611483725,-1087441.49986209,6999999.95003345,1539065947.07072,97121598.5451605,74802092884.0987,-194243698019.083,0.0365345458283386,0.0954400157594646,0.382801129459323,0.165694051996457,-1.1734090240187
0.281,20.0270303539848,19.6832150579873,-10.6177869647957,53.6652155054355,-2287.40906710637,-4303.41439513961,-180615.988275088,105341.547948803,489025.493650809,6999999.69956879,1613868039.90557,-97122099.4931137,-199998304907.615,194244683853.51,0.0270303539847845,0.0966341515703689,0.279718438518095,0.213040155533323,-1.13900521598175
0.282,20.0152387936522,19.7347464150001,-12.9953569442623,49.4156361002087,-2467.51989791154,-4194.58094072347,-179353.361812291,112325.360713353,2002894.38110925,6999999.94200177,1413869734.84802,97122584.5081566,-199999117763.331,-194245855411.69,0.0152387936522338,0.0975948088386622,0.156143485842835,0.258526096933337,-1.10189426632764
0.283,20.0009798797738,19.7820837743828,-15.552162463268,45.2783869115198,-2645.64450089474,-4078.74748640423,-176676.865750031,119341.547639082,3316764.55707569,6999999.59880385,1213870616.8583,-97123270.9290801,-199999366804.043,194247206130.087,0.000979879773765902,0.0983485731068273,0.00996333493015242,0.301906316007045,-1.06218634813328
0.284,19.9840755972354,19.8253429695893,-18.2855436923388,41.2604744140125,-2820.46900592418,-3955.9140324199,-172786.499112298,126325.360137438,4430635.49052817,6999999.93093919,1013871249.77187,97123935.3404253,-199999466951.115,-194248976909.281,0.0159244027645897,0.0989226586445965,0.160978313591449,0.342944945425531,-1.01999883499518
0.285,19.9643512143545,19.8646468340731,-21.1916269314493,37.3688921325512,-2990.87954208086,-3826.08057856828,-167882.261241323,133341.547207172,5344507.0068245,6999999.3778248,813871782.498997,-97125041.6020091,-199999493070.767,194251326883.578,0.0356487856454635,0.0993439787040742,0.358841935973332,0.381417233788598,-0.975455820319537
0.286,19.9416363967508,19.9001252012878,-24.2655246093501,33.6106465417711,-3155.96223785369,-3689.24712523069,-162164.151592049,140325.359285897,6058379.04279746,6999999.99966403,613872289.109965,97126285.4114194,-199999450323.992,-199999743927.872,0.0583636032492336,0.0996383915301078,0.585754169180841,0.417110842625367,-0.928687611327048
0.287,19.915766121147,19.9319148977364,-27.5015352829714,29.9927311227818,-3315.00322120593,-3545.41391140131,-155832.169646365,147340.589138107,6572251.60674534,6997126.41311284,413872838.516009,-102873459.728312,-199999268632.464,-199999913442.138,0.0680851022636411,0.0997413953688091,0.682616300001478,0.449827012381083,-0.87983019984397
0.288,19.886581389453,19.9601597627914,-30.8933436369866,26.5221477242227,-3467.48861956421,-3394.6002378031,-149086.31483174,154252.945502884,6886124.81094496,6794252.99666439,213873569.714517,-302873375.229132,-199998247354.563,-199999937714.538,0.0398402372086153,0.0995358456067117,0.400260197376862,0.479381593123116,-0.829024712405281
0.289,19.8539297424263,19.9850105932243,-34.4342204831795,23.2057920358092,-3613.10455967414,-3237.0089778633,-142126.586277096,160862.428489349,6999999.25698196,6391379.65257826,13875322.3521384,-502873315.416296,-27751572109.585,-199999943514.111,0.0149894067756797,0.0992388383818846,0.15104375484524,0.505605936243099,-0.776416854768107
0.29,19.8176655738555,20.0066249467263,-38.1172213241351,20.0502568738706,-3751.72999010224,-3073.04300492807,-135124.274620881,166969.038160544,6999998.79327922,5788506.36540474,-13876249.7377444,-702873261.449607,27743840741.7734,-199999940905.433,0.00662494672625513,0.0988290541603123,0.0670344038253032,0.528347644083942,-0.722156406301837
0.291,19.7776502586262,20.0251667390346,-41.9353471337546,17.0616321814213,-3883.35542205846,-2903.30519228724,-128126.589978932,172372.774571972,6999994.46391235,4985633.13350195,13867590.9974046,-902873204.662897,-27726272852.5856,-199999929668.512,0.0251667390346135,0.0982834327125235,0.25606288201416,0.547471180302281,-0.666396778206903
0.292,19.7337521713061,20.0408056410599,-45.8815988401216,14.2453050282126,-4007.980858818,-2728.59841317328,-121124.282764908,176873.637781701,6999998.91848337,3982759.96401909,-13858681.8343524,-1102873136.0953,27711982659.8248,-199999901362.382,0.0408056410598547,0.0975776254034523,0.418186453002279,0.562858369094668,-0.609294637359045
0.293,19.6858466864586,20.0537162760123,-49.9489755223077,11.6057596107947,-4125.60629725362,-2549.92554075557,-114126.59452347,180271.627860868,6999996.22797891,2779886.87724317,13853300.8199487,-1302873038.58571,-27701030248.8016,-199999808655.142,0.0537162760122669,0.0966865950152997,0.555571079980289,0.574408817544914,-0.551009597096963
0.294,19.6338161786449,20.0640772165288,-54.1304781064992,9.14637725258814,-4236.23173900401,-2368.48944811739,-107124.288483354,182366.744917402,6999999.01367435,1377013.93432894,-13847729.4069942,-1502872847.62626,27691595799.9139,-147194696135.084,0.0640772165287729,0.0955853753995197,0.670366321845244,0.582040266694836,-0.491703976004133
0.295,19.5775500224233,20.0720697818732,-58.4191056716942,6.86923684403839,-4339.85718213286,-2185.69080798627,-100126.59806831,182967.789978519,6999997.08216729,-199456.261365786,13843866.3883907,-1650067543.37734,-27683723952.1302,199999806571.651,0.0720697818731963,0.0942500019398407,0.764666104932264,0.585688870256879,-0.431542625435931
0.296,19.5169445923505,20.0778766398727,-62.8078591429097,4.77492961722322,-4436.48262785206,-2003.08942390879,-93124.2930063965,181976.633246453,6999999.08657953,-1749523.90145777,-13839857.5410032,-1450067735.69418,27676687413.038,199999899184.837,0.077876639872656,0.0926586223606979,0.840468354574719,0.585309400051989,-0.370692824460219
0.297,19.4519032629808,20.0816802632251,-67.2897375992644,2.86247818876922,-4526.10807477482,-1822.22089708509,-86126.6010672348,179535.408793507,6999997.57274505,-3099591.68756068,13836829.8683848,-1250067834.77796,-27670520871.3976,199999927313.636,0.0816802632250635,0.0907927957441704,0.899633749083093,0.580875377546938,-0.309324222883981
0.298,19.3823364088669,20.0836614079555,-71.857741964989,1.12945800087453,-4608.73352386675,-1644.43529529777,-79124.2968337757,175844.116509545,6999999.14217776,-4249659.55868225,-13833690.979333,-1050067905.28381,27664855053.9345,199999938251.362,0.0836614079555318,0.0886389857310781,0.943844373505719,0.572379131157917,-0.247608766331256
0.299,19.3081614045598,20.0839977638308,-76.5048713193706,-0.427805572092492,-4684.35897405224,-1470.88268641788,-72126.6037277858,171102.756320975,6999997.8787253,-5199727.49484062,13831164.0716956,-850067964.633877,-27659718160.2845,199999940352.123,0.0839977638307765,0.0861902517894643,0.974562228173514,0.559831779281273,-0.185720544676199
0.3,19.229302624609,20.0828628042913,-81.2241265860638,-1.81403722366868,-4752.98442614219,-1302.51313838263,-65124.3002190145,165511.328166869,6999999.18371673,-5949795.48929817,-13828554.0643709,-650068021.953007,27654890808.3266,199999933615.528,0.0828628042913024,0.0834481401508928,0.992985633250401,0.543263139304175,-0.123835553763058
0.301,19.1456914435625,20.0804248363834,-86.0085068445415,-3.03481171535778,-4814.60987924886,-1140.07671918833,-58126.6061637289,159269.831988521,6999998.07505648,-6499863.54444268,13826336.7416478,-450068086.418363,-27650396999.6404,199999907253.125,0.0804248363834184,0.0804247735572907,1.00000078117879,0.522721563140284,-0.0621313713799838
0.302,19.0572662356538,20.0768462590793,-90.8510130178105,-4.09635388193263,-4869.23533409227,-984.123496892053,-51124.3033196655,152578.267718288,6999999.21329818,-6849931.67723325,-13824060.2332795,-250068178.043752,27646090527.8379,199999732584.67,0.0768462590793142,0.0771451363352866,0.996125779664535,0.498273700122413,-0.000786748979087842
0.303,18.9639723757413,20.0722829880396,-95.7446441855444,-5.00533862101914,-4916.86078990001,-835.003539634711,-44126.6084545912,145636.63524033,6999998.19832877,-6999999.98898288,13822030.2926896,-50068445.5633234,-27641991809.6495,100137961286.554,0.0722829880395572,0.0736495486338695,0.981445092065591,0.470004188369854,0.0600188790365139
0.304,18.8657622383692,20.0668841305757,-100.682401270574,-5.76869173064389,-4957.48624733748,-692.871076642152,-37124.3062396109,138628.290688278,6999999.23271651,-6999999.45390278,-13819961.491905,50069515.7465196,27637998004.536,-100139887218.464,0.0668841305757262,0.0699963206198749,0.955537805179076,0.438015276025608,0.120105966262812
0.305,18.7625951980803,20.0607918187327,-105.657283352781,-6.39341404734197,-4991.11170570738,-557.738613196283,-30126.6106544982,131636.63601052,6999998.27022682,-6999999.88176502,13818036.5110466,-50070371.5810247,-27634126380.9913,100141392039.933,0.0607918187326817,0.0662645746971487,0.91741053210589,0.402426374033325,0.179295499802434
0.306,18.654437629416,20.0541411849725,-110.662291354681,-6.88650223280103,-5017.7371656445,-429.606149581546,-23124.3090536036,124628.291174424,6999999.24354725,-6999999.5573259,-13816089.8447005,50071020.4786512,27630297788.5912,-100142707719.818,0.0541411849725293,0.0625572206153983,0.865466599057992,0.363373542387695,0.23740969494184
0.307,18.5412629069166,20.0470603617576,-115.690424356378,-7.25495962479748,-5037.36262649638,-308.473685590476,-16126.6128052042,117636.636675487,6999998.30259679,-6999999.89070665,13814207.9424429,-50071687.3535165,-27626527538.6716,100143943998.5,0.0470603617576089,0.0590040653304206,0.797578293869627,0.321008912051154,0.294272692656911
0.308,18.4230514051213,20.0396704815506,-120.734683280108,-7.5057828849773,-5049.98808888737,-194.341221449655,-9124.31181974959,110628.291597859,6999999.24676978,-6999999.60606073,-13812319.5709417,50072256.662185,27622747749.7834,-100145091896.93,0.0396704815505622,0.0557650363771374,0.711386275842659,0.275500044976068,0.349711247944427
0.309,18.2997904985678,20.0320856768143,-125.788067206211,-7.64597535123055,-5055.61355218793,-87.2087569732347,-2126.61494133088,103636.637270894,6999998.30107369,-6999999.89534649,13810428.1773892,-50072835.3489355,-27618972690.3948,100146210535.887,0.0320856768142619,0.0530334944373582,0.60500778149101,0.227029234911185,0.403555406119586
0.31,18.1714745617927,20.0244130800119,-130.843577056671,-7.68253368514902,-5054.23901702897,12.9237076444206,4875.68541185852,96628.291992371,6999999.24290578,-6999999.62542728,-13808544.4878128,50073375.2029716,27615137404.2308,-100147292845.509,0.024413080011854,0.0510396077425354,0.478316372159511,0.175792751896009,0.455639164449625
0.311,18.0381049693315,20.0167528236067,-135.894211912081,-7.62246122470976,-5045.86448278579,106.056172582074,11873.3829055621,89636.6378384782,6999998.26712002,-6999999.89664654,13806592.9148261,-50073917.7572737,-27611255855.5939,100148380156.537,0.0167528236066694,0.0500537579759855,0.334696619876314,0.122000033563264,0.505801116546935
0.312,17.8996900957182,20.0091980400623,-140.93297269419,-7.47275463144016,-5030.48995011267,192.188637659401,18875.682593302,82628.2923790556,6999999.23210693,-6999999.62432535,-13804662.9158003,50074462.4153172,27607258865.1141,-100149466395.945,0.00919804006231928,0.05,0.183960801246386,0.0658728265696053,0.553885077030537
0.313,17.7562453154858,20.0018348618426,-145.952858483874,-7.24041724338899,-5008.11541837293,271.321103058719,25873.3807039006,75636.6384076197,6999998.19862364,-6999999.89510646,13802595.9474549,-50075004.0947616,-27603160761.5945,100150588499.231,0.00183486184258896,0.05,0.0366972368517793,0.00764428166478332,0.599740684037773
0.314,17.6077930031659,19.9947424214116,-150.946870202657,-6.93244572200856,-4978.74088826277,343.453568601787,32875.6796738399,68628.2927746025,6999999.21419018,-6999999.60495148,-13800564.789522,50075584.4216497,27598880116.9051,-100151740834.072,0.00525757858844855,0.05,0.105151571768971,-0.0524419939183894,0.643223977272458
0.315,17.4543625332887,19.9879928512335,-155.908006931727,-6.55584340540996,-4942.36635911577,408.58603448446,39873.378419121,61636.6390044899,6999998.08945906,-6999999.89094635,13798315.3251359,-50076156.5249421,-27594432306.033,100152964808.345,0.0120071487665321,0.05,0.240142975330642,-0.114132922910167,0.684197949366984
0.316,17.2959902803835,19.9816512837729,-160.829269592393,-6.1176069549566,-4898.99183169301,466.718500520328,46875.6765943216,54628.2931955282,6999999.18863107,-6999999.56506695,-13796116.9567471,50076808.3026447,27589712267.9145,-100154254822.708,0.0183487162271163,0.05,0.366974324542326,-0.177166979301322,0.722533068457615
0.317,17.1327196189778,19.9757758514946,-165.703657266204,-5.62473970881603,-4848.61730527732,517.850966931088,53873.3760099789,47636.6396582726,6999997.92780823,-6999999.88417516,13793595.3084174,-50077446.6301002,-27584737201.807,100155667243.807,0.0242241485054464,0.05,0.484482970108928,-0.241275240378045,0.758107769979931
0.318,16.964600923598,19.9704176868636,-170.524170874254,-5.08423832824294,-4791.24278072562,561.983433510753,60875.6732793642,40628.2936614715,6999999.15451563,-6999999.4971832,-13791141.8698187,50078220.6358107,27579359225.9333,-100157196190.708,0.0295823131364443,0.05,0.591646262728887,-0.306182465271295,0.79080891582878
0.319,16.7916915687687,19.9656209223452,-175.283809498514,-4.50310615145698,-4726.86825724258,599.115900524312,67873.3734229352,33636.6404080772,6999997.69225874,-6999999.87464229,13788217.3527537,-50078975.6630353,-27573598340.0642,100158932611.552,0.0343790776548083,0.05,0.687581553096166,-0.371608195702025,0.820532219149268
0.32,16.6140559290134,19.9614226904051,-179.975574059868,-3.88833983957432,-4655.49373582638,629.248367730903,74875.669624262,26628.2942005627,6999999.11044136,-6999999.38399941,-13785380.9644229,50079956.974143,27567226748.6322,-100160870035.67,0.0385773095948636,0.05,0.771546191897272,-0.437267874528673,0.847182633176285
0.321,16.4317653788537,19.9578531235093,-184.592463640799,-3.24694273086173,-4577.11921556438,652.38083546866,81873.3705821236,19636.6413162598,6999997.34285122,-6999999.86204069,13781845.7801365,-50080913.1645447,-27560268572.7406,100163183700.853,0.0421468764906834,0.05,0.842937529813668,-0.502873977642653,0.870674702674578
0.322,16.2448982928098,19.9549353541241,-189.127479161983,-2.5859114862475,-4491.74469766881,668.513303437183,88875.6654698752,12628.2948611595,6999999.05434488,-6999999.18335471,-13778422.7704978,50082270.5659772,27552333718.5322,-100165866229.475,0.0450646458758683,0.05,0.901292917517367,-0.568137154717524,0.890932876693622
0.323,16.0535400453997,19.9526855147163,-193.573619706552,-1.91224944403376,-4399.37018104872,677.645772107562,95873.3673685556,5636.64250164814,6999996.79843362,-6999999.84590306,13773910.9431554,-50083595.7622575,-27543452328.2507,100169348814.565,0.0473144852837102,0.05,0.946289705674204,-0.63276737429269,0.907891781495989
0.324,15.85778301114,19.9511127377531,-197.923886194982,-1.23295326486929,-4299.9956672594,679.778241074657,102875.660547168,-1371.70425104134,6999998.98321256,-6999998.76725796,-13769541.3638615,50085753.086402,27532853405.4359,-100173622833.147,0.0488872622468932,0.05,0.977745244937864,-0.696475068667779,0.921496452689158
0.325,15.6577265645447,19.9502191557023,-202.171277711282,-0.555026287048004,-4193.62115492776,674.910711094497,109873.36356869,-8363.3557459083,6999995.86855139,-6999999.82558776,13763312.0358011,-50087869.8409368,-27520575997.5168,100180399220.834,0.0497808442976897,0.05,0.995616885953794,-0.758972274095102,0.931702525742373
0.326,15.453477080126,19.9499999010325,-206.308795175773,0.114534829273372,-4080.24664621534,663.043181569713,116875.654330677,-15371.7027735315,6999998.89258835,-6999997.49581824,-13757263.9414386,50092529.4186564,27504705020.4155,-100189667714.798,0.0500000989674589,0.05,1.00000197934918,-0.819973761788084,0.938476384247975
0.327,15.2451479323928,19.9504431051077,-210.329437673749,0.768726746756291,-3959.87213927096,644.175654161979,123873.35870888,-22363.3522828809,6999993.9811571,-6999999.80025639,13747441.0722284,-50097138.3855933,-27485293044.1993,102538373257.237,0.04955689489233,0.05,0.991137897846599,-0.879198155310681,0.94179526544294
0.328,15.0328594958517,19.9515299015082,-214.226206125569,1.40055282590265,-3832.49763753595,618.308224816032,130875.645528467,-29371.310923715,6999998.77570715,-6998827.75201428,-13737851.9527284,52441234.9151795,27454716752.7498,-107226776040.047,0.0484700984917765,0.05,0.969401969835531,-0.936369029977526,0.941647322689428
0.329,14.816739145005,19.9532344228921,-217.99209961877,2.00301021549241,-3698.12313829866,585.441772367559,137873.351164389,-36361.7891878475,6999988.28213079,-6999999.90511882,13716864.7922233,-54785541.2095134,-27413050071.3467,199999273897.085,0.0467655771078732,0.05,0.935311542157464,-0.991215989977141,0.938031644837379
0.33,14.5969212543512,19.955523802844,-221.620119074886,2.5691038099566,-3556.74864904257,545.579185534578,144875.629037296,-43355.8486514582,6999998.62188727,-6954785.80938033,-13696185.2609866,145213733.144781,20892588271.8942,199999770236.372,0.0444761971560119,0.05,0.889523943120238,-1.04347571902762,0.930958232661076
0.331,14.3735471983712,19.9583581829709,-225.103263640688,3.09185365622492,-3408.37443284997,498.778479519286,151872.26166465,-50204.6942993997,6996748.73076223,-6709572.19111767,7196403.00198941,345213504.176843,-7892446049.16315,199999834938.981,0.0416418170290953,0.05,0.832836340581906,-1.09289300049554,0.92044793484743
0.332,14.1467653510377,19.9616907830007,-228.43453558492,3.56442757529374,-3253.00292625352,445.284867963661,158871.293189283,-56708.3264327518,6999998.91073958,-6264358.76947144,-696043.030197164,545213340.075473,-199992279869.217,199999850023.872,0.0383092169992985,0.05,0.766184339985969,-1.13922170321774,0.906532366231427
0.333,13.9167310838213,19.9654681464223,-231.606937894717,3.98033860168287,-3090.64008260944,385.543564292974,165837.6120319,-62666.7452239655,6899306.72777483,-5619145.50438387,-200688322.948883,745213191.076938,-199997692090.3,199999842983.846,0.0345318535776755,0.05,0.69063707155351,-1.18222572962869,0.889253852996884
0.334,13.683606750908,19.9696305856993,-234.613519316474,4.33364498325598,-2921.394598486,320.199781772929,172603.241649546,-67879.9508257367,6598619.55878081,-4773932.39181493,-400686015.120723,945213034.938618,-199998095756.532,199999813355.308,0.0303694143007434,0.05,0.607388286014867,-1.22167992700541,0.868665414458619
0.335,13.4475615727246,19.9741128274828,-237.447530887005,4.61915018106582,-2745.56716129455,250.098733514822,178968.185184829,-72147.9433979207,6097934.49577862,-3728719.4501984,-600684110.960685,1145212848.9822,-199997785455.478,199999739040.568,0.0258871725172192,0.05,0.517743450344383,-1.25737099337682,0.844830781574137
0.336,13.2087713349848,19.9788448578251,-240.102624329275,4.83260286919241,-2563.65845610201,176.28563245619,184732.4446609,-75270.7231338234,5397251.49208976,-2483506.73169558,-800681896.475655,1345212588.45908,-199996158319.061,199999496080.627,0.0211551421749121,0.05,0.423102843498242,-1.28909840716577,0.817824452019646
0.337,12.9674178880033,19.9837529673922,-242.573052050281,4.97089693454494,-2376.36916583139,100.005691302544,189696.022511708,-77048.2903219521,4496571.51645452,-1038294.39519561,-1000678054.8169,1545212084.68849,-186584116749.438,62514882297.4225,0.0162470326077653,0.05,0.324940652155306,-1.31667538284805,0.787731781521567
0.338,12.7236884460327,19.9887609964859,-244.853867026764,5.03227033085872,-2184.59941155546,22.6983938549152,193661.157647949,-77303.5595277377,3402601.40326321,538175.1306426,-1187262171.54418,1607726966.83769,199996429098.388,-199999490263.992,0.0112390035141452,0.05,0.224780070282904,-1.33992984889432,0.754649110917126
0.339,12.4777746882185,19.9937917686248,-246.941116562525,5.01647195658889,-1989.42649702968,-54.0764569850637,196503.460703644,-75994.8541620134,2315337.44626817,2045902.35234804,-987265742.379824,1407727476.14438,199998114171.59,-199999733091.052,0.00620823137522208,0.05,0.124164627504442,-1.35870544345337,0.718683923916825
0.34,12.229871697407,19.9987686342369,-248.831944909632,4.92479603809704,-1791.92157861805,-128.822072104438,198358.498297715,-73278.4213603778,1428070.76097411,3353629.96194715,-787267628.107414,1207727742.38319,199998570837.05,-199999807185.349,0.00123136576312532,0.05,0.0246273152625065,-1.37286250951893,0.679955003939411
0.341,11.9801769045777,20.0036169566837,-250.524480363989,4.75994234154431,-1592.97192291669,-200.230723906582,199426.268339751,-69354.2608283504,740802.418284425,4461357.800738,-587269057.151675,1007727934.35069,199998642684.863,-199999836533.081,0.00361695668371098,0.05,0.0723391336742196,-1.3822790195192,0.638592523270058
0.342,11.728889202114,20.0082654196235,-252.017638489011,4.52581836081526,-1393.26479824629,-267.194684556772,199906.76933654,-64422.3723664185,253532.682475209,5369085.8168222,-387270414.355476,807728096.879608,199998303233.997,-199999843369.993,0.00826541962350547,0.05,0.165308392470109,-1.38685136154309,0.594738016679646
0.343,11.4762082565349,20.012647134739,-253.31092211715,4.22733931772194,-1193.28747435386,-328.806226040178,199999.999862337,-58682.7558082575,-33738.5802599009,6076813.99201652,-187272111.051051,607728252.588092,199996472914.786,-199999828894.511,0.0126471347389945,0.05,0.25294269477989,-1.38649497238658,0.548544231635985
0.344,11.2223340212251,20.0167005494654,-254.404221351367,3.87022816217233,-993.327222592558,-384.357620181015,199905.957972061,-52335.4109946175,-121012.454856069,6584542.33015814,12724361.888651,407728422.915766,199987319252.058,-199999771231.807,0.016700549465412,0.05,0.33401098930824,-1.3811448150966,0.500174855863502
0.345,10.9674664491635,20.0203701547187,-255.297613567241,3.46081557233151,-793.471317294625,-433.341138637848,199824.638918039,-45580.3377480439,-8294.43334047191,6892270.86745755,212711681.144418,207728651.195596,-175928356781.337,-199999462776.792,0.0203701547186981,0.05,0.407403094373961,-1.37075569952079,0.449804123633113
0.346,10.7118054051265,20.0236069926238,-255.99116655077,3.00583995480431,-593.622703973154,-475.449052857791,199893.378932482,-38617.5357986064,116453.069413277,6999999.78726318,36783324.361362,7729188.38266159,-199851343351.236,-15458564286.3922,0.0236069926238116,0.05,0.472139852476232,-1.35530244520027,0.397616302638529
0.347,10.4555507475678,20.0263689644996,-256.484823289364,2.51224898276057,-393.673295069698,-510.565944703838,199994.915106849,-31616.2478443428,53310.7220990178,6999999.69346641,-163068018.989787,-7729375.83668665,199805939699.261,1966314327.07108,0.0263689644996354,0.05,0.527379289992709,-1.33477989811161,0.343805063882397
0.348,10.1989024211564,20.0286209537342,-256.778495371292,1.98704126331162,-193.670577335918,-538.683399028623,199999.992809393,-24619.7851195215,-9854.32704113629,6993253.47480631,36737920.7100804,-5763061.54361166,-51311584311.5814,25018600146.1379,0.0286209537341939,0.05,0.572419074683879,-1.30920286424774,0.288572743121312
0.349,9.94206042355265,20.0303348423666,-256.872166491478,1.43721346994147,6.32847333563777,-559.806475502137,199999.955511987,-17625.2434085817,1227.80151315338,6999999.71333591,-14573663.6016098,19255538.6714116,36571792937.494,-38526755562.0734,0.0303348423665639,0.05,0.606696847331278,-1.27860601426014,0.232129528124381
0.35,9.68522475450402,20.0314895078256,-256.765838138178,0.869761507602239,206.328137650726,-573.93011509682,199999.991780516,-10622.0370516148,4940.0343802926,6999991.87422589,21998129.3357051,-19271216.923138,-186764139114.201,38558135376.757,0.0314895078256114,0.05,0.629790156512229,-1.24304371699762,0.174692609204978
0.351,9.42859541379623,20.0320708264893,-256.45950982097,0.29168654401171,406.326483985734,-581.05376150424,199984.803523046,-3625.25442972472,-66443.9058411067,6999999.72499075,-164766009.777132,19286918.5236856,199931492853.237,-38583777687.1253,0.0320708264892602,0.05,0.641416529785204,-1.20258977656864,0.116485306972196
0.352,9.17237239405382,20.0320716747111,-255.953207208191,-0.290012710248324,606.258935054585,-581.17740924928,199869.298527784,3377.95812514612,-131244.169191619,6999994.75467096,35165483.0796095,-19296859.1950896,199844348548.924,38603667571.4589,0.0320716747110517,0.05,0.641433494221033,-1.15733709549129,0.0577361771091829
0.353,8.91675562286487,20.0314919288423,-255.24703236707,-0.868334971854252,806.076799280881,-574.301061404851,199788.94449154,10374.7383950462,3843.48816246892,6999999.72926133,235009831.626144,19306808.4466377,-199987242350.27,-38623287012.2476,0.0314919288422679,0.05,0.629838576845358,-1.10739728338679,-0.00132190363060717
0.354,8.66194492879549,20.0303384652305,-254.34105232915,-1.43628153034471,1005.89850104131,-560.424714642368,199876.961688432,17377.9543142619,138859.69861352,6999994.89420206,35022589.2509754,-19316478.5971936,-199996593381.991,38642620893.2755,0.0303384652304928,0.05,0.606769304609855,-1.05290018348833,-0.0604526661750892
0.355,8.40814014424355,20.0286251602215,-253.235192410987,-1.98685110096117,1205.84239650703,-539.548372173464,199999.999916076,24374.7314062106,73883.9911716772,6999999.72605173,-164974004.203585,19326142.3657487,-199998367849.915,-38666759919.7015,0.028625160221516,0.05,0.572503204430319,-0.993993274535341,-0.119417388922723
0.356,8.15554120768991,20.0263728901575,-251.929346240672,-2.51304497451433,1405.84350950702,-511.672030977557,199958.063843872,31377.9497436816,-191089.196956836,6999992.48845756,-364972372.169018,-19340617.586297,-199998698508.737,38696080470.9102,0.0263728901575178,0.05,0.527457803150355,-0.93084100491324,-0.177975844842067
0.357,7.9043480981665,20.0236095313785,-250.423572420797,-3.00786186595498,1605.63686676544,-476.795696064442,199551.155344441,38374.7212703064,-656060.918378331,6999999.91110654,-564971070.801562,19355462.9535948,-199998635310.242,-199999427702.634,0.0236095313785434,0.05,0.472190627570868,-0.86362412771621,-0.235887252125456
0.358,7.65476057028304,20.0203699599954,-248.718294526417,-3.46430441289585,1804.75749654971,-434.926082205721,198579.275784795,45351.0656751445,-1321031.30683505,6919355.66020946,-764969706.2176,-180643965.302597,-199998208827.936,-199999810588.082,0.0203699599954312,0.05,0.407399199908625,-0.792539051824326,-0.292911224734344
0.359,7.40697768925516,20.0166960385695,-246.81450110364,-3.87541094841802,2002.54042849175,-386.153779314298,196842.426590057,52146.7660511277,-2186000.11746667,6638711.78961321,-964967915.115314,-380643776.863052,-199996632116.694,-199999866647.876,0.0166960385695347,0.05,0.333920771390694,-0.717797211732025,-0.348808724161781
0.36,7.16119716593415,20.0126365160161,-244.71394566817,-4.23440243878636,2198.12069386436,-330.759431278889,194140.609743015,58561.822641374,-3250966.3486404,6158068.07942659,-1164964547.25597,-580643644.708639,134688587017.235,-199999882053.962,0.0126365160161299,0.05,0.252730320322598,-0.639624458564811,-0.403343037708234
0.361,6.9176144923031,20.008246746629,-242.419343914209,-4.53488049405842,2390.44727171949,-269.223681812459,190329.609218576,64396.2355849269,-4348586.6023878,5477424.49369264,-1030275960.21517,-780643528.021213,199996458086.576,-199999880005.903,0.00824674662898417,0.05,0.164934932579683,-0.558260474447802,-0.45628081643282
0.362,6.67642190402711,20.0035882094366,-239.934497863045,-4.77102736793958,2578.43920818215,-202.227174501087,185499.217379082,69450.0050014004,-5278864.33356188,4596781.02566757,-830279502.063823,-980643409.190859,199998002050.582,-199999861438.143,0.00358820943664284,0.05,0.0717641887328568,-0.473958201989564,-0.507393175941698
0.363,6.43780731561028,19.9987278275588,-237.264221784366,-4.93780595766195,2761.16894674674,-130.650552811697,179838.546294809,73523.131012335,-6009144.83460001,3516137.68575661,-630281499.922194,-1180643271.56745,199998347945.951,-199999811761.31,0.00127217244116196,0.05,0.0254434488232391,-0.386983233710861,-0.556456855647661
0.364,6.20195339593453,19.993737087563,-234.414159682765,-5.03115980386118,2937.90620699096,-55.5744600810954,173547.593768209,76415.6137604197,-6539427.16054921,2235494.50830774,-430283151.87921,-1380643083.94499,199998176305.506,-199999646641.814,0.00626291243698063,0.05,0.125258248739613,-0.297613097804664,-0.603255431784827
0.365,5.96903683806997,19.988690958821,-231.390585844246,-5.04821309043071,3108.12070659608,21.7204605224904,166826.358061067,77927.4534523499,-6869711.22427563,754851.601041318,-230284975.501291,-1580642730.80308,199996459278.254,8345733168.182,0.011309041178972,0.05,0.22618082357944,-0.206136422068595,-0.647580579262285
0.366,5.73922782899259,19.9836666131553,-228.200204838013,-4.98746890809691,3271.48216141964,99.7622471564474,159874.83709221,77893.3746435236,-6999997.97013769,-821618.26318268,-30288516.2121134,-1572296997.41522,60575737020.407,199999662880.252,0.0163333868446998,0.05,0.326667736893995,-0.112851977390693,-0.689233377146227
0.367,5.51268971910641,19.9787419615349,-224.849952680489,-4.8489607792772,3427.85447544743,176.991096594736,152869.790820085,76318.9411587408,-6999998.61783953,-2293915.42915773,30287220.7893819,-1372297333.87939,3311237392.7098,199999828726.609,0.0212580384650884,0.05,0.425160769301769,-0.0180676049016499,-0.728025645904898
0.368,5.2895788804523,19.9739941103834,-221.346828685335,-4.63424806792312,3577.22945281414,251.942697258973,145885.48768548,73372.2103673473,-6968055.77835379,-3566212.84867425,33598458.1918346,-1172297504.09835,-131082919502.877,199999879767.267,0.0260058896165702,0.05,0.520117792331405,0.0779009643007741,-0.763781270630777
0.369,5.07004469040339,19.9694979052761,-217.697817522494,-4.34626083816497,3719.63105058187,323.344751738949,138912.383982907,69253.1820797861,-6999998.77991332,-4638510.41288928,-97484461.3311018,-972297622.963235,194990726889.179,199999900648.648,0.030502094723893,0.05,0.61004189447786,0.174731367017569,-0.796337438930261
0.37,4.85422954816181,19.9653246589087,-213.909899382017,-3.98910145162398,3855.03531239442,390.124962473693,131896.141426737,64161.8561718193,-6999987.87779983,-5510808.08553021,97506265.568349,-772297720.764761,-195034587344.835,199999906668.85,0.0346753410913294,0.05,0.693506821826588,0.272095901719612,-0.825545750637983
0.371,4.64226885790152,19.9615410787998,-209.990080224722,-3.56784456753959,3983.43958450105,451.411031791741,124912.400917086,58298.2325434437,-6999998.90590381,-6183105.85296041,-97528321.8009323,-572297812.551405,195067033635.582,199999898749.595,0.0384589212002489,0.05,0.769178424004977,0.369662826965235,-0.851273189211715
0.372,4.43429102389389,19.9582083949932,-205.945353542945,-3.08833714287052,4104.84385905306,506.530661929763,117896.14902247,51862.3111005501,-6999993.71088694,-6655403.71613911,97538711.8472359,-372297912.504977,-195088009439.467,199999860360.059,0.0417916050067717,0.05,0.835832100135434,0.467097677211101,-0.873402951221319
0.373,4.2304174504139,19.9553816877605,-201.782725835134,-2.55699843238825,4219.24813901954,555.011555015351,110912.409999176,45054.0917378527,-6999999.00375933,-6927701.69846247,-97549297.6210953,-172298051.393842,195105283364.88,199999546116.319,0.0446183122395425,0.05,0.89236624479085,0.564064587935815,-0.891835131018478
0.374,4.03076254174117,19.9531094153024,-197.509190594744,-1.9806199887967,4326.6524207013,596.581413055261,103896.153893738,38073.5742709405,-6999995.65969797,-6999999.97680869,97555985.7588452,27701494.5371294,-195118813430.397,-45263197260.7294,0.0468905846975893,0.05,0.937811693951787,0.660227622994095,-0.90648725825199
0.375,3.8354337021577,19.951433141111,-193.131754322586,-1.36616770677398,4427.05670615888,631.157718474909,96912.4164245798,31079.8811746809,-6999999.0806542,-6994930.08090193,-97562827.7047773,-17561702.6386152,195130573517.207,24983698665.3704,0.0485668588890178,0.05,0.971337177780356,0.755252098914876,-0.917294686613822
0.376,3.64453133594875,19.9503874416704,-188.657410512085,-0.72063642209316,4520.46099302505,658.738248847699,89896.1576922195,24080.3341916493,-6999996.62160037,-6999999.9342072,97567745.8300528,7421995.85037503,-195140531806.212,-14842416314.3351,0.0496125583296134,0.05,0.992251166592268,0.848805900944268,-0.924210840276643
0.377,3.45814884740143,19.9499998971301,-184.093165665429,-0.0510245170246659,4606.8652828539,679.319201850884,82912.4215214549,17081.5715186435,-6999999.14167329,-6999999.1465139,-97572786.0137035,-7420420.39241024,195149487394.547,14839228858.9154,0.0500001028698662,0.05,1.00000205739732,0.940560785654087,-0.927207355792505
0.378,3.27637264080544,19.9502910764506,-179.446013275827,0.635668595619881,4686.26957391341,692.900155584626,75896.1609012241,10080.3353659847,-6999997.18398973,-6999999.95247609,97576701.401161,7418808.27590587,-195157415314.384,-14836975547.0035,0.0497089235494137,0.05,0.994178470988274,1.03019366502761,-0.926274149308119
0.379,3.09928212045205,19.9512745725703,-174.722959846415,1.33244242165206,4758.67386745775,699.481109466782,68912.425831929,3081.57198753907,-6999999.19024561,-6999999.63197689,-97580713.9550254,-7418167.21446542,195164721850.784,14835663481.4588,0.0487254274297371,0.05,0.974508548594741,1.1173878669957,-0.921419410732493
0.38,2.92694969063472,19.9529569664499,-169.930998870139,2.03229745586034,4824.07816211539,699.062063666504,61896.1637382231,-3919.66411840476,-6999997.54327525,-6999999.96744619,97584007.9188887,7417496.06096372,-195171386755.302,-14834634201.5614,0.0470430335500645,0.05,0.940860671001289,1.20183436752567,-0.912669525591884
0.381,2.75944075564828,19.9553378390506,-165.077136850853,2.72823320392467,4882.48245895116,691.643017942989,54912.4296343197,-10918.4277778928,-6999999.22873385,-6999999.78848569,-97587378.882394,-7417138.09973231,195177648774.792,14833894447.4777,0.0446621609493612,0.05,0.893243218987223,1.28323298946625,-0.90006892535595
0.382,2.59681371978951,19.9584097713335,-160.168367281234,3.41325016045862,4933.88675681817,677.22397239869,47896.1663241421,-17919.6638208214,-6999997.78322885,-6999999.97936068,97590269.9184706,7416756.12579321,-195183490941.003,-14833279593.9951,0.0415902286664718,0.05,0.831804573329435,1.36129356351837,-0.883679867009612
0.383,2.43911998735645,19.9621583442599,-155.211696665707,4.08034783111254,4978.29105665756,655.804926896286,40912.4330939141,-24918.4276366141,-6999999.2587807,-6999999.86303145,-97593221.0726058,-7416523.44323354,195189069764.26,14832795612.3406,0.0378416557400882,0.05,0.756833114801765,1.43573704683918,-0.863582142917702
0.384,2.28640396264889,19.9665621387912,-150.21411849668,4.7225267104046,5015.69535746963,627.385881502923,33896.1687360868,-31919.6636300865,-6999997.9449712,-6999999.9886674,97595848.7207996,7416271.93147498,-195194370535.241,-14832376619.4091,0.0334378612088493,0.05,0.668757224176986,1.50629659498801,-0.839872722300299
0.385,2.13870304996781,19.9715927358887,-145.182639279055,5.33278630397407,5046.09966011484,591.966836128908,26912.4363202468,-38918.4275469705,-6999999.28151783,-6999999.90504509,-97598521.8685116,-7416104.67825117,195199506212.47,14832027819.6718,0.0284072641112765,0.05,0.56814528222553,1.57271858309494,-0.812665325904264
0.386,1.9960476536158,19.9772147165141,-140.12425250497,5.90412710627778,5069.50396369147,549.547790822475,19896.171028688,-45919.6635012156,-6999998.05028013,-6999999.99581629,97600984.3762987,7415922.88908238,-195204463578.268,-14831715800.6529,0.0227852834858737,0.0500005850173257,0.455700337865615,1.63476357236562,-0.782089935714429
0.387,1.85846117789661,19.9833856616289,-135.04596467974,6.42954862295117,5085.90826901019,500.128745517513,12912.4393931872,-52918.4274898004,-6999999.29769276,-6999999.93082158,-97603479.2599271,-7415792.91583228,195209332376.208,14831445157.1283,0.0166143383710775,0.0507158029194353,0.327596871481464,1.69220721823882,-0.748292241800728
0.388,1.72596002711552,19.9900561521947,-129.954769295225,6.90205134841024,5095.31257523297,443.709700252992,5896.17324444702,-59919.6634112098,-6999998.11076461,-7000000.00115672,97605853.1519597,7415651.97596016,-195214100261.569,-14831195964.6403,0.00994384780532798,0.0525589236486159,0.189194281675322,1.74484111677464,-0.711433028638639
0.389,1.5985536055789,19.997169769173,-124.857672857108,7.31463478828148,5097.7168831452,380.290654975287,-1087.55762325902,-66918.4274540944,-6999999.30774323,-6999999.9471632,-97608247.1713711,-7415544.00481356,195218846300.197,14830972402.876,0.00283023082701206,0.0552347604995607,0.0512400307598794,1.79247358608139,-0.671687503474486
0.39,1.47624431759465,20.0046630935255,-119.761668856962,7.6602994369459,5093.12119194628,309.871609716967,-8103.82458035113,-73919.663346307,-6999998.13176454,-7000000.0049652,97610599.1679877,7415428.12213662,-195223558475.617,-14830760856.2097,0.00466309352547256,0.0584910422247436,0.0797232080008984,1.83493037987502,-0.629244569527624
0.391,1.35902756747171,20.0124657062137,-114.673763800803,7.93204480003742,5081.52550241808,232.452564435511,-15087.5546724261,-80918.4274325175,-6999999.31183414,-6999999.95727036,-97612959.3730451,-7415332.7579022,195228314745.321,14830565282.9801,0.0124657062137388,0.0621149529521666,0.200687686640258,1.87205533051799,-0.584306047033464
0.392,1.24689175952053,20.0205001881994,-109.600951179901,8.12287137190676,5062.92981377501,148.033519158896,-22103.8224116356,-87919.6632971674,-6999998.11383456,-7000000.00738606,97615355.415077,7415232.24179234,-195233102889.019,-14830375015.3642,0.0205001881993851,0.065929676777356,0.310940219965193,1.90371091919094,-0.537085845327846
0.393,1.13981829805262,20.028682120444,-104.550237500582,8.22577865818963,5037.33412681738,56.6144738502433,-29087.5516983898,-94918.4274194983,-6999999.30986377,-6999999.96265364,-97617747.5428954,-7415142.80628319,195238009413.205,14830193983.493,0.028682120443996,0.0697909804453524,0.410971736762669,1.9297787711217,-0.487809089359698
0.394,1.03778158738099,20.0369200839092,-99.5286162537876,8.23376715321436,5004.73844075305,-41.8045714639082,-36103.8202139323,-101919.663256436,-6999998.05270011,-7000000.0084667,97620261.9168975,7415050.8904392,-195243021312.506,-14830012453.2471,0.0369200839091732,0.0735838646140176,0.501741572053013,1.95016007411884,-0.436711204188555
0.395,0.940749031819749,20.0451156595565,-94.5430939461345,8.13983636262027,4965.14275642593,-147.223616817056,-43087.5486393689,-108918.427410113,-6999999.30143923,-6999999.96380202,-97622759.4679734,-7414961.59479502,195248246638.012,14829834569.5432,0.0451156595564584,0.0772193111689486,0.584253587263288,1.96477591894137,-0.384036961181675
0.396,0.848681035684528,20.0531634283474,-89.6006640681987,7.93698678071697,4918.54707301378,-259.642662182197,-50103.8179462456,-115919.663217553,-6999997.93758822,-7000000.00811056,97625487.2206081,7414872.68768611,-195253670893.66,-14829649713.8747,0.0531634283473963,0.0806311509713809,0.659341057481196,1.97356756037058,-0.330039489765654
0.397,0.761531003292081,20.0609509712435,-84.7083331268776,7.61821791314991,4864.95139143671,-379.061707591368,-57087.545418844,-122918.427399464,-6999999.2858142,-6999999.96027551,-97628183.7486567,-7414777.05693541,195259445739.85,14829462612.3051,0.0609509712434999,0.0837730732927761,0.727572343329033,1.97649659814253,-0.274979258714998
0.398,0.679245338960796,20.0683588692063,-79.8730946123256,7.176530254213,4804.35571081309,-505.480753014854,-64103.8155557105,-129919.66317299,-6999997.746693,-7000000.00602681,97631262.0458855,7414685.27835019,-195265554250.259,-14829258959.4823,0.0683588692062571,0.0866157950510478,0.789219439317843,1.97354507724067,-0.219123031068728
0.399,0.601763447010226,20.0752607031971,-75.1019550317112,6.60492330956159,4736.76003218689,-638.899798484877,-71087.541930554,-136918.42738129,-6999999.26177199,-6999999.95022743,-97634292.2831268,-7414573.69989376,195272236645.212,14828953683.4986,0.0752607031971095,0.0891444048415458,0.84425605096456,1.96471550734436,-0.162742796861251
0.4,0.529017731761699,20.0815230541775,-70.4019078746836,5.8963975734764,4662.16435457596,-779.31884396948,-78103.8129658211,-143919.663127757,-6999997.4357326,-7000000.04708423,97637944.4210771,7414379.71711765,-195279472216.864,199999933058.481,0.0815230541774916,0.0913558936770736,0.892367759716311,1.95003080157071,-0.106114687929154
0.401,0.4609335975378,20.0870055034072,-65.7799596486718,5.0439543418469,4580.56867922641,-926.728938351884,-85087.5380081692,-150882.622664367,-6999999.22741971,-6892585.7008425,-97641527.8775387,207414317.091798,195287699297.557,199999976989.781,0.0870055034071839,0.0932568813415915,0.932966041277862,1.92953413494274,-0.0495178789993259
0.402,0.397429448663115,20.0915606500071,-61.2431038426851,4.04064577865395,4491.97300499078,-1081.01495182842,-92103.8100497629,-157638.167878598,-6999996.90564857,-6585171.39525861,97646171.4835263,407414301.421536,-195296891319.51,199999983952.305,0.0915606500070574,0.0948615443457472,0.965203029726578,1.90328872335429,0.00676652726797247
0.403,0.338416689463641,20.0950342335884,-56.7983469643893,2.8797330052928,4396.37733346507,-1241.86947009349,-99087.5333516689,-163986.298793772,-6999999.17982455,-6077757.10186214,-97650719.9206039,607414294.30618,195308022785.269,199999985796.122,0.095034233588386,0.0961897486727993,0.987987128562485,1.87137752409123,0.0624566614584931
0.404,0.283799724267755,20.0972654419243,-52.4526825019161,1.55488455745608,4293.78166322186,-1408.78507885566,-106103.806554429,-169727.015418624,-6999995.88835264,-5370342.81465756,97657302.9328948,807414289.346647,-195321058009.24,199999985329.859,0.0972654419243391,0.0972653878420533,1.00000055602807,1.83390285929777,0.117271121629595
0.405,0.233475958197441,20.0980874592695,-48.2131169635793,0.0603763595584173,4184.18599654578,-1581.05436382509,-113087.527301084,-174660.317758625,-6999999.11442413,-4462928.53264441,-97663755.1637286,1007414283.12605,195339010739.232,199999982575.382,0.0980874592694967,0.0981149243021466,0.999720072834533,1.79098596405382,0.170930281325649
0.406,0.18733579479344,20.0973280510327,-44.0866438361387,-1.60870822413254,4067.59033150208,-1757.76991071236,-120103.801791393,-178586.205819973,-6999993.36421838,-3355514.25822812,97675255.6486836,1207414272.44767,-195361834505.218,199999975404.054,0.0973280510326866,0.0987661299185863,0.985439554156013,1.74276646104561,0.223157666143695
0.407,0.1452626383907,20.094810593933,-40.0802696271758,-3.45627841506346,3943.99467214216,-1937.82430523603,-127087.517833623,-181304.679613195,-6999999.02582203,-2048099.99807516,-97686578.9464718,1407414252.20613,195412058196.668,199999951713.797,0.0948105939329977,0.099247018982547,0.955299160669708,1.68940176407271,0.273681393251414
0.408,0.10713289332906,20.0903551425084,-36.2009878205973,-5.48503602040626,3813.3990158482,-2119.91013312991,-134103.79147263,-182615.739160077,-6999979.57567032,-540685.770008475,97725479.3285953,1607414205.43274,-195490721968.556,-61887364702.9628,0.0903551425084075,0.0995849655332427,0.907317103787577,1.63106641293346,0.322235668025422
0.409,0.0728159639532354,20.0837797361665,-32.4558049196769,-7.69627761547521,3675.80337670025,-2302.5308921312,-141087.490095699,-182363.032388081,-6999999.45732575,1035784.75307651,-97765242.7327093,1545526839.20634,199997411953.476,-199999952744.616,0.0837797361664663,0.0998059948550943,0.839425891081031,1.56795134247012,0.368562331623824
0.41,0.0421742546283581,20.0749018849465,-28.8517143606742,-10.0897546193513,3531.20792587323,-2484.12677837224,-148103.03927246,-180587.81754051,-6997765.99408189,2481311.61591413,102232169.296588,1345526881.97503,199999159403.259,-199999976481.845,0.0749018849464669,0.0999342376340795,0.749511746121771,1.50026308883766,0.412412445012466
0.411,0.0150631706385822,20.0635401132122,-25.3957183220354,-12.6637073329333,3379.63137557563,-2663.2580196751,-155016.355988712,-177467.075812386,-6795534.24508377,3726838.5096512,302231328.885522,1145526898.39331,199999391759.279,-199999983740.658,0.0635401132122411,0.0999915340061368,0.635454929697762,1.42822293661412,0.453547855493139
0.412,-0.00866884771417331,20.0495153934977,-22.0947134538928,-15.4150316811717,3221.27595763915,-2838.67908913999,-161627.441337437,-173200.807183238,-6393303.22031864,4772365.416176,502230720.887917,945526905.574934,199999444896.794,-199999986641.75,0.0502685101621464,0.1,0.502685101621464,1.35206602301881,0.491742673476841
0.413,-0.0291801223290249,20.0326523918419,-18.9552941749808,-18.3394780621096,3056.54390310065,-3009.34445985338,-167736.295956531,-167989.011644168,-5791072.77698232,5617892.32843231,702230166.041307,745526908.82585,199999416973.709,-199999987354.172,0.0437910747999202,0.1,0.437910747999202,1.27204045627097,0.526784622908903
0.414,-0.0466353350750732,20.012780513316,-15.9835526732986,-21.4318513468731,2886.03744240469,-3174.40860489556,-173142.920414358,-162031.689191073,-4988842.90245411,6263419.24354437,902229583.249728,545526911.438471,199999305137.874,-199999985957.087,0.0483548963206891,0.1,0.483548963206891,1.18840646364999,0.558476255889251
0.415,-0.0612049255609571,19.9897347475502,-13.1848789066864,-24.6862108796669,2710.55880542015,-3333.22599734362,-177647.315307682,-155528.839821019,-3986613.66663537,6708946.16200119,1102228888.57349,345526917.16782,199999026053.567,-199999979951.379,0.0612049255609571,0.0999960619435199,0.612073359404164,1.10143557275745,0.586636026965591
0.416,-0.0730642889049914,19.9633563142605,-10.5637606034297,-28.096070477771,2531.11022136673,-3485.35111027072,-181049.481359033,-148680.463528368,-2784385.265035,6954473.0891879,1302227914.7455,145526932.345408,199998114143.021,-199999937370.098,0.0730642889049914,0.0999502615568866,0.731006480292269,1.01140982912448,0.611099223217345
0.417,-0.0823927735059628,19.933493108776,-8.12358326299902,-31.6545984315342,2348.8939185966,-3630.53841673934,-183149.419647674,-141686.56029358,-1382158.29321789,7000000.05284021,1502226028.92898,-54473004.3956725,148480978238.691,108945684390.211,0.0823927735059628,0.0998378083914722,0.825266247661347,0.918621053157201,0.631718746826301
0.418,-0.0893724788863881,19.8999999479944,-5.8664305864745,-35.3548149298059,2165.3099774964,-3768.72951704114,-183755.718096716,-134695.639126301,194308.224830537,6999999.89063916,1650707007.12741,54472679.7736909,-199998066234.088,-108945066302.804,0.0893724788863881,0.0996374996294601,0.896976331388821,0.823370139222032,0.648365747589016
0.419,-0.0941868581711278,19.8627386081071,-3.79289897357195,-39.189724342366,1981.91819807682,-3899.92061738189,-182769.389379344,-127686.560404021,1745016.198841,7000000.03725868,1450708940.77707,-54472385.8593913,-199998976130.05,108944604532.687,0.0941868581711278,0.0993258003772487,0.948261758912561,0.725966397727877,0.6609301127816
0.42,-0.0970191743983746,19.8215779308316,-1.90201585809398,-43.1523230377024,1800.25476831396,-4024.11171766029,-180332.351872794,-120695.639122582,3095725.65155332,6999999.95366431,1250709964.46667,54472218.4899401,-199999251325.757,-108944264284.999,0.0970191743983746,0.0988772082677846,0.981208673849509,0.626726923291048,0.669320857205655
0.421,-0.0980509784392045,19.7763937250694,-0.191360869108824,-47.235614647263,1621.6703976113,-4141.30281792717,-176644.604447543,-113686.560433854,4246435.99035715,7000000.04000873,1050710712.91461,-54472045.0911865,-199999356664.323,108943970036.134,0.0980509784392045,0.0982647620362463,0.997824412407747,0.525975925269679,0.673466433850474
0.422,-0.0974607587722055,19.727068799722,1.34273707420731,-51.4325955395306,1447.315796292,-4251.49391812302,-171906.146326809,-106695.639084624,5197147.02493961,6999999.98051672,850711356.002443,54471925.0758273,-199999373795.884,-108943727190.654,0.0974607587722055,0.0974607089737166,1.00000051095964,0.424043964191996,0.673314967111156
0.423,-0.0954227917829956,19.6734929636732,2.70499976399552,-55.7362693459079,1278.14167538554,-4354.68501828556,-166316.976852785,-99686.5604258193,5947858.69404408,7000000.04199398,650711981.966858,-54471801.3816227,-199999301626.284,108943508730.115,0.0954227917829956,0.0964373418828205,0.989479696557194,0.321267086426809,0.668834407881865
0.424,-0.0921061880232143,19.6155630258426,3.9009997031177,-60.1396324348826,1114.89874656328,-4450.87611837325,-160077.095384657,-92695.6390293303,6498571.02519772,6999999.99497689,450712680.143685,54471707.2238055,-199999031774.226,-108943317499.491,0.0921061880232143,0.0951680158267474,0.967827134180173,0.21798586057169,0.660012610114787
0.425,-0.0876741445287908,19.5531827951317,4.9369601064367,-64.6356884378448,958.137722170532,-4540.06721841651,-153386.501191308,-85686.5603964623,6849284.18945473,7000000.04344356,250713648.253336,-54471609.5229948,-199997355270.461,108943139476.593,0.0876741445287908,0.0936283531470712,0.936405923866593,0.114544319603664,0.646857328734367
0.426,-0.0822833930978203,19.4862630804423,5.81955490157311,-69.2174337232896,808.209315452602,-4622.2583183827,-146445.193070227,-78695.6389638819,6999999.1600726,7000000.00365749,50716292.9893967,54471529.8505524,-101439261370.229,-108942978027.502,0.0822833930978203,0.0917976433594269,0.896356268925616,0.011288813198587,0.629396139118243
0.427,-0.0760838494403535,19.4147216906763,6.55570955150664,-73.8778719225905,665.268348037149,-4697.44941829821,-139436.742307175,-71686.5603542099,6999995.82237685,7000000.04449073,-50722968.3796383,-54471447.4004362,101448971429.294,108942824042.677,0.0760838494403535,0.0896604424510947,0.848577671048785,-0.091433224977501,0.60767627865333
0.428,-0.0692184541052108,19.3384834347356,7.15242492314778,-78.6099994042504,529.327376850013,-4765.64051813584,-132445.199807038,-64695.6388918912,6999997.33971183,7000000.00911014,50726003.0565121,54471376.5559316,-101454499063.473,-108942680878.117,0.0692184541052108,0.0872083738319882,0.793713390855836,-0.193274586743893,0.581764411192991
0.429,-0.0618231480632762,19.2574801215222,7.61669763148139,-83.4068197996303,400.386402773542,-4826.83161791935,-125436.748548914,-57686.5603037181,6999996.09323658,7000000.04522333,-50728496.0056231,-54471303.531341,101459629954.789,108942541638.5,0.0618231480632762,0.0844421307386033,0.732136286975683,-0.293889647772443,0.551746315531414
0.43,-0.0540268722885175,19.171650559938,7.95553105503861,-88.2613294772411,278.445425005302,-4881.0227176249,-118445.206765304,-50695.638815657,6999997.41220831,7000000.0125098,50731133.9561878,54471238.0328898,-101464783552.649,-108942409682.197,0.0540268722885175,0.0813736772794135,0.663935489888271,-0.392935725754196,0.517726499319636
0.431,-0.0459515677584092,19.0809405588851,8.17592180858552,-93.1665320684337,163.504444435655,-4928.21381727472,-111436.754583325,-43686.5602480277,6999996.15438815,7000000.04569784,-50733649.5950519,-54471170.8486618,101469796721.437,108942279208.914,0.0459515677584092,0.0780286425597061,0.588906409889777,-0.490074423728537,0.479827740126345
0.432,-0.0377121754534138,18.9853029272658,8.28487327106489,-98.1154239417275,55.5634602303179,-4968.40491684708,-104445.213620897,-36695.6387367978,6999997.40315378,7000000.014452,50736147.1334754,54471108.2935185,-101474996166.915,-108942153582.07,0.0377121754534138,0.0744488994552887,0.506551147556753,-0.584972953146279,0.438190555641094
0.433,-0.0294166363574488,18.8846974739822,8.28938205692848,-103.101008728465,-45.3775267875409,-5001.59601636339,-97436.7606435205,-29686.5601893489,6999996.05220377,7000000.04595069,-50738849.0320973,-54471044.4825452,101480241035.38,108942027557.65,0.0294166363574488,0.0706953166408636,0.416104457200285,-0.677305431508748,0.392972605280215
0.434,-0.0211658914574319,18.7790910079366,8.19645154540525,-108.116282797173,-139.318517533822,-5027.78711580325,-90445.2206422778,-22695.6386565862,6999997.32368932,7000000.01524531,50741392.0102135,54470983.011599,-101485850200.797,-108941904497.689,0.0211658914574319,0.0668506694443057,0.316614502642574,-0.766754149525765,0.344348025732047
0.435,-0.0130538817438202,18.6684573380314,8.01307835050633,-113.154249779188,-226.259511189283,-5046.9782151877,-83436.7669308688,-15686.560129457,6999995.79059913,7000000.04600427,-50744458.1894482,-54470920.6789268,101491684938.651,108941779416.601,0.0130538817438202,0.0630226920179823,0.20712986585999,-0.853010802880596,0.292506703220544
0.436,-0.00516754821018256,18.5527772731691,7.74626585165332,-118.207906043047,-306.200508810326,-5059.16931449703,-76445.2280884948,-8695.63857610635,6999997.174879,7000000.01503199,50747226.7559199,54470858.6732836,-101498121813.112,-108941655663.577,0.00516754821018256,0.0593472502189709,0.0870730857978439,-0.935777683829397,0.237653485520213
0.437,0.00241316814615667,18.432038622252,7.40301066226855,-123.270255220077,-379.141509524053,-5064.36041375269,-69436.7736538278,-1686.56006992164,6999995.34072845,7000000.04587035,-50750895.0562925,-54470796.1837573,101505008998.951,108941528305.081,0.00241316814615667,0.055991611498769,0.0430987442861816,-1.01476882804542,0.180007336973949
0.438,0.00961532632454844,18.3062361941828,6.99031616188507,-128.334293678827,-445.082514609531,-5062.55151293491,-62445.2362590849,5304.36150363315,6999996.9501715,7000000.01383751,50754113.9490777,54470732.052126,-101512863280.061,-108941400667.936,0.00961532632454844,0.053157785047762,0.180882749646343,-1.08971111229366,0.119800439992986
0.439,0.0163729853202189,18.1753717978641,6.51517896314045,-133.393025050618,-504.023523071625,-5053.74261206602,-55436.7810624449,12313.4399877318,6999994.63248023,7000000.04555196,-50758749.3304493,-54470667.8181845,101521505221.443,108941267700.713,0.0163729853202189,0.0510859024488183,0.320499091439612,-1.1603452987391,0.0572772467091409
0.44,0.0226272041247349,18.0394542421986,5.98460244559527,-138.439445704008,-555.964536540768,-5037.93371112578,-48445.2455537213,19304.3615816144,6999996.63576006,7000000.01158257,50762755.8970523,54470599.8048006,-101531737325.85,-108941132679.321,0.0226272041247349,0.0500576061967525,0.452023295636595,-1.2264270218999,-0.00730651535175235
0.441,0.0283260417249669,17.8984993360889,5.40558322082068,-143.466559270313,-600.905553800169,-5015.12481013792,-41436.789496199,26313.4400418754,6999993.52299417,7000000.04504405,-50768981.4286654,-54470532.0872501,101543336504.227,108940990220.897,0.0283260417249669,0.05,0.566520834499339,-1.28772771450583,-0.0736848795464004
0.442,0.0334245571036254,17.752529888438,4.78512466829906,-148.467362118103,-638.84657705306,-4985.31590908189,-34445.2565744677,33304.3616567256,6999996.20981759,7000000.00806576,50774355.0812174,54470458.0438495,-101557708608.421,-108940843545.411,0.0334245571036254,0.05,0.668491142072508,-1.34403546875928,-0.141582714144908
0.443,0.0378848092378444,17.6015757081486,4.13022339809608,-153.434857878689,-669.787604694812,-4948.50700798163,-27436.7994718675,40313.4400906123,6999991.71059459,7000000.04433335,-50783353.5275047,-54470384.7280514,101574568686.798,108940686609.817,0.0378848092378444,0.05,0.757696184756888,-1.39515582977319,-0.210716829793587
0.444,0.0416758570998498,17.4456736041238,3.44788278944984,-158.362042920654,-693.728639923421,-4904.69810681601,-20445.2703432083,47304.3617276436,6999995.64141046,7000000.00290883,50791215.164527,54470301.7765757,-101596770689.955,-108940522569.339,0.0416758570998498,0.05,0.833517141996995,-1.44091251822155,-0.28079711595483
0.445,0.0447737596548854,17.2848673852663,2.74509945017295,-163.241920875303,-710.669680435707,-4853.88920561349,-13436.8118893024,54313.4401315328,6999988.47122999,7000000.0433973,-50805555.5261716,-54470220.0362264,101623950351.051,108940344145.077,0.0447737596548854,0.05,0.895475193097708,-1.48114807953924,-0.351527701777749
0.446,0.0471615758621094,17.1192078604793,2.02887675892227,-168.067488111234,-720.61073134438,-4796.08030434854,-6445.28887075392,61304.361792674,6999994.89087933,6999999.99543237,50818394.829691,54470123.985107,-101663366721.694,-108940154424.665,0.0471615758621094,0.05,0.943231517242188,-1.51572445728897,-0.422608136756766
0.447,0.0488293646712549,16.9487528386659,1.3062113198118,-172.831748259747,-723.551789005163,-4731.27140305479,563.171323564388,68313.440161308,6999981.60234817,7000000.04220185,-50844971.8931778,-54470029.7030846,101714572406.309,108939943749.566,0.0488293646712549,0.05,0.976587293425097,-1.54452348863389,-0.493734586480622
0.448,0.0497741850238786,16.7735671287291,0.584106509964896,-177.527697689459,-719.492862929379,-4659.46250170284,7554.68286871861,75304.3618494297,6999993.91665811,6999999.98437247,50869600.5175434,54469913.9012397,-101806772369.155,-108939715145.566,0.0497741850238786,0.05,0.995483700477573,-1.56744732014972,-0.564601038714986
0.449,0.0500000958470729,16.5937225395721,-0.130441073685839,-182.148340031664,-708.433946779411,-4580.65360033324,14563.1437895612,82313.4401749005,6999960.13099108,7000000.0406978,-50937171.853184,-54469800.5307492,101939479605.643,108939453996.993,0.0500000958470729,0.05,1.00000191694146,-1.58441874254736,-0.634900515044616
0.45,0.0495181564295293,16.4092978800981,-0.830428060455355,-186.686671655002,-690.375064969601,-4494.84469891079,21554.6252479062,89304.3618941881,6999992.6989407,6999999.96716464,51002307.756516,54469653.2967587,-116610219759.248,-108939163287.497,0.0495181564295293,0.05,0.990363128590586,-1.5953814431791,-0.704326283279568
0.451,0.0483464252603449,16.2203789592103,-1.50885799306186,-191.13569619076,-665.31680174206,-4402.03579748706,28560.6840641102,96313.4401638184,6992689.89681759,7000000.0388147,-65607912.0046495,-54469509.3027155,145824951822.344,108938816556.192,0.0483464252603449,0.05,0.966928505206898,-1.60030017556252,-0.772573065850478
0.452,0.0465099600550956,16.0270585858119,-2.15873052200058,-195.488410007609,-633.26463133756,-4302.2268960177,35544.8741635726,103304.361920275,6999994.46072409,6999999.93778937,80217039.821442,54469307.0571655,-199969260192.012,-108938416785.667,0.0465099600550956,0.05,0.930199201101912,-1.59916084586095,-0.839338239434223
0.453,0.0440408134770883,15.8294365688063,-2.77305437367127,-199.737816736833,-594.21472248553,-4195.41799457367,42551.6489341774,110313.440111491,6980226.87044955,7000000.03645097,-119752220.387959,-54469109.0685093,-199990730373.447,108937901532.877,0.0440408134770883,0.05,0.880816269541766,-1.59197051687999,-0.904323021109348
0.454,0.0409780333075415,15.6276197170966,-3.34483655596918,-203.876912747145,-548.201251763003,-4081.60909309519,49438.6679060502,117304.361912847,6760479.28487488,6999999.8781484,-319742950.791552,54468792.2388874,-199993157135.867,-108937273855.656,0.0409780333075415,0.05,0.81956066615083,-1.57875732705497,-0.967233636393908
0.455,0.0373676147048113,15.4217218395862,-3.86720671565828,-207.898701669831,-495.443967751229,-3960.800191694,56005.9435226792,124313.439977138,6340739.7555154,7000000.03345696,-519736107.963406,-54468480.9870421,-199993572320.587,108936290445.357,0.0373676147048113,0.05,0.747352294096225,-1.55957034546751,-1.02778246461309
0.456,0.0332622799745766,15.2118637451783,-4.33361424320192,-211.796179873677,-436.362610097998,-3832.99129028269,62053.4829621738,131304.36182065,5721006.86139169,6999999.69769233,-719729680.320289,54467809.2014836,-199993035823.892,-108934954572.533,0.0332622799745766,0.05,0.665245599491532,-1.53447941271893,-1.08568915713318
0.457,0.0287210588300486,14.9981732427761,-4.73802826528405,-215.562350990007,-371.576911692339,-3698.18238910145,67381.2928107623,138313.439599125,4901280.66315945,7000000.02960527,-919722716.176506,-54467144.7736961,-199991432139.709,75060171889.0859,0.0287210588300486,0.05,0.574421176600973,-1.50357497896903,-1.14068172412809
0.458,0.0238086686590848,14.7807851412356,-5.07513763813378,-219.190211670055,-301.906598643316,-3556.3748993241,71789.380210479,145298.716086733,3881562.23091308,6983062.97077609,-1119714148.34142,20593026.8252165,-199987602074.954,-7311946128.32072,0.0238086686590848,0.05,0.476173373181696,-1.46696793997608,-1.1924975856868
0.459,0.0185946947981711,14.559841246778,-5.34055094028585,-222.672772602031,-228.371389156744,-3407.58152371852,75077.7541002101,152290.856914767,2661854.28153417,7000000.02453512,-1319701750.43232,13281081.2600044,-199975220758.864,-26562203301.4454,0.0185946947981711,0.05,0.371893895963422,-1.42478947178932,-1.24088458419704
0.46,0.0131525708144528,14.3354903540511,-5.53099646341304,-226.003041728407,-152.190990506517,-3251.78955949737,77046.4283030687,159293.070447368,1242164.92072177,7000000.00414463,-1519676971.19664,-13281122.3667144,-113475228487.1,-199999890974.526,0.0131525708144528,0.05,0.263051416289057,-1.37719086474838,-1.28560195560703
0.461,0.00755835891925501,14.1078882547533,-5.64452147718443,-229.174020334052,-74.7814873711993,-3089.00703534652,77509.8422001107,166253.096576269,-334249.664718437,6886718.93629217,-1633152199.67827,-213281015.495979,199972877605.071,-199999944766.279,0.00755835891925501,0.05,0.1511671783851,-1.32434335739703,-1.32642124641962
0.462,0.00188933780327959,13.8771977217295,-5.68067013273802,-232.178763614168,2.29737016788172,-2919.35445890763,76392.3452484864,172999.841681565,-1867415.42559418,6573437.94841346,-1433179322.05704,-413280963.144619,199985162137.307,-199999950140.021,0.00188933780327959,0.05,0.0377867560655917,-1.2664379680908,-1.36312718953509
0.463,-0.00377754100442081,13.6435883814514,-5.64054587458443,-235.010541490301,77.5254771994743,-2743.1451111721,73841.6710222186,179333.305824036,-3200602.16658258,6060157.01019819,-1233194159.89373,-613280916.015938,199988797743.384,-199999939290.216,0.00377754100442081,0.05,0.0755508200884163,-1.20368530087534,-1.3955185699231
0.464,-0.00936716049572235,13.407236400495,-5.52668271159214,-237.663037164961,149.569647645942,-2560.89227307886,70057.8032419752,185053.489053434,-4333801.92760463,5346876.12453585,-1033205362.11587,-813280857.233454,199990071844.837,-199999890873.837,0.00936716049572235,0.05,0.187343209914447,-1.13631526033678,-1.42340910605089
0.465,-0.01480757093352,13.1683239722601,-5.34284784582818,-240.130547121571,217.296681950852,-2373.30922551193,65240.7303119514,189960.391434395,-5267012.25379809,4433595.32186381,-833215290.229843,-1013280748.80852,199990048769.075,-164147676363.929,0.01480757093352,0.05,0.2961514186704,-1.06457662226465,-1.44662834897418
0.466,-0.0200311230510693,12.9270386037392,-5.09384168439438,-242.40818082563,279.773369840184,-2181.30775543044,59590.4420878308,193859.988435745,-6000232.51964339,3338240.73487211,-633225241.414987,-1177428424.45894,199988602482.048,199999896360.277,0.0200311230510693,0.05,0.400622461021385,-0.988736452355263,-1.46502259557781
0.467,-0.0249754012622067,12.6835722056802,-4.78529784968957,-244.492049623307,336.266490986776,-1985.96655076432,53306.9283812244,196642.848274157,-6533463.45981736,2260812.25859141,-433236638.884955,-977428526.021657,199983880748.612,199999945803.723,0.0249754012622067,0.05,0.499508025244135,-0.909079375455481,-1.47845581101189
0.468,-0.0295839568817413,12.4381200300097,-4.42348318973117,-246.379357022662,386.242814193597,-1788.347867173,46590.1772487535,198448.279593505,-6866708.158328,1383383.70547002,-233252758.088745,-777428577.065424,199957102061.884,199999959194.77,0.0295839568817413,0.05,0.591679137634825,-0.825906698602026,-1.48681053936617
0.469,-0.0338068413569367,12.1908796222939,-4.01509779051235,-248.068280925706,429.369093449564,-1589.32913320777,39640.1688950607,199476.282336196,-6999982.3653858,705955.108001729,-33295655.9823771,-577428614.176182,66690114225.2243,199999961225.419,0.0338068413569367,0.05,0.676136827138733,-0.739535391680414,-1.48998873288298
0.47,-0.0376009396998866,11.9420499448164,-3.56707610763036,-249.557776663027,465.506500640714,-1389.58777746634,32634.6537207133,199926.856462955,-6999932.96425545,228526.474439124,33394458.197886,-377428649.492936,-66696727050.7486,199999951052.709,0.0376009396998866,0.05,0.752018793997733,-0.650296930153542,-1.48791243533475
0.471,-0.0409301148696716,11.6918306991489,-3.08641809974915,-250.84737699383,494.643974591961,-1189.60122858363,25640.301864363,200000.001936547,-6999886.86958305,-48902.1995253457,-33302268.8083702,-177428696.245301,66530190460.8802,199999897138.056,0.0409301148696716,0.05,0.818602297393431,-0.558536009007148,-1.48052430586115
0.472,-0.043765229388757,11.4404218487231,-2.58012145500468,-251.936992105975,516.781554734503,-989.646915237471,18634.8522254657,199895.718705827,-6999924.04316087,-126330.947200628,33227921.6075393,22571201.68138,-66325171151.1975,199999633280.461,0.043765229388757,0.05,0.87530458777514,-0.464609159437179,-1.46778798140227
0.473,-0.0460841456796183,11.1880233414018,-2.05518829620599,-252.826709616032,531.919219376278,-789.802266187718,11640.487947914,199814.006632165,-6999858.70712903,-3759.92887549698,-33097249.4991332,222570835.082749,66093571735.2034,-190830419018.252,0.0460841456796183,0.05,0.921682913592366,-0.36888331397393,-1.44968827670457
0.474,-0.0478717260728117,10.9348350315072,-1.51861630411106,-253.516597826352,540.057015660891,-589.960995013649,4635.096211322,199889.727051225,-6999909.17076045,123395.696695104,32996322.191086,31740416.0034843,-65802878758.7157,-199996661064.262,0.0478717260728117,0.05,0.957434521456234,-0.271734334078923,-1.42623122173288
0.475,-0.0491198327755686,10.6810567703531,-0.977407565285826,-254.006593738516,541.194914886895,-390.012612602968,-2359.28194480515,199995.660179056,-6999814.28794883,55137.7821663569,-32806556.5230395,-168256245.071256,65946222960.5676,199990893327.178,0.0491198327755686,0.05,0.982396655511372,-0.173545506229744,-1.39744394895791
0.476,-0.0498273278809951,10.4268885011784,-0.438559744413761,-254.296604676169,535.333005797599,-190.009092649828,-9364.50847385772,200000.001653965,-6999647.73299147,-13123.0162412283,33139666.392542,31734648.2743173,-66785627114.3004,-16466180984.466,0.0498273278809951,0.05,0.996546557619901,-0.0747060125277607,-1.36337449603234
0.477,-0.050000073285685,10.1725302220714,0.090925223486328,-254.386614768965,522.471414000113,9.98895114972091,-16358.7173115075,200000.001598263,-6999900.88015619,10378.5415405325,-33645960.6772117,15268467.2758387,67253916570.3942,-181251885155.638,0.050000073285685,0.05,1.0000014657137,0.024390618127657,-1.32409157859349
0.478,-0.0496509306573089,9.91818193250659,0.604049787237749,-254.276624958548,502.609940834529,209.989135237133,-23364.2321859092,199987.805725931,-6999919.88254809,-64978.9337615722,33607955.8483933,-165983417.842126,199661735170.319,199998145920.486,0.0496509306573089,0.05,0.993018613146179,0.12334807211482,-1.27968428857735
0.479,-0.048799761044047,9.66404362669079,1.09381402286105,-253.966657994817,475.759669271869,409.925121485206,-30314.0711346732,199873.168107329,-6866481.05911455,-130963.278643068,233269690.984656,34014728.1824619,199880972522.955,199996909222.316,0.048799761044047,0.05,0.97599522088094,0.221768820271028,-1.23026169453221
0.48,-0.0474734034133359,9.41031523564288,1.55328362831345,-253.456815025971,442.059564262904,609.746810908665,-37030.6038528766,199792.545010488,-6533270.88186843,3049.90415101346,433150663.482457,234011637.336064,199909221095.454,-199999576440.274,0.0474734034133359,0.05,0.949468068266718,0.319255696372252,-1.175952384406
0.481,-0.0457055301023267,9.15719659166632,1.97575872603245,-252.747163341999,401.842846296794,809.571550123988,-43313.9811994894,199879.267469823,-6000165.60783825,137061.75326816,633059884.560002,34012060.1638055,199912859765.75,-199999893045.501,0.0457055301023267,0.05,0.914110602046535,0.415413518655422,-1.1169039237023
0.482,-0.0435363134035052,8.90488753011425,2.35497259756764,-251.837629553771,355.64262197621,1009.51668444342,-48964.298055088,200000.001936667,-5267149.29339538,71073.8669115008,832972744.313599,-165987835.026781,199903780690.669,-199999950214.071,0.0435363134035052,0.05,0.870726268070104,0.509850773915517,-1.05328218608241
0.483,-0.0410118924565108,8.65358799062381,2.68529158536195,-250.72810959348,304.19190738891,1209.51622596381,-53781.6436795373,199954.748562054,-4334224.65873645,-194913.943223377,1032876524.99655,-365987788.670376,199879440704.904,-199999960785.229,0.0410118924565108,0.05,0.820237849130217,0.602181361626551,-0.985270613712312
0.484,-0.0381836402322627,8.4034979505727,2.96191500231169,-249.418665381169,248.42362577711,1409.30418687328,-57566.116835659,199543.507398476,-3201408.41338745,-660901.712311657,1232755965.69703,-565987753.136981,199822294998.377,-199999958828.099,0.0381836402322627,0.05,0.763672804645253,0.692026391145438,-0.913069476355305
0.485,-0.0351072306111374,8.15481715909135,3.18107503160697,-247.909724824669,189.470589990896,1608.41457940138,-60117.8435503735,198566.278483657,-1868741.30019123,-1326889.44486372,1432578260.69329,-765987715.093016,199637783358.071,-199999945387.851,0.0351072306111374,0.05,0.702144612222748,0.779016024780956,-0.836895144609778
0.486,-0.03184150557367,7.90774467107511,3.34023659732918,-246.202281819565,128.665457074439,1806.1814158164,-61237.0227563258,196823.061857305,-336344.147818912,-2192877.13265216,1632216044.05074,-965987662.544118,-113182693221.087,-199999895652.356,0.03184150557367,0.05,0.636830111473399,0.862791359340795,-0.756979380340183
0.487,-0.0284471429877497,7.66247818119659,3.43829455145425,-244.298096249153,67.5275823055966,2001.73870842854,-60776.1226643233,194113.857577489,1239280.54962129,-3258864.7430242,1519033350.82989,-1165987558.90483,-199590728226.843,137234733962.979,0.0284471429877497,0.05,0.568942859754994,0.943006338452838,-0.673568647054794
0.488,-0.0249851499805781,7.41921315838632,3.47570224895314,-242.199891174088,7.61595586049135,2194.03452107609,-58810.5905606597,190294.871510479,2658518.53633776,-4356234.93494996,1319442622.60366,-1028752824.24488,-199770980287.504,199999890212.158,0.0249851499805781,0.05,0.499702999611562,1.01932967819033,-0.58692344271359
0.489,-0.0215153200290366,7.17814180756679,3.45440930793347,-239.911476431463,-49.6537921194486,2381.98815022245,-55525.6458764015,185457.593478022,3878075.66879767,-5284987.81409005,1119671642.31682,-828752932.116614,-199823223400.656,199999938929.836,0.0215153200290366,0.05,0.430306400580732,1.09144674392086,-0.497317646975588
0.49,-0.0180948212516743,6.93945200506008,3.37768402656447,-237.437673155705,-103.062114189058,2564.67345820461,-51121.0382570123,179791.56252038,4897835.69941415,-6013740.77674237,919848418.91669,-628752990.470878,-199839672864.364,199999949849.289,0.0180948212516743,0.05,0.361896425033486,1.15906130509672,-0.405037827699203
0.491,-0.0147769769906611,6.70332637544659,3.24991436082854,-234.78413071112,-151.589253179909,2741.36169206158,-45796.5849602837,173496.778572509,5717764.28189866,-6542493.79228838,720008746.052698,-428753037.755011,-199835244997.244,199999944450.626,0.0147769769906611,0.05,0.295539539813223,1.22189713730514,-0.310382443409726
0.492,-0.0116102460576301,6.46994156289925,3.07640811089052,-231.957127215002,-194.415281010415,2911.52409877712,-39752.1221795247,166773.241584313,6337855.40545274,-6871246.85781661,520173501.055773,-228753091.161511,-199805796088.846,199999890367.085,0.0116102460576301,0.05,0.232204921152603,1.27969946274188,-0.213660924245346
0.493,-0.00863740280611168,6.2394677024305,2.86319308680291,-228.963369537689,-230.920105145484,3074.83192528214,-33187.4809895583,159820.951494664,6758126.00846409,-7000000.00379159,320367704.967425,-28753200.4709437,-199714232954.494,57506359943.6927,0.00863740280611168,0.05,0.172748056122234,1.33223622377197,-0.115192633167153
0.494,-0.00589491703752944,6.01206809094135,2.61681727979081,-225.80979449007,-260.68344993994,3231.15048119673,-26302.4568341027,152816.159282436,6978636.59695426,-7000000.02428872,120653472.013944,28753158.9126896,-199156313860.242,-35813166171.1857,0.00589491703752944,0.05,0.117898340750589,1.37929918497397,-0.0153057118718755
0.495,-0.0034125337198999,5.78789904666202,2.34414907504389,-222.50340166239,-283.484777743517,3380.46994095529,-19296.6862201176,145824.566974843,6999711.91203809,-6989153.44846164,-78502841.8457617,-7060006.96990819,70978351028.4846,-7573147903.41531,0.0034125337198999,0.05,0.068250674397998,1.4207048597627,0.0856641792539235
0.496,-0.00121305204879429,5.56710988986758,2.05217989329039,-219.051184618403,-299.291734383477,3522.79843948669,-12324.3960038303,138830.621329646,6956698.24570657,-7000000.02938103,-7524490.81746895,-14633155.4674046,100088102274.663,29266979588.4179,0.00121305204879429,0.05,0.0242610409758858,1.45629525856399,0.187375195445372
0.497,0.000687717850287422,5.3498429482449,1.74788593106927,-215.460137863198,-308.134865008806,3658.12784188167,-5354.77865315271,131828.182550334,6999217.80602643,-6999999.69505399,92563611.4563711,14633824.3765112,-196058067829.183,-29268325142.785,0.000687717850287422,0.05,0.0137543570057484,1.48593846459928,0.28948067260852
0.498,0.00228093601913678,5.1362335511681,1.43824243594159,-211.737262191447,-309.982776576635,3786.45724450806,1658.04461396445,124830.621710959,6993752.38356816,-7000000.03324641,-103494456.335495,-14634501.3924716,-198597882493.28,29269315929.5659,0.00228093601913678,0.05,0.0456187203827356,1.50952908095307,0.391630503567773
0.499,0.00356475367588163,4.92641002804161,1.13024833972318,-207.889556627426,-304.853379758781,3907.78664712396,8566.95012228343,117828.182643837,6790958.98598603,-6999999.87667364,-302092338.799009,14634814.7614916,-199060433172.079,-29269948678.0248,0.00356475367588163,0.05,0.0712950735176326,1.52698858771851,0.493472526034235
0.5,0.00454428331371863,4.72049370826988,0.830796015410917,-203.924022146748,-292.949593051384,4022.11604981751,15173.686200016,110830.621847086,6389336.4305984,-7000000.03624848,-501152771.948045,-14635134.5727471,-199148138811.437,29270468268.1792,0.00454428331371863,0.05,0.0908856662743726,1.53826557222835,0.594653915830591
0.501,0.00523139525000809,4.51859892125743,0.546475613838546,-199.847657773725,-274.673061937174,4129.44545247611,21279.2548881724,103828.182652081,5788609.58924349,-6999999.93668647,-700300910.742363,14635333.8909362,-199088976593.361,-29270871647.0653,0.00523139525000809,0.05,0.104627905000162,1.54333578345188,0.694822579240443
0.502,0.00564431595522748,4.32083299640875,0.28337610924174,-195.667464484045,-250.624514446825,4229.77485516009,26684.5325259459,96830.6219007201,4988764.19020505,-7000000.03861619,-899389887.323726,-14635538.4400895,-198882149039.137,29271221645.4983,0.00564431595522748,0.05,0.11288631910455,1.5422020010649,0.793628538982689
0.503,0.00580702732392565,4.12729626312835,0.0468861897423867,-191.390441302023,-221.603784896465,4323.1042577979,31190.4547476504,89828.1826266583,3989933.22836176,-6999999.96623266,-1098272036.3552,14635683.374433,-198378147495.126,-29271515289.7561,0.00580702732392565,0.05,0.116140546478513,1.53489371984391,0.890725308365645
0.504,0.00574846684998007,3.9380820508207,-0.158504793471687,-187.023589203389,-188.609674630064,4409.43366043434,34598.1889332527,82830.6219129172,2792472.1182584,-7000000.04050002,-1296650183.84622,-14635832.6244871,-196743905460.445,29271779190.9737,0.00574846684998007,0.05,0.114969336999601,1.52146665107803,0.985771248232607
0.505,0.00550152885862892,3.75327668889026,-0.329405628306756,-182.573907212453,-152.839555664251,4488.76306301737,36709.545308679,75828.1825825167,1397449.98168196,-6999999.98352798,-1493394089.3054,14635946.7115757,35650077567.3175,-29272010377.7502,0.00550152885862892,0.05,0.110030577172578,1.50200204348098,1.07843090139513
0.506,0.00510186754197282,3.57295950674144,-0.463719430713359,-178.048396304976,-115.678698959561,4561.09246558259,37366.239925303,68830.6219003638,-78119.0688397848,-7000000.04200204,-1457744011.73898,-14636064.3979139,196451482299.014,29272223536.9619,0.00510186754197282,0.05,0.102037350839456,1.47660582703055,1.16837629934915
0.507,0.00458652133874236,3.39720283377865,-0.560787131838471,-173.454055505263,-78.5862904253638,4626.42186808905,36591.9907643108,61828.1825263786,-1437637.33942925,-6999999.99463027,-1261292529.44238,14636159.262997,198049465119.192,-29272415658.0908,0.00458652133874236,0.05,0.0917304267748471,1.44540759125901,1.25528823619463
0.508,0.00399246958984675,3.22607199940622,-0.6213679365803,-168.797885789098,-42.9150816911076,4684.75127056652,34556.7154043473,54830.6218716162,-2599905.13631204,-7000000.04319291,-1063243064.32658,-14636257.1464659,198543605651.93,29272596437.2405,0.00399246958984675,0.05,0.079849391796935,1.40855944617234,1.33885750481804
0.509,0.00335528665129084,3.05962533302846,-0.647480625374678,-164.086886180779,-9.82725338187396,4736.08067298099,31458.2793368144,47828.182461998,-3563876.39780913,-7000000.00211943,-864699458.678535,14636339.3965713,198749491510.503,-29272762805.0023,0.00335528665129084,0.05,0.0671057330258169,1.36623483568677,1.41878609056169
0.51,0.00270798002143068,2.89791416404962,-0.642207091390497,-159.32805765611,19.7132524085957,4780.41007535838,27495.178124914,40830.6218317574,-4329201.11073241,-7000000.04412184,-665949967.17199,-14636424.1764518,198827806391.061,29272922062.2183,0.00270798002143068,0.05,0.0541596004286136,1.31862734248761,1.49478831777991
0.511,0.0020800264294061,2.7409828218739,-0.6094938744453,-154.528399239383,44.9411228090735,4817.73947766928,22866.1399983256,33828.1823917862,-4895737.1747124,-7000000.00726574,-467122160.784632,14636497.9765525,198826663365.862,-29273071074.3465,0.0020800264294061,0.05,0.0416005285881221,1.26594949453757,1.56659194488271
0.512,0.00149660653439983,2.58886863590545,-0.553953444344591,-149.694911906416,65.289824971069,4848.06887993703,17769.9795204487,26830.6217841487,-5263446.0038141,-7000000.04482275,-268295497.421966,-14636573.8791388,198758470113.047,29273215899.8852,0.00149660653439983,0.05,0.0299321306879967,1.2084315781906,1.63393920367853
0.513,0.000978038396088569,2.44160193554837,-0.480665393237534,-144.834594681496,80.3916471764643,4871.39828213538,12405.5121796092,19828.1823174586,-5432362.26617954,-7000000.01075041,-69537027.3114296,14636642.0998981,198616345460.304,-29273353342.0919,0.000978038396088569,0.05,0.0195607679217714,1.14632046263614,1.69658777906059
0.514,0.00053940976004253,2.2992060502067,-0.394977625876791,-139.954448540456,90.0776643996439,4887.72768428599,6971.4841240174,12830.6217312362,-5402591.12076082,-7000000.04531787,129079318.147156,-14636712.0334253,198373649761.192,29273488798.6964,0.00053940976004253,0.05,0.0107881952008506,1.07987844029606,1.75431172532383
0.515,0.000190409123889977,2.16169730928441,-0.302307619795913,-135.061472507576,94.3776317518338,4897.05708636472,1666.49493729034,5828.18224036007,-5174324.97773307,-7000000.01295033,327452967.907463,14636776.8363684,197969867779.419,-29273619019.5167,0.000190409123889977,0.05,0.00380818247779955,1.00938208769156,1.80690231566094
0.516,-6.4644523727794e-05,2.02908504218543,-0.207943834388814,-130.162667558701,93.519788439505,4899.38648839226,-3311.10857852582,-1169.37832504832,-4747887.0759359,-7000000.04561997,525422835.686818,-14636842.980589,197265429689.17,29273749072.8839,6.4644523727794e-05,0.05,0.00129289047455588,0.935121151175988,1.85416882165558
0.517,-0.000226573491164147,1.9013715783136,-0.116847378190376,-125.265032718106,87.9305261886126,4894.71589034586,-7763.40666500355,-8171.81783837294,-4123831.5254045,-7000000.01406248,722688265.376685,14636906.1590807,195879891622.535,-29273875667.5072,0.000226573491164147,0.0503527910281824,0.00449972060212777,0.857397461784365,1.89593921987755
0.518,-0.000300915038920846,1.77855224707274,-0.0334541161798054,-120.375568961645,78.2338134673407,4883.0452922458,-11493.2474091148,-15169.3783830353,-3303203.31421654,-7000000.04573336,918568157.00058,-14636970.3081808,192327455083.876,29274003764.2904,0.000300915038920846,0.0517032215214707,0.00582004428478186,0.776523883269787,1.93206082297605
0.519,-0.000297297500915873,1.66061537786655,0.0385224161628694,-115.501275313587,65.2500727379396,4864.37469407013,-14305.1120689843,-22171.8179176931,-2288471.42967403,-7000000.01415777,1110895612.08636,14637033.5224441,160853701584.857,-29274130044.7859,0.000297297500915873,0.053830684902943,0.00552282590221362,0.692823297153558,1.96240083297492
0.52,-0.000228620105439297,1.54754230009872,0.096286148785381,-110.649152749797,49.9925764603787,4838.70409583925,-16011.326742372,-29169.3784411453,-1097148.96679524,-7000000.04565395,1271749313.67352,-14637097.3204458,-182914570239.263,29274259553.1959,0.000228620105439297,0.0565190961084341,0.00404500639926513,0.606627628210325,1.98684681478241
0.521,-0.000110041593176807,1.43930734317284,0.138141669032832,-105.826200294536,33.6370120131324,4806.03349753146,-16503.0868140205,-36171.8179965532,83143.061758647,-7000000.01319619,1088834743.43681,14637162.302867,-190576791216.766,-29274388957.6101,0.000110041593176807,0.0595857538545617,0.00184677688974782,0.518276912118035,2.00530708825114
0.522,4.21803410393242e-05,1.33587783649244,0.163584774834501,-101.03941892368,17.3490284875607,4766.36289916788,-15907.2891790777,-43169.3784977349,1076689.40958708,-7000000.04536842,898257952.222722,-14637227.4470181,-192968602970.518,29274523607.8611,4.21803410393242e-05,0.0628782273281264,0.000670825861855306,0.428118392268748,2.01771103744571
0.523,0.000211840495157918,1.237214109461,0.173195426344733,-96.2958076614807,2.12175331347062,4719.6923007265,-14413.6322272065,-50171.8180738143,1878463.06032454,-7000000.01100995,705289349.25486,14637296.2390483,-193760348819.788,-29274660169.6883,0.000211840495157918,0.0662713229520502,0.00319656354696877,0.336505586828889,2.0240093361083
0.524,0.000383778404119739,1.14326949148191,0.168451213131494,-91.6023674838229,-11.2431725066176,4666.02170222987,-12214.8178837246,-57169.3785509197,2486872.23516951,-7000000.04485211,511529000.437665,-14637364.7125879,-193845268119.196,29274804639.2686,0.000383778404119739,0.0696641537028027,0.00550897963616974,0.243797270652007,2.02417408864251
0.525,0.000544679841610299,1.05399031195851,0.151534808732521,-86.9660974149508,-22.1373763255936,4605.35110365504,-9504.48869302282,-64171.8181481256,2901478.60154757,-7000000.0072436,317683732.319826,14637440.0175016,-193421036428.756,-29274953685.3226,0.000544679841610299,0.0729773305423584,0.0074636854700262,0.150356363844386,2.01819888627312
0.526,0.000683685154801417,0.969315900294071,0.125140392809385,-82.3939984307562,-30.1462376390298,4537.68050502689,-6476.40506472201,-71169.3785983152,3122451.81565295,-7000000.04406522,124262695.893066,-14637514.4348247,-192443526116.634,29275114580.4705,0.000683685154801417,0.0761502926201136,0.00897810279222531,0.0565487306429097,2.00609877837207
0.527,0.00079280389875035,0.889178585891796,0.0922799351822559,-77.8930695554731,-35.0487248269252,4463.00990632074,-3323.89582214277,-78171.8182177303,3150492.7484905,-7000000.00120846,-68180830.2219154,14637600.2538372,-190654241597.626,-29275283989.5534,0.00079280389875035,0.0791387900222535,0.0100178925976429,-0.0372581066453039,1.98791015927786
0.528,0.000867135926846564,0.813503698154822,0.0560899148993629,-73.4703117650016,-36.8166816733137,4381.33930756521,-239.269195696165,-85169.37863658,2986984.79746977,-7000000.04294602,-258835071.818252,-14637684.482943,-187380637909.621,29275471810.548,0.000867135926846564,0.0819125300224166,0.0105861206656571,-0.130696333297552,1.96369057126532
0.529,0.000904899663604457,0.74220956648623,0.0196390831048017,-69.132724083562,-35.6134051755373,4292.66870873271,2587.06795954426,-92171.8182800954,2634459.40669391,-6999999.99152251,-446215709.726943,14637787.4580155,-180718925449.339,-29275674675.4309,0.000904899663604457,0.0844529950413585,0.0107148321165082,-0.223399281555509,1.93351842465424
0.53,0.000907269022198322,0.675207520289031,-0.0142618098630183,-64.8873074870623,-31.7910067528621,4196.99810985794,4968.29969046651,-99169.3786604739,2097884.2342423,-7000000.041399,-626934635.175689,-14637887.9398598,-163117897101.22,29275908491.9674,0.000907269022198322,0.0867514378768171,0.0104582591874339,-0.315002937295505,1.89749263636652
0.531,0.000878021720146253,0.612401888966187,-0.0432465010204087,-60.7410609997053,-25.8850506302069,4094.3275109085,6725.53029093815,-106171.818331061,1389390.650516,-6999999.97509189,-790052532.276614,14638020.7099158,-63117702898.0637,-29276169788.1397,0.000878021720146253,0.0888070572385095,0.00988684624227718,-0.405147506796094,1.85573218856284
0.532,0.000823004835774629,0.553690001920592,-0.065570666263012,-56.7009855974059,-18.5991303403544,3984.65691192967,7709.37505816622,-113169.378660541,567779.266790352,-7000000.03927305,-853170235.174633,-14638149.770765,134711487731.328,29276491153.1528,0.000823004835774629,0.0906253542361794,0.00908139717313314,-0.493479034973143,1.80837560929749
0.533,0.00074943623540606,0.498962188555105,-0.0802549053884292,-52.7740803043417,-10.742447709332,3867.9863128809,7873.02112198982,-120171.818362418,-218035.224518616,-6999999.94346642,-718458747.443452,14638341.572885,161126369941.212,-29276907968.0312,0.00074943623540606,0.0922166682381791,0.00812690644461803,-0.579651061229373,1.75558037743573
0.534,0.000665107428578141,0.448101778272525,-0.0871257748262981,-48.967346096432,-3.09147372541733,3744.31571382699,7322.61091873973,-127169.378622448,-855930.786991462,-7000000.05587482,-557332377.502523,-14638567.0522127,168078799814.414,199999953273.631,0.000665107428578141,0.093594888459619,0.00710623667087437,-0.663326280451375,1.69752225436787
0.535,0.000577616277666678,0.400985100712745,-0.0867204197681716,-45.2877805751349,3.71728635358656,3613.65222813207,6216.02707629946,-134143.364638752,-1329223.76458678,-6914638.64629726,-389253577.688472,185361392.560636,169357102922.733,199999985095.242,0.000577616277666678,0.0947763357603169,0.00609452004060837,-0.74417815197154,1.6343945454329
0.536,0.000493732113092248,0.357481499823804,-0.0801314647733956,-41.7423429704868,9.21088249728951,3476.09077041052,4720.40270668894,-140931.989260115,-1633798.79081388,-6629277.26119318,-219896474.766133,385361388.542935,167236460655.569,199999989832.059,0.000493732113092248,0.095778807165985,0.00515492025534008,-0.821892409869195,1.5664072995006
0.537,0.000418923148592004,0.317453437929938,-0.0688404494439438,-38.3378052404862,13.084704581997,3331.91670204922,3004.52842193462,-147335.252497322,-1770077.03525223,-6143915.87773768,-52660014.1109471,585361391.616107,161562576848.724,199999991056.077,0.000418923148592004,0.0966207731179538,0.00433574618659474,-0.896168457125936,1.4937864800497
0.538,0.000357051838912697,0.28075678141141,-0.0545493413034473,-35.0805539817476,15.2021495913485,3181.61538443183,1235.04847576839,-153153.154349042,-1741955.76093882,-5458554.49059298,108902562.737436,785361396.342995,150416854422.074,199999990715.041,0.000357051838912697,0.0973207170697388,0.00366881635959215,-0.966720636208167,1.41677314718504
0.539,0.000310237949148601,0.247241286065895,-0.0390142023493699,-31.9763904295003,15.5906379827289,3025.87217894516,-427.386528064689,-158185.694811005,-1557844.77099034,-4573193.0988903,259319417.159231,985361399.526234,128447715441.232,199999988826.525,0.000310237949148601,0.0978966083426565,0.00316903674601994,-1.03327937147021,1.33562266090964
0.54,0.000278885264286091,0.216751282469865,-0.0238850230438951,-29.0303304575847,14.4329009601931,2865.57244698019,-1834.16363790188,-162232.873879661,-1234301.4961105,-3487831.70494673,387767132.600257,1185361398.29289,81364187581.7005,199999983944.094,0.000278885264286091,0.0983654982789928,0.00283519393654767,-1.095592180802,1.25060390886408
0.541,0.000261862913339668,0.18912656133998,-0.0105580858084627,-26.2464045784488,12.0496046041649,2701.80154992977,-2861.02086978197,-165094.691555461,-805852.26971939,-2202470.31467789,469131320.181827,1385361388.64979,-5628030016.74913,199999967858.212,0.000261862913339668,0.0987432284020516,0.0026519581907272,-1.15342455642013,1.16199856151576
0.542,0.00025682311784215,0.164203458894485,-5.38000998399882e-05,-23.6274579431495,8.86361165165037,2535.84484918231,-3433.24548441325,-166571.147848131,-339534.964545937,-717108.942092533,463503290.165016,1585361358.73718,-72255780618.4601,-17781577975.1943,0.00025682311784215,0.0990442381665944,0.00259301421865821,-1.20656071882992,1.07010035766477
0.543,0.000260618531256833,0.141816141912115,0.00705531016737531,-21.1749521562088,5.33483857580497,2369.17863187759,-3553.07143397977,-166498.539707096,87840.4353098493,859361.627662556,391247509.546553,1567579778.51533,-99667584396.3354,-199999968645.826,0.000260618531256833,0.099281459076628,0.00262504735205071,-1.25480425582553,0.975214422887349
0.544,0.000269755864514066,0.121798074994404,0.0106437245269302,-18.8888157949725,1.88674246172235,2203.36270192025,-3286.21850796271,-164888.721517793,429254.152658235,2326941.42186013,291579925.150259,1367579803.23675,-108939075650.502,-199999984765.037,0.000269755864514066,0.0994662816667821,0.00271203326387292,-1.29797866925179,0.877656616620598
0.545,0.000280815421692756,0.103983564258473,0.0109701414411677,-16.7674541894783,-1.14079144387463,2039.85704666982,-2729.33090533778,-161911.323524198,666364.539983244,3594521.2327187,182640849.499828,1167579807.94458,-108416508518.842,-199999989708.736,0.000280815421692756,0.0996085823233706,0.00281918902109372,-1.3359278553425,0.777752868689478
0.546,0.000290789415932952,0.0882092096825695,0.00858245187298818,-14.8079066084486,-3.51101729217033,1879.92924593531,-1989.71535869111,-157766.345717772,794797.135223651,4662101.04581182,74224340.9810711,967579804.726255,-100262180618.877,-199999991700.736,0.000290789415932952,0.099716796873812,0.00291615279520997,-1.36851653548251,0.675838441788893
0.547,0.000297318336151278,0.074315172432788,0.00421130025773581,-13.0060447407942,-5.09514095061429,1724.64687952876,-1174.51641641341,-152653.788099734,818890.385896097,5529680.85468869,-26037839.6377203,767579797.887798,-84213158797.4558,-199999992214.698,0.000297318336151278,0.099798027364687,0.00297920053133718,-1.39563064398962,0.57225708610121
0.548,0.000298820100073091,0.062146242442886,-0.00133640385482073,-11.3567726956155,-5.86806069564504,1574.8775272584,-382.680476802421,-146773.650675841,750745.966858023,6197260.65646731,-110250998.435099,567579790.723028,-59449439125.6306,-199999991304.487,0.000298820100073091,0.0998581694012453,0.00299244520368069,-1.41717767356938,0.467360083849547
0.549,0.000294516165933363,0.0515527059940897,-0.00727576966549342,-9.85422700220805,-5.89622041539597,1431.2887689258,303.031750983776,-140325.933453097,610770.248860921,6664840.45153344,-169700437.560669,367579786.953303,-27619442619.4852,-199999987225.822,0.000294516165933363,0.0999020495773352,0.0029480492860697,-1.4330869755426,0.361505187729388
0.55,0.00028436678796914,0.0423910132948966,-0.0129259801802707,-8.4919766100688,-5.31723775634829,1294.34818432644,824.348540627718,-133510.636435969,427260.089990509,6932420.24486566,-197319880.180113,167579792.547862,4267505651.06472,-199999955087.874,0.00028436678796914,0.0999335647817744,0.00284555833257939,-1.44331000897181,0.255055457669158
0.551,0.000268935744820052,0.0345242460608707,-0.0177680197544784,-7.26322288890037,-4.31196800470172,1164.32335325584,1153.65994147047,-126527.759616808,232073.962635929,7000000.05985678,-193052374.529027,-32420161.1087999,28430414997.5667,33244685297.2789,0.000268935744820052,0.0999558172445533,0.00269054620565074,-1.44782052981973,0.148378000759988
0.552,0.000249212118572902,0.0278223854183913,-0.0214722857281842,-6.16099768489594,-3.07326187706102,1041.29157405825,1293.94611934068,-119538.428852187,53236.7956056854,6984202.24139668,-164621959.531457,824523.448960077,42552588029.5914,29946578872.1768,0.000249212118572902,0.0999712410187967,0.00249283810056979,-1.44661470867398,0.0418426196922283
0.553,0.000226419765431155,0.0221623985929942,-0.0238962063944898,-5.17831086814497,-1.77836132866209,925.246630020273,1271.96403318637,-112548.823247562,-90108.8699109757,7000000.05427602,-122069371.501877,30771103.8487682,47890628988.7843,-61542424162.8848,0.000226419765431155,0.0999817171226687,0.00226461169048896,-1.43971116467611,-0.0641796174633117
0.554,0.000201841667499069,0.0174282418273255,-0.0250582909911293,-4.30817107247444,-0.569801182807082,816.200369492139,1128.80224902259,-105543.694706418,-188232.926918732,6999999.94604266,-74178742.5131714,-30771320.9536026,46157476242.1064,61542862052.1008,0.000201841667499069,0.0999886757859696,0.00201864527070166,-1.42715090501511,-0.169317841879719
0.555,0.000176678212924936,0.0135108689065806,-0.0250977693428276,-3.5435765098159,0.454444707181997,714.15410887693,911.172863554293,-98548.8232709056,-239332.931310997,7000000.05610864,-28021266.2710924,30771542.7299804,38798064704.8786,-61543177130.1522,0.000176678212924936,0.0999931854448316,0.00176690253579744,-1.40899716295403,-0.273202841924953
0.556,0.00015194937663724,0.0103082335720015,-0.0242284712639746,-2.87752923164688,1.2428974800673,619.107848253627,664.295643225233,-91543.6946326918,-247955.16522965,7000000.01027223,10776798.4337581,-30771634.9319893,27359720067.9777,61543364643.0331,0.00015194937663724,0.0999960289538934,0.00151955410856666,-1.38533513135293,-0.375468513332143
0.557,0.000128442866782329,0.00772528956481123,-0.0226940747937828,-2.30302718654699,1.78615166238727,531.0615875969,426.28883049661,-84548.8232048475,-223498.506742116,7000000.05765445,38136518.4796709,30771731.45394,13926549014.9005,-61543515008.9109,0.000128442866782329,0.0999977677593683,0.00128445734000193,-1.35627159218738,-0.475753294413766
0.558,0.000106703941054479,0.0056739906262065,-0.0207303233917704,-1.81307242597848,2.10762759880548,450.015326940405,224.179674496844,-77543.6945256311,-178398.713754995,7000000.03160171,52063067.4945522,-30771783.9713863,1014825769.27459,61543622693.907,0.000106703941054479,0.0999987950020067,0.00106705226850321,-1.32193444547764,-0.57370157978724
0.559,8.70577971173715e-05,0.00407329049737923,-0.0185381613231055,-1.40066289849761,2.25132737875067,375.969066268432,71.9816322948065,-70548.8231065259,-125828.233351305,7000000.0589691,53077893.2654957,30771840.5847166,-9128666170.07723,-61543714680.3777,8.70577971173715e-05,0.0999993786562046,0.000870583380489534,-1.28247214332313,-0.668965107072928
0.56,6.96524836038035e-05,0.00284914291951008,-0.0162696789928981,-1.05880065556413,2.26886084882647,308.922805600416,-28.8290987855734,-63543.6944032524,-77314.6731708476,7000000.04221041,43949227.0954146,-30771874.3888962,-15141599404.6575,61543784566.9362,6.96524836038035e-05,0.0999996958785265,0.000696526954326072,-1.23805303626247,-0.761204311169969
0.561,5.45095543417672e-05,0.00193450163378081,-0.0140264134331447,-0.780483645721527,2.20806838466116,248.876544926004,-86.6927583118705,-56548.8229902403,-40936.2457852259,7000000.06009587,28807627.6758321,30771912.167525,-16605717416.2476,-61543847450.0928,5.45095543417672e-05,0.0999998597543721,0.000545096307891412,-1.1888646397917,-0.850089640849943
0.562,4.1571238018574e-05,0.0012693203813697,-0.0118674521967164,-0.558713920429092,2.1050168698482,195.830284257983,-115.992809828557,-49543.6942705982,-20431.4768175176,7000000.04853419,12201910.2595936,-30771935.4443619,-13839544952.2529,61543908512.3644,4.1571238018574e-05,0.0999999396065301,0.000415712631249023,-1.13511282855757,-0.935302832576819
0.563,3.07361936586988e-05,0.000800552903459626,-0.00982344389261933,-0.386489428221871,1.98026532561496,149.784023589666,-132.629922341656,-42548.8228595061,-15149.3390340505,7000000.06733591,-1637634.69264693,30771975.1930155,-7795779619.56466,-199999994138.181,3.07361936586988e-05,0.0999999759732276,0.000307362010436159,-1.07702096470871,-1.01653813663641
0.564,2.188012213237e-05,0.000482152748935124,-0.00791215161564426,-0.256813374356609,1.83946297048939,110.731993934224,-149.897375326029,-35566.7701238855,-20684.8635364798,6930772.04550018,-9433414.31219829,-169228056.857696,-54895864.7694679,-199999999166.972,2.188012213237e-05,0.0999999912837284,0.00021880124039501,-1.01482896547544,-1.09350349094127
0.565,1.48617789361668e-05,0.000275061757736254,-0.00615147832451561,-0.162718193296738,1.67764864034753,78.5940696004243,-175.308095329779,-28753.9454260876,-30145.7257810628,6661543.98908236,-9488310.17695614,-369228120.922691,7333617987.88155,-199999999950.038,1.48617789361668e-05,0.0999999971630487,0.000148617793577883,-0.948792313590792,-1.16592164240308
0.566,9.51858234778639e-06,0.000147119571711067,-0.00456684225037381,-0.0974077270799228,1.48599186451191,53.1010225272665,-208.975706534675,-22310.3488159673,-35967.2269640781,6192315.86819176,-2154692.18906691,-569228198.829454,12266533300.9856,-200000000099.843,9.51858234778639e-06,0.0999999991883835,9.51858242504078e-05,-0.87918101294323,-1.23353123825754
0.567,5.65840757929944e-06,7.2794043295457e-05,-0.00319132033295443,-0.0544550458340103,1.25918453468094,33.7836245918277,-243.975857375725,-16435.9803647877,-31988.6525026522,5523087.66930077,10111841.1119208,-769228275.121527,13036271951.8184,-199999999835.427,5.65840757929944e-06,0.0999999998012934,5.65840759054307e-05,-0.806278491117133,-1.29608792257574
0.568,3.05478676897047e-06,3.27120073909998e-05,-0.00205892520517651,-0.0280024478470147,1.00144283590048,19.9726475957253,-268.735877313654,-11330.840149647,-15358.6754148222,4653859.39423014,23148113.0637351,-969228333.6349,8654718275.6871,-199999998535.894,3.05478676897047e-06,0.0999999999598726,3.05478677019628e-05,-0.730380450434358,-1.35336544171742
0.569,1.45135903285989e-06,1.29900531660671e-05,-0.00119337345844707,-0.0129614596429003,0.729246252970272,10.7988632671083,-271.078043167452,-7194.92823763536,12116.7967867565,3584631.06127373,31802831.3394124,-1169228356.61626,-715649253.70256,169225178635.981,1.45135903285989e-06,0.0999999999936722,1.45135903295173e-05,-0.651793669851511,-1.40515675448939
0.57,5.78198310634548e-07,4.36580859823461e-06,-0.00059632760556005,-0.00520975917078297,0.46949726136271,5.20842766142671,-243.179105586603,-4166.70713953307,43561.8034993176,2500015.29390081,31087182.0856963,-1000003150.50429,-12992143590.0468,199999999563.987,5.78198310634548e-07,0.0999999999992852,5.78198310638681e-06,-0.570834761523323,-1.45127514241912
0.571,1.78145962603936e-07,1.15901084524589e-06,-0.000239972564107439,-0.00170784372218554,0.252738915218899,2.13339168684007,-186.239068309439,-2133.36006789038,68152.9137899904,1600012.14308157,18095038.4956359,-800003052.842369,-23618573165.2796,200000000948.609,1.78145962603936e-07,0.0999999999999496,1.78145962604026e-06,-0.487828887785711,-1.49155530422175
0.572,3.64610919629048e-08,2.19668268344912e-07,-6.84372249126341e-05,-0.000405956079583107,0.102608036333293,0.675034488881338,-112.975064132503,-900.016096942402,74438.6657029865,900009.090590298,-5523534.66965172,-600002863.444036,-25775787046.272,200000001385.665,3.64610919629048e-08,0.0999999999999982,3.64610919629054e-07,-0.403108446351123,-1.52585436817179
0.573,3.51887722744083e-09,3.10919379481723e-08,-1.03552214350409e-05,-5.40856640780651e-05,0.0248577248083109,0.133353030541944,-45.5941302715071,-266.675082622574,56027.237509124,400006.227689466,-31299321.7159186,-400002562.455607,-9078254935.96794,200000001591.638,3.51887722744126e-09,0.1,3.51887722744126e-08,-0.317011733026439,-1.55405275247592
0.574,5.49158688189201e-11,9.93534639311344e-09,-3.36479185701999e-07,-2.22485240497445e-06,0.00168239904415481,0.00834446785289923,-6.72959610912109,-33.3367795557768,20188.7883262962,100003.66585392,-40377576.6518585,-200002128.21855,40377576651.5722,200000001705.397,5.49158688368153e-11,0.1,5.49158688368153e-10,-0.229881591420113,-1.57605485403364
0.575,-7.75842985650631e-13,6.19156588467902e-09,5.82168540969759e-13,-3.68721400822481e-07,1.11016175914853e-11,6.26157655568764e-06,-1.44659879306901e-10,-0.000820038583171402,2.23673069494352e-07,1.53828267338161,-0.000223534000887429,-1537.81095502988,8.60153468999343e-08,0.676739427176383,7.75843137893245e-13,0.1,7.75843137893245e-12,-0.142064056946265,-1.59178956213992
0.576,-3.87627641534231e-13,2.91294495741996e-09,2.96612896775034e-13,-1.81336308376045e-07,5.51576929184749e-12,2.9771887557831e-06,-1.63768979601857e-11,-2.5330637257413e-05,6.95558072984751e-11,0.000236028360721547,-0.00011176695754774,-768.905139145228,8.60153468999343e-08,0.676739427176383,3.87627853302118e-13,0.1,3.87627853302118e-12,-0.0539069968964742,-1.60121059563722
