time,x,y,vx,vy,ax,ay,jx,jy,snapx,snapy,cracklex,crackley,POPx,POPy,contour_error,allowed_error,error_utilisation,modal_x,modal_y
0,0,0,-2.67506261139915e-26,0,-6.81807552829996e-39,0,-2.30270380289788e-22,0,-1.76036438131472e-16,1.45256746722393e-21,0,-4.99486041640887e-18,0,4.97050211843654e-16,0,0.1,0,5.15677834871533e-43,0
0.001,2.08135661212951e-28,1.7949192148039e-35,-7.67721062722302e-27,3.8117478952317e-32,-8.82484894460253e-23,-8.54825769626934e-29,-1.76266708511761e-19,-1.04568362232038e-24,-1.76036438131471e-16,-4.89424096741089e-21,0,-1.57220143551894e-17,199999936523.361,-198422969659.704,1.7949192148039e-35,0.1,1.7949192148039e-34,-7.23493685228763e-29,4.70124523044673e-36
0.002,2.77777689615779e-10,-2.75587457860699e-10,1.66666613769467e-06,-1.6535247471642e-06,0.00833333068847337,-0.00826762373582098,33.3333227538935,-33.0704949432839,99999.9682616804,-99211.4848298518,199999936.523361,-198422969.659703,199999910557.062,-195871202064.243,2.75587457860699e-10,0.1,2.75587457860699e-09,2.73182894390571e-09,-2.71028891846067e-09
0.003,1.77777720993456e-08,-1.76340531814244e-08,5.33333161898437e-05,-5.28915271792921e-05,0.133333289933645,-0.132175656123325,266.666577703431,-264.138664947028,399999.860063572,-395570.055521677,399999847.080423,-394294171.723947,199999864502.692,-53386260322.3259,1.76340531814244e-08,0.1,1.76340531814244e-07,1.73606897442994e-07,-1.72203180763632e-07
0.004,2.02499933357823e-07,-2.00478537241767e-07,0.000404999864151673,-0.000399938667687594,0.674999766536545,-0.662039471631946,899.999672057663,-865.753516384399,899999.63939534,-816557.357406786,599999711.583114,-447680432.046272,199999766744.517,191956647979.117,2.00478537241767e-07,0.0999999999999985,2.0047853724177e-06,1.95675140856158e-06,-1.93716151995118e-06
0.005,1.13777738614586e-06,-1.11321648051288e-06,0.00170666605932177,-0.00164800150301497,2.13333253383675,-2.00268687839499,2133.33246170198,-1874.15831515114,1599999.23435071,-1168259.4654635,799999478.327631,-255723784.067155,199999457611.191,194163583894.267,1.11321648051288e-06,0.0999999999999515,1.11321648051342e-05,1.08415500166168e-05,-1.06040675162774e-05
0.006,4.34027619677814e-06,-4.12545997953444e-06,0.00520833133681171,-0.00479151457769979,5.20833116983583,-4.4955054076268,4166.66467815171,-3137.9190753325,2499998.44148394,-1326901.45758352,999998935.938822,-61560200.1728884,169230399430.775,194061755254.967,4.12545997953444e-06,0.0999999999992936,4.12545997956358e-05,4.06439224743346e-05,-3.85780932522933e-05
0.007,1.29599521999491e-05,-1.17432448057882e-05,0.0129597381282968,-0.0110780775929702,10.7987128246956,-8.29904933864426,7194.86765417685,-4463.25700712664,3584612.57713815,-1291430.78012893,1169229335.3696,132501555.082079,-199999227205.241,192690973418.766,1.17432448057882e-05,0.0999999999937015,0.000117432448065278,0.000118869244927469,-0.000107287755531847
0.008,3.26770160080942e-05,-2.7767161045796e-05,0.0280003714383508,-0.0218168672422923,19.9724250222029,-13.3779093527626,11330.7616944656,-5656.32184747807,4653842.29890512,-1062583.73833746,969230108.164356,325192528.500845,-199999517745.49,189177542565.05,2.7767161045796e-05,0.0999999999599584,0.000277671610569144,0.000292592875243777,-0.000246524001377411
0.009,7.27537694762052e-05,-5.72570049104889e-05,0.0544525356161296,-0.0381849086403079,33.7833129042424,-19.5034419170523,16435.8857944953,-6524.7797311376,5523072.64819673,-642802.438554094,769230590.418867,514370071.065895,-199999576854.405,178389662905.665,5.72570049104889e-05,0.0999999998015132,0.000572570050241365,0.000633868439648406,-0.000491092052537269
0.01,0.000147073536348277,-0.000106303347052106,0.0974046881371128,-0.0610349554958694,53.1006068055369,-26.2564616196683,22310.2404750924,-6880.66552367447,6192303.4501884,-39237.5360353661,569231013.564462,692759733.97156,-199999543337.125,50799730284.5049,0.000106303347052106,0.0999999991888914,0.00106303347914342,0.00124251113293009,-0.000875139113576055
0.011,0.000275009379759068,-0.000181609102289459,0.162714517051265,-0.090709001146713,78.5935375270119,-33.03916930027,28753.8261748402,-6565.05657100997,6661534.6920843,678922.063078446,369231470.227338,743559464.256065,-199999367827.174,-167997892108.54,0.000181609102289459,0.099999997164129,0.00181609107439659,0.00224448991479269,-0.00142476880345926
0.012,0.000482093333033834,-0.000289897612763718,0.256808941430905,-0.126887963393398,110.731336319273,-39.1478381745359,35566.643374067,-5542.35442448825,6930766.47839805,1338482.58128024,169232102.400163,575561572.147525,-199998243489.294,-180669102018.293,0.000289897612763718,0.0999999912858763,0.00289897638025757,0.00378585520277394,-0.00214984327422635
0.013,0.000800485630948834,-0.000437222905457119,0.386484111869182,-0.168561422193642,149.783235022793,-43.9325522589435,42548.6928630835,-3946.20257413729,6999999.45905356,1823709.60241862,-30766141.0891302,394892470.129232,61523886784.8889,-183786313147.62,0.000437222905457119,0.099999975977265,0.00437223010490044,0.00602284349545987,-0.00303651760809272
0.014,0.00126924430484939,-0.000628329280797339,0.558707590676537,-0.214148201838939,195.829363420505,-46.9087423832311,49543.5632327234,-1955.67778884533,6999995.26135688,2126708.91597404,30757745.6957586,211106156.981612,-61510312568.6266,-183995641823.255,0.000628329280797339,0.0999999396137677,0.00628329660221948,0.00910917280913921,-0.00404265476665736
0.015,0.00193441567512775,-0.000866167683586063,0.780476170577095,-0.261673068837738,248.875487645165,-47.7735478396684,56548.6856481667,245.918265315642,6999997.85076832,2245817.25204403,-30752566.8728679,27110515.1583574,61497124538.5401,-182226645233.761,0.000866167683586063,0.0999998597668313,0.00866168898242156,0.0131820005602816,-0.00509757514204069
0.016,0.00284904586618718,-0.00115159299141885,1.05879189847389,-0.308949743619987,308.921609171093,-46.4077953060225,63543.556736255,2474.91966739989,6999993.84616472,2181814.4445855,30744557.6656722,-155116130.075404,-61481609798.5807,-177972002091.285,0.00115159299141885,0.0999996958992355,0.0115159649343259,0.0183489005284329,-0.00610634558222686
0.017,0.00407318099925977,-0.00148324477696318,1.40065272033063,-0.353764389623649,375.967725189633,-42.8752366047629,70548.6759262861,4549.51404659914,6999997.5989311,1937712.31346446,-30737052.1329085,-333088132.166688,61461851294.0515,-168950262759.306,0.00148324477696318,0.0999993786895874,0.0148325399257468,0.0246777698813919,-0.00695815883431972
0.018,0.0056738671906278,-0.00185761080492262,1.81306068122148,-0.394057203743898,450.013837983833,-37.4194206844076,77543.5486410331,6292.5239168537,6999991.47244522,1520149.04991811,30724799.1611429,-502038394.925994,-61437933409.8142,-146740979309.869,0.00185761080492262,0.0999987950543851,0.0185763318839227,0.0321907200683333,-0.0075379300064733
0.019,0.00772515055263558,-0.00226927001293904,2.30301372698842,-0.428099145402842,531.059943247057,-30.4566095158871,84548.6628574906,7537.19693942384,6999997.30490146,944740.165337185,-30713134.2486712,-648779374.235863,61405063359.6498,-62006943025.342,0.00226927001293904,0.0999977678395997,0.0226932066781635,0.0408624976080642,-0.00773991017777031
0.02,0.0103080771909535,-0.00271130739205191,2.87751389987664,-0.454657248953246,619.106044445597,-22.5577560121267,91543.5377724943,8147.21292713886,6999986.70233261,264957.319588652,30691929.1109786,-710786317.261204,-61363344903.6586,98484995168.6861,0.00271130739205191,0.0999960290741703,0.0271141506033289,0.0506235321649657,-0.00748189384244099
0.021,0.0135106932060002,-0.00317588039673631,3.54355914512805,-0.473126034336798,714.152134084738,-14.3924252699383,98548.6432152318,8073.19125395836,6999996.95899176,-396586.50008821,-30671415.79268,-612301322.092518,61293633906.6963,139679058768.829,0.00317588039673631,0.0999931856216678,0.0317609682799036,0.061367257297857,-0.00671843226457485
0.022,0.0174280446881147,-0.00365487854478224,4.30815149978486,-0.483572310292703,816.198217778247,-6.61375752559081,105543.520071978,7393.73393595203,6999972.36015243,-939048.292796314,30622218.1140163,-472622263.32369,-61196059226.3466,151355538609.782,0.00365487854478224,0.0999886760414069,0.0365529246858784,0.0729609387095129,-0.00545121168617138
0.023,0.0221621777191729,-0.00414056830016345,5.17828890561771,-0.486664140197267,925.244277897519,0.237988367517857,112548.604197983,6243.6004345955,6999996.54865327,-1335992.78681511,-30573841.1123303,-321266724.713908,29650186926.3036,154078678841.924,0.00414056830016345,0.0999817174857306,0.041413254385777,0.0852589125998936,-0.00373457261841915
0.024,0.0278221383173607,-0.00462613097569518,6.16097312488051,-0.48353911920146,1041.2890201541,5.76646789953857,119538.255523902,4772.65406523043,6984247.80100409,-1580220.17210806,-923654.186026652,-167188045.871984,33347298845.9469,151654140907.447,0.00462613097569518,0.0999712415272421,0.0462746176302569,0.0981169160590458,-0.00167479731281041
0.025,0.0345239700438492,-0.0051060584437128,7.26319555350529,-0.475655396682061,1164.32063510692,9.72746612694077,126527.599380954,3134.11556033762,6999997.79624103,-1671581.14752632,32423644.6599203,-15533904.9645373,-199989506313.78,144186906560.338,0.0051060584437128,0.0999558179469094,0.051083154023359,0.111406079181324,0.000577029728814131
0.026,0.0423907055071468,-0.0055763973331421,8.49194633900804,-0.464638915321358,1294.34530443068,12.0292099171278,133510.477415139,1478.79861142242,6932426.68774406,-1615021.59921069,-167565861.65386,128653001.595801,-199996696344.512,129501216698.707,0.0055763973331421,0.0999335657395876,0.0558010443425324,0.125025186210492,0.00283790405304179
0.027,0.0515523634215627,-0.00603484121766515,9.85419363804421,-0.452133036646515,1431.2857343504,12.7273357799066,140325.788389332,-50.3129508739143,6664862.47791795,-1421617.98926553,-367562557.998372,258154218.294508,-199997608874.002,102087350585.626,0.00603484121766515,0.0999020508677297,0.0604075808779469,0.138910146679376,0.00491020629348938
0.028,0.0621458619199878,-0.00648067591292327,11.3567360952489,-0.439656186519906,1574.87436031865,12.0134931770568,146773.536653438,-1325.83927256125,6197301.11548257,-1112420.09567821,-567560166.872374,360241568.880134,-199997812586.511,52459961890.9865,0.00648067591292327,0.0998581711197339,0.0648988043767864,0.153038920940433,0.00660164153441476
0.029,0.074314750664942,-0.00691458960202993,13.0060047924248,-0.42847556909669,1724.6436209265,10.1936699498819,152653.72471672,-2249.39525681757,5529742.04231694,-725948.545852583,-767557979.458885,412701530.77112,-199997697519.782,-14514992924.9625,0.00691458960202993,0.0997980296281128,0.0692858328746213,0.167430531011625,0.00774572641496075
0.03,0.0882087432871102,-0.00733837006419751,14.8078632511534,-0.419510513260685,1879.92595709707,7.64947921722803,157766.354819721,-2771.41220277208,4662185.21409817,-320504.511543944,-967555676.978666,398186537.846158,-199997251801.908,-62443479686.2588,0.00733837006419751,0.0997167998232468,0.073592113637874,0.182138147223727,0.0082206074170035
0.031,0.103983049826261,-0.00775452786274393,16.7674074350658,-0.413284086820021,2039.85381202552,4.78157737000474,161911.42932003,-2903.23069200732,3594630.91121855,46460.2864590842,-1167552928.78057,335743058.159899,-199996145662.275,-85083754276.8546,0.00775452786274393,0.0996085861267111,0.0778499943055057,0.197236993973162,0.0079640224651877
0.032,0.121797509174468,-0.00816590041712875,18.8887657522299,-0.409933101152139,2203.35963147362,1.95398884115874,164888.951075914,-2703.0795021811,2327079.90960684,339661.467480556,-1367549074.44285,250659303.883044,-199992538981.441,-93289544969.0474,0.00816590041712875,0.0994662865206871,0.0820971678220881,0.212808315739039,0.00698246431354491
0.033,0.141815521521934,-0.00857529092529081,21.1748990580772,-0.409264375092704,2369.17586463614,-0.541370441008615,166498.92435847,-2253.63664025386,859534.56567327,543675.998879076,-1567541613.42429,157369758.913997,-17825808766.746,-92580985826.4512,0.00857529092529081,0.0992814652073222,0.0863735331401854,0.228921012263428,0.00535320201617274
0.034,0.164202781059391,-0.00898517775571414,23.6274021778712,-0.410836165622286,2535.84255659985,-2.50079832974671,166571.717149303,-1646.7059262222,-716919.952134392,654755.264879848,-1585367422.19103,64788773.0875458,199992362541.115,-84866956099.448,0.00898517775571414,0.0990442458289333,0.0907188265256026,0.245612760927809,0.00321870675711359
0.035,0.189125823663127,-0.00939751106798397,26.2463467160141,-0.414049198730086,2701.79991888449,-3.81286461785187,165095.445546497,-973.700767481817,-2202291.19305487,677110.559917669,-1385375059.64992,-20078183.0119022,199995961893.615,-70544205431.891,0.00939751106798397,0.0987432378761369,0.0951711860995704,0.262872613018012,0.00077395622438183
0.036,0.216750483217022,-0.00981360103484049,29.0302712518119,-0.41823748643103,2865.57165615626,-4.45429581110316,162233.799483932,-318.386666642081,-3487668.27175798,621760.274189822,-1185379097.7563,-90622388.4437931,199997054251.975,-49919568552.7627,0.00981360103484049,0.0983655098637877,0.0997666870067562,0.280627650600161,-0.00175210103394205
0.037,0.247240424343596,-0.0102340936514627,31.9763308055112,-0.422751540792346,3025.87239153195,-4.47898605408066,158186.774505671,249.742485233717,-4573048.8423883,506178.101469647,-985382043.504329,-140541956.996556,199997476844.569,-24861991050.74,0.0102340936514627,0.0978966223463011,0.104539803378103,0.298736582637028,-0.00411900617847214
0.038,0.280755857329846,-0.0106590231764939,35.0804950185494,-0.427027355685032,3181.61674450405,-4.00061409390533,153154.367554338,681.505943029963,-5458432.14747034,353205.148947721,-785384566.65976,-165403948.047296,199997553027.617,179864753.505346,0.0106590231764939,0.0973207337963728,0.109524689762369,0.316991844387217,-0.00609883508304492
0.039,0.317452452746803,-0.0110879239161372,38.3377481504287,-0.430635239614893,3331.91933178825,-3.17006540671133,147336.576049043,952.039095412954,-6143817.93761629,187891.133277178,-585387013.632143,-165224083.29379,199997278986.175,20270920596.9398,0.0110879239161372,0.0966207928510311,0.114757119963117,0.335130059833596,-0.00749930079240799
0.04,0.357480456066269,-0.011519979035189,41.7422890761036,-0.433304685697484,3476.09476758617,-2.15077347018388,140933.397484442,1060.69667380939,-6629206.31175535,32802.5102818578,-385389734.645969,-144953162.696851,199996218527.775,33255649694.3426,0.011519979035189,0.0957788301483246,0.120276881826067,0.352849747935779,-0.00818346081755569
0.041,0.400984002275008,-0.011954182119826,45.2877312834429,-0.434925406330415,3613.65766346807,-1.09644874961243,134144.829008451,1026.56521102522,-6914597.93713743,-95522.8275678214,-185393516.118194,-111697513.002508,199989089970.613,39531800630.3368,0.011954182119826,0.0947763621714487,0.126130417394593,0.369834459883569,-0.00808391853343919
0.042,0.448100630486256,-0.0123894895123545,48.9673028702716,-0.435528817577146,3744.32262746734,-0.134614046178614,127170.86582825,881.782260394531,-6999996.90827031,-187454.440255161,14595573.8524194,-72165712.3721711,-29140324661.2974,40229743253.0106,0.0123894895123545,0.093594918391348,0.132373527594205,0.385779028864349,-0.00720999225238109
0.043,0.498960998229185,-0.0128249470293526,52.7740446298146,-0.435256454556658,3867.99471325691,0.64308961466185,120173.309986129,664.949921162119,-6999971.49674854,-239505.281000827,-14544750.808878,-31935969.1191605,29046078937.5232,36451689001.8621,0.0128249470293526,0.0922167016696962,0.139074015846818,0.400416336902657,-0.00564708307454044
0.044,0.553688777354282,-0.0132597813090075,56.7009589721678,-0.434321834429553,3984.66682362281,1.18448305417877,113170.907127132,415.551937102023,-6999993.20808866,-253215.405619056,14501328.1286451,4515719.88270153,-28973635888.1254,29259114310.6735,0.0132597813090075,0.0906253910102196,0.146314196950745,0.413541812017372,-0.00354830560767486
0.045,0.612400639970335,-0.013693452115627,60.7410449465945,-0.432971345993479,4094.33894379909,1.47539903821466,106173.335643793,169.470910476096,-6999978.69790407,-234070.128581018,-14472307.7594803,33774834.193375,28914649878.8019,19831162805.9956,0.013693452115627,0.0888070970393497,0.154193218471713,0.425032410001054,-0.00111925662632645
0.046,0.675206258198548,-0.0141256669608715,64.8873035330418,-0.431448650643675,4197.01108281972,1.53429032188273,99170.9399003223,-44.4066072072347,-6999993.68072415,-190379.712984645,14442342.1193216,53605996.9993705,-28862171414.859,9535907446.81231,0.0141256669608715,0.0867514802125116,0.162829117454462,0.434857563037148,0.00140249775045595
0.047,0.742208304176846,-0.0145563633399825,69.1327337814444,-0.429965980528456,4292.68323034623,1.40402552049335,92173.3570287553,-206.394003784392,-6999982.42431226,-132005.762261868,-14419829.2955374,63141904.4461828,28816457885.6644,-212198685.151731,0.0145563633399825,0.0844530392321481,0.172360444009236,0.443080998341257,0.00377110346574787
0.048,0.813502450053558,-0.0149856666811036,73.4703366658785,-0.428684523825869,4381.35539354369,1.14214344470717,85170.9674327762,-306.864180270695,-6999994.02466496,-68969.9571582614,14396628.590127,62929705.7610311,-28774441282.7415,-8247725453.7476,0.0149856666811036,0.0819125751983262,0.182947082848029,0.449853361582728,0.00575684655924002
0.049,0.889177367991037,-0.0154138336380263,77.8931112375403,-0.427704754124129,4463.02756446718,0.810938914923614,78173.3759821925,-345.743905457398,-6999984.61671621,-10164.1141241041,-14377812.6926145,54681980.3072835,28736311971.9034,-13872141880.6769,0.0154138336380263,0.0791388351326193,0.194769528919602,0.455396477475093,0.00716884859933512
0.05,0.969314730160878,-0.0158411905337657,82.3940584662895,-0.427066218366291,4537.69974918523,0.468648609877016,71170.9918444587,-330.87905307464,-6999994.27342287,37581.795242841,14358499.2792888,40809838.4266066,-28700414890.8133,-16852754208.4285,0.0158411905337657,0.0761503364587935,0.20802522051019,0.459980883024598,0.00787374807155848
0.051,1.0539892087471,-0.0162680756917524,86.9661774047854,-0.426755185680095,4605.37194112557,0.162659896069547,64173.3934181937,-275.701130986567,-6999985.98158899,69965.2565652333,-14341915.6115245,23957084.2181781,28666898021.69,-17290235144.1104,0.0162680756917524,0.0729773717921961,0.222919451498965,0.463898902855858,0.00780851566048741
0.052,1.14326847594223,-0.0166947924068258,91.6024690196008,-0.426717861346875,4666.04414568778,-0.0747861857290457,57171.0142951359,-196.639038169597,-6999994.44818967,85277.2232113562,14324982.4101655,6666849.0740677,-28634735407.6554,-15497387951.2945,0.0166947924068258,0.0696641910038539,0.239646684562836,0.467435941412942,0.00698616442347442
0.053,1.23721320395023,-0.017121576847188,96.2959323649463,-0.426876605540675,4719.71635714191,-0.22832119527859,50173.40988225,-110.611288413089,-6999986.83348333,84195.3783097766,-14309752.9974899,-8830538.87722684,28604047638.1951,-11934136933.665,0.017121576847188,0.0662713549979526,0.258355617562323,0.470842806783963,0.00549384641317293
0.054,1.33587706498309,-0.0175485826305633,101.039568404684,-0.42714666720737,4766.38858048391,-0.298803806721898,43171.035513541,-32.8202023642034,-6999994.56266172,69397.7709657173,14294294.6407052,-20764675.8108918,-28574121684.422,-7172784425.93077,0.0175485826305633,0.0628782529958474,0.279088266522326,0.474311745516059,0.0034835990424122
0.055,1.43930673126359,-0.0179758814611351,105.826376194643,-0.427451239788142,4806.06081051016,-0.300684768922806,36173.4257445855,24.9997666250795,-6999987.32886322,45046.7029418601,-14279827.0437168,-27937460.2368226,28545060468.8591,-1859593993.29078,0.0179758814611351,0.0595857723726793,0.301680766151774,0.477958473209996,0.00115673911026645
0.056,1.54754187502229,-0.0184034772351289,110.649356696353,-0.427733096447388,4838.73305199666,-0.257895377282654,29171.0560122786,55.7678071163131,-6999994.62567251,16179.4457083921,14265233.4251423,-29797054.2301134,-28516312430.2713,3342613887.99861,0.0184034772351289,0.0565191072698413,0.325615143694052,0.48181187406038,-0.00125647289043979
0.057,1.66061516850014,-0.0188313295541531,115.501508967334,-0.427961625035639,4864.40530005532,-0.198864747438497,22173.4412845803,57.605828024315,-6999987.5484625,-11946.301577722,-14251079.005129,-26454440.3421147,28487969567.5861,7822491991.34375,0.0188313295541531,0.0538306893278036,0.349825160875782,0.485812275466873,-0.00351982146471419
0.058,1.77855228394571,-0.0192593817179428,120.375833967045,-0.428134715000242,4883.07755938456,-0.151315206427089,15171.0761915431,33.7360549407596,-6999994.64268384,-34489.4959241648,14236890.562457,-18631948.350771,-28459556749.7144,11077149118.3563,0.0192593817179428,0.0517032209768711,0.372498682945851,0.489818358550932,-0.0054144605193935
0.059,1.90137189361781,-0.0196875880448141,125.265330754792,-0.428275594450125,4894.74982525499,-0.137467676293609,8173.45673468223,-8.22322363906465,-6999987.53049624,-47582.8697157577,-14222666.1872573,-7554799.23241471,28431160094.3303,12743555815.7479,0.0196875880448141,0.0503527888108568,0.390993001773302,0.493621924434605,-0.00676025030836328
0.06,2.02908566978284,-0.0201159357715165,130.163000288141,-0.428425312803527,4899.42210241173,-0.170210486503632,1171.09639777475,-57.4595670017384,-6999994.61663633,-48765.8910402984,14208493.9070729,5188756.58333318,-28402323232.6673,12608568758.4697,0.0201159357715165,0.05,0.402318715430329,0.496968981882851,-0.00743301001768491
0.061,2.16169828471743,-0.0205444577373183,135.061841628317,-0.428632059452441,4897.09438615337,-0.250662849230028,-5826.52769244682,-101.529651623959,-6999987.28434559,-37272.8500777304,-14193829.3255944,17797325.3418029,28373130525.2943,10613957929.3123,0.0205444577373183,0.05,0.410889154746367,0.49958502599508,-0.00737602185522064
0.062,2.29920741070587,-0.0209732334397868,139.95485573111,-0.42893886926429,4887.76668139431,-0.367420456755496,-12828.8830363677,-128.134846042569,-6999994.54840854,-14168.5457712713,14179301.1996999,28411283.2711152,-28343094482.5016,6870820696.35565,0.0209732334397868,0.05,0.419464668795735,0.501201996721858,-0.00660471592518751
0.063,2.44160372004286,-0.0214023777191397,144.83504165984,-0.429371477508054,4871.43898333833,-0.4976180776095,-19826.5117832568,-126.952613395557,-6999986.79445009,17678.1478480217,-14163793.2828017,35282103.9674708,28312301449.2813,1684212467.77116,0.0214023777191397,0.05,0.428047554382793,0.501584273769723,-0.00520415811536696
0.064,2.58887088503091,-0.0218320181315092,149.695400368598,-0.429928141411617,4848.11129720486,-0.60978109090031,-26828.86175744,-91.3527114858376,-6999994.43700825,53802.3580493781,14148508.1664796,36966316.435242,-28280176376.7938,-4430750389.09198,0.0218320181315092,0.05,0.436640362630184,0.500551191368284,-0.00331968556852404
0.065,2.74098557798334,-0.0222622638452545,154.528930923038,-0.43057312845832,4817.78361797293,-0.668256185221797,-33826.4953030945,-19.8056536170205,-6999986.01703017,88553.299290074,-14131668.2103142,32535566.04615,28246811383.0896,-10771444378.208,0.0222622638452545,0.05,0.445245276905089,0.497993926166348,-0.00114171382457477
0.066,2.89791747122153,-0.0226931704568575,159.328634275594,-0.431235262700587,4780.45595133376,-0.638811405035181,-40828.8393523327,83.2201879664271,-6999994.27954893,115703.14314712,14115143.1727754,21764121.6679417,-28211463478.2261,-16522096956.2877,0.0226931704568575,0.05,0.45386340913715,0.493885185839056,0.0011136909265394
0.067,3.05962923707825,-0.0231247062758446,164.087509494574,-0.431812411000186,4736.12829188787,-0.494800712590382,-47826.4779708749,207.05170912147,-6999984.86811527,129206.216336918,-14096320.3054506,5242024.71165395,28174234809.8336,-20853847197.471,0.0231247062758446,0.05,0.462494125516893,0.488280845781925,0.00322647778421712
0.068,3.22607654789473,-0.0235567261802707,168.79855753077,-0.43218210685319,4684.80064602267,-0.223141134815073,-54828.8152933413,335.403296614636,-6999994.07101581,124021.317449836,14077914.5043829,-15611822.4858171,-28134078754.4636,-23004932529.2694,0.0235567261802707,0.05,0.471134523605414,0.481313475301243,0.00499432042409813
0.069,3.39720807602445,-0.0239889589516368,173.454777455596,-0.432217718320497,4626.47300775962,0.170712311254792,-61826.4594202306,447.784547400021,-6999983.19588865,96907.028699384,-14056164.2500807,-38616755.0150855,28091112715.1034,-22321120722.8722,0.0239889589516368,0.05,0.479779179032736,0.473178484257595,0.00625219996236764
0.07,3.57296549382994,-0.0244210129980588,178.049170218199,-0.431808757604891,4561.14538451044,0.659584200471871,-68828.7888461251,521.663011804717,-6999993.80378118,47129.7133228624,14034948.4650227,-60937875.7379577,-28043724068.4889,-18285868796.5135,0.0244210129980588,0.05,0.488420259961175,0.464114329949258,0.0068879353057159
0.071,3.75328347368718,-0.0248524035892027,182.574734893744,-0.430883178406692,4488.817769432,1.19389384511517,-75826.4391296852,535.276142459181,-6999980.7173504,-22951.096813352,-14008775.6034662,-79223744.5344712,27992052364.0093,-10616037841.8409,0.0248524035892027,0.05,0.497048071784055,0.454378783729607,0.00685217052780978
0.072,3.93808968798206,-0.0252826022392345,187.024472429727,-0.429428861129487,4409.49017148322,1.70404814683519,-82828.7588927767,470.943833738287,-6999993.46677186,-107482.860268744,13983276.7605425,-89839782.376312,-27933336544.1369,492405682.787556,0.0252826022392345,0.05,0.505652044784691,0.444223615251524,0.00616191081646539
0.073,4.12730480911572,-0.0257111058120851,191.391381906045,-0.427510994096712,4323.16258251416,2.10629777027983,-89826.4162772589,318.623149895185,-6999976.85828339,-197076.439803662,-13950059.7835944,-89347376.6935245,27867747933.4817,14043554251.6101,0.0257111058120851,0.05,0.514222116241702,0.433870176654855,0.00489736722900936
0.074,4.32084250950039,-0.0261375194900132,195.668464268589,-0.425281836602529,4229.83501395396,2.31207661891808,-96828.7235407785,79.2136141200292,-6999993.04410024,-279402.039371381,13917688.1498879,-75303822.4419144,-27789833149.4327,28228212623.8458,0.0261375194900132,0.05,0.522750389800265,0.423488250500713,0.00319255776804158
0.075,4.51860946156638,-0.0265616443161149,199.848718603587,-0.422979622607276,4129.50745559611,2.24021475180476,-103826.389379662,-233.135634368335,-6999970.27252507,-340591.755501373,-13872144.9995448,-47075609.8180686,27699809438.2777,40952011854.2291,0.0265616443161149,0.05,0.531232886322298,0.413180178267254,0.00122074741525519
0.076,4.72050533775697,-0.0269835572140275,203.925145855607,-0.420914361182216,4022.17992321474,1.83064363854332,-110828.679089781,-590.439859469704,-6999992.51280547,-367191.359392327,13827664.4387328,-6123597.96383951,-27584151043.8727,50445815838.2186,0.0269835572140275,0.05,0.539671144280549,0.402971747318371,-0.000823674425495021
0.077,4.92642281053824,-0.02740366994064,207.890745120143,-0.419439970801423,3907.85240313967,1.05768940871008,-117826.355128874,-952.285381870914,-6999956.92388867,-348092.049437057,-13756486.6051399,44322217.8743791,27443142938.7399,55394919725.2998,0.02740366994064,0.05,0.5480733988128,0.39281063848736,-0.0027449399760994
0.078,5.1362475523927,-0.0278227538385135,211.738517341737,-0.418914131041812,3786.52492026537,-0.0589468399117497,-124828.616438909,-1268.9838357499,-6999991.83902444,-276072.371700028,13686656.3336001,99717137.5996789,-27223150692.7224,54594933513.1295,0.0278227538385135,0.05,0.556455076770271,0.38257249075712,-0.0043652038308998
0.079,5.34985823583508,-0.0282419195364943,215.461461631894,-0.419648972023036,3658.1974547184,-1.447072549682,-131826.302141549,-1486.09848306456,-6999916.7580372,-149057.767343784,-13536494.3591223,154312071.112808,26924562002.7782,46441045112.565,0.0282419195364943,0.05,0.564838390729886,0.37207389816214,-0.00554142097324334
0.08,5.56712653340537,-0.0286625445881776,219.052578943099,-0.421857120097135,3522.87005997219,-2.9800461943533,-138828.499719765,-1550.26004066652,-6999990.97139493,28474.8263253065,13388067.6436558,200753116.225373,-5721017030.39077,28652290128.4527,0.0286625445881776,0.05,0.573250891763553,0.361090987828422,-0.00617812237442404
0.081,5.7879171177325,-0.0290861472088568,222.50486859821,-0.425598947025174,3380.54355773562,-4.48141612373091,-145822.750160176,-1416.63327454045,-6989463.41226647,243554.087614906,7667050.61326505,229405406.353826,-36386939313.7176,-301055902.517128,0.0290861472088568,0.05,0.581722944177136,0.349381703011189,-0.00623487883817113
0.082,6.0120876631036,-0.029514210910109,225.811335886533,-0.43073853138844,3231.22583758861,-5.73805066406755,-152814.444537022,-1058.42665973238,-6999989.83131007,472808.966017473,-28719888.7004526,229104350.451309,57448915960.4786,-36174307284.8598,0.029514210910109,0.05,0.590284218202181,0.336709591502398,-0.00572784014881516
0.083,6.23948885100905,-0.0299479733119384,228.96498711896,-0.436917749325996,3074.90900519265,-6.52339604518617,-159819.219493355,-477.094569703399,-6999985.26203028,683826.162826351,28729027.260026,192930043.166449,199975014117.333,-69073603951.5042,0.0299479733119384,0.05,0.598959466238768,0.322866790190961,-0.00472540307281716
0.084,6.46996436494513,-0.030388202270477,231.958822713697,-0.443558258490464,2911.60291353174,-6.6293005931133,-166771.511072736,291.684347380931,-6871268.72771159,842219.404017048,228704041.377359,123856439.214944,199987122874.83,-93133136596.7817,0.030388202270477,0.05,0.60776404540954,0.307693837315411,-0.00333872809266254
0.085,6.70335090974451,-0.0308349905699455,234.785905856132,-0.449896962433722,2741.44221823217,-5.89974435121289,-173495.096592613,1180.30978157265,-6542571.12489681,919509.274933601,428691164.252189,30723302.6181629,199988332358.403,-108285595853,0.0308349905699455,0.05,0.616699811398911,0.291094768788438,-0.00170839568129895
0.086,6.93947835210338,-0.0312876022677406,237.439529626249,-0.455052922590683,2564.75561745166,-4.25907128156429,-179789.990746657,2097.1331085065,-6013885.79446542,896089.779625264,628679496.610592,-77562293.2348374,199985890615.848,-115932862807.405,0.0312876022677406,0.05,0.625752045354813,0.273047029091543,1.11298519442945e-05
0.087,7.17817004947808,-0.0317443986740835,239.913415795556,-0.458118276890798,2382.07179646932,-1.73165086806794,-185456.205811048,2935.11959771311,-5285213.35254691,760561.054986724,828665387.22644,-193495156.042242,199974996428.486,-116470361036.537,0.0317443986740835,0.05,0.63488797348167,0.253605950020943,0.00166741819507954
0.088,7.4192433787703,-0.0322028636739888,242.201914814411,-0.458264640668688,2194.11942717138,1.54664713275497,-190293.757303911,3579.52134783929,-4356560.46710622,508830.718426214,1028640383.65493,-309965517.078779,137400611670.379,-107770629829.406,0.0322028636739888,0.05,0.644057273479776,0.232903540484384,0.00312462776050216
0.089,7.66251046491156,-0.0326597399356473,244.30020527454,-0.454857241060736,2001.82455472335,5.32443247738467,-194113.097477244,3915.40753608788,-3259219.77761611,144979.886432732,1166040995.3253,-417736146.908185,-199976202051.404,-81056757883.7687,0.0326597399356473,0.05,0.653194798712945,0.211141777183425,0.00427518630506746
0.09,7.90777910391899,-0.0331112799454314,246.204476995802,-0.447569022646672,1806.26785518143,9.23932990062572,-196822.626124206,3838.00988941923,-2193166.8833165,-313284.639417337,966064793.273902,-498792904.791953,-199987335585.043,-10492676042.298,0.0331112799454314,0.05,0.662225598908628,0.188581064409051,0.00504745886264985
0.091,8.15485382746219,-0.0335536068595202,247.912006596246,-0.436483772384573,1608.5013236088,12.8371281247025,-198566.091833483,3273.58001826553,-1327095.75783512,-817323.882230439,766077457.688859,-509285580.834251,-199990344849.111,85205174800.7408,0.0335536068595202,0.05,0.671072137190404,0.165524529269252,0.00540875607289726
0.092,8.40353694118216,-0.0339831646520405,249.421033944619,-0.422166585087188,1409.39103054164,15.6207154873305,-199543.480586616,2215.81420808475,-661013.472570818,-1284006.87566432,566087112.839748,-424080406.033511,-199990785937.746,133554908974.884,0.0339831646520405,0.05,0.679663293040809,0.142298099883084,0.00536364835454635
0.093,8.65362939029269,-0.0343972084258129,250.730564986329,-0.405668520701102,1209.60305812147,17.1294109777848,-199954.782300423,742.026280899492,-194921.752699942,-1641309.82721039,366096326.901999,-290525497.058627,-199988432735.97,154909095825.813,0.0343972084258129,0.05,0.687944168516259,0.119226934191612,0.00494828683201333
0.094,8.90493142566233,-0.0347942591637821,251.840171753784,-0.388452462540648,1009.60349814781,17.0088159745621,-199999.987295128,-1018.72811220257,71180.3578340715,-1854380.77635611,166107894.166029,-135616401.232813,-199975753673.51,165550856997.253,0.0347942591637821,0.05,0.695885183275641,0.0966102772326034,0.00422206985923086
0.095,9.15724306990631,-0.0351744551724248,252.749792376375,-0.372266345177823,809.658453357562,15.0471926930175,-199879.08228249,-2913.32527967555,137300.375163345,-1907221.74909029,-33867859.5074812,29934455.7644396,-199907039678.042,171020246803.501,0.0351744551724248,0.05,0.703489103448495,0.0746972076621203,0.00325815756694083
0.096,9.41036438348995,-0.0355397624560603,253.459531094935,-0.358991012978445,609.834047159416,11.1923714583744,-199792.033677026,-4777.07642641637,3478.99581684344,-1791777.1699241,-233774899.185523,200954702.56794,199178410208.025,173281882286.828,0.0355397624560603,0.05,0.710795249121206,0.053665621679294,0.0021341386145784
0.097,9.66409553140965,-0.0358940262048043,253.969461624287,-0.350475992133307,410.013089597526,5.56011897585256,-199872.245729101,-6439.49593134203,-130706.698264667,-1504181.52621275,-34596488.9774979,374236584.854768,199556374077.343,172679382441.993,0.0358940262048043,0.05,0.717880524096085,0.0336064638198593,0.000923928358936356
0.098,9.91823668208053,-0.0362428547025311,254.27951702802,-0.348369285858271,210.078039286717,-1.56189998018496,-199986.991276175,-7727.77926805373,-65525.0002034931,-1043605.25013698,164959885.099845,546915967.296761,-179264053706.212,167714870327.767,0.0362428547025311,0.05,0.724857094050622,0.0145149822378217,-0.000308244315493484
0.099,10.1725879053585,-0.0365933315945725,254.389596030297,-0.353944823891616,10.0783094890524,-9.71334109249407,-199999.913676113,-8469.97405615437,9802.85804324626,-412831.84767634,-14304168.6063664,714630837.624528,-15952594189.8951,149572218148.524,0.0365933315945725,0.05,0.73186663189145,-0.00370860414407495,-0.00151116319507194
0.1,10.4269492074916,-0.0369535557896839,254.299675287812,-0.367930934600081,-189.919751477564,-18.2643937571263,-199999.921668071,-8500.5617819937,-12477.6076580677,376585.09902245,-30256762.7962616,864203055.773052,197396941519.382,1184063364.53394,0.0369535557896839,0.05,0.739071115793678,-0.0212478722762901,-0.00264696694429467
0.101,10.6811205890856,-0.0373320127870771,254.009753880175,-0.390346826737182,-389.9227298707,-26.4325798110064,-199994.628166874,-7691.67781119063,55964.1003053616,1241380.18647777,167140178.72312,865387119.137586,-199312125596.194,-162236434786.229,0.0373320127870771,0.05,0.746640255741541,-0.0383507283760026,-0.00368854826990381
0.102,10.9349020526106,-0.0377367991396162,253.519848466811,-0.420383642929696,-589.869823962867,-33.3660961938847,-199888.312664806,-6044.64347094178,123448.216230385,2025649.08822224,-32171946.8730741,703150684.351356,-190677219193.353,-181683905097.033,0.0377367991396162,0.05,0.754735982792325,-0.0553044160151789,-0.00461451158091749
0.103,11.1880936560574,-0.0381747832619257,252.830052131744,-0.456406668765043,-789.709719394837,-38.2882935027025,-199812.729958545,-3697.69969139336,-4062.34023936597,2637957.82002508,-222849166.066427,521466779.254323,199916815238.698,-188424216012.451,0.0381747832619257,0.05,0.763495665238515,-0.0724065611556297,-0.00540302033437062
0.104,11.4404955494591,-0.0386508363619587,251.940427750905,-0.496083994896102,-989.553292183877,-40.5879541632081,-199894.897412611,-830.412517743199,-126953.098686444,3065212.49127318,-22932350.8277293,333042563.241873,199976470817.517,-191624880091.79,0.0386508363619587,0.05,0.773016727239174,-0.0899357376389201,-0.00602644730557252
0.105,11.6919078795446,-0.0391672225096265,250.850906562121,-0.536564006670169,-1189.50715585135,-39.8382377114449,-199999.987274908,2369.38377513562,-49897.2141054148,3302442.61446915,177044119.989788,141417683.150083,199988580426.01,-193359427833.969,0.0391672225096265,0.05,0.78334445019253,-0.108125534808908,-0.00644820313536931
0.106,11.9421306988717,-0.039723172226155,249.561400139839,-0.574662864316735,-1389.49425152246,-35.8021196580428,-199928.030998948,5710.30865987415,227141.196097378,3347180.58370225,377032700.415797,-51941744.6838859,199990863300.685,-194328641163.322,0.039723172226155,0.05,0.7944634445231,-0.127143278948041,-0.00662226151136814
0.107,12.1909640434312,-0.0403146456690819,248.07199710597,-0.607055749858929,-1589.23754018732,-28.43497469048,-199479.041642092,8999.1302643739,704169.328163518,3198074.5184367,577023563.716482,-246270385.847208,199990408905.161,-194807609531.913,0.0403146456690819,0.05,0.806292913381638,-0.147073827224562,-0.00649545256275967
0.108,12.4382082096868,-0.0409342881209564,246.383163115751,-0.630470031660305,-1788.25999363768,-17.8859692149261,-198453.028797253,12041.601654965,1381188.09633258,2854400.32782354,777013972.621643,-441077995.379121,199987407485.957,-194878223272.397,0.0409342881209564,0.05,0.818685762419128,-0.167909646170671,-0.00601229314126922
0.109,12.6836642316033,-0.0415715792165822,244.495940847875,-0.64187946889478,-1985.88459324935,-4.49880032124882,-196650.002480029,14642.9832812203,2258195.7726972,2315883.22080822,977001380.1076,-635956218.651518,199976320979.414,-194455535471.428,0.0415715792165822,0.05,0.831431584331644,-0.189548055931382,-0.00512186639562538
0.11,12.9271345576651,-0.0422131766630021,242.412149994208,-0.63869891567719,-2181.23433193297,11.188029553289,-193869.976630448,16608.4791367908,3335185.31329451,1582699.23442099,1176977701.08701,-830411754.122947,-163143275937.516,-193083992804.545,0.0422131766630021,0.05,0.844263533260043,-0.211795818848977,-0.00378606317303348
0.111,13.1684239273782,-0.0428434547265153,240.134584219389,-0.618979072872797,-2373.24735059308,28.441411181903,-189973.493012599,17743.7918286829,4430591.37641276,655745.483895768,1013834425.1495,-1023495746.92749,-199975119899.304,-188317737541.79,0.0428434547265153,0.05,0.856869094530305,-0.234380539297295,-0.00198836922686151
0.112,13.4073404184523,-0.0434452372631141,237.667129130827,-0.581600689833171,-2560.84490780995,46.3346465556483,-185069.313610262,17856.4031495246,5344438.24161261,-461909.131802616,813859305.250193,-1211813484.46928,-199985956125.968,7150289456.76836,0.0434452372631141,0.05,0.868904745262283,-0.256967962382,0.000257665538981975
0.113,13.6436965094329,-0.0440007238972065,235.014672550174,-0.526465259200836,-2743.11469183003,63.7584241539207,-179351.276708712,16789.7789903968,6058304.56879982,-1670147.47154351,613873349.124225,-1204663195.01251,-199988384712.31,190903722516.868,0.0440007238972065,0.05,0.88001447794413,-0.279184925916657,0.0029011092784831
0.114,13.8773099900249,-0.0444925910110258,232.182915848904,-0.454638906899078,-2919.34283687885,79.5203065311486,-173019.366862802,14549.1172084332,6572183.72556788,-2779358.80529759,413884964.411915,-1013759472.49564,-199987179415.129,195794663573.345,0.0444925910110258,0.05,0.889851820220517,-0.300647292371202,0.00584835847535809
0.115,14.1080046749065,-0.0449051688944667,229.178174271195,-0.368347876587087,-3089.01546385061,92.5189425358326,-166273.571851597,11295.5111108167,6886075.10027223,-3695220.94600656,213897784.996786,-817964808.922297,-199975122744.186,197381121778.95,0.0449051688944667,0.05,0.898103377889335,-0.320990511171483,0.0089613261619124
0.116,14.3356109176084,-0.0452255352243731,226.00717694655,-0.270829485677871,-3251.81868081802,101.8387399189,-159313.877045951,7224.20461397883,6999985.32389693,-4414495.19403938,13922662.2526004,-620583687.143347,-27836218670.8307,198131110395.635,0.0452255352243731,0.05,0.904510704487463,-0.339899838890306,0.0120607949199988
0.117,14.5599659246451,-0.0454444301396376,222.676868339572,-0.166138599212032,-3407.63140460076,106.760521784268,-152311.569760706,2532.43942810038,6999989.87681411,-4936013.32598491,-13913556.4182303,-422452576.747712,-7884470663.68152,198547465279.851,0.0454444301396376,0.05,0.908888602792752,-0.357137280099632,0.0149354644591519
0.118,14.7809138835601,-0.0455569753166192,219.194247169635,-0.0589504742298653,-3556.44562686874,106.762818597638,-145319.850740545,-2581.70894204507,6982134.08506404,-5259192.17009269,-21798027.0819118,-223905111.467862,79309918652.1231,198796860311.125,0.0455569753166192,0.05,0.911139506332384,-0.372562535631272,0.0173559136420354
0.119,14.9983059787919,-0.0455631953891502,215.566305059075,0.0456372851292596,-3698.27473899132,101.522479254482,-138335.397349246,-7919.72085781984,6999991.01730819,-5383698.85140499,57511891.5702113,-25108251.1567364,-115173160185.646,198948575228.934,0.0455631953891502,0.05,0.911263907783004,-0.386145276000675,0.0190920735414123
0.12,15.2120003825675,-0.0454683410715734,211.800030723131,0.142303232540593,-3833.10535439833,90.9150137864012,-131325.845912851,-13282.8157389317,6999916.32878558,-5309332.81494726,-57661268.6154351,173840324.072197,115473657094.82,199034285287.764,0.0454683410715734,0.05,0.909366821431468,-0.397966806755765,0.0199324742389012
0.121,15.4218622643155,-0.0452830136318575,207.902427658226,0.225700851620917,-3960.93604095584,75.0147981225615,-124335.514608857,-18472.0560109616,6999991.88871755,-5035975.34823118,57812388.4793846,372874609.359961,-115695099340.422,199067075285.567,0.0452830136318575,0.05,0.90566027263715,-0.408210673864869,0.0197033744247171
0.122,15.6277637933549,-0.0450230905057129,203.880491970004,0.290657487847643,-4081.7667448514,54.0951946671813,-117325.899042456,-23288.4162086318,6999956.72752672,-4563567.20122843,-57882710.861037,571941684.645528,115837097930.177,199046821314.712,0.0450230905057129,0.05,0.900461810114257,-0.4171435066718,0.0182859164726855
0.123,15.8295841389794,-0.0447094519292318,199.741227488615,0.332373369504009,-4195.59748610282,28.6286120895976,-110335.577487372,-27532.8380973184,6999992.56563077,-3892102.10592555,57954387.0691395,770988505.96024,-115953613860.747,198956826581.634,0.0447094519292318,0.05,0.894189038584636,-0.42508804312613,0.0156296640873692
0.124,16.0272094704503,-0.0443675085297205,195.491630327683,0.346620661355262,-4302.42823964344,-0.713489108582622,-103325.933330517,-31006.2864791669,6999970.14576954,-3021635.18667449,-57999226.791607,969945332.541873,116044361134.123,198743357166.867,0.0443675085297205,0.05,0.88735017059441,-0.432391035200829,0.0117612514153598
0.125,16.2205329570125,-0.0440265298698886,191.138704333467,0.32994249372615,-4402.25901925716,-33.0606546524478,-96335.6220712873,-33509.8251067093,6999993.09954499,-1952318.17554919,58045134.3425159,1168688689.70874,-116122938151.194,198218670370.503,0.0440265298698886,0.05,0.880530597397773,-0.439389218542874,0.00678736337596985
0.126,16.4094547678882,-0.0437187740065543,186.689445619547,0.27985188734208,-4495.08980904538,-67.3435982873815,-89325.9602275962,-34844.7624923424,6999976.76481191,-684520.150655195,-58077803.8086782,1366907360.07924,116189127352.812,196199829144.621,0.0437187740065543,0.05,0.874375480131087,-0.446376682017371,0.000891827495581435
0.127,16.5938820722862,-0.0434784182370498,182.150858041516,0.195030410588664,-4580.92061931089,-102.294627968824,-82335.6575101299,-34813.1289914338,6999993.52467964,780487.123996358,58111323.5441336,1563107189.22386,-116248409748.325,-189142919698.68,0.0434784182370498,0.05,0.869568364740997,-0.453576792636395,-0.00567282801682767
0.128,16.7737290393977,-0.0433402920451193,177.529937711606,0.0755228525866764,-4659.75143852183,-136.464876488376,-75325.9830586362,-33282.6120927753,6999980.64334961,2249022.85337088,-58137086.2041916,1373964269.52518,116300614170.482,-197822408265.841,0.0433402920451193,0.05,0.866805840902385,-0.461121351043297,-0.0125984695718562
0.129,16.9489168384025,-0.0433384438485578,172.833688491788,-0.0771528928146977,-4731.58227491424,-168.40222570989,-68335.6875226936,-30379.5775060195,6999993.86423066,3524075.91876314,58163527.9662908,1176141861.25934,-116348515068.125,-198774024721.191,0.0433384438485578,0.05,0.866768876971156,-0.469038913868618,-0.0195380838177354
0.13,17.119373638465,-0.0435047047555414,168.069106492666,-0.260110211830457,-4796.41311943828,-196.832023864014,-61326.0033136578,-26300.5596607469,6999983.13466288,4600830.76766189,-58184987.1018343,977367836.53815,116391973398.811,-199100531335.544,0.0435047047555414,0.05,0.870094095110827,-0.477253305416223,-0.0261260495841361
0.131,17.2850346087402,-0.0438674148364285,163.243195580986,-0.46928664590814,-4854.2439790169,-220.67756935698,-54335.7140103127,-21244.2283967052,6999994.13426046,5478648.33853226,58206986.2969769,778267305.202606,-116432609245.772,-199223456610.281,0.0438674148364285,0.05,0.87734829672857,-0.485592335240922,-0.0320015477768973
0.132,17.4458419183691,-0.0444503464858722,158.362951865672,-0.699642453798138,-4905.07484615442,-239.061063344244,-47326.0218177781,-15409.6503150067,6999984.81593455,6157303.91542973,-58225622.9487954,579043848.592325,116470306012.653,-199213723490.247,0.0444503464858722,0.05,0.889006929717444,-0.493805747122463,-0.036833129001787
0.133,17.601744736484,-0.0452718266433855,153.435379217263,-0.945359658267985,-4948.9057269053,-251.303854965249,-40335.7380956492,-8996.02676252914,6999994.34599208,6636740.90227693,58244683.0638575,379830125.102078,-116506114851.585,-198980896365.033,0.0452718266433855,0.05,0.905436532867709,-0.501590537242638,-0.0403420518593656
0.134,17.7526992322048,-0.0463440581471702,148.467473743011,-1.20004123504971,-4985.73661480223,-256.926497126471,-33326.0390939338,-2202.53428042868,6999985.97163014,6917080.57919649,-58261431.7877279,180849228.737045,116539934717.809,-197041689731.281,0.0463440581471702,0.05,0.926881162943404,-0.508621087651368,-0.0423221397130877
0.135,17.898668574643,-0.0476726402747312,143.466239316597,-1.45691025918275,-5015.56751531837,-255.648559649584,-26335.7605157445,4772.13063151445,6999994.50720132,6999408.96306789,58278502.9300814,-16192460.9942362,-116572511487.02,6131579062.60189,0.0476726402747312,0.05,0.953452805494624,-0.514581122758334,-0.0426542683686241
0.136,18.0396229328987,-0.0492562879430145,138.438672043606,-1.70900680894544,-5038.39842268467,-247.379167797574,-19326.0555089927,11764.465293929,6999986.75438789,6986282.29160495,-58294008.5569386,-10060881.9316343,116603754473.624,45928268010.4352,0.0492562879430145,0.0500580965418578,0.983982439320823,-0.519194358438068,-0.0413141372635334
0.137,18.1755394760639,-0.051086732516599,133.391775800406,-1.94933940018197,-5054.22934199479,-232.121324493664,-12335.7817998043,18753.3718559032,6999994.62306776,6999185.54367854,58309745.9166853,35867386.0788009,-116634240579.3,-74935612486.3027,0.051086732516599,0.0510879153832121,0.999976846449807,-0.522250877800212,-0.0383724854487942
0.138,18.3064023732201,-0.0531487151895031,128.332546690903,-2.17091663781275,-5063.0602679521,-209.865504285429,-5326.07134387477,25758.0018238734,6999987.24869479,6997585.12351419,-58324494.6626148,-39068226.4075018,116663885291.693,81806633116.3155,0.0531487151895031,0.0531610181049375,0.999768572614428,-0.523626722192149,-0.0339869591236704
0.139,18.4322027934406,-0.055419980225056,123.267988593832,-2.36673782311981,-5064.89120542552,-180.611812661153,1664.19763837067,32749.6872730366,6999994.69667803,6999420.21366484,58339390.6290785,42738406.7088136,-116693177199.579,-87712011781.2923,0.055419980225056,0.0559957825537228,0.989717041134047,-0.523294875567273,-0.028385625659522
0.14,18.5529389057885,-0.0578712737964542,118.205097611373,-2.52980717227532,-5059.72214942275,-144.358946880657,8673.91316749663,39755.8580214256,6999987.49870731,6998302.61448301,-58353786.5705004,-44973605.0724787,116722034292.294,92358711755.5565,0.0578712737964542,0.0593520995861373,0.975050153237898,-0.521326682082099,-0.0218438978910966
0.141,18.6686158793194,-0.0604663431163947,113.150877624393,-2.65312291062047,-5047.5531047189,-101.107584873178,15664.1774453007,46747.0669519983,6999994.72928296,6999508.36528831,58368247.7217933,47385106.6830778,-116750913372.456,-96492873416.9773,0.0604663431163947,0.0630279841183535,0.959357084987066,-0.517883677611561,-0.0146571436508733
0.142,18.7792458830783,-0.0631619367345866,108.112324733271,-2.72968920701793,-5028.38406648906,-50.8568867571478,22673.8978128825,53754.1857250586,6999987.52031852,6998647.0352629,-58382665.6506626,-49107766.7338995,116779731365.488,100069206999.187,0.0631619367345866,0.0668561940347228,0.944743230549176,-0.51320075035626,-0.0071117078433978
0.143,18.8848480861031,-0.0659078040139821,103.096442820829,-2.75250377198689,-5002.21503953816,6.39260740804495,29664.1572889366,60744.9570781211,6999994.7203506,6999573.87202859,58397065.7148254,50961440.265288,-116808963104.134,-103464324577.045,0.0659078040139821,0.0707008896057331,0.932206148770124,-0.507562375986412,0.000542834169139013
0.144,18.9854486574213,-0.0686466953928624,98.110227985525,-2.71457082920381,-4969.04601908489,70.6415339820339,36673.8823816273,67752.7676161862,6999987.30451336,6998803.15000535,-58411897.3893089,-52502884.3117572,116838520592.653,106639416880.039,0.0686466953928624,0.0744543631673496,0.921996945142982,-0.501274326398485,0.00811749201834672
0.145,19.0810807660526,-0.071314361999755,93.1606841120069,-2.60888774318039,-4928.87701009555,141.889396001541,43664.1368242114,74743.0925601824,6999994.66742038,6999619.97413362,58426623.2033442,54136532.5682814,-116868954058.831,-109860839988.208,0.071314361999755,0.0780338658231754,0.913889902127279,-0.494633659747024,0.0155014916028474
0.146,19.1717845810067,-0.0738395559134557,88.2548072966361,-2.42845885738788,-4881.70800770684,220.136743769218,50673.8666442237,81751.4706606021,6999986.81359431,6998826.08670779,-58442330.8554872,-55724307.419927,116900165956.533,113096252159.187,0.0738395559134557,0.0813785548743946,0.907358898513557,-0.487899933298326,0.0226720711482967
0.147,19.2576072712854,-0.0761440298433864,83.3996014257912,-2.16628128665128,-4827.53901720405,305.383052432444,57664.115653383,88741.2839689598,6999994.56571709,6999649.90536746,58457835.1010462,57371944.7392597,-116932866165.17,-116660998941.953,0.0761440298433864,0.0844465825915098,0.901682785811654,-0.48127042321019,0.0296955995472583
0.148,19.3386030058797,-0.0781425374216768,78.6020625934774,-1.81535956559409,-4766.37003349805,397.628862469922,64673.8503256231,95750.1763468732,6999985.96773555,6998691.35063574,-58475031.0641241,-59289054.202693,116966941501.843,120529897890.295,0.0781425374216768,0.0872123438412758,0.896003180053207,-0.474861712566734,0.036720004305379
0.149,19.4148329537728,-0.0797428329078447,73.869194687735,-1.36869063235373,-4698.2010624045,496.873525062158,71664.0932680769,102739.311486723,6999994.40742234,6999667.2453782,58491910.4377184,61240843.6876015,-117003410938.634,-125427955276.334,0.0797428329078447,0.0896638970023926,0.889352744792219,-0.468699358271645,0.0439593665328325
0.15,19.4863652839362,-0.0808456715701495,69.2079937998336,-0.819279333871791,-4623.0320984231,603.117650814048,78673.8330622283,109748.694494732,6999984.61239074,6998194.11142763,-58511500.5009153,-64187111.5887321,117042137014.162,131338503085.783,0.0808456715701495,0.0918005695675215,0.880666339555611,-0.4627165419514,0.0516722663131335
0.151,19.5532751653333,-0.0813448093905885,64.6254638194157,-0.160122550100596,-4540.86314821572,716.360216950191,85664.0689472043,116736.68480088,6999994.18039691,6999676.25138179,58530636.5132466,67151391.4970508,-117084757893.175,-146246674495.7,0.0813448093905885,0.0936307568657515,0.868782995177763,-0.456761723015415,0.0601360768167853
0.152,19.615644766915,-0.0811270037084288,60.1286008344405,0.615774201210956,-4451.69420560381,836.601838163907,92673.8143195423,123745.562302261,6999982.43796357,6993704.30563099,-58554121.3799281,-79095282.9986494,117131098718.079,170462832923.295,0.0811270037084288,0.0951699194695783,0.852443757025156,-0.450614437911832,0.0696197418338637
0.153,19.6735632576231,-0.0800720133457796,55.7244087360735,1.51541256279708,-4355.52527862307,963.838172689855,99664.0415466022,130728.129438546,6999993.86594268,6999840.43909399,58576977.3381506,91367549.9246459,-117184176131.849,-199347347580.221,0.0800720133457796,0.0964387821001049,0.830288516736593,-0.444007606075504,0.0803577186109027
0.154,19.7271268063852,-0.0780526015305212,51.4198836080407,2.54578358603274,-4252.35635998794,1098.07314413345,106673.793205192,137740.429094672,6999978.7552149,6991534.31522852,-58607198.7936986,-107979797.655575,117243756667.385,-199791811143.704,0.0780526015305212,0.0974617342315938,0.800853813508474,-0.43665409243719,0.092527573208111
0.155,19.776438582119,-0.0749345344976298,47.2220293428459,3.71388603634274,-4142.18746011508,1239.283019094,113664.008987121,144644.674875882,6999993.4347549,6783658.61200109,58636557.8736863,-307771608.799279,-117316530653.084,-199852746683.564,0.0749345344976298,0.0982654301449203,0.762572701173928,-0.42827488854847,0.106233432019197
0.156,19.8216087537254,-0.0705766196958219,43.137842018349,5.02660751338676,-4025.01856983971,1387.25990080997,120673.767945704,151241.13889237,6999971.72730204,6375960.62986003,-58679972.7793976,-507624355.482844,117402169340.423,-199868262479.711,0.0705766196958219,0.0988775839037486,0.713777753353318,-0.418626151760317,0.121496396442794
0.157,19.862754490093,-0.0648309142183196,39.1743255277892,6.49052782716422,-3900.84970426877,1541.59608811375,127663.96671484,157329.975967409,6999992.83919285,5768402.14313733,58722196.5610249,-707492617.962555,-117523717885.382,-199864302881.606,0.0648309142183196,0.0993259526468165,0.652708707953153,-0.407522485515802,0.138251497494366
0.158,19.899999960089,-0.0575431325077091,35.338475939745,8.11171915922393,-3769.68085092315,1701.68402203712,134673.733365999,162711.321084418,6999953.17681118,4960977.37373397,-58801521.3243572,-907356920.844161,117689073138.55,-199841431899.795,0.0575431325077091,0.0996374997156338,0.577524854316273,-0.394854244132381,0.156351122481878
0.159,19.9334763325636,-0.0485532539154272,31.6372971450465,9.89554619948191,-3631.51203751092,1866.7162789286,141663.900627671,167185.313092413,6999996.1920561,3953699.73693991,58887551.8141925,-1107198352.74396,-199985073192.738,-199782258163.909,0.0485532539154272,0.0998377274842396,0.486321705620672,-0.380597252329958,0.175574493939103
0.16,19.9633217762195,-0.0376963301242715,28.0777845109872,11.846466286796,-3486.34665690663,2035.68558456993,148660.009750102,170552.116609954,6958891.20727392,2746610.255114,-141097521.378545,-1306980610.90786,-199994950916.965,-199587965370.918,0.0376963301242715,0.0999501683328201,0.377151241994391,-0.364814091020655,0.195642203097596
0.161,19.9896814525705,-0.0248034924190389,24.6669201284688,13.9678295772883,-3334.23905092941,2207.3848600404,155515.019704867,172611.971898719,6717796.2104369,1339835.66152068,-341092472.29551,-1506568576.27878,-199996327343.606,-138050267781.083,0.0248034924190389,0.0999960210172196,0.248044793850024,-0.347646995059393,0.216234321186567
0.162,20.0127074491315,-0.00970315866973597,21.4115423412712,16.2616798051121,-3175.43031504501,2380.40990291268,162028.936957933,173175.514894136,6276705.57446958,-235758.04864864,-541088799.639116,-1644618844.05986,-199996644356.583,199589320405.826,0.0159884505690466,0.1,0.159884505690466,-0.329303674570625,0.237010283442584
0.163,20.0325585378806,0.00777756542144645,18.3181484002955,18.7285713099229,-3010.36153995997,2553.2017518635,168001.765358523,172150.712310192,5635618.45265217,-1780582.23250559,-741085443.995698,-1445029523.65404,-199996476200.13,199787242447.18,0.0325585378805897,0.0999977374862169,0.325592745386638,-0.310038644008468,0.257628642773934
0.164,20.0493997341691,0.0278113434373293,15.3926944675595,21.3674931095662,-2839.67381280229,2724.22965927193,173233.508343144,169680.913189601,4794534.77055641,-3125718.13493604,-941081920.195828,-1245242281.20686,-199995803363.3,199847750649.766,0.0493997341690857,0.0999712637348919,0.494139338881282,-0.290132172646813,0.277765286520892
0.165,20.0634016556338,0.0505690911910215,12.6403956196788,24.1759920527134,-2664.20821721904,2892.14850000347,177524.169519709,165965.881872503,3753454.94867893,-4271036.54081801,-1141077723.55913,-1045394530.55709,-199994123474.635,199872155912.997,0.0634016556337897,0.0999057202249538,0.634614869809564,-0.269868938097587,0.297129992759362
0.166,20.0747396811136,0.0762186320801719,10.0655258515215,27.1503697617255,-2485.00583293407,3055.8129591903,180673.753252696,161205.460092392,2512380.16338249,-5216494.9934186,-1341071847.03376,-845522374.644094,-199988632695.309,199878734474.17,0.0747396811136483,0.0997876866967127,0.748987010199029,-0.249518463035181,0.315481160354113
0.167,20.0835929095701,0.104923551775806,7.67121808067548,30.2858824706869,-2303.30773443388,3214.27757967081,182482.266053779,155599.517034064,1071314.00000107,-5962078.00082561,-1541060479.72907,-645643640.169924,-70771055881.6947,199868923072.119,0.0835929095700614,0.0996016030395469,0.839272732757833,-0.229319215862042,0.332637564512791
0.168,20.0901429191921,0.136842252766483,5.4592652309897,33.576940892964,-2120.54960358738,3366.7967783029,182771.254637935,149347.928700332,-505132.007668851,-6507787.17945947,-1611831535.61077,-445774717.097805,199988342639.696,199826492764.143,0.0901429191921466,0.0993298134315423,0.907511210159201,-0.209467874381836,0.348486036543997
0.169,20.0945723372958,0.172127208774997,3.42995157297555,37.0173100956947,-1938.29122069494,3512.82484373118,181493.538252901,142650.558577784,-2016969.37195977,-6853648.65017521,-1411843192.97107,-245948224.333663,199993821756.133,199592061850.012,0.0945723372957801,0.0989527052297899,0.955732711664247,-0.190114628644459,0.362984371839737
0.17,20.0970632966535,0.210924419044602,1.58201379966054,40.6003093593642,-1758.03314125094,3652.01590294907,178803.979588081,135707.201159084,-3328815.65405277,-6999800.84358386,-1211849371.21494,-46356162.483651,199995478808.542,92885639925.7527,0.0970632966534737,0.0984489563518564,0.985925095097703,-0.17136416742857,0.376159242768718
0.171,20.0977959460241,0.253373062306639,-0.0872209815001864,44.3190110719591,-1581.08721124014,3784.21934789427,174902.571828223,128699.703174246,-4440667.28586345,-6999714.18610464,-1011853892.40639,46529477.4421016,199996113788.418,-89972465389.54,0.0977959460241422,0.0977959036826717,1.00000043295751,-0.153280549674533,0.388099380033432
0.172,20.0969471386835,0.2996053416111,-1.58163751198509,48.1664148413672,-1408.56528219884,3909.42320003565,169989.310281787,121708.258315964,-5352523.12137563,-6998170.94135731,-811857778.617984,-43442987.9474384,199996220017.226,83763795040.3357,0.0969471386835181,0.0969700437523441,0.999763792322457,-0.135894235758528,0.398944658640053
0.173,20.0946893205726,0.349746460926062,-2.90613238700222,52.1355246966444,-1241.37920993168,4027.62862254107,164264.190974439,114702.326513139,-6064382.78998499,-6999732.03178458,-611861558.600754,40320807.0928973,199995796460.493,-78983134054.5432,0.0946893205726376,0.095947676638491,0.986884976166806,-0.119210357476498,0.408871625575261
0.174,20.0911896184421,0.403914625559203,-4.06641405951164,56.2193388822776,-1080.24085412048,4138.83451220891,157927.210037897,107709.591029225,-6576246.45035549,-6998902.79171895,-411865762.140262,-38662326.9616459,199994223118.029,75639269854.513,0.0911896184421437,0.0947057049398415,0.962873551282563,-0.103217403131791,0.418075872258345
0.175,20.0866091279925,0.462221041458008,-5.06880284414313,60.4108607255994,-925.662078508822,4243.04135975736,151178.363076991,100703.963619001,-6888115.10093674,-6999745.48375334,-211871539.022233,36976942.8928671,199984995364.253,-72828781073.2187,0.086609127992535,0.0932225982768642,0.929057219959824,-0.087895467701255,0.426752764009605
0.176,20.0811024020103,0.524769915408351,-5.92003092173611,64.7030883767184,-777.954752197329,4340.24857892576,144217.643039104,93710.5684765156,-6999994.14227685,-6999182.93139708,-11886543.6579797,-35851838.1803516,23795545975.1817,70558864668.1348,0.0811024020103481,0.0914795320602104,0.886563367606295,-0.0732232709823456,0.435078440601095
0.177,20.0748171382539,0.591658454669223,-6.6270438150807,69.0890248035578,-637.238095838891,4430.45652058291,137215.671549327,86705.2194368064,-6999982.91294723,-6999755.33724336,11909002.317202,34707026.4877832,-23800803841.1426,-68559152069.8886,0.0748171382539233,0.0894617077020392,0.836303488673713,-0.059183278841472,0.443192919014087
0.178,20.0678940530698,0.66297686714051,-7.19684044109536,73.5616681827694,-503.521422612478,4513.66479022417,130217.676336898,79711.3910874619,-6999974.3125506,-6999327.88679052,-11891801.5239407,-33852125.5821055,23765128488.79,66835585970.96,0.0678940530697538,0.0871598595438785,0.778960101875499,-0.04576459013577,0.451186925954088
0.179,20.0604668631317,0.738808361122303,-7.6364199853738,78.1140212603475,-376.804725185088,4589.87366016339,123215.716978334,72706.2764022089,-6999983.54983015,-6999762.21938715,11873326.9648494,32983460.3888545,-23729783775.1915,-65269982186.3042,0.0604668631317153,0.0845719517871757,0.714975377225294,-0.0329640918109941,0.459093685762669
0.18,20.0526622851366,0.819229145452917,-7.95278321902094,82.7390822620698,-257.088009834833,4659.08283311671,116217.715128024,65712.1275826518,-6999975.11475289,-6999413.75009145,-11856456.8103423,-32286521.7974497,23695909007.4872,63867362435.4189,0.0526622851365843,0.0817050664405523,0.644541243655934,-0.0207866674747874,0.466886407834615
0.181,20.0446000358003,0.904308429330219,-8.15292933036401,87.4298537769757,-144.371271010778,4721.29253387745,109215.761103034,58707.2151320675,-6999983.61705949,-6999766.59067119,11839452.197145,31580840.6379692,-23661141421.2228,-62564580239.9067,0.0446000358003076,0.078577480951197,0.567593097416903,-0.00924462248204566,0.474481640489615
0.182,20.0363928318611,0.994108422429326,-8.24385908862512,92.1793340851509,-38.6545143551343,4776.50252233011,102217.753688502,51712.8115316753,-6999974.73557296,-6999468.04015317,-11821689.2240778,-30983739.6019375,23626417612.4301,61366032787.663,0.0363928318611038,0.0752209316026415,0.483812565009841,0.00164360573346234,0.481748097293527
0.183,20.0281463900763,1.0886843347601,-8.2325716842755,96.9805256556346,60.0622661181115,4824.71299280314,95215.8058445862,44708.0792938525,-6999983.21599082,-6999768.76336127,11804728.3883522,30382293.1857254,-23589593567.0537,-60233088132.3555,0.0281463900762731,0.0716830561267532,0.392650531340396,0.0118553177355395,0.488520023952022
0.184,20.0199594272257,1.18808437677118,-8.12606788382069,101.826426823944,151.779064909702,4865.92374171884,88217.7933938617,37713.462829062,-6999973.28438599,-6999503.01424173,-11784865.1787015,-29850794.9466301,23551555192.9955,59169756688.6484,0.0199594272256718,0.068030006154253,0.293391524622463,0.0213658133791219,0.494613753306431
0.185,20.0119236601088,1.29234975923058,-7.93134687920121,106.71003996254,236.495888831974,4900.13494331482,81215.8529360852,30708.8960434617,-6999982.3719682,-6999768.93084403,11766690.0142941,29318961.7420183,-23509894575.7566,-58149746825.1885,0.0119236601088168,0.064349217289082,0.18529611720452,0.0301508194996235,0.499845794098774
0.186,20.004123805549,1.40151469332064,-7.6554094332669,111.624363462763,314.212732118136,4927.34641848037,74217.8355933615,23714.0949690178,-6999970.62924178,-6999524.84251461,-11743204.5614625,-28830785.0831702,23465550878.1566,57176879647.2822,0.00412380554898917,0.060752321618277,0.0678789787639744,0.0381888457415802,0.504050678615274
0.187,19.9966375803903,1.5156063905341,-7.30525473887755,116.562399616446,384.929602927403,4947.55832826726,67215.9042869854,16709.6842139029,-6999981.05836417,-6999767.18777413,11722346.3166941,28346094.5641119,-23415323652.1139,-56231475230.7602,0.00336241960966177,0.0573781845190006,0.0586010107822131,0.0454632402821346,0.507096832491899
0.188,19.9895357015029,1.6346450627632,-6.88788355401298,121.517146871447,448.646494771107,4960.77051025824,60217.8818478375,9714.71816087232,-6999966.37387353,-6999536.8308254,-11692977.3354198,-27885380.6666482,23360296360.3392,55317341318.8029,0.0104642984970766,0.0543960445994564,0.192372415570474,0.0519637492164838,0.508898951060174
0.189,19.9828818857797,1.75864392220655,-6.41029507191852,126.481607450401,505.363417948134,4966.98311732948,53215.962368023,2710.45819660006,-6999979.20302878,-6999763.54083265,11667319.0249194,27431960.6521547,-23295601564.9999,-54418318191.9832,0.0171181142203238,0.0520087326510653,0.329139230043768,0.0576874341148185,0.509425718703175
0.19,19.9767328501429,1.88760918145485,-5.8794900439786,131.448779859084,555.080364617748,4966.19599831918,46217.9342242459,-4284.65908360517,-6999959.68478636,-6999540.73927648,-11628282.5400805,-26986357.5398285,23222563311.8288,53538371459.7076,0.0232671498571371,0.0504559425202026,0.461137949168641,0.0626388665271482,0.508702181602921
0.191,19.9711383115406,2.02154005340519,-5.30246766318661,136.41166625946,597.797348559315,4958.40930190515,39216.0308254081,-11288.7699397416,-6999976.68567052,-6999757.91108646,11594280.7717484,26552013.9198791,-23132784085.9493,-52662938194.6841,0.0288616884594077,0.05,0.577233769188155,0.0668295895099955,0.506806606814822
0.192,19.9661409869556,2.16042875134549,-4.6862286716737,141.363265217553,633.514359556013,4943.62288405643,32217.9958161091,-18284.0290002339,-6999948.79694175,-6999537.36626392,-11538503.3142009,-26110924.274805,23027939295.7613,51796325551.3794,0.0338590130443812,0.05,0.677180260887624,0.0702769077699598,0.503862204999226
0.193,19.961776593401,2.30426048887386,-4.03777226121394,146.296578841229,662.231417387236,4921.83689273258,25216.1157573929,-25287.98910771,-6999973.33060807,-6999750.12776303,11489435.9815604,25685401.2765745,-22891201778.7669,-50924141434.2424,0.0382234065990126,0.05,0.764468131980252,0.073002132403557,0.500024583229294
0.194,19.9580738479328,2.45301347998367,-3.36409916020329,151.204605760244,683.948507585248,4893.05118762198,18218.0719444792,-32283.3838917405,-6999929.49551589,-6999526.79720358,-11401765.7972065,-25238740.1576679,22724720271.0957,50051251242.4178,0.0419261520671768,0.05,0.838523041343535,0.0750284579258873,0.495466204570762
0.195,19.9550544676446,2.60665893898599,-2.67220855726262,156.0803480336,698.665661351014,4857.26591934375,11216.2290194432,-39287.1881838158,-6999968.90117755,-6999739.91174004,11322954.4738892,24812511.0847499,-22486207812.3311,-49162123387.679,0.0449455323554488,0.05,0.898910647108977,0.0763786824987294,0.490359400665284
0.196,19.9527331696872,2.76516108059722,-1.96910115848071,160.916804359703,706.382856153622,4814.48094820077,4218.17389420054,-46282.7155272447,-6999889.05060982,-6999508.46234913,-11163253.3384419,-24349612.3029291,22178383685.6172,48262459897.5779,0.0472668303127719,0.05,0.945336606255438,0.0770729953595033,0.484859610663182
0.197,19.9511176712615,2.92847711986303,-1.26177614387078,165.706976753017,707.100149079615,4764.69643110946,-2783.60038579757,-53286.3550524291,-6999963.11210546,-6999726.84470327,11015130.3471753,23912847.5946488,-21633006857.9814,-47334087786.4856,0.0488823287384648,0.05,0.977646574769295,0.0771270454639367,0.479090471253287
0.198,19.9502086896554,3.09655727225068,-0.557234176814046,170.443863987377,700.817501617537,4707.91222585562,-9781.66143387244,-60282.0144879661,-6999764.48518727,-6999481.04100186,-10617876.5108062,-23421240.1918368,20853306245.2566,46383931644.1473,0.049791310344574,0.05,0.995826206891479,0.0765504762670623,0.473132187921213
0.199,19.9499999422361,3.26934475357277,0.137525598038387,175.120468036463,687.535057182745,4644.12849997094,-16783.2593062742,-67285.4754937899,-6999955.70857545,-6999710.31537162,10235429.7344505,22962691.4523105,10803436439.5898,-45389109629.5081,0.0500000577638566,0.05,1.00000115527713,0.0753460626175694,0.467014274700481
0.2,19.9504781465884,3.44677578008702,0.815502882788108,179.729787758837,667.253976070324,4573.34510522181,-23776.2967272425,-74281.2693150402,-6984318.5606212,-6999442.17873407,21038866.1740403,-22426418.1771976,-73372120728.8624,44358346708.9153,0.0495218534116333,0.05,0.990437068232666,0.0735095279188601,0.460713317120142
0.201,19.9516230228032,3.62877956841821,1.46970492258646,184.264825090924,639.98596936877,4495.56222534548,-30762.3245415649,-81284.5316450781,-6999965.75481159,-6999689.4235568,-52333254.5548221,21931928.5317177,199807861740.085,-43260797744.382,0.048376977196785,0.05,0.9675395439357,0.0710300706018086,0.454155910114388
0.202,19.9534073018326,3.81527833566883,2.09314255323855,188.718578988867,605.723265068279,4410.77970177681,-37755.1556133638,-88280.4652373264,-6952395.07849637,-6999387.89389728,147474607.185263,-21328869.2126642,199942340367.083,42107940915.081,0.0465926981674407,0.05,0.931853963348814,0.0678915773981753,0.447226423730561
0.203,19.9557967253159,4.00618729933729,2.67883731894854,193.084051355572,564.524821947713,4318.99774227854,-44600.4896648731,-95283.4995756775,-6704949.30112757,-6999662.7926524,347416947.552345,20779071.7024167,199957293855.153,-40855291504.3025,0.0442032746840795,0.05,0.884065493681589,0.0640742557982245,0.439778777550038
0.204,19.9587501154309,4.20141467744454,3.21996054653055,197.354241262932,516.638092010779,4220.21617218134,-51098.4042765819,-102279.582047729,-6257553.70664764,-6999311.36670213,547374241.407498,-20076219.8018858,199959705962.117,39518905650.4287,0.041249884569126,0.05,0.824997691382521,0.0595572867345103,0.43165103200042
0.205,19.9622196227305,4.40086168844616,3.71003098437621,201.52215058501,462.510471575523,4114.43523503469,-57048.9442448655,-109282.345040057,-5610199.61225909,-6999628.13367881,747333947.369615,19442685.8485429,199956122876.484,-38029801484.3209,0.0377803772695344,0.05,0.755607545390689,0.0543232754459073,0.422681338210214
0.206,19.9661511735404,4.60442255138255,4.14311475577609,205.580778536032,402.789314687543,4001.65473180037,-62252.1508629603,-116278.590131059,-4762887.60345123,-6999200.34857242,947290070.246099,-18587115.635778,199945724386.357,36413124120.0475,0.0338488264595647,0.05,0.676976529191293,0.0483642548630376,0.412723682031863
0.207,19.9704851173132,4.81198448578179,4.51402531706554,209.523126968355,338.321932773081,3881.87496085593,-66508.0691438908,-123281.01518343,-3715624.67101195,-6999580.90214818,1147235794.63246,17826008.4842695,199921006347.421,-34552462669.5416,0.0295148826867866,0.05,0.590297653735732,0.0416886420207426,0.401661888880525
0.208,19.9751570739387,5.02342771184607,4.818523411988,213.342195279616,270.155587301387,3755.09568653689,-69616.7557498619,-130277.441825114,-2468428.37320579,-6999031.12499868,1347156800.97988,-16726454.1852721,199841177960.539,32498569102.3082,0.0248429260612539,0.05,0.496858521225079,0.0343284589150739,0.389420553673833
0.209,19.9800989810044,5.23862545034143,5.05351701356211,217.030985313938,199.537470214167,3621.31729551396,-71378.2988595844,-137279.419749022,-1021350.98324564,-6999508.29463279,1546997978.94041,15772114.9170361,58216425517.8087,-30030995993.2436,0.019901018995558,0.05,0.398020379911159,0.0263461120220572,0.375971865698851
0.21,19.9852403407862,5.45744392284338,5.21726005256862,220.582496721775,127.908754543847,3480.53949901194,-71616.4481157735,-144276.047152195,554755.208453678,-6998751.67771238,1605214404.45822,-14258881.0762075,-199823636987.343,27321511279.0376,0.0147596592138157,0.05,0.295193184276314,0.0178400743730328,0.361337721863416
0.211,19.9905096553554,5.67974235161127,5.30951826099253,223.989731372157,56.8288937815021,3332.76283793702,-70292.3896445886,-151277.374685232,2060057.79441823,-6999349.80314907,1405390767.47088,13062630.2028301,-199902777825.76,-26573662161.167,0.00949034464461107,0.05,0.189806892892221,0.00894881760468849,0.345586974790088
0.212,19.9958359699347,5.90537295993899,5.33160119500964,227.24568928728,-12.2075644537083,3177.98685821932,-67562.9535960726,-158274.622116973,3365497.17297623,-6999574.00402682,1205487989.64512,-13511031.9583369,-199925997339.418,198965548253.382,0.00416403006531141,0.05,0.0832806013062282,-0.000148144806344404,0.328828152193013
0.213,20.0011503568523,6.13418097206653,5.28622163256965,230.34337333386,-77.895185048241,3016.21848749285,-63628.0334278304,-165247.79071227,4471022.16395164,-6913602.26185846,1005561992.3057,185454516.295045,-199933824306.567,199540715945.137,0.00115035685231391,0.05,0.0230071370462781,-0.00923379903071671,0.3111984036596
0.214,20.0063872206147,6.36600462710151,5.17729783346929,233.275825049064,-139.128444304724,2847.5531189322,-58687.552571777,-172035.40892999,5376617.24410405,-6628377.38759085,805628167.999134,384995232.240182,-199932984622.194,199617975900.96,0.00638722061470531,0.05,0.127744412294106,-0.018062516117519,0.292849938167863
0.215,20.0114854034289,6.60067528344504,5.00975361748483,236.036273438918,-195.001747434142,2672.27600459611,-52941.443407777,-178438.019038811,6082278.91979209,-6143573.16740019,605695183.37694,584613208.141142,-199922231533.216,199591575619.415,0.0114854034288641,0.05,0.229708068577281,-0.026373550898796,0.27393604774728
0.216,20.0163890907968,6.83801770438319,4.78931843278081,238.61833252728,-244.809432277774,2490.87195082395,-46589.6372682187,-184256.020339537,6588012.98740242,-5459164.17144934,405772951.843724,784204783.760557,-199887613817.674,199454880087.361,0.0163890907968103,0.05,0.327781815936206,-0.0339077875337,0.254598962675314
0.217,20.0210485171783,7.07785054289604,4.5223274255097,241.016200944562,-288.04576287756,2304.02535981598,-39832.0524071973,-189289.839639092,6893842.13233731,-4575231.9476451,205885338.02605,983659663.847918,-199674457140.286,198940568838.057,0.0210485171782615,0.05,0.42097034356523,-0.0404260622733316,0.234960872233638
0.218,20.0254204717287,7.31998702605271,4.21552152471921,243.224861489558,-324.404899764631,2112.62013667074,-32868.5466820371,-193340.08499334,6999890.24179321,-3492101.99937815,6210880.88576438,1182600232.68597,-17066761841.0669,-182634733998.685,0.025420471728733,0.05,0.508409434574659,-0.0457272613419488,0.21511894853486
0.219,20.0294686044026,7.5642358383602,3.87584911655088,245.240277319786,-353.773177294034,1917.72349093591,-25868.3954601078,-196271.325998708,6997567.74175844,-2400819.13369152,-10855880.9553025,999965498.687289,25841319657.5076,-198983363695.415,0.0294686044026093,0.05,0.589372088052187,-0.0496644334356695,0.195144801276854
0.22,20.033163547042,7.81040217356033,3.51030776583304,247.059505018235,-376.143521475103,1720.41012531332,-18871.9487722174,-198205.326277005,6999632.52063189,-1500345.31685194,14985438.7022051,800982134.991874,-62255708463.8829,-199400457819.582,0.0331635470420188,0.05,0.663270940840377,-0.0521572313671558,0.175088062923181
0.221,20.0364829294121,8.0582887933037,3.12589498098764,248.680594135442,-391.51575040174,1521.57981504798,-11875.1994836451,-199338.413935998,6983490.10510216,-799063.410769855,-47270269.7616778,601581677.172292,127085329369.161,-199482122680.407,0.036482929412081,0.05,0.72965858824162,-0.0531987401437693,0.154982131545072
0.222,20.0394113780793,8.30769692571949,2.72960463531144,250.102394969839,-399.901787989071,1321.93382126434,-4894.16362519557,-199869.933528628,6999762.50002506,-297222.794937767,79815059.6074836,402099554.491884,-198846591280.738,-199373211012.265,0.0394113780792935,0.05,0.78822756158587,-0.0528552436062763,0.134849863520758
0.223,20.0419405081724,8.55842696663401,2.32842406116566,251.324359379911,-401.291053128956,1121.97398571354,2112.36530608644,-199999.335414822,6980154.26399217,5190.15404798443,-119031531.673254,202726343.479619,-199642598816.655,-198640269630.201,0.0419405081723951,0.05,0.838810163447903,-0.0512589426370012,0.114708300860272
0.224,20.0440689283384,8.81027898141396,1.92934592639827,252.346341354538,-395.716767721103,922.002756421749,8999.73003777254,-199925.88880064,6761301.43291059,108596.362712503,-318674130.489908,4086073.84941822,-199740452212.347,-194188897083.664,0.0440689283384259,0.05,0.881378566768518,-0.0485942241215388,0.0945719656745995
0.225,20.0458021946238,9.06305300745444,1.53924096467567,253.168397817966,-383.397821840799,722.123755610729,15568.4043300694,-199847.614217183,6342757.07631451,15587.9880200892,-518414582.702256,-190102823.234246,-199760462921.126,160212386179.432,0.0458021946238318,0.05,0.916043892476637,-0.0450795236825169,0.0744544194119782
0.226,20.0471525910956,9.31654915850233,1.16466120590115,253.790593778618,-364.752764755644,522.258927099774,21618.660704546,-199900.375576417,5724462.26215169,-94408.6421244403,-718175045.623382,-29890437.0548134,-199745035541.992,151132914843.793,0.0471525910956174,0.05,0.943051821912348,-0.0409477883213843,0.0543679685094975
0.227,20.0481387112863,9.57056756104236,0.811640260039276,254.212886797162,-340.399891470774,322.312662667572,26950.744604629,-199984.540617928,4906414.69875731,-48732.6217573574,-917920081.165374,121242477.788979,-199691750866.072,-145286898716.014,0.0481387112863061,0.05,0.962774225726122,-0.0364277089203641,0.0343218636334514
0.228,20.0487848398986,9.82490827219213,0.485493565885971,254.435202908463,-311.15724668658,122.317909197617,31364.9173043259,-199996.86648391,3888648.7421589,-133.593326385151,-1117611832.03145,-24044420.9270347,-199560844738.071,79190946511.554,0.0487848398986443,0.05,0.975696797972887,-0.03172754408228,0.014320640771023
0.229,20.0491201347638,10.0793713011482,0.19061865580854,254.457522020227,-278.042588685044,-77.6797318636732,34661.4999896794,-199995.823796615,2671256.48775842,15417.4590023571,-1317172676.76952,55146525.5845192,-199124981783.011,53770157293.2084,0.0491201347638359,0.05,0.982402695276718,-0.0270230765377503,-0.00563605214547575
0.23,20.0491776090913,10.3337566518418,-0.0697045150367513,254.279849691898,-242.273286105188,-277.656415419969,36640.9826420892,-199943.871381938,1254521.32009739,97449.0632334805,-1516297658.55253,108916682.877728,182705548421.591,-180323868090.913,0.0491776090913199,0.05,0.983552181826397,-0.0224508216768237,-0.0255529454980056
0.231,20.0489929146533,10.587864354065,-0.293509879457081,253.902240617794,-205.250146348291,-477.540922984314,37167.8060576473,-199822.017955281,-170423.56424434,116203.812065751,-1333592110.13094,-71407185.2131859,199182932978.604,-147464365690.149,0.0489929146533363,0.05,0.979858293066727,-0.0181070769386568,-0.0454383297879314
0.232,20.0486029563974,10.8414945245936,-0.48025843318407,253.324803848965,-168.38151813558,-677.322884579668,36363.7835938339,-199766.095130103,-1404424.20788597,-28935.555992509,-1134409177.15233,-218871550.903335,199563660901.829,196417650795.794,0.0486029563974419,0.05,0.972059127948839,-0.0140525335050982,-0.0653026105485053
0.233,20.0480445001419,11.0944473698943,-0.630737734242587,252.547585611393,-132.900699689344,-877.131742010801,34425.4154075221,-199871.730186415,-2439051.55458739,-149598.281497947,-934845516.250504,-22453900.1075406,199687723722.296,199014795710.539,0.0480445001418737,0.05,0.960890002837473,-0.0103203589819268,-0.0851572450007149
0.234,20.0473529404868,11.3465230715357,-0.746869522652747,251.570493794119,-99.8422973233353,-1077.0737213715,31552.2223820965,-199999.386285348,-3274053.20897675,-72544.7837502177,-735157792.528208,176560895.602998,199744565590.953,199524060752.472,0.0473529404868387,0.05,0.947058809736774,-0.00692529777888292,-0.105014729188911
0.235,20.0465612662515,11.5975216939638,-0.831510351356506,250.393417308213,-70.041305154249,-1277.07163973025,27943.8810377875,-199950.396611171,-3909338.71870948,203778.142229017,-535413226.937255,376084956.35547,199772912452.275,199620327855.485,0.04656126625148,0.05,0.931225325029601,-0.00387252853459611,-0.124888264645106
0.236,20.0456992254876,11.8472432622881,-0.888251916555165,249.01642176691,-44.1330051422869,-1476.84914893059,23800.1311910181,-199525.305936122,-4344865.48942057,679673.262512229,-335640314.484964,575705284.210955,199785214595.393,199601789614.51,0.0456992254876241,0.05,0.913984509752481,-0.00116540006436494,-0.144789706701356
0.237,20.0447926902015,12.0954880386574,-0.921221320486495,247.439948894957,-22.5529223644518,-1675.93035061352,19320.743080121,-198524.513066569,-4580613.19660783,1355179.44153044,-135855099.889571,775307073.825465,199785921729.749,199476312807.754,0.0447926902014508,0.05,0.895853804029016,0.00118869395067332,-0.164725737601619
0.238,20.0438632208301,12.342056998162,-0.934881302590135,245.665016117814,-5.53680398587764,-1873.63974460065,14705.49998719,-196748.434035991,-4616575.33563253,2230224.67175978,63930821.8401777,974783386.633219,199775788740.185,199007390464.032,0.0438632208301044,0.05,0.877264416602088,0.00317485020499145,-0.184692649733705
0.239,20.0429278304951,12.5867525043274,-0.93383045722254,243.693416134677,6.87938746166692,-2069.10231042839,10154.1860272675,-193997.649772504,-4452756.61942226,3304511.75362501,263706610.580363,1173790777.09725,199752601486.275,-155795139598.021,0.0429278304950955,0.05,0.85855660990191,0.00476990809034697,-0.204670263156036
0.24,20.0419989490394,12.8293791836184,-0.922603450470023,241.527913360977,14.8594693060487,-2261.25856399205,5866.57481338318,-190132.20848693,-4089173.70809876,4400404.96092325,463459212.066637,1017995637.49923,199709675139.873,-198995152730.73,0.0419989490394101,0.05,0.839978980788203,0.00594445796495783,-0.224615585615364
0.241,20.0410845868434,13.0697449705531,-0.905471247660838,239.17236285176,18.7670217038577,-2449.02919552363,2042.41565717438,-185255.971566045,-3525859.65846218,5318903.02205712,663168887.20651,819000484.7685,199629714197.67,-199426073979.831,0.0410845868433576,0.05,0.821691736867152,0.00666737555408259,-0.244457112606965
0.242,20.040188698402,13.3076621709809,-0.886241365786884,236.631624617427,19.165353584427,-2631.4975249176,-1118.5879386516,-179560.805980601,-2762875.91415684,6038190.4698357,862798601.404179,619574410.788669,199459114096.543,-199522299101.531,0.0401886984020123,0.05,0.803773968040247,0.00691240968525374,-0.26409179768326
0.243,20.0393117456289,13.5429483765121,-0.8680581733898,233.911377207512,16.8174382520184,-2807.94428669061,-3416.82136642359,-173246.082021888,-1800347.75570439,6558003.7310736,1062257715.50072,420052111.687139,198925189809.214,-199468245652.534,0.0393117456288721,0.05,0.786234912577441,0.00666615655631736,-0.283386577098703
0.244,20.0384514608183,13.7754271837028,-0.853203285332217,231.017918720368,12.6857745099014,-2977.84966933859,-4652.88606607608,-166511.296942579,-638627.445299059,6878321.71993448,1261182905.30994,220583866.034605,-141000313898.115,-198936072261.114,0.038451460818326,0.05,0.769029216366519,0.00593662687009476,-0.302184694580524
0.245,20.0376038086438,14.0049287138643,-0.842899017477798,227.957967322706,7.91789685898171,-3140.89333044654,-4684.42211103653,-159555.839301671,552055.30306182,6999437.54983852,1120182591.41182,21647793.773491,-198934109077.643,-43100915693.5197,0.0376038086437802,0.05,0.752076172875604,0.0047615589565367,-0.320316191199478
0.246,20.0367641198986,14.2312899336457,-0.837186305966758,224.73846318835,3.68791057683316,-3296.94763887915,-3605.43119711507,-152552.761340895,1572770.83993482,6999534.88576525,921248482.334179,-21453121.9200287,-199443668761.161,37102824765.599,0.036764119898578,0.05,0.735282397971559,0.00321540559645888,-0.337611486478502
0.247,20.0359282495749,14.4543547890744,-0.835002259192302,221.366405173259,1.01409606054282,-3446.00266234645,-1605.27672747335,-145557.769211962,2394297.48788842,6996633.17622802,721804813.573018,15649702.8455703,-199608476040.239,-25381451879.2281,0.0359282495748836,0.05,0.718564991497672,0.00141289675298086,-0.353916567029098
0.248,20.0350935923178,14.6739742249099,-0.834363340117582,217.848790172394,0.717951859440835,-3588.06056424698,1116.65508786153,-138557.541426291,3016298.06344132,6999592.15313398,522196337.532779,-9731749.03365774,-199684714159.835,16748964893.9645,0.0350935923178071,0.05,0.701871846356141,-0.00049274795170486,-0.369107585633208
0.249,20.0342599038162,14.8900061834684,-0.832564250228858,214.192617170212,3.42146850552183,-3723.11923368134,4360.77053437593,-131560.023653525,3438652.04389417,6998234.8865473,322511623.372943,7017215.86030677,-199723682160.555,-11237214887.5545,0.034259903816185,0.05,0.685198076323701,-0.00231721625284755,-0.383102543029338
0.25,20.0334299227827,15.1023156059871,-0.826377514161877,210.404884495925,9.54699517898364,-3851.1794385729,7927.39110959648,-124560.153028195,3661301.82618683,6999633.49496383,122787941.212389,-4219999.02724768,-199741679363.511,6778354421.14034,0.0334299227826662,0.05,0.668598455653324,-0.00385737216669529,-0.395868728568448
0.251,20.032609793298,15.3107744323639,-0.812253154806841,206.492591467074,19.3171792885688,-3972.24019575535,11616.7966264956,-117561.499807008,3684218.92771746,6998802.67314715,-76953738.1511219,2558355.39389266,-199744314211.921,-3390759218.46637,0.0326097932980041,0.05,0.652195865960081,-0.00490714471823426,-0.407425289106373
0.252,20.031809287456,15.5152616017832,-0.78651841165878,202.462737066869,32.7549370761391,-4086.30200911486,15229.2479661022,-110561.9830827,3507393.03246038,6999665.64893181,-276698052.363043,-832403.824573711,-199731953951.398,494217102.147966,0.0318092874560314,0.05,0.636185749120628,-0.00527544631937466,-0.417840712863912
0.253,20.0310418282791,15.7156630524948,-0.745577478612644,198.322320646589,49.683443051663,-4193.36427751468,18565.0033133891,-103562.651266164,3130829.00312164,6999080.35365831,-476430006.314441,-338186.722425744,-199699925924.211,1897969934.23022,0.031041828279065,0.05,0.6208365655813,-0.00480435274565535,-0.427225553238168
0.254,20.0303243128928,15.9118717221889,-0.686111244486746,194.078341558559,69.7261350353136,-4293.42736588639,21424.3339923662,-96563.4236775444,2554549.03384509,6999691.151903,-676129932.238652,1559783.21180448,-199633769065.966,-4018763538.80085,0.0303243128927946,0.05,0.606486257855892,-0.00338577310173623,-0.435721145844778
0.255,20.029676735966,16.1037875478218,-0.605277019978194,189.737799127527,92.3067371488515,-4386.49085147259,23607.5457652476,-89563.6224279586,1778602.21707346,6999241.5533454,-875763701.304617,-2458980.32699637,-199487594104.932,5858077580.82678,0.0296767359660137,0.05,0.593534719320274,-0.000975007018794944,-0.443485477453182
0.256,20.0291216134389,16.2913174658759,-0.500908228794711,185.307692951459,116.649311422664,-4472.55501886737,24915.0181993179,-82564.6340185133,803094.718716374,6999711.61180882,-1075251295.40955,3399097.2538304,-199035067844.423,-7532005620.47472,0.0291216134388996,0.05,0.582432268777993,0.00240009104628908,-0.450677607441674
0.257,20.0286832065943,16.4743754122181,-0.371714019915476,180.795022313047,141.778375304278,-4551.61954439734,25147.3147590221,-75564.4781923476,-371674.110615388,6999344.70625241,-1274286363.25397,-4132908.36664431,-175905307100.829,9032621308.23211,0.0286832065942662,0.05,0.573664131885323,0.00663517753449909,-0.457442183361499
0.258,20.0283865466313,16.6528823222967,-0.217478494059484,176.206786990072,166.520142559655,-4623.6846626954,24109.1799155963,-68565.6945033938,-1733913.12741977,6999728.10853988,-1450191670.3548,4899712.9415878,198967401987.01,-10426524051.1851,0.0283865466313387,0.05,0.567730932626773,0.0115510344817863,-0.463895548470367
0.259,20.0282562623502,16.8267661310214,-0.0392515136545163,171.549986218743,189.528957608231,-4688.7501109642,21683.3321866636,-61565.2542923917,-3084621.09678107,6999414.55945587,-1251224268.36779,-5526811.10959732,199472586655.61,11707280126.3899,0.0282562623502436,0.05,0.565125247004872,0.0169005323419001,-0.470114779133076
0.26,20.0283152505284,16.9959617729214,0.160554534457957,166.831619917003,209.46975322622,-4746.81609130871,18006.3443868079,-54566.6519251362,-4236109.07182105,6999741.38840947,-1051751681.71218,6180469.01679254,199621624649.171,-12917245334.3544,0.0283152505283901,0.05,0.566305010567802,0.0223805833444841,-0.476130676061114
0.261,20.028583356005,17.1604111820402,0.378279282225745,162.058687273172,225.19106869786,-4797.88238068003,13277.6297449056,-47565.9731764407,-5188049.94120864,6999463.23475909,-852130057.063009,-6736776.31756186,199676357437.966,14051045130.1133,0.0285833560049689,0.05,0.571667120099377,0.0276494855181767,-0.481925347107439
0.262,20.0290762207673,17.3200632920685,0.609210649356457,157.238188319502,235.74097164421,-4841.94915957493,7696.79416807182,-40567.5364889854,-5940341.81955267,6999751.98100658,-652453699.625043,7314268.81255143,199677672361.65,-15138000323.7043,0.0290762207673332,0.05,0.581524415346664,0.0323494503799778,-0.487434554469318
0.263,20.0298043320275,17.4748740362484,0.847784439524563,152.377122195624,240.36717252225,-4879.01623177862,1463.5051107669,-33566.6503736265,-6492956.68299689,6999497.24965728,-452776027.263393,-7823731.51115283,199605070777.117,16173493557.6024,0.0298043320275099,0.05,0.596086640550197,0.0361323497699443,-0.492554543091308
0.264,20.030772269935,17.6248063474894,1.08778400286282,147.482489030324,238.517053498257,-4909.0837635871,-5222.57207406549,-26568.3694074652,-6845930.17487172,6999760.26492493,-253170956.486276,8349762.04644958,199179861653.466,-17179469950.9441,0.0307722699350492,0.05,0.615445398700984,0.0386861434152422,-0.497152625718691
0.265,20.0319781549558,17.7698301582788,1.32253989300389,142.561287913489,229.837620338243,-4932.15157704635,-12161.8910835714,-19567.2975065089,-6999511.20053126,6999520.2919959,-53991094.8328104,-8829707.9044945,107784643611.174,18151843251.7724,0.0319781549557696,0.05,0.639563099115392,0.039759408282762,-0.501080452175105
0.266,20.0334132947306,17.9099224007858,1.54512863117667,137.620519057765,214.171466165418,-4948.21982969804,-19170.4337242506,-12569.1667612566,-6999609.97355848,6999766.50571729,53793548.7783637,9322135.34727788,-63981833855.0631,-19108390766.2219,0.0334132947305719,0.05,0.668265894611437,0.0391816055199554,-0.504188634608086
0.267,20.0350620227315,18.0450670067757,1.74854998703362,132.667181501623,191.507527136107,-4957.28835570016,-26153.8105623957,-5567.92391966003,-6977807.34170765,6999534.44568146,-10188285.0766993,-9786255.41894398,-23325372313.1561,20045376305.9551,0.035062022731541,0.050075019657832,0.700189894504757,0.0368770916468192,-0.506341292938275
0.268,20.0369016766544,18.1752549077057,1.92581702210826,127.708275532322,161.862142964832,-4959.35730821554,-33140.5996086939,1430.05829436295,-6999658.31294093,6999770.87841549,-33513657.3898555,10259120.8870111,71038867187.5296,-20978479072.61,0.0369016766544377,0.0510845002406171,0.72236542357514,0.0328710819484675,-0.5074291028813
0.269,20.0389026094817,18.3004840346404,2.06994145113809,122.750800134376,125.219088542902,-4954.42652873178,-40145.1749391318,8431.46232004318,-6997652.53673702,6999540.7597662,37525209.7976741,-10719358.1855989,-79151331601.4837,21904157187.7655,0.0389026094817169,0.0530467633111813,0.733364432689467,0.0272860453609842,-0.507379599643894
0.27,20.0410281782486,18.4207593183428,2.17392258074462,117.801755662825,81.5780435648846,-4942.49616991834,-47137.2567595703,15429.2940935812,-6999702.99274009,6999773.48017448,-41626121.8038096,11184799.0021666,85503309219.716,-22837577196.7906,0.0410281782485598,0.0557078081717626,0.736488826163445,0.0203284677234226,-0.506163765692986
0.271,20.0432347417592,18.5360926891884,2.2307643568701,112.868141044587,30.9375602598612,-4923.56607651722,-54143.5222616756,22430.8537103906,-6998577.45993404,6999539.49057825,43877187.4159064,-11652778.194624,-90071750746.6886,23775245899.7561,0.0432347417591998,0.0588514444586118,0.734641981295895,0.0122676946817889,-0.503798311727325
0.272,20.045471659609,18.6465030772537,2.23346480404068,107.956956697435,-26.7016908568266,-4897.63640455599,-61135.1730863595,29428.5293528549,-6999736.14789147,6999774.33533351,-46194563.3307822,12122467.705132,94059231782.4052,-24733336998.6997,0.0454716596089746,0.0622960279190572,0.729928715006631,0.00340893662548099,-0.500343479219718
0.273,20.0476812924621,18.7520164122277,2.17502776300282,103.075201485603,-91.3405119763627,-4864.70699817989,-68142.329977286,36430.2426992078,-6998901.09533105,6999530.13453929,47864668.451623,-12610869.2935677,-97445465835.4581,25708256356.3351,0.0476812924620802,0.0658912400078824,0.723636289989021,-0.00593686553984509,-0.495896637752361
0.274,20.0497990015568,18.852665623499,2.04845078483756,98.2298758859112,-162.978375284315,-4824.77802104762,-75133.5396493638,43427.7521084931,-6999759.15979716,6999773.39342389,-49580797.3838351,13097387.0627674,100651643038.634,-26719041682.2665,0.0497990015567531,0.0695149389933392,0.716378411286886,-0.0154833635231497,-0.49058234890703
0.275,20.0517531489673,18.9484906400624,1.84673778609907,93.4279786928825,-241.615864161348,-4777.84931263797,-82141.3139340131,50429.6210218346,-6999014.13566168,6999511.25964552,51070845.6547994,-13621654.6194991,-103660709959.936,27761828510.1162,0.0517531489673289,0.0730701073193793,0.708267044704383,-0.0249963462331685,-0.484539910984193
0.276,20.0534650972584,19.0395383906071,1.56288602672742,88.676510439745,-327.252492551832,-4723.92104951923,-89132.0694318407,57426.9484255888,-6999773.64498684,6999770.51928108,-52589864.3051366,14140173.8906171,106759033291.271,-28861314363.8301,0.0534650972583925,0.0764819170259353,0.699055402079715,-0.0343158749835046,-0.477909623899367
0.277,20.0548492097467,19.125862803415,1.1898995689331,83.9824698415214,-419.888765490496,-4662.99306169312,-96140.3448367649,64428.9788127545,-6998983.99264634,6999480.03598978,54169168.9861347,-14721140.473213,-109931682597.899,30013154495.6251,0.054849209746731,0.0796949320191446,0.688239620225222,-0.0433709112477639,-0.470819130108913
0.278,20.0558128502165,19.2075248064529,0.72077547464347,79.3528574859694,-519.524154615528,-4595.06554583768,-103130.566192018,71426.1004709236,-6999780.66495916,6999765.47276438,-55762513.6117644,15292014.0224121,113605497556.414,-31252658074.157,0.0558128502165118,0.0826704630360247,0.675124441872192,-0.0521851196663075,-0.463371155373855
0.279,20.0562563832217,19.2845923272569,0.148518030095519,74.7946719946745,-626.159171329896,-4520.13831615545,-110139.29386419,78428.3031743535,-6998740.42979271,6999431.15774971,57842983.9446493,-15960644.051745,-117766743257.145,32574718310.2074,0.0562563832217187,0.0853840881799456,0.658862610363178,-0.0608733803428378,-0.455633828483289
0.28,20.0560731738214,19.3571402930326,-0.533875816169967,70.314914008395,-739.793101859294,-4438.21160022964,-117128.740592553,85425.1831297957,-6999780.81747664,6999757.87285307,-59923759.3124961,16614074.2584625,123999805091.889,-34035348057.6175,0.0560731738214493,0.0878233490549406,0.638476833608008,-0.0696294776098607,-0.447634485085604
0.281,20.0551495880129,19.4252506305191,-1.33340138195338,65.9205820346675,-860.426553495259,-4349.28518729054,-124137.816655504,92427.5754817684,-6997704.67424319,6999354.27308272,64076045.7793926,-17421273.799155,-132521220498.434,35628272362.7734,0.055149588012906,0.0899856297004891,0.612871057261782,-0.0787062600331249,-0.439357519403369
0.282,20.053364992497,19.4890122661001,-2.25706156239703,61.6186767651793,-988.058064864443,-4253.35935370652,-131125.570176941,99424.1571633453,-6999889.23871301,6999747.13546495,-68445174.7190414,18206998.5636184,199566779225.348,-37454149807.9913,0.0533649924969737,0.0918762228729159,0.580835724720515,-0.0883903095702379,-0.430746437396485
0.283,20.0505917556852,19.5485211256372,-3.31185024938218,57.416196561084,-1122.68667190739,-4150.43384906525,-138126.420873142,106426.765439791,-6968551.02381938,6999227.05912457,131121604.506307,-19247151.2443729,199856496084.234,39504906888.3213,0.0505917556851934,0.0935065856245708,0.541050187505717,-0.0989736332211684,-0.421709864461633
0.284,20.0466952520437,19.6038801345969,-4.50475442802579,53.3201421598248,-1264.26718733769,-4040.50903191665,-144996.101678695,113422.953074441,-6737501.17127095,6999732.36132436,330978100.590541,20257755.6439483,199896729590.847,-41994984577.5054,0.0466952520436834,0.0948927837526097,0.492084331358856,-0.110725148098931,-0.412130868141205
0.285,20.0415339203116,19.6551992178323,-5.84262712650443,49.3375117206205,-1412.56854755486,-3923.58458615997,-151534.797678072,120425.815149491,-6306574.70588499,6998992.62467956,530874830.181387,-21737228.933557,199906435020.961,44913386876.3132,0.0415339203116076,0.0960541224026375,0.432401226232714,-0.123864242733483,-0.401878654013067
0.286,20.0349594950394,19.7025952997349,-7.33199038301109,45.4753060093664,-1567.15982401271,-3799.66102617851,-157542.617229696,127421.424724183,-5675746.65819312,6999712.08918415,730781265.202348,23176157.9427562,199902470979.866,-46092944154.947,0.0349594950393772,0.097011958079926,0.360362740133282,-0.138537800332902,-0.390821460217116
0.287,20.0268174375195,19.7461923039191,-8.97883535834171,41.7405228957969,-1727.41018842435,-3668.73780325608,-162819.656176791,134425.04273498,-4845014.15750084,6999841.77504944,930683736.182214,-22916786.2121908,199884646124.909,-199648262434.803,0.0268174375195258,0.0977886854045458,0.274238654590597,-0.15480262231573,-0.378839389738674
0.288,20.0169475666153,19.7861211532789,-10.7884224330196,38.1401616356026,-1892.48890919694,-3530.82497777554,-167166.014358514,141380.151406517,-3814388.09825617,6877100.85761984,1130568382.30712,-222565048.646994,199839565499.7,-199856138291.05,0.0169475666153289,0.0984068903148829,0.172219308638857,-0.172614889500577,-0.365835924574338
0.289,20.0051848894914,19.8225197501978,-12.7650813083999,34.6811619779951,-2061.3653628923,-3386.05169745409,-170381.811671366,148112.660383432,-2583899.9331992,6554607.73982732,1330407947.80682,-422421186.938044,199692009899.036,-199893121092.226,0.00518488949144569,0.0988886596951137,0.0524315882875889,-0.191827598182151,-0.35174721610823
0.29,19.9913606322346,19.8555328410813,-14.9120111293522,31.3702397786972,-2232.80906937188,-3234.74046561194,-172267.225629012,154422.742009608,-1153645.98044286,6032239.99234317,1530099957.70586,-622314308.03027,91419003681.606,-199902480352.673,0.00863936776542573,0.099255035742305,0.0870421102648741,-0.212196121027578,-0.336549207742645
0.291,19.9753034701755,19.8853116936306,-17.2310815698787,28.2136884618053,-2405.39429220635,-3077.41365192752,-172640.585129988,160110.507767877,422163.479103803,5309974.44413656,1621518961.38746,-822216788.382943,-199687279979.647,-199898539138.03,0.0246965298245136,0.0995256039898627,0.248142476251932,-0.233391252251648,-0.320262619434498
0.292,19.9568409488541,19.9120135744705,-19.7226598948408,25.2171791346484,-2577.56186273988,-2914.79352217477,-171440.943383521,164976.057394633,1943838.80050144,4387808.3861846,1421831681.40781,-1022115327.52097,-199835599391.931,-199880754642.179,0.0431590511458921,0.0997182040431773,0.432810152970711,-0.255018463217065,-0.302955456405799
0.293,19.9358010271017,19.9358010268838,-22.385560678449,22.385560688757,-2747.80224125956,-2747.80224150641,-168819.494675548,168819.49465795,3265752.68221329,3265752.68134254,1221996082.01588,-1221996082.16315,-199880754642.204,-199835599391.853,0.0641989728983354,0.0998487509017916,0.642962203517996,-0.276642085724996,-0.284742831336365
0.294,19.9120135746989,19.9568409486464,-25.2171791241021,19.7226599048931,-2914.79352194511,-2577.56186300479,-164976.057411433,171440.943364979,4387808.38690807,1943838.79948346,1022115327.37368,-1421831681.555,-199898539138.027,-199687279979.36,0.0431590513536122,0.0997182040446178,0.432810155047529,-0.297813638729953,-0.265784150922405
0.295,19.8853116938696,19.9753034699777,-28.2136884510377,17.2310815796566,-3077.41365171432,-2405.39429249032,-160110.507784028,172640.585110355,5309974.44471274,422163.477938776,822216788.235653,-1621518961.53436,-199902480352.64,91419003977.2755,0.0246965300223181,0.0995256039918005,0.248142478234573,-0.318102761401309,-0.246277973272241
0.296,19.8555328413311,19.9913606320464,-31.3702397677244,14.9120111388361,-3234.74046541464,-2232.80906967609,-154422.742025256,172267.225608189,6032239.99277207,-1153645.98160695,622314307.883012,-1530099957.55709,-199893121092.123,199692009898.851,0.00863936795359876,0.0992550357448167,0.0870421121585252,-0.337127937333688,-0.22645506111868
0.297,19.8225197504587,20.0051848893126,-34.6811619668327,12.765081317569,-3386.05169727224,-2061.36536321788,-148112.660398725,170381.811649454,6554607.74010902,-2583899.93421461,422421186.790889,-1330407947.65824,-199856138290.57,199839565499.493,0.00518488931259853,0.0988886596982788,0.0524315864773398,-0.354584028146619,-0.206570101548393
0.298,19.7861211535511,20.0169475664455,-38.140161624266,10.7884224418521,-3530.82497760887,-1892.48890954492,-141380.151421602,167166.01433566,6877100.85775462,-3814388.0991231,222565048.500319,-1130568382.15874,-199648262420.834,199884646124.676,0.016947566445495,0.0984068903187821,0.172219306906199,-0.370263978117537,-0.186891641636657
0.299,19.7461923042027,20.0268174373583,-41.7405228843012,8.97883536681457,-3668.73780310445,-1727.41018879559,-134425.042750001,162819.656153145,6999841.77504452,-4845014.15821951,22916786.0794846,-930683736.034068,-46092944356.079,199902470979.57,0.0268174373583392,0.0977886854092593,0.274238652929063,-0.384072651292223,-0.167689612930772
0.3,19.7025953000301,20.0349594948865,-45.4753059977266,7.33199039110077,-3799.66102604193,-1567.15982440794,-127421.424739309,157542.617205405,6999712.08894597,-5675746.65876379,-23176158.2765943,-730781265.054498,44913388724.4316,199906435020.524,0.0349594948864684,0.0970119580855311,0.360362738536276,-0.396031550878226,-0.149221022552154
0.301,19.6551992181391,20.0415339201666,-49.3375117088517,5.84262713418666,-3923.58458603861,-1412.56854797463,-120425.815164714,151534.797653284,6998992.62503159,-6306574.70630802,21737230.4478373,-530874830.033974,-41994988589.1268,199896729590.038,0.0415339201665859,0.0960541224092054,0.432401224693355,-0.406273954615364,-0.131715137619654
0.302,19.6038801349156,20.0466952519061,-53.3201421479421,4.50475443527578,-4040.50903181026,-1264.26718778244,-113422.953089223,144996.101653557,6999732.36118486,-6737501.17154698,-20257758.1412895,-330978100.443936,39504912286.3891,199856496081.895,0.0466952519061259,0.0948927837602031,0.492084329869868,-0.41503036208224,-0.11535960866046
0.303,19.5485211259678,20.0505917555547,-57.4161965491024,3.31185025617481,-4150.4338489739,-1122.68667237739,-106426.765455061,138126.420847802,6999227.05918677,-6968551.02394997,19247154.1450995,-131121604.362041,-37454155925.7764,199566779190.035,0.0505917555546667,0.0935065856332393,0.541050186059649,-0.422604859349613,-0.100288870003517
0.304,19.4890122664428,20.053364992373,-61.6186767531139,2.25706156870697,-4253.35935363018,-988.058065359828,-99424.1571781231,131125.570151536,6999747.13536898,-6999889.23871699,-18207001.7806768,68445174.8279939,35628279070.6376,-132521202406.834,0.0533649923729911,0.0918762228826932,0.580835723309251,-0.429344617235299,-0.0865759171111855
0.305,19.4252506308739,20.055149587895,-65.9205820225333,1.33340138775539,-4349.28518722928,-860.426554015279,-92427.5754971327,124137.816633165,6999354.27312362,-6997704.66509241,17421277.2899607,-64076027.5788398,-34035355265.6507,123999750327.816,0.0551495878949808,0.0899856297113873,0.612871055877068,-0.435605583817153,-0.0742282234954727
0.306,19.3571402933995,20.0560731737091,-70.314913996207,0.533875821442612,-4438.21160018344,-739.793102396327,-85425.1831445751,117128.740579338,6999757.87278075,-6999780.81750734,-16614077.97569,59923722.7489767,32574725979.9632,-117766665325.219,0.0560731737090627,0.0878233490669457,0.638476832241042,-0.441717748094263,-0.0631883975643109
0.307,19.284592327636,20.0562563831143,-74.7946719824478,-0.148518025367393,-4520.13831612437,-626.159171883006,-78428.3031897855,110139.293845651,6999431.15779504,-6998740.42742097,15960648.0042732,-57842942.5762418,-31252666183.881,113605409999.642,0.0562563831143379,0.085384088193012,0.658862609004731,-0.447953365815796,-0.05334061787273
0.308,19.2075248068442,20.0558128501136,-79.3528574737194,-0.720775470476334,-4595.06554582169,-519.524155182745,-71426.1004856856,103130.566181942,6999765.47270738,-6999780.66499739,-15292018.1796078,55762467.4234006,30013163027.3793,-109931586554.634,0.0558128501135791,0.0826704630500694,0.675124440512399,-0.454501195342417,-0.0445226388240969
0.309,19.1258628038187,20.0548492096477,-83.9824698292628,-1.18989956533935,-4662.99306169226,-419.888766071505,-64428.9788282302,96140.3448195636,6999480.03604146,-6998983.99085131,14721144.8477714,-54169119.1312331,-28861323307.9599,106758929897.655,0.0548492096476814,0.0796949320340413,0.688239618853716,-0.461449179981091,-0.0365421506890584
0.31,19.039538391023,20.0534650971626,-88.6765104274932,-1.56288602372177,-4723.92104953346,-327.252493145143,-57426.9484403161,89132.0694241297,6999770.51923525,-6999773.64503372,-14140178.4601885,52589810.7664215,27761837856.3021,-103660598521.009,0.0534650971626363,0.0764819170415069,0.699055400685375,-0.468777151037899,-0.02919586588284
0.311,18.9484906404905,20.0517531488743,-93.4279786806524,-1.84673778369189,-4777.84931266733,-241.615864766674,-50429.6210373349,82141.313918059,6999511.25970321,-6999014.1335278,13621659.3961136,-51070787.7545878,-26719051424.8024,100651522851.278,0.0517531488742904,0.0730701073353921,0.708267043275894,-0.476360140706765,-0.0222894283681967
0.312,18.8526656239394,20.0497990014658,-98.2298758737181,-2.04845078304192,-4824.77802109205,-162.978375899886,-43427.7521231711,75133.5396444624,6999773.39338692,-6999759.15985674,-13097392.0286888,49580735.0966904,25708266489.5908,-97445334480.4141,0.0497990014658143,0.0695149390094939,0.716378409812214,-0.483981845882846,-0.0156562107615031
0.313,18.7520164126802,20.0476812923726,-103.075201473462,-2.17502776182671,-4864.70699823943,-91.3405126017723,-36430.242714717,68142.329963074,6999530.13460303,-6998901.09200026,12610874.4609021,-47864599.3837236,-24733347519.7058,94059086826.8779,0.04768129237263,0.0658912400238082,0.723636288456576,-0.491356810361788,-0.00917317406961075
0.314,18.6465030777184,20.0454716595204,-107.956956685361,-2.23346480349486,-4897.63640463058,-26.7016914893113,-29428.5293674701,61135.173085853,6999774.33530408,-6999736.14797055,-12122473.0588038,46194487.4431542,23775256806.8911,-90071584240.8498,0.0454716595203841,0.0622960279343038,0.729928713405896,-0.498159055065321,-0.00277229429646753
0.315,18.5360926896651,20.0432347416708,-112.868141032595,-2.2307643569588,-4923.56607660688,30.9375596211203,-22430.8537258943,54143.5222508972,6999539.49064872,-6998577.45264781,11652783.7480874,-43877096.7976956,-22837588489.8483,85503113195.7682,0.0432347416708367,0.0588514444726397,0.734641979619324,-0.504054294349365,0.00355351076221316
0.316,18.4207593188314,20.0410281781598,-117.801755650931,-2.1739225814741,-4942.49617002301,81.5780429259438,-15429.2941081198,47137.2567687165,6999773.48015188,-6999702.99284763,-11184804.7417609,41626016.3980726,21904168869.1861,-79151061701.4697,0.0410281781597774,0.0557078081839376,0.73648882440877,-0.508732556332693,0.0097504512460503
0.317,18.3004840351409,20.0389026093919,-122.750800122593,-2.0699414525041,-4954.42652885147,125.219087906732,-8431.46233552731,40145.174940451,6999540.75984471,-6997652.50730029,10719364.1274252,-37525045.303397,-20978491145.2814,71038479029.6744,0.0389026093918865,0.0530467633207648,0.733364430863557,-0.511938032439212,0.0157098624159289
0.318,18.1752549082179,20.0369016765629,-127.708275520666,-1.92581702410125,-4959.35730835019,161.862142355942,-1430.05830880977,33140.599657004,6999770.8783995,-6999658.31308885,-10259127.0178562,33513433.7262773,20045388776.9019,-23325034758.3799,0.0369016765629269,0.051084500246759,0.722365421696927,-0.513493283850983,0.0212794576857728
0.319,18.0450670072994,20.0350620226377,-132.66718149011,-1.74854998961788,-4957.28835584977,191.507526552241,5567.92390421028,26153.8105549852,6999534.44577009,-6977807.39674176,9786261.7590457,10188398.9678974,-19108403641.9983,-63981951783.4521,0.0350620226377245,0.0500750196595624,0.700189892607042,-0.513315523936393,0.0262786963224234
0.32,17.909922401321,20.0334132946339,-137.620519046409,-1.54512863435391,-4948.21982986253,214.171465560692,12569.1667469196,19170.4336990968,6999766.50570813,-6999609.97366558,-9322141.8829526,-53793552.8155547,18151856545.0453,107784652665.236,0.0334132946338741,0.05,0.668265892677482,-0.511423488491285,0.0305167207836989
0.321,17.7698301588252,20.0319781548556,-142.561287902304,-1.32253989679854,-4932.15157722572,229.837619708015,19567.2974911104,12161.891057801,6999520.2920977,-6999511.20014852,8829714.6620927,53991099.8496809,-17179483672.8961,199179861922.403,0.0319781548555866,0.05,0.639563097111733,-0.507934346286734,0.0338111600503489
0.322,17.624806348047,20.0307722698308,-147.482489019327,-1.08778400730031,-4909.08376378127,238.517052843296,26568.3693932603,5222.57205123106,6999760.26492335,-6845930.16933764,-8349769.01080342,253170961.772083,16173507728.452,199605070853.484,0.0307722698307558,0.05,0.615445396615115,-0.503051071540073,0.036005656159523
0.323,17.4748740368169,20.0298043319185,-152.377122184828,-0.847784444627286,-4879.01623198756,240.367171848106,33566.6503582997,-1463.50512541162,6999497.24977677,-6492956.67213881,7823738.71764854,452776032.625568,-15138014960.8855,199677672410.587,0.0298043319184558,0.05,0.596086638369115,-0.497041629086412,0.0369849606193357
0.324,17.3200632926477,20.0290762206528,-157.238188308923,-0.609210655138613,-4841.94915979854,235.740970961747,40567.5364749418,-7696.79416916921,6999751.98101398,-5940341.80330795,-7314276.24323695,652453705.036154,14051060264.8283,199676357483.379,0.0290762206528328,0.05,0.581524413056655,-0.490212095842305,0.0366872032669206
0.325,17.1604111826298,20.0285833558843,-162.058687262823,-0.37827928868798,-4797.88238091829,225.191068023325,47565.9731612116,-13277.6297270452,6999463.23490315,-5188049.9195301,6736784.02159138,852130062.519533,-12917260993.2198,199621624704.598,0.0285833558843471,0.05,0.571667117686943,-0.482876412378095,0.0351126812918915
0.326,16.9959617735212,20.028315250401,-166.831619906899,-0.160554541581955,-4746.81609156149,209.469752581297,54566.6519112934,-18006.3443445314,6999741.38842813,-4236109.04465827,-6180476.97162842,1051751687.22413,11707296358.0047,199472586747.764,0.028315250400972,0.05,0.566305008019441,-0.475325745464289,0.0323284316366004
0.327,16.8267661316312,20.0282562622154,-171.5499862089,0.0392515059114898,-4688.75011123147,189.528957020088,61565.2542772954,-21683.332114453,6999414.55963551,-3084621.06406026,5526819.38637624,1251224273.97189,-10426540896.8957,198967402223.564,0.0282562622153932,0.05,0.565125244307865,-0.46780045046604,0.0284681964619601
0.328,16.6528823229162,20.0283865464885,-176.206786980503,0.217478485770109,-4623.68466297699,166.520142061026,68565.6944898079,-24109.1798078234,6999728.10857343,-1733913.08897658,-4899721.51051943,1450191676.19546,9032638846.8541,-175905320939.333,0.0283865464884627,0.05,0.567730929769255,-0.460467324508595,0.0237278422789608
0.329,16.4743754128471,20.0286832064429,-180.795022303767,0.371714011187894,-4551.6195446932,141.778374933041,75564.4781774339,-25147.3146121921,6999344.70648634,-371674.073250788,4132917.33633467,1274286355.25613,-7532023919.43434,-199035067728.822,0.0286832064428708,0.05,0.573664128857416,-0.453404301219122,0.0183567287781853
0.33,16.291317466514,20.0291216132786,-185.307692942482,0.500908219775202,-4472.5550191773,116.649311215611,82564.6340052685,-24915.018019103,6999711.61186296,803094.748140927,-3399106.58309967,1075251287.5273,5858096777.09237,-199487594074.652,0.029121613278619,0.05,0.582432265572379,-0.446593978471965,0.0126456243802178
0.331,16.1037875484687,20.0296767357966,-189.737799118866,0.605277010846315,-4386.49085179649,92.3067371354135,89563.6224133027,-23607.5455595442,6999241.5536684,1778602.2386309,2458990.1939927,875763693.452652,-4018783751.08162,-199633769055.34,0.0296767357966452,0.05,0.593534715932904,-0.439926503220538,0.00691083683963747
0.332,15.9118717228443,20.0303243127143,-194.078341550229,0.686111235447547,-4293.42736622398,69.7261352370496,96563.4236647763,-21424.3337690295,6999691.15198685,2554549.04755589,-1559793.55708892,676129924.397312,1897991425.33379,-199699925920.493,0.0303243127143169,0.05,0.606486254286338,-0.433211410750429,0.00147452723637106
0.333,15.7156630531584,20.0310418280917,-198.322320638604,0.745577469888808,-4193.36427786583,49.6834434822842,103562.651251889,-18565.0030802617,6999080.35414243,3130829.00899295,338197.868244867,476429998.476819,494194100.667429,-199731953950.945,0.0310418280916878,0.05,0.620836561833755,-0.42619716059635,-0.0033572148096873
0.334,15.5152616024546,20.0318092872602,-202.462737059241,0.786518403482781,-4086.30200947913,32.7549377415172,110561.983070649,-15229.2477310222,6999665.64906101,3507393.0304943,832391.968912297,276698044.525874,-3390734137.76307,-199744314213.485,0.0318092872601952,0.05,0.636185745203903,-0.418596366347385,-0.00731639939208208
0.335,15.3107744330427,20.0326097930944,-206.492591459817,0.812253147413106,-3972.24019613255,19.3171801867376,117561.499793338,-11616.7963973005,6998802.67396104,3684218.91791343,-2558342.16885077,76953730.3123893,6778326756.55608,-199741679366.735,0.0326097930943625,0.05,0.65219586188725,-0.410114201169164,-0.0101931255119578
0.336,15.102315606673,20.0334299225721,-210.404884489052,0.826377507778947,-3851.17943896231,9.54699630013887,124560.153017341,-7927.39089412535,6999633.49517047,3661301.80854245,4219984.58770531,-122787949.054346,-11237183443.9623,-199723682165.618,0.0334299225721146,0.05,0.668598451442293,-0.400477168163464,-0.0118516127659168
0.337,14.8900061841609,20.0342599035998,-214.192617163734,0.832564245071552,-3723.1192340826,3.42146983201878,131560.023640898,-4360.77034047101,6998234.88803619,3438652.01840529,-7017198.85625702,-322511631.219964,16748928691.2448,-199684714167.545,0.0342599035998461,0.05,0.685198071996922,-0.389459441920421,-0.0122407657051177
0.338,14.6739742256087,20.035093592097,-217.848790166323,0.83436333637915,-3588.06056465879,0.717953365790109,138557.541417621,-1116.65492337029,6999592.15352555,3016298.03010156,9731729.8349878,-522196345.387508,-25381420884.2968,-199608476052.824,0.0350935920970095,0.05,0.701871841940189,-0.376904238112999,-0.0113983115482062
0.339,14.4543547897791,20.0359282493511,-221.366405167604,0.835002257036581,-3446.00266276864,1.01409771340381,145557.76919925,1605.27685469537,6996633.17291839,2394297.44668764,-15649691.0493089,-721804821.440332,37102810304.1797,-199443668786.157,0.0359282493511301,0.05,0.718564987022603,-0.362738208535411,-0.00944818890299616
0.34,14.2312899343558,20.0367641196735,-224.738463183125,0.837186305520313,-3296.94763931435,3.68791233500352,152552.761328361,3605.43127919849,6999534.88702117,1572770.79085423,21453119.2548707,-921248490.226488,-43100912531.7111,-198934109166.395,0.0367641196735136,0.05,0.735282393470271,-0.346977531556584,-0.00659152549184163
0.341,14.0049287145794,20.0376038084192,-227.957967317921,0.842899018822056,-3140.89333089395,7.91789867337611,159555.839289588,4684.4221400784,6999437.55001019,552055.246044541,-21647793.2768404,-1120182599.39288,-198936072647.123,-141000298506.791,0.0376038084191599,0.05,0.752076168383198,-0.32972523365818,-0.00309216195841554
0.342,13.7754271844225,20.038451460596,-231.017918716037,0.853203288495683,-2977.84966979793,12.6857763241402,166511.296930852,4652.88603667537,6878321.72040979,-638627.502601737,-220583865.923963,-1261182897.89967,-199468245639.103,198925189807.49,0.0384514605959581,0.05,0.769029211919161,-0.311160071614664,0.000741804171876651
0.343,13.5429483772359,20.0393117454106,-233.911377203646,0.868058178343563,-2807.94428716143,16.8174400094401,173246.082010693,3416.82128342505,6558003.73166627,-1800347.80559766,-420052111.563066,-1062257708.09218,-199522299082.532,199459114103.321,0.0393117454105649,0.05,0.786234908211298,-0.291518387636657,0.00457866166657346
0.344,13.3076621717083,20.0401886981895,-236.631624614038,0.886241372448563,-2631.4975253993,19.1653552351385,179560.805970064,1118.58780946518,6038190.47056194,-2762875.95663819,-619574410.645598,-862798593.988862,-199426073952.403,199629714205.602,0.0401886981895103,0.05,0.803773963790206,-0.271071706060297,0.00808438229976
0.345,13.0697449712837,20.0410845866383,-239.172362848858,0.905471255901864,-2449.02919601547,18.7670232053784,185255.971556311,-2042.41582513317,5318903.02294014,-3525859.69352425,-819000484.598001,-663168879.78326,-198995152653.598,199709675148.155,0.0410845866383269,0.05,0.821691732766539,-0.250103002103618,0.0109441157496555
0.346,12.8293791843517,20.0419989488433,-241.527913358571,0.922603460123057,-2261.25856449315,14.8594706233171,190132.208478177,-5866.57501269102,4400404.96201534,-4089173.73573343,-1017995637.2516,-463459204.635105,-155795139768.159,199752601495.012,0.041998948843343,0.05,0.83997897686686,-0.228884091066318,0.0128832212787835
0.347,12.5867525050628,20.0429278303093,-243.693416132776,0.933830468088892,-2069.10231093767,6.87938856704909,193997.649764938,-10154.1862504928,3304511.75487966,-4452756.63962103,-1173790777.01976,-263706603.140093,199007390494.899,199775788749.743,0.0429278303093064,0.05,0.858556606186127,-0.20765632485834,0.0136860615118566
0.348,12.342056998899,20.0438632206557,-245.665016116426,0.9348813144472,-1873.63974511686,-5.5368031125797,196748.434029724,-14705.5002268923,2230224.67310735,-4616575.34838625,-974783386.524859,-63930814.3903505,199476312810.287,199785921740.718,0.0438632206556875,0.05,0.87726441311375,-0.186616391909742,0.0132107641700973
0.349,12.0954880393955,20.0447926900393,-247.439948894088,0.921221333095192,-1675.9303511353,-22.552921735991,198524.513061704,-19320.7433288503,1355179.44298763,-4580613.20190624,-775307073.714572,135855107.350368,199601789612.832,199785214608.756,0.0447926900392872,0.05,0.895853800785744,-0.165908085273239,0.0113985668305253
0.35,11.8472432630269,20.0456992253384,-249.016421766565,0.888251929667386,-1476.84914945649,-44.1330047639606,199525.305932769,-23800.1314413132,679673.264079476,-4344865.48725149,-575705284.10174,335640321.959124,199620327851.282,199772912469.841,0.0456992253383532,0.05,0.913984506767065,-0.145619140129747,0.00827690369050577
0.351,11.5975216947027,20.0465612661155,-250.393417308395,0.831510364722579,-1277.0716402587,-70.0413050238868,199950.39660944,-27943.8812821735,203778.143903377,-3909338.70905745,-376084956.250458,535413234.428965,199524060743.144,199744565616.596,0.046561266115468,0.05,0.931225322309359,-0.125781904068116,0.00395601239157871
0.352,11.3465230722741,20.0473529403642,-251.570493794831,0.746869536028911,-1077.07372190082,-99.8422974312834,199999.386285342,-31552.2226130803,-72544.7819755085,-3274053.19182018,-176560895.507314,735157800.045561,199014795672.112,199687723766.058,0.0473529403642203,0.05,0.947058807284407,-0.106377450944879,-0.00138052806116862
0.353,11.0944473706317,20.0480445000325,-252.547585612634,0.630737747398483,-877.131742539231,-132.900700018443,199871.730188225,-34425.4156175834,-149598.279646767,-2439051.52989159,22453900.1647978,934845523.811618,196417650112.117,199563661000.113,0.0480445000325318,0.05,0.960890000650636,-0.0873426894784244,-0.00749033214584223
0.354,10.8414945253295,20.0486029563011,-253.324803850732,0.480258445910268,-677.32288510538,-168.381518661128,199766.095133679,-36363.7837754025,-28935.5544259101,-1404424.17557992,218871550.276915,1134409184.81173,-147464367170.936,199182933386.109,0.0486029563010604,0.05,0.972059126021207,-0.06857973833929,-0.0140903384312345
0.355,10.5878643547989,20.0489929145694,-253.902240620085,0.293509891572654,-477.540923505834,-205.250147037961,199822.017959863,-37167.8062030122,116203.812265537,-170423.524075133,71407183.1059788,1333592118.19784,-180323869056.104,182705535449.034,0.0489929145693964,0.05,0.979858291387927,-0.0499666366381928,-0.0208767278546538
0.356,10.3337566525731,20.0491776090191,-254.279849694709,0.0697045263968945,-277.656415937197,-242.273286919334,199943.871385506,-36640.9827454136,97449.0608434634,1254521.36184722,-108916685.950126,1516297653.64687,53770156302.5206,-199124982129.225,0.0491776090191287,0.05,0.983552180382574,-0.0313686106147346,-0.0275446710854245
0.357,10.0793713018764,20.0491201347026,-254.457522023554,-0.190618645307454,-77.6797323790824,-278.042589582472,199995.823796091,-34661.5000537644,15417.4530445982,2671256.52442948,-55146529.6476049,1317172671.51765,79191005238.1204,-199560844736.041,0.0491201347025836,0.05,0.982402694051672,-0.0126502305443492,-0.0338060062649966
0.358,9.8249082729168,20.0487848398474,-254.435202912306,-0.485493556308462,122.317908680475,-311.157247630632,199996.866485185,-31364.9173343655,-133.573983946524,3888648.77357911,24044475.5905155,1117611826.78161,-145287002476.198,-199691750857.321,0.0487848398474355,0.05,0.975696796948711,0.00631138000403409,-0.0394035177953764
0.359,9.57056756176293,20.0481387112442,-254.212886801517,-0.811640251415822,322.312662166163,-340.39989243003,199984.540648584,-26950.7446058718,-48732.5996315301,4906414.72493206,-121242526.885683,917920075.924285,151132952262.172,-199745035536.028,0.0481387112442064,0.05,0.962774224884129,0.025614154168726,-0.0441220960526118
0.36,9.3165491592183,20.0471525910617,-253.790593783457,-1.16466119823343,522.258926633461,-364.752765703929,199900.375610886,-21618.6606822336,-94408.6503861266,5724462.28308833,29890425.3764895,718175040.388257,160212398941.029,-199760462918.047,0.0471525910616641,0.05,0.943051821233283,0.0453215640363039,-0.04779730180136
0.361,9.06305300816534,20.0458021945971,-253.168397823256,-1.5392409579418,722.123755173339,-383.397822757176,199847.614239679,-15568.4042894375,15587.9744608776,6342757.09201756,190102824.317519,518414577.470211,-194188894966.176,-199740452212.767,0.0458021945970764,0.05,0.916043891941527,0.0654564616367076,-0.0503208311101605
0.362,8.81027898211936,20.044068928318,-252.346341360257,-1.92934592055807,922.002756000344,-395.716768589868,199925.88881047,-8999.72998405359,108596.351295308,6761301.44338139,-4086070.64865699,318674125.257444,-198640269605.57,-199642598825.08,0.0440689283179516,0.05,0.881378566359032,0.0859991561021746,-0.0516423941432185
0.363,8.55842696733348,20.0419405081573,-251.324359386048,-2.32842405616584,1121.97398529679,-401.291053939639,199999.335414841,-2112.36524451433,5190.14584386631,6980154.26922629,-202726340.254227,119031526.432363,-199373211026.844,-198846591260.214,0.0419405081573352,0.05,0.838810163146704,0.106890659204682,-0.0517678702226941
0.364,8.30769692641261,20.0394113780688,-250.102394976393,-2.72960463109086,1321.93382084405,-399.901788736437,199869.933522053,4894.16368938478,-297222.799923783,6999762.50002855,-402099551.281071,-79815064.8278506,-199482122701.581,127085337705.58,0.0394113780688379,0.05,0.788227561376758,0.128039531038212,-0.050753965065224
0.365,8.05828879399005,20.0364829294055,-248.680594142421,-3.12589497748248,1521.57981461915,-391.515751085439,199338.413926038,11875.199546617,-799063.412555644,6983490.10405348,-601581673.982652,47270272.8777289,-199400457860.812,-62255712589.3038,0.03648292940548,0.05,0.729658588109601,0.149330163192345,-0.0486999280508778
0.366,7.8104021742395,20.0331635470386,-247.059505025648,-3.51030776298017,1720.41012487417,-376.143522096007,198205.326266848,18871.9488350111,-1500345.3154687,6999632.52063656,-800982131.843464,-14985439.7115748,-198983363875.918,25841321613.1635,0.0331635470385869,0.05,0.663270940771739,0.170631381834071,-0.0457369186144128
0.367,7.56423583903172,20.0294686044017,-245.240277327643,-3.87584911428754,1917.72349048781,-353.773177852229,196271.325991478,25868.3955227274,-2400819.12925012,6997567.74173157,-999965495.719381,10855881.9015887,-182634738369.393,-17066763680.4306,0.0294686044017283,0.05,0.589372088034565,0.191804518256333,-0.0420148970631588
0.368,7.31998702671616,20.0254204717299,-243.224861497866,-4.21552152298274,2112.62013621794,-324.404900260138,193340.084991307,32868.5467447964,-3492101.9941542,6999890.24179294,-1182600234.08877,-6210881.7788419,198940569267.76,-199674457135.411,0.0254204717298592,0.05,0.508409434597183,0.212710168296134,-0.0376877225549738
0.369,7.07785054355095,20.0210485171809,-241.016200953323,-4.52232742423739,2304.02535936355,-288.045763310456,189289.839641653,39832.0524695107,-4575231.94360909,6893842.13144639,-983659664.821014,-205885338.914253,199454880173.987,-199887613816.619,0.0210485171808763,0.05,0.420970343617526,0.233213019282369,-0.0328981268979375
0.37,6.83801770502911,20.0163890908005,-238.618332536491,-4.78931843191042,2490.87195037593,-244.80943264895,184256.020345662,46589.6373291972,-5459164.16834311,6588012.98562383,-784204784.647027,-405772952.730872,199591575676.441,-199922231532.566,0.0163890908004838,0.05,0.327781816009676,0.253184662917915,-0.0277641262367457
0.371,6.60067528408153,20.0114854034332,-236.036273448573,-5.00975361695547,2672.27600415563,-195.001747745377,178438.019047608,52941.4434665334,-6143573.16515192,6082278.91712667,-584613208.970586,-605695184.263438,199617975964.389,-199932984621.671,0.0114854034332303,0.05,0.229708068664607,0.272505770540621,-0.0223690296148488
0.372,6.36600462772813,20.0063872206195,-233.275825059155,-5.17729783322227,2847.5531185015,-139.128444558683,172035.408940632,58687.5526274248,-6628377.38614031,5376617.2405524,-384995233.006197,-805628168.885109,199540716059.099,-199933824306.077,0.00638722061945884,0.05,0.127744412389177,0.291068996695372,-0.0167567481961795
0.373,6.13418097268283,20.0011503568572,-230.343373344377,-5.28622163254939,3016.2184870734,-77.8951852484758,165247.790723998,63628.0334794836,-6913602.26111696,4471022.15951425,-185454516.947098,-1005561993.19119,198965548541.814,-199925997338.896,0.00115035685718823,0.05,0.0230071371437646,0.308782616091092,-0.0109329374077876
0.374,5.90537296054458,19.9958359699395,-227.24568929821,-5.33160119516456,3177.98685781187,-12.2075646046561,158274.622129165,67562.9536428458,-6999574.00379315,3365497.16765361,13511031.5947159,-1205487990.53008,-26573645412.4966,-199902777825.104,0.00416403006050459,0.05,0.0832806012100917,0.325574537159582,-0.00487179088354828
0.375,5.67974235220573,19.99050965536,-223.989731383488,-5.30951826127594,3332.76283754251,56.8288936745187,151277.374700267,70292.3896855968,-6999349.79490468,2060057.78821098,-13062613.8177806,-1405390768.35518,27321460615.891,-199823636986.212,0.00949034464002807,0.05,0.189806892800561,0.341396293474954,0.00147224517634504
0.376,5.45744392342631,19.9852403407904,-220.582496733492,-5.21726005293958,3480.53949863721,127.908754474621,144276.047175222,71616.4481501325,-6998751.67841452,554755.201362691,14258846.7981104,-1605214405.3414,-30030924099.0286,58216427289.0622,0.0147596592095667,0.05,0.295193184191334,0.356226448593248,0.00814903822224115
0.377,5.23862545091246,19.9800989810083,-217.030985326019,-5.05351701398633,3621.31729515919,199.537470175681,137279.419766191,71378.298886706,-6999508.29366592,-1021350.99033417,-15772077.3009183,-1546997978.05233,32498492425.4542,199841177959.492,0.0199010189917068,0.05,0.398020379834136,0.370072208313503,0.0151951676206625
0.378,5.02342771240484,19.9751570739422,-213.342195292041,-4.81852341243829,3755.09568620285,270.155587286627,130277.441849278,69616.7557703389,-6999031.12475411,-2468428.37940676,16726415.124536,-1347156800.09284,-34552385179.6749,199921006346.938,0.0248429260578433,0.05,0.496858521156867,0.382968362951162,0.0226160963018719
0.379,4.81198448632797,19.9704851173162,-209.523126981104,-4.51402531752134,3881.87496054289,338.321932775845,123281.015201223,66508.0691586102,-6999580.90221941,-3715624.67632613,-17825970.0551389,-1147235793.7459,36413048252.6012,199945724386.042,0.0295148826838272,0.05,0.590297653676544,0.394973555206811,0.0303710161227801
0.38,4.60442255191583,19.9661511735429,-205.580778549084,-4.14311475622262,4001.65473150834,402.789314702517,116278.590155352,62252.1508728088,-6999200.34814825,-4762887.60787902,18587078.1974623,-947290069.359862,-38029727953.8328,199956122876.239,0.03384882645706,0.05,0.6769765291412,0.406164279133134,0.0383634373607948
0.381,4.40086168896625,19.9622196227325,-201.522150598342,-3.71003098480354,4114.43523476398,462.510471598279,109282.34505831,57048.9442507293,-6999628.1339277,-5610199.61580076,-19442649.7563704,-747333946.483623,39518834802.6981,199959705961.902,0.0377803772674667,0.05,0.755607545349335,0.416627213851792,0.0464391420484508
0.382,4.20141467795116,19.9587501154325,-197.354241276525,-3.21996054693275,4220.21617193182,516.638092037776,102279.582071971,51098.404279347,-6999311.36628272,-6257553.70930343,20076185.0463276,-547374240.52172,-40855223348.2753,199957293854.935,0.041249884567474,0.05,0.824997691349481,0.426450665823837,0.0543917212225892
0.383,4.0061872998302,19.9557967253172,-193.084051369404,-2.67883731932276,4318.99774205052,564.524821976295,95283.4995943202,44600.4896654252,-6999662.79291053,-6704949.30289768,-20779038.3019477,-347416946.666785,42107875392.5861,199942340366.807,0.0442032746828147,0.05,0.884065493656294,0.43571595669069,0.0619750648735137
0.384,3.81527833614779,19.9534073018335,-188.718579002916,-2.09314255358417,4410.77970157014,605.723265096676,88280.4652614908,37755.1556125886,-6999387.89351618,-6952395.07938106,21328837.0906384,-147474606.299979,-43260734726.4115,199807861739.186,0.0465926981665348,0.05,0.931853963330695,0.444489600982354,0.0689215028921171
0.385,3.62877956888303,19.9516230228038,-184.264825105169,-1.46970492290418,4495.56222516044,639.985969396096,81284.5316640656,30762.3245403474,-6999689.42378875,-6999965.75481144,-21931897.6357731,52333255.4392075,44358286065.8601,-73372122048.2644,0.0483769771962059,0.05,0.967539543924119,0.452817019333582,0.0749637617949637
0.386,3.4467757805375,19.9504781465886,-179.729787773257,-0.815502883079089,4573.34510505826,667.253976096526,74281.2693391366,23776.2967262475,-6999442.17839159,-6984318.56039637,22426388.430087,-21038866.6090569,-45389051223.4514,10803436860.2884,0.0495218534113526,0.05,0.990437068227052,0.460718384550086,0.0798585498440564
0.387,3.26934475400875,19.9499999422361,-175.120468051035,-0.137525598303641,4644.12849982914,687.535057208009,67285.4755130894,16783.2593053567,-6999710.31557323,-6999955.70857528,-22962662.7933644,-10235429.7487685,46383875350.2096,20853306275.036,0.0500000577638566,0.05,1.00000115527713,0.468186973298515,0.0834092451143276
0.388,3.09655727267202,19.9502086896552,-170.44386400208,0.557234176573596,4707.91222573545,700.817501641882,60282.0145120112,9781.66143295287,-6999481.04069149,-6999764.48518653,23421212.5568452,10617876.5262675,-47334033486.51,-21633006890.0632,0.0497913103448226,0.05,0.995826206896453,0.475190156852509,0.0854844403512179
0.389,2.92847712026962,19.9511176712611,-165.706976767829,1.26177614365422,4764.69643101114,707.100149103042,53286.3550720171,2783.60038488113,-6999726.8448779,-6999963.11210529,-23912820.9296648,-11015130.3637956,48262407487.8426,22178383718.8283,0.0488823287389444,0.05,0.977646574778888,0.481672897387608,0.0860298300092254
0.39,2.76516108098894,19.9527331696865,-160.916804374603,1.96910115828712,4814.48094812421,706.382856176131,46282.7155512557,-4218.17389511959,-6999508.46206364,-6999889.05060968,24349586.5581778,11163253.3550327,-49162072773.712,-22486207845.5219,0.0472668303134611,0.05,0.945336606269223,0.48756338242949,0.0850725077479334
0.391,2.60665893936278,19.9550544676437,-156.080348048565,2.67220855709108,4857.26591928916,698.665661372606,39287.1882036755,-11216.2290203593,-6999739.91189232,-6999968.9011774,-24812486.2155352,-11322954.4904892,50051202342.9894,22724720304.1316,0.0449455323563122,0.05,0.898910647126243,0.492780218808451,0.0827173130391145
0.392,2.45301348034547,19.9580738479318,-151.204605775253,3.36409916005287,4893.05118758929,683.948507605922,32283.3839157326,-18218.071945398,-6999526.79693636,-6999929.49551582,25238716.1274542,11401765.8136424,-50924094176.5921,-22891201811.5155,0.0419261520682035,0.05,0.83852304136407,0.497240470598525,0.0791356622031322
0.393,2.30426048922064,19.9617765933998,-146.296578856259,4.03777226108374,4921.83689272198,662.231417406993,25287.9891278305,-25216.1157583089,-6999750.1278972,-6999973.33060794,-25685378.0491379,-11489435.9978731,51796279874.6868,23027939328.2136,0.038223406600185,0.05,0.764468132003699,0.500867744956768,0.0745480421761241
0.394,2.16042875167724,19.9661409869543,-141.363265232583,4.6862286715628,4943.62288406785,633.514359574853,18284.0290242212,-32217.9958170277,-6999537.36600899,-6999948.79694171,26110901.8255489,11538503.3303405,-52662894045.1307,-23132784118.0933,0.0338590130456744,0.05,0.677180260913488,0.503599542310227,0.0692019500877265
0.395,2.02154005372192,19.9711383115392,-136.411666274468,5.30246766309409,4958.40930193879,597.797348577238,11288.7699601175,-39216.0308263239,-6999757.91120601,-6999976.68567041,-26551992.2195818,-11594280.7877528,53538328794.6763,23222563343.6755,0.0288616884608039,0.05,0.577233769216079,0.505393161541115,0.0633474805712372
0.396,1.88760918175659,19.9767328501414,-131.448779874048,5.87949004390355,4966.19599837496,555.080364634753,4284.65910760077,-46217.9342251643,-6999540.73902825,-6999959.68478632,26986336.5750944,11628282.5559228,-54418276974.452,-23295601596.5514,0.0232671498586186,0.0504559425178022,0.461137949219942,0.506229607315555,0.0572129655911535
0.397,1.75864392249336,19.9828818857781,-126.481607465297,6.41029507186001,4966.98311740761,505.363417964222,-2710.45817596901,-53215.9623689387,-6999763.54094038,-6999979.20302868,-27431940.3993575,-11667319.0406287,55317301523.0375,23360296391.6049,0.0171181142218799,0.0520087326465001,0.329139230102579,0.506115140901619,0.0509830351708466
0.398,1.63464506303515,19.9895357015013,-121.517146886254,6.8878835539701,4960.77051035866,448.646494786278,-9714.71813685523,-60217.8818487558,-6999536.83057822,-6999966.3738735,27885361.1236799,11692977.3509763,-56231436835.4508,-23415323683.1016,0.0104642984986825,0.0543960445933657,0.192372415621535,0.50508035657995,0.0447812034192431
0.399,1.5156063907913,19.9966375803887,-116.562399631141,7.30525473884938,4947.55832839017,384.929602941658,-16709.6841930108,-67215.904287901,-6999767.18787226,-6999981.05836408,-28346075.7117708,-11722346.3321253,57176842643.6283,23465550908.8778,0.00336241961130668,0.0573781845119197,0.0586010108181128,0.503176900827526,0.0386586168339238
0.4,1.40151469356322,20.0041238055473,-111.624363477325,7.65540943325253,4927.34641862572,314.212732131474,-23714.0949449651,-74217.8355942796,-6999524.84226222,-6999970.62924176,28830766.9318575,11743204.5767524,-58149711207.8771,-23509894606.2149,0.00412380554732295,0.0607523216106471,0.0678789787450729,0.500472186460439,0.0325899828322753
0.401,1.29234975945867,20.0119236601071,-106.710039976944,7.93134687919972,4900.13494348281,236.495888844394,-30708.896022296,-81215.8529370007,-6999768.9309343,-6999982.37196811,-29318944.2760196,-11766690.0294624,59169722467.7649,23551555223.1976,0.0119236601071364,0.0643492172812596,0.18529611720093,0.497042637276201,0.0264769845244856
0.402,1.18808437698495,20.019959427224,-101.826426838169,8.12606788383116,4865.92374190944,151.779064921205,-37713.462804957,-88217.7933947797,-6999503.01397644,-6999973.28438598,29850778.1917454,11784865.1937352,-60233055320.7602,-23589593596.9993,0.0199594272239878,0.0680300061465202,0.293391524631058,0.492966142438252,0.0201587564168625
0.403,1.08868433495974,20.0281463900746,-96.9805256696577,8.23257168429702,4824.71299301655,60.0622661286984,-44708.079272391,-95215.8058455016,-6999768.76344507,-6999983.21599074,-30382277.1290149,-11804728.4032641,61366001419.3877,23626417642.1203,0.0281463900746033,0.0716830561193255,0.392650531357788,0.488314460588095,0.0134283135245781
0.404,0.994108422615057,20.0363928318595,-92.1793340989495,8.24385908865676,4776.50252256631,-38.6545143454641,-51712.8115074974,-102217.75368942,-6999468.03986439,-6999974.73557295,30983724.2903728,11821689.2388561,-62564550351.2567,-23661141450.6526,0.0363928318594695,0.0752209315956769,0.48381256503291,0.48314631722119,0.00605326172705149
0.405,0.904308429502274,20.0446000357987,-87.4298537905263,8.15292933040486,4721.29253413666,-144.371271002025,-58707.2151102751,-109215.761103949,-6999766.59074965,-6999983.61705941,-31580826.0608839,-11839452.2117965,63867334095.3581,23695909036.6484,0.0446000357987089,0.078577480944804,0.567593097442736,0.477501853928953,-0.00220127898729314
0.406,0.819229145611554,20.052662285135,-82.7390822753499,7.95278321907009,4659.08283339892,-257.088009826996,-65712.1275583727,-116217.715128941,-6999413.74976285,-6999975.11475288,32286508.0344742,11856456.8248519,-65269955465.7924,-23729783804.0743,0.0526622851350247,0.0817050664347976,0.644541243682242,0.471398956976085,-0.0115497955757955
0.407,0.738808361267806,20.0604668631302,-78.1140212733336,7.63641998543033,4589.87366046886,-376.804725178168,-72706.2763800293,-123215.716979249,-6999762.21946127,-6999983.54983007,-32983447.4313182,-11873326.9792225,66835560997.9773,23765128517.3829,0.0604668631302161,0.0845719517820915,0.714975377250548,0.464831794230649,-0.0221657725670446
0.408,0.662976867273183,20.0678940530683,-73.5616681954386,7.19684044115835,4513.66479055291,-503.521422606474,-79711.3910630398,-130217.676337816,-6999327.8863936,-6999974.3125506,33852113.5666591,11891801.5381605,-68559128974.4881,-23800803869.4214,0.0678940530683008,0.0871598595394683,0.778960101898243,0.45777168015824,-0.0341653283987483
0.409,0.591658454789395,20.0748171382526,-69.0890248158863,6.62704381514924,4430.45652093522,-637.238095833803,-86705.2194141459,-137215.671550242,-6999755.33731418,-6999982.91294715,-34707015.407829,-11909002.3312609,70558843693.5646,23795546003.1462,0.074817138252552,0.089461707698284,0.836303488693488,0.450170150332706,-0.0475966364971385
0.41,0.524769915516375,20.081102402009,-64.703088388683,5.92003092180928,4340.24857930167,-777.954752193158,-93710.5684518817,-144217.643040021,-6999182.93087523,-6999994.14227683,35851828.2857356,11886543.6718852,-72828762465.7324,199984995364.209,0.0811024020090478,0.0914795320570745,0.886563367622472,0.441963924625331,-0.0624360876363384
0.411,0.462221041554259,20.0866091279913,-60.4108607371759,5.06880284422001,4243.0413601573,-925.662078505565,-100703.963595692,-151178.363077902,-6999745.48382236,-6888115.10092285,-36976934.1799968,211871539.036094,75639254082.4218,199994223118.014,0.0866091279913128,0.0932225982742987,0.929057219972282,0.433081246312802,-0.0785914799607394
0.412,0.403914625644081,20.091189618441,-56.2193388934422,4.06641405959133,4138.83451263292,-1080.24085411813,-107709.591004257,-157927.210038787,-6998902.79096114,-6576246.45032774,38662319.902425,411865762.154108,-78983121593.8657,199995796460.482,0.0911896184409997,0.0947057049377896,0.962873551291345,0.423448970480369,-0.0959116658548892
0.413,0.349746460999992,20.0946893205716,-52.1355247073726,2.90613238708382,4027.62862298977,-1241.3792099302,-114702.326488866,-164264.190975294,-6999732.03185565,-6064382.78994339,-40320801.6914406,611861558.61459,83763786325.5901,199996220017.216,0.0946893205715753,0.0959476766368908,0.986884976172194,0.412999694748801,-0.114200759462193
0.414,0.29960534167453,20.0969471386825,-48.1664148516344,1.58163751206776,3909.42320050912,-1408.56528219819,-121708.258290513,-169989.310282594,-6998170.9403843,-5352523.12132019,43442984.6341494,811857778.631806,-89972460894.8168,199996113788.408,0.0969471386825447,0.0969700437511323,0.999763792324912,0.401678247762734,-0.133234711934902
0.415,0.253373062360043,20.0977959460233,-44.3190110817401,0.0872209815831045,3784.21934839332,-1581.08721124027,-128699.703148729,-174902.571828967,-6999714.18619755,-4440667.28579418,-46529476.2606674,1011853892.42021,92885637779.814,199995478808.531,0.097795946023254,0.0977959036817855,1.00000043295749,0.389446901172383,-0.152778476187998
0.416,0.210924419088479,20.0970632966527,-40.6003093686334,-1.5820137995781,3652.01590347369,-1758.03314125178,-135707.201133427,-178803.979588749,-6999800.84356831,-3328815.6539697,46356161.5191441,1211849371.22874,199592061883.532,199993821756.118,0.0970632966526637,0.0984489563512355,0.985925095095693,0.376288828740156,-0.172602081702379
0.417,0.172127208809871,20.0945723372951,-37.0173101044264,-3.42995157289427,3512.82484428131,-1938.2912206964,-142650.558552589,-181493.538253479,-6853648.6511074,-2016969.3718629,245948223.402676,1411843192.98486,199826492768.076,199988342639.668,0.0945723372950553,0.0989527052293785,0.955732711660897,0.362209477887438,-0.192494069317879
0.418,0.136842252792904,20.0901429191915,-33.5769409011332,-5.45926523091016,3366.7967788776,-2120.54960358937,-149347.928676534,-182771.254638409,-6507787.18132069,-505132.007558202,445774716.170752,1611831535.62453,199868923073.629,-70771055909.3325,0.0901429191915035,0.0993298134312897,0.907511210155035,0.347235990614146,-0.212271012125225
0.419,0.10492355179435,20.0835929095695,-30.2858824782699,-7.67121808059814,3214.27758026823,-2303.30773443628,-155599.51701259,-182482.26605414,-5962078.00361312,1071314.00011166,645643639.24438,1541060479.7152,199878734474.996,-199988632695.282,0.0835929095694965,0.0996016030394086,0.839272732753326,0.331415803779484,-0.231782248904744
0.42,0.0762186320914348,20.0747396811132,-27.1503697687008,-10.0655258514468,3055.81295980764,-2485.00583293678,-161205.460074168,-180673.753252953,-5216494.99713124,2512380.16347922,845522373.719376,1341071847.01992,199872155913.531,-199994123474.622,0.0747396811131651,0.0997876866966507,0.748987010194652,0.314815149329451,-0.250909640794196
0.421,0.0505690911956205,20.0634016556334,-24.1759920590629,-12.6403956196068,2892.14850063702,-2664.20821722197,-165965.881858454,-177524.169519877,-4271036.5454551,3753454.94876182,1045394529.63291,1141077723.54529,199847750650.14,-199995803363.291,0.0634016556333741,0.0999057202249368,0.634614869805511,0.29751768735878,-0.269563642263735
0.422,0.0278113434358978,20.0493997341687,-21.367493115276,-15.3926944674905,2724.22965991706,-2839.67381280534,-169680.913180651,-173233.508343236,-3125718.14049712,4794534.77062547,1245242280.28305,941081920.182002,199787242447.43,-199996476200.123,0.0493997341687304,0.0999712637348948,0.494139338877713,0.279623405149207,-0.287677745328351
0.423,0.00777756541462895,20.0325585378803,-18.728571314984,-18.3181484002296,2553.20175251464,-3010.36153996308,-172150.712307266,-168001.765358553,-1780582.23899036,5635618.45270741,1445029522.73048,741085443.98188,199589320405.81,-199996644356.576,0.0325585378803055,0.0999977374862209,0.325592745383783,0.261247885987355,-0.305202592701526
0.424,-0.00970315868128881,20.0127074491312,-16.2616798095217,-21.4115423412084,2380.40990356335,-3175.43031504813,-173175.514898156,-162028.936957914,-235758.056056981,6276705.574511,1644618843.13629,541088799.625303,-138050265941.647,-199996327343.6,0.0159884505758828,0.1,0.159884505758828,0.242522014102049,-0.322100439824704
0.425,-0.024803492434677,19.9896814525704,-13.9678295810505,-24.6669201284092,2207.38486068328,-3334.23905093249,-172611.971910302,-155515.019704814,1339835.65410848,6717796.2104645,1506568577.19464,341092472.281703,-199587965370.572,-199994950916.96,0.024803492434677,0.0999960210172194,0.248044794006412,0.223592133860593,-0.338340501882372
0.426,-0.0376963301433527,19.9633217762194,-11.8464662899224,-28.0777845109306,2035.68558519767,-3486.34665690965,-170552.116628491,-148660.009750028,2746610.24861783,6958891.20728773,1306980611.82407,141097521.364743,-199782258163.59,-199985073192.786,0.0376963301433527,0.0999501683328198,0.377151242185299,0.204620378845694,-0.353895627372567
0.427,-0.0485532539373242,19.9334763325636,-9.89554620199084,-31.6372971449929,1866.7162795347,-3631.51203751385,-167185.313116989,-141663.90062759,3953699.7313601,6999996.19205608,1107198353.66048,-58887551.8280425,-199841431899.43,117689073144.527,0.0485532539373242,0.0998377274842394,0.486321705839999,0.185783709964989,-0.368740605242601
0.428,-0.0575431325318164,19.899999960089,-8.11171916113994,-35.3384759396942,1701.68402261601,-3769.68085092601,-162711.321114115,-134673.733365924,4960977.36907087,6999953.1768003,907356921.76105,58801521.3164843,-199864302881.132,-117523717848.099,0.0575431325318164,0.0996374997156338,0.577524854558223,0.167270145031995,-0.382852245509421
0.429,-0.0648309142440586,19.8627544900931,-6.49052782851693,-39.1743255277413,1541.59608866077,-3900.84970427155,-157329.976001311,-127663.966714774,5768402.13939135,6999992.83919273,707492618.879918,-58722196.5316148,-199868262478.964,117402169278.553,0.0648309142440586,0.099325952646817,0.652708708212286,0.149272070173623,-0.396210960687723
0.43,-0.0705766197226458,19.8216087537255,-5.02660751420999,-43.1378420183039,1387.25990132136,-4025.01856984243,-151241.138929559,-120673.767945634,6375960.62703179,6999971.72730039,507624356.400954,58679972.7469377,-199852746681.92,-117316530585.062,0.0705766197226458,0.0988775839037497,0.713777753624594,0.131977267144803,-0.40880255750099
0.431,-0.0749345345250276,19.7764385821191,-3.7138860366736,-47.2220293428035,1239.28301956694,-4142.18746011774,-144644.67491544,-113664.008987057,6783658.61009178,6999993.4347548,307771609.719034,-58636557.8381239,-199791811136.259,117243756596.282,0.0749345345250276,0.0982654301449223,0.762572701452726,0.115558556566922,-0.420619549078643
0.432,-0.0780526015580201,19.7271268063854,-2.54578358591072,-51.4198836080009,1098.07314456604,-4252.35635999053,-137740.429135679,-106673.793205122,6991534.31424268,6999978.75521481,107979798.582775,58607198.7581582,-199347347474.136,-117184176060.754,0.0780526015580201,0.0974617342315969,0.800853813790598,0.100163081678116,-0.431661799344172
0.433,-0.080072013372947,19.6735632576233,-1.51541256226311,-55.7244087360363,963.838173081098,-4355.52527862559,-130728.129480057,-99664.0415465385,6999840.43908839,6999993.86594259,-91367548.891361,-58576977.3025959,170462826699.436,117131098647.392,0.080072013372947,0.0964387821001093,0.830288517018261,0.0859022795844332,-0.441936444559875
0.434,-0.0811270037348736,19.6156447669153,-0.615774200306505,-60.1286008344057,836.60183851355,-4451.69420560626,-123745.562344298,-92673.8143194726,6993704.30354675,6999982.43796369,79095277.8080752,58554121.3447961,-146246659934.586,-117084757823.304,0.0811270037348736,0.0951699194695841,0.852443757302972,0.072843512671894,-0.45145710818394
0.435,-0.0813448094159611,19.5532751653336,0.16012255133323,-64.6254638193833,716.360217256496,-4540.86314821811,-116736.684845169,-85664.0689471404,6999676.25138753,6999994.18039684,-67151382.1265106,-58530636.4785085,131338484074.296,117042136945.144,0.0813448094159611,0.0936307568657593,0.868782995448677,0.0610044374499118,-0.460242494777263
0.436,-0.0808456715941436,19.4863652839365,0.819279335388818,-69.2079937998036,603.117651076836,-4623.03209842542,-109748.694537499,-78673.8330621587,6998194.11129816,6999984.6123909,64187101.9477851,58511500.4666357,-125427935718.442,-117003410870.511,0.0808456715941436,0.0918005695675309,0.880666339816895,0.0503518945054686,-0.468314506917184
0.437,-0.0797428329301976,19.4148329537731,1.3686906341119,-73.8691946877073,496.873525281322,-4698.20106240676,-102739.31153118,-71664.0932680129,6999667.24538673,6999994.40742228,-61240833.7706565,-58491910.4038757,120529877706.719,116966941434.583,0.0797428329301976,0.0896638970024034,0.889352745041409,0.0408057967878529,-0.475696074846279
0.438,-0.0781425374421694,19.3386030058801,1.81535956754944,-78.6020625934519,397.628862645445,-4766.37003350023,-95750.1763897277,-64673.8503255534,6998691.35046943,6999985.96773569,59289043.9360622,58475031.0307072,-116660978062.708,-116932866098.744,0.0781425374421694,0.0872123438412886,0.896003180288049,0.032247507511533,-0.482408912949062
0.439,-0.076144029861843,19.2576072712858,2.16628128876045,-83.3996014257679,305.383052564189,-4827.53901720617,-88741.284013634,-57664.1156533188,6999649.90537414,6999994.56571703,-57371934.1266456,-58457835.0680372,113096230498.7,116900165890.904,0.076144029861843,0.084446582591524,0.901682786030061,0.0245318679253913,-0.488471422834865
0.44,-0.0738395559297447,19.1717845810072,2.42845885960671,-88.2548072966148,220.136743857158,-4881.70800770889,-81751.4707035734,-50673.866644154,6998826.08649684,6999986.81359444,55724296.3720544,58442330.8228665,-109860817479.59,-116868953993.962,0.0738395559297447,0.0813785548744101,0.907358898713547,0.0175016460988741,-0.493896944534686
0.441,-0.0713143620137884,19.0810807660531,2.60888774546537,-93.1606841119877,141.8893960455,-4928.87701009753,-74743.0926051371,-43664.1368241471,6999619.9741291,6999994.66742032,-54136521.107536,-58426623.1710958,106639393339.348,116838520528.512,0.0713143620137884,0.0780338658231922,0.91388990230692,0.0110029858503092,-0.498692522224611
0.442,-0.0686466954045963,18.9854486574217,2.71457083151055,-98.1102279855077,70.6415339819655,-4969.04601908681,-67752.7676593386,-36673.8823815576,6998803.14969124,6999987.30451348,52502872.2318121,58411897.3574161,-103464299878.991,-116808963040.693,0.0686466954045963,0.074454363167367,0.921996945300364,0.00490032819898875,-0.502858297461634
0.443,-0.0659078040234166,18.8848480861036,2.75250377427164,-103.096442820813,6.39260736368287,-5002.21503954001,-60744.9571235113,-29664.1572888722,6999573.87198355,6999994.72035055,-50961427.6471788,-58397065.6832763,100069180732.077,116779731302.718,0.0659078040234166,0.0707008896057511,0.932206148903328,-0.000910628045378753,-0.506387581775671
0.444,-0.0631619367417659,18.7792458830788,2.72968920923592,-108.112324733258,-50.856886845914,-5028.38406649085,-53754.1857685626,-22673.8978128128,6998647.03470241,6999987.52031864,49107753.0848977,58382665.6194412,-96492845386.6146,-116750913310.328,0.0631619367417659,0.0668561940347405,0.94474323065631,-0.00649317369856987,-0.509267592411507
0.445,-0.0604663431214078,18.6686158793199,2.65312291272751,-113.150877624382,-101.107585006836,-5047.55310472062,-46747.0669982156,-15664.1774452362,6999508.365094,6999994.72928291,-47385092.3017168,-58368247.690887,92358681019.4455,116722034230.79,0.0604663431214078,0.0630279841183707,0.959357085066342,-0.0118639423998984,-0.511480772034493
0.446,-0.0578712737994347,18.552938905789,2.52980717422591,-118.205097611363,-144.358947059512,-5059.7221494244,-39755.8580657692,-8673.91316742692,6998302.61330201,6999987.49870742,44973588.7177287,58353786.5399026,-87711978293.1638,-116693177138.681,0.0578712737994347,0.0593520995861531,0.975050153287857,-0.0169918787945823,-0.513006556067894
0.447,-0.0554199802261829,18.4322027934411,2.36673782486878,-123.267988593824,-180.611812886273,-5064.8912054271,-32749.6873211572,-1664.19763830599,6999420.21287315,6999994.69667798,-42738389.5754351,-58339390.5987788,81806595871.1922,116663885231.388,0.0554199802261829,0.0559957825537364,0.989717041153931,-0.0218018525797757,-0.513823410822242
0.448,-0.0531487151890016,18.3064023732206,2.1709166393128,-128.332546690896,-209.865504557761,-5063.06026795362,-25758.0018704265,5326.07134394449,6997585.12123331,6999987.2486949,39068206.2957571,58324494.6326096,-74935562858.9623,-116634240519.574,0.0531487151890016,0.0531610181049481,0.999768572604793,-0.0261825220901882,-0.513910940109524
0.449,-0.0510867325147415,18.1755394760645,1.94933940138561,-133.391775800401,-232.121324814974,-5054.22934199624,-18753.3719065218,12335.7817998691,6999185.54609959,6999994.62306772,-35867356.5632052,-58309745.8869645,45928221013.2409,116603754414.469,0.0510867325147415,0.0510879153832188,0.999976846413317,-0.0299976144717011,-0.513251855234474
0.45,-0.0492562879401221,18.0396229328992,1.70900680980371,-138.438672043602,-247.379168165331,-5038.39842268605,-11764.4653352016,19326.0555090624,6986282.300043,6999986.75438799,10060864.4500357,58294008.5275049,6131597388.10445,-116572511428.429,0.0492562879401221,0.0500580965418594,0.983982439263011,-0.0330995012000062,-0.511833617772784
0.451,-0.0476726402711711,17.8986685746435,1.45691025965345,-143.466239316595,-255.648560056545,-5015.56751531968,-4772.1306700356,26335.7605158094,6999408.96318709,6999994.50720127,16192461.8381401,-58278502.900924,-197041686150.277,116539934659.778,0.0476726402711711,0.05,0.953452805423423,-0.0353437118808537,-0.509649600086747
0.452,-0.0463440581433493,17.7526992322053,1.20004123509427,-148.46747374301,-256.926497571604,-4985.73661480348,2202.53424304551,33326.0390940035,6917080.58195009,6999985.97163024,-180849224.312137,58261431.7588537,-198980896262.018,-116506114794.114,0.0463440581433493,0.05,0.926881162866987,-0.0366030136186631,-0.506699656049732
0.453,-0.0452718266397487,17.6017447364845,0.945359657849368,-153.435379217262,-251.303855445646,-4948.90572690648,8996.0267301292,40335.7380957142,6636740.90950695,6999994.34599204,-379830120.574157,-58244683.0352605,-199213723434.673,116470305955.745,0.0452718266397487,0.05,0.905436532794973,-0.0367796374146173,-0.502990054487042
0.454,-0.0444503464828993,17.4458419183697,0.699642452884318,-158.362951865673,-239.061063852669,-4905.07484615553,15409.6502921099,47326.0218178479,6157303.92721545,6999984.81593465,-579043844.008829,58225622.9204844,-199223456549.257,-116432609189.428,0.0444503464828993,0.05,0.889006929657985,-0.0358153875107111,-0.498532789110627
0.455,-0.0438674148346269,17.2850346087408,0.469286644476602,-163.243195580987,-220.677569881642,-4854.24397901795,21244.2283878961,54335.7140103778,5478648.35493199,6999994.13426042,-778267300.558086,-58206986.2689439,-199100531244.357,116391973343.039,0.0438674148346269,0.05,0.877348296692538,-0.0336995416815439,-0.493344340510042
0.456,-0.0435047047554344,17.1193736384656,0.260110209872779,-168.069106492669,-196.832024388509,-4796.41311943926,26300.559670675,61326.0033137276,4600830.78875173,6999983.13466299,-977367831.802443,58184987.0740947,-198774024542.602,-116348515012.93,0.0435047047554344,0.05,0.870094095108687,-0.0304739673524074,-0.487444016824642
0.457,-0.0433384438506682,16.948916838403,0.0771528903412039,-172.833688491792,-168.402226213114,-4731.58227491515,30379.5775394351,68335.6875227588,3524075.94467798,6999993.86423062,-1176141856.34504,-58163527.9388351,-197822407735.345,116300614115.884,0.0433384438506682,0.05,0.866768877013363,-0.0262349957757992,-0.480852040405796
0.458,-0.0433402920499481,16.7737290393983,-0.0755228555421585,-177.529937711611,-136.464876944386,-4659.75143852268,33282.6121546513,75325.983058706,2249022.88446527,6999980.64334973,-1373964264.08039,58137086.1770485,-189142934516.535,-116248409694.345,0.0433402920499481,0.05,0.866805840998961,-0.021131911918985,-0.473587569132016
0.459,-0.0434784182450505,16.5938820722868,-0.195030413963933,-182.150858041521,-102.294628347121,-4580.92061931167,34813.129084657,82335.6575101952,780487.153126609,6999993.5246796,-1563107198.59692,-58111323.5172966,196199831720.711,116189127299.481,0.0434784182450505,0.05,0.86956836490101,-0.0153622465421187,-0.465666846286309
0.46,-0.0437187740181027,16.4094547678887,-0.279851891044548,-186.689445619553,-67.343598559345,-4495.08980904608,34844.7626104386,89325.9602276661,-684520.12960996,6999976.76481204,-1366907366.87621,58077803.7821839,198218670864.506,-116122938098.542,0.0437187740181027,0.05,0.874375480362055,-0.0091643510710508,-0.457101656755975
0.461,-0.0440265298852549,16.2205329570131,-0.329942497638304,-191.138704333474,-33.0606547969047,-4402.2590192578,33509.8252425346,96335.6220713528,-1952318.16105392,6999993.09954496,-1168688696.01171,-58045134.3163577,198743357392.64,116044361082.205,0.0440265298852549,0.05,0.880530597705099,-0.00280767366023919,-0.447898236490548
0.462,-0.044367508549048,16.0272094704508,-0.346620665341806,-195.49163032769,-0.713489111007707,-4302.42823964402,31006.2866263736,103325.933330587,-3021635.17836931,6999970.1457697,-969945338.619068,57999226.7658469,198956826723.958,-115953613809.613,0.044367508549048,0.05,0.88735017098096,0.00341989958567913,-0.43805673507231
0.463,-0.0447094519525223,15.8295841389799,-0.332373373418242,-199.741227488624,28.6286122375249,-4195.59748610333,27532.8382498154,110335.577487438,-3892102.1036264,6999992.56563074,-770988511.89511,-57954387.0437658,199046821421.828,115837097879.927,0.0447094519525223,0.05,0.894189039050445,0.00922795567206837,-0.427571277313764
0.464,-0.0450230905328181,15.6277637933554,-0.290657491537564,-203.880491970013,54.0951949677705,-4081.76674485184,23288.4163604784,117325.899042526,-4563567.20481059,6999956.72752694,-571941690.473282,57882710.8361613,199067075376.321,-115695099291.157,0.0450230905328181,0.05,0.900461810656362,0.014341436971917,-0.416430609902302
0.465,-0.0452830136624773,15.421862264316,-0.225700854935165,-207.902427658235,75.0147985722387,-3960.93604095621,18472.0561563272,124335.514608923,-5035975.35759571,6999991.88871752,-372874615.096961,-57812388.4549955,199034285371.875,115473657046.706,0.0452830136624773,0.05,0.905660273249546,0.0185187404271039,-0.404619263352011
0.466,-0.0454683411052588,15.212000382568,-0.142303235334279,-211.800030723141,90.9150143758091,-3833.10535439863,13282.8158720784,131325.845912921,-5309332.83000674,6999916.32878588,-173840329.725087,57661268.5917106,198948575312.959,-115173160138.849,0.0454683411052588,0.05,0.909366822105176,0.0215682720770878,-0.392119109402167
0.467,-0.045563195425313,14.9983059787924,-0.0456372872697096,-215.566305059085,101.522479968568,-3698.27473899155,7919.72097309457,138335.397349313,-5383698.87207534,6999991.01730816,25108245.5878721,-57511891.5471382,198796860401.012,79309918613.7188,0.045563195425313,0.05,0.91126390850626,0.0233618664653087,-0.378911157761214
0.468,-0.0455569753545471,14.7809138835606,0.0589504728574626,-219.194247169645,106.76281941574,-3556.4456268689,2581.70903388,145319.850740616,-5259192.19628697,6982134.08506788,223905105.988884,21798027.0665805,198547465382.801,-7884470640.75572,0.0455569753545471,0.05,0.911139507090942,0.023843804660347,-0.364977414775269
0.469,-0.0454444301785147,14.5599659246455,0.166138598699055,-222.676868339582,106.760522680199,-3407.63140460085,-2532.43936518205,152311.569760777,-4936013.35760668,6999989.87681408,422452571.371685,13913556.4258248,198131110522.699,-27836218686.0409,0.0454444301785147,0.05,0.908888603570295,0.023034608044268,-0.350302647778053
0.47,-0.0452255352633062,14.3356109176088,0.27082948608679,-226.00717694656,101.838740861047,-3251.81868081804,-7224.20458534911,159313.877046023,-4414495.23097365,6999985.32389689,620583681.894383,-13922662.2602161,197381121950.662,-199975122744.12,0.0452255352633062,0.05,0.904510705266123,0.0210293028759824,-0.334875923542085
0.471,-0.0449051689325165,14.108004674907,0.368347877946095,-229.178174271205,92.5189434872746,-3089.01546385056,-11295.5111217171,166273.571851666,-3695220.98810393,6886075.10026461,817964803.845045,-213897785.004336,195794663835.06,-199987179415.095,0.0449051689325165,0.05,0.898103378650331,0.017990391455803,-0.31869152968532
0.472,-0.0444925910472445,13.8773099900254,0.454638909196853,-232.182915848914,79.5203074498062,-2919.34283687874,-14549.117263926,173019.366862859,-2779358.85234135,6572183.72555273,1013759467.68011,-413884964.419431,190903722954.444,-199988384712.279,0.0444925910472445,0.05,0.889851820944891,0.0141362762844445,-0.301749620475762
0.473,-0.0440007239306793,13.6436965094334,0.526465262381484,-235.014672550184,63.7584249927793,-2743.11469182987,-16789.7790952682,179351.27670875,-1670147.52318403,6058304.56877716,1204663190.63455,-613873349.13171,7150307179.12466,-199985956125.93,0.0440007239306793,0.05,0.880014478613586,0.00972631378586522,-0.284057376111384
0.474,-0.0434452372930065,13.4073404184527,0.581600693791601,-237.667129130837,46.3346472638239,-2560.84490780976,-17856.4033052718,185069.313610274,-461909.178959916,5344438.24158248,1211813497.81367,-813859305.25764,-188317737309.106,-199975119899.235,0.0434452372930065,0.05,0.868904745860131,0.00504397742390137,-0.265631274282563
0.475,-0.042843454752123,13.1684239273786,0.618979077454227,-240.134584219398,28.4414117129866,-2373.2473505929,-17743.7920248764,189973.493012578,655745.450199204,4430591.37637522,1023495760.50457,-1013834425.15687,-193083993046.455,-163143275912.428,0.042843454752123,0.05,0.856869095042459,0.000379619729257159,-0.246500371988255
0.476,-0.0422131766837969,12.9271345576655,0.638698920686554,-242.412149994217,11.1880298735836,-2181.23433193282,-16608.4793599327,193869.976630389,1582699.21418054,3335185.31326213,830411767.458112,-1176977701.0693,-194455535738.842,199976320979.356,0.0422131766837969,0.05,0.844263533675937,-0.00398640751691992,-0.226710267576156
0.477,-0.0415715792322453,12.6836642316037,0.641879474110048,-244.495940847884,-4.4988002320049,-1985.88459324927,-14642.9835179795,196650.002479946,2315883.21376923,2258195.77268251,635956231.71927,-977001380.089946,-194878223554.422,199987407485.926,0.0415715792322453,0.05,0.831431584644906,-0.00780019155214283,-0.206327315589103
0.478,-0.0409342881313993,12.4382082096872,0.630470036845807,-246.38316311576,-17.8859693637947,-1788.25999363769,-12041.6018922764,198453.028797165,2854400.33371129,1381188.09633552,441078008.164848,-777013972.60402,-194807609847.049,199990408905.137,0.0409342881313993,0.05,0.818685762627986,-0.010849620334084,-0.185442249845511
0.479,-0.0403146456744529,12.1909640434316,0.607055754778417,-248.071997105979,-28.4349750715983,-1589.23754018742,-8999.13048945719,199479.041642016,3198074.53695262,704169.328184073,246270398.317799,-577023563.698883,-194328641543.194,199990863300.662,0.0403146456744529,0.05,0.806292913489058,-0.0129773651112346,-0.16417123737472
0.48,-0.0397231722268338,11.9421306988721,0.574662868746166,-249.561400139849,-35.8021202529238,-1389.49425152262,-5710.30886026954,199928.030998901,3347180.61449882,227141.19613552,51941756.774605,-377032700.398221,-193359428335.492,199988580425.982,0.0397231722268338,0.05,0.794463444536675,-0.0140902642672878,-0.142652784798241
0.481,-0.0391672225062053,11.691907879545,0.536564010410153,-250.85090656213,-39.8382384893288,-1189.50715585154,-2369.38393877267,199999.987274908,3302442.65710567,-49897.2140497094,-141417671.560887,-177044119.972239,-191624880837.604,199976470817.469,0.0391672225062053,0.05,0.783344450124106,-0.0141642427408778,-0.121040569812649
0.482,-0.0386508363552118,11.4404955494595,0.496083997783967,-251.940427750914,-40.5879550815104,-989.553292184032,830.412402412962,199894.897412675,3065212.54512599,-126953.098613214,-333042552.398491,22932350.8452296,-188424217337.678,199916815238.727,0.0386508363552118,0.05,0.773016727104236,-0.0132443415644778,-0.0994929410380228
0.483,-0.038174783252767,11.1880936560578,0.456406670686357,-252.830052131754,-38.2882945076566,-789.709719394888,3697.69963511676,199812.729958691,2637957.88405866,-4062.34014862094,-521466769.736169,222849166.083956,-181683908329.284,-190677219383.835,0.038174783252767,0.05,0.763495665055341,-0.0114399083699903,-0.0781601492486965
0.484,-0.0377367991290453,10.9349020526109,0.42038364382896,-253.519848466821,-33.3660972216469,-589.869823962731,6044.64348291911,199888.31266502,2025649.16015784,123448.216243418,-703150678.065453,32171946.700121,-162236449641.904,-199312125577.387,0.0377367991290453,0.05,0.754735982580907,-0.00891546316247658,-0.0571705858314945
0.485,-0.0373320127761158,10.6811205890859,0.390346826626799,-254.009753880185,-26.4325807903949,-389.922729870372,7691.67789577058,199994.628167018,1241380.25727144,55964.1001548451,-865387127.707357,-167140178.877266,1184052311.21865,197396942036.7,0.0373320127761158,0.05,0.746640255522315,-0.00587815552816751,-0.0366176822170732
0.486,-0.0369535557793057,10.426949207492,0.367930933563949,-254.299675287821,-18.2643946184268,-189.919751477171,8500.56193124021,199999.921668073,376585.155719691,-12477.6077040711,-864203075.396138,30256763.1594336,149572218903.49,-15952595026.9841,0.0369535557793057,0.05,0.739071115586114,-0.00256301674936582,-0.0165503322909329
0.487,-0.036593331585634,10.1725879053588,0.353944822077445,-254.389596030306,-9.71334177943848,10.0783094894506,8469.97425241241,199999.913676111,-412831.810224702,9802.8579418705,-714630856.492648,14304168.1324495,167714870954.409,-179264053004.542,0.036593331585634,0.05,0.731866631712681,0.000782768880564495,0.00303095184882341
0.488,-0.0362428546957162,9.91823668208081,0.348369283460746,-254.279517028028,-1.56190045526409,210.078039287013,7727.77949243379,199986.991275952,-1043605.23124014,-65525.0004279511,-546915985.538239,-164959884.872093,172679383179.306,199556374110.943,0.0362428546957162,0.05,0.724857093914323,0.00391589793269235,0.0221729646001084
0.489,-0.0358940262005863,9.66409553140993,0.350475989375288,-253.969461624296,5.56011873159239,410.013089597527,6439.49616562108,199872.245728773,-1504181.52518873,-130706.698244572,-374236602.358932,34596489.2388505,173281883238.608,199178409920.455,0.0358940262005863,0.05,0.717880524011727,0.00661302417115353,0.0409645904637483
0.49,-0.0355397624546836,9.41036438349021,0.358991010092755,-253.459531094943,11.1923714460276,609.834047159131,4777.07665312599,199792.033676801,-1791777.18592836,3478.99595450606,-200954719.120325,233774899.159306,171020248131.591,-199907039676.351,0.0355397624546836,0.05,0.710795249093672,0.00868612157681691,0.0595270681564551
0.491,-0.0351744551739029,9.15724306990656,0.372266342389795,-252.749792376384,15.0471928966748,809.658453357116,2913.32548232606,199879.082282389,-1907221.78098289,137300.375275636,-29934470.9887342,33867859.4829549,165550859030.638,-199975753673.337,0.0351744551739029,0.05,0.703489103478059,0.00999585960202561,0.0780014550247351
0.492,-0.0347942591679141,8.90493142566257,0.38845246005167,-251.840171753794,17.0088163624709,1009.60349814732,1018.72827568725,199999.987295128,-1854380.8224563,71180.3579219227,135616388.041904,-166107894.190382,154909099293.904,-199988432735.92,0.0347942591679141,0.05,0.695885183358283,0.0104617512448847,0.0965356506596919
0.493,-0.0343972084322148,8.65362939029293,0.405668518673571,-250.730564986338,17.1294115040742,1209.60305812101,-742.026169532451,199954.782300498,-1641309.88476745,-194921.752636419,290525487.335808,-366096326.926302,133554915461.216,-199990785937.713,0.0343972084322148,0.05,0.687944168644296,0.010068120006326,0.11527090622725
0.494,-0.0339831646601906,8.40353694118239,0.422166583631685,-249.421033944629,15.6207160948582,1409.39103054129,-2215.81415805512,199543.480586743,-1284006.93970103,-661013.472531578,424080402.797023,-566087112.864015,85205186159.8094,-199990344849.079,0.0339831646601906,0.05,0.679663293203813,0.00886531797219241,0.13432751666237
0.495,-0.0335536068688165,8.15485382746241,0.4364837715509,-247.912006596256,12.8371287501754,1608.50132360859,-3273.58003199767,198566.091833637,-817323.943824102,-1327095.75782013,509285588.956832,-766077457.713093,-10492667600.951,-199987335585.003,0.0335536068688165,0.05,0.671072137376329,0.00696605119018528,0.153790790180888
0.496,-0.0331112799552534,7.9077791039192,0.447569022421749,-246.204476995812,9.23933048327514,1806.26785518138,-3838.00995927685,196822.626124363,-313284.688667745,-2193166.88332573,498792921.355881,-966064793.298096,-81056757119.9962,-199976202051.332,0.0331112799552534,0.05,0.662225599105067,0.00453705739279116,0.173698650938342
0.497,-0.0326597399454164,7.66251046491177,0.454857241376022,-244.30020527455,5.32443296834373,2001.82455472345,-3915.40764678665,194113.09747738,144979.854128138,-3259219.77764949,417736164.235885,-1166040995.34943,-107770630850.604,137400611702.893,0.0326597399454164,0.05,0.653194798908328,0.00178663598617894,0.194032060370593
0.498,-0.0322028636832168,7.41924337877049,0.458264641414913,-242.201914814421,1.54664749970835,2194.1194271716,-3579.52148234901,190293.757304006,508830.702938721,-4356560.46714747,309965533.385281,-1028640383.64654,-116470362644.191,199974996428.409,0.0322028636832168,0.05,0.644057273664336,-0.00105136408451437,0.214709158405515
0.499,-0.0317443986824047,7.17817004947826,0.458118277934806,-239.913415795566,-1.73165064071725,2382.07179646961,-2935.11973982501,185456.205811107,760561.055001907,-5285213.3525798,193495170.74109,-828665387.218126,-115932865070.237,199985890615.806,0.0317443986824047,0.05,0.634887973648095,-0.00373623305976544,0.23558391001902
0.5,-0.0312876022749278,6.93947835210355,0.455052923791582,-237.439529626258,-4.25907119396239,2564.755617452,-2097.13324363093,179789.990746687,896089.793207878,-6013885.79449002,77562305.6708524,-628679496.60232,-108285598978.148,199988332358.369,0.0312876022749278,0.05,0.625752045498555,-0.00604039192943744,0.256450758166721
0.501,-0.0308349905759098,6.70335090974467,0.449896963657417,-234.785905856142,-5.89974439000166,2741.44221823252,-1180.30989741732,173495.096592623,919509.299389656,-6542571.12491316,-30723293.3072957,-428691164.243951,-93133140714.4577,199987122874.792,0.0308349905759098,0.05,0.616699811518196,-0.00776892534948455,0.277056385597224
0.502,-0.0303882022752552,6.46996436494528,0.443558259621877,-231.958822713706,-6.62930073413847,2911.6029135321,-291.684434800389,166771.511072733,842219.435725131,-6871268.72771971,-123856434.021753,-228704041.369159,-69073608799.598,199975014117.262,0.0303882022752552,0.05,0.607764045505104,-0.00877681023134247,0.297117867357751
0.503,-0.0299479733156689,6.2394888510092,0.436917750278135,-228.964987118969,-6.52339625711324,3074.909005193,477.094515780599,159819.219493348,683826.197303579,-6999985.26203024,-192930042.821351,-28729027.251897,-36174311771.2397,57448915944.1874,0.0299479733156689,0.05,0.598959466313378,-0.00898215447433763,0.316345421197993
0.504,-0.0295142109130009,6.01208766310374,0.430738532107414,-225.811335886542,-5.73805091280821,3231.22583758896,1058.42663971163,152814.444537016,472808.998596607,-6999989.83131004,-229104354.592591,28719888.6922904,-301058741.59787,-36386939300.9418,0.0295142109130009,0.05,0.590284218260018,-0.00837409549738491,0.334467484325053
0.505,-0.0290861472111561,5.78791711773263,0.42559894749063,-222.504868598218,-4.48141637701128,3380.54355773596,1416.63328455501,145822.750160169,243554.114633217,-6989463.41226822,-229405413.334189,-7667050.60865141,28652288925.1085,-5721017036.08105,0.0290861472111561,0.05,0.581722944223122,-0.00701446513547648,0.351255536492089
0.506,-0.0286625445901354,5.56712653340549,0.421857120318521,-219.052578943107,-2.98004642532348,3522.87005997252,1550.26007400865,138828.499719757,28474.8457615826,-6999990.97139491,-200753124.40908,-13388067.6447325,46441045103.9267,26924562005.251,0.0286625445901354,0.05,0.573250891802707,-0.0050328645401802,0.36654560389492
0.507,-0.0282419195383399,5.3498582358352,0.419648972033021,-215.461461631901,-1.44707273895623,3658.19745471872,1486.09853174968,131826.302141541,-149057.756095534,-6999916.75803702,-154312079.305154,13536494.3605185,54594934363.7881,-27223150695.8409,0.0282419195383399,0.05,0.564838390766797,-0.00261538860395181,0.380253453940906
0.508,-0.0278227538404352,5.13624755239281,0.418914130888406,-211.738517341743,-0.0589469762066853,3786.52492026569,1268.98389172886,124828.616438901,-276072.368218794,-6999991.83902442,-99717144.9413655,-13686656.3353224,55394921114.0489,27443142942.2645,0.0278227538404352,0.05,0.556455076808705,1.21278473932338e-05,0.39238173926166
0.509,-0.0274036699427738,4.92642281053834,0.419439970539997,-207.890745120149,1.05768932896897,3907.85240313998,952.28543789173,117826.355128866,-348092.052603135,-6999956.92388861,-44322223.8273166,13756486.6069421,50445817568.4913,-27584151047.567,0.0274036699427738,0.05,0.548073398855476,0.00260486893217506,0.403018639466214
0.51,-0.0269835572164534,4.72050533775707,0.420914360868298,-203.925145855613,1.83064361231994,4022.17992321504,590.439909636351,110828.679089773,-367191.367646206,-6999992.51280545,6123593.74117467,-13827664.4406249,40952013762.5159,27699809442.0897,0.0269835572164534,0.05,0.539671144329068,0.00492186142691901,0.412328214810784
0.511,-0.0265616443188599,4.51860946156646,0.422979622290683,-199.848718603593,2.24021477099681,4129.5074555964,233.13567448782,103826.389379654,-340591.767023773,-6999970.27252503,47075607.5036906,13872145.0014648,28228214484.3816,-27789833153.3111,0.0265616443188599,0.05,0.531232886377199,0.0067486639810047,0.420533499854228
0.512,-0.026137519493059,4.32084250950047,0.425281836323186,-195.668464268595,2.31207667216021,4229.83501395424,-79.2135863700441,96828.7235407713,-279402.052277892,-6999993.04410022,75303821.9880722,-13917688.1518462,14043555814.4316,27867747937.4071,0.026137519493059,0.05,0.522750389861181,0.00791769848315244,0.427894071229825
0.513,-0.0257111058153796,4.12730480911579,0.42751099388233,-191.39138190605,2.10629784480817,4323.16258251444,-318.623135018164,89826.4162772514,-197076.452382604,-6999976.85828336,89347377.8025038,13950059.7855609,492406789.743194,-27933336548.0878,0.0257111058153796,0.05,0.514222116307591,0.00832420706664511,0.434680341237571
0.514,-0.0252826022427041,3.93808968798213,0.42942886099503,-187.024472429732,1.70404823018202,4409.49017148349,-470.943830701225,82828.7588927695,-107482.871185228,-6999993.46677184,89839784.592247,-13983276.7625269,-10616037217.5927,27992052367.9758,0.0252826022427041,0.05,0.505652044854083,0.00793623158617854,0.441147118170645
0.515,-0.0248524035927651,3.75328347368725,0.430883178355378,-182.574734893749,1.19389392643616,4488.81776943226,-535.276149126595,75826.4391296777,-22951.1052017776,-6999980.71735038,79223747.3746542,14008775.605449,-18285868614.2176,-28043724072.4608,0.0248524035927651,0.05,0.497048071855301,0.00679759170360369,0.447509014920864
0.516,-0.0244210130016332,3.57296549383,0.431808757630286,-178.049170218204,0.659584271412192,4561.14538451069,-521.663025410082,68828.788846118,47129.7078657678,-6999993.80378116,60937878.7604366,-14034948.4670119,-22321120915.2205,28091112719.0703,0.0244210130016332,0.05,0.488420260032663,0.00502352758549265,0.453920074454082
0.517,-0.0239889589551528,3.3972080760245,0.432217718409245,-173.454777455601,0.170712366356933,4626.47300775987,-447.784564983299,61826.4594202232,96907.0261685941,-6999983.19588864,38616757.8452161,14056164.2520584,-23004932999.9964,-28134078758.4189,0.0239889589551528,0.05,0.479779179103056,0.00278940502750363,0.460459541826752
0.518,-0.0235567261836734,3.22607654789478,0.43218210698794,-168.798557530774,-0.223141098109533,4684.80064602291,-335.403315392096,54828.8152933342,124021.317513812,-6999994.07101578,15611824.8452197,-14077914.5063604,-20853847833.2779,28174234813.7752,0.0235567261836734,0.05,0.471134523673469,0.000313578017553002,0.467125089621479
0.519,-0.0231247062790974,3.05962923707829,0.431812411162357,-164.087509494577,-0.494800694263573,4736.1282918881,-207.051726761221,47826.4779708675,129206.218442393,-6999984.86811526,-5242022.98805818,14096320.3074147,-16522097649.9698,-28211463482.1471,0.0231247062790974,0.05,0.462494125581948,-0.0021639082236569,0.473834063082703
0.52,-0.0226931704599417,2.89791747122157,0.431235262872682,-159.328634275597,-0.638811403037022,4780.45595133399,-83.2202027545187,40828.8393523256,115703.14662935,-6999994.27954892,-21764120.638028,-14115143.1747324,-10771445040.8528,28246811386.9868,0.0226931704599417,0.05,0.453863409198835,-0.00440467369439963,0.480432523334207
0.521,-0.0222622638481679,2.74098557798338,0.430573128625637,-154.528930923041,-0.668256196126573,4817.78361797315,19.805642715675,33826.4953030871,88553.3034708954,-6999986.01703015,-32535565.6788808,14131668.2122544,-4430750953.64497,-28280176380.6637,0.0222622638481679,0.05,0.445245276963358,-0.00619511563509146,0.486711111960992
0.522,-0.0218320181342625,2.58887088503094,0.429928141563286,-149.695400368602,-0.609781110578332,4848.11129720507,91.3527048548555,26828.861757433,53802.362315192,-6999994.43700823,-36966316.6325257,-14148508.1684093,1684212044.03125,28312301453.1214,0.0218320181342625,0.05,0.436640362685249,-0.00736700056175056,0.492426108225285
0.523,-0.021402377721752,2.44160372004289,0.429371477637428,-144.835041659843,-0.497618101836134,4871.43898333853,126.952610861123,19826.5117832494,17678.1517046819,-6999986.79445008,-35282104.5884945,14163793.2847121,6870820430.93227,-28343094486.3073,0.021402377721752,0.05,0.42804755443504,-0.00781351693760994,0.49732356606133
0.524,-0.0209732334422821,2.29920741070589,0.428938869368786,-139.954855731113,-0.367420481702797,4887.7666813945,128.134847010046,12828.8830363606,-14168.5426683465,-6999994.54840852,-28411284.1575622,-14179301.2015952,10613957817.4938,28373130529.0605,0.0209732334422821,0.05,0.419464668845642,-0.0074992261727053,0.501164144163087
0.525,-0.0205444577397214,2.16169828471746,0.428632059532952,-135.061841628319,-0.250662871810788,4897.09438615356,101.529655232501,5826.5276924395,-37272.8479171618,-6999987.28434558,-17797326.3400684,14193829.3274653,12608568779.1491,-28402323236.3895,0.0205444577397214,0.05,0.410889154794427,-0.0064629608217617,0.503746205482117
0.526,-0.0201159357738496,2.02908566978286,0.42842531286358,-130.163000288144,-0.170210504561081,4899.42210241192,57.4595722751634,-1171.09639778175,-48765.8898676557,-6999994.61663631,-5188757.56091929,-14208493.9089242,12743555937.9838,28431160098.0071,0.0201159357738496,0.05,0.402318715476992,-0.00481342216279886,0.504924960452471
0.527,-0.0196875880470953,1.90137189361783,0.428275594494913,-125.265330754794,-0.13746768864915,4894.74982525517,8.22322961671203,-8173.45673468952,-47582.8694595831,-6999987.53049623,7554798.37706448,14222666.1890828,11077149307.509,-28459556753.3398,0.0196875880470953,0.0503527888108566,0.390993001818608,-0.00271795381689724,0.504625841498658
0.528,-0.0192593817201844,1.77855228394572,0.428134715035672,-120.375833967047,-0.151315212811572,4883.07755938473,-33.7360491030873,-15171.0761915501,-34489.4964287641,-6999994.64268382,18631947.6845735,-14236890.5642569,7822492213.82843,28487969571.1533,0.0192593817201844,0.0517032209768708,0.372498682989208,-0.000385641114788725,0.502850879570406
0.529,-0.0188313295563615,1.66061516850015,0.427961625067493,-115.501508967335,-0.19886474833937,4864.40530005548,-57.6058229872599,-22173.4412845875,-11946.3026372764,-6999987.5484625,26454439.8984019,14251079.0068964,3342614114.08131,-28516312433.7774,0.0188313295563615,0.0538306893278032,0.349825160916809,0.00195355922617169,0.499677550112914
0.53,-0.0184034772373051,1.5475418750223,0.427733096480667,-110.649356696355,-0.257895373740781,4838.73305199681,-55.7678033229884,-29171.0560122855,16179.4443181662,-6999994.62567249,29797054.0124832,-14265233.426881,-1859593788.00162,28545060472.2949,0.0184034772373051,0.056519107269841,0.325615143732558,0.00407157214582701,0.495250294477265
0.531,-0.0179758814632757,1.43930673126361,0.42745123982662,-105.826376194644,-0.300684762310439,4806.0608105103,-24.9997642965809,-36173.4257445927,45046.7014366486,-6999987.32886322,27937460.2244816,14279827.0454139,-7172784259.05552,-28574121687.7796,0.0179758814632757,0.0595857723726792,0.301680766187699,0.0057645797214428,0.489765633280902
0.532,-0.0175485826326617,1.3358770649831,0.427146667253375,-101.039568404686,-0.298803798528743,4766.38858048405,32.8202032091325,-43171.0355135479,69397.7695316024,-6999994.5626617,20764675.9654261,-14294294.6423657,-11934136814.4462,28604047641.4644,0.0175485826326617,0.0628782529958472,0.2790882665557,0.00687281030794514,0.483452399538385
0.533,-0.0171215768492363,1.23721320395024,0.426876605595064,-96.2959323649475,-0.22832118692684,4719.71635714205,110.61128792104,-50173.4098822572,84195.3770898053,-6999986.83348333,8830539.15097985,14309752.9990987,-15497387880.1163,-28634735410.8261,0.0171215768492363,0.0662713549979524,0.258355617593231,0.00729580246320698,0.47654907561075
0.534,-0.0166947924088156,1.14326847594224,0.426717861409178,-91.6024690196019,-0.0747861784307389,4666.04414568791,196.639036606316,-57171.0142951428,85277.222300727,-6999994.44818964,-6666848.72913646,-14324982.4117274,-17290235114.8198,28666898024.7515,0.0166947924088156,0.0696641910038538,0.2396466845914,0.00700166526617954,0.46928047438259
0.535,-0.0162680756936766,1.0539892087471,0.426755185748778,-86.9661774047864,0.162659901407967,4605.37194112569,275.701128690005,-64173.3934182008,69965.2560141806,-6999985.981589,-23957083.8439563,14341915.6130241,-16852754213.3734,-28700414893.7523,0.0162680756936766,0.0729773717921956,0.222919451525333,0.00602946127449887,0.461836041479553
0.536,-0.015841190535619,0.969314730160883,0.427066218439088,-82.3940584662904,0.468648612705512,4537.69974918534,330.879050413312,-71170.9918444656,37581.7950635376,-6999994.27342285,-40809838.0573297,-14358499.2807282,-13872141915.168,28736311974.6982,0.015841190535619,0.0761503364587935,0.208025220534527,0.00448452671573026,0.454351868624068
0.537,-0.0154138336398058,0.889177367991041,0.427704754198409,-77.8931112375411,0.810938915061239,4463.02756446728,345.743902795656,-78173.3759821997,-10164.1139513761,-6999984.61671622,-54681979.9724977,14377812.69397,-8247725515.57558,-28774441285.3707,0.0154138336398058,0.0791388351326192,0.194769528942088,0.00252724714139275,0.446898121731541
0.538,-0.0149856666828092,0.813502450053561,0.428684523898998,-73.4703366658792,1.14214344232264,4381.35539354378,306.864177938769,-85170.9674327832,-68969.9566816615,-6999994.02466494,-62929705.4880732,-14396628.5914007,-212198769.754023,28816457888.0887,0.0149856666828092,0.081912575198326,0.182947082868852,0.000356456169795427,0.439473038745345
0.539,-0.0145563633416165,0.742208304176848,0.429965980598125,-69.132733781445,1.40402551605716,4292.68323034632,206.394002051445,-92173.3570287625,-132005.761554612,-6999982.42431229,-63141904.2578273,14419829.296688,9535907348.78113,-28862171417.0392,0.0145563633416165,0.0844530392321481,0.172360444028584,-0.00181084367424817,0.432003999343434
0.54,-0.0141256669624383,0.67520625819855,0.431448650708166,-64.8873035330423,1.53429031609453,4197.0110828198,44.4066062593833,-99170.9399003293,-190379.712138048,-6999993.68072413,-53605996.9090461,-14442342.1203512,19831162705.4687,28914649880.661,0.0141256669624383,0.0867514802125111,0.162829117472524,-0.00376137768100104,0.424355473825016
0.541,-0.0136934521171324,0.612400639970337,0.432971346051852,-60.7410449465949,1.47539903191277,4094.33894379917,-169.470910548943,-106173.3356438,-234070.12769436,-6999978.69790415,-33774834.2035774,14472307.7603098,29259114216.6013,-28973635889.5831,0.0136934521171324,0.0888070970393497,0.154193218488664,-0.00530689734321277,0.416342992384086
0.542,-0.0132597813104576,0.553688777354283,0.434321834481734,-56.7009589721681,1.18448304824175,3984.66682362288,-415.551936308992,-113170.907127139,-253215.404789637,-6999993.20808863,-4515719.98697609,-14501328.1292734,36451688920.7814,29046078938.368,0.0132597813104576,0.0906253910102196,0.146314196966746,-0.00630273109194324,0.40775170038544
0.543,-0.0128249470307533,0.498960998229186,0.435256454603431,-52.7740446298148,0.643089609911806,3867.99471325697,-664.94991960532,-120173.309986136,-239505.280316222,-6999971.49674871,31935968.9338053,14544750.8090946,40229743188.223,-29140324661.3667,0.0128249470307533,0.0922167016696958,0.139074015862008,-0.00666172177840002,0.39835763778809
0.544,-0.0123894895137105,0.448100630486256,0.435528817620053,-48.9673028702718,-0.134614049063148,3744.3226274674,-881.782258256602,-127170.865828257,-187454.439788305,-6999996.9082703,72165712.1220283,-14595573.8522721,39531800580.6318,199989089970.591,0.0123894895137105,0.093594918391348,0.132373527608694,-0.00636215908513929,0.38794963836167
0.545,-0.0119541821211402,0.400984002275008,0.434925406371574,-45.2877312834431,-1.09644875016937,3613.65766346811,-1026.56520855379,-134144.829008458,-95522.8273759611,-6914597.93713728,111697512.70266,185393516.118319,33255649665.12,199996218527.766,0.0119541821211402,0.0947763621714487,0.12613041740846,-0.0054489314888666,0.37634971347421
0.546,-0.0115199790364619,0.357480456066269,0.433304685739341,-41.7422890761037,-2.15077346822465,3476.09476758621,-1060.6966713009,-140933.397484448,32802.5101592589,-6629206.31175508,144953162.36778,385389734.646085,20270920619.2046,199997278986.168,0.0115199790364619,0.0957788301483246,0.120276881839357,-0.00402781889121342,0.363430088996102
0.547,-0.0110879239173669,0.317452452746803,0.43063523965993,-38.3377481504288,-3.17006540235882,3331.91933178828,-952.039093187883,-147336.576049049,187891.132836641,-6143817.93761591,165224082.986985,585387013.632252,179864847.320647,199997553027.61,0.0110879239173669,0.096620792851031,0.114757119975843,-0.00225355358188427,0.349126021953939
0.548,-0.010659023177676,0.280755857329846,0.427027355735448,-35.0804950185494,-4.00061408759525,3181.61674450408,-681.505941383196,-153154.367554345,353205.148247286,-5458432.14746985,165403947.834305,785384566.659862,-24861990929.0985,199997476844.562,0.010659023177676,0.0973207337963727,0.109524689774516,-0.000312924498374307,0.33344409254197
0.549,-0.010234093652591,0.247240424343595,0.422751540849771,-31.9763308055112,-4.47898604650446,3025.87239153197,-249.742484373607,-158186.774505677,506178.100617042,-4573048.8423877,140541956.905207,985382043.504424,-49919568448.3493,199997054251.967,0.010234093652591,0.0978966223463011,0.104539803389628,0.00159527484191319,0.316465397011069
0.55,-0.00981360103590745,0.216750483217022,0.418237486496317,-29.0302712518119,-4.45429580310403,2865.57165615628,318.386666621314,-162233.799483937,621760.273298074,-3487668.27175729,90622388.4568574,1185379097.75639,-70544205343.1262,199995961893.604,0.00981360103590745,0.0983655098637876,0.0997666870176031,0.00328130528494718,0.298343397637678
0.551,-0.00939751106898168,0.189125823663127,0.414049198803214,-26.2463467160141,-3.8128646103135,2701.7999188845,973.700766590629,-165095.445546501,677110.559083368,-2202291.1930541,20078183.1137312,1385375059.65,-84866956012.3434,199992362541.094,0.00939751106898168,0.098743237876137,0.0951711861096744,0.00458427294944628,0.279296705638305
0.552,-0.00898517775663515,0.164202781059391,0.410836165702373,-23.6274021778712,-2.50079832349608,2535.84255659986,1646.70592456214,-166571.717149306,654755.264190928,-716919.952133559,-64788772.8986121,1585367422.19109,-92580985743.0457,-17825808766.9413,0.00898517775663515,0.0990442458289333,0.0907188265349015,0.00538850666802947,0.259597562341293
0.553,-0.0085752909261289,0.141815521521934,0.409264375178104,-21.1748990580771,-0.541370436727541,2369.17586463615,2253.63663801325,-166498.924358472,543675.998420793,859534.56567406,-157369758.641658,1567541613.42415,-93289544912.4063,-199992538981.421,0.0085752909261289,0.0992814652073222,0.0863735331486269,0.00563475445226154,0.239557189838909
0.554,-0.00816590041787969,0.121797509174468,0.409933101240636,-18.8887657522299,1.95398884301781,2203.35963147363,2703.07949962781,-164888.951075916,339661.467322932,2327079.9096075,-250659303.554064,1367549074.44273,-85083754278.2844,-199996145662.264,0.00816590041787969,0.0994662865206871,0.0820971678296378,0.00532500644055108,0.219509304139252
0.555,-0.00775452786340588,0.103983049826261,0.413284086909088,-16.7674074350657,4.78157736928649,2039.85381202552,2903.23068946067,-161911.429320031,46460.2866297261,3594630.91121909,-335743057.832348,1167552928.78046,-62443479776.0226,-199997251801.9,0.00775452786340588,0.099608586126711,0.0778499943121512,0.00452044827049989,0.199792387388863
0.556,-0.00733837006477116,0.0882087432871101,0.419510513347802,-14.8078632511534,7.6494792140993,1879.92595709707,2771.41220054488,-157766.354819722,-320504.511090633,4662185.2140986,-398186537.608371,967555676.978562,-14514993176.6239,-199997697519.776,0.00733837006477116,0.0997167998232468,0.0735921136436268,0.00333279077759564,0.180730827993723
0.557,-0.00691458960251838,0.0743147506649419,0.428475569179648,-13.0060047924248,10.1936699447818,1724.6436209265,2249.39525512063,-152653.724716721,-725948.545287316,5529742.04231728,-412701530.784995,767557979.458786,52459961795.1932,-199997812586.505,0.00691458960251838,0.0997980296281128,0.0692858328795157,0.00190994478750929,0.162615867420972
0.558,-0.00648067591333157,0.0621458619199877,0.439656186597008,-11.3567360952489,12.013493170536,1574.87436031865,1325.83927140668,-146773.536653439,-1112420.09517471,6197301.11548281,-360241568.989801,567560166.872281,102087350631.538,-199997608873.996,0.00648067591333157,0.0998581711197339,0.0648988043808752,0.000417668306499534,0.145688066294501
0.559,-0.00603484121799978,0.0515523634215626,0.452133036716599,-9.8541936380442,12.7273357724667,1431.2857343504,50.3129501756541,-140325.788389332,-1421617.98884875,6664862.47791809,-258154218.358263,367562557.998285,129501216729.376,-199996696344.503,0.00603484121799978,0.0999020508677297,0.0604075808812965,-0.000980631623193458,0.130122973938399
0.56,-0.00557639733341047,0.0423907055071468,0.46463891538372,-8.49194633900803,12.0292099091887,1294.34530443068,-1478.79861173066,-133510.477415139,-1615021.59884232,6932426.68774412,-128653001.628887,167565861.653782,144186906551.769,-199989506313.752,0.00557639733341047,0.0999335657395876,0.0558010443452179,-0.00214342959427669,0.116021355349327
0.561,-0.00510605844392282,0.0345239700438492,0.475655396736389,-7.26319555350529,9.72746611887169,1164.32063510692,-3134.11556029546,-126527.599380953,-1671581.14719532,6999997.79624103,15533904.9228815,-32423644.6599697,151654140874.353,33347298846.2779,0.00510605844392282,0.0999558179469094,0.0510831540254601,-0.00296751944001446,0.103404869352966
0.562,-0.00462613097585488,0.0278221383173607,0.483539119247793,-6.16097312488051,5.76646789166881,1041.2890201541,-4772.65406488362,-119538.255523901,-1580220.17183527,6984247.8010042,167188045.797234,923654.186308217,154078678799.447,29650186925.5089,0.00462613097585488,0.0999712415272421,0.0462746176318543,-0.00339942065477118,0.0922175534739025
0.563,-0.00414056830028068,0.0221621777191729,0.486664140235946,-5.17828890561771,0.237988360117075,925.244277897518,-6243.60043402036,-112548.604197983,-1335992.78663831,6999996.54865326,321266724.596681,30573841.1118171,151355538575.313,-61196059225.4581,0.00414056830028068,0.0999817174857306,0.0414132543869495,-0.00344049033686208,0.08233307913299
0.564,-0.00365487854486439,0.0174280446881146,0.483572310324293,-4.30815149978485,-6.61375753234902,816.198217778246,-7393.73393526444,-105543.520071978,-939048.292753969,6999972.36015235,472622263.171994,-30622218.113641,139679058792.454,61293633906.0917,0.00365487854486439,0.0999886760414069,0.0365529246867,-0.00314520806348485,0.0735679477697288
0.565,-0.00317588039679013,0.0135106932060002,0.473126034361975,-3.54355914512804,-14.3924252760121,714.152134084737,-8073.19125330034,-98548.6432152316,-396586.500185748,6999996.95899175,612301321.964448,30671415.7924507,98484995421.5532,-61363344903.2489,0.00317588039679013,0.0999931856216678,0.0317609682804419,-0.00261283605890768,0.0657001370913095
0.566,-0.00271130739208349,0.0103080771909535,0.454657248972658,-2.87751389987664,-22.557756017602,619.106044445596,-8147.21292660027,-91543.5377724942,264957.319489477,6999986.70233258,710786317.386001,-30691929.1107982,-62006942909.9719,61405063359.3431,0.00271130739208349,0.0999960290741703,0.0271141506036447,-0.0019733535258333,0.0584912024213388
0.567,-0.00226927001295386,0.00772515055263557,0.428099145417038,-2.30301372698842,-30.4566095208478,531.059943247056,-7537.19693890279,-84548.6628574905,944740.165420492,6999997.30490145,648779374.476029,30713134.2485449,-146740979583.261,-61437933409.5843,0.00226927001295386,0.0999977678395997,0.0226932066783116,-0.00136919573803886,0.0517096770033002
0.568,-0.00185761080492563,0.00567386719062779,0.394057203753416,-1.81306068122148,-37.4194206887769,450.013837983833,-6292.52391617482,-77543.548641033,1520149.05010489,6999991.4724452,502038394.892768,-30724799.1610394,-168950262821.3,61461851293.875,0.00185761080492563,0.0999987950543851,0.0185763318839528,-0.00093496976259137,0.0451535005569525
0.569,-0.00148324477695873,0.00407318099925977,0.353764389629166,-1.40065272033062,-42.8752366083681,375.967725189633,-4549.51404576043,-70548.675926286,1937712.31358701,6999997.5989311,333088132.071468,30737052.1328356,-177972002095.83,-61481609798.4479,0.00148324477695873,0.0999993786895874,0.0148325399257023,-0.000778043100501615,0.0386693075181607
0.57,-0.00115159299141055,0.00284904586618718,0.308949743622334,-1.05879189847389,-46.4077953087438,308.921609171093,-2474.919666487,-63543.5567362549,2181814.44461056,6999993.84616471,155116129.975638,-30744557.6656123,-182226645223.253,61497124538.4407,0.00115159299141055,0.0999996958992355,0.0115159649342429,-0.000962931578151586,0.0321667373942499
0.571,-0.00086616768357662,0.00193441567512774,0.261673068837821,-0.780476170577094,-47.7735478414805,248.875487645165,-245.918264425825,-56548.6856481666,2245817.25197457,6999997.85076832,-27110515.2476154,30752566.8728283,-183995641807.815,-61510312568.5561,0.00086616768357662,0.0999998597668313,0.00866168898232713,-0.00150152475813037,0.0256264378724736
0.572,-0.000628329280788575,0.00126924430484939,0.214148201837639,-0.558707590676536,-46.9087423842023,195.829363420504,1955.67778962364,-49543.5632327233,2126708.91582305,6999995.26135687,-211106157.05543,-30757745.6957277,-183786313128.306,61523886784.851,0.000628329280788575,0.0999999396137677,0.00628329660213183,-0.00235022482458232,0.0191010604629916
0.573,-0.000437222905450017,0.000800485630948833,0.168561422191733,-0.386484111869181,-43.9325522592234,149.783235022793,3946.20257473092,-42548.6928630835,1823709.60220346,6999999.45905356,-394892470.183736,30766141.0891233,-180669101987.491,-199998243489.289,0.000437222905450017,0.099999975977265,0.00437223010482942,-0.00341426465914559,0.0127092398035402
0.574,-0.000289897612758576,0.000482093333033833,0.126887963391468,-0.256808941430905,-39.1478381743375,110.731336319273,5542.3544248446,-35566.6433740669,1338482.58102598,6930766.47839804,-575561572.171227,-169232102.400166,-167997891979.332,-199999367827.173,0.000289897612758576,0.0999999912858763,0.00289897638020614,-0.00455872701450392,0.00662322755650451
0.575,-0.0001816091022861,0.000275009379759067,0.0907090011451167,-0.162714517051264,-33.039169299841,78.5935375270118,6565.05657112175,-28753.8261748401,678922.06286509,6661534.69208429,-743559464.150558,-369231470.227338,50799730294.3942,-199999543337.123,0.0001816091022861,0.0999999971641291,0.001816091074363,-0.00562511638450931,0.00105135466035663
0.576,-0.000106303347050118,0.000147073536348277,0.061034955494727,-0.0974046881371127,-26.2564616192162,53.1006068055369,6880.66552362729,-22310.2404750924,-39237.536138271,6192303.45018839,-692759733.856164,-569231013.564461,178389662835.24,-199999576854.403,0.000106303347050118,0.0999999991888913,0.00106303347912353,-0.00645177725681112,-0.00378356673660983
0.577,-5.72570049094282e-05,7.27537694762051e-05,0.038184908639581,-0.0544525356161296,-19.5034419166826,33.7833129042423,6524.77973103348,-16435.8857944953,-642802.438576815,5523072.64819672,-514370071.020924,-769230590.418864,189177542540.759,-199999517745.488,5.72570049094282e-05,0.0999999998015132,0.000572570050230758,-0.00689588890339668,-0.00766872258058506
0.578,-2.77671610452952e-05,3.26770160080942e-05,0.021816867241881,-0.0280003714383508,-13.3779093525018,19.9724250222029,5656.32184736966,-11330.7616944656,-1062583.73832736,4653842.29890511,-325192528.480166,-969230108.164353,192690973406.142,-199999227205.238,2.77671610452952e-05,0.0999999999599584,0.000277671610564136,-0.00685383143990256,-0.0104264399092045
0.579,-1.17432448055858e-05,1.29599521999491e-05,0.0110780775927679,-0.0129597381282967,-8.29904933848391,10.7987128246956,4463.25700703658,-7194.86765417685,-1291430.78010445,3584612.57713814,-132501555.074023,-1169229335.36959,194061755246.674,169230399430.771,1.17432448055858e-05,0.0999999999937015,0.000117432448063255,-0.00627653186811511,-0.0119375430226959
0.58,-4.12545997946811e-06,4.34027619677813e-06,0.00479151457761719,-0.00520833133681171,-4.49550540754329,5.20833116983582,3137.91907526956,-4166.6646781517,-1326901.45755514,2499998.44148394,61560200.1726501,-999998935.93882,194163583887.951,199999457611.19,4.12545997946811e-06,0.0999999999992936,4.12545997949725e-05,-0.00517762476735797,-0.0121606681393217
0.581,-1.11321648049671e-06,1.13777738614585e-06,0.00164800150298909,-0.00170666605932177,-2.00268687836053,2.13333253383675,1874.1583151154,-2133.33246170198,-1168259.46543851,1599999.23435071,255723784.060601,-799999478.32763,191956647974.782,199999766744.516,1.11321648049671e-06,0.0999999999999515,1.11321648049725e-05,-0.00363356300166309,-0.0111454220052945
0.582,-2.00478537239232e-07,2.02499933357822e-07,0.000399938667682152,-0.000404999864151672,-0.662039471622006,0.674999766536544,865.753516369648,-899.999672057663,-816557.357390523,899999.63939534,447680432.035383,-599999711.583114,-53386260320.138,199999864502.691,2.00478537239232e-07,0.0999999999999985,2.00478537239235e-06,-0.00177573820868328,-0.00903665033900055
0.583,-1.76340531812299e-08,1.77777720993454e-08,5.28915271786903e-05,-5.33333161898436e-05,-0.132175656121727,0.133333289933645,264.138664943461,-266.666577703431,-395570.055515209,399999.860063572,394294171.715245,-399999847.080422,-195871202057.658,199999910557.061,1.76340531812299e-08,0.1,1.76340531812299e-07,0.000224526466792511,-0.00606788185034827
0.584,-2.75587457857752e-10,2.77777689615776e-10,1.65352474714654e-06,-1.66666613769467e-06,-0.00826762373573276,0.00833333068847335,33.0704949429311,-33.3333227538934,-99211.4848287933,99999.9682616803,198422969.657587,-199999936.523361,-198422969657.587,199999936523.361,2.75587457864216e-10,0.1,2.75587457864216e-09,0.00217636324784747,-0.0025443111493329
0.585,-2.71311719433857e-28,-1.67696243194571e-29,-5.57120485359346e-26,4.06233060620648e-26,5.69206467683014e-23,-4.25248732436144e-23,-2.09631522062915e-21,-7.38187999113848e-20,-1.28352425612337e-18,2.33065571360568e-16,1.28352076050922e-15,0,6.67370141855022e-18,0,2.71829485895059e-28,0.1,2.71829485895059e-27,0.0038919552222453,0.00118292217601626
0.586,0,-8.2272443200766e-34,0,3.32947561865497e-29,5.43964898244324e-23,0,0,0,-1.58763439642398e-25,0,0,0,6.67370141855022e-18,0,8.2272443200766e-34,0.1,8.2272443200766e-33,0.00520753265627012,0.00474854531691633
