time,x,y,vx,vy,ax,ay,jx,jy,snapx,snapy,cracklex,crackley,POPx,POPy,contour_error,allowed_error,error_utilisation,modal_x,modal_y
0,9.14879612480776e-09,-4.93084937725289e-13,5.35903181461835e-07,-1.16064401191277e-11,9.32528658669866e-06,-7.75196115227197e-11,7.9531988983272e-05,-2.79468935542192e-10,0.000741161632386806,-1.8566157958391e-09,2414.49848761098,-0.00494594424293847,2.12508416452992,-4.23344344876215e-06,4.93084937725289e-13,0.1,4.93084937725289e-12,-8.48257262949036e-18,-5.30713029764531e-19
0.001,1.88381608440584e-08,-9.97815163259664e-13,1.07979000109921e-06,-2.29825678886412e-11,1.8917980234825e-05,-1.51562332083631e-10,0.00136336768159244,-3.00367990152994e-09,2.4158867138287,-4.94933585742846e-06,4263.11709827999,-0.00851093145827869,200000001933.922,-199943843185.634,9.97815163259664e-13,0.1,9.97815163259664e-12,1.85175499587616e-12,-1.65142401788431e-17
0.002,2.93543162134871e-08,-2.79213741430109e-10,3.30387446318957e-06,-1.66623282010914e-06,0.0083644275605482,-0.00833099369300696,33.3393167126654,-33.323973876702,100006.680526079,-99971.9216062788,200005623.63762,-199943843.196579,200000001906.63,-199913034421.946,2.79213741430109e-10,0.1,2.79213741430109e-09,1.19059296357213e-10,-1.0958448410469e-10
0.003,5.76571338213481e-08,-1.777478455825e-08,5.55500134143325e-05,-5.33181464877937e-05,0.133383364132107,-0.133294612070671,266.682211438821,-266.586656151789,400012.305585983,-399872.282013832,400006566.352277,-399856877.620048,200000001858.645,-199847021418.697,1.777478455825e-08,0.0999999999999999,1.77747845582501e-07,7.03908550766372e-09,-7.00938686530243e-09
0.004,2.53772948254585e-07,-2.0244289056322e-07,0.000407822565396823,-0.000404877572423053,0.675081278963582,-0.674787181451767,900.031199147945,-899.695213878931,900018.873254464,-899652.670343229,600007159.97784,-599703899.039553,200000001757.289,-199635466831.151,2.0244289056322e-07,0.0999999999999976,2.02442890563225e-06,7.98714020263863e-08,-7.97836260574878e-08
0.005,1.20106873263037e-06,-1.13742408101492e-06,0.00171013045938957,-0.00170610577395395,2.13346468009957,-2.13257752484938,2133.38704798257,-2132.47241154728,1600026.03441989,-1599174.30279836,800007469.772117,-799339365.870966,200000001437.518,180921626216.513,1.13742408101492e-06,0.0999999999999459,1.13742408101554e-05,4.48158662639044e-07,-4.47886695849919e-07
0.006,4.41625705321414e-06,-4.33827332303216e-06,0.00521249524842475,-0.00520324669149355,5.20854068035451,-5.19032191440052,4166.75020957412,-4101.16279291182,2500033.5051458,-2308052.85556107,1000007557.48893,-618417739.654317,169218044098.573,199498073797.014,4.33827332303216e-06,0.0999999999992686,4.33827332306389e-05,1.70764259677697e-06,-1.70660287638087e-06
0.007,1.30493659242117e-05,-1.29212538664503e-05,0.0129646899772052,-0.0128529304095967,10.799034130993,-10.5402683386751,7194.99055636016,-6685.17483933399,3584650.08484907,-2826721.55831688,1169225524.82893,-418919665.856893,-200000001199.349,199689659248.964,1.29212538664503e-05,0.0999999999936143,0.000129212538672754,5.09291022836309e-06,-5.07720411896992e-06
0.008,3.27807128242534e-05,-3.22795084604215e-05,0.0280062359756548,-0.0272226973423829,19.9728949169236,-18.7003034990526,11330.9201225545,-9688.07462070457,4653875.60917723,-3145796.39454929,969225339.386225,-219230006.60735,-200000001499.712,199741650150.427,3.22795084604215e-05,0.0999999999597039,0.000322795084734289,1.28244891830151e-05,-1.26670740856282e-05
0.009,7.28727420101217e-05,-7.05996614964025e-05,0.0544594727387657,-0.0512988076295696,33.7839644585651,-29.9894920827508,16436.0751173075,-12910.1957435325,5523100.94785008,-3265155.57608142,769225098.629428,-19488356.4562632,-200000001560.339,199753386936.039,7.05996614964025e-05,0.0999999998008635,0.000705996616369922,2.85122186617325e-05,-2.76627846722007e-05
0.01,0.000147208952964521,-0.000139180848067735,0.0974128883696184,-0.0882867375919194,53.1014680847252,-44.5271906159817,22310.4553274296,-16151.8032666861,6192326.04567693,-3184767.23906967,569224852.270937,180265030.480448,-200000001526.362,199742347539.342,0.000139180848067735,0.099999999187397,0.00139180849198723,5.75470248821991e-05,-5.44405585936528e-05
0.011,0.000275162612448746,-0.000252554067678292,0.162724196186614,-0.141411448826806,78.59463089171,-62.2330107326757,28754.0605093716,-19213.1475992591,6661550.89710713,-2904631.03481955,369224646.963536,380007378.02042,-200000001344.727,199709745074.717,0.000252554067678292,0.0999999971609681,0.00252554074848383,0.000107417595826736,-9.85930617747912e-05
0.012,0.000482265979723401,-0.000428401795821385,0.256820334483769,-0.213717640650863,110.732677737275,-82.8268180469938,35566.890437368,-21894.489987556,6930775.54326916,-2424768.78426177,169224526.578332,579717123.095684,-200000000182.635,199646979114.432,0.000428401795821385,0.0999999912796343,0.00428401833179592,0.000187939362730781,-0.000166872603653282
0.013,0.000800679531402606,-0.000687277851422604,0.386497466308698,-0.30787001322499,149.784833281319,-105.828754282062,42548.9449488562,-23996.1257137509,7000000.06957822,-1745228.17160887,-30775466.9321515,779364102.210555,61550924857.0843,199528174114.659,0.000687277851422604,0.0999999759656271,0.00687278016605565,0.000311394903885979,-0.000267051178313368
0.014,0.00126946154938589,-0.0010521275425845,0.558723158894623,-0.425953565494112,195.831220026008,-130.559286390686,49543.815808145,-25318.4171385687,7000000.065061,-866099.982340985,30775457.4173013,978892276.325527,-61550909371.97,199271153401.848,0.0010521275425845,0.0999999395930988,0.0105212817814253,0.000492585583054093,-0.0004076981156959
0.015,0.0019346586070881,-0.00154760814125495,0.780494206709537,-0.569273962686997,248.877606677354,-156.139301843001,56548.9451502054,-25661.8591238466,7000000.06776321,212427.870685466,-30775445.7077763,1178163429.72756,61550883096.3479,198457279675.759,0.00154760814125495,0.0999998597316183,0.0154761031206289,0.000748802540953373,-0.000597876446056487
0.016,0.00284931708553927,-0.00219920978705221,1.05881266135676,-0.738158045499914,308.923993237226,-181.490317406583,63543.8160063797,-24827.273325018,7000000.06359306,1489819.94025091,30775436.4683,1376620709.40338,-61550865075.9943,-86902741892.0657,0.00219920978705221,0.0999996958413616,0.021992164761591,0.00109975682899172,-0.000846759418031276
0.017,0.00407348336567652,-0.00303217744366417,1.40067647104561,-0.931757061245288,375.970379701944,-205.34686492417,70548.9453390827,-22663.6268203808,7000000.06749721,2822989.27870825,-30775422.7605184,1289717967.51126,61550832811.2249,-198165174495.895,0.00303217744366417,0.0999993785974026,0.0303219628581065,0.00156749571708587,-0.00116316912818634
0.018,0.00567420382834152,-0.00407025711202775,1.81308768737671,-1.1479131545004,450.016766074381,-226.392300992896,77543.8161934383,-19228.8060869995,7000000.06113461,4013624.65897156,30775408.7432228,1091552793.01522,-61550805332.7582,-198930234696.732,0.00407025711202775,0.0999987949115344,0.0407030616281784,0.00217630992904192,-0.00155504842791683
0.019,0.00772552485428185,-0.00533439516419011,2.30304425855954,-1.38320709748496,531.063152349464,-243.440658044698,84548.9455152822,-14702.5600706364,7000000.06718808,5005712.33463841,-30775391.1168361,892622558.318272,61550760262.4847,-199131213113.924,0.00533439516419011,0.0999977676235669,0.0533451425062907,0.0029526322663761,-0.00202891915932381
0.02,0.0103084928241448,-0.00684155728457148,2.87754823619127,-1.63312921700149,619.109538531437,-255.499888655517,91543.8163687123,-9283.72499235783,7000000.05619748,5798769.28639972,30775367.475848,693491345.204098,-61550713653.3022,-199148590547.018,0.00684155728457148,0.0999960287544916,0.0684182899039796,0.00392492804505673,-0.00258939450566036
0.021,0.0135111541184928,-0.00860373661600634,3.54359756848136,-1.89227727070946,714.155924612082,-261.776944971755,98548.945676065,-3171.40146511386,7000000.06682587,6392686.33633031,-30775341.0546901,494342754.656827,61550631143.1196,-198992726366.753,0.00860373661600634,0.0999931851577714,0.0860432298704274,0.00512357779428296,-0.00323877466744496
0.022,0.0174285551177737,-0.0106271607215308,4.30819430702141,-2.15455552935382,816.202310598009,-261.677904173198,105543.816528589,3435.29079415045,7000000.04134023,6787532.72780376,30775288.0805955,295350028.289857,-61550526009.484,-198335233991.082,0.0106271607215308,0.0999886753800269,0.10628364343402,0.00658075270236728,-0.00397673103533456
0.023,0.0221627422023433,-0.0129116976553503,5.17833640001816,-2.41337387922227,925.248696470749,-254.807885978517,112548.945808748,10337.4426637673,7000000.06639782,6983715.13909807,-30775233.1322971,97014794.2986288,29918934900.4095,-162826397786.155,0.0129116976553503,0.0999817165578527,0.12914058789818,0.0083302833155789,-0.00480007999808079
0.024,0.0278227617085143,-0.0154504610005046,6.1610256354545,-2.66184640595348,1041.29376426966,-240.96920104606,119538.544761659,17342.5274670504,6984184.30071555,6999316.73450362,-856300.554086434,-65811603.4873978,33344135122.5649,-24735851661.9257,0.0154504610005046,0.0999712402445179,0.154549057936209,0.01040752201037,-0.0057026469959262
0.025,0.0345246575122705,-0.0182296105308178,7.26325337165299,-2.89298073876307,1164.32565217168,-220.139014472825,126527.8582801,24304.8157578667,7000000.06770665,6921137.20518526,32487839.0629292,-90547455.1493917,-199999991151.837,-198062572352.4,0.0182296105308178,0.0999558161975592,0.182376686262935,0.0128491988750948,-0.00667521981052136
0.026,0.0423914624945321,-0.0212283226236163,8.49200972756052,-3.09981924582508,1294.35059599092,-192.396973962144,133510.768945914,31147.6688067676,6932487.91122004,6731558.46385967,-167512174.633055,-288610027.501998,-199999998583.75,-198819083133.122,0.0212283226236163,0.0999335633838855,0.212424353788623,0.0156932701139712,-0.0077055808496796
0.027,0.0515531956433818,-0.0244188712783996,9.85426289154274,-3.27553414121999,1431.29136089487,-157.939911723158,140326.16744552,37701.7857430208,6664975.73730558,6343538.89479111,-367512212.359175,-487429110.635421,-199999999526.76,-199006899490.916,0.0244188712783996,0.0999020477329207,0.244428135684278,0.0189787642172808,-0.00877859478986246
0.028,0.0621467754254081,-0.0277668317692042,11.3568115952635,-3.41358787152925,1574.88043470672,-117.155886671989,146774.053750601,43768.4422659125,6197463.52518938,5756606.33441023,-567512258.830491,-686436010.126692,-199999999737.303,-199015223730.274,0.0277668317692042,0.0998581669942131,0.278062702380801,0.0227455912770419,-0.00987635584248061
0.029,0.0743157519494361,-0.0312314689822977,13.0060870581936,-3.5079303626425,1724.65030521385,-70.6318395415423,152654.427818782,49148.6613913043,5529951.26648717,4970662.7124184,-767512306.101739,-885451233.857332,-199999999618.839,-198883021713.816,0.0312314689822977,0.099798024254679,0.312946766386845,0.0270342778784984,-0.010978418368395
0.03,0.0882098394543145,-0.0347663243656791,14.8079529875687,-3.55319797886528,1879.93346015825,-19.1537087922368,157767.289603194,53643.4513165085,4662438.96056707,3985769.96770416,-967512348.141586,-1084334255.57149,-199999999157.733,-198512605381.674,0.0347663243656791,0.0997167928911798,0.348650647074253,0.0318856215229854,-0.0120621152092617
0.031,0.103984248796658,-0.0383200018622963,16.7675055783431,-3.54491250187239,2039.86238723569,36.2936337736448,161912.639059358,57053.9687221966,3594926.61283311,2802179.40944183,-1167512380.35475,-1282846860.95344,-199999998014.537,-197332835168.693,0.0383200018622963,0.0996085772623618,0.384705844772426,0.0373402660186198,-0.0131029624073232
0.032,0.121798819938542,-0.0418371527599766,18.8888735131459,-3.47967995023065,2203.36957410099,94.526662188946,164890.47615055,59181.8358953003,2327414.23345502,1420666.13090405,-1367512399.19474,-1480179696.12231,-199999994286.993,-170199018732.769,0.0418371527599766,0.099466275276222,0.42061646164786,0.0434381997108279,-0.0140751484751367
0.033,0.14181695443516,-0.0452596591170862,21.1750179622445,-3.35538868488617,2369.18750837797,154.165042907906,166500.800852303,59834.0456750211,859901.837099484,-144613.074584646,-1567512400.53643,-1650378714.85513,-17916610061.4895,196928932151.599,0.0452596591170862,0.0992814510472399,0.455872256495837,0.05021817872417,-0.0149521059400612
0.034,0.164204348175344,-0.048528012445254,23.6275341008819,-3.17139784602633,2535.85626448143,213.659924298674,166573.960386534,58897.0647317009,-716568.868484571,-1696527.32336397,-1585429003.5981,-1453449782.70342,199999994104.85,198482833789.305,0.048528012445254,0.0990442281140008,0.489963053570349,0.057717077776817,-0.0157071613953286
0.035,0.189127539092549,-0.0515828466772182,26.246493894001,-2.92863105030051,2701.81603837539,271.474753856327,165098.010346537,56506.8929892834,-2201997.8750453,-3050735.68917274,-1385428989.35734,-1254966948.91382,199999997824.755,198934703905.388,0.0515828466772182,0.0987432158445898,0.52239382965209,0.0659691771131095,-0.0163142451410639
0.036,0.216752363471939,-0.0543664598313326,29.0304362421091,-2.62946193839824,2865.5904809153,326.255406788745,162236.63130664,52861.8296096901,-3487426.86550212,-4206235.28612615,-1185428960.31911,-1056032245.00794,199999998953.714,199115557184.602,0.0543664598313326,0.0983654826103152,0.552698552262594,0.0750054254376574,-0.0167485921914779
0.037,0.247242488631326,-0.0568241675454176,31.9765164326888,-2.27751899806644,3025.89416311394,376.846409862763,158189.82328997,48160.7641272574,-4572855.82635175,-5162709.75254179,-985428922.213881,-856916687.822627,199999999390.494,199167698868.455,0.0568241675454176,0.0978965887999812,0.580450945655713,0.084852747947405,-0.0169873701042689
0.038,0.28075812779485,-0.0589054585222813,35.0807043242494,-1.87748670289638,3181.64165601322,422.291298319871,153157.58633061,42602.7906472824,-5458284.74887206,-5920042.59093019,-785428879.896186,-657748988.953228,199999999469.19,199105896129.818,0.0589054585222813,0.0973206926990124,0.605271673357901,0.0955334437756735,-0.017010219538379
0.039,0.317454954664018,-0.0605649509845499,38.3379843463593,-1.43490643000969,3331.94753069237,461.832738919211,147339.920468994,36387.0578778972,-6143713.62902847,-6478238.63181851,-585428838.851772,-458643092.822225,199999999186.24,198823711868.687,0.0605649509845499,0.0966207427378902,0.626831767882893,0.107064681895283,-0.0167997052729908
0.04,0.35748321798879,-0.0617631500084382,41.7425554996885,-0.955977321854043,3476.12635827251,494.91252128704,140936.825746842,29712.634984979,-6629142.46827399,-6837469.86870639,-385428805.479658,-259819380.952106,199999998090.861,197286520033.034,0.0617631500084382,0.0957787693338554,0.644852198853702,0.11945809733977,-0.0163416760834166
0.041,0.400987056138693,-0.0624670057500413,45.2880313560468,-0.447357243138142,3613.69270991453,521.171338379184,134148.302201149,22778.1365124688,-6914571.27468617,-6998645.98964198,-185428787.482981,-62532860.9173857,199999990732.327,126545496753.973,0.0624670057500413,0.0947762887433964,0.659099512950636,0.132719489082412,-0.0156255322895426
0.042,0.448104011673984,-0.062650272923997,48.967640058423,0.0840351715102756,3744.36115681075,540.445002482386,127174.34985607,15769.3150084937,-7000000.06677107,-6997906.10218237,14571201.1852605,64012635.8347827,-29142350329.4051,-121779621351.733,0.062650272923997,0.0935948302172898,0.669377494232834,0.146848620508741,-0.0146444002959335
0.043,0.498964745598589,-0.0622936782476914,52.7744224114863,0.631200166177793,3868.03672256913,552.720959061531,120176.77832237,8783.11862067013,-7000000.04074831,-6994783.27702346,-14571148.5453067,-57766985.515272,29142252745.9628,110388897005.104,0.0622936782476914,0.0922165964208267,0.675514827758517,0.16183912288587,-0.0133952163167285
0.044,0.553692933235313,-0.0613849455267499,56.7013808102679,1.18714540028852,3984.7122881453,558.001657750153,113174.3497397,1777.85000038987,-7000000.06291138,-6997355.81403618,14571102.0254366,52621911.4884961,-29142174355.4587,-104845013278.371,0.0613849455267499,0.0906252662078425,0.677349133363845,0.177678494827818,-0.0118787387699687
0.045,0.612405250144077,-0.0599187942533409,60.7415142831699,1.74487107594333,4094.38785352564,556.285231619892,106176.778188379,-5210.66902678181,-7000000.04806072,-6997156.40918687,-14571071.8337205,-52223101.7888955,29142112960.3231,105744104139.726,0.0599187942533409,0.0888069501300797,0.674708388989545,0.194348161416201,-0.0100995351432187
0.046,0.675211371884608,-0.0578969408434285,64.8878238014062,2.29738348555583,4197.0634187213,547.571686542564,99174.3496123242,-12216.3129695065,-7000000.06340432,-6996507.4589059,14571038.8571817,53521002.3501483,-29142054633.893,-109993364638.23,0.0578969408434285,0.0867513086782554,0.667389826453887,0.211823562567102,-0.00806595491544275
0.047,0.742213974016443,-0.0553280987951609,69.1333083933831,2.83768224447043,4292.73898372322,531.861456953807,92176.778047848,-19204.3921546771,-7000000.05186048,-6997983.13887486,-14571015.3662911,-56472362.2876749,29142006906.1856,122845606310.956,0.0553280987951609,0.0844528407427785,0.655136029866372,0.230074264859888,-0.0057900872172968
0.048,0.813508732098929,-0.0522279784373479,73.470969030312,3.35877384552523,4381.41454854076,509.153779736244,85174.3494776177,-26210.1372069773,-7000000.06376314,-6993032.69800706,14570989.1926252,66373244.0231508,-29141959068.8073,-145415014880.484,0.0522279784373479,0.0819123478150214,0.637608124177954,0.24906409623637,-0.00328770369329498
0.049,0.889184321691224,-0.0486192870838668,77.893804740604,3.85365860497186,4463.09011316739,479.452129428649,78176.7779030393,-33194.2191187862,-7000000.05410079,-6999366.96142415,-14570969.5356036,-79041770.857512,29141919205.1752,197831337643.167,0.0486192870838668,0.0791385775712722,0.614356342708842,0.268751302980431,-0.000578187155092161
0.05,0.969322418352296,-0.0445317268087331,82.3948164954698,4.31534541887205,4537.76567761145,442.753296173077,71174.3493381221,-40200.135076032,-7000000.0640228,-6979493.06346008,14570947.2601897,118789566.785409,-29141877477.5168,199282168541.102,0.0445317268087331,0.0761500484230134,0.584789211969498,0.289088728304972,0.00231555476041581
0.051,1.05399769764093,-0.040001994310298,86.967003323326,4.73684200891733,4605.44124186791,399.091516250134,64176.7777552631,-47087.0196613425,-7000000.05549684,-6761062.41240412,-14570929.9311682,318071735.32636,29141842422.4864,199501820062.41,0.040001994310298,0.0729770543867131,0.548144819580182,0.3100240117865,0.0053671887838393
0.052,1.14327783511571,-0.0350737331636097,91.6033661953835,5.11127808710996,4666.11680594452,348.685289914311,57174.3491953914,-53655.7959027397,-7000000.06420541,-6343239.76704655,14570910.0349694,517573555.388693,-29141804405.0717,199564923690.86,0.0350737331636097,0.0696638472392584,0.503471090867979,0.331499808810473,0.00854708723850338
0.053,1.23722350633507,-0.0297973147760572,96.2969041400648,5.43210150105563,4719.79236983719,291.952451592428,50176.7776054403,-59706.9880714768,-7000000.05636814,-5725883.74981243,-14570894.1235082,717138479.079529,29141772309.6004,199563291671.636,0.0297973147760572,0.0662709903988253,0.449628330536997,0.353454029110661,0.0118225394444695
0.054,1.33588838685722,-0.0242294205395419,101.040618128582,5.69327768845645,4766.46793355335,229.510359863038,43174.3490505264,-65041.0420331376,-7000000.06432524,-4908963.62489708,14570875.6972873,916701770.751172,-29141736501.9591,199503287691.476,0.0242294205395419,0.0628778763244,0.38534094908895,0.375820093415927,0.0151580531041258
0.055,1.43931915224022,-0.0184324244692015,105.827507189363,5.88948922513863,4806.14349708954,162.175932282889,36176.7774542989,-69458.4042247105,-7000000.0568739,-3892510.21030017,-14570860.5834395,1116205058.44267,29141706108.1486,199336939624.122,0.0184324244692015,0.0595853964809463,0.309344664260071,0.398527207145829,0.0185157445352405
0.056,1.54755547804193,-0.012473576288479,110.650572293622,6.01633537329837,4838.81906045305,90.9656128352425,29174.3489043934,-72759.5890825187,-7000000.06439151,-2676636.68204544,14570843.0173621,1315541998.06681,-29141671454.5565,198783885823.429,0.012473576288479,0.0565187500934264,0.220698020884397,0.421500650034992,0.0218558160061637
0.057,1.66063003982007,-0.00642398499502684,115.502812469793,6.07053155626694,4864.49462364083,17.095245073275,22176.7773024593,-74745.3241178935,-7000000.05709631,-1261702.74106692,-14570828.2277423,1514325883.89024,29141641804.6418,119204399920.592,0.00642398499502684,0.0538303750348514,0.119337548565615,0.444662080503152,0.0251371180594827
0.058,1.77856851313213,-0.000357403156740106,120.377228689093,6.0501079457792,4883.17018666017,-58.0235759178558,15174.3487577291,-75229.9965170285,-7000000.06440993,312225.342783615,14570811.0643345,1633530283.81081,-29141607467.3482,-198841945888.287,0.000357403156740106,0.0517029812857616,0.0069126218228064,0.467929853535706,0.0283177942960245
0.059,1.90138957353548,0.00565118101380591,125.266819979961,5.95458781591215,4894.84574950824,-132.833489797288,8176.77715047897,-74134.1463566542,-7000000.05707415,1846334.65365029,-14570796.1923707,1434688337.92249,29141577742.3397,-199418366726.419,0.00565118101380591,0.0503526644904672,0.112232015345996,0.491219350786332,0.0313560030908384
0.06,2.02910489658729,0.011527085002643,130.164587313617,5.78505309224672,4899.52131219249,-205.813663202764,1174.34861120119,-71603.7039285026,-7000000.0643836,3181313.80821264,14570779.0449037,1235269971.19601,-29141542966.0509,-199596250053.714,0.011527085002643,0.05,0.230541700052861,0.514443321571453,0.0342106900169286
0.061,2.16171915784457,0.0171974398835813,135.063529718508,5.54401760233499,4897.19687471019,-275.62914840907,-5823.2230011192,-67838.0211763731,-7000000.05681669,4316785.65437872,-14570763.6969092,1035673721.14224,29141512377.0657,-199671281081.995,0.0171974398835813,0.05,0.343948797671627,0.537512233383564,0.036842342024972
0.062,2.29923003286417,0.0225925247937174,139.956648165856,5.23523039676535,4887.87243706902,-341.144484108135,-12825.6515345515,-63036.6772082703,-7000000.06431345,5252623.73497996,14570746.1946559,836002440.060212,-29141476387.1526,-199697979299.428,0.0225925247937174,0.05,0.451850495874348,0.560334630519518,0.0392136652973411
0.063,2.44162819720276,0.0276469023837179,144.836941684114,4.86347618063523,4871.54799926624,-401.423836458073,-19823.2231518261,-57399.3352498101,-7000000.05630751,5988777.18539046,-14570729.9428867,636304460.760801,29141444081.0129,-199684397831.84,0.0276469023837179,0.05,0.552938047674358,0.582817499388291,0.0412901742056633
0.064,2.58889732641689,0.0323003546473358,149.697411244508,4.43437565474049,4848.2235613099,-455.731052555004,-26825.6516788827,-51125.6865670111,-7000000.0641985,6525239.44723534,14570711.6837072,436620062.929075,-29141405981.6654,-199598205449.029,0.0323003546473358,0.05,0.646007092946716,0.604866639043091,0.043040689039016
0.065,2.7410140960629,0.0364986190738016,154.531055875498,3.95418582800253,4817.89912319711,-503.529665979839,-33823.2233011255,-44415.403455886,-7000000.05550109,6862060.4074399,-14570694.0118777,237021857.480311,29141370932.104,-199120289253.138,0.0364986190738016,0.05,0.729972381476032,0.626387035462697,0.0444377407477032
0.066,2.89794818169701,0.0401939251188876,159.330876548313,3.42960035361305,4780.57468493648,-544.48283226785,-40825.6518210992,-37468.0188345814,-7000000.06403582,6999522.12029364,14570674.5076432,37901568.2276592,-29141329572.639,-75785488991.3439,0.0401939251188876,0.05,0.803878502377753,0.647283238098877,0.0454578813390317
0.067,3.05966225887528,0.043345331243411,164.089872291423,2.86755104664328,4736.25024652476,-578.447930842998,-47823.2234484674,-30462.1768450057,-7000000.05431025,6999530.94402563,-14570654.7317351,-37883920.7641311,29141290422.008,68042002081.5744,0.043345331243411,0.05,0.86690662486822,0.667459737198462,0.0460818990366023
0.068,3.22611200315363,0.0459188727205908,168.801044076057,2.2750376043978,4684.92580797138,-605.413821119412,-54825.6519604029,-23470.2475276817,-7000000.06382026,6995668.02430228,14570633.3297905,30158081.3178905,-29141244181.6541,-52466138511.8325,0.0459188727205908,0.05,0.918377454411816,0.68682134041244,0.0462949416175997
0.069,3.3972460900878,0.047887583370629,173.457390930696,1.65905542356383,4626.60136927255,-625.383394377211,-61823.2235932284,-16468.244819139,-7000000.05257746,6999593.03636426,-14570610.4615748,-22308057.194362,29141198969.5446,42483480111.6641,0.047887583370629,0.05,0.95775166741258,0.705273547207855,0.0460865725728744
0.07,3.57300619523344,0.0492314939118542,178.051913826571,1.02660393015304,4561.27693043879,-638.353790542751,-68825.652095797,-9472.72523135316,-7000000.06354399,6998526.71922573,14570586.2093828,20175422.9177464,-29141145355.4031,-38104253562.5501,0.0492314939118542,0.05,0.984629878237084,0.722722919613823,0.0454508005104895
0.071,3.75332699414601,0.0499376338791872,182.577611792172,0.384680721231945,4488.95249146549,-644.325477521295,-75823.2237346391,-2470.46150959547,-7000000.05000896,6999650.0153622,-14570558.6895194,-17928830.6452188,29141090986.1852,34852224586.309,0.0499376338791872,0.05,0.998752677583743,0.739077447847959,0.0443860923690497
0.072,3.93813616238086,0.0500000316685473,187.027485798736,-0.259713835296991,4409.62805236484,-643.297649985689,-82825.6522259007,4526.03279454205,-7000000.06319563,6999147.29701013,14570530.069045,16923393.9415369,-29141025819.7034,-32743703293.9125,0.0500000316685473,0.05,1.00000063337095,0.754246909396493,0.0428953682875225
0.073,4.1273543754932,0.0494197150885635,191.394534874761,-0.89958151205728,4323.30361313093,-635.270587298021,-89823.2238717064,11528.1845046409,-7000000.04596813,6999698.83930471,-14570495.2192218,-15820309.352784,29140956918.5921,31069163019.5618,0.0494197150885635,0.05,0.98839430177127,0.768143220147603,0.0409859791279287
0.074,4.32089530903812,0.0482047112271953,195.671759991489,-1.52792179090748,4229.97917377848,-620.243895543558,-96825.6523485861,18525.151383106,-7000000.06275886,6999413.11146171,14570459.5511611,15248853.6672249,-29140871936.8236,-29851904428.2655,0.0482047112271953,0.05,0.964094224543906,0.780680776215425,0.0386696663459021
0.075,4.51866563857057,0.0463700467563926,199.852160177429,-2.13773615532166,4129.65473429957,-598.21773995852,-103823.224002503,25527.2136039969,-7000000.03917391,6999736.0129148,-14570411.7711769,-14603050.7614395,29140777452.9479,28816452287.5739,0.0463700467563926,0.05,0.927400935127853,0.791776785129254,0.0359625047911527
0.076,4.72056503964538,0.0439377478555107,203.928736403827,-2.72202403415909,4022.33029471354,-569.191891504397,-110825.652459731,32524.4508335792,-7000000.06221007,6999541.18829714,14570363.6207792,14213401.5265787,-29140653411.7075,-27636994679.0782,0.0439377478555107,0.05,0.878754957110213,0.801351585110751,0.0328848284460096
0.077,4.92648618781728,0.0409368403598352,207.894487699209,-3.27378674816752,3908.00585500885,-533.166452717898,-117823.224123555,39526.4925568602,-7000000.02529361,6999936.09248418,-14570289.0858877,-13423593.152888,29140505714.3331,-199825885589.544,0.0409368403598352,0.05,0.818736807196703,0.809328951209051,0.0294611396444548
0.078,5.13631475864088,0.0374033494234933,211.742415034826,-3.78602552316858,3786.68141521439,-490.150555458909,-124825.652549719,46486.4125385033,-7000000.06151448,6886599.55653652,14570214.6618782,-213249478.743959,-29140272873.6856,-199937469797.132,0.0374033494234933,0.05,0.748066988469866,0.815636387121653,0.0257200018983465
0.079,5.34992942767068,0.0333802812597172,215.465517439225,-4.25179565736018,3658.3569753122,-440.264715449838,-131823.224222732,53233.0644440353,-6999999.98328862,6573381.342894,-14570057.409314,-413186948.54342,29139960143.3655,-199956250229.473,0.0333802812597172,0.05,0.667605625194343,0.820205401585239,0.0216939099154816
0.08,5.5672018704611,0.0289174956068077,219.056795883671,-4.66436715951922,3523.03253536114,-383.822156336184,-138825.652580771,59566.5262709531,-7000000.06061913,6060216.26923584,14569900.8684966,-613143198.775686,-7549258465.72353,-199962024124.362,0.0289174956068077,0.05,0.578349912136154,0.822971768287275,0.0174191013684656
0.081,5.78799676259646,0.024071392260079,222.509249576679,-5.01742323073124,3380.70899491193,-321.336044214699,-145819.625906138,65286.8439367807,-6989204.78898343,5347092.05839797,7020643.3090227,-813105222.902969,-35631827543.726,-199962274080.582,0.024071392260079,0.05,0.481427845201579,0.823875768325598,0.0129352810928179
0.082,6.01217178134028,0.0189043979046173,225.815883987494,-5.30526021678634,3231.39445041509,-253.519503547211,-152811.259016179,70194.0563380473,-7000000.05943994,4434005.69845471,-28611185.9933291,-1013067496.98628,57222381476.6515,-199957584323.366,0.0189043979046173,0.05,0.378087958092346,0.822862414932432,0.0082852535979912
0.083,6.23957761133271,0.013484252990557,228.969705521454,-5.52298756876492,3075.080805421,-181.285620508666,-159816.027609159,74088.2020239553,-7000000.05469567,3320959.40930675,28611196.4990816,-1213025081.31188,199999976182.339,-199943996657.669,0.013484252990557,0.05,0.26968505981114,0.819881660576436,0.00351446546819527
0.084,6.47005793925032,0.00788309864709537,231.963714594485,-5.6667278040389,2911.77787792963,-105.747440626651,-166768.388739683,76769.3248931634,-6871388.87011013,2007962.32966603,228611179.410346,-1412969077.97104,199999988690.347,-199897928732.137,0.00788309864709537,0.05,0.157661972941907,0.814888579725987,-0.00132954031861137
0.085,6.70344947307583,0.00217636363776466,234.790974322272,-5.73381646146809,2741.62022819655,-28.2179584951519,-173492.138691387,78037.4863623886,-6542777.69635556,495044.287328929,428611177.101949,-1612867006.70371,199999989938.889,73214382517.0659,0.00217636363776466,0.05,0.0435272727552931,0.807843540671973,-0.0061977557806216
0.086,6.93958208253807,-0.00355854825242981,237.444777621495,-5.72299976219193,2564.93646739928,49.8012894426293,-179787.277469573,77738.299543452,-6014166.5242822,-1081215.52811625,628611175.568551,-1539652624.18609,199999987413.468,199907269225.439,0.00355854825242981,0.05,0.0711709650485962,0.798712403821577,-0.0110404221730181
0.087,7.17827912792147,-0.00924374857525916,239.918846020008,-5.63457201199263,2382.25520671295,126.750701921167,-185453.805076154,75920.5755814469,-5285555.35500288,-2520914.51768962,828611168.99857,-1339745354.95897,199999976146.251,199953706014.259,0.00924374857525916,0.05,0.184874971505183,0.787466772096229,-0.0158078154494721
0.088,7.41935798867723,-0.0148024077171431,242.207529656842,-5.47033533128013,2194.30505730854,201.195860756036,-190291.721517885,72763.1140039466,-4356944.19792599,-3760683.01964146,1028611147.33331,-1139791648.94195,137475859385.984,199968079647.967,0.0148024077171431,0.05,0.296048154342862,0.774084296820054,-0.0204510505453234
0.089,7.66263079194768,-0.0201601838332134,244.306006761157,-5.23343051909024,2002.01202517378,271.896999979057,-194111.447498756,68465.8631731085,-3259595.12089422,-4800490.62875942,1166087004.49508,-939823569.290329,-199999977404.395,199974112441.753,0.0201601838332134,0.05,0.403203676664268,0.758549037797684,-0.0249228351687919
0.09,7.90790533558518,-0.0252464624348621,246.210466772004,-4.9281381623166,1806.4567927231,337.814312831383,-196821.33244606,63228.7897784437,-2193508.10509653,-5640327.14182887,966087020.612026,-739849456.844369,-199999988906.994,199976160430.452,0.0252464624348621,0.05,0.504929248697243,0.740851873888912,-0.0291781407875206
0.091,8.15498615272343,-0.0299953961956111,247.918185950045,-4.55967866987765,1608.69138548121,398.107963136647,-198565.130370663,57251.8672682637,-1327421.07893478,-6280188.51845801,766087021.882793,-539873296.409658,-199999992015.379,199974679529.54,0.0299953961956111,0.05,0.599907923912222,0.720990941459193,-0.0331747842623054
0.092,8.40367555012341,-0.0343467447869449,249.427403830669,-4.13401229963289,1409.5818904759,452.138089541854,-199542.841268218,50735.0712148548,-661334.053058962,-6720074.4751029,566087018.373864,-339898616.876513,-199999992468.001,199965790878.011,0.0343467447869449,0.05,0.686934895738898,0.69897203276976,-0.0368739179855397
0.093,8.65377447379165,-0.0382465147396451,250.737126036292,-3.65763918314076,1209.79439473576,499.464805658295,-199954.465140951,43878.3750631255,-195247.030921852,-6959990.1965404,366087015.182555,-139932825.996476,-199999990023.212,199887310027.115,0.0382465147396451,0.05,0.764930294792902,0.67480889510438,-0.0402404268203542
0.094,8.90508317506729,-0.0416473993307027,251.846924276357,-3.13739935331693,1009.7949852862,539.848192124142,-200000.001991952,36881.7330052566,70839.9892419218,-6999979.36752332,166087018.424128,59954484.0299102,-199999976801.977,-116630788335.241,0.0416473993307027,0.05,0.832947986614054,0.648523419142725,-0.0432432305098558
0.095,9.15740167670909,-0.0445090189458096,252.756736347333,-2.58027543194019,809.84974915178,573.23506824428,-199879.451825303,29892.2924150239,136927.019261231,-6998340.27766103,-33912960.6870938,-56676304.3048718,-199999903585.894,110087382260.989,0.0445090189458096,0.05,0.890180378916191,0.620145715931229,-0.0458554907793461
0.096,9.41053003898245,-0.0467979866969861,253.466666132714,-1.99326205186414,610.024773362802,599.623331444919,-199792.814605195,22883.9618822518,3014.10677974036,-6999972.8908354,-233912864.493313,53411077.9553351,199999286546.068,-106617222990.631,0.0467979866969861,0.05,0.935959733939721,0.589714082427684,-0.0480547323275921
0.097,9.66426842630202,-0.0484879144431843,253.976786936376,-1.38336206486275,410.202811646144,619.011766344776,-199873.423716988,15892.9249932265,-130899.114440581,-6999870.42437538,-33913577.6240551,-53206145.0348966,199999572761.226,106198117874.409,0.0484879144431843,0.05,0.969758288863685,0.557274856254307,-0.0498229228370759
0.098,9.91841700609648,-0.0495594137463763,254.287031482483,-0.757571813260646,210.266617428717,631.400313357632,-199987.946358067,8884.15118264318,-64812.9056836356,-6999977.51047307,166085995.25344,52991972.8386658,-181713857102.331,-105905459823.561,0.0495594137463763,0.05,0.991188274927526,0.522882172999426,-0.0511465332729179
0.099,10.1727758471429,-0.050000096067493,254.397298734073,-0.122894762016163,10.2663722079089,636.788895054192,-200000.00190813,1893.01874861549,10416.1610184809,-6999938.26754618,-15627861.8930717,-52913486.9845714,-15613461963.3268,105740933247.709,0.050000096067493,0.05,1.00000192134986,0.486597693201474,-0.0520165799836025
0.1,10.4271449551601,-0.0498045730813166,254.307566057886,0.51367266239348,-189.731678822937,635.177531627993,-200000.00192124,-5115.7527735522,-13018.4318565084,-6999981.2879069,-31241323.7990567,52827446.2622174,199997901260.569,-105614914297.277,0.0498045730813166,0.05,0.996091461626331,0.448490354457905,-0.0524286487219473
0.101,10.6813243306684,-0.0489744558952057,254.01783256538,1.14512697517195,-389.735065598237,626.566192164677,-199995.30803152,-12106.9228240485,55739.1949750368,-6999961.29879331,168756577.426464,-52787468.034824,-199999228261.557,105529317160.987,0.0489744558952057,0.05,0.979489117904114,0.40863610423565,-0.0523829005744151
0.102,10.9351139757491,-0.0475183558470925,253.528114486866,1.76447172585989,-589.682713229491,610.95488783596,-199888.523751811,-19115.6896373373,124496.158270632,-6999984.10824764,-31242651.0299426,52741849.1251674,-192960429466.66,-105458467389.896,0.0475183558470925,0.05,0.95036711694185,0.36711758558661,-0.0518840598482319
0.103,11.1883139479329,-0.0454518842428361,252.838505331991,2.36470342398691,-789.522238014303,588.343602350892,-199811.808989107,-26106.8792326177,-3226.707494112,-6999971.49281742,-224203080.121008,-52716618.2645796,199999916696.283,105404369202.426,0.0454518842428361,0.05,0.909037684856721,0.324023815841738,-0.0509413839958968
0.104,11.4407243976012,-0.042797652366891,251.949068951504,2.93882560717387,-989.364696184169,558.732343118406,-199893.803914894,-33115.641639706,-127429.829270805,-6999985.92648078,-24203160.9528295,52687750.9367884,199999977741.144,-105396081851.391,0.042797652366891,0.05,0.85595304733782,0.279449834472997,-0.0495686157501838
0.105,11.6921454724857,-0.0395852714794531,250.859736742475,3.47983478285024,-1189.31791750713,522.121098304555,-200000.00199191,-40106.8497044388,-51633.0013602258,-6999996.21646968,175796823.674861,-52708330.91452,199999990214.062,199990811926.554,0.0395852714794531,0.05,0.791705429589061,0.233496275720512,-0.0477839176976525
0.106,11.9423772256756,-0.0358513526946708,249.570419173505,3.98073526150547,-1389.30610514841,478.513798720906,-199930.403252952,-47099.8682843841,224163.817418941,-6952709.14142095,375796824.740915,147282481.033774,199999992567.386,199996537684.823,0.0358513526946708,0.05,0.717027053893416,0.186268921641449,-0.0456097895453872
0.107,12.1912196919608,-0.031639498947229,248.081202510015,4.43454814561715,-1589.05346229199,427.970456135038,-199485.007693511,-53945.6034290136,699960.63844431,-6705428.39154478,575796828.903902,347279018.755833,199999992097.639,199997553888.579,0.031639498947229,0.05,0.63278997894458,0.137878302346593,-0.0430729653825934
0.108,12.438473163628,-0.027000232972822,246.392548814247,4.83444436637919,-1788.08419211358,370.738351577685,-198463.815310271,-60444.0593855386,1375757.4634003,-6258150.59584466,775796830.896548,547276572.69091,199999988999.776,199997866914.509,0.027000232972822,0.05,0.540004659456441,0.0884393571422821,-0.0402042692778038
0.109,12.6839386662581,-0.021990749602703,244.505495945269,5.17394213429159,-1985.72249778559,307.26476289987,-196666.826100832,-66395.2387172246,2251554.28880158,-5610875.0896965,975796826.417625,747274439.655036,199999977561.647,199997874582.367,0.021990749602703,0.05,0.439814992054059,0.0380711579754306,-0.0370383858650807
0.11,12.9274186345229,-0.0166744684857707,242.421857558976,5.44710693650856,-2181.09258248075,238.196965621045,-193894.040069382,-71599.1436080019,3327351.10400552,-4763601.71275027,1175796806.21704,947272314.284271,-160387637256.237,199997604781.273,0.0166744684857707,0.05,0.333489369715414,-0.0131033038846565,-0.0336135376259694
0.111,13.168717787481,-0.0111203868130367,240.144420104858,5.64875153462602,-2373.13366553262,164.382233107172,-190005.521834553,-75855.7762294845,4422954.09159967,-3716330.59607535,1015409166.75994,1147269919.10427,-199999976292.086,199996831132.066,0.0111203868130367,0.05,0.222407736260734,-0.064957267443141,-0.0299710702059539
0.112,13.4076441747883,-0.00540223204427025,237.677061408664,5.77463596248441,-2560.76681061604,86.867836431778,-185108.19648763,-78965.1390602984,5338363.27021762,-2469062.26140502,815409184.418493,1347266750.26224,-199999987492.664,199994214169.31,0.00540223204427025,0.05,0.108044640885405,-0.117360298699866,-0.0261549476306924
0.113,13.6440102395232,0.000402585363028968,235.024662459206,5.82166752364017,-2743.07825906463,6.90104378727086,-179395.461954402,-80727.2355775466,6053772.46089176,-1021798.4040581,615409188.352898,1547260964.44092,-199999990002.612,58395376410.4708,0.000402585363028968,0.05,0.00805170726057935,-0.170178395072992,-0.0222111596379034
0.114,13.8776337298489,0.00621421902502304,232.19291932438,5.78809960779047,-2919.35260168568,-74.0767810285236,-173067.31822824,-80965.670937433,6569181.65424238,554660.248588071,415409189.302284,1605656340.84173,-199999988759.347,-199994724676.458,0.00621421902502304,0.05,0.124284380500461,-0.223274163215481,-0.0181870437594161
0.115,14.1083384143678,0.011951821933063,229.188143481278,5.67369767259628,-3089.07442928298,-154.505845570163,-166323.765307348,-79641.5149725359,6884590.84916022,2060319.2270916,215409193.779533,1405661616.13567,-199999976314.676,-199997364821.528,0.011951821933063,0.05,0.239036438661259,-0.27650708712764,-0.0141305296028955
0.116,14.3359545975306,0.0175350901354631,226.017061816187,5.47977136102314,-3251.92833265766,-232.891257222689,-159364.803186541,-76911.6978315103,7000000.05477298,3365982.16081653,15409216.4438339,1205664251.26554,-30818423434.7705,-199998181545.614,0.0175350901354631,0.05,0.350701802709262,-0.329733886714962,-0.0100893399896531
0.117,14.5603194352807,0.0228857470259637,222.686618034445,5.20903382377928,-3407.7918533683,-307.927353196475,-152362.234922639,-72976.2165753128,7000000.0594932,4471647.32130928,-15409205.2234204,1005666069.6555,-11922080620.1034,-199998523872.738,0.0228857470259637,0.05,0.457714940519274,-0.382808965079903,-0.00611021833732865
0.118,14.7812770643529,0.027928848647506,219.203810883776,4.86540387560874,-3556.65715482777,-378.508468379384,-145371.926473729,-68035.0693064792,6978629.81395979,5377314.12902842,-27331286.7542716,805667545.708289,97403066938.0277,-199998639174.212,0.027928848647506,0.05,0.558576972950119,-0.435584937268957,-0.0022382323944831
0.119,14.9986786178371,0.0325938893572935,215.575630432736,4.45380599723755,-3698.54026471702,-443.728935982823,-138390.728452555,-62288.2545111135,7000000.06066751,6082982.3551496,70071782.0586074,605668906.458336,-140143717745.938,-199998552625.19,0.0325938893572935,0.05,0.65187778714587,-0.487913209561601,0.00148383498285914
0.12,15.2123822142206,0.0368157074935615,211.809063105712,3.97997033690839,-3833.42515535415,-502.883087781962,-131379.049780429,-55935.7707947988,6999999.98385244,6588651.98529532,-70071936.4930572,405670353.768353,140144028416.434,-199998040354.7,0.0368157074935615,0.05,0.736314149871231,-0.539644572518102,0.00501600568825406
0.121,15.4222529686662,0.0405351910438009,207.911113218066,3.45023271179386,-3961.31004594014,-555.465254121667,-124390.728419433,-49177.6166393247,7000000.06155983,6894323.31888628,70072093.8991633,205672313.375907,-140144259697.866,-199993486100.266,0.0405351910438009,0.05,0.810703820876019,-0.590629786199911,0.00832153503062707
0.122,15.6281629962777,0.0436997833144434,203.888776098409,2.8713346095786,-4082.19493641649,-601.169763457365,-117379.049679639,-42213.7894114326,7000000.02560863,6999998.88921198,-70072166.5054099,5678827.2853953,140144406317.781,-35440782962.4646,0.0436997833144434,0.05,0.873995666288868,-0.64072016720413,0.0113672477480868
0.123,15.8299914121589,0.0462637888311559,199.749056418316,2.25022456259991,-4196.07982680101,-639.884083666386,-110390.72832777,-35216.8579057077,7000000.06225364,6987957.32501614,70072241.8825716,-29761955.6821747,-140144529449.255,83606320594.7504,0.0462637888311559,0.05,0.925275776623117,-0.689768173289972,0.014123780368328
0.124,16.0276243314135,0.0481884926643075,195.498949506412,1.59389616975028,-4302.96471706497,-671.608439654359,-103379.049557151,-28229.8471717303,7000000.03940947,6999998.5296313,-70072288.1811961,53844364.9232713,140144623164.757,-107702316609.771,0.0481884926643075,0.05,0.96376985328615,-0.737627982066901,0.0165657343994777
0.125,16.2209548691457,0.0494421713611341,191.145460034295,0.90934082265783,-4402.84960721981,-696.333801113958,-96390.728215122,-21220.8768456959,7000000.06280153,6999991.73624968,70072337.1410404,-53857951.6905655,-140144707465.359,107730008776.39,0.0494421713611341,0.05,0.988843427222683,-0.784156061447492,0.0186717707939453
0.126,16.4098831404595,0.050000099593268,186.695583330595,0.203561905962103,-4495.73449724628,-714.059169684948,-89379.0494249856,-14229.8590837786,7000000.04620715,6999998.78894726,-70072370.8540649,53872057.0976446,140144775789.475,-107749164895.337,0.050000099593268,0.05,1.00000199186536,-0.829211729644724,0.0204246864898867
0.127,16.5943162604591,0.0498445533468095,182.156324066926,-0.516444176851185,-4581.61938715228,-724.784540266525,-82390.7280910964,-7220.8824603739,7000000.06323811,6999996.26359722,70072407.1724298,-53877107.8005163,-140144840435.807,107759687646.922,0.0498445533468095,0.05,0.99689106693619,-0.872657702525133,0.0218114725587175
0.128,16.7741683442489,0.0489648058963406,177.534677571922,-1.24367383669025,-4660.50427692312,-728.509914147135,-75379.0492867567,-229.864802669728,7000000.05018933,6999998.9996201,-70072433.7164179,53882579.8595436,140144894248.419,-107767727160.823,0.0489648058963406,0.05,0.979296117926812,-0.914360626199665,0.0228233549691232
0.129,16.9493605069334,0.0473571318674706,172.837648517209,-1.97113066789345,-4732.38916656461,-725.235289363897,-68390.7279597116,6779.11419909467,7000000.06358687,6999997.71589921,70072462.8402085,-53885147.3026926,-140144947349.324,107773189628.477,0.0473571318674706,0.05,0.947142637349412,-0.954191592782491,0.0234558185390522
0.13,17.1198208636172,0.0450248058842006,168.072232231425,-2.69181107986772,-4797.27405606465,-714.960666637665,-61379.0491441988,13770.1315396975,7000000.05274764,6999999.16341068,-70072484.8941083,53888042.3403736,140144992039.619,-107777618272.85,0.0450248058842006,0.05,0.900496117684013,-0.992026637334656,0.0237086140444401
0.131,17.2854845294049,0.0419781025686705,163.245433386205,-3.39871866660495,-4855.15894542778,-697.686044932767,-54390.7278231306,20779.1117879922,7000000.0638641,6999998.39661459,70072509.5160484,-53889575.9323819,-140145037794.076,107780933838.966,0.0419781025686705,0.05,0.83956205137341,-1.02774721407353,0.0235857484919543
0.132,17.4462936194016,0.0382342965418384,158.364247310191,-4.08484983674734,-4906.04383464353,-673.411424693044,-47379.0489983796,27770.1288857155,7000000.05447887,6999999.28760161,-70072528.6046473,53891357.9226825,140145076436.12,-107783740839.381,0.0382342965418384,0.05,0.764685930836768,-1.06124065003056,0.0230954586430909
0.133,17.6021972487122,0.0338176624233163,153.435678675028,-4.74320818414627,-4949.92872371561,-642.136805282317,-40390.727682731,34779.1098955827,7000000.06408118,6999998.77510455,70072550.2554008,-53892382.9150745,-140145117319.965,107785976931.335,0.0338176624233163,0.05,0.676353248466326,-1.09240057441839,0.0222501679295633
0.134,17.7531515324419,0.0287594748317855,148.466722809362,-5.36679011698341,-4986.81361263467,-603.86218700268,-33379.0488500683,41770.1268088381,7000000.05567199,6999999.38065506,-70072567.3430696,53893594.0338547,140145151856.922,-107787937141.295,0.0287594748317855,0.05,0.57518949663571,-1.12112732208328,0.02106642697782
0.135,17.899119585696,0.0230980083848764,143.464384384846,-5.94859922904386,-5016.69850140388,-558.587569423134,-26390.7275395087,48779.1083304483,7000000.06424595,6999999.0061182,70072586.9810675,-53894343.1043384,-140145189473.661,107789573105.338,0.0230980083848764,0.05,0.461960167697528,-1.14732830951028,0.0195648380120593
0.136,18.0400715235801,0.0168785376994484,138.435658730129,-6.48163192820476,-5039.58339001467,-506.312952768095,-19379.0486998907,55770.125094002,7000000.0564853,6999999.44956643,-70072602.7334851,53895230.0199994,140145221247.166,-107791050992.173,0.0168785376994484,0.0500594104634832,0.337170125320607,-1.17091838197543,0.0177699634803119
0.137,18.1759844611996,0.0101533373914949,133.387550516872,-6.95889180822149,-5055.46827846882,-447.038336723567,-12390.7273942596,62779.1069835576,7000000.06436362,6999999.15409027,70072621.0134327,-53895820.9677202,-140145256731.46,107792332618.685,0.0101533373914949,0.0510932657451665,0.198721636666089,-1.19182013054155,0.0157102192972832
0.138,18.3068425136605,0.00298168207634557,128.327055073728,-7.37337527675734,-5064.35316675929,-380.763721469766,-5379.04854839722,69770.1236160855,7000000.05700624,6999999.49943179,-70072635.9323855,53896511.6712081,140145286750.472,-107793522922.018,0.00298168207634557,0.0531695880939981,0.0560787130995689,-1.20996417773139,0.0134177531693892
0.139,18.4326367960687,-0.00457015363141494,123.261177072364,-7.71808592756076,-5066.23805489037,-307.489106764058,1609.27275232326,76779.1057843575,7000000.06443691,6999999.24964191,70072653.3388205,-53897011.2452048,-140145320979.123,107794590468.513,0.00457015363141494,0.0560068146731366,0.0815999563282964,-1.2252894308233,0.0109283085130335
0.14,18.5533654235302,-0.0124288951177931,118.196911841436,-7.98602016813871,-5061.12294285246,-227.214492761877,8620.9516038946,83770.1222936188,7000000.05728131,6999999.53363084,-70072667.8398923,53897579.2445582,140145350076.966,-107795609434.099,0.0124288951177931,0.0593649003485113,0.209364372631425,-1.23774330185971,0.0082810745446317
0.141,18.6690335111514,-0.0205142677694607,113.14126405262,-8.17018159224982,-5049.00783064866,-139.939879265884,15609.2728995971,90779.1046821349,7000000.06446799,6999999.30815826,70072684.7670535,-53898030.183057,-140145383802.214,107796552148.226,0.0205142677694607,0.0630419276377926,0.325406733869646,-1.24728189357731,0.00551852316203294
0.142,18.7796531740386,-0.0287389969736325,108.101229034573,-8.26356660728423,-5029.89271827158,-45.6652664195368,22620.9517564739,97770.1210673986,7000000.0573287,6999999.55404919,-70072699.2323541,53898521.987115,140145412741.276,-107797478516.139,0.0287389969736325,0.0668707245084676,0.429769487094363,-1.25387015061925,0.00268623329937016
0.143,18.8852435272986,-0.0370088081181394,103.083811458978,-8.25917880702616,-5003.77760572392,55.6093459454615,29609.2730469273,104779.103636197,7000000.06445509,6999999.33677815,70072716.0354979,-53898956.5220089,-140145446686.293,107798361744.02,0.0370088081181394,0.0707155226924516,0.523347727755533,-1.2574819755127,-0.000167296526815353
0.144,18.985830686038,-0.0452224265913269,98.0960066544946,-8.15001459877809,-4970.66249299847,163.883957687517,36620.9519088223,111770.119888514,7000000.05714228,6999999.56112802,-70072730.8585116,53899405.2442674,140145476247.631,-107799259200.538,0.0452224265913269,0.0744686862859941,0.607267683193067,-1.25810030905096,-0.00299084670575797
0.145,19.0814477653639,-0.0532715777821321,93.1448192928123,-7.92907757636642,-4930.54738009816,279.158568957066,43609.2731936564,118779.10260924,7000000.06439581,6999999.33677193,70072747.8990442,-53899853.9491473,-140145511202.286,107800141520.409,0.0532715777821321,0.0780475374114529,0.682552961297084,-1.25571717484476,-0.005730685250807
0.146,19.1721348803833,-0.061040987079997,88.2372447025929,-7.58936414702995,-4883.4322670158,401.433179604184,50620.952060385,125770.118709466,7000000.05668871,6999999.55358286,-70072763.5350236,53900287.5933705,140145542285.573,-107801076423.087,0.061040987079997,0.081391302660704,0.749969408088461,-1.25033368796486,-0.0083307858936626
0.147,19.2579391462037,-0.0684083798749544,83.3802875555326,-7.12387790465794,-4829.31715375467,530.707789770243,57609.2733390646,132779.101560946,7000000.06428491,6999999.3029646,70072781.2299623,-53900788.8229797,-140145579228.579,107802026636.375,0.0684083798749544,0.0844582009470151,0.809967286869754,-1.24196002772435,-0.0107330546772319
0.148,19.3389146779323,-0.0752444815575521,78.5809431802945,-6.52561525644846,-4768.20204030749,666.982399283443,64620.9522105548,139770.117474105,7000000.05589585,6999999.52745969,-70072798.2686039,53901237.8348226,140145612995.783,-107801766876.098,0.0752444815575521,0.0872226902910755,0.8626709553036,-1.23061537480559,-0.0128775641267415
0.149,19.4151225906771,-0.0814130175189552,73.846216248581,-5.78757979637254,-4700.08692667811,810.257008339785,71609.2734823172,146779.100659496,7000000.06411391,6999999.88185638,70072817.1616614,-53900529.0354947,-140145653293.519,-199999518955.034,0.0814130175189552,0.0896728879847607,0.907888876432649,-1.21632781306145,-0.0147027940629765
0.15,19.4866309995457,-0.0867707135782756,69.1831020890563,-4.90277049633699,-4624.97181285896,960.518792229533,78620.9523586257,153718.817023826,7000000.05462446,6846099.59334383,-70072836.4548036,-253900048.439769,140145691421.565,-199999815861.682,0.0867707135782756,0.0918081755395235,0.945130573267092,-1.19913419647419,-0.0161458782545423
0.151,19.5535150196463,-0.0911673209053968,64.5986053734285,-3.86426353828696,-4542.85669885478,1117.610009079,85609.2736223709,160404.633290447,7000000.06386964,6492199.6369735,70072857.3412477,-453899865.054872,-140145737215.132,-199999865988.082,0.0911673209053968,0.0936369968603921,0.973624998261345,-1.17907998187634,-0.0171428654206797
0.152,19.615856766087,-0.094445777775829,60.0997214303625,-2.66538977259991,-4453.74158465746,1281.17675891756,92620.9525037214,166636.549684022,7000000.05259946,5938299.83892472,-70072880.2651907,-653899731.960351,140145782415.586,-199999879067.214,0.094445777775829,0.0951748552156699,0.992339600221206,-1.1562190281863,-0.0176290377966461
0.153,19.6737453539764,-0.0964425635987471,55.6934549315717,-1.299933949532,-4357.62647027309,1450.66514194477,99609.2737577904,172214.566343901,7000000.06353181,5184400.16743074,70072904.4492412,-853899611.981636,-140145837511.248,-199999874866.325,0.0964425635987471,0.0964425118195119,1.00000053689223,-1.13061336302652,-0.0175393077081853
0.154,19.7272768983338,-0.0969882561634519,51.3868012057762,0.237665283017611,-4254.51135569266,1625.32125848862,106620.952644633,176938.683392959,7000000.04922217,4230500.61801578,-70072933.537647,-1053899487.72652,140145894787.183,-199999853094.598,0.0969882561634519,0.0974643862294831,0.995114830304168,-1.10233291773369,-0.0168086933898271
0.155,19.7765545143573,-0.0959082754969755,47.1867649246946,1.95211537544746,-4144.39624092455,1804.19120900019,113609.27388631,180608.900958337,7000000.06306853,3076601.2037417,70072963.4564625,-1253899341.52937,-140145967174.255,-199999796936.857,0.0959082754969755,0.0982671563170087,0.975995226600192,-1.07145523187706,-0.0153728720230835
0.156,19.8216883171559,-0.0930238478056935,43.100341416989,3.84706987867385,-4027.28112595815,1986.12109406792,120620.952779374,183025.219191879,7000000.04293534,1722701.96374356,-70073004.2943507,-1453899138.92893,140146047591.132,-199999611531.914,0.0930238478056935,0.0988785532658489,0.940788924728559,-1.03806512853374,-0.0131688076208657
0.157,19.8627954218388,-0.0881531560280789,39.1345353543823,5.92492844428614,-3903.16601080608,2169.75701446133,127609.274003544,183987.6383176,7000000.06242771,168803.019048291,70073045.3948217,-1653898750.62424,-140146159448.57,154985684665.281,0.0881531560280789,0.0993263450073393,0.887510317847346,-1.00225436166671,-0.0101354510953812
0.158,19.8999999435154,-0.0811126932408854,35.2963420655311,8.18663978298898,-3772.05089545481,2353.55986229693,134620.952903478,183355.322908786,7000000.02809672,-1407602.88924372,-70073114.7484069,-1498913065.7925,140146305401.552,199999611346.672,0.0811126932408854,0.0996374995975475,0.814077968320292,-0.964121237073073,-0.00621450937436476
0.159,19.9334328925791,-0.0717187874064854,31.5927662876084,10.631581911756,-3633.9357799397,2535.96989830018,141609.274099032,181231.596755184,7000000.0660413,-2806516.14936329,70073192.6251115,-1298913453.9436,-199999986938.813,199999796151,0.0717187874064854,0.0998375178931245,0.718355072521534,-0.923770208455347,-0.00135126925206008
0.16,19.9632324888383,-0.0597891450010646,28.0308028504675,13.2576473959562,-3488.82315815724,2715.59008479841,148610.977436667,177808.957178161,6970073.26521393,-4005429.70523176,-129926809.517746,-1098913656.97466,-199999996864.335,199999851001.359,0.0597891450010646,0.0999499269315546,0.598190982590793,-0.881311450310711,0.00450458751365666
0.161,19.9895438420082,-0.0451442457461905,24.6174396254293,16.0614302626636,-3336.75712969786,2891.2215082452,155482.753969885,173287.403952867,6740146.45727352,-5004343.43670602,-329926832.328403,-898913804.886605,-199999998262.316,199999869949.622,0.0451442457461905,0.0999959143683109,0.451460902491601,-0.836860411394896,0.0113982471693981
0.162,20.0125189990164,-0.0276085414598298,21.3595317224343,19.0384256253086,-3177.96762139671,3061.86525491162,162024.603682638,167866.936925273,6310219.62581723,-5803257.30661799,-529926861.70693,-698913933.656307,-199999998586.457,199999867249.062,0.0303143018707488,0.1,0.303143018707488,-0.790537369072268,0.0193691262214472
0.163,20.0323167136037,-0.00701145497007523,18.2636043245759,22.1832296835206,-3012.88456011097,3226.72241092788,168036.526548288,161747.555962903,5680292.76481516,-6402171.30664982,-729926891.894058,-498914065.035695,-199999998418.708,199999831787.78,0.0330685723753236,0.1,0.330685723753236,-0.742467033941933,0.0284503368407506
0.164,20.0491020163974,0.016811820970988,15.335652688077,25.4897397229933,-2842.13787272654,3385.19406229177,173318.522536954,155129.260928873,4850365.87370576,-6801085.45579148,-929926918.614081,-298914231.917305,-199999997740.079,199999623227.963,0.0491020163973772,0.0999894604959377,0.491071920518784,-0.692778216627961,0.038668257290601
0.165,20.0630455849839,0.0440197247732765,12.5809421422596,28.9513541153441,-2666.55748615879,3536.8812948434,177670.591620377,148212.051627471,3820438.95621268,-6999999.87609444,-1129926938.47948,-98914607.5603368,-199999996043.421,197829255426.391,0.0630455849839429,0.0999284011263188,0.630907572555348,-0.641603558077176,0.0500422088065937
0.166,20.0743229139825,0.074763927091523,10.0038080895168,32.5611722998219,-2487.17332734886,3681.58510372116,180892.733775758,141195.56598995,2590512.01970066,-6999999.85593867,-1329926948.4988,98914646.7206074,-199999990495.769,-197825362050.644,0.0743229139825345,0.0997956121176677,0.74475132127955,-0.58907932426814,0.0625842399340494
0.167,20.0831132851179,0.109189131183471,7.6074560052907,36.3121909975238,-2305.21532325644,3819.28891290318,182784.948989674,134212.05256345,1160585.07594236,-6999997.89024594,-1529926943.73715,-98910714.2408568,-93087428873.9406,197817451669.794,0.0831132851178573,0.099569187285009,0.834728969715822,-0.535345265978831,0.0762990186185721
0.168,20.0895985374417,0.147433040859848,5.39376232899722,40.1974168037203,-2122.10894615822,3949.99272386312,183165.05602165,127195.568891089,-415885.582243138,-6999999.87864904,-1623014367.90296,98906736.3144738,199999990240.034,-197811874264.465,0.0895985374417378,0.0992249396738467,0.902984045505586,-0.480544543943851,0.0911838197086619
0.169,20.0939616465741,0.189626359932868,3.36310096174636,44.20984312559,-1939.41400006969,4073.69653517361,181970.99658575,120212.053734587,-1938899.95503621,-6999999.07946927,-1423014364.12038,-98905136.9013474,199999995776,197808641196.904,0.0939616465741047,0.0987368018145042,0.951637533800512,-0.424823716033152,0.107228554034804
0.17,20.0963851810101,0.235892792215293,1.51429206825642,48.3424765573994,-1758.64128741086,4190.40034726651,179353.92277913,113195.570193209,-3261914.32127651,-6999999.89576936,-1223014347.3751,98903503.2130858,199999997451.051,-197806030614.982,0.0963851810100991,0.0980773765343058,0.98274632148613,-0.368332759517361,0.124415826663654
0.171,20.097049803271,0.286349041520558,-0.155264758752725,52.5883105060309,-1581.11382257108,4300.10415956806,175513.834614243,106212.054376929,-4384928.66993094,-6999999.40786611,-1023014323.67535,-98902526.3936356,199999998093.476,197804051411.952,0.0970498032710339,0.0972186511304259,0.998263215366304,-0.311225062108426,0.14272102379743
0.172,20.0961329472974,0.341104811662402,-1.64939294094291,56.9403515653679,-1407.95461992263,4402.80797237468,170650.732112051,99195.5710473987,-5307942.99456057,-6999999.90855104,-823014296.879202,98901523.9683704,199999998200.495,-197802341573.642,0.0961329472973986,0.096132886467954,1.00000063276415,-0.253657330108748,0.162112427914065
0.173,20.0938078283161,0.400262809034692,-2.97293899738826,61.3915931406645,-1240.08669379761,4498.51178533881,164964.615298115,92212.0548435131,-6030957.29233601,-6999999.55537172,-623014270.954795,-98900816.6370514,199999997766.751,197800908220.364,0.0938078283161481,0.094793691029351,0.9895999121619,-0.19578940503893,0.18255136061321
0.174,20.0902421210965,0.463918734870504,-4.13157237843033,65.9350418255976,-1078.2330584852,4587.21559868306,158655.484198841,85195.5716974514,-6553971.56439876,-6999999.91789591,-423014250.405377,98900090.5669495,199999996137.552,-197799615972.504,0.0902421210964555,0.0931772885916094,0.968499110249724,-0.137783989536305,0.203992352545734
0.175,20.0855976356659,0.532161292982944,-5.13158554868701,70.5636910270607,-922.916728249518,4668.9194121582,151923.338837128,78212.0552217524,-6876985.81672103,-6999999.63531733,-223014240.842068,-98899524.4769557,199999985983.157,197798470260.809,0.085597635665934,0.0912639854204074,0.937912532217705,-0.0798062838323693,0.22638333967865
0.176,20.0800296614138,0.605072187185296,-5.97969398703015,75.270547338594,-774.460717336012,4743.62322594563,144968.179225871,71195.5722354674,-7000000.06455111,-6999999.92466127,-23014255.5857094,98898944.8016793,46028552206.6617,-197797406523.387,0.0800296614137821,0.0890398418285778,0.898807317828098,-0.0220235344664501,0.249665885066098
0.177,20.0736866438627,0.682726121291114,-6.68283746966883,80.0486041671297,-632.994455462708,4811.32703984782,137964.343453539,64212.0555483343,-7000000.04403096,-6999999.68312332,23014296.4743784,-98898460.8322839,-46028612498.8145,197796429009.057,0.0736866438627146,0.0864985498297413,0.851882996972263,0.0353955026809336,0.273775425177868
0.178,20.0667100489097,0.765190799114105,-7.24801548086987,84.8908681061068,-498.528193791524,4872.03085402163,130968.179116789,57195.5727058329,-7000000.05380188,-6999999.92944854,-23014316.7868476,98897967.229387,46028649645.8458,-197795500967.921,0.0667100489096875,0.0836435164080353,0.797551941554658,0.0922811778453899,0.298641539763277
0.179,20.0592343427932,0.852526924468213,-7.68222648655098,89.7903325624996,-371.061932319149,4925.73466829991,123964.343340538,50212.0558426981,-7000000.04576308,-6999999.71270507,23014332.6869502,-98897532.8876721,-46028682332.8806,197794625893.057,0.0592343427931965,0.0804901492090749,0.735920399890601,0.148463610419968,0.324188244117233
0.18,20.0513869917515,0.944788201167519,-7.99247202119675,94.7400041296662,-250.595671031174,4972.43848282465,116968.17900833,43195.5731340505,-7000000.05423832,-6999999.93264376,-23014350.4245496,98897092.0933958,46028716947.0096,-197793779865.015,0.0513869917515137,0.0770683386501481,0.666771759344458,0.203773358998736,0.350334302550675
0.181,20.0432884620227,1.04202133302632,-8.18575055070509,99.732876214625,-137.129409924135,5012.1422974474,109964.34322595,36212.0561169876,-7000000.04618654,-6999999.73048488,23014366.3431029,-98896686.9570246,-46028748713.4398,197792965890.67,0.0432884620227156,0.0734251275234096,0.589559235139418,0.258042088143154,0.376993561766162
0.182,20.0350522198447,1.14426602385904,-8.2690636095448,104.761955410666,-30.6631489833581,5044.84611230152,102968.178899092,29195.5735368474,-7000000.05419593,-6999999.93449558,-23014383.1482359,98896278.0551323,46028783476.033,-197792166471.843,0.0350522198447258,0.069627556147825,0.50342453166541,0.311103229114282,0.404075302785061
0.183,20.0267847314553,1.25155497748031,-8.24940966359318,109.820235124854,68.8031117951531,5070.54992725003,95964.3431115805,22212.0563798055,-7000000.04560339,-6999999.73967809,23014400.1568126,-98895887.6406393,-46028816597.9358,197791384314.697,0.0267847314552547,0.0657656680382839,0.407275288979998,0.362792631984108,0.431484609982159
0.184,20.0185854630919,1.36391389770488,-8.13379024730228,114.900721950419,161.269372426642,5089.25374242221,88968.1787910795,15195.5739265293,-7000000.05374142,-6999999.93515911,-23014417.2038668,98895495.8338759,46028853794.8338,-197790605082.442,0.018585463091874,0.0619556579293912,0.299980077897894,0.412949206574804,0.459122755740646
0.185,20.010546880992,1.48136148834769,-7.92920382652785,119.996409294475,246.735632915219,5100.95755768744,81964.3429989722,8212.05663794294,-7000000.04404528,-6999999.74186806,23014436.441561,-98895108.5098543,-46028890565.4792,197789831309.888,0.0105468809920026,0.0583431408435417,0.1807732809635,0.461415549730109,0.486887599161622
0.186,20.0027544513929,1.60390945322381,-7.64265193570446,125.100303750197,325.201893277054,5105.66137317465,74968.1786861692,1195.57431320894,-7000000.05288251,-6999999.93472078,-23014454.8595404,98894721.9971417,46028932798.8203,-197789049838.753,0.00275445139290653,0.0551065177555725,0.0499841308268475,0.50803855647824,0.514673997231798
0.187,19.9952866405317,1.7315624961485,-7.28113304066527,130.205398724751,396.668153515988,5103.36518875563,67964.3428896464,-5787.94310264648,-7000000.04134028,-6999999.73764455,23014477.8221577,-98894327.1398101,-46028976137.089,197788263140.7,0.00471335946829399,0.0524604103076888,0.0898460275215038,0.552670012720265,0.542374226786967
0.188,19.9882149146454,1.86431832093714,-6.85164867582675,135.304700811263,461.134413649616,5094.06900456246,60968.1785864159,-12804.425293827,-7000000.05158297,-6999999.93321191,-23014499.0139525,98893935.2357979,46029027064.0723,-197787457703.032,0.0117850853545889,0.0506591339972806,0.232634954936685,0.595167167151722,0.569878415591433
0.189,19.9816037399709,2.00216763140532,-6.36119730699815,140.391203416953,518.600673681064,5077.77282046573,53964.3427853111,-19787.9428361895,-7000000.03706283,-6999999.72682848,23014527.973526,-98893521.8021597,-46029081359.2917,197786636029.079,0.0183962600290677,0.05,0.367925200581354,0.635393280217797,0.597074980800894
0.19,19.975510582745,2.14509413136874,-5.81678046857723,145.457913134902,569.066933630131,5054.47663660438,46968.1784944199,-26804.4248850586,-7000000.04976557,-6999999.9306148,-23014554.041192,98893113.5009035,46029146926.561,-197785782679.529,0.0244894172549586,0.05,0.489788345099171,0.673218147993484,0.623851073072483
0.191,19.9699859092044,2.29307452464331,-5.22539662634753,150.497823372389,612.533193498589,5024.18045284427,39964.3426881499,-33787.9425565061,-7000000.03034176,-6999999.70845411,23014592.8550593,-98892668.5509792,-46029219650.5981,197784900282.668,0.0300140907955502,0.05,0.600281815911003,0.708518598989224,0.650093024546819
0.192,19.9650731855858,2.44607851504507,-4.59404731468742,155.503940722452,648.999453309794,4986.88426933556,32968.1784139493,-40804.4244496494,-7000000.04730897,-6999999.92686286,-23014627.4028531,98892231.0458284,46029310755.2245,-197783969360.098,0.0349268144142343,0.05,0.698536288284686,0.741178961989296,0.675686798937064
0.193,19.9608088781256,2.60406880639029,-3.92973099935201,160.46925859244,678.46571306311,4942.58808593526,25964.3426013531,-47787.9422563347,-7000000.01933285,-6999999.68049787,23014683.3716203,-98891737.7238146,-46029416171.569,197782992769.966,0.0391911218744454,0.05,0.783822437488908,0.771091503154133,0.700518441935155
0.194,19.9572224530603,2.76700110249537,-3.23944921469925,165.386783575343,700.931972788033,4891.29190281058,18968.1783512679,-54804.4239740054,-7000000.04404439,-6999999.92183527,-23014733.3571497,98891254.4067072,46029555596.6233,-197781943539.847,0.0427775469396963,0.05,0.855550938793925,0.798156830738358,0.72447453016957
0.195,19.9543363766265,2.93482410717696,-2.5302004264512,170.249509078591,716.398232479568,4832.99571980448,11964.3425303688,-61787.9419263208,-6999999.99960216,-6999999.63919964,23014822.3091076,-98890688.604693,-46029724944.0722,197780824915.5,0.0456636233735246,0.05,0.913272467470492,0.822284265913058,0.747442616938197
0.196,19.9521661150605,3.10747952425186,-1.8089861689434,175.050441695133,724.864492179003,4767.69953710955,4968.17831861733,-68804.4234394167,-7000000.03976281,-6999999.91534501,-23014903.1424293,98890135.7592494,46029970507.481,-197779595785.093,0.0478338849395072,0.05,0.956677698790145,0.843392178313306,0.769311672977954
0.197,19.9507201345988,3.28490205753713,-1.08280490785605,179.782574832493,726.330751872971,4695.4033545474,-2035.65751315855,-75787.9415532449,-6999999.95765086,-6999999.57747927,23015067.4833008,-98889459.5888525,-46030288201.5504,197778259896.584,0.0492798654012176,0.05,0.985597308024353,0.861408285079322,0.789972520535854
0.198,19.9499999014778,3.46701941085004,-0.358658177496531,184.438915083576,720.797011629813,4616.10717234927,-9031.82165368679,-82804.4228175854,-7000000.03426639,-6999999.9071185,-23015221.1789402,98888799.8524348,46030858415.8621,-197776747295.734,0.05000009852224,0.05,1.0000019704448,0.876269912301765,0.809318259057812
0.199,19.9499998875744,3.65375228800815,0.356455552992773,189.012455856028,708.263271420098,4529.81099030418,-16035.6574904674,-89787.94111636,-6999999.8262371,-6999999.48091469,23015637.3996497,-98887947.0972361,-46031677311.5689,197775062500.116,0.050000112425586,0.05,1.00000224851172,0.887924217937486,0.827244680827949
0.2,19.9507075027137,3.84501439282922,1.05553478109141,193.49620374271,688.72953139871,4436.51480870533,-23031.8214456458,-96804.4220607553,-7000000.0274916,-6999999.89676079,-23016040.3312704,98887115.0439677,83941956183.4319,-197773067836.147,0.0492924972862632,0.05,0.985849945725263,0.896328375411325,0.84365067495573
0.201,19.9521032639807,4.04071242913142,1.73158135722271,197.88315215143,662.197370991633,4336.21862729018,-30029.3391684763,-103787.940578297,-6981045.08973113,-6999999.31563544,60925916.0529888,-98885952.5365905,-159761691483.695,197770768945.599,0.0478967360192861,0.05,0.957934720385722,0.901449717302242,0.858438618137452
0.202,19.9541606406415,4.24074610073316,2.37760164489774,202.166307675013,628.681006384384,4228.92244646116,-37006.5482497658,-110804.421075687,-7000000.01941862,-6999999.8836984,-98835775.8149056,98884816.1466746,197671595873.421,-197767824862.213,0.04583935935851,0.05,0.9167871871702,0.903265839745633,0.871514750695416
0.203,19.9568461149148,4.44500811145336,2.98661013108164,206.338663721504,588.166221380389,4114.62626586868,-44023.0208919355,-117787.939855747,-6999999.99729684,-6999998.97998317,98835820.1358373,-98883008.5499628,199999885575.21,197764242901.094,0.0431538850852462,0.05,0.863077701704924,0.901764668920731,0.882789536439237
0.204,19.9601191725201,4.65338416511128,3.55160385660119,210.393226883722,540.668006065592,3993.33008614472,-50940.2696655604,-124804.419633124,-6801164.23437462,-6999999.86708201,298835707.145144,98881234.1854251,199999944638.038,-197758670447.57,0.0398808274799087,0.05,0.797616549598175,0.896944478983347,0.892178004981735
0.205,19.96393233182,4.86575296552692,4.0656822199804,214.322990570119,486.385293215595,3865.03390678366,-57558.6827227673,-131787.938661769,-6402328.55491097,-6999997.96812051,498835653.914159,-98877436.1860141,199999954503.13,197751117299.502,0.0360676681800172,0.05,0.721353363600343,0.888813884391573,0.899600075193997
0.206,19.9682313433428,5.08198621652086,4.52224347486341,218.120961373713,425.716918512071,3729.73772913772,-63678.2601253499,-138804.416828658,-5803492.92374521,-6999999.84565645,698835610.732736,98873681.0441957,199999953703.454,-134717775712.445,0.0317686566571922,0.05,0.635373133143844,0.877391858655856,0.904980858582139
0.207,19.9729555886217,5.30194862200261,4.9151847105498,221.780133229105,359.261717584147,3587.44417803338,-69099.0019183739,-145777.432796613,-5004657.3361604,-6968485.05246847,898835566.555648,-35844094.6346076,199999944866.103,8658658885.33066,0.0270444113782524,0.05,0.540888227565048,0.862707790773161,0.908250941465008
0.208,19.9780386790304,5.52549789078449,5.23910185194592,225.293525859224,287.818526017109,3438.17688941153,-73620.908147272,-152762.396786763,-4005821.79717102,-6999999.81766018,1098835513.08167,-27185435.814584,199999921551.225,54371095682.7729,0.0219613209695737,0.05,0.439226419391474,0.844801579296398,0.909346646733069
0.209,19.9834092546185,5.75248475321403,5.48948965951944,228.654154207766,212.386179346658,3281.91222721004,-77043.9788677143,-159766.927473203,-2806986.32331291,-6999999.7056334,1298835435.6723,27185659.9058689,199999844476.285,199999386909.401,0.0165907453815102,0.05,0.331814907630203,0.823723763575117,0.908210276990362
0.21,19.9889919829472,5.9827529448946,5.6629417292422,231.855019107598,134.16351304048,3118.65816407141,-79168.2141657725,-166720.00111786,-1408150.96540162,-6872814.35227301,1498835280.49573,227185047.065995,155132988451.07,199999685126.036,0.0110080170528484,0.05,0.220160341056967,0.799535691556881,0.904790320547139
0.211,19.9947087578623,6.21613922256387,5.75735011861063,234.889182938124,54.5474929989258,2948.54795320703,-79801.0919927804,-173445.889665848,168250.809320467,-6545629.46264403,1653968268.60662,427184732.527653,-199999834801.202,199999714968.025,0.00529124213767318,0.05,0.105824842753464,0.772309723371535,0.899041645196347
0.212,20.0004800941602,6.45247350327618,5.77209229202556,237.749936477434,-24.9021456586109,2771.90877952033,-78839.1903548325,-179744.593476477,1722219.16052718,-6018444.87263229,1453968432.84759,627184447.813806,-199999911614.523,199999654994.145,0.000480094160153044,0.05,0.00960188320306088,0.742129468210542,0.89092571496722
0.213,20.006226671211,6.69157919178967,5.70811644393815,240.430997688356,-102.646231787117,2589.26782760017,-76423.3202963162,-185416.112849419,3076187.63756786,-5291260.59732126,1253968519.78096,827184103.032527,-199999934492.977,199999387173.355,0.00622667121101728,0.05,0.124533424220346,0.709090034976547,0.880410854519854
0.214,20.0118708577644,6.93327370775091,5.56782177777258,242.926711718153,-177.33079691572,2401.3522817083,-72753.4817210716,-190260.44816405,4230156.19010276,-4364076.80070186,1053968583.50877,1027183490.28762,-199999942768.491,139929382049.62,0.0118708577644284,0.05,0.237417155288568,0.673298229541608,0.867472564586306
0.215,20.0173380654242,7.17736921279567,5.3548614654655,245.232250397545,-247.801872495178,2209.08682271339,-68029.6745627822,-194087.611655928,5184124.80222731,-3266928.61938923,853968638.834755,1167112872.25414,-199999943202.098,-199999417512.784,0.0173380654242195,0.05,0.346761308484389,0.634872637869448,0.852093887133475
0.216,20.0225579026171,7.4236735323382,5.07394264753392,247.343795891662,-313.105489915701,2013.55193217998,-62451.8987647601,-196804.317075408,5938093.46946075,-2199815.4558913,653968693.827227,967113454.499152,-199999935315.078,-199999690987.279,0.0225579026171445,0.05,0.45115805234289,0.593943583859363,0.834265816621669
0.217,20.0274651285614,7.67199121994173,4.73062643313253,249.258617661204,-372.487680511686,1815.80055956028,-56220.1542706835,-198553.909085819,6492062.19562986,-1332701.84688566,453968757.050639,767113763.144391,-199999908757.374,-199999764937.618,0.0274651285614205,0.05,0.549302571228409,0.550652962198109,0.813987735075356
0.218,20.0320004072354,7.9221245964929,4.33112790011088,250.974949447521,-425.394475557435,1616.69981844891,-49534.4410143958,-199536.387345198,6846030.99830092,-665587.966210052,253968847.42992,567113997.776329,-199999759888.903,-199999775828.525,0.0320004072354436,0.05,0.640008144708872,0.505153947192329,0.791267803053429
0.219,20.0361108613465,8.17387461684319,3.8821160950819,252.491792105706,-471.471906244841,1416.91682272311,-42594.7588854374,-199951.751608371,6999999.96578518,-198473.856348089,53969087.5341759,367114221.545526,-107938579828.482,-199999718150.691,0.03611086134649,0.05,0.7222172269298,0.457610579040514,0.766123247026439
0.22,20.0397504264274,8.42704153692286,3.39051480071588,253.808713604847,-510.562167719546,1216.91868649481,-35585.7641389387,-200000.001640155,6999999.7634049,68640.5061218239,-53969492.2451202,167114503.140972,107937911772.195,-199999407221.019,0.0397504264274282,0.05,0.795008528548564,0.408197229533316,0.738580531652718
0.221,20.0428800126494,8.68142538085498,2.86332504868276,254.925649028272,-542.652429449582,1016.97252414199,-28594.7594694534,-199881.137117086,6999999.22704579,135755.305652144,53968419.5190512,-32884904.1690127,-107935808986.739,-199997732093.636,0.042880012649384,0.05,0.85760025298768,0.357097952583738,0.708675416377281
0.222,20.0454675297555,8.9368262080699,2.30754324056841,255.842700573896,-567.742691857856,817.145450546802,-21585.7653339182,-199795.157218925,6999999.74207126,2871.5354362588,-53967389.4206573,-232882636.273775,107933272711.569,199978097431.427,0.0454675297555269,0.05,0.909350595110539,0.304505744281141,0.676452896420781
0.223,20.0474878874884,9.19304418097567,1.73017297372118,256.559940888258,-585.832954624618,617.321247668519,-14594.7604075599,-199875.397318748,6999998.98900633,-130022.052121805,53965883.2806582,-32904538.8328887,-107930331085.619,199988677948.721,0.0474878874884155,0.05,0.94975774976831,0.250621759904057,0.641967028900661
0.224,20.0489229955902,9.44987946485029,1.13821064973934,257.077303063055,-596.923218276681,417.383688020122,-7585.76686523258,-199988.540193958,6999999.70674398,-62932.2519803205,-53964447.7608676,167084139.118584,107926331814.519,-192419086980.396,0.0489229955901607,0.05,0.978459911803213,0.195654500567055,0.605280657547302
0.225,20.0497617638021,9.7071321271797,0.538659865642774,257.394687350981,-601.013482387497,217.383511519182,-594.76166022298,-200000.000224177,6999998.42489033,7942.3436480565,53961884.0406486,-25334947.8630124,-107921301345.762,28376377018.3804,0.0497617638020884,0.05,0.995235276041768,0.139818972957664,0.566465103278095
0.226,20.0500001018648,9.96460217345505,-0.0614829770373133,257.512071367111,-598.103747864684,17.3844422489049,6414.23082328908,-199999.995958283,6999999.65825793,-3204.41570576556,-53959417.2642139,3041429.15530698,107912767307.428,10075017987.552,0.0500001018648462,0.05,1.00000203729692,0.0833358255374699,0.525599875919134
0.227,20.0496409275677,10.2220896039592,-0.655214286943717,257.429455487933,-588.19401404104,-182.61622929563,13405.2362342746,-200000.000489723,6999996.62464741,4874.52244330739,53953350.0274633,13116447.1443001,-107900750910.505,139219686127.569,0.0496409275676868,0.05,0.992818551353736,0.0264304646765025,0.482772362632495
0.228,20.0486941425946,10.4793944188476,-1.2355376630001,257.146841777219,-571.284283093896,-382.605805704958,20414.226075576,-199965.364462696,6999999.59921948,87600.8126514134,-53947400.8451413,152336133.266228,60640608903.9496,-199993518298.083,0.0486941425945666,0.05,0.973882851891332,-0.0306678457500799,0.438077465700614
0.229,20.0471766566109,10.7363166351458,-1.79544990413905,256.664272569653,-547.376521721919,-582.5103135445,27397.3587426332,-199834.927836442,6976372.50282631,139940.186768615,6693208.04049994,-47657385.0549677,33868092981.5423,-199996136607.228,0.0471766566108869,0.05,0.943533132217738,-0.0877268977335219,0.391617216299954
0.23,20.0451123756059,10.992656352236,-2.32796445192699,255.981864462491,-516.488449986326,-782.291547432639,34382.7225317381,-199752.149031585,6999999.75735745,-7715.26658999395,40561301.0573866,-247653521.682967,-199998521379.307,196758820078.003,0.0451123756058891,0.05,0.902247512117782,-0.144512463214368,0.343500380256552
0.231,20.0425321892582,11.2482137771308,-2.82609484601979,255.099686874505,-478.607300596318,-982.080631475186,41369.6698528082,-199850.897922257,6940561.79772538,-156989.378234066,-159437220.491873,-50894701.5734506,-199999538501.251,199998933036.206,0.0425321892581536,0.05,0.850643785163072,-0.200789227361609,0.293842022381406
0.232,20.039473973439,11.5027891088617,-3.28286885676169,254.017654174084,-433.802255996182,-1182.01017332242,48197.1797839379,-200000.001495662,6681124.80798299,-107884.613289637,-359436759.287791,149104231.626517,-199999665493.179,199999606397.05,0.0394739734390086,0.05,0.789479468780172,-0.256321717829722,0.242762991544237
0.233,20.0359825115732,11.7561824219835,-3.6914756408442,252.735633897236,-382.33275322333,-1382.03093317651,54665.2529347493,-200000.000725456,6221688.21594865,141219.421535262,-559436425.133151,349103838.334381,-199999692983.593,199999726870.492,0.0359825115732058,0.05,0.719650231464115,-0.310875264298439,0.190389383910643
0.234,20.032109234877,12.0081937164945,-4.04546379175627,251.253642711362,-324.658228876218,-1581.89380696959,60573.8896560099,-199650.896097039,5562251.94432367,590323.123304883,-759436118.471934,549103565.574153,-199999675441.822,199999732471.043,0.0321092348770478,0.05,0.642184697540955,-0.36421702383714,0.136852052444916
0.235,20.0279117629218,12.2586231669463,-4.33894133941912,249.572046387735,-261.438119226861,-1781.14969099459,65723.0902618884,-198752.68790227,4702815.98813076,1239426.55511465,-959435794.229452,749103298.375781,-199999610694.787,199999660542.553,0.0279117629217573,0.05,0.558235258435147,-0.416117075196263,0.0822861774063115
0.236,20.0234532441972,12.5072715715464,-4.56677574986783,247.691759801192,-193.531860227991,-1979.14948182236,69912.8550844758,-197105.376421249,3643380.38855381,2088529.68376187,-1159435405.16924,949102959.142284,-199999451087.928,199999373941.544,0.0234532441972419,0.05,0.469064883944839,-0.466349577667475,0.0268308996968339
0.237,20.0188014966761,12.7539410012624,-4.72479392491493,245.614446929853,-121.998887469797,-2175.0440763391,72943.1845286076,-194508.962028936,2383945.25784048,3137632.32987512,-1359434856.4109,1149102333.16215,-199998931616.388,-96773146763.9738,0.0188014966760903,0.05,0.376029933521806,-0.514693989782793,-0.0293709816502052
0.238,20.0140279483781,12.9984356485126,-4.80998220173588,243.342718381622,-48.0986360546568,-2367.79673743223,74614.0792029745,-190812.907390256,924510.935621256,4238348.08965547,-1559433788.07915,1052329186.3205,-34069014670.2498,-199999357864.375,0.0140279483780539,0.05,0.280558967561078,-0.560936342898805,-0.0861732469721647
0.239,20.0092063781654,13.2405628518066,-4.82068496949056,240.880263759598,26.7163734634401,-2556.32341595572,74753.195075437,-186081.727933705,-651957.359793147,5190677.59704392,-1593502802.69811,852329828.240344,199998898352.949,-199999641443.233,0.00920637816538772,0.05,0.184127563307754,-0.60487056441731,-0.143426437019647
0.24,20.0044114702307,13.4801341636828,-4.75676538357599,238.23179843684,100.886339365373,-2739.67608350603,73337.8194640047,-180498.218696042,-2145460.71331489,5943007.60456272,-1393503904.1981,652330186.489013,199999416584.004,-199999705756.662,0.00441147023071764,0.05,0.0882294046143528,-0.646299839992789,-0.20097802926362
0.241,19.9997172704063,13.7169662941679,-4.61962410359187,235.402889255951,172.927511148969,-2917.10241009004,70528.9400346652,-174262.379282427,-3438964.90922108,6495337.93817337,-1193504487.38675,452330480.405182,199999573912.771,-199999676894.097,0.000282729593671149,0.05,0.00565459187342299,-0.685037974513764,-0.258672674908006
0.242,19.9951957120719,13.9508818629624,-4.41205334235397,232.399755389706,241.546384646511,-3088.05006537551,66526.5561440397,-167574.209383407,-4532469.6096515,6847668.58013133,-993504913.189285,252330803.265096,199999634958.021,-199999375621.391,0.00480428792810272,0.05,0.0960857585620545,-0.720910680365082,-0.316352521840396
0.243,19.9909153229754,14.1817099517718,-4.13803881712399,229.229068341367,305.64945516671,-3252.1667187066,61530.6673502503,-160633.70863076,-5425974.70536178,6999999.69558539,-793505277.919048,52331427.6056642,199999646633.829,-104662611294.463,0.00908467702456051,0.05,0.18169354049121,-0.753756744210109,-0.373857625414312
0.244,19.9869401317286,14.4092864567692,-3.80255975006126,225.897752739544,364.343217616918,-3409.29606658997,55741.2732803261,-153624.986989743,-6119480.15996387,6999999.81754359,-593505630.981556,-52331183.6231676,199999609827.482,29944104549.4236,0.0130598682713767,0.05,0.261197365427535,-0.783429060607247,-0.431026445227627
0.245,19.9833287743017,14.6334542489259,-3.4113888686013,222.412808911245,416.934166541934,-3559.42852792519,49358.3735733783,-146646.162079716,-6612985.98603159,6962640.68619514,-393506020.900882,-22387079.1075864,199999470801.182,119492478485.933,0.0166712256983104,0.05,0.333424513966207,-0.809795528592862,-0.487696422672602
0.246,19.980133800518,14.8540631929783,-2.97089240581667,218.781217801237,462.928796107803,-3702.59212204812,42581.967821978,-139674.799519766,-6906492.27153173,6999999.84633025,-193506549.944043,97105399.4480722,199998698390.267,-194214394947.332,0.0198661994820242,0.05,0.397323989640483,-0.832739808040577,-0.543704616761869
0.247,19.9774011805481,15.0709701281342,-2.48783010084411,215.009957369328,502.033599991224,-3838.75882973597,35612.0553918003,-132658.616039286,-6999999.47228042,6999998.04830463,6492148.45257521,-97108995.5316209,-12983291185.9212,194221630838.412,0.0225988194518969,0.05,0.451976389037938,-0.852161933167704,-0.59888835493731
0.248,19.9751700111078,15.2840388877892,-1.96915697440033,211.106033465657,534.146196709711,-3967.925539072,28613.1381118222,-125674.802216667,-6999998.96942075,6999999.86819192,-6491142.74930082,97112635.3853663,12990033955.2959,-194226952646.858,0.0248299888922041,0.05,0.496599777844082,-0.867978781245941,-0.653085865810608
0.249,19.973472404534,15.4931403052339,-1.42187103441313,207.076439615148,559.258794741907,-4090.09224875941,21612.0585766484,-118658.617189261,-6999995.09519239,6999999.02725382,6498891.21170224,-97114317.2950761,-13005653481.4163,194230350364.428,0.0265275954660318,0.05,0.530551909320636,-0.880124401668404,-0.706136912291595
0.25,19.9723334734249,15.6981522137583,-0.852972710987814,202.928182291465,577.37139702347,-4205.25895927576,14613.1453180828,-111674.803595277,-6999999.03072133,6999999.88514062,-6506762.28609085,97116033.1565228,13019568154.053,-194233133769.798,0.0276665265751355,0.05,0.553330531502709,-0.888550238847343,-0.757883419281762
0.251,19.9717713303824,15.8989594466518,-0.26946156768425,198.668255019726,588.484000852905,-4313.42567002058,7612.06283478467,-104658.617882182,-6999996.00893038,6999999.35141219,6512805.87319022,-97117100.6483275,-13031732636.6576,194235295458.799,0.0282286696176079,0.05,0.564573392352159,-0.893225280038012,-0.808170091316959
0.252,19.9717970880105,16.0954538372035,0.321661964005614,194.303664273986,592.596608166018,-4414.59238132145,613.151273281854,-97674.8045314929,-6999999.06937545,6999999.89849288,-6518926.78011464,97118194.905955,13043109811.4666,-194237164341.548,0.0282029119895064,0.05,0.564058239790128,-0.894136133544321,-0.856845017698169
0.253,19.9724148589162,16.2875342187017,0.913398320926995,189.841403579365,589.70921688269,-4508.75909279912,-6387.93340798634,-90658.6183958943,-6999996.44124981,6999999.51122799,6524183.03624322,-97118969.4723347,-13053665067.2072,194238734728.921,0.0275851410838293,0.05,0.551702821676585,-0.891287037271904,-0.903760262767374
0.254,19.9736217557082,16.4751064244348,1.4987470705588,185.288479410138,579.821828717168,-4595.92580469746,-13386.8433686345,-83674.8052465533,-6999999.09074711,6999999.90911971,-6529482.04773988,97119765.3599745,13063900089.4063,-194240139090.61,0.0263782442917631,0.05,0.527564885835261,-0.884699797772304,-0.948772439028446
0.255,19.9754078909982,16.6580832876907,2.070708650254,180.651885291397,562.934441886316,-4676.09251674241,-20387.9298837965,-76658.6188108573,-6999996.62275012,6999999.60493431,6534418.04635767,-97120373.7692524,-13073786395.9968,194241372890.435,0.0245921090017625,0.05,0.491842180035249,-0.874413660190621,-0.991743260907793
0.256,19.9777563773994,16.8363846417571,2.62228262669438,175.93862769757,539.047058019781,-4749.25922912813,-27386.8382619955,-69674.8058302318,-6999999.09790169,6999999.91760983,-6539368.36641175,97120999.2320292,13083669340.2061,-194242503213.282,0.0222436226005627,0.05,0.444872452011253,-0.86048510980496,-1.03254007701001
0.257,19.9806433275277,17.0099373199215,3.14646943781145,171.155700153711,508.159675466165,-4815.42594164035,-34387.9264325963,-62658.6191630989,-6999996.63159798,6999999.66523516,6544300.97841164,-97121504.0218378,-13093523703.247,194243526314.933,0.0193566724723055,0.05,0.387133449446111,-0.842987606109435,-1.07103637883519
0.258,19.9840378540005,17.178675155471,3.63626864961743,166.310109134363,470.272295869424,-4874.59265444163,-41386.8331677278,-55674.8063283657,-6999999.09247112,6999999.92437029,-6549222.74148319,97122022.4107821,13103661953.3876,-194244481413.217,0.0159621459994632,0.05,0.319242919989264,-0.822011250660369,-1.10711228400128
0.259,19.9879020694381,17.3425389816928,4.0846807007025,161.40884816454,425.384917601744,-4926.75936735513,-48387.922927982,-48658.6194725561,-6999996.48423589,6999999.70607438,6554439.21656429,-97122459.0449406,-13114060122.2145,194245365313.26,0.0120979305619002,0.05,0.241958611238005,-0.797662390158992,-1.14065499214128
0.26,19.9921910864622,17.5014766318736,4.48470515648654,156.458923718876,373.497542415719,-4971.92608052245,-55386.8278693668,-41674.8067679706,-6999999.07508037,6999999.92968557,-6559620.92206108,97122906.3920689,13125086110.8111,-194246203491.576,0.00780891353778657,0.05,0.156178270755731,-0.770063156499864,-1.17155921173653
0.261,19.9968530176974,17.6554429393001,4.82934245632958,151.467329322347,314.610168613212,-5010.09279379162,-62387.919240625,-34658.6197518456,-6999996.15294701,6999999.73433176,6565465.19355915,-97123297.1441105,-13136715570.3833,194246993132.396,0.00314698230258514,0.05,0.0629396460517029,-0.739350945753995,-1.19972755628694
0.262,20.00182897577,17.8043997372588,5.11159216510891,146.441071449662,248.722798172421,-5041.25950729009,-69386.8221136371,-27674.807166729,-6999999.04553857,6999999.93375333,-6571250.3928962,97123696.117689,13149496024.6185,-194247752314.983,0.00182897577002095,0.05,0.0365795154004189,-0.705677838295802,-1.22507090832337
0.263,20.0070530733093,17.9483158590359,5.32445472312463,141.387143625759,175.83542921787,-5065.42622088284,-76387.9152017662,-20658.6200097928,-6999995.54791914,6999999.75371343,6578245.63677741,-97124056.2443813,-13163401193.5357,194248478475.599,0.00705307330927951,0.05,0.14106146618559,-0.66920996250496,-1.24750874991824
0.264,20.0124524229464,18.0871671379178,5.46092969475334,136.312552325409,95.9480641353198,-5082.59293468797,-83386.8155271285,-13674.807537272,-6999999.00287907,6999999.93670631,-6585155.57239944,97124422.3658749,13179446140.0396,-194249185557.01,0.01245242294641,0.0502766503037737,0.247678054746526,-0.630126804695201,-1.26696945846561
0.265,20.017947137316,18.2209364071902,5.51401752151683,131.224291073512,9.06070071776847,-5092.75964858208,-90387.9105334971,-6658.62025311955,-6999994.43538144,6999999.76629358,6594290.57302808,-97124763.2411148,-13197600931.0728,194249871146.986,0.0179471373159892,0.0516956767774341,0.347169017503285,-0.588620468122495,-1.28339056666227
0.266,20.0234503290548,18.3496135001393,5.47671776736286,126.129366344898,-84.8266578922324,-5095.92636267749,-97386.8074238044,325.192110605164,-6999998.94527388,6999999.93862541,-6603310.37317288,97125108.0453394,13220324113.7745,-194250546955.881,0.023450329054846,0.0540494460043026,0.433868074299582,-0.544894884123773,-1.29671898574455
0.267,20.0288681108039,18.4731952500505,5.34203087555858,121.034771664425,-185.71401450129,-5092.09307685847,-104387.904636967,7341.37951262425,-6999992.09359016,6999999.77319272,6617013.74639926,-97125438.9638388,-13247579929.0109,194251210636.449,0.0288681108039448,0.0570723289201516,0.505816239676033,-0.499164978612819,-1.30691119120377
0.268,20.0340995952071,18.5916854902096,5.10295640986874,115.947513506972,-293.601364340135,-5081.25979123459,-111386.796153723,14325.1917686399,-6999998.86980821,6999999.93954653,-6630566.19715443,97125771.8164375,13289086788.1017,-194251872963.73,0.0340995952070955,0.0605391370925866,0.56326529984966,-0.451655797333898,-1.31393337033187
0.269,20.0390368949139,18.705095053902,4.75249481651586,110.874585397359,-408.488711319838,-5063.42650569462,-118387.89545888,21341.3792824664,-6999984.89261131,6999999.77488102,6658520.59722137,-97126101.2043621,-13344800095.1763,194252531572.932,0.0390368949138988,0.0642616591062976,0.607467896982343,-0.40260159342084,-1.31776153112199
0.27,20.0435651225783,18.8134417744129,4.28364566053029,105.822993810511,-530.376045513997,-5038.59322034814,-125386.775224586,28325.1914292054,-6999998.77206162,6999999.93946255,-6686279.51184978,97126430.5162764,41288287282.7427,-194253197392.829,0.043565122578304,0.0680852286301431,0.639861588994013,-0.352244880956825,-1.31838157218139
0.271,20.0475623909038,18.9167504850275,3.68940962730401,100.799732271203,-659.262214168672,-5006.75993508562,-132383.23575523,35341.3790515559,-6986040.9079321,6999999.77128234,34602007.777713,-97126766.9381955,-97120839573.6163,194253867953.591,0.0475623909037637,0.071885355179076,0.661642288408806,-0.300835458329855,-1.31578931348928
0.272,20.0508998147683,19.0150530190308,2.96279208831149,95.8118072544019,-795.136750088,-4967.92665001953,-139368.162465905,42325.1910845527,-6999999.31994114,6999999.93832043,-62518831.8091672,97127101.1668408,199996833787.875,-194254555517.74,0.0508998147683286,0.0755644455772245,0.673594762450955,-0.24862940450801,-1.30999048796633
0.273,20.0534415186932,19.1083882097078,2.09680365282843,90.8662122848382,-938.006998827849,-4922.0933650393,-146366.088396152,49341.3788147225,-6962519.73485646,6999999.76172835,137478002.055108,-97127454.4172278,199998984102.308,194255257404.615,0.0534415186932122,0.0790486410500209,0.676058664429097,-0.195888050972971,-1.30100069399781
0.274,20.0550446359655,19.196801890343,1.0844605853644,85.9699538375181,-1087.82310081042,-4869.26008026357,-153226.535965993,56325.190725988,-6725042.24075025,6999999.93601284,337476986.290956,97127803.1417568,199999272263.779,-194255988847.145,0.0550446359655439,0.0822847917519336,0.668952728609784,-0.142876938820143,-1.28884530918509
0.275,20.055559370273,19.2803468942212,-0.0810808950842059,81.1300254371195,-1244.34757843997,-4809.42679557767,-159749.506501578,63341.3785659333,-6287565.61832742,6999999.74473099,537476258.716889,-97128185.7773341,199999342828.433,194256746817.68,0.0555593702730377,0.0852375874002409,0.651817724640112,-0.0898647372324132,-1.27355936577322
0.276,20.0548292335944,19.3590830546268,-1.40632709244897,76.3534335586873,-1407.14295507906,-4742.59351111079,-165735.000766762,70325.1903427375,-5650089.68819631,6999999.93236191,737475601.71174,97128561.1973731,199999317520.558,-194257552270.678,0.0548292335943721,0.0878868595620079,0.623861563237309,-0.037122082862083,-1.25518738833132
0.277,20.0526914836758,19.4330772048441,-2.89724683438416,71.6471717268394,-1575.57175479564,-4668.76022674032,-170983.019434532,77341.3782974664,-4812614.42772426,6999999.71742394,937474919.382894,-97128991.1514168,199999196362.482,194258401637.542,0.0526914836758081,0.0902250680576487,0.584000486895075,0.0150796642976547,-1.23378319443087
0.278,20.0489777615071,19.5024031781571,-4.55907147294869,67.0182464166576,-1748.79650233531,-4587.92694261222,-175293.563203182,84325.1899200536,-3775139.91016007,6999999.92709071,1137474115.8644,97129410.6452401,199998888007.503,-194259327010.251,0.0489777615071283,0.0922549809259566,0.530895578922049,0.0664697436009173,-1.20940965918983
0.279,20.0435149287969,19.5671418078498,-6.39609488531317,62.4736511526882,-1925.77972319836,-4500.09365859065,-178466.632907416,91341.3779984156,-2537666.35029187,6999999.67423085,1337473003.94798,-97129916.4498579,199997876237.071,194260323986.079,0.0435149287969168,0.0939875544668604,0.462986073462098,0.116779389586338,-1.18213844471199
0.28,20.036126105447,19.627380927206,-8.41147347461378,58.0203924100483,-2105.28394387989,-4405.26037484835,-180302.229776363,98325.1894355187,-1100194.40822529,6999999.91977346,1537470880.21124,97130407.6968961,77990450206.4187,-194261448247.41,0.0361261054470141,0.0954400170628062,0.378521573641805,0.165743295277816,-1.15204969556546
0.281,20.0266319068565,19.6832153695092,-10.6070271879499,53.6654637131946,-2285.87677612271,-4303.42709122805,-180620.690336113,105341.377651513,476271.697089224,6999999.6033467,1615461330.39146,-97131040.6426745,-199997887279.246,194262694085.363,0.0266319068565188,0.0966341577994485,0.275595166998712,0.213101136944766,-1.11923170159643
0.282,20.0148518710097,19.7347469680429,-12.9830692865181,49.4158715372765,-2465.99842031162,-4194.59380794741,-179370.020955035,112325.188850612,1991734.08384112,6999999.90974615,1415463443.03559,97131653.6040966,-199998900043.111,-194264175752.489,0.0148518710097179,0.0975948183817059,0.152178888756474,0.258599150195496,-1.08378052947882
0.283,20.0006060021648,19.7820845560901,-15.5383634508668,45.2786094066304,-2644.14499694943,-4078.76052481355,-176703.888299672,119341.377224904,3307198.07685521,6999999.47547409,1215464542.87183,-97132522.2482317,-199999210323.686,194265885424.912,0.000606002164765584,0.0983485844907633,0.00616177820863806,0.301991722208044,-1.04579962454081
0.284,19.9837162633669,19.8253439669336,-18.2702602149097,41.2606837964285,-2819.00104209821,-3955.92724212776,-172822.291153087,126325.188087169,4422663.01456523,6999999.89593778,1015465332.3943,97133363.3379426,-199999335081.356,-194268131134.493,0.016283736633067,0.0989226705681535,0.164610766566884,0.343042927648132,-1.00539938450217
0.285,19.9640078915264,19.8646480338561,-21.1748946480994,37.3690882308279,-2989.45109083835,-3826.09395963428,-167925.228694818,133341.376643237,5338128.67941886,6999999.19370861,815465997.141122,-97134767.9045731,-199999367586.526,194271112079.543,0.0359921084736108,0.0993439900593362,0.3622977942814,0.381527952605931,-0.962696706883204
0.286,19.9413105128831,19.9001265901396,-24.2473863545881,33.610829184989,-3154.57967751152,-3689.26067781755,-162212.700244736,140325.186971962,6053594.9927667,6999999.98184329,615466629.384368,97136344.3354127,-199999314248.695,-199999678108.428,0.0586894871169008,0.0996384014138735,0.589024776432523,0.417234392482645,-0.917814511925021
0.287,19.9154590584439,19.9319164652062,-27.4820394725209,29.9929001374955,-3313.67133580344,-3545.42763470427,-155884.705156291,147340.421846545,6569061.96502667,6997136.48712519,415467314.99087,-102863334.318298,-199999087678.97,-199999890922.75,0.0680835347938249,0.0997395339518904,0.682613323886847,0.449963418875393,-0.870881242976694
0.288,19.8862944795345,19.9601614951666,-30.8725426734171,26.5223029421749,-3466.21059873017,-3394.61412174864,-149141.242715016,154252.793351582,6884529.73617797,6794273.20734593,215468227.220555,-302863226.236714,-199997814263.905,-199999921375.841,0.0398385048333623,0.0995335407038878,0.40025206128135,0.479530811189806,-0.822030346756137
0.289,19.8536642631811,19.9850124766309,-34.4121691614172,23.2059333038798,-3611.88199845801,-3237.02300224157,-142182.311834236,160862.301625771,6999999.05626645,6391410.02042144,15470412.9509026,-502863148.833943,-30941983324.7634,-199999928652.899,0.014987523369129,0.0992361401436992,0.151028882697637,0.505767849253703,-0.771399748460519
0.29,19.8174227478409,20.0066269671486,-38.0939752633368,20.0503840642275,-3750.5630216208,-3073.05713937249,-135179.734568675,166968.94675049,6999998.47755492,5788546.90726099,-15471570.3617917,-702863078.743211,30932333846.5812,-199999925383.632,0.00662696714864097,0.0988260344226774,0.067056896366979,0.528522063855171,-0.719131377073026
0.291,19.7774312528116,20.0251688823464,-41.9109618735877,17.0617452016837,-3882.24404670772,-2903.31939625566,-128182.316487282,172372.728797602,6999993.07411642,4985683.86582573,15460763.4797318,-902863005.26236,-30910408054.4343,-199999911293.926,0.0251688823464278,0.0982801851543932,0.256093151502398,0.547657847916109,-0.665370754695906
0.292,19.7335580970674,20.0408078930643,-45.8561300273693,14.2454038316365,-4006.92507780655,-2728.61263593268,-121179.744766054,176873.647842332,6999998.63356888,3982820.90491606,-15449644.5620733,-1102862917.45064,30892571684.2024,-199999875799.609,0.0408078930642688,0.0975742648856872,0.418223935502636,0.563056956094474,-0.610266651583459
0.293,19.6856785995777,20.0537186224928,-49.9224786984463,11.6058442064716,-4124.60611101453,-2549.93972136326,-114182.322192768,180271.703975938,6999995.2748489,2779958.04956517,15442927.1177147,-1302862793.81895,-30878899550.1209,-199999759548.612,0.0537186224927808,0.0966832559929739,0.555614536778577,0.574618927404276,-0.553970808069795
0.294,19.6336750793089,20.0640796433101,-54.1030089196511,9.14644771566624,-4235.28714837753,-2368.50351539729,-107179.751937565,182366.897335349,6999998.7521915,1377095.37597144,-15435972.4192682,-1502862553.56184,30867121668.3974,-147215067144.468,0.0640796433101478,0.0955822093078025,0.670413916713232,0.5822614365511,-0.49663772431948
0.295,19.5774368552238,20.0720722748926,-58.3907196646574,6.86929332580324,-4338.96818747856,-2185.7046813422,-100182.326651248,182968.025589995,6999996.34060641,-199374.711163098,15431149.2453033,-1650077620.51271,-30857293609.786,199999756944.535,0.0720722748926228,0.0942471734615165,0.764715505468732,0.585920572901813,-0.438424518530601
0.296,19.5168602462831,20.0778791852595,-62.7786119648385,4.77497235079703,-4435.64922982894,-2003.10302263943,-93179.7576182268,181976.945361345,6999998.84304676,-1749452.45320396,-15426144.3508948,-1450077863.00779,30848508079.0632,199999873078.356,0.0778791852594978,0.0926563044931637,0.840516850801488,0.585551046171137,-0.379490852138863
0.297,19.4518485714446,20.0816828473808,-67.2596847940168,2.86250748360626,-4525.33027370175,-1822.23414974271,-86182.3304292794,179535.78728873,6999996.95273538,-3099530.37967291,15422363.7248654,-1250077989.05676,-30840808248.2703,199999908351.271,0.0816828473807796,0.0907911635952769,0.899678384395427,0.581126318198138,-0.319998902579766
0.298,19.3823121496641,20.0836640176251,-71.8269391825867,1.12947423280969,-4608.0113203004,-1644.44814057304,-79179.7624293242,175844.55123247,6999998.91233606,-4249608.41455425,-15418444.5094269,-1050078079.60695,30833733444.7694,199999922067.453,0.083664017625054,0.0886382089864497,0.943882086311604,0.572638660478668,-0.260113317458265
0.299,19.3081682998952,20.0840003861639,-76.4733741045827,-0.42780197099501,-4683.69236828085,-1470.89507316415,-72182.3337836085,171103.237098313,6999997.33454899,-5199686.53312752,15415288.9324974,-850078156.331631,-30827318753.3273,199999924702.801,0.084000386163865,0.0861904858088114,0.974590006955007,0.560099137413651,-0.200001091313949
0.3,19.2293413410896,20.0828654268936,-81.1919905896775,-1.81404577528769,-4752.37341865883,-1302.52502563482,-65179.7666909824,165511.844807633,6999998.96410476,-5949764.72710761,-15412029.8065514,-650078230.456106,30821290507.7636,199999916257.277,0.0828654268936191,0.0834495156672492,0.993000693066223,0.543537515525262,-0.139831354803151
0.301,19.1457625921971,20.0804274473575,-85.9757876121405,-3.03483190570538,-4814.05447032316,-1140.08807618016,-58182.3368599889,159270.374284481,6999997.5795521,-6499842.99943471,15409260.6987579,-450078313.231108,-30815678559.9773,199999883203.146,0.0804274473575397,0.0804273849709008,1.00000077568901,0.523002099185222,-0.0797750771588202
0.302,19.0573703719931,20.0768488436953,-90.817766200971,-4.09638516926173,-4868.73552417341,-984.134303074545,-51179.7705964409,152578.825442086,6999999.00097081,-6849921.37106363,-15406417.8467158,-250078429.457629,30810300544.8075,199999664160.036,0.0768488436953447,0.0771490286181948,0.996109025243394,0.498559493686528,-0.0200046833186134
0.303,18.9641099995965,20.0722855354781,-95.7109253306869,-5.00538044815158,-4916.41657924606,-835.013784699814,-44182.3397542283,145637.198133425,6999997.73339647,-6999999.96844036,15403882.6959138,-50078765.3364464,-30805181846.8938,100158874438.023,0.0722855354780663,0.0736547028552072,0.981410998564036,0.470294296775569,0.0393064125554717
0.304,18.8659337939523,20.0668866305779,-100.648266029933,-5.76874353505713,-4957.09763637135,-692.880759695112,-37179.7742763829,138628.851927814,6999999.02516887,-6999999.29655769,-15401299.1363365,50080109.1012099,30800194200.3479,-100161293439.699,0.066886630577919,0.0700026381750837,0.955487283359646,0.438308720039295,0.0979843550626511
0.305,18.7628010740035,20.0607942616021,-105.622787273487,-6.39347526694639,-4990.77869467861,-557.747734094751,-30182.3425350059,131637.199136648,6999997.82313268,-6999999.83417613,15398895.0620413,-50081184.3793513,-30795359068.0321,100163183682.135,0.0607942616021333,0.0662718602947066,0.917346537908928,0.402722141816668,0.155855471462325
0.306,18.6546781586916,20.0541435615753,-110.627490089601,-6.88657230468637,-5017.4597549606,-429.614708256433,-23179.77782411,124628.852573969,6999999.03866064,-6999999.4267143,-15396463.991289,50081999.3008783,30790577738.0366,-100164835965.441,0.0541435615753194,0.0625651641225064,0.865394702222838,0.363670593567647,0.212746946182631
0.307,18.5415383669565,20.0470626635224,-115.655373453329,-7.25503798668493,-5037.14081640249,-308.481681919926,-16182.3452544115,117637.200007312,6999997.86353834,-6999999.84539593,15394113.7449054,-50082836.7065591,-30785869235.5113,100166388053.902,0.0470626635223965,0.0590122225969444,0.797507049409682,0.321306181892162,0.268487499670984
0.308,18.4233620177368,20.0396727004687,-120.699438392574,-7.50586897375736,-5049.82187978401,-194.348655370027,-9179.78131212944,110628.853141302,6999999.04266542,-6999999.48807543,-15391755.4759239,50083551.3447197,30781148907.1102,-100167828998.629,0.0396727004687278,0.0557728091801638,0.711326918114748,0.275796448637841,0.322908059653299
0.309,18.3001364299692,20.0320878054399,-125.752683882686,-7.64606860445495,-5055.50294431892,-87.2156283737423,-2182.34795564036,103637.200790463,6999997.86164302,-6999999.85122981,15389393.4293958,-50084277.6962672,-30776434479.9406,100169232780.438,0.0320878054399465,0.0530401097117235,0.604972456021412,0.227323671775029,0.375842422005284
0.31,18.171855922589,20.0244151114621,-130.80811095125,-7.68263353952552,-5054.18401079513,12.9173988246759,4820.21519704745,96628.8536722455,6999999.03783238,-6999999.51253574,-15387041.0359572,50084955.0815596,30771644947.4,-100170590857.11,0.0244151114620763,0.0510440962854604,0.478314109540437,0.176084109942485,0.427127898662603
0.311,18.0385218145299,20.0167547515614,-135.858718573936,-7.62256711763014,-5045.86507843247,106.050426449232,11817.6493219293,89637.2015385081,6999997.8192701,-6999999.85288252,15384603.9096312,-50085635.817597,-30766797660.1399,100171954787.722,0.0167547515613933,0.0500549328362538,0.334727280849694,0.12228719378381,0.476605950043065
0.312,17.9001424247243,20.0091998587645,-140.897507778035,-7.47286599943649,-5030.54614804798,192.183454273371,18820.2116436196,82628.854193253,6999999.02434959,-6999999.51130614,-15382193.7360866,50086318.9681437,30761806338.0717,-100173317287.943,0.00919985876453921,0.05,0.183997175290784,0.066154667394615,0.52412279953253
0.313,17.7567330721026,20.0018365660984,-145.917477539567,-7.24053352369619,-5008.22721884654,271.31648252546,25817.6465388986,75637.2022882939,6999997.73378251,-6999999.85098176,15379612.6000832,-50086998.360964,-30756688789.4939,100174724350.705,0.00183656609841876,0.05,0.0367313219683751,0.00791968339067529,0.569530027651954
0.314,17.608316075594,19.9947440065903,-150.911628885543,-6.9325663509834,-4978.90829169752,343.449510981601,32820.2079642562,68628.8547252753,6999999.00198778,-6999999.48716727,-15377076.1752216,50087725.9889102,30751343443.366,-100176169239.134,0.00525599340967631,0.05,0.105119868193526,-0.0521741447205814,0.612685143620157
0.315,17.4549207541257,19.9879943132678,-155.872960792376,-6.55596782012856,-4942.58936576869,408.582539887171,39817.6436521355,61637.2030726567,6999997.59753422,-6999999.84579773,15374267.2660864,-50088443.2900384,-30745789416.536,100177703509.18,0.0120056867322162,0.05,0.240113734644325,-0.113873729021995,0.653452132110648
0.316,17.2965834266236,19.9816526191587,-160.794474286807,-6.11773459159499,-4899.27044201037,466.715569008053,46820.2040851371,54628.8552889027,6999998.97009198,-6999999.43733308,-15371522.1365581,50089260.2198794,30739895637.7827,-100179320468.597,0.0183473808412735,0.05,0.36694761682547,-0.176917528537076,0.691701973115227
0.317,17.1333474120116,19.9757770572914,-165.669168345696,-5.62487000428452,-4848.95151952701,517.848598621808,53817.640610169,47637.2039280495,6999997.39577429,-6999999.83734732,15368373.4989488,-50090060.2868122,-30733683503.7615,100181090387.299,0.0242229427086436,0.05,0.484458854172871,-0.24103660133475,0.727313132927226
0.318,16.9652630292121,19.9704187606943,-170.490043995518,-5.08437071852495,-4791.63259938854,561.981628469922,60820.1999121756,40628.8559087497,6999998.92752129,-6999999.3524404,-15365309.9912785,50091030.1031123,30726968493.5747,-100183006206.182,0.0295812393056885,0.05,0.591624786113769,-0.305955683165117,0.760172024387196
0.319,16.7923875971454,19.9656218623965,-175.250100213661,-4.50324007328411,-4727.31368060185,599.114658884132,67817.6373461815,33637.2049034652,6999997.10177678,-6999999.82544021,15361658.499743,-50091976.1391783,-30719775502.3169,100185181474.887,0.034378137603472,0.05,0.687562752069439,-0.371394288307305,0.79017343464852
0.32,16.6147854347301,19.9614234954274,-179.942338026338,-3.88847472871685,-4655.9947644132,629.247689562284,74820.1953146869,26628.8566200193,6999998.87252531,-6999999.21084188,-15358116.9894545,50093205.3404367,30711820261.5798,-100187608381.748,0.0385765045725677,0.05,0.771530091451353,-0.437067828235312,0.817220918863994
0.321,16.4325278608827,19.9578537928168,-184.559756411574,-3.24707802385073,-4577.67584968304,652.380720927619,81817.6337654877,19637.2060769486,6999996.66566662,-6999999.80969216,15353703.26924,-50094403.075269,-30703132813.6172,100190505956.787,0.042146207183194,0.05,0.842924143663879,-0.502688743647113,0.841227158321559
0.322,16.2456931945176,19.954935887595,-189.095356395322,-2.58604661860597,-4492.35693792479,668.513752603526,88820.1900940442,12628.8574832229,6999998.802529,-6999998.95978899,-15349429.5317262,50096102.8884643,30693226315.0064,-100193865236.036,0.0450641124049831,0.05,0.901282248099662,-0.567967645362112,0.862114281712436
0.323,16.0543667545469,19.9526859127929,-193.542136956419,-1.91238385205516,-4400.03802777636,677.646785179605,95817.6297195812,5637.2075971967,6999995.98615476,-6999999.78951841,15343796.7800111,-50097762.3793126,-30682138326.4942,100198225494.432,0.0473140872071482,0.05,0.946281744142965,-0.632614459567199,0.879814148352228
0.324,15.8586408598806,19.9511130014419,-197.893099120568,-1.23308638376917,-4300.71912117937,679.779818148162,102820.183914457,-1371.14136939109,6999998.71377147,-6999998.43915047,-15338341.5343502,50100463.1242979,30668906582.978,-100203576180.913,0.0488869985581069,0.05,0.977739971162137,-0.696339572886835,0.894268592339879
0.325,15.6586148294254,19.9502192865742,-202.141241867699,-0.555157552811101,-4194.40021641953,674.912852455341,109817.624941941,-8362.79017312537,6999994.8255286,-6999999.76411651,15330565.0449271,-50103113.0861762,-30653579763.5156,100212056924.042,0.0497807134257542,0.05,0.995614268515084,-0.758854972763944,0.90542962678437
0.326,15.4543949820858,19.9499999012232,-206.27956622332,0.114405981863414,-4081.08131619516,663.045887352873,116820.176120077,-15371.1394844008,6999998.60069172,-6999996.84874065,-15323014.7070204,50108943.8491882,30633767637.5102,-100223655097.191,0.0500000987768097,0.05,1.00000197553619,-0.819875378668563,0.913259607400321
0.327,15.2460946367625,19.9504429768457,-210.301071168971,0.768600882506952,-3960.76241819525,644.178924919713,123817.618841397,-22362.7858038243,6999992.46980345,-6999999.73243994,15310752.9263126,-50114711.2755206,-30609535765.7682,102570790964.643,0.0495570231543496,0.05,0.991140463086992,-0.879119359698667,0.91773135492365
0.328,15.0338341123529,19.9515296480595,-214.198757730204,1.40043051108155,-3833.44352671553,618.312060552738,130820.165098409,-29370.7477601542,6999998.45484683,-6998829.04823314,-15298782.8284955,52456079.7024157,30571369499.2321,-107253790358.752,0.0484703519405123,0.05,0.969407038810246,-0.936310434201795,0.918828235975739
0.329,14.817740727749,19.9532340480882,-217.965624891355,2.0028920147063,-3699.12463837089,585.446172013857,137817.609390127,-36361.2244003314,6999985.35676795,-6999999.86371001,15272586.6660423,-54797710.6819977,-30519361055.2803,199999091216.187,0.0467659519118335,0.05,0.935319038236671,-0.991178147129249,0.916544202222536
0.33,14.5979488018382,19.9555233110809,-221.594673679448,2.56899028790537,-3557.80576250216,545.584148000092,144820.144480084,-43355.2899375715,6999998.26290631,-6954798.02878406,-15246774.3789258,145201380.656729,22382842996.3453,199999712070.335,0.0444766889190653,0.05,0.889533778381306,-1.04345912093091,0.910883787939097
0.331,14.3745996534861,19.9583575792074,-225.078903152731,3.09174537129833,-3409.48722739181,498.783992575658,151816.249829662,-50204.1539907307,6995942.91002556,-6709596.79209229,7136068.61215721,345201092.939216,-6160710424.5346,199999793013.382,0.0416424207926234,0.05,0.832848415852467,-1.09289807592209,0.901862068370692
0.332,14.1478416009238,19.9616900727455,-228.411316019333,3.56432506747153,-3254.17207344896,445.290907006499,158814.733988947,-56707.8169375571,6999998.62342542,-6264395.80264641,975358.197302942,545200886.205947,-199990366743.313,199999811886.722,0.0383099272544527,0.05,0.766198545089054,-1.13924881640627,0.889504601491243
0.333,13.9178299593343,19.96546733571,-231.58491568587,3.98024238012842,-3091.86551051064,385.550092286221,165781.888563698,-62666.2789951499,6900978.79825109,-5619195.01049708,-199015008.574351,745200698.347844,-199997119756.139,199999803083.006,0.0345326642900226,0.05,0.690653285800451,-1.18227517922616,0.87384739778429
0.334,13.6847270267597,19.9696296810527,-234.592750048442,4.33355551386349,-2922.67463491911,320.206749207387,172550.027004386,-67879.5403559814,6601965.22979868,-4773994.41060768,-399012128.376258,945200501.657318,-199997623480.819,199999766023.245,0.0303703189472699,0.05,0.607406378945399,-1.22175194499769,0.854936927563864
0.335,13.4487019691579,19.9741118358641,-237.42806763498,4.61906787396725,-2746.8984605452,250.106078367965,178919.15323277,-72147.6012214378,6102954.28968201,-3728794.02593867,-599009751.903675,1145200267.85604,-199997236392.635,199999673066.527,0.025888164135857,0.05,0.517763282717141,-1.2574657436814,0.832830165880324
0.336,13.209930521119,19.9788437865734,-240.084515985719,4.83252806622226,-2565.03599833389,176.293280147191,184689.269773724,-75270.4618346113,5403945.91958199,-2483593.92154928,-799006988.331235,1345199941.03248,-199995206612.313,199999369156.947,0.0211562134265613,0.05,0.423124268531225,-1.28921598383761,0.807594674739819
0.337,12.9685944868546,19.9837518241491,-242.556341650539,4.97082989665428,-2377.78625655465,100.013554632899,189660.379664709,-77048.1225574521,4504941.32794457,-1038394.29593824,-999002194.958467,1545199310.22642,-189533251798.32,62539885208.6265,0.0162481758508868,0.05,0.324963517017736,-1.31681580790549,0.779308722219608
0.338,12.724881041204,19.9887597891081,-244.838590098651,5.03221122566268,-2186.04780379974,22.7063739595213,193634.231019875,-77303.4938840701,3411172.50708692,538074.956892583,-1188535446.74762,1607739195.39848,199995543082.433,-199999361889.313,0.0112402108919269,0.05,0.224804217838539,-1.34009306977584,0.748061437841788
0.339,12.478981832028,19.9937905050866,-246.927300114247,5.01642085124782,-1990.89774260877,-54.0684592339257,196484.468394097,-75994.8825564486,2322634.83188049,2045814.47134648,-988539903.632172,1407739833.40457,199997646220.748,-199999665633.368,0.00620949491343481,0.05,0.124189898268696,-1.35889133020807,0.71395299906598
0.34,12.2310919192175,19.9987673225317,-248.819608039712,4.92475290594959,-1793.40838020289,-128.814144580963,198346.166215189,-73278.5314459889,1434093.75135867,3353554.47193443,-788542257.35919,1207740167.60985,199998216136.767,-199999758314.904,0.00123267746825206,0.05,0.0246535493650413,-1.37307085223003,0.677094817160747
0.341,11.9814087180898,20.0036156047366,-250.513635510767,4.75990707424259,-1594.46825755126,-200.222942097535,199419.321873877,-69354.4401832808,745550.602067857,4461294.76038686,-588544041.16004,1007740409.09329,199998305813.095,-199999795024.249,0.00361560473664468,0.05,0.0723120947328937,-1.38250952645752,0.637609655589213
0.342,11.730131111389,20.0082640352155,-252.008292705241,4.52579078074468,-1394.7659177757,-267.1871115006,199903.933506316,-64422.6085174926,257005.713814378,5369035.27196803,-388545735.287989,807740613.848286,199997882227.249,-199999803575.24,0.00826403521546837,0.05,0.165280704309367,-1.38710365814849,0.59563163292779
0.343,11.4774587607428,20.0126457254439,-253.303078344979,4.22731919047345,-1194.78990577839,-328.798912280477,199999.999332835,-58683.036239167,-31541.080359947,6076775.98402867,-188547853.023345,607740810.058642,199995598054.757,-199999785466.478,0.0126457254438961,0.05,0.252914508877922,-1.38676860108074,0.551306102332391
0.344,11.2235916181177,20.0166991225996,-254.397879697679,3.87021520905831,-994.828768466355,-384.350603724715,199907.516925652,-52335.7231476542,-120091.134355893,6584516.90135401,11447745.0446675,407741024.413339,199984172761.314,-199999713333.496,0.0166991225995758,0.05,0.333982451991517,-1.38143923592627,0.504789408193449
0.345,10.9687296372719,20.0203687173028,-255.292772579526,3.46080948294357,-794.9710564648,-433.334444912234,199826.480359287,-45580.6690196136,-8651.30293056086,6892258.0691005,211431917.808058,207741310.969138,-174364909290.105,-199999327465.727,0.02036871730283,0.05,0.407374346056599,-1.37107029162678,0.456248521247166
0.346,10.7130726846841,20.0236055513576,-255.987824481217,3.00584039961825,-595.12092829679,-475.442694656205,199894.484197049,-38617.8735162348,115598.160232445,6999999.71633662,37067008.517149,7741983.49621928,-199814522560.62,-15484201804.9033,0.0236055513576261,0.05,0.472111027152522,-1.35563650910394,0.405860553886325
0.347,10.4568206202813,20.026367525749,-256.48297902183,2.51225562559905,-395.170792778154,-510.559923163073,199995.313441112,-31616.5835084111,52757.9074692829,6999999.59893034,-162747514.043547,-7742218.29502064,199757630706.928,1996839118.97585,0.0263675257489879,0.05,0.527350514979759,-1.33513265875961,0.353812157982979
0.348,10.200173389482,20.028619523529,-256.778148481482,1.98705376859406,-195.167901722505,-538.677714043311,199999.990530006,-24620.1222120672,-10110.791220799,6993255.8001948,37010116.6635958,-5745379.18294583,-50643701472.7575,24978405426.5315,0.0286195235289775,0.05,0.572390470579549,-1.30957347454193,0.30029881366239
0.349,9.9433309901455,20.030333426401,-256.87331695306,1.4372315021417,4.83109162232848,-559.801125153706,199999.944180203,-17625.5760338504,1577.47470641822,6999999.62372507,-13633584.809204,19233026.2574629,31706298297.4372,-38485707800.795,0.0303334264009791,0.05,0.606668528019583,-1.27899355879438,0.245524043174193
0.35,9.68649342200568,20.0314881114597,-256.768485930296,0.869784733574389,204.830873383413,-573.925099443524,199999.989245552,-10622.3741815871,3797.03904593365,6999989.79608214,18072713.4881578,-19252681.550095,-181352813173.949,38525047464.4668,0.0314881114596659,0.05,0.629762229193318,-1.24344721592108,0.189698587220201
0.351,9.4298606848478,20.0320694547488,-256.463655187674,0.291714628227052,404.828216912087,-581.049082297008,199982.59717248,-3625.58988499278,-68806.6540528857,6999999.63826422,-163280099.684809,19272365.9283237,199914492433.596,-38557210841.5438,0.0320694547487896,0.05,0.641389094975793,-1.20300818960458,0.133039557584984
0.352,9.17363277019874,20.0320703322862,-255.958852277282,-0.289980103290484,604.757527189996,-581.17306685128,199865.469550652,3377.61973447164,-132129.507520896,6999993.39877177,36634392.7511053,-19284844.9199879,199803489522.355,38582179407.2207,0.0320703322862457,0.05,0.641406645724913,-1.15776932662173,0.0757695657818734
0.353,8.91800960262129,20.0314906200871,-255.254180845354,-0.868298179278207,804.571362876267,-574.297056965352,199784.957821085,10374.4010740603,4406.62999139554,6999999.64355534,236437882.27252,19297334.5011183,-199984128942.73,-38606834557.9342,0.0314906200870766,0.05,0.629812401741532,-1.10784218607221,0.018115831814701
0.354,8.66319100677377,20.0303371941617,-254.349708083966,-1.43624088928392,1004.38959766584,-560.421048462109,199874.252704041,17377.6149124812,140852.447792573,6999993.56077749,36453753.3162427,-19309500.063726,-199995756465.13,38631157530.3132,0.0303371941616533,0.05,0.606743883233065,-1.05335656566141,-0.0396907229989065
0.355,8.4093768117062,20.0286239305181,-253.245358032113,-1.98680694981268,1204.33201907457,-539.545045383591,199999.999402395,24374.3922495217,77308.3228762944,6999999.63947887,-163542003.189128,19321657.48027,-199997965973.03,-38661628147.1645,0.0286239305180871,0.05,0.572478610361742,-0.994459903193012,-0.0974163955134813
0.356,8.15676695454466,20.0263717051599,-251.941021609333,-2.5129976520198,1404.33508240098,-511.669043934177,199962.203729368,31377.6091130876,-186232.663299332,6999990.48288556,-363539969.226526,-19339970.6740808,-199998377842.599,38698717442.721,0.0263717051599208,0.05,0.527434103198416,-0.93131661029377,-0.154825628901343
0.357,7.90556141639076,20.023608394088,-250.436753277779,-3.00781171206699,1604.1352465497,-476.793050455482,199560.868018496,38374.3793969124,-649771.821447162,6999999.87093279,-563538347.138284,19358746.7819873,-199998299080.147,-199999282066.187,0.023608394087951,0.05,0.47216788175902,-0.864107407046438,-0.211681945772274
0.358,7.65595995878042,20.0203688730724,-248.73297103969,-3.46425176859586,1803.26897234868,-434.923777961721,198595.993973643,45350.7254275917,-1313309.31812554,6919358.97668178,-763536646.277625,-180640535.368377,-199997767690.676,-199999762087.49,0.0203688730724174,0.05,0.407377461448348,-0.79302867262314,-0.267748882671097
0.359,7.40816166014469,20.0166950043342,-246.830656435632,-3.87535615303561,2001.07272232664,-386.151813117183,196867.583371103,52146.4308429382,-2176844.84824853,6638718.56026972,-963534414.007397,-380640297.604408,-199995803148.314,-199999832341.344,0.0166950043342418,0.05,0.333900086684835,-0.718291814657981,-0.322790927336779
0.36,7.16236425227227,20.0126355364516,-244.731554542677,-4.23434582661341,2196.68296105745,-330.757796361095,194175.638681993,58561.4959490423,-3240377.16383012,6158078.34649466,-1163530217.16917,-580640130.128487,131200063312.836,-199999851647.627,0.0126355364516044,0.05,0.252710729032088,-0.640122659797681,-0.376574484072859
0.361,6.91876325723424,20.0082458233879,-242.438371211882,-4.53482239087446,2389.04995613513,-269.222367911195,190375.363086794,64395.9209218879,-4338307.3493429,5477438.29054236,-1032330153.84315,-780639981.966233,199995586559.507,-199999849069.974,0.00824582338794144,0.05,0.164916467758829,-0.558760867597598,-0.428868900438626
0.362,6.67755095108706,20.0035873438517,-239.954897972173,-4.77096808749918,2577.09244368207,-202.22616782406,185554.223258281,69449.7059132957,-5270639.70990632,4596798.3840411,-832334567.247298,-980639831.210636,199997510272.547,-199999825780.986,0.00358734385173776,0.05,0.0717468770347551,-0.474459359635377,-0.479447558463157
0.363,6.43891529871953,19.9987270206565,-237.285939870359,-4.93774579814921,2759.88095789797,-130.649836005122,179900.749183118,73522.8510774492,-6002975.52201735,3516158.63993992,-632337056.923181,-1180639657.13138,199997941279.381,-199999763484.346,0.00127297934354687,0.05,0.0254595868709373,-0.387483709141124,-0.528089026049757
0.364,6.20303902761788,19.9937363400806,-234.437133714069,-5.03109904431127,2936.68316306883,-55.5740121949431,173614.938122836,76415.3565949192,-6535313.60830084,2235519.1010663,-432339115.5893,-1380639420.70627,199997727518.64,-199999556427.875,0.0062636599193624,0.05,0.125273198387248,-0.298111427528229,-0.574578263881347
0.365,5.97009889562583,19.9886902712282,-231.414748647875,-5.04815198711291,3106.96672111739,21.7206640788262,166896.787911306,77927.2227262323,-6867653.86013079,754879.902146013,-232341388.029835,-1580638977.16576,199995588714.469,8338609754.54729,0.0113097287718276,0.05,0.226194575436551,-0.206631129193844,-0.618707882930381
0.366,5.74026515860643,19.9836659856781,-228.225486155525,-4.98740769090193,3270.39929169379,99.7622343828576,159946.295955254,77893.1729080957,-6999997.45380333,-821589.770142772,-32345799.3090647,-1572300367.37928,64689983637.1334,199999576721.038,0.0163340143218775,0.05,0.326680286437551,-0.113341575859272,-0.660279447375445
0.367,5.51370123791373,19.9787413941839,-224.876281190207,-4.84889964958811,3426.84289338166,176.990895675298,152940.907265707,76318.7662170435,-6999998.26129379,-2293890.34916161,32344184.317285,-1372300790.56368,-511919946.187881,199999784685.926,0.0212586058160795,0.05,0.42517211632159,-0.018550604555944,-0.699104811064817
0.368,5.29056357687091,19.9739936029814,-221.374133165581,-4.63418720040333,3576.28917089397,251.942333259454,145956.995776547,73372.0587700349,-6967910.0369496,-3566191.24738216,31832264.3766576,-1172301005.72725,-127841381106.799,199999848687.113,0.0260063970186337,0.05,0.520127940372674,0.0774260519646508,-0.735007441740904
0.369,5.07100162416211,19.969497457483,-217.726026553526,-4.34620038414623,3718.76219031485,323.344246248426,138983.694974898,69253.0503278843,-6999998.4631263,-4638492.3287659,-96009116.7411908,-972301156.846555,192045234630.824,199999874867.862,0.0305025425169916,0.05,0.610050850339832,0.174266022998201,-0.76782366170746
0.37,4.8551578504002,19.9653242702435,-213.938941581491,-3.9890415426044,3854.23788643287,390.124333564574,131967.699492465,64161.7407331471,-6999984.96255203,-5510793.54817854,96036117.8614967,-772301281.761331,-192099548973.433,199999882410.016,0.0346757297565468,0.05,0.693514595130935,0.271641593730911,-0.797403762080345
0.371,4.64316773119322,19.9615407486583,-210.019884108118,-3.56778531871571,3982.71359532493,451.410293989872,124983.715997304,58298.1298577897,-6999998.61917732,-6183094.88873484,-96063431.0577536,-572301399.136267,192139676543.215,199999872466.147,0.0384592513417239,0.05,0.769185026834478,0.36922100369388,-0.823612980455271
0.372,4.43515974224907,19.9582081226628,-205.975847721998,-3.08827865669801,4104.18930726949,506.529826183643,117967.708941974,51862.2175815239,-6999992.21196325,-6655396.35163797,96076245.3900813,-372301526.490604,-192165547577.992,199999824294.436,0.0417918773371717,0.05,0.835837546743434,0.466669762655133,-0.846332338376908
0.373,4.23125535928017,19.9553814724309,-201.813838823084,-2.55694080217105,4218.66502592376,555.010628680534,110983.727261391,45054.0037706415,-6999998.7403624,-6927697.96598108,-96089302.0671251,-172301702.092526,192186829406.92,199999430082.284,0.04461852756911,0.05,0.8923705513822,0.563651975854167,-0.865459335660316
0.374,4.03156905800475,19.9531092560732,-197.540851001372,-1.98056330229584,4326.14074672409,596.58039984773,103967.715008175,38073.4881919049,-6999994.62772569,-6999999.95303233,96097527.1762536,27697727.9689658,-192203470230.849,-45260051620.9939,0.0468907439268094,0.05,0.937814878536187,0.659831671489293,-0.880908499187286
0.375,3.83620831414391,19.9514330369951,-193.163890659737,-1.36611204985694,4426.61647220291,631.156618536653,96983.7352322738,31079.7937608558,-6999998.83566525,-6994932.25087386,-96105942.8664389,-17562323.6412793,192217918264.41,24989350081.9007,0.0485669630048733,0.05,0.971339260097466,0.754874125169709,-0.892611784514197
0.376,3.64527360342286,19.9503873915947,-188.689951388145,-0.720581881714941,4520.09219944772,658.737060362763,89967.7197448248,24080.2452397686,-6999995.81939893,-6999999.89947411,96111975.1657117,7427026.41841852,-192230134202.733,-14852071770.4902,0.0496126084053401,0.05,0.992252168106802,0.848447176132997,-0.900518836697381
0.377,3.4588584015691,19.9499998999336,-184.12603959117,-0.0509711813679476,4606.56793036369,679.317924676597,82983.7415572441,17081.4835081268,-6999998.91133515,-6999998.90894092,-96118158.7809467,-7425045.34276924,192241107548.831,14848063792.7031,0.0500001000664092,0.05,1.00000200132818,0.940222530047689,-0.904597148044518
0.378,3.27704918431335,19.9502911419664,-179.479148858517,0.635720631853344,4686.04366282516,692.898789914963,75967.723751043,10080.2467537223,-6999996.51634095,-6999999.92238725,96122948.4665147,7423018.42623667,-192250807431.666,-14845230426.3411,0.0497088580336182,0.05,0.994177160672365,1.02987704331198,-0.904832142580859
0.379,3.09992542738828,19.9512746994547,-174.756285595927,1.33249306358848,4758.51939836564,699.479655349217,68983.746907627,3081.48413537702,-6999998.971591,-6999999.51917416,-96127858.6407245,-7422211.99232918,192259736221.632,14843580004.107,0.0487253005453283,0.05,0.974506010906566,1.11709398382062,-0.901227188796001
0.38,2.92755960652927,19.9529571532645,-169.96444339279,2.03234660896779,4823.99513530617,699.060521195505,61967.7272960137,-3919.75255990211,-6999996.96212001,-6999999.94116433,96131877.210126,7421367.9865313,-192267868863.234,-14842285506.0043,0.0470428467354793,0.05,0.940856934709586,1.20156426330162,-0.89380354132949
0.381,2.76001719747345,19.9553380842623,-165.110628655724,2.72828077347208,4882.47087494519,691.641387154289,54983.7516276137,-10918.515531443,-6999999.01934239,-6999999.71593076,-96135991.2599587,-7420917.51325112,192275500024.024,14841354667.2258,0.0446619157376666,0.05,0.893238314753333,1.28298763642498,-0.882600212297614
0.382,2.59735667596035,19.9584100733147,-160.201834973798,3.41329605201842,4933.94661588241,677.222253357837,47967.7305292352,-17919.7521471472,-6999997.26058927,-6999999.95611029,96139508.3236379,7420437.1271834,-192282608693.056,-14840581332.3019,0.0415899266853117,0.05,0.831798533706234,1.36107386205204,-0.867673772950223
0.383,2.43962951773105,19.9621587012884,-155.245068754328,4.08039195005713,4978.42235926227,655.803119636723,40983.7559212801,-24918.5153150529,-6999999.05661321,-6999999.80964915,-96143099.907241,-7420144.20046245,192289387497.655,14839972126.8957,0.0378412987116334,0.05,0.756825974232669,1.43554382213182,-0.849098086614846
0.384,2.28688019852883,19.9665625490503,-150.247323586058,4.72256896239196,5015.89810386753,627.383986079561,33967.7335458821,-31919.7518682601,-6999997.46277039,-6999999.96778602,96146287.0801602,7419827.89821493,-192295818212.069,-14839445163.6109,0.0334374509497479,0.05,0.668749018994959,1.50613059395198,-0.826963974152571
0.385,2.13914619409846,19.9715931974674,-145.215605876891,5.33282659446676,5046.37385074146,591.964852575302,26983.7599235341,-38918.5151631116,-6999999.08479749,-6999999.86246956,-96149530.6004072,-7419617.26210352,192302039241.969,14839005962.9696,0.0284068025326256,0.05,0.568136050652512,1.57258047162347,-0.801378813414399
0.386,1.99645798018673,19.9772152274068,-140.156909215241,5.90416534101402,5069.84959878934,549.545719188762,19967.7364132261,-45919.7516667134,-6999997.59577549,-6999999.97675004,96152508.0613026,7419388.67125773,-192308034198.31,-14838613593.4911,0.0227847725931696,0.0500004699159404,0.455691169132506,1.63465393291166,-0.77246607444183
0.387,1.85883903254181,19.9833862197358,-135.078240009517,6.4295847074787,5086.325348991,500.12658584006,12983.763732363,-52918.5150515624,-6999999.10481474,-6999999.89487546,-96155525.5358931,-7419224.92018972,192313912286.497,14838272677.0796,0.0166137802641728,0.0507120802956846,0.327609913994922,1.6921265477288,-0.740364792405715
0.388,1.72630582691383,19.9900567553216,-129.986591847802,6.90208518854411,5095.80110033229,443.707452580275,5967.73918340839,-59919.7515136273,-6999997.6742058,-6999999.98345697,96158386.1001783,7419047.7261369,-192319658187.335,-14837959373.897,0.00994324467838936,0.0525527935134372,0.189204874063393,1.74478982486464,-0.705228980516412
0.389,1.59886783905428,19.9971704150315,-124.888971138949,7.31466628965976,5098.27685375927,380.288319347834,-1016.23257419917,-66918.5149666312,-6999999.11720085,-6999999.91541771,-96161271.4161445,-7418911.64673678,192325367161.732,14837677664.1392,0.00282958496847385,0.0552272006847964,0.0512353502148954,1.79245199376159,-0.667226985370707
0.39,1.47652754471651,20.0046637797329,-119.7923714707,7.66032850547286,5093.75260830643,309.869186185747,-8032.25809933583,-73919.751391781,-6999997.70503437,-6999999.98823222,96164095.0248473,7418765.98576467,-192331024283.139,-14837411745.2994,0.00466377973292609,0.0584828315791206,0.0797461341559108,1.8349387184272,-0.626540787420225
0.391,1.3592804196552,20.0124664302933,-114.70379925231,7.93207134143971,5082.22836491212,232.450053043766,-15016.2289276875,-80918.5148991677,-6999999.12215284,-6999999.92811903,-96166928.5170234,-7418645.75923951,192336722254.885,14837165218.9799,0.0124664302932516,0.0621066940880409,0.20072603245601,1.87209374082921,-0.583365249457072
0.392,1.24711493962689,20.02050094758,-109.63024807116,8.12289529217995,5063.70412263252,148.030919960416,-22032.2553938119,-87919.7512894893,-6999997.68954056,-6999999.99126862,96169792.9466936,7418519.42754185,-192342445879.417,-14836926072.8119,0.0205009475799578,0.065921818137067,0.310988807033985,1.90377945142523,-0.537907316208623
0.393,1.14001258038943,20.0286829124606,-104.57872433688,8.22579986315866,5038.17988242414,56.6117868925375,-29016.2252612605,-94918.5148422506,-6999999.11953559,-6999999.9348774,-96172652.1212325,-7418406.64534702,192348296413.491,14836697807.4849,0.0286829124605603,0.0697838374828137,0.411025152745782,1.92987738475021,-0.490385168319785
0.394,1.03794781770255,20.0369209058026,-99.5562216364609,8.23378554897384,5005.65564333948,-41.8073461231889,-36032.2526575432,-101919.751197678,-6999997.62344797,-6999999.99261885,96175643.4305312,7418291.12976614,-192354257661.542,-14836469633.0329,0.0369209058025923,0.0735776399143614,0.501795190027369,1.95028863830731,-0.441027334171127
0.395,0.940888127327304,20.0451165084736,-94.5697463798842,8.1398518551017,4966.13140638217,-147.226479125731,-43016.2215023079,-108918.514789864,-6999999.10885029,-6999999.93630554,-96178613.3486868,-7418178.50329644,192360453850.79,14836245286.5631,0.0451165084736296,0.077214113356439,0.584303911713146,1.96493421329269,-0.390071763140327
0.396,0.848793985026659,20.0531643013413,-89.6262921537065,7.93699927612309,4919.60717057365,-259.645612077862,-50032.2498422786,-115919.751108065,-6999997.4952713,-6999999.9921654,96181839.5696477,7418066.7511731,-192366866903.392,-14836012869.1853,0.053164301341269,0.0806270122830344,0.659385729867308,1.97375527601837,-0.337764864055765
0.397,0.761618866564959,20.0609518652732,-84.7328653682476,7.61822731752839,4866.0829370018,-379.064745016652,-57016.2175623359,-122918.514735854,-6999999.08915561,-6999999.93184874,-96185026.3803927,-7417946.1175126,192373667699.057,14835776850.4036,0.0609518652731609,0.0837699657220664,0.72761000613738,1.97671333919082,-0.284360512720433
0.398,0.679309247708549,20.068359781137,-79.8964596095682,7.17653647388517,4805.55870462361,-505.483877901531,-64032.2468868178,-129919.751011468,-6999997.28168403,-6999999.9895409,96188640.3153715,7417830.70159139,-192380835098.436,-14835520658.4219,0.0683597811369587,0.0866136449923458,0.789249559269787,1.97379036254291,-0.230119032494947
0.399,0.601804604225218,20.0752616298004,-75.124081288313,6.60492625070254,4738.0344746642,-638.903010769927,-71016.2133209451,-136918.514672609,-6999999.0589203,-6999999.91916845,-96192193.7583827,-7417689.95525578,192388633335.85,14835135933.3146,0.0752616298003836,0.0891431061914202,0.84427874477216,1.96498877261399,-0.175306152026198
0.4,0.52903741188491,20.0815239921312,-70.4227239899535,5.89639714253792,4663.51024597024,-779.322143578384,-78032.2437046049,-143919.750914265,-6999996.93600814,-7000000.04115689,96196438.5031478,7417445.9481868,-192397036512.599,199999915234.101,0.081523992131153,0.0913553193729686,0.892383636669496,1.95033140181424,-0.120191944286416
0.401,0.46093314645912,20.0870064492954,-65.7993941254472,5.04395044519053,4581.98601998922,-926.732324972641,-85016.2085941947,-150882.708913396,-6999999.0157639,-6892582.63759219,-96200596.9130466,207417361.603152,192406511623.884,199999970525.903,0.0870064492954405,0.0932568933415333,0.932976064051353,1.9298613472047,-0.0650497510344876
0.402,0.397410283721752,20.0915616003211,-61.2610852795272,4.04063832427658,4493.46179538665,-1081.01842234784,-92032.2401565568,-157638.249541907,-6999996.35686221,-6585165.29072635,96205913.5652389,407417332.846789,-192417025397.349,199999979288.055,0.0915616003210893,0.0948620020743905,0.965208390281358,1.90364174976267,-0.0101550902829573
0.403,0.33838029944843,20.0950351847294,-56.8148038634398,2.87972190582625,4397.9375739882,-1241.87301835462,-99016.2030609458,-163986.372836455,-6999998.95599843,-6077747.96823565,-96211110.6635151,607417313.008354,192429565785.005,199999981608.319,0.0950351847294151,0.0961905159791699,0.987989135540088,1.87175549519058,0.0442154834932953
0.404,0.283747669417605,20.0972663902098,-52.4675434609243,1.55486973320453,4295.41335415568,-1408.78869567024,-106032.235978052,-169727.078818027,-6999995.28376647,-5370330.66442312,96218453.9041809,807417295.52025,-192444088036.295,199999981021.403,0.0972663902097928,0.0972663385325657,1.00000053129611,1.83430483765608,0.0977855933115472
0.405,0.23340986977767,20.0980883638093,-48.2263104836667,0.0603577647316741,4185.88913843335,-1581.05803699054,-113016.196049611,-174660.367504608,-6999998.87388341,-4462913.37839201,-96225632.8904494,1007417277.36705,192463359981.56,199999977554.855,0.0980883638092607,0.0981159463353539,0.99971887825452,1.79141094812821,0.150280328619396
0.406,0.187257375944522,20.09732890803,-44.0980985139042,-1.60873062161885,4069.36492463969,-1757.77362502896,-120032.230513343,-178586.238914791,-6999992.82677993,-3355496.11224729,96237725.8012252,1207417255.58044,-192487323219.955,199999968529.821,0.0973289080299757,0.0987671283272543,0.985438269577777,1.74321338929118,0.201427604049223
0.407,0.145173663704622,20.0948113995675,-40.089913962972,-3.45630463059713,3945.84071701998,-1937.82804251917,-127016.185697824,-181304.693071204,-6999998.76259184,-2048078.87240162,-96249596.1028769,1407417224.53503,192530642660.37,199999938716.032,0.094811399567476,0.0992479176757792,0.955298627797952,1.68986951927742,0.25095958245806
0.408,0.107035208849752,20.0903558929539,-36.2087504102601,-5.48506604969969,3815.31651244239,-2119.91387222226,-134032.220818084,-182615.730008237,-6999983.03736122,-540661.678508218,96281045.204261,1607417163.39853,-192593244030.257,-61893381440.1203,0.0903558929539443,0.0995857080614476,0.90731787434992,1.63155382676161,0.298614156482455
0.409,0.0727114871763011,20.0837804276123,-32.4616142645177,-7.69631143164938,3677.7923222184,-2302.53460916656,-141016.162206905,-182362.998668612,-6999998.61417536,1035808.79417062,-96312197.4765901,1545523781.80998,192624152070.841,-199999940012.707,0.0837804276122753,0.0998065442706098,0.839428198066029,1.56845720019573,0.34413648247824
0.41,0.0420649744926809,20.0749025136207,-28.8554990970603,-10.0897921713346,3533.26813466797,-2484.13044954032,-148032.212894527,-180587.761306837,-6999998.73561319,2481332.60597458,96311953.2404502,1345523841.36039,199997420625.287,-199999969885.457,0.0749025136207457,0.0999345755767502,0.749515502402072,1.5007861342455,0.387280552414532
0.411,0.0149511471563984,20.0635406754057,-25.3974080552642,-12.6637485471695,3381.76030761365,-2663.26162397226,-154950.722750131,-177467.000108435,-6803688.07206045,3726856.46239253,296309372.827862,1145523870.78404,199998839554.083,-199999979020.465,0.0635406754057364,0.0999916591465967,0.635459756824117,1.42876187690942,0.427810749813483
0.412,-0.00878148629033283,20.0495158855847,-22.0942430439656,-15.4150764646209,3223.46545899777,-2838.68260860682,-161572.922995897,-173200.715040397,-6407379.27945584,4772380.34366652,496308211.610951,945523890.880705,199999081684.559,-199999982671.381,0.0502885417038919,0.1,0.502885417038919,1.35261953289777,0.465503317516743
0.413,-0.0292911876705907,20.0326528102982,-18.9526095968503,-18.339526305286,3058.77989768227,-3009.34787956268,-167698.814989308,-167988.906081618,-5811071.52700286,5617904.24321158,696307292.746376,745523907.224372,199999100346.019,-199999983568.301,0.0438654727037847,0.1,0.438654727037847,1.27260718000757,0.500147700717792
0.414,-0.0467425928535745,20.012780854734,-15.9786169393237,-21.4319029268714,2888.2999314306,-3174.41191293972,-173128.399686583,-162031.573215243,-5014764.68408367,6263428.15865169,896306392.724187,545523922.687048,199998971297.742,-199999981809.659,0.0484584382167405,0.1,0.484584382167405,1.18898501496742,0.531547755828661
0.415,-0.0613061154468297,19.9897350086504,-13.1776779894923,-24.6862656631749,2712.82186708119,-3333.22918482175,-177661.678012455,-155528.716425376,-4018458.80571077,6708952.09043361,1096305363.79779,345523940.069913,199998597382.762,-199999974251.241,0.0613061154468297,0.099996062143505,0.61308529688748,1.1020245324857,0.559522820677438
0.416,-0.0731571504894133,19.9633564919008,-10.5543093591033,-28.0961283240705,2533.34201049155,-3485.35417127577,-181098.651036732,-148680.33569375,-2822154.14322172,6954476.04337732,1296303961.06765,145523965.345635,199997337334.076,-199999920661.178,0.0731571504894133,0.0999502620361452,0.731935554735788,1.01200774065885,0.583908642166324
0.417,-0.0824750781460591,19.9334931999575,-8.11193135463819,-31.6546591954882,2351.05666625621,-3630.54134834556,-183239.320309889,-141686.430987585,-1425851.51348711,7000000.0483916,1496301298.37124,-54475955.2546564,159893101485.885,108951502217.522,0.0824750781460591,0.0998378088311625,0.826090627504998,0.919226415741118,0.604558158091601
0.418,-0.0894420674583491,19.8999999498642,-5.85266831311662,-35.3548784647842,2167.36046594265,-3768.73231904709,-183890.372323964,-134695.510332869,150396.335627016,6999999.84424565,1656194399.88409,54475546.9414869,-199997339996.738,-108950724798.492,0.0894420674583491,0.0996374996427824,0.897674748754378,0.823981399091972,0.621342130579298
0.419,-0.0942416838283545,19.8627385476843,-3.77716062701221,-39.1897905205237,1983.81299095521,-3899.92328986767,-182945.211678412,-127686.431169015,1706592.0655127,7000000.02878763,1456197059.95056,-54475177.7922454,-199998604415.327,108950145160.87,0.0942416838283545,0.09932579979791,0.948813742452618,0.726581937516995,0.63414963853952
0.42,-0.0970573455481316,19.8215778055378,-1.88447680304751,-43.1523917310732,1801.9554415361,-4024.11426067935,-180543.854183674,-120695.510371304,3062789.82325558,6999999.92357574,1256198455.61709,54474967.3508553,-199998987423.732,-108949717359.825,0.0970573455481316,0.0988772067407204,0.981594734999332,0.627345051624476,0.64288847195444
0.421,-0.098070797150816,19.776393532454,-0.172232150270273,-47.2356857281252,1623.14401537451,-4141.30523154542,-176886.298297191,-113686.431249968,4218988.78516081,7000000.03224639,1056199468.27968,-54474749.9408656,-199999135976.849,108949350136.129,0.098070797150816,0.0982647591671477,0.99802612841088,0.526594868478516,0.647485448413564
0.422,-0.0974607537127156,19.7270685374624,1.36321422062615,-51.4326688800397,1448.53491141028,-4251.49620239037,-172172.542967228,-106695.51036734,5175188.68545208,6999999.95737349,856200332.382586,54474600.1805789,-199999164781.249,-108949045613.965,0.0974607537127156,0.0974607043379066,1.00000050661248,0.424661860529478,0.647886653808539
0.423,-0.0954017450907028,19.6734926295845,2.72655939865116,-55.7363448184584,1279.08432953634,-4354.68717326115,-166602.58730972,-99686.4312838001,5931389.43544406,7000000.03474677,656201167.666471,-54474445.3624592,-199999075914.721,108948772378.211,0.0954017450907028,0.0964373350372485,0.989261524635186,0.321881982809541,0.644057606473187
0.424,-0.09206315841396,19.6155626178573,3.9233566728669,-60.139709911746,1115.54847050516,-4450.87814410449,-160376.430469765,-92695.5103426447,6487591.06515319,6999999.9755733,456202091.796839,54474327.0036403,-199998734964.644,-108948532013.894,0.09206315841396,0.0951680063245294,0.967375087169719,0.218595711852562,0.635983344319743
0.425,-0.0876084831912997,19.5531823113101,4.95981553352643,-64.6357677915194,958.483535964315,-4540.06911495824,-153694.071481209,-85686.4312918653,6843793.78946774,7000000.03656966,256203356.854214,-54474204.9370092,-199996716667.058,108948309732.279,0.0876084831912997,0.0936283405558139,0.935704752121227,0.115146990373029,0.623668434815339
0.426,-0.0821947546736258,19.4862625189723,5.84260167307167,-69.2175148261505,808.245728736396,-4622.26008578073,-146755.508799424,-78695.510305757,6999998.78798845,6999999.98649865,56206640.1852043,54474104.7852435,-112418060751.351,-108948106792.75,0.0821947546736258,0.0917976272828186,0.895390840771871,0.0118820821003587,0.607136907958882
0.427,-0.0759721975293679,19.4147210498733,6.57863771759727,-73.8779546472344,664.994903014649,-4697.45105660438,-139746.143034799,-71686.4312842691,6999996.39779797,7000000.03788718,-56211420.563946,-54474001.9324134,112419680689.884,108947914813.264,0.0759721975293679,0.0896604225540104,0.847332584046245,-0.090851658444065,0.586432112709995
0.428,-0.0690840621504601,19.3384827130423,7.17492480852242,-78.6100836231513,528.744073758747,-4765.6420273943,-132755.51573383,-64695.5102611415,6999994.81757897,6999999.99336125,56208260.1243563,54473912.8724345,-112413009467.879,-108947734848.868,0.0690840621504601,0.0872083498691734,0.792172564371385,-0.192707093306398,0.56161649763385
0.429,-0.0616665993662078,19.2574793175087,7.63845919420176,-83.406905385479,399.49323959891,-4826.83299817959,-125746.152287762,-57686.4312667401,6999996.57296938,7000000.03880889,-56204749.3412183,-54473821.8999606,112406461622.867,108947561462.38,0.0616665993662078,0.0844421025869508,0.730282613494958,-0.293338658870752,0.532771316810934
0.43,-0.0538490600105678,19.1716496723021,7.97624461743243,-88.2614163026065,277.242401739707,-4881.02396892958,-118755.523679187,-50695.5102115525,6999995.0544396,6999999.99763997,56201712.2803646,54473739.5551655,-112400287653.3,-108947395577.79,0.0538490600105678,0.0813736449738073,0.661750619969166,-0.392403723804843,0.499996262364326
0.431,-0.045753694921433,19.0809395864516,8.19527732714345,-93.1666200060972,161.991559192654,-4928.21493967139,-111746.161149875,-43686.4312429746,6999996.6228933,7000000.03940588,-56198575.370594,-54473655.9452145,112394021040.418,108947233247.746,0.045753694921433,0.0780286063323512,0.586370782102041,-0.489563932212354,0.463409025231312
0.432,-0.037495754941162,18.9853018689869,8.30256106584943,-98.1155128643491,53.7407130078174,-4968.40591037696,-104755.531477819,-36695.5101589064,6999995.05804292,7000000.00008438,56195445.668776,54473577.2960013,-112387859363.672,-108947075312.077,0.037495754941162,0.0744488597784039,0.503644448723158,-0.584486526559302,0.423144786096494
0.433,-0.0291834909159775,18.8846963289374,8.30509208292303,-103.101098508913,-47.5101378618371,-5001.59688107236,-97746.1700068279,-29686.4312156299,6999996.57402985,7000000.03972397,-56192413.6925773,-54473497.9381547,112381409244.842,108946918594.401,0.0291834909159775,0.0706952742725514,0.412806813698273,-0.676845645215832,0.379355638662454
0.434,-0.0209181536965652,18.7790897753325,8.20987412044027,-108.116373308197,-141.760992425843,-5027.78785173111,-90755.5394047617,-22695.5101046785,6999994.86495969,7000000.00108286,56188995.5513981,54473420.6500265,-112374851217.918,-108946763882.336,0.0209181536965652,0.0668506254773655,0.312908870293932,-0.766323589557676,0.332209947706824
0.435,-0.0127939941375383,18.6684560172018,8.02390342807494,-113.154340893741,-229.011851851296,-5046.97882237897,-83746.1791838873,-15686.4311868203,6999996.43490212,7000000.03979135,-56185855.6642736,-54473343.1542805,112367775686.631,108946608355.125,0.0127939941375383,0.0630226479313775,0.203006293094334,-0.852612055714395,0.281891644613931
0.436,-0.00489826309813509,18.5527758635747,7.75418374730137,-118.207997633963,-309.262715136346,-5059.1697929902,-76755.5477141941,-8695.51005011726,6999994.46708116,7000000.00081447,56181920.0216249,54473265.1945382,-112360369420.34,-108946452771.618,0.00489826309813509,0.0593472079316057,0.0825356957614595,-0.935413326193021,0.2285994633205
0.437,0.00268878855829064,18.432037123481,7.4077113279811,-123.270347160391,-382.513583645438,-5064.3607635909,-69746.1890153302,-1686.43115840673,6999996.2023926,7000000.03962283,-56178449.3965843,-54473187.4993404,112352125932.173,108946294375.876,0.00268878855829064,0.0559915734251678,0.0480213073826936,-1.01444141678597,0.172546119830757
0.438,0.00989390996342793,18.30623460595,6.99148991078783,-128.334385841455,-448.764456295362,-5062.55173415541,-62755.5566833053,5304.4900036198,6999993.8159621,6999999.99931127,56173676.5349534,54473106.8697649,-112343257801.355,-108946133916.946,0.00989390996342793,0.0531577541552035,0.18612355094124,-1.08942317434982,0.113957438682402
0.439,0.016650850244527,18.1753701200115,6.51251574566532,-133.393117308675,-508.015334759597,-5053.74270471083,-55746.1999053676,12313.5688677994,6999995.86359637,7000000.0392222,-56169581.2644218,-54473026.9700888,112333048834.539,108945968442.961,0.016650850244527,0.0510858823154081,0.325938390213629,-1.16009932125628,0.0530714299339108
0.44,0.022900358523343,18.039452474695,5.97779257221766,-138.43953793049,-560.266217785416,-5037.93367523092,-48755.5666575898,19304.4900553579,6999992.80674921,6999999.99647344,56163467.5695475,54472941.4652802,-112321757761.729,-108945798710.512,0.022900358523343,0.0500576010698777,0.457480143552531,-1.22622544252746,-0.00986267955868238
0.441,0.0285901839167005,17.8984974790303,5.39431664035427,-143.466651338413,-605.517107533863,-5015.12464574452,-41746.2124100085,26313.5688898532,6999995.39543789,7000000.03858311,-56158290.1903787,-54472857.1691493,112308250657.466,108945621267.424,0.0285901839167005,0.05,0.571803678334009,-1.28757291191326,-0.074585456648297
0.442,0.0336750755351075,17.7525279420469,4.76909168821654,-148.467453900896,-643.768002449536,-4985.31561622406,-34755.5781178825,33304.4901037964,6999991.23057624,6999999.99204753,56149960.4665624,54472764.0895167,-112292855888.583,-108945436895.671,0.0336750755351075,0.05,0.673501510702151,-1.34392975340934,-0.140828310092913
0.443,0.0381167824834169,17.6015736727746,4.10911396552498,-153.434949249442,-675.018905493084,-4948.5065867011,-27746.2273830478,40313.5689054645,6999994.7630985,7000000.03768887,-56142895.4204145,-54472672.7313964,112273560599.065,108945241200.217,0.0381167824834169,0.05,0.762335649668338,-1.39510143498626,-0.208314572220923
0.444,0.0418840538589065,17.4456714802431,3.42138720833922,-158.362133752518,-699.269814577434,-4904.69755714589,-20755.5918075537,47304.49014737,6999988.64797762,6999999.98555745,56130665.1781552,54472568.4585808,-112250788997.623,-108945035009.266,0.0418840538589065,0.05,0.83768107717813,-1.44091159156746,-0.276760609712429
0.445,0.044952638752116,17.284865173482,2.71290766594181,-163.242011041619,-716.52073406495,-4853.88852759391,-13746.2462918144,54313.5689116938,6999993.91865696,7000000.03651106,-56120123.8180687,-54472466.4775793,112220418856.534,108944812229.521,0.044952638752116,0.05,0.89905277504232,-1.48120267458766,-0.345876959050966
0.446,0.0473052862439984,17.1192055615212,1.99067907124575,-168.067577485229,-726.771660899223,-4796.07949801215,-6755.60903191878,61304.4901840318,6999984.00426715,6999999.97614812,56100295.0379951,54472345.7399203,-112182990997.641,-108944573761.767,0.0473052862439984,0.05,0.946105724879968,-1.5158365257523,-0.415369482102435
0.447,0.0489317454070621,16.9487504533903,1.26169767259071,-172.831836714833,-730.022602169156,-4731.27046844185,253.727954705485,68313.5689044383,6999992.80380632,7000000.03500684,-56082695.9584575,-54472227.9506897,112127996284.545,108944310345.567,0.0489317454070621,0.05,0.978634908141241,-1.54469487292983,-0.484940537221719
0.448,0.0498287653007129,16.7735646581192,0.532967197667347,-177.527785098938,-726.273552927984,-4659.46143884513,7244.36740991719,75304.4902108633,6999974.10599014,6999999.96222883,56045300.3256446,54472082.3807937,-112056077705.036,-108944022990.113,0.0498287653007129,0.05,0.996575306014257,-1.56767974641538,-0.554290161226174
0.449,0.0500000949728011,16.5937199847376,-0.188516107528288,-182.148426269019,-715.524526583697,-4580.65240927192,14253.6881531226,82313.5688774397,6999991.36746326,7000000.03311427,-56010777.3784101,-54471940.5403877,111925528279.272,108943695996.397,0.0500000949728011,0.05,1.00000189945602,-1.58471381412636,-0.623117257555673
0.45,0.0494564835877487,16.4092952422752,-0.895748525631021,-186.68675659361,-697.775514311602,-4494.84337967701,21244.3283866128,89304.4902232577,6999943.35422448,6999999.94057199,55914750.9004576,54471755.4395988,-111737019356.265,-108943330533.23,0.0494564835877487,0.05,0.989129671754975,-1.59574063461276,-0.691120785914634
0.451,0.0482156800175154,16.2203762397618,-1.58173381964806,-191.135779704177,-673.026550830839,-4402.03435012417,28253.6062797306,96313.5688200866,6999989.5954468,7000000.03074469,-55822268.4550246,-54471575.0271814,85992106625.4606,108942895768.435,0.0482156800175154,0.05,0.964313600350307,-1.60072482708904,-0.758000948709036
0.452,0.0463024331933981,16.0270557862271,-2.23946851150738,-195.488491969289,-641.278670459416,-4302.22532055663,35240.0167587228,103304.490212889,6987163.38030451,6999999.90360165,30169838.1700461,54471320.7222691,-34682358043.1879,-108942393106.87,0.0463024331933981,0.05,0.926048663867961,-1.59965215804742,-0.823460369604221
0.453,0.0437484900339261,15.8294336907009,-2.86196167808446,-199.737897020407,-602.541488801583,-4195.41629106261,42236.4846651068,110313.568711594,6999992.03945296,7000000.02777022,-4512519.87243265,-54471072.32087,-199955735352.333,108941746181.486,0.0437484900339261,0.05,0.874969800678522,-1.59252954504318,-0.887205259583662
0.454,0.0405925883926522,15.6276167622129,-3.44222011332713,-203.876991226149,-556.814091694374,-4081.6072615659,49200.8944898657,117304.490161144,6895501.65190436,6999999.82854005,-204468255.227252,54470673.8388297,-199986667070.083,-108940956752.163,0.0405925883926522,0.05,0.811851767853043,-1.57938497911485,-0.948946565938177
0.455,0.0368804467295532,15.4217188097926,-3.97329469337138,-207.898778217978,-504.207857198205,-3960.79823220598,55960.8309018464,124313.568500703,6591040.06314207,7000000.02400255,-404454922.301655,-54470282.8525415,-199990148646.986,108939720551.964,0.0368804467295532,0.05,0.737608934591064,-1.56026736563386,-1.00840109970534
0.456,0.0326646459072669,15.2118606424697,-4.44844214712864,-211.796254364603,-445.027248340759,-3832.98920287187,62316.3118123973,131304.490003578,6086590.06651692,6999999.60142597,-604445070.953718,54469437.6746241,-199990736662.099,-108938039889.831,0.0326646459072669,0.05,0.653292918145337,-1.53524632564734,-1.06529263716357
0.457,0.0280043244971353,14.9981700692737,-4.86132365951044,-215.562423297531,-379.776715287089,-3698.18017386468,68067.3475539942,138313.567984047,5382149.62723215,7000000.01915545,-804435807.620826,-54468602.1575765,-199989952419.561,75060444610.8118,0.0280043244971353,0.05,0.560086489942705,-1.50441198957613,-1.11935299111005
0.458,0.0229646743288323,14.7807818991866,-5.20620486065853,-219.19028166798,-309.160698468301,-3556.37255640334,73013.9476186798,145298.843776394,4477718.84340154,6983061.63930335,-1004425760.04473,20591842.4252683,-199987624525.579,-7306937907.04363,0.0229646743288323,0.05,0.459293486576646,-1.46787478932688,-1.17032304778876
0.459,0.0176162360499391,14.5598379385558,-5.4781558163248,-222.672840164836,-234.083628538548,-3407.57905423846,76956.1223113049,152290.983514073,3373299.27109402,7000000.0127749,-1204413384.57361,13284904.5725696,-199982070740.521,-26569860467.546,0.0176162360499391,0.05,0.352324720998782,-1.42576524973376,-1.21795376645671
0.46,0.012033994695422,14.335486982154,-5.67325101742518,-226.0031067314,-155.649924741732,-3251.78696359273,79693.8845449888,159293.197669184,2068894.85115015,6999999.98711372,-1404395455.31614,-13284955.9263693,-199964117238.489,-199999862267.446,0.012033994695422,0.05,0.240679893908439,-1.37823378015346,-1.26200713923725
0.461,0.00629627526873199,14.1078848218043,-5.78876936679529,-229.174082652397,-75.1639905183205,-3089.00431336377,81027.2543156077,166253.221868063,564517.337214759,6886715.10005379,-1604359572.5553,-213284818.401752,55940505796.4787,-199999929967.723,0.00629627526873199,0.05,0.12592550537464,-1.32545046703393,-1.30225709815557
0.462,0.000483438694737781,13.8771942304759,-5.82339202595207,-232.178823125033,5.88046005844298,-2919.35161469165,80798.9152841774,172999.961237339,-1011871.9824423,6573430.31666821,-1548419066.75819,-413284748.647633,199960648160.986,-199999936730.965,0.000483438694737781,0.05,0.00966877389475562,-1.26760486812981,-1.33849038250941
0.463,-0.00532360138631951,13.6435848347606,-5.77734360458888,-235.010598076597,85.9237012007975,-2743.14215236296,79046.1605430493,179333.415856958,-2460310.72512,6060145.59965503,-1348458418.59544,-613284685.642155,199978437856.847,-199999923075.816,0.00532360138631951,0.05,0.10647202772639,-1.20490580109838,-1.37050739758539
0.464,-0.0110449222364834,13.4072328013471,-5.65236139407914,-237.663090719131,163.523295746572,-2560.88921109452,75944.9503482741,185053.58579332,-3708779.92478702,5346860.95247485,-1148479980.73592,-813284608.903947,199983696394.562,-199999862140.829,0.0110449222364834,0.05,0.220898444729669,-1.13758108050835,-1.39812309067129
0.465,-0.0166030283002862,13.1683203237365,-5.45152993985229,-240.130597549357,237.430775456446,-2373.30607553047,71695.2610491845,189960.471131005,-4757268.05732566,4433576.41250032,-948496284.338094,-1013284471.11244,199985528274.669,-164141003876.902,0.0166030283002862,0.05,0.332060566005724,-1.0658771383124,-1.42116784628764
0.466,-0.0219240994720292,12.9270349090073,-5.17908226592796,-242.408228049768,306.597652493321,-2181.30453608924,66497.0757710685,193860.048473965,-5605771.57752642,3338221.43944927,-748510756.059918,-1177425474.92055,199985471083.571,199999869045.674,0.0219240994720292,0.05,0.438481989440584,-0.990058497781143,-1.43948839713695
0.467,-0.0269390395833098,12.683568467975,-4.84019989213937,-244.492093585754,370.175423410943,-1985.96328108848,60550.379727359,196642.890487433,-6254289.59804455,2260795.89905141,-548525284.972983,-977425605.674386,199983330430.143,199999931273.408,0.0269390395833098,0.05,0.538780791666195,-0.910407098704179,-1.4529487458216
0.468,-0.0315843249063917,12.4381162526153,-4.4408128490917,-246.379397683152,427.515570097223,-1788.34456352969,54055.1580418992,198448.306905475,-6702823.21780246,1383370.25901363,-348541954.540024,-777425674.096765,199976376556.49,199999948126.896,0.0315843249063917,0.05,0.631686498127835,-0.8272214768106,-1.46143107637054
0.469,-0.0358026526724131,12.1908758085269,-3.98739969323301,-248.068318258883,478.169558553467,-1589.3258090497,47211.3932429191,199476.297652053,-6951376.98406423,705944.55898029,-148565577.98168,-577425725.613378,199936903695.005,199999950682.612,0.0358026526724131,0.05,0.716053053448263,-0.740815801009044,-1.46483658586839
0.47,-0.0395433896058061,11.9420460980124,-3.48678752493524,-249.557810655537,521.888833078971,-1389.58444334781,40219.0562871461,199926.862673241,-6999974.11019841,228518.808708302,51371325.7137779,-377425774.597119,-102589998481.793,199999937879.587,0.0395433896058061,0.05,0.790867792116121,-0.651518772599466,-1.46308617180007
0.471,-0.0427628209020466,11.6918268226522,-2.94595454047413,-250.84740764143,558.61218961531,-1189.59789217482,33227.6695067239,200000.001917508,-6999897.78372553,-48906.9969488043,-51218672.7684986,-177425836.505765,102581578374.342,199999870024.535,0.0427628209020466,0.05,0.855256418040933,-0.559672391310481,-1.45612096138672
0.472,-0.0454242233334636,11.4404179458788,-2.371896444976,-251.937019410657,588.335648017074,-989.643581339855,26219.2593163428,199895.715314048,-6999825.66730685,-126332.898442185,51362905.6062332,22574033.5948387,-102844368031.475,199999537939.871,0.0454242233334636,0.05,0.908484466669272,-0.465630602701716,-1.44390268102398
0.473,-0.0474978734360086,11.1880194155512,-1.7716165218124,-252.826733583166,611.059269801954,-789.798936760984,19227.9743738335,199814.002688774,-6999884.94571636,-3759.09587736547,-51481462.425656,222573571.546334,103199379202.101,-190834073970.353,0.0474978734360086,0.05,0.949957468720173,-0.369757876297574,-1.42641386476773
0.474,-0.048961047591988,10.9348310859856,-1.15211119737574,-253.516618461899,626.783021433245,-589.957669383407,12219.5485934377,199889.724699697,-6999766.71854096,123397.438683795,51717916.7767767,31739497.5700563,-103632196423.908,-199995797729.527,0.048961047591988,0.05,0.97922095183976,-0.272427742613362,-1.40365790166368
0.475,-0.049798022041019,10.6810528084904,-0.520383738125846,-254.006611047086,635.506988311943,-390.009289144982,5228.36880054758,199995.659254209,-6999864.89997614,55139.0373890782,-51914279.6474778,-168256300.160505,104279059894.529,199988534890.638,0.049798022041019,0.05,0.99596044082038,-0.174021298113462,-1.37565893434747
0.476,-0.0500000728228627,10.4268845263008,0.116569496318253,-254.296618660936,637.231117243315,-190.005770171727,-1780.07339593677,200000.001563973,-6999639.64967635,-13122.9953260988,52364780.2473239,31732234.7319077,-105127026030.811,-16459152179.7149,0.0500000728228627,0.05,1.00000145645725,-0.074925684070782,-1.34246167438092
0.477,-0.0495654758090351,10.1725262375022,0.751745276047888,-254.386625432364,631.955571193093,9.99227286377864,-8771.05182649479,200000.001493973,-6999838.38244443,10379.6633159562,-52762245.7837624,15273082.5508359,106601582215.911,-181257575733.094,0.0495654758090351,0.05,0.991309516180703,0.0244674545507443,-1.30413118900897
0.478,-0.0484995065418602,9.91817794156692,1.3781473715028,-254.276632302624,619.680248200274,209.992457365514,-15779.504401462,199987.80810261,-6999299.83712024,-64976.0419997669,53839336.4323576,-165984493.178654,-108693171711.715,199997665821.134,0.0484995065418602,0.05,0.969990130837204,0.123763524148589,-1.26075261466348
0.479,-0.0468144403043928,9.66403963270062,1.98877265504519,-253.966662019458,600.405538220777,409.92844666219,-22770.0000989848,199873.172758301,-6999807.08654373,-130961.702267853,-54853835.2795535,34013172.6524707,116944549461.283,199996108776.15,0.0468144403043928,0.05,0.936288806087856,0.222566545199691,-1.21243077363839
0.48,-0.0445295518345158,9.41031124192349,2.57662524765053,-253.456815728879,574.131364962148,609.75014066363,-29777.7433449249,199792.550327108,-6996188.64709265,3049.52477273708,62090714.1818854,234009281.421929,-131519411461.916,-199999466422.394,0.0445295518345158,0.05,0.890591036690316,0.320480716634772,-1.15928973434336
0.481,-0.0416711150356534,9.15719260154175,3.13470320060466,-252.74716072026,540.860395770514,809.574884049603,-36764.806536837,199879.271248116,-6999857.63864172,137059.072983588,-69428697.2802883,34009814.9286639,199242428734.449,-199999864874.822,0.0416711150356534,0.05,0.833422300713068,0.417111975587804,-1.10147228796033
0.482,-0.0382724010684431,8.90488354691088,3.65601331764638,-251.837623606008,500.59239073263,1009.52001986931,-43766.1714526632,200000.001917656,-6969665.12155478,71068.9554750618,129813731.453986,-165990050.153042,199767774098.164,-199999936824.284,0.0382724010684431,0.05,0.765448021368863,0.512069547019965,-1.03913929850425
0.483,-0.0343736749617581,8.6535840176677,4.13356808542482,-250.728100322107,453.371345998314,1209.51955798553,-50637.6350794747,199954.742525349,-6739967.50305171,-194921.063090037,329581505.552151,-365989987.306772,199828183433.84,-199999950128.473,0.0343736749617581,0.05,0.687473499235162,0.604967477076394,-0.972468983507605
0.484,-0.0300221386180501,8.40349399118466,4.5605126837532,-249.418652794612,399.426983592514,1409.30750837624,-57179.5071325115,199543.493143659,-6310471.90578264,-660911.025461067,529409688.986101,-565989937.788374,199838316652.236,-199999947665.44,0.0300221386180501,0.05,0.600442772361003,0.695426164732139,-0.901656194246906
0.485,-0.0252717006083268,8.15481321657983,4.93032189250816,-247.909708939566,339.188802051772,1608.41788107853,-63191.9678076924,198566.253824745,-5681143.05847042,-1326900.93708226,729248005.638501,-765989885.755599,199824529943.095,-199999930750.104,0.0252717006083268,0.05,0.505434012166536,0.78307393283032,-0.826911710825378
0.486,-0.0201825466700626,7.90774074872694,5.23699990400822,-246.202262662951,273.286130071172,1806.1846861815,-68475.1827750197,196823.024623021,-4851982.78786037,-2192890.78821306,929072535.581771,-965989816.704761,199783801131.091,-199999868154.729,0.0201825466700626,0.05,0.403650933401252,0.867548642499002,-0.748461555071984
0.487,-0.0148205103786241,7.66247428226543,5.47528015510573,-244.29807386063,202.548125649843,2001.74193383725,-72829.3319949007,194113.805615101,-3823018.35171306,-3258880.53899535,1128856336.71302,-1165989684.92783,199686816551.175,137239979670.49,0.0148205103786241,0.05,0.296410207572483,0.948499344683059,-0.666546323920266
0.488,-0.00925624399158699,7.41920928607905,5.64082514476208,-242.199865607936,128.003747485875,2194.03768595786,-76054.6410421654,190294.803563569,-2594318.60672445,-4356250.2340881,1328543153.2643,-1028749705.1901,199374448765.974,199999861308.059,0.00925624399158699,0.05,0.18512487983174,1.02558796218847,-0.581420545658323
0.489,-0.00356418949603771,7.17813796502819,5.73042620270322,-239.911447757589,50.8816782679072,2381.99123950356,-77951.4589974634,185457.511787063,-1166088.22907716,-5285000.0086243,1527917602.03033,-828749843.697183,94255880827.4237,199999922622.2,0.00356418949603771,0.05,0.0712837899207542,1.09849099552066,-0.493352050965591
0.49,0.00217864991157262,6.9394481953579,5.74220225212623,-237.43764145771,-27.3942445820685,2564.67645969737,-78337.8791120542,179791.470176965,408957.31336688,-6013749.89101044,1622173482.85775,-628749920.812965,-199307353807.218,199999936365.005,0.00217864991157262,0.05,0.0435729982314524,1.16690124564287,-0.402621303454672
0.491,0.00789412900846509,6.70332260155941,5.67577315720104,-234.784096083251,-105.265587263382,2741.36459665996,-77151.0529495596,173496.678648191,1931477.11932102,-6542499.84364087,1422866129.05046,-428749984.171387,-199620638258.491,199999929570.458,0.00789412900846509,0.05,0.157882580169302,1.23052954330965,-0.309520626336892
0.492,0.0135045029204476,6.46993782770736,5.53231157889359,-231.957089759079,-181.222074825042,2911.52690043888,-74541.4128720898,166773.137133954,3254532.92924224,-6871249.86302688,1223245490.79185,-228750054.394184,-199713049525.637,199999861502.821,0.0135045029204476,0.05,0.270090058408953,1.28910645153978,-0.214353307627988
0.493,0.0189339254140465,6.23946400870986,5.31441052406877,-228.963329360049,-253.940668361115,3074.83462101156,-70708.5427057059,159820.845553853,4377921.89527126,-6999999.98666936,1023532441.26603,-28750192.8601611,-199745161052.052,57500334129.1821,0.0189339254140465,0.05,0.378678508280931,1.34238386864841,-0.117432585583696
0.494,0.0241097715113005,6.01206444136058,5.02588622064134,-225.809751698584,-322.297984094022,3231.15307077103,-65852.1454499769,152816.053859628,5301581.75601127,-7000000.01246474,823787280.213765,28750141.2149942,-199744034995.208,-35810757494.4972,0.0241097715113005,0.05,0.482195430226011,1.39013647391141,-0.0190805187086423
0.495,0.0289637608680893,5.78789544378193,4.67157842071392,-222.503356364781,-385.370363454084,3380.47242424897,-60171.960726358,145824.460458022,6025497.01872743,-6989155.249997,624043245.218316,-7060616.25166856,-199706260549.568,-7568305249.42639,0.0289637608680893,0.05,0.579275217361786,1.43216300127685,0.0803732504172231
0.496,0.0334328814313793,5.56710633614092,4.25715066397928,-219.051136923325,-442.433889557732,3522.80081501446,-53867.7264617796,138830.513515504,6549687.13367096,-7000000.01887317,424336984.668496,-14628921.5584034,-199584053328.573,29258684644.0085,0.0334328814313793,0.05,0.668657628627587,1.46828733634391,0.180592805894656
0.497,0.0374601133577993,5.34983944601515,3.78889054321787,-215.460087880316,-492.964365619422,3658.13010952527,-47139.134847475,131828.075483087,6874232.09167517,-6999999.59810954,224752931.338206,14629763.1102469,-198900599623.847,-29260377476.8153,0.0374601133577993,0.05,0.749202267155986,1.49835943272202,0.281237300408065
0.498,0.0409949532178214,5.13623010266919,3.27351002272143,-211.737210030113,-536.637213124153,3786.45940436576,-40185.676390068,124830.514036729,6999534.72320145,-7000000.02373746,25852331.7141326,-14630614.4269701,-54208277412.7511,29261622956.8445,0.0409949532178214,0.05,0.819899064356429,1.52225604462132,0.381962308827353
0.499,0.0439937388077341,4.92640663539804,2.71794718596584,-207.889502397188,-573.321072106343,3907.78869923261,-33182.2502106217,117828.075642697,6998282.91620978,-6999999.82668597,-28355945.7003359,14631008.5515164,53878987228.2742,-29262418762.1436,0.0439937388077341,0.05,0.879874776154682,1.53988127337519,0.482421194118289
0.5,0.046419786515323,4.72049037349676,2.12920063673286,-203.92396595685,-603.006661892005,4022.11799423776,-26189.1654360573,110830.514250234,6996866.46412358,-7000000.02751526,25523041.527753,-14631410.2739246,-49010001675.3551,29263071148.3323,0.046419786515323,0.05,0.92839573030646,1.55116693091934,0.582266479182669
0.501,0.0482434106399862,4.51859564626051,1.5142661915763,-199.847599733616,-625.695182339146,4129.4472892406,-19187.7057847824,103828.075695832,6997884.50481365,-6999999.90221496,-23486960.147482,14631660.8932579,44224871390.9467,-29263578346.5658,0.0482434106399862,0.05,0.964868212799724,1.5560727466149,0.681151218578914
0.502,0.0494419227327047,4.32082978298448,0.880142860346144,-195.667404702887,-641.386017661901,4229.77658431806,-12194.193948144,96830.5143607154,6996509.98036164,-7000000.0304947,20737911.2434375,-14631917.5192771,-40001314327.8672,29264017227.5508,0.0494419227327047,0.05,0.988838454654094,1.55458645564327,0.778730364703087
0.503,0.0499996318561214,4.12729311296391,0.233826361442831,-191.390379889181,-650.08016702275,4323.10587938118,-5193.98189788196,89828.0757073601,6997247.23444115,-6999999.93940012,-19263403.0845047,14632099.724565,35904415488.3884,-29264386379.8843,0.0499996318561214,0.05,0.999992637122429,1.54672377715281,0.874662123060967
0.504,0.0499078439115791,3.93807896549406,-0.41768509209412,-187.023526267949,-651.777239853277,4409.43517448731,1799.61770426501,82830.5144197726,6995936.03910084,-7000000.0328652,16641012.404071,-14632286.7237229,-32652061538.0118,29264716843.8161,0.0499078439115791,0.05,0.998156878231583,1.53252828179246,0.968609291314999
0.505,0.049164861726532,3.75327366987019,-1.06739611247976,-182.573842863702,-646.478241129955,4488.76446957203,8798.43223931155,75828.0756960197,6996251.0207359,-6999999.96116691,-16011049.1342398,14632430.1340748,29910285879.8374,-29265007445.3889,0.049164861726532,0.05,0.983297234530641,1.51207115009838,1.0602405768705
0.506,0.0477759843174693,3.57295655538757,-1.70830951352731,-178.04833065193,-634.18310562655,4561.0937646811,15791.662783127,68830.5144483331,6995195.11454158,-7000000.03475522,13899236.7460082,-14632577.3818883,-29151245457.1862,29265273995.0547,0.0477759843174693,0.05,0.955519686349387,1.48545082233474,1.14923188785998
0.507,0.0457535067367618,3.39719995134149,-2.33343058570145,-173.453988657131,-614.89274338192,4626.42305976405,22788.948975132,61828.0756701951,6994518.72855899,-6999999.97513946,-15252008.7116493,14632696.6251068,30103833114.9033,-29265515479.2797,0.0457535067367618,0.05,0.915070134735235,1.45279254199692,1.23526759250546
0.508,0.0431167192905568,3.2260691870272,-2.93576348610888,-168.797817854824,-588.607822717578,4684.75235485927,29780.8590048544,54830.5144570864,6994318.63640479,-7000000.03625367,14851824.403678,-14632818.9266428,-23642043877.0222,29265741230.9379,0.0431167192905568,0.05,0.862334385811136,1.41424779456614,1.31804174197267
0.509,0.039891906890496,3.05962259173998,-3.50831473774175,-164.086817269498,-555.328314175613,4736.08164992498,36778.6632128148,47828.0756345292,6997349.43886996,-6999999.98456471,-8790219.4736624,14632922.314481,-192624983213.914,-29265950345.2442,0.039891906890496,0.05,0.79783813780992,1.36999364428975,1.39725925199029
0.51,0.0361123489883425,2.89791149477507,-4.04408946687127,-159.327987876692,-515.060467320908,4780.41094499472,43739.513378079,40830.514452343,6892246.72778934,-7000000.03742251,-201415202.68781,-14633028.1048325,-197034331499.067,29266148971.5966,0.0361123489883425,0.05,0.72224697976685,1.32023197203582,1.47263703867886
0.511,0.0318183044315692,2.74098022542772,-4.53614150396753,-154.528328700888,-467.916609543193,4817.74024003251,50498.2134492746,33828.0755919672,6592314.359352,-6999999.99104141,-398449534.18707,14633120.8755027,-197744684160.867,-29266336277.7283,0.0318183044315692,0.05,0.636366088631384,1.26518861129529,1.54390510422873
0.512,0.0270568920764789,2.58886611299313,-4.97772853766198,-149.694840717641,-414.196886531779,4848.0695350686,56858.3455941729,26830.5144382473,6094992.48308449,-7000000.03830442,-596194218.348096,-14633215.4775794,-197874781185.843,29266516709.9622,0.0270568920764789,0.05,0.541137841529578,1.20511235084459,1.61080756827223
0.513,0.0218817902014262,2.44159948676652,-5.36250690969795,-144.834522951423,-354.39865518167,4871.39883007095,62622.2618378857,19828.0755445797,5399860.87414348,-6999999.99542687,-794068999.534066,14633301.2399954,-197708710688.341,-29266689481.7609,0.0218817902014262,0.05,0.437635804028523,1.14027377800724,1.67310364102253
0.514,0.0163527391101769,2.29920367604308,-5.68472919092877,-139.954376377806,-289.217045602912,4887.72812506765,67592.1367604807,12830.5144177778,4506937.51926524,-7000000.03892739,-991777710.222505,-14633388.3180729,-197205234527.943,29266858099.7076,0.0163527391101769,0.05,0.327054782203538,1.07096396132359,1.73056853448824
0.515,0.0105348460029601,2.16169501011797,-5.93944197934601,-135.061400021253,-219.544953252607,4897.05742002935,71570.3178855467,5828.07549395589,3416557.19177876,-6999999.99819546,-1188982944.75052,14633469.7884673,-195999760825.417,-29267021801.7677,0.0105348460029601,0.05,0.210696920059203,0.99749297786082,1.78299430832906
0.516,0.00449769210947248,2.02908281828634,-6.12268352174417,-130.162594857348,-146.472687251997,4899.38671498286,74359.716978146,-1169.48560673416,2129574.36661553,-7000000.03930751,-1384982705.57599,-14633552.0902021,-192115006295.684,29267183604.9817,0.00449769210947248,0.05,0.0899538421894497,0.920188291355527,1.83019064718085
0.517,-0.0016857575457845,1.90136942984331,-6.23168073001671,-125.264959910545,-71.2870183334005,4894.71600990055,75764.7808242576,-8171.92455857637,648534.1578917,-6999999.99959507,-1577097711.8717,14633631.5211917,35839904970.9417,-29267342753.3375,0.0016857575457845,0.0503528061371289,0.033478919550056,0.839392988102198,1.87198556656005
0.518,-0.00794044039191011,1.77855017408398,-6.26504268265008,-120.37549615644,4.54067328053187,4883.04530480871,75630.7394437086,-15169.4856332943,-910643.60149453,-7000000.03945018,-1541257806.90077,-14633711.3092766,191833457288.928,29267502088.6617,0.00794044039191011,0.051703252138842,0.153577194149938,0.755463878431838,1.90822604474254
0.519,-0.0141906581355086,1.66061338030343,-6.22290103404407,-115.501202619477,79.4672076830637,4864.37459968066,73981.4391816452,-22171.9246118085,-2355984.67975084,-6999999.99971497,-1349424349.61184,14633790.7857564,195510369703.02,-29267660842.8405,0.0141906581355086,0.0538307271205886,0.263616319053604,0.668769479661927,1.93877857831382
0.52,-0.0203616044655028,1.54754037779671,-6.10689036764463,-110.649080275263,152.053896731969,4838.70389454282,70983.3273887056,-29169.4856600271,-3607653.84451117,-7000000.03935027,-1153913979.90881,-14633870.1340522,196632339995.273,29267821958.7526,0.0203616044655028,0.0565191465831699,0.360260295783837,0.579687932011667,1.96352965939086
0.521,-0.0263807969919425,1.43930549585887,-5.91999252400508,-105.826128148233,221.049271215934,4806.03318936882,66831.4886109059,-36171.9246645377,-4663251.65442234,-6999999.99850478,-957281639.913522,14633951.831429,197041171031.209,-29267984636.0316,0.0263807969919425,0.0595858097595848,0.442736233649975,0.488604919576714,1.98238617283257
0.522,-0.0321793283047018,1.3358760637849,-5.66634296181771,-101.039347214002,285.397797108436,4766.36248418594,61722.4363316986,-43169.485684982,-5522012.70882026,-7000000.03899101,-760240468.882295,-14634032.8810001,197058733107.824,29268152237.0132,0.0321793283047018,0.0628782863052207,0.511771713187259,0.395911638085655,1.99527571207273
0.523,-0.0376929214407171,1.2372124108698,-5.35103431652472,-96.295736496993,344.240731121457,4719.69177896738,55853.1465106218,-50171.9247154512,-6183723.81114865,-6999999.99575335,-563181735.774455,14634119.3635267,196649733103.454,-29268323903.8298,0.0376929214407171,0.0662713830649723,0.568766180777652,0.302002823127332,2.00214681253632
0.524,-0.042862788609111,1.14326786640853,-4.97991945994078,-91.6022969728331,396.916345842754,4666.0210737422,49420.6067871032,-57169.4857059106,-6648580.68037137,-7000000.03834139,-366532002.67099,-14634204.6157024,195253556118.132,29268503887.2864,0.042862788609111,0.0696642133921995,0.615277005537975,0.207274846922544,2.00296910192432
0.525,-0.047636292935742,1.05398875969604,-4.55941455253812,-86.9660276659318,442.959709187398,4605.35036848238,42621.3023647494,-64171.9247629745,-6917485.9049833,-6999999.99101331,-171278446.552852,14634299.2803117,187375350912.266,-29268691237.2883,0.047636292935742,0.0729773885825271,0.652754145647073,0.112123891063781,1.99773336698511
0.526,-0.0519674134789151,0.969314420027253,-4.09630268162632,-82.3939295519242,482.101529498184,4537.67966321989,35649.4064616417,-71169.4857199405,-6995076.67608001,-7000000.0373513,16096904.3594545,-14634392.0309321,-8166215160.48588,29268891928.4272,0.0519674134789151,0.0761503480778539,0.682431726060991,0.0169442021353224,1.98645153671721
0.527,-0.0558170151667447,0.889177176697073,-3.59754169235725,-77.8930016552054,514.255740180214,4463.0089579245,28661.0172018813,-78171.9248050283,-6983062.8793008,-6999999.98341789,7930689.19886764,14634499.9078941,-10974477392.9516,-29269104866.7971,0.0558170151667447,0.0791388422180399,0.705304924893393,-0.0778735637695754,1.96915658228091
0.528,-0.059152943062885,0.813502359000392,-3.07011904839775,-73.4702449514194,539.426090454086,4381.33825263285,21680.0905876144,-85169.4857230004,-6980619.42879841,-7000000.03594306,-3043788.19399003,-14634605.0309513,4248758963.41799,29269339492.4394,0.059152943062885,0.0819125784940591,0.722147247106563,-0.171943908985621,1.94590233422082
0.529,-0.0619500265961982,0.742208296232089,-2.52101644063936,-69.1326584649429,557.615541060891,4292.66754731099,14698.6573912129,-92171.9248385603,-6981538.83751069,-6999999.97122768,1204970.76940727,14634734.4740322,-673687753.521297,-29269594486.2937,0.0619500265961982,0.0844530395102769,0.733544073196556,-0.264888002465176,1.91676321792896
0.53,-0.0641900763783883,0.675206317687025,-1.95721511609594,-64.8872431714283,568.823601791487,4196.9968420032,7717.6087577947,-99169.4857086336,-6980670.71061804,-7000000.03399649,531283.01586013,-14634860.0819137,47593336.5733987,29269887059.0451,0.0641900763783883,0.0867514782170245,0.739930635162264,-0.356335154986261,1.88183390859457
0.531,-0.0658618842822157,0.612400752660066,-1.38569613251049,-60.7409980952288,573.050965724197,4094.32613666946,737.211620907348,-106171.92485848,-6980115.63093389,-6999999.95054878,578876.352442641,14635026.9923137,4908096762.91629,-29270215530.3915,0.0658618842822157,0.08880709344835,0.741628643893416,-0.445924259850572,1.84122890720459
0.532,-0.0669612228897387,0.553688930446061,-0.813439848560254,-56.7009242120041,570.29842051306,3984.65543136729,-6241.79655572318,-113169.485665087,-6977082.70619999,-7000000.03132137,5486973.11542668,-14635188.6048379,-18041452114.7986,29270618360.8113,0.0669612228897387,0.090625386412837,0.738879308990772,-0.533305191946501,1.79508203946242
0.533,-0.0674908445185483,0.49896118033988,-0.247425095164247,-52.7740205460747,560.568245372584,3867.98472604634,-13219.1426840513,-120171.924854598,-6980616.45914196,-6999999.91074573,-12554478.9994757,14635429.7743056,3072881856.5862,-29271142472.8081,0.0674908445185483,0.0922166965549351,0.731872286038167,-0.618140159849067,1.74354587979523
0.534,-0.0674604796408134,0.448100831636389,0.305369645293887,-48.9672880731043,543.856830082538,3744.31402078851,-20205.5242357169,-127169.485574462,-6991634.49721315,-7000000.05220757,-9481597.14287476,-14635712.7618471,178927495582.522,199999940674.489,0.0674604796408134,0.0935949131458008,0.720770791631854,-0.700105005672481,1.68679110290653
0.535,-0.0668868403164258,0.400984213867619,0.837959536838302,-45.2877243946382,520.161363644339,3613.65042917405,-27172.0782822377,-134143.470159841,-6911652.34656476,-6914635.79463284,169445898.439565,185364228.524212,191619882041.896,199999980724.254,0.0668868403164258,0.0947763570838634,0.705733395695306,-0.778890449898967,1.62500576570694
0.536,-0.0657936150847738,0.357480670874255,1.34339157636188,-41.7422887391961,489.569684333643,3476.08886842405,-33967.0710325757,-140932.090510303,-6646396.50710425,-6629271.5757469,361065780.481378,385364210.298713,193917165282.642,199999986685.917,0.0657936150847738,0.0957788254185043,0.686932782870216,-0.854203271067621,1.55839452798958
0.537,-0.0642113734996957,0.317452664876074,1.81488665281193,-38.337753060468,452.347672559482,3331.91470275936,-40400.6151218921,-147335.346649972,-6188372.14398155,-6143907.37210533,554982945.763949,585364198.261357,194506004520.458,199999988226.364,0.0642113734996957,0.0966207886021164,0.664570993765302,-0.925767383584111,1.48717784510376
0.538,-0.0621772994002602,0.280756062154609,2.24602736762588,-35.080503947932,408.95347294008,3181.61329638391,-46279.0781255716,-153153.238591733,-5536136.19595737,-5458543.17973034,749488950.28435,785364187.806969,194311752303.733,199999987797.483,0.0621772994002602,0.0973207300888806,0.638890597547668,-0.993324777773985,1.41159117198282
0.539,-0.0597347326325431,0.247240618417341,2.63095146010799,-31.9763426268684,360.039337864589,3025.87001349011,-51408.0845543362,-158185.766346388,-4689491.36952115,-4573178.9980244,943800702.588045,985364176.807218,193342513910.456,199999985420.325,0.0597347326325431,0.0978966191924585,0.610181772621876,-1.05663631082741,1.33188418875422
0.54,-0.0569325167795004,0.216750664161907,2.9645461100173,-29.0302849583706,306.451863680669,2865.57021825946,-55593.4518202449,-162232.929925202,-3649019.40997788,-3487814.82850666,1137143216.49848,1185364163.18644,190910008312.636,199999979275.984,0.0569325167795004,0.0983655072410797,0.578785372803161,-1.11548234492944,1.24832005105525
0.541,-0.0538241526140438,0.189125990040266,3.24264204977018,-26.2463614393562,249.231380608531,2701.79927486107,-58642.0812872548,-165094.729342299,-2416421.18932308,-2202450.67568176,1328053224.81111,1385364143.08101,183373206277.249,199999959030.357,0.0538241526140438,0.0987432357393353,0.545092048189813,-1.16966323033205,1.16117466794743
0.542,-0.0504667579165735,0.164202932222875,3.46220651653117,-23.6274172025821,189.61007148101,2535.84254744655,-60363.9136631261,-166571.164619964,-996681.36137334,-717086.553085048,1511426431.08838,1585364102.3264,52928758136.0906,-17787170348.3657,0.0504667579165735,0.0990442441201635,0.50953751391495,-1.2189996321057,1.07073601020639
0.543,-0.0469198358762053,0.141815657460359,3.62153193479453,-21.1749138315598,129.0019269073,2369.17632567384,-60596.0603492659,-166498.533650269,541209.448783087,859383.964067704,1564355189.22451,1567576931.76131,-181602419136.189,-199999960021.612,0.0469198358762053,0.0992814638639812,0.472594118278584,-1.26333270055012,0.977303451518168
0.544,-0.043243866986856,0.121797630348109,3.72038970121456,-18.8887798811356,68.9296303798321,2203.36041339668,-59302.9403757266,-164888.694546943,2014763.42843951,2326960.9158187,1382752770.08839,1367576971.09986,-190385407065.749,-199999980308.855,0.043243866986856,0.0994662854811968,0.43475904199751,-1.30252409086507,0.881187138195941
0.545,-0.0394988010868244,0.103983157019036,3.76005968346479,-16.7674206604345,10.8565977880449,2039.85479536633,-56628.5314634205,-161911.278475538,3302323.49499503,3594537.89676457,1192367363.02274,1167576989.7755,-193068609544.102,-199999986530.636,0.0394988010868244,0.0996085853342066,0.396540127081396,-1.33645586260162,0.78270734812846
0.546,-0.0357426039279554,0.0882088374867014,3.74320047583848,-14.8078754200549,-43.9300885594391,1879.92704856251,-52762.2023885048,-157766.285414844,4398156.55324571,4662114.89327503,999298753.478761,967577001.941664,-194145795536.63,-199999989037.677,0.0357426039279554,0.0997167992275399,0.358441147377743,-1.36503032044655,0.682193775385211
0.547,-0.0320299708823982,0.07431483296923,3.67366233174335,-13.0060158336066,-94.3347522876269,1724.64474998131,-47896.7540911091,-152653.71535193,5300382.40895616,5529691.90069793,805152957.942288,767577011.443721,-194435525601.632,-199999989684.9,0.0320299708823982,0.0997980291864261,0.32094792996929,-1.38816984149112,0.57998470657293
0.548,-0.02841123143029,0.0621459334663024,3.5562945272221,-11.3567459976975,-139.455224494837,1574.87547662996,-42226.2011241154,-146773.568276902,6008317.60409763,6197268.91729906,610717432.340849,567577020.316642,-194031019054.002,-199999988539.023,0.02841123143029,0.0998581707966227,0.284515840853464,-1.4058166990146,0.476426086659255
0.549,-0.0249314470490802,0.0515524253361636,3.3967514180679,-9.85420243192357,-178.583565203198,1431.28680552506,-35944.863307023,-140325.844180598,6522019.52691148,6664845.94334574,416686413.287076,367577030.57516,-192408196041.044,-199999983406.105,0.0249314470490802,0.0999020506345119,0.249558911861489,-1.41793288451857,0.371870478123424
0.55,-0.021629703268167,0.042390758872637,3.20129818299765,-8.49195407885926,-211.205988019386,1294.34631369295,-29246.5686061415,-133510.543052212,6842501.84217803,6932422.98221703,224278217.246296,167577046.476486,-186136060998.189,-199999942958.063,0.021629703268167,0.0999335655735185,0.216440823901701,-1.42449992901884,0.266675917804358
0.551,-0.0185385957925426,0.0345240158821571,2.97661712144048,-7.26320230404647,-237.001681670772,1164.32157817445,-22322.9503321734,-126527.66487021,6973712.02892523,7000000.05721325,38142156.2483776,-32422896.34353,-34263902343.6658,33250139229.5747,0.0185385957925426,0.0999558178302691,0.185467901668537,-1.42551872426321,0.161204676208771
0.552,-0.0156839091620312,0.0278221775847649,2.72961755366545,-6.16097895222002,-255.832846625039,1041.2898947998,-15335.8778755145,-119538.334570869,6994722.23400178,6984202.23048451,3878253.90462183,827242.814724769,-146194908427.167,29941153796.3851,0.0156839091620312,0.0999712414464441,0.15688420924965,-1.42100934397518,0.0558219245422814
0.553,-0.0130844727352629,0.0221622113001407,2.46728149844434,-5.17829389356649,-267.676808462419,925.245046621241,-8363.58233263165,-112548.728526193,6925503.03369281,7000000.05019688,-142316654.522542,30768396.7584559,-190052915921.869,-61537065930.2986,0.0130844727352629,0.0999817174305321,0.130868653505118,-1.41101085982981,-0.0491056777696842
0.554,-0.0107521364587155,0.0174280733651205,2.19656963568596,-4.30815576169405,-272.609277592122,816.198881991634,-1540.91311218708,-105543.600454728,6688159.92120934,6999999.91399012,-332369570.444406,-30768669.233476,-193656337993.949,61537615491.1205,0.0107521364587155,0.0999886760042497,0.107533541680845,-1.39558113021869,-0.153211430888705
0.555,-0.00869185264602993,0.0135107176591255,1.92428913232266,-3.54356276868466,-270.869574686194,714.152717293962,4948.78596746773,-98548.7286055012,6258962.18176796,7000000.05250158,-526025908.438355,30768946.4149626,-194565296307.405,-61538008182.0898,0.00869185264602993,0.0999931855970567,0.0869244498425678,-1.37479655728462,-0.256130036683483
0.556,-0.00690191736704584,0.0103080980176457,1.65691357185978,-2.87751696581254,-262.887085499927,619.106552627503,10912.3076456319,-91543.6004138208,5635653.6251759,6999999.99482536,-720591204.745765,-30769061.818339,-194432930353.755,61538242877.5415,0.00690191736704584,0.099996029058152,0.0690219144905452,-1.34875183438946,-0.357499034116041
0.557,-0.00537440007603528,0.0077251682761907,1.40039027087851,-2.3030163017933,-249.285150947929,531.060387960679,16155.2601800427,-84548.7285753577,4817845.95525325,7000000.05444509,-915024135.099528,30769181.2272171,-193160174028.191,-61538428008.7368,0.00537440007603528,0.0999977678293705,0.0537452004449319,-1.31755969631654,-0.456960220774198
0.558,-0.00409576698713389,0.00567388227027729,1.1599459886723,-1.8130628278816,-230.88152015336,450.014223335651,20483.4007054081,-77543.6003341653,3806241.73313963,7000000.02166771,-1108184309.12773,-30769246.821564,-188454198715.119,61538562504.7411,0.00409576698713389,0.0999987950479863,0.0409581633975535,-1.28135067535539,-0.554161054069044
0.559,-0.00304769876159515,0.00407319383545606,0.939892797695517,-1.40065449276377,-208.687548224515,375.968058732922,23704.1412508647,-70548.7285079521,2603830.32465434,7000000.05609773,-1296638507.84285,30769315.8626581,-41930198741.5142,-61538673885.4703,0.00304769876159515,0.099999378685674,0.0304771769750182,-1.24027286443809,-0.648756026604888
0.56,-0.00220810141839932,0.00284905680730682,0.743436915793925,-1.0587933476911,-183.89934532091,308.921894176712,25652.6639551407,-63543.6002386263,1286226.71744073,7000000.03501745,-1338568706.58437,-30769358.0504215,189936291276.774,61538761096.4951,0.00220810141839932,0.0999996958969009,0.0220810813332458,-1.19449168781372,-0.740408010368694
0.561,-0.00155229602940106,0.00193442502144675,0.572524082675992,-0.780477341334021,-157.818748779342,248.875729654184,26301.2623678354,-56548.7284214319,42626.1564947471,7000000.05751366,-1148632415.3076,30769403.2374184,195221313016.52,-61538835553.3717,0.00155229602940106,0.0999998597654766,0.0155229820625906,-1.1441896744517,-0.828789564515717
0.562,-0.00105430530206182,0.0012692523135349,0.427816836599781,-0.558708524943117,-131.679477847766,195.829565181141,25802.1092021791,-49543.6001337951,-1008395.60230459,7000000.04297399,-953411102.291069,-30769432.331363,196901199377.436,61538911855.6092,0.00105430530206182,0.0999999396130058,0.0105430593872548,-1.08956620277162,-0.913584201691259
0.563,-0.000688077540923098,0.000800492519275865,0.308832262799593,-0.386484847178525,-106.532264080479,149.783400749295,24349.8249152919,-42548.7283205012,-1863356.10490694,7000000.06656945,-756509902.913621,30769479.7290174,197679927765.618,-199999992108.578,0.000688077540923098,0.0999999759768516,0.00688077706221026,-1.03083715490437,-0.99448760799803
0.564,-0.000428536775511447,0.000482099282111362,0.214134477912174,-0.256809513129144,-83.2319655378,110.731467167432,22141.1605135557,-35566.6768448271,-2521026.04393775,6930769.55024824,-558829975.147987,-169230516.035353,198092499200.136,-199999998432.662,0.000428536775511447,0.0999999912856612,0.00428536812855596,-0.968234438248621,-1.07120881199601
0.565,-0.000252437511457884,0.000275014536179931,0.141531287811792,-0.162714958500795,-62.4362025212688,78.5936364640024,19373.7348985773,-28753.8558843257,-2980809.76948567,6661539.03499864,-360737475.947831,-369230520.729197,198308118496.306,-199999999419.907,0.000252437511457884,0.0999999971640227,0.00252437518616955,-0.902005368053537,-1.14347130264252
0.566,-0.000139022300183863,0.000147078015080584,0.0882717729504698,-0.097405029006115,-44.604732581819,53.1006781230319,16245.6077442005,-22310.2654414983,-3242393.18618535,6192308.51456018,-162429357.451503,-569230527.669107,198383733177.689,-199999999608.438,0.000139022300183863,0.0999999991888419,0.00139022301311553,-0.832411913098992,-1.21101411856812
0.567,-7.04814699635234e-05,7.27576581145786e-05,0.0512443306836655,-0.0544528008757718,-29.9991270014012,33.7833616238411,12955.063834819,-16435.9055225212,-3305630.67704801,5523077.98708573,35954375.7262052,-769230534.627313,198313567762.824,-199999999276.189,7.04814699635234e-05,0.0999999998014919,0.000704814701034348,-0.759729807531172,-1.27359294392642
0.568,-3.22146849998045e-05,3.26803796891268e-05,0.0271749478649288,-0.028000580864286,-18.6826230438253,19.97245643901,9700.46260692786,-11330.7761343498,-3170519.51744039,4653847.45281734,234267943.489042,-969230539.563214,197992170102.997,-199999997641.569,3.22146849998045e-05,0.0999999999599502,0.000322146850127064,-0.684247532558945,-1.33098121457214
0.569,-1.28941826156869e-05,1.29628393048527e-05,0.0128255473034139,-0.0129599062573872,-10.5201258646119,10.7987320346573,6680.07575624915,-7194.87728254803,-2837255.48889985,3584616.91442828,432260113.59204,-1169230539.56278,196841150971.802,169230229553.685,1.28941826156869e-05,0.0999999999936987,0.000128941826164994,-0.606265172292277,-1.38297123032429
0.57,-4.32969567462154e-06,4.34272246774784e-06,0.00519223458243849,-0.0052084679579714,-5.17843278591988,5.20834246583732,4091.75718264061,-4166.67059783811,-2306574.79982191,2500001.48963513,629101264.563824,-1000000307.35873,166303366210.795,199999998937.535,4.32969567462154e-06,0.0999999999992928,4.32969567465216e-05,-0.526093148551299,-1.42937526871295
0.571,-1.13535171940728e-06,1.13981099208843e-06,0.00170284966792848,-0.00170677727292672,-2.12818348550027,2.13333897514423,2127.45024280241,-2133.33592682262,-1594321.85215268,1600001.18173568,795404630.774573,-800000298.958789,-197429700204.709,200000000676.355,1.13535171940728e-06,0.0999999999999513,1.13535171940783e-05,-0.444050840051585,-1.4700266842702
0.572,-2.02094635742754e-07,2.04144353210835e-07,0.000404167606549668,-0.000405089287931073,-0.673552967816167,0.675003329642268,897.92575600288,-900.001559114215,-897632.071480466,900000.883103288,597974930.569781,-600000280.103959,-198948985751.701,200000001226.538,2.02094635742754e-07,0.0999999999999984,2.02094635742757e-06,-0.360465093096952,-1.50478092705396
0.573,-1.77437191740856e-08,1.90535509186176e-08,5.32298846596537e-05,-5.3402999237042e-05,-0.133070300193787,0.133335232291764,266.122985515341,-266.66748041388,-399131.633786535,400000.603598193,399025944.817948,-400000249.97723,-199407283441.512,200000001485.626,1.77437191740856e-08,0.1,1.77437191740856e-07,-0.275668646530213,-1.53351641047305
0.574,-2.77345600751678e-10,1.20398894930838e-09,1.66349119067245e-06,-1.71787348848458e-06,-0.00831744424073606,0.00833440553866919,33.2697768975128,-33.3336660041585,-99809.3306893426,100000.354346717,199618661.376244,-200000206.757897,-199618661375.251,200000001632.037,2.77345600764872e-10,0.1,2.77345600764872e-09,-0.189998542641672,-1.55613520876862
0.575,-6.39362728957673e-14,5.94765004394503e-10,1.56968348194562e-12,-3.35908127953186e-08,-1.08066352310929e-11,6.02483298609017e-07,4.00051565722228e-10,-7.91012927452556e-05,-7.24197543210503e-07,0.148384820064621,0.000723947115254428,-148.339318177848,-3.13898219556571e-07,0.0652792909911811,6.39576818400912e-14,0.1,6.39576818400912e-13,-0.103794591676213,-1.57256358066866
0.576,-3.11859750986964e-14,2.80734094819554e-10,7.79493168683687e-13,-1.64396943275618e-08,-5.32401229875632e-12,2.86425551536937e-07,1.89137639112846e-11,-2.44306044483848e-06,-1.25292452591898e-10,2.27672632092417e-05,0.000361973400678104,-74.1696264492782,-3.13898219556571e-07,0.0652792909911811,3.12147538078308e-14,0.1,3.12147538078308e-13,-0.0173979074424499,-1.58275231768058
