time,x,y,vx,vy,ax,ay,jx,jy,snapx,snapy,cracklex,crackley,POPx,POPy,contour_error,allowed_error,error_utilisation,modal_x,modal_y
0,1.13295630774021e-12,-2.47543385377342e-14,7.1164501048629e-11,-2.96425964303504e-12,1.14568072488266e-09,-2.12543394350128e-11,9.69278317353434e-09,-8.39244269733392e-11,9.02058811152432e-08,-6.80873162004442e-10,0.293735767427346,-0.00273301714903074,0.000258513504422464,-2.46874653297388e-06,2.47543385377342e-14,0.1,2.47543385377342e-13,-8.14575684855269e-17,2.51468396627436e-16
0.001,2.33765383377097e-12,-5.24836006787873e-14,1.42701337399124e-10,-5.9344581153479e-12,2.32170947530123e-09,-4.19577744594712e-11,1.65891105237151e-07,-1.5267549886452e-09,0.000293904713158092,-2.73428244062171e-06,0.518604826099265,-0.00495078535771807,199999933121.651,-198827417757.836,5.24836006787873e-14,0.1,5.24836006787873e-13,7.5478720524587e-17,5.17095705427838e-16
0.002,2.81392201239591e-10,-2.76232385116191e-10,1.6668806740028e-06,-1.65690405913996e-06,0.00833333435710285,-0.00828447580465577,33.3333229148389,-33.1379029664436,99999.9673734026,-99413.7088866037,199999933.805499,-198827417.764565,199999905800.477,-197620371949.03,2.76232385116191e-10,0.1,2.76232385116191e-09,1.0961609635152e-10,-1.08971734737298e-10
0.003,1.77827358982445e-08,-1.76719886857945e-08,5.33336024200091e-05,-5.30105979190622e-05,0.133333293729793,-0.132501318357675,266.666574832772,-264.902049393562,399999.854079197,-397051.312625684,399999839.720393,-396447789.715002,199999857341.4,-192369628197.951,1.76719886857945e-08,0.1,1.76719886857945e-07,7.0113730002113e-09,-6.96960256732979e-09
0.004,2.02506317441973e-07,-2.01198328416486e-07,0.000405000218783956,-0.000402259900786611,0.6749997639795,-0.670019056875028,899.999658337015,-892.238861576459,899999.622470337,-889683.916439662,599999697.133753,-588817417.914048,199999754475.634,181021288600.62,2.01198328416486e-07,0.0999999999999985,2.01198328416489e-06,7.98071303532007e-08,-7.92940538815655e-08
0.005,1.13778525341041e-06,-1.12889981586891e-06,0.00170666646770888,-0.00168970459241807,2.13333250718495,-2.09769355931439,2133.33242179438,-2046.16127220642,1599999.19684194,-1387990.6900534,799999451.646841,-407796129.314265,199999429182.695,193253960421.269,1.12889981586891e-06,0.0999999999999515,1.12889981586945e-05,4.48027071162094e-07,-4.44530096991103e-07
0.006,4.34028558358401e-06,-4.26944092961773e-06,0.00520833175698281,-0.00505719162810012,5.20833107987194,-4.89776394976365,4166.664582664,-3605.84103351345,2499998.36308016,-1699159.83915703,999998880.840026,-214542168.893622,169230377896.28,194581496425.154,4.26944092961773e-06,0.0999999999992936,4.26944092964789e-05,1.70739300671208e-06,-1.67948753370241e-06
0.007,1.29599630752297e-05,-1.24488039889002e-05,0.0129597384604992,-0.0120483871485673,10.7987125909166,-9.38083436866704,7194.86744915365,-5379.84170771314,3584612.43286835,-1816411.25983807,1169229258.72697,-19960672.4689241,-199999186631.319,194470130506.145,1.24488039889002e-05,0.0999999999937015,0.000124488039896843,5.09246172524323e-06,-4.89113108431297e-06
0.008,3.26770281908797e-05,-3.01598286752012e-05,0.0280003714719359,-0.0244210886941617,19.9724245011115,-15.664105562952,11330.76131362,-7173.82161536801,4653842.09827967,-1739136.86705393,969230072.073259,174509458.0369,-199999492351.46,193447919213.417,3.01598286752012e-05,0.0999999999599584,0.000301598286872777,1.2823717591826e-05,-1.18328784871166e-05
0.009,7.27537824928871e-05,-6.3679348224466e-05,0.0544525349673362,-0.0439530779186989,33.7833118979386,-23.6703503722182,16435.885199217,-8793.46243353461,5523072.42417721,-1467903.44941032,769230579.692719,367957377.250101,-199999554530.015,191069760240.503,6.3679348224466e-05,0.0999999998015131,0.000636793483508611,2.85109427962552e-05,-2.49422207950188e-05
0.01,0.000147073549237364,-0.000120991009383865,0.0974046862099364,-0.0722478862799614,53.1006050919653,-33.1284770609165,22310.2396541579,-10045.5422342798,6192303.22660491,-1004411.19203997,569231025.132954,559027137.490467,-199999519223.357,185265913891.453,0.000120991009383865,0.0999999991888912,0.00120991010365234,5.75449943260695e-05,-4.72989604570738e-05
0.011,0.00027500939085114,-0.000211514325851172,0.162714513025918,-0.110541699646049,78.5935348844993,-43.5753342885648,28753.8251401307,-10739.5622052593,6661534.49212618,-352751.097603772,369231505.884833,744293051.381842,-199999334460.632,162453122753.041,0.000211514325851172,0.0999999971641288,0.00211514331849446,0.000107414480968052,-8.25046478250733e-05
0.012,0.00048209333973182,-0.000345641889591436,0.256808934275869,-0.159513240902966,110.731332550232,-54.3604543206223,35566.6421627942,-10693.0912567133,6930766.33078068,472768.515154591,169232171.409736,906746174.134847,-199998151241.433,-127973278395.642,0.000345641889591436,0.099999991285876,0.00345641919711101,0.000187934747382928,-0.000134484647772626
0.013,0.000800485629532895,-0.000534090462390001,0.386484100379543,-0.219104731455323,149.78322998482,-64.6713691773426,42548.6915540775,-9788.27853422395,6999999.42656968,1315528.05009162,-30765979.830889,778772895.739198,61523139353.2137,-174670843021.103,0.000534090462390001,0.0999999759772651,0.00534090590693167,0.000311388280801608,-0.000207216067019047
0.014,0.00126924429033856,-0.000787101197369959,0.558707573549823,-0.288419991946826,195.829357053795,-73.679366155696,49543.5618472949,-8112.47584343292,6999995.01641539,2006965.52432026,30757159.5222648,604102052.718107,-61508896305.2684,-182171930318.719,0.000787101197369959,0.099999939613769,0.00787101672670993,0.0004925763526621,-0.000304396700761689
0.015,0.00193441564119578,-0.00111362454699591,0.78047614639713,-0.365797448952928,248.875479732626,-80.6952660586174,56548.6839607579,-5833.82128114006,6999997.72778502,2519981.61187901,-30751736.7822474,421930122.399409,61495070757.4785,-184358946481.85,0.00111362454699591,0.0999998597668362,0.0111362610866903,0.000748790012949871,-0.000429109890192062
0.016,0.00284904580496965,-0.00152063367328566,1.05879186559357,-0.448973584621581,308.921599563159,-85.2064564695256,63543.5549986151,-3133.60109914166,6999993.52638151,2849732.2610375,30743333.975121,237571175.917584,-61478800011.0202,-184430236420.591,0.00152063367328566,0.0999996958992486,0.0152063829755815,0.00109974022379188,-0.000583543299978903
0.017,0.00407318090118168,-0.00201261229056571,1.40065267695088,-0.535263524385255,375.967713598001,-86.8832808353498,70548.6737253191,-195.821622882137,6999997.46035111,2995088.31874478,-30735466.0351917,53140939.4970176,61458064112.2739,-182945237518.401,0.00201261229056571,0.0999993786896173,0.0201262479521253,0.00156747416783823,-0.000768780687329658
0.018,0.00567386704414245,-0.00259122510823336,1.81306062521854,-0.621744844984977,450.013824229178,-85.5803241938425,77543.5464633412,2795.34629269142,6999991.02637206,2956756.6394826,30722598.0769248,-129804298.021361,-61432953053.1327,-179590998479.318,0.00259122510823336,0.0999987950544472,0.0259125633146129,0.00217628248324911,-0.000984670518509899
0.019,0.00772515034400996,-0.00325517235723233,2.30301365607421,-0.705441608364626,531.059926933002,-81.3357165893519,84548.6599632458,5657.26895008345,6999997.14792241,2737156.84222158,-30710354.975546,-309395296.500661,61398416743.1738,-173066258945.106,0.00325517235723233,0.0999977678397201,0.0325524501951867,0.00295259788826474,-0.00122977234237799
0.02,0.0103080769039146,-0.00400022771622021,2.87751381129158,-0.783506831362509,619.106025345716,-74.3686461950319,91543.5350031402,8210.88376756385,6999986.00131845,2341228.41624836,30688061.7674265,-482461555.445753,-61354565769.2353,-159460667883.223,0.00400022771622021,0.099996029074391,0.0400038656859492,0.00392488561713609,-0.00150138066737084
0.021,0.0135106928214484,-0.00481945708087914,3.54355903590898,-0.853401262342299,714.152111586852,-65.0742026730809,98548.6392743832,10284.3046281088,6999996.78020126,1779036.526861,-30666504.0011895,-641922223.328967,61281229700.8737,-123570824384.767,0.00481945708087914,0.0999931856220548,0.0481978551928058,0.00512352611981073,-0.00179562504541886
0.022,0.0174280441835873,-0.00570361278826742,4.30815136622363,-0.913064583130344,816.198191552501,-54.012515603113,105543.51634087,11721.7849059079,6999970.8910505,1075328.89133965,30614725.6994417,-765493047.71373,-61178545727.3018,5190691921.46711,0.00570361278826742,0.0999886760420606,0.0570425873612745,0.0065806905061196,-0.00210764365291041
0.023,0.0221621770683833,-0.00664169156493535,5.17828874360805,-0.961068837086945,925.244246687679,-41.8804321473244,112548.598170484,12415.2323887109,6999996.34388629,312431.189586652,-30563820.0272804,-760302355.792261,29623143704.6568,112779188039.975,0.00664169156493535,0.0999817174868004,0.0664290605511172,0.0083302092455965,-0.00243182487515985
0.024,0.0278221374891223,-0.00762162457397153,6.16097292885856,-0.996720320613487,1041.28898335831,-29.4310020902838,119538.249794976,12366.3089317414,6984244.09571134,-391481.572185622,-940676.32290425,-647523167.752287,33388480285.945,140125895875.809,0.00762162457397153,0.0999712415289463,0.0762381706719599,0.0104074346353081,-0.00276210330323158
0.025,0.0345239690011301,-0.00863102085730552,7.263195316892,-1.02005922758285,1164.32058960896,-17.3625158935988,126527.588299241,11674.4200916589,6999997.6595314,-968941.792000004,32447803.9635838,-507397271.876481,-199988856543.465,149048343149.811,0.00863102085730552,0.0999558179495627,0.0863483590486018,0.0128490966910048,-0.00309227781389035
0.026,0.0423907042045479,-0.00965786000005161,8.49194605239702,-1.03176592321265,1294.34525183678,-6.25092256228769,133510.478384665,10476.6210542457,6932451.03522325,-1401814.89230158,-167541052.5826,-358348928.726673,-199996493032.426,150899885691.018,0.00965786000005161,0.0999335657436411,0.0966428039286304,0.0156931515661274,-0.00341630936401025
0.027,0.0515523618085719,-0.0106910664666728,9.85419330446849,-1.03302584476925,1431.28569904357,3.47135371959031,140325.826144759,8920.78167852926,6664911.73612444,-1684713.87818274,-367537545.619744,-207449043.035658,-199997461175.966,148204520022.753,0.0106910664666728,0.0999020508738055,0.10701548539957,0.0189786277071778,-0.00372857075548443
0.028,0.0621458599654544,-0.0117209415569745,11.3567357545476,-1.02538229452883,1574.87439157171,11.521378806857,146773.636197879,7157.04403216581,6197375.45991671,-1818060.66120702,-567535006.801369,-59244523.0129074,-199997676848.171,140982564729.493,0.0117209415569745,0.0998581711285608,0.117375888467701,0.0227454351548316,-0.00402403802859118
0.029,0.0743147484063651,-0.0127394463718754,13.0060045462387,-1.01058669748267,1724.64379309566,17.7653926947813,152653.911208254,5332.85820357391,5529841.61469126,-1806813.90185519,-767532683.655268,81738041.7165838,-199997553950.816,127629587776.651,0.0127394463718754,0.0997980296402334,0.127652283494979,0.0270341004246604,-0.00429842027125105
0.03,0.0882087409050065,-0.0137403359888337,14.8078632880818,-0.990451542004186,1879.92636976633,22.2137848538715,157766.65355546,3588.1849205398,4662310.15406058,-1661261.06625028,-967530237.611195,209367629.493234,-199997079603.795,104485141278.196,0.0137403359888337,0.0997167998383109,0.137793591562439,0.0318854209207924,-0.00454822756630519
0.031,0.103983047743761,-0.0147191499369781,16.7674080559643,-0.966710947173028,2039.85459014797,25.0105873937552,161911.865744115,2049.02185924917,3594781.37664748,-1399650.86611794,-1167527317.21897,313852770.77143,-199995902976.196,65774532122.9594,0.0147191499369781,0.0996085861421075,0.147769891201737,0.0373400403185439,-0.00477077897097332
0.032,0.121797508182281,-0.0156730696988285,18.8887673956573,-0.94089549867343,2203.36092553197,26.4148332205794,164889.550811657,817.259800537435,2327256.10794041,-1052910.82928503,-1367523220.19768,379627302.894392,-199992066924.334,11806915925.8598,0.0156730696988285,0.0994662865291986,0.157571678261334,0.04343794678803,-0.00496415487622545
0.033,0.14181552292885,-0.0166006622622748,21.1749023259252,-0.914231604494842,2369.17785085848,26.7694007784537,166499.713298344,-43.8695579794263,859736.854280564,-667380.068427711,-1567515287.12286,391434218.820254,-17876416699.4258,-36488471750.2301,0.0166006622622748,0.0992814651934191,0.167208070810937,0.0502178962303608,-0.00512710157268055
0.034,0.164202786868467,-0.0175015410742275,23.6274078608476,-0.88757936281757,2535.84543518577,26.455559869741,166572.71310628,-521.613928955383,-716716.641192011,-294190.085482572,-1585391703.82144,354945747.070026,199991874409.589,-65136715021.513,0.0175015410742275,0.0990442457632668,0.17670426928243,0.0577167630882233,-0.00525890087777626
0.035,0.189125836769867,-0.0183759889832963,26.2463558084698,-0.861419394992384,2701.80389101592,25.8432944927634,165096.632592245,-649.187260073194,-2202112.40780866,28187.3040766973,-1385399829.40943,289809032.048516,199995702477.533,-78756431859.8213,0.0183759889832963,0.0987432377078056,0.186098708224186,0.0659688272780909,-0.00535922300110031
0.036,0.216750507608499,-0.0192245914487813,29.0302849387299,-0.835884577172278,2865.57690058727,25.2532208720758,162235.152886811,-489.221511948876,-3487514.38597932,278618.120195303,-1185404126.92814,211052600.188697,199996864087.878,-82825107794.419,0.0192245914487813,0.0983655095102452,0.195440368727811,0.0750050371320172,-0.00542798229836884
0.037,0.24724046527711,-0.0200479176996358,31.9763504382088,-0.810821427053118,3025.87906212958,24.9350328074311,158188.269248049,-118.881276291628,-4572920.08086352,448258.16648679,-985407262.835547,128227492.394281,199997313241.638,-80101142000.4757,0.0200479176996358,0.0978966216811013,0.204786614240295,0.0848523174429601,-0.00546521132739464
0.038,0.280755921486768,-0.0208462717891214,35.0805220896673,-0.785866449886219,3181.62497001505,25.0583143155318,153155.978421307,380.14044605889,-5458328.68707825,536435.087880833,-785409949.588741,48126350.3938066,199997393798.397,-71781679796.973,0.0208462717891214,0.0973207326350814,0.214201755624751,0.0955329669212803,-0.00547096230543602
0.039,0.317452548361308,-0.0216195230723154,38.3377842687181,-0.760527252415259,3331.92921565956,25.711702460605,147338.2776584,928.675095837131,-6143739.93976779,548670.598376153,-585412555.785335,-23655329.4031652,199997101619.353,-58546112493.5599,0.0216195230723154,0.0966207909358885,0.223756428227344,0.107064154108799,-0.0054452400419612
0.04,0.35748059302877,-0.0223670171115092,41.7423359410449,-0.734261240829563,3476.10638780159,26.9083308793757,140935.164291009,1455.76034409611,-6629153.94474345,495742.212726208,-385415454.161858,-82201441.8967245,199995972995.169,-41411522335.3945,0.0223670171115092,0.095778827132571,0.233527782508238,0.119457513609758,-0.00538796692774048
0.041,0.400984192210127,-0.0230875616468022,45.2877906596982,-0.706546176231716,3613.67107237697,28.5965366094214,134146.635281349,1903.49991548472,-6914571.41240772,392835.009661786,-185419481.164274,-123612964.232119,199988417306.788,-22357242933.8047,0.0230875616468022,0.0947763576046016,0.243600431904351,0.132718843978472,-0.00529897792357928
0.042,0.44810088680515,-0.0237794769978023,48.9673765619461,-0.676937754013106,3744.33785155619,30.6749203172426,127172.685531243,2230.80223587481,-6999996.68491859,258043.423962765,14568936.1422982,-145970207.165924,-29086268674.4966,-4127211574.69587,0.0237794769978023,0.0935949117071224,0.254068053103283,0.146847908199267,-0.00517804130122901
0.043,0.498961336156078,-0.0244406959616501,52.774134454847,-0.645110541825645,3868.01175497333,33.0102439300889,120175.125602948,2415.17268765883,-6999970.88311354,110009.611009492,-14517332.5321577,-150097418.740621,28991158337.6059,10902609091.762,0.0244406959616501,0.0922166921786804,0.265035487439665,0.161838337161568,-0.00502489910311229
0.044,0.553689213930979,-0.0250688955046896,56.7010667475511,-0.610880539820265,3984.68568354441,35.4558594621745,113172.727913291,2451.95069081331,-6999992.6364769,-34636.5031852473,14473825.8052191,-139194809.64886,-28918190657.81,21599842481.7299,0.0250688955046896,0.0906253778997151,0.276621141733946,0.177677629129871,-0.0048393201340955
0.045,0.612401194056845,-0.0256616420294995,60.7411724917423,-0.57421009754794,4094.35962251932,37.8681927598904,106175.152491272,2351.31675655059,-6999977.90600058,-163031.391593242,-14444364.8525623,-117594967.167131,28858250552.5371,27940475086.7969,0.0256616420294995,0.0888070793826845,0.28895941863958,0.194347208871593,-0.0046211580641599
0.046,0.675206950473694,-0.0262165338786925,64.8874526661975,-0.535198085261063,4197.03358109071,40.1195588459119,99172.7621112694,2134.14462722158,-6999993.14557687,-266656.121216975,14413885.6997347,-89654492.0803355,-28804689915.802,30455553650.939,0.0262165338786925,0.0867514569907669,0.302202807746305,0.211822516021706,-0.00437040796037755
0.047,0.742209157138983,-0.0267313283092772,69.132906323396,-0.494059378595654,4292.70754874819,42.1067019785804,92175.1751268884,1827.73718557293,-6999981.60483504,-341082.836471841,-14390804.2160487,-59198938.4293976,28757790666.0915,29854113102.8935,0.0267313283092772,0.0844530093717456,0.316523099746643,0.230073116914323,-0.00408725599773745
0.048,0.813503488021192,-0.0272040443776892,73.4705344361745,-0.451097873001551,4381.38153284669,43.7552751775585,85172.7910850549,1462.03056540354,-6999993.51371804,-385354.718349792,14366986.4497937,-29344825.326505,-28714538085.181,26881483561.92,0.0272040443776892,0.0819125376283537,0.332110872954724,0.249062839280199,-0.00377211879639437
0.049,0.88917861710355,-0.0276330372050171,77.8933360583502,-0.406676807016074,4463.05552523365,45.0208576413812,78175.1953082128,1066.48368165081,-6999983.79631083,-401258.801895337,-14347551.6353768,-2463341.76458573,28675140321.0604,22284976001.9825,0.0276330372050171,0.0791387888661874,0.349171848608154,0.268749929228577,-0.00342567047090971
0.05,0.969316218379141,-0.02801704254465,82.3943121584516,-0.361189500931666,4537.72953218271,45.8872299057904,71172.8169261363,667.707371540178,-6999993.77778568,-392579.655658931,14327588.6854274,19821634.2373963,-28637942383.1414,16790054318.3991,0.02801704254465,0.0761502807031545,0.367917784228068,0.289087229832799,-0.00304885689115057
0.051,1.05399096585419,-0.0283551933150773,86.9664617918352,-0.315032881463892,4605.40354690388,46.362650640804,64175.2139522946,287.836875386345,-6999985.16029182,-364362.994262335,-14310353.6977096,36611688.5557952,28603105951.7423,11052263534.0121,0.0283551933150773,0.0729773060927496,0.388548095746911,0.310022380566652,-0.0026428977863068
0.052,1.14327053354402,-0.0286470117597765,91.6027859236498,-0.268585421961628,4666.07757501323,46.4748684781324,57172.8407994776,-56.378230675758,-6999993.96101366,-322225.173939534,14292752.2537712,47663952.0898072,-28569590804.2866,5596366118.44862,0.0286470117597765,0.069664115427586,0.411216184745133,0.331498036748439,-0.00220927815776266
0.053,1.23721559547612,-0.028892382164972,96.2962836108867,-0.222190414159868,4719.75161055801,46.2655548344234,50175.2316161219,-353.838700883981,-6999986.00416203,-271763.038790503,-14276838.5505154,53260318.208256,28537528702.1682,772867979.207138,0.028892382164972,0.0662712703622104,0.435971455006952,0.353452108081705,-0.00174973100508801
0.054,1.3358798256866,-0.0290915096534065,101.039955815895,-0.176144846894988,4766.42565876269,45.7847435366781,43172.8634474667,-598.842769240488,-6999994.07836146,-218116.286592643,14260690.1513878,54033186.1874633,-28506187455.1155,-3247704623.26723,0.0290915096534065,0.062878161148725,0.46266476503021,0.375818015300665,-0.00126621363008426
0.055,1.43930989822308,-0.0292448705780987,105.826801597377,-0.130693653138636,4806.09971419489,45.0857128341465,36175.2486829368,-790.483746843277,-6999986.48193762,-165706.952716813,-14245497.3037303,50785481.5641963,28475679612.016,-6444093152.87444,0.0292448705780987,0.0595856765315935,0.490803701164532,0.398524963866825,-0.00076087980570453
0.056,1.54754548714154,-0.0293531596123301,110.649821915265,-0.0860287376422705,4838.77378187397,44.2205713539908,29172.8853989477,-931.871974303471,-6999994.13943535,-118143.517729054,14230182.3080189,44341388.4113221,-28445431587.4722,-8892227144.01121,0.0293531596123301,0.0565190124251733,0.519350185943028,0.421498233591854,-0.000236049938605053
0.057,1.66061926650909,-0.0294172379418009,115.502015830058,-0.0422920194056626,4864.44785667394,43.2366473427603,22175.2654454001,-1029.3268356842,-6999986.67292106,-78248.2428897376,-14215249.2794569,35449161.2673111,28415544127.3023,-10707804917.1106,0.0294172379418009,0.0538306027187062,0.546477959675126,0.444659483008342,0.000305818915453697
0.058,1.77855691040109,-0.029438086171838,120.376384299532,0.000418310962178377,4883.12194355566,42.1736584206376,15172.907071859,-1091.63513209313,-6999994.15013686,-48152.9840809818,14200294.8475784,24741356.3502006,-28385516859.9027,-11994560789.2578,0.029438086171838,0.0517031526465415,0.569367333808167,0.467927067248643,0.000862161640815741
0.059,1.90137709290387,-0.0294167647877341,125.265926386094,0.0420390572546154,4894.79603753837,41.0615705825294,8175.28214966761,-1129.41653146389,-6999986.61371924,-29408.9081254101,-14185222.0123272,12746795.5609428,28355444263.8248,-12804670397.9273,0.0294167647877341,0.0503527522486929,0.584213642234377,0.491216368147947,0.00143033102797068
0.06,2.02909148811195,-0.0293543843182334,130.163643045543,0.0825314424975975,4899.47014365432,39.9190405349964,1172.9288323179,-1154.58615354182,-6999994.11359965,-23064.4477634309,14170222.2512319,-57874.8369845503,-28324839996.6114,-13115107845.5642,0.0293543843182334,0.05,0.587087686364668,0.514440135236814,0.00200762017326853
0.061,2.16170477013092,-0.0292520867662347,135.062533342341,0.121869234177116,4897.14425693184,38.7523660489398,-5824.70097682382,-1179.86539003133,-6999986.31134672,-29679.8765231976,-14154617.7453802,-13172982.6825488,28293796798.5609,-12822045358.2669,0.0292520867662347,0.05,0.585041735324693,0.537508836254715,0.00259128061652144
0.062,2.29921461307461,-0.0291110393575339,139.955598230431,0.160026065160194,4887.81838260453,37.5549309716431,-12827.048964245,-1218.26876545552,-6999994.03069282,-49263.8818848798,14139179.0529178,-25995028.0408159,-28261789874.911,-11753772668.6018,0.0291110393575339,0.05,0.582220787150678,0.560331015776158,0.00317853574154989
0.063,2.44161169106813,-0.0289324411573182,144.835836776525,0.196962470027717,4871.49251558014,36.3072080200439,-19824.6837037254,-1282.48912347224,-6999985.74657735,-81135.7962599966,-14122610.8219904,-37748800.7094178,28228914341.6301,-9701321111.3226,0.0289324411573182,0.05,0.578648823146363,0.582813660518468,0.00376658918211393
0.064,2.58887967824508,-0.0287175425401976,149.696249932786,0.232613257142105,4848.16666143934,34.9774553099438,-26827.0259366584,-1384.11620693883,-6999993.90022853,-123735.257525076,14106303.519381,-47450121.8207405,-28194546307.1558,-6465566194.87962,0.0287175425401976,0.05,0.574350850803952,0.604862569871492,0.00435262821828789
0.065,2.74099524875071,-0.0284676768014927,154.529836768439,0.266876000837332,4817.84081483031,33.5232937220142,-33824.6657761799,-1532.65411974009,-6999984.86986272,-174418.162443256,-14088242.7877671,-53915688.01562,28158787436.0507,-1919495358.81306,0.0284676768014927,0.05,0.569353536029853,0.62638273017882,0.00493382244328485
0.066,2.89792807673907,-0.0281843023155587,159.329598233907,0.299601635322716,4780.51498186145,31.8943645940766,-40827.0016361986,-1734.35004208429,-6999993.71893246,-229293.598138282,14070544.6480304,-55835183.3744329,-28120827251.4129,3918413893.6449,0.0281843023155587,0.05,0.563686046311174,0.64727869128253,0.00550731834631468
0.067,3.05964083637656,-0.0278690525700544,164.088533401285,0.330588315483293,4736.18915675533,30.0362251562731,-47824.6468873504,-1990.90816292752,-6999983.58791014,-283169.574565893,-14050282.6033684,-51916769.4807877,28080778662.5168,10813259389.9173,0.0278690525700544,0.05,0.557381051401088,0.667454943845082,0.00607023089601111
0.068,3.22608920183881,-0.0275237901763979,168.799643219266,0.359579818540518,4684.86334639259,27.8955299636238,-54826.9754867865,-2298.23391233549,-6999993.48118225,-329679.714351722,14030496.0589019,-41103510.0908699,-28037496024.83,18273295243.4627,0.0275237901763979,0.05,0.550475803527959,0.686816295955468,0.00661963370236079
0.069,3.39722184731474,-0.0271506596856896,173.455926763314,0.386269724559855,4626.5375443521,25.4263669963992,-61824.6266359448,-2645.4198325254,-6999981.73313576,-361646.57682086,-14006999.9659066,-22830214.8474066,27991109264.9984,25571417327.3234,0.0271506596856896,0.05,0.543013193713792,0.705268247540943,0.00715254983766654
0.07,3.57298044700317,-0.0267521329043044,178.050384980381,0.410312369046441,4561.21175864568,22.5973843153775,-68826.9466841873,-3014.21961388207,-6999993.17846916,-371691.083004605,13984109.2988532,2741202.47991741,-27939849597.6844,31831271991.1534,0.0267521329043044,0.05,0.535042658086088,0.722717361109808,0.00766594583663604
0.071,3.75329967511757,-0.0263310396331351,182.576016950014,0.431341074518139,4488.88598189661,19.3991023300728,-75824.6044496078,-3379.2348836482,-6999978.99396915,-353034.244529111,-13955740.2988011,34572474.4710713,27883871584.2645,36131344955.5385,0.0263310396331351,0.05,0.526620792662701,0.739071627377799,0.00815673168037833
0.072,3.93810720588223,-0.0258905765847637,187.025823617416,0.448993461979668,4409.56022382114,15.850617875945,-82826.9140017969,-3708.96100011585,-6999992.79847582,-300396.09758027,13928131.2852338,70703819.4266102,-27820143524.2148,37561345589.9334,0.0258905765847637,0.05,0.517811531695274,0.754240824344659,0.00862176960529466
0.073,4.12732371353809,-0.0254342878491738,191.392804067293,0.462942792342704,4323.23447560252,12.0048078530096,-89824.5794252185,-3967.74496371783,-6999974.73895269,-210911.605358693,-13892012.2389413,108265165.016544,27748855258.9489,35206553102.2697,0.0254342878491738,0.05,0.508685756983477,0.768136868427721,0.00905789429293047
0.074,4.32086287233824,-0.0249660117806318,195.669959243151,0.472933380215833,4229.9087496746,7.9511182204944,-96826.8753610819,-4118.65622771787,-6999992.32356216,-85043.1637910149,13856843.019788,143471718.118813,-27664016105.3873,28117430121.3998,0.0249660117806318,0.05,0.499320235612636,0.780674156282011,0.00946194635347122
0.075,4.5186313565555,-0.0244897915928499,199.850288236609,0.47881720876172,4129.58303495807,3.81502392348908,-103824.549932486,-4127.27729409591,-6999967.48859506,72487.2693884978,-13807173.0855488,171589148.240211,27565866820.245,15435675611.8148,0.0244897915928499,0.05,0.489795831856997,0.791769895990278,0.00983082000660135
0.076,4.72052884047698,-0.0240097502800485,203.926791989786,0.480587953427896,4022.25734866338,-0.246768391388912,-110826.826696488,-3966.42283798534,-6999991.72827049,251794.255434617,13758693.7344875,187024823.852024,-27439548797.2015,-3026106993.43925,0.0240097502800485,0.05,0.48019500560097,0.801344426335824,0.0101615244923922
0.077,4.92644799841467,-0.0235299347355487,207.892469604445,0.47840770680986,3907.93167590367,-4.05624938547323,-117824.512336025,-3621.62052179028,-6999952.8089346,437306.025789921,-13680855.062652,183998716.858583,27285377791.55,-25717176537.9633,0.0235299347355487,0.05,0.470598694710973,0.809321522939581,0.0104512570151077
0.078,5.13627450469867,-0.023054139038187,211.740322022737,0.472620983804158,3786.60604391122,-7.42962199058148,-124826.758009527,-3096.60133366073,-6999990.97510148,608446.154379522,13604522.7287011,158281540.320616,-27044467224.6198,-49048897854.8992,0.023054139038187,0.05,0.461082780763741,0.815628690076019,0.0106974829731343
0.079,5.34988703369435,-0.0225857223628119,215.46334836398,0.463750655162099,3658.28043098161,-10.1976636944099,-131824.454134468,-2417.18922543005,-6999908.68598508,742203.245772689,-13439944.4958442,109232642.465713,26717246425.5839,-69223313376.842,0.0225857223628119,0.05,0.451714447256239,0.820197437068469,0.0108980170478527
0.08,5.56715725979484,-0.0221274416651281,219.054549579106,0.452472071894632,3522.9548957318,-12.228430161267,-138826.629918298,-1631.90687732064,-6999990.00726813,816824.23154998,13277301.9295551,40009329.0888661,-5583458508.07437,-84153349141.5483,0.0221274416651281,0.05,0.442548833302562,0.822963538195401,0.0110510968869774
0.081,5.78794985748793,-0.0216813215419432,222.506925001582,0.439564791443574,3380.63025104922,-13.4487630908457,-145820.91185102,-809.103539416488,-6989504.43459262,814756.886068072,7693843.42156852,-44144020.0526867,-36356294320.8895,-93270941875.8192,0.0216813215419432,0.05,0.433626430838863,0.823867275162221,0.0111554402809252
0.082,6.01212250291513,-0.021248582531865,225.81347989692,0.425844652804755,3231.31435444234,-13.8617318131487,-152812.628746289,-31.9638203540614,-6999988.73833149,723977.395077476,-28662450.899492,-137414961.92851,57335102095.4821,-96305370413.9401,0.021248582531865,0.05,0.424971650637301,0.822853661787273,0.0112102772667242
0.083,6.23952587939353,-0.0208296451854515,228.967220555735,0.412081073811781,3074.99934321411,-13.5586221533862,-159817.392859721,607.25519869017,-6999983.63818324,538409.747941996,28672651.1960913,-233720332.342453,199972304032.76,-92115920734.6423,0.0208296451854515,0.05,0.41659290370903,0.81987265103244,0.0112153502658901
0.084,6.47000367224055,-0.0204242218554092,231.96114739972,0.398905308235151,2911.69506948962,-12.7249536328129,-166769.711454968,1013.45212700517,-6871324.83497077,258631.455232221,228644955.229357,-325836253.077096,199985717685.622,-77163425454.5142,0.0204242218554092,0.05,0.408484437108185,0.814879317829753,0.0111708776260129
0.085,6.70339258810217,-0.0200315021614894,234.788323586107,0.386715966368507,2741.53613584772,-11.6397069630984,-173493.382859377,1096.30488478976,-6542687.0208986,-105786.510572132,428630672.915599,-402999678.531608,199987055085.003,-42699575859.4009,0.0200315021614894,0.05,0.400630043229788,0.807834030925472,0.0110774784550626
0.086,6.93952249543125,-0.0196504311565524,237.442042108868,0.375589633278812,2564.85118071712,-10.6652410956773,-179788.42336797,781.901938975253,-6014062.8204405,-530135.97703344,628617728.001131,-445699254.391003,199984342159.438,20597779784.025,0.0196504311565524,0.05,0.393008623131048,0.798702651187221,0.010936059526233
0.087,7.17821675332467,-0.0192800696014069,239.916024593048,0.365208588001503,2382.16882824096,-10.2218321134593,-185454.846600717,32.3492980436492,-5285452.92135965,-965536.341532431,828602070.160893,-425101474.606968,199972246916.057,84917317621.1757,0.0192800696014069,0.05,0.385601392028138,0.78745678201101,0.0107476689704138
0.088,7.41929274014742,-0.0189200101931888,242.204621280698,0.354825002895506,2194.21768770131,-10.7395630103817,-190292.669779177,-1131.58489452207,-4356864.72774072,-1348179.15732881,1028574317.07704,-340184156.985776,137525151363.246,123160833965.619,0.0189200101931888,0.05,0.378400203863775,0.774074075212866,0.0105133277273166
0.089,7.66256258205457,-0.0185708024072475,244.303010492701,0.343281802911241,2001.92374482552,-12.5968031416501,-194112.326489818,-2629.32932468283,-3259527.83498206,-1626782.89733178,1166099468.44022,-217023323.020134,-199973574226.469,143705881615.251,0.0185708024072475,0.05,0.371416048144949,0.758538591103719,0.010233858136567
0.09,7.9078340759925,-0.0182343266190418,246.207381740681,0.329091359534168,1806.36767209712,-16.0697067237675,-196822.133519617,-4340.67290325547,-2193415.15365508,-1771953.27954428,966125894.213668,-73317441.4048534,-199985935966.567,155063164868.976,0.0182343266190418,0.05,0.364686532380836,0.740841209055063,0.00990973373831203
0.091,8.15491175426243,-0.017914067785377,247.915011365528,0.310554228111177,1608.60151923548,-21.302114875159,-198565.816715493,-6123.44104269068,-1327282.22742469,-1767739.13851465,766139958.247268,81745723.4641593,-199989277939.285,161203187892.858,0.017914067785377,0.05,0.358281355707539,0.720980065944356,0.00954097041840374
0.092,8.40359792288924,-0.0176152579389239,249.424139018627,0.285900518956094,1409.49141851249,-28.2890844003667,-199543.360510117,-7823.44012149111,-661136.908147068,-1605391.82110406,566150680.308745,242948911.357062,-199989770259.186,163742184372.819,0.0176152579389239,0.05,0.352305158778479,0.698960954552138,0.00912707134087411
0.093,8.65369352728429,-0.0173448705082105,250.733770490434,0.253443636580578,1209.70351508768,-36.8679063561674,-199954.753706486,-9280.06712285451,-194981.112967917,-1280571.81756059,366160910.051357,406691095.729932,-199987170709.05,162855720982.265,0.0173448705082105,0.05,0.34689741016421,0.674797622704295,0.00866703244483503
0.094,8.90499881839048,-0.0171114572445636,251.843477721965,0.21174057061981,1009.70396484403,-46.7136918834723,-199999.985559545,-10330.1507723864,71186.2117289126,-792452.861339524,166173739.345677,569546816.712256,-199973233709.557,156773963089.578,0.0171114572445636,0.05,0.342229144891271,0.648511961666084,0.00815941196521532
0.095,9.15731381883821,-0.0169248232666086,252.753198815863,0.15975476544022,809.758935795255,-57.3386123686139,-199879.04135043,-10811.7012315216,137373.33421981,-144519.063082479,-33799494.3592499,726320779.801897,-199899427999.644,136561616675.301,0.0169248232666086,0.05,0.338496465332172,0.620134083137751,0.00760246531181967
0.096,9.41043858911413,-0.0167955395368671,253.4630380524,0.0970176173246815,609.934618719795,-68.0958296010145,-199791.884334724,-10570.2996352572,3624.12586073902,650082.525057069,-233698922.354158,862882396.477266,198888351089.014,24480640431.4314,0.0167955395368671,0.05,0.335910790737341,0.589702284828608,0.00699434488086599
0.097,9.66417329430939,-0.0167342972395129,253.973069252923,0.0237811424322408,410.113883641991,-78.1962542143121,-199871.961611526,-9484.69580522293,-130630.620948911,1525205.24175005,-34810571.2613585,887363036.908767,199484202859.965,-141922027307.151,0.0167342972395129,0.05,0.334685944790258,0.557262905248517,0.00633336208627916
0.098,9.91831810305569,-0.0167511242590491,254.283225595918,-0.0588674680344989,210.179116799651,-86.7763669769798,-199986.750150963,-7539.46271623636,-65699.0907802835,2341607.26500524,164673631.600488,745441009.601687,-178738718941.467,-172309133819.356,0.0167511242590491,0.05,0.335022485180982,0.522870081033832,0.00561830245719447
0.099,10.1726730854727,-0.0168545329480554,254.393405759706,-0.148993674359195,10.179515261693,-93.0279654396894,-199999.902212434,-4853.85313540017,9605.18134947405,3000893.70769725,-14065087.3414038,573131875.7824,-15476188651.8437,-182736837486.369,0.0168545329480554,0.05,0.337090658961108,0.486585473774237,0.00484876514982997
0.1,10.4270382479356,-0.0170507200211449,254.30358620971,-0.243926059727186,-189.818573382731,-96.2934637768397,-199999.908939521,-1596.84962939278,-12198.0003178602,3482657.16473647,-29541275.9912559,390395038.296098,196467526774.904,-187689135490.451,0.0170507200211449,0.05,0.341014400422897,0.44847802179217,0.00402547784410268
0.101,10.6812135910601,-0.017342910851061,254.0137660552,-0.340422803073917,-389.821318721709,-96.0917393647944,-199994.132990047,2049.72353191,56494.4870783376,3779207.63528734,166926250.788522,202705902.805709,-199270435675.717,-190406880943.128,0.017342910851061,0.05,0.34685821702122,0.408623673000407,0.00315054948020072
0.102,10.9349991175698,-0.0177308790115054,253.523962380402,-0.43485295337814,-589.767686361486,-92.1265613181466,-199887.387116853,5898.549638443,123785.520029002,3886710.09762148,-32344184.8835256,12299021.8626371,-191040185947.853,-191987335695.358,0.0177308790115054,0.05,0.354617580230109,0.367105071053636,0.00222764784027225
0.103,11.1881948861665,-0.0182106503718628,252.834268691724,-0.523383542296004,-789.606531423799,-84.2906062662374,-199811.613720257,9759.41135771325,-4078.75782844942,3803015.45163644,-223384370.828608,-179688313.832671,199907561160.803,-192880054912.77,0.0182106503718628,0.05,0.364213007437257,0.324011234032145,0.00126209779684888
0.104,11.4406010479042,-0.0187743959550702,251.944748031858,-0.602169701321765,-989.449085769972,-72.6676719039671,-199894.066736639,13440.4359766146,-127509.348076656,3526887.11034738,-23476809.6655217,-372568368.745399,199973812952.934,-193268700061.841,0.0187743959550702,0.05,0.375487919101404,0.279437201895614,0.00026089838019839
0.105,11.6920177504857,-0.0194105158392401,250.855331349405,-0.667546474973817,-1189.4024877403,-57.5339399628065,-199999.985520722,16748.8274525789,-50999.251265711,3057684.39157106,176497003.289722,-565837068.807203,199987279259.187,-193174918167.057,0.0194105158392401,0.05,0.388210316784803,0.233483609029205,-0.00076734209771209
0.106,11.942245046885,-0.0201039153930678,249.565929389627,-0.716221573480967,-1389.39022391638,-39.3586254475011,-199929.405057134,19491.3974900519,225491.391653604,2395259.86368033,376484282.551331,-759011986.97423,199989821137.893,-192420725344.438,0.0201039153930678,0.05,0.402078307861355,0.186256237535041,-0.00181255290965696
0.107,12.1910829724069,-0.0208364745029041,248.076629398502,-0.745468519212149,-1589.13580298828,-18.8041175536614,-199482.339887348,21475.0812393544,701970.584773882,1540037.51403388,576474103.691413,-951432712.318642,199989315808.874,-190280410312.194,0.0208364745029041,0.05,0.416729490058082,0.137865617751472,-0.00286342924457066
0.108,12.4383318211789,-0.0215877099253644,246.387895106993,-0.753319651927462,-1788.16274567804,3.27448197356003,-198458.800698094,22507.6889955102,1378439.34636973,493464.596559142,776463419.501988,-1141713122.63082,199985974268.724,-182794391872.743,0.0215877099253644,0.05,0.431754198507289,0.0884266896676764,-0.00390774095218963
0.109,12.6837926226307,-0.0223356302619615,244.500766720043,-0.738758176024049,-1985.79458338434,25.8310013139165,-196658.798646262,22399.8312987752,2254895.75300608,-739645.722008044,976449393.771766,-1324507514.50354,199973630112.455,87621019327.6836,0.0223356302619615,0.05,0.44671260523923,0.0380585266338866,-0.00493272008359442
0.11,12.9272678179625,-0.023057781366574,242.417060905125,-0.701904990986327,-2181.15486035412,47.6439093750757,-193882.349258018,21012.5353227366,3331331.96183408,-2020342.72684774,1176423023.88456,-1236886495.17584,-161842418382.347,188141736644.049,0.023057781366574,0.05,0.46115562733148,-0.0131158776994196,-0.00592552463910186
0.111,13.168562136098,-0.0237324565407021,240.139567761066,-0.644141506827803,-2373.18221656157,67.4479648242197,-189989.779520638,18405.1063044083,4426833.77652747,-3163158.35370155,1014580605.50188,-1048744758.53177,-199972305614.434,194255262706.063,0.0237324565407021,0.05,0.474649130814042,-0.0649697587315253,-0.0068737663906026
0.112,13.4074836404171,-0.0243399468154291,237.67216906812,-0.568060260815309,-2560.79781460598,84.1047951279687,-185088.984158962,14749.9514485586,5341428.22922213,-4114775.48088029,814608299.88654,-854489495.825684,-199984370547.877,196350659046.961,0.0243399468154291,0.05,0.486798936308583,-0.117372677442716,-0.00776605137609496
0.113,13.6438447914852,-0.0248636746504773,235.019749274939,-0.477300253350516,-2743.08864928268,96.6631251975773,-179373.582508221,10240.6563296066,6056044.34383473,-4871089.6471825,614623929.337412,-658138836.778696,-199987076338.757,197365418705.589,0.0248636746504773,0.05,0.497273493009545,-0.170190624879463,-0.00859246915762045
0.114,13.8774633580189,-0.0252911447376376,232.188007117888,-0.376354426002732,-2919.3401050925,104.366770456577,-173043.557379107,5073.39150048568,6570674.73500276,-5430545.7746084,414636852.997358,-460773418.073076,-199985739411.726,197937635232.015,0.0252911447376376,0.05,0.505822894752752,-0.223286200273857,-0.0093450029118781
0.115,14.1081631314481,-0.025614700050791,229.183255956538,-0.270373600170687,-3089.03755170129,106.656340901548,-166298.895174174,-554.551377287253,6885318.71829425,-5792350.37506546,214651113.584677,-262835782.841024,-199972343674.841,198284983810.905,0.025614700050791,0.05,0.512294001015819,-0.276518879500298,-0.0100178542636032
0.116,14.3357744405467,-0.0258320811685983,226.012223787717,-0.164969225803095,-3251.86634451192,103.170070247248,-159339.579623032,-6445.27214647141,6999983.66004151,-5956043.66600103,14678769.9097018,-64550799.0300755,-29347351630.5322,198499605729.611,0.0258320811685983,0.05,0.516641623371966,-0.32974537397415,-0.0106076810174692
0.117,14.5601344663142,-0.0259467880020409,222.681854684379,-0.066015501026532,-3407.7047086498,93.7442886181782,-152337.147803307,-12400.5079443659,6999988.75413594,-5921344.6621663,-14668581.7205952,133948806.699583,-9487114903.13882,198624314362.522,0.0259467880020409,0.05,0.518935760040818,-0.38282007827825,-0.0111137467280903
0.118,14.7810873706516,-0.0259682434406927,219.199147376356,0.0205488792456515,-3556.54470213631,78.4137091569456,-145346.074525848,-18221.7741507886,6980576.61496378,-5688083.69828546,-24155696.6238553,332573121.062155,87138219175.1653,198677471362.27,0.0259682434406927,0.05,0.519364868813853,-0.435595599189377,-0.0115379815482898
0.119,14.9984843121093,-0.025911758625354,215.571092786043,0.0889192002369693,-3698.40088354518,57.4116002384992,-138363.052722666,-23710.4583766493,6999990.0279275,-5256171.84154217,62982522.5515558,531250592.424478,-126130004579.843,198660574297.071,0.025911758625354,0.05,0.518235172507079,-0.487923334926243,-0.01188495422327
0.12,15.2121834359618,-0.025798299672238,211.804678614315,0.133623333593722,-3833.25869958383,31.169875230413,-131352.593100892,-28667.8948262631,6999907.54818914,-4625590.96196915,-63147482.0283543,729911166.721601,126461877722.016,198555315635.123,0.025798299672238,0.05,0.515965993444759,-0.539654067821782,-0.0121617554952095
0.121,15.4220498844409,-0.0256540557581156,207.906908692127,0.1497203971778,-3961.11659424625,0.319109922438021,-124363.182314096,-32895.4376522656,6999991.00502179,-3796402.13742999,63314395.6938525,928466482.356774,-126706350682.98,198302516529.272,0.0256540557581156,0.05,0.513081115162311,-0.590638549988525,-0.0123777935645266
0.122,15.6279557996579,-0.0255098085497232,203.884778754089,0.132999393209988,-4081.97450809,-34.3115217799604,-117352.65183634,-36194.5561290956,6999952.22537415,-2768784.39680858,-63391954.9891285,1126768998.88609,126862990122.49,197709615847.911,0.0255098085497232,0.05,0.510196170994464,-0.64072809051841,-0.012544502628192
0.123,15.8297803236964,-0.0254001030451259,199.745292994628,0.0801777255889705,-4195.83246318174,-71.694437373652,-110363.251756772,-38367.0044238199,6999991.76544626,-1543160.58999853,63471035.1335175,1324478614.73403,-126991431469.248,195797322015.912,0.0254001030451259,0.05,0.508002060902518,-0.689775140124968,-0.0126749658887869
0.124,16.0274095986041,-0.0253622200280795,195.495447157209,-0.0109005891736177,-4302.69043185974,-110.604117434931,-103352.689712336,-39215.2928194487,6999967.08484516,-120783.314256543,-63520396.3356795,1520275936.74997,127091355823.519,-26578674714.3021,0.0253622200280795,0.05,0.507244400561589,-0.737633869860919,-0.0127834548141991
0.125,16.2207367664107,-0.0254349509587169,191.142245454067,-0.141069360227451,-4402.54842928937,-149.627530033497,-96363.3009330203,-38580.3679444493,6999992.36642123,1386203.28513627,63570959.4879705,1493697262.03567,-127177805486.222,-196226107628.167,0.0254349509587169,0.05,0.508699019174337,-0.78416074158896,-0.0128848869989302
0.126,16.4096619691206,-0.025657194211897,186.692683628662,-0.309695438182416,-4495.40643795464,-187.274022879524,-89352.7193877682,-36480.0203795666,6999974.42316609,2781787.49335786,-63606845.9981577,1297471154.40749,127250538045.488,-198113781339.932,0.025657194211897,0.05,0.513143884237939,-0.82921506800418,-0.0129942124267928
0.127,16.5940923487238,-0.0260664802200248,182.153765903533,-0.514693429651298,-4581.26446916622,-222.155159060901,-82363.3399645922,-33082.5162725616,6999992.84619068,3980201.75709539,63643692.0474421,1099357373.06752,-127315617597.309,-198704713008.589,0.0260664802200248,0.05,0.521329604400497,-0.872659560003562,-0.0131257731374822
0.128,16.7739420471905,-0.026697590254869,177.532488020696,-0.752682329202711,-4660.12251024324,-253.072627589114,-75352.7445419759,-28585.7532811006,6999978.72943946,4980206.77365861,-63671925.5497367,900652660.05887,127372853606.851,-198953348974.42,0.026697590254869,0.05,0.533951805097381,-0.914360859297053,-0.0132927038165589
0.129,16.9491322064785,-0.0275813584523724,172.835854209726,-1.01918192971884,-4731.98057020598,-279.026458429585,-68363.3729663754,-23188.3790689083,6999993.23069315,5781382.75923027,63700928.0572101,701699311.084359,-127425314862.698,-199035779329.41,0.0275813584523724,0.05,0.551627169047448,-0.954190054179447,-0.0135064108783621
0.13,17.119590968529,-0.0287436718791698,168.070860210881,-1.30881143504822,-4796.8386391239,-299.215489391173,-61352.7668241293,-17089.3192840241,6999981.50131901,6383564.18064993,-63724386.8053269,502663531.754829,127472846787.457,-198964454390.637,0.0287436718791698,0.05,0.574873437583395,-0.992023176489268,-0.0137761377286192
0.131,17.2852534752722,-0.030204669384453,163.244510258997,-1.61548837043964,-4854.69672455999,-313.037539515182,-54363.4020417468,-10487.5840798952,6999993.53790741,6786745.48520943,63748459.9822131,303699077.364042,-127517239893.754,-198535037542.399,0.030204669384453,0.05,0.60409338768906,-1.02774167782724,-0.0141086179970013
0.132,17.4460618686236,-0.0319781394192086,158.363800092525,-1.93262757807609,-4905.55481830788,-320.089406632813,-47352.7871471623,-3582.07822892744,6999983.37794274,6991177.04380228,-63768779.9113532,105164039.821471,127558364771.67,-194286707760.999,0.0319781394192086,0.05,0.639562788384172,-1.06123288322423,-0.0145078179573535
0.133,17.6019652904886,-0.0340711168080943,153.435733950469,-2.25334006486882,-4949.41292696428,-320.166464279363,-40363.4284317117,3429.29971682541,6999993.78041722,6999197.72974325,63789584.860388,-89122667.9399774,-127597381302.579,145567735776.851,0.0340711168080943,0.05,0.681422336161885,-1.09239042051295,-0.0149747689211773
0.134,17.7529198827595,-0.0364836774624455,148.467307569483,-2.57062784671345,-4986.27104346594,-313.246354153336,-33352.8060890797,10408.1974018948,6999984.67462632,6982858.9296917,-63807796.44198,56445067.8366733,127634177569.967,-80701794755.6331,0.0364836774624455,0.05,0.72967354924891,-1.12111462378545,-0.0155074896401495
0.135,17.8988887873189,-0.0392089024759463,143.465525192019,-2.87750461298006,-5016.12917375979,-299.340682350075,-26363.4529497444,17405.8285663789,6999993.96696932,6998953.10015055,63826381.1280469,-24256726.9186823,-127669574347.691,44480979454.4035,0.0392089024759463,0.05,0.784178049518926,-1.14731290939827,-0.0161009875344095
0.136,18.0398421460373,-0.0422328849760108,138.437382552939,-3.16697652888454,-5038.98731156151,-278.437566647301,-19352.8240546006,24400.0667996459,6999985.56092352,6996936.86295907,-63843193.2194132,20224252.5354352,127703471449.021,-36115846129.5747,0.0422328849760108,0.0500587368064423,0.843666613868204,-1.17090012312461,-0.0167472886282055
0.137,18.1757571007763,-0.0455347219530313,133.389883897646,-3.43204736427535,-5054.84546238993,-250.537165534347,-12363.4761783769,31401.0964811844,6999994.10342862,6999103.19242972,63860278.2296578,-15891593.5938468,-127736500943.582,29979620563.4815,0.0455347219530313,0.0510905305052661,0.891255610437199,-1.19179885714535,-0.017435473243998
0.138,18.3066177933857,-0.049086512845508,128.330024959197,-3.66571787668904,-5063.70362049113,-215.637916905028,-5352.84135265562,38397.2504802445,6999986.13118648,6998201.40911761,-63876222.7136776,14088026.9693393,127768569867.802,-26124607108.2231,0.049086512845508,0.0531652112993774,0.923282568540885,-1.20993973571728,-0.0181517258794358
0.139,18.4324153657068,-0.0528533584660838,123.264809985586,-3.86099043215562,-5065.56179112492,-173.740306241032,1636.50142882042,45398.1418016621,6999994.1934067,6999227.13253284,63892347.1541642,-12036580.1385824,-127800204347.698,23035847484.2484,0.0528533584660838,0.0560011850275038,0.943790000874552,-1.22526166845919,-0.0188793965084196
0.14,18.5531479595696,-0.0567933611282617,118.201234708025,-4.01086543919859,-5060.4199688834,-124.84359714282,8647.14176174803,52395.1899520397,6999986.43838701,6998708.47613638,-63907857.1932738,10999267.3453641,127831316267.75,-20779943050.8698,0.0567933611282617,0.0593583730012731,0.956787699134604,-1.23771207035057,-0.0195990733731897
0.141,18.6688207167957,-0.0608576241587419,113.146303376833,-4.10834470481566,-5048.27815890715,-68.9480855724531,15636.4794909181,59395.934738007,6999994.23932761,6999317.77195631,63923459.0745064,-9780675.70519841,-127862393701.856,18857516877.0472,0.0608576241587419,0.0630348225081467,0.965460387405336,-1.24724704764777,-0.0202886662378897
0.142,18.7794457791956,-0.0649902520009825,108.107011721305,-4.14642852043904,-5029.13635598645,-6.0533363312207,22647.1250608345,66393.5050915902,6999986.50155119,6998965.85468963,-63938934.6270792,9076841.17154299,127893345837.5,-17327900048.1171,0.0649902520009825,0.0668633251668003,0.971986538791706,-1.25383154908166,-0.020923500222981
0.143,18.8850422885718,-0.0691283499302745,103.09036399389,-4.11811837611271,-5002.99456527452,63.840442498736,29636.4576527135,73394.1213835243,6999994.23984286,6999378.74583712,63954411.2104414,-8251058.87626335,-127924680457.425,15952140116.2291,0.0691283499302745,0.0707080757941666,0.977658480362403,-1.25743948181685,-0.0214764194391903
0.144,18.9856363867155,-0.0732020241374154,98.1033559218451,-4.01641452065759,-4969.85278162833,140.7335427512,36647.1083180871,80392.0332899426,6999986.31082459,6999103.75701897,-63970269.246706,7701081.23965804,127956301678.712,-14783094663.1652,0.0732020241374154,0.0744614015444042,0.983086842567182,-1.25805379181494,-0.0219179002851887
0.145,19.0812612154098,-0.077134381541534,93.1529917596031,-3.83431824628288,-4929.71101035376,224.62579547091,43636.4355445698,87392.5237384709,6999994.19241724,6999413.29092704,63986032.4320164,-7082013.42319457,-127988791172.382,13672814173.7681,0.077134381541534,0.0780405880890999,0.988388009755498,-1.25566650836326,-0.0222161736871606
0.146,19.1719569164265,-0.0808415298672816,88.2462672321986,-3.56482980120505,-4882.56924624048,315.51741521986,50647.0912880094,94390.6748250487,6999985.82926306,6999167.68459073,-64002758.7400847,6590800.75026546,128022043074.878,-12672479967.7884,0.0808415298672816,0.0813848265509393,0.993324349185438,-1.25027875269479,-0.022337355986012
0.147,19.2577706315291,-0.0842325775124434,83.3901865959419,-3.20095035161303,-4828.42749491243,413.408244333993,57636.4127450833,101391.02583002,6999994.09206041,6999422.2453571,64019284.3347935,-6081679.21720999,-128056799638.55,11662367885.951,0.0842325775124434,0.0844523018116013,0.997398243808108,-1.24190071074403,-0.022245587748673
0.148,19.3387565024696,-0.0872096336294751,78.5917455733797,-2.73568018020732,-4767.28575094049,518.298453605481,64647.073679373,108389.350963749,6999984.97657593,6999171.75008287,-64037515.3034742,5580688.66843349,128092938458.96,-10699486017.392,0.0872096336294751,0.0872174397132918,0.999910498590163,-1.23055157024775,-0.0219031801025871
0.149,19.4149756709914,-0.089667808022508,73.8579484226176,-2.16202037913231,-4699.14402048617,630.18787474713,71636.3887213753,115389.529810497,6999993.93050193,6999402.6957426,64055423.1554753,-5118797.34864627,-128131514085.768,9650067719.46739,0.089667808022508,0.0896683275928474,0.999994205642579,-1.21625942251637,-0.021270767843263
0.15,19.4864962788253,-0.0914952112637788,69.1957908633245,-1.47297130523351,-4624.00229770866,749.076654858761,78647.0551111089,122387.981452185,6999983.59661452,6999108.93225369,-64076090.930013,4531270.37051616,128172378287.803,-7701998010.69798,0.0914952112637788,0.0918043195504826,0.996632965766563,-1.19906112936368,-0.020307468841612
0.151,19.5533934676934,-0.0925729545884138,64.6122771553334,-0.661534016877055,-4541.86058963184,874.964625072219,85636.3627253079,129388.072353289,6999993.69482841,6999789.20361886,64096287.3577679,-3170727.63987428,-128217209377.344,-199378424403.05,0.0925729545884138,0.0936338348911583,0.988669904378287,-1.17900215579482,-0.0189710489624076
0.152,19.6157493793047,-0.0927751502598251,60.1144030148444,0.279289482302009,-4452.71888972814,1007.84375613836,92647.0350289205,136353.046455688,6999981.3774975,6896929.26377746,-64120922.0193018,-202549152.042763,128265819237.86,-199770302500.604,0.0927751502598251,0.0951723553054398,0.974811960490824,-1.15613636921029,-0.0172180920636637
0.153,19.673653155358,-0.0919689279853693,55.7091727033322,1.3564491455753,-4356.57720642151,1147.60318527133,99636.3335819494,143115.406093027,6999993.36509713,6594494.96048439,64144897.2185236,-402319454.543318,-128321267140.955,-199832669317.89,0.0919689279853693,0.0964406236057051,0.953632655481178,-1.13052580598878,-0.0150041805689222
0.154,19.7272009375375,-0.0900145535394027,51.4035819325838,2.57669068780088,-4253.4355320601,1293.94045924096,106647.0125178,149475.435881353,6999977.62874517,6092259.17128213,-64176369.9221659,-602152123.861238,128383302338.763,-199848448561.762,0.0900145535394027,0.0974630442199667,0.923576256619347,-1.10224040646392,-0.0122841198267254
0.155,19.7764958675165,-0.0867657315010464,47.2046349655265,3.94635748643288,-4143.29387748512,1446.35333900196,113636.299178642,155233.310915945,6999992.90999239,5390182.82314001,64206932.4165493,-802000572.42308,-128458680128.25,-199842768153.99,0.0867657315010464,0.0982662831931931,0.882965435158096,-1.07135771940518,-0.00901223754303333
0.156,19.8216480869507,-0.0820701074969155,43.1193275078752,5.47119076264734,-4026.15223314088,1604.1397477854,120646.985774823,160189.186324847,6999970.50234481,4488260.86663993,-64251747.711447,-1001843340.57717,128547047803.931,-199815288402.657,0.0820701074969155,0.0988780631693717,0.830013299879617,-1.03796257725886,-0.00514276298141317
0.157,19.8627747374826,-0.0757699702783433,39.1546638234004,7.15612973847082,-3902.01061461229,1766.39776501647,127636.25491128,164143.222973132,6999992.27853533,3386509.88186143,64295300.0924222,-1201658628.97993,-128669338630.333,-199745097663.86,0.0757699702783433,0.0993261467463071,0.762840125791555,-1.0021467434871,-0.000630284365934701
0.158,19.8999999607324,-0.0677031536405451,35.3176396083081,9.00511179963349,-3770.86900890059,1932.02564377997,134646.949950091,166895.612690892,6999952.90931258,2084978.70404957,-64374038.5376725,-1401403726.64386,128834146537.764,-199514363751.893,0.0677031536405451,0.0996374997202185,0.679494706618042,-0.964008533481987,0.0045697175094869
0.159,19.9334548982897,-0.0577041381652706,31.6152591245329,11.0208726917662,-3632.72744341257,2099.72186543664,141636.188197892,168246.637137661,6999995.94404379,583817.795529766,64460108.0000134,-1600918090.39578,-199984286762.086,50956019036.1211,0.0577041381652706,0.0998376240837389,0.577979881781553,-0.923652410596817,0.0105002617671313
0.16,19.9632776916376,-0.0456053523794092,28.0545174604855,13.2047488984491,-3487.58884656967,2267.9957149578,148635.083481476,168038.488557833,6964463.90866276,-991622.285347953,-135524178.764268,-1549962071.35962,-199994668147.601,199518768930.778,0.0456053523794092,0.0999500492158019,0.456281439951498,-0.88118855900983,0.0172021887677735
0.161,19.9896134759555,-0.0312386531659005,24.6423995861593,15.556535668207,-3335.50245160789,2435.28837864311,155498.452856066,166305.13836496,6728942.39582469,-2441824.97224219,-335518846.915371,-1350443302.42874,-199996123786.252,199748712804.879,0.0312386531659005,0.0999959685106475,0.312399125996506,-0.836732437490807,0.0247134210756346
0.162,20.0126143180114,-0.0144368685046261,21.385752204781,18.0745150413044,-3176.70378053327,2600.15585350126,162026.303141136,163221.383193638,6293425.48701619,-3692393.91826849,-535514970.705733,-1150694589.62368,-199996462110.068,199818978404.578,0.0191714420717784,0.1,0.191714420717784,-0.790404335567287,0.0330682132260205
0.163,20.0324389801833,0.00496476486561035,18.2910865003013,20.7556199069655,-3011.62835032938,2761.34758309494,168018.638399115,158986.945143625,5657912.28525543,-4743179.01868988,-735511432.81993,-950875611.218833,-199996289630.395,199846799894.986,0.0324389801832652,0.0999990771963179,0.324392795341312,-0.742328980296709,0.0422964592623465
0.164,20.049252484942,0.027127351109114,15.3643781416107,23.595632478368,-2840.91167420489,2917.81278641069,173275.462253022,153801.636119308,4822402.7076203,-5594131.22996122,-935507722.453999,-751028811.3235,-199995587653.31,199853094162.845,0.0492524849419809,0.0999726535412254,0.492659574367212,-0.692635205184416,0.0524230930362223
0.165,20.0632254793378,0.0522072845165638,12.6108672862099,26.5893841002081,-2665.389261701,3068.70051265873,177596.778501474,147865.299332712,3786897.19133964,-6245233.49420329,-1135503310.11017,-551175717.160236,-199993831410.576,199838333959.443,0.0632254793378486,0.0998995686816745,0.632890413564385,-0.641455682577033,0.0634675882227632
0.166,20.0745333994912,0.0803553985556744,10.0348585840573,29.7309550899485,-2486.09661823157,3213.35965922208,180782.591732523,141377.784368922,2551396.96552418,-6696490.04438381,-1335497141.52255,-351337383.200311,-199988088741.408,199777382120.09,0.0745333994912478,0.0997643485472498,0.74709453403535,-0.588926720426727,0.0754435598764137
0.167,20.0833554350873,0.111716314768192,7.63952118226438,33.0138745854348,-2304.26924370997,3351.33896639587,182632.908779163,134538.921863291,1115905.77963093,-6947938.73652407,-1535485230.26457,-151560001.079693,-81919343556.8356,199363253846.681,0.0833554350873165,0.0995494084302343,0.837327276994651,-0.53518812406567,0.0883584688503736
0.168,20.0898732940403,0.146427991506572,5.4266897160622,36.4313203693335,-2121.33770955176,3482.38696569298,182967.418719735,127548.430335202,-460539.122412059,-6999817.11068042,-1617404573.8208,47803252.7675463,199987831780.074,-93426579467.2477,0.0898732940403164,0.099235201442759,0.905659410508248,-0.480383123307023,0.102213429983857
0.169,20.0942697770695,0.184621472039687,3.39669323409957,39.9763161272567,-1938.86179499563,3606.4395619075,181731.508615709,120556.943754327,-1977949.78034282,-6998727.1476465,-1417416742.03898,-45623326.7002725,199993564591.888,89495869338.0653,0.0942697770695133,0.0988004696911929,0.954143005232257,-0.424658361153492,0.117003124367052
0.17,20.0967272340301,0.226420808901988,1.54831014274641,43.6418665513443,-1758.34716432835,3723.49326719479,179078.182725112,113550.320921554,-3295369.74008586,-6999602.53967774,-1217423177.4444,43872542.6383811,199995300922.03,-86741409665.036,0.0967272340301406,0.0982226078466224,0.984775665712146,-0.368163915676877,0.132715806647569
0.171,20.0974260697679,0.271943055735099,-0.121096217790824,47.4209694837549,-1581.11123719845,3833.54748471155,175207.433946457,106558.197751584,-4412795.26706925,-6999100.70187187,-1017427876.519,-42868867.0272785,199995969859.713,84696742460.3035,0.097426069767895,0.0974781491883088,0.999465732363125,-0.311053288767973,0.149333364241503
0.172,20.0965434270911,0.32129826679169,-1.61537993002462,51.306628470163,-1408.27143903269,3936.60251633197,170319.257402771,99551.7787399419,-5330225.1586584,-6999621.197669,-817431906.655604,41827875.433662,199996088548.979,-82951943921.9718,0.096543427091099,0.0965433839886675,1.00000044645661,-0.253483311602852,0.166831404513956
0.173,20.0942520693624,0.374589497065639,-2.93941250418305,55.2918413238949,-1240.74519968985,4032.65799945467,164613.648972209,92559.2461560027,-6047659.02103951,-6999269.29419632,-617435818.103054,-41124068.4889677,199995659403.725,81526931344.0026,0.0942520693624118,0.0953951188705809,0.988017735899886,-0.195613958548602,0.185179366738423
0.174,20.0907194630181,0.431912802064623,-4.09888288236056,59.3696113674345,-1079.24995304524,4121.71415390764,158290.604652018,85553.0026494525,-6565097.0094407,-6999629.89701329,-417440158.696379,40402862.8556929,199994047862.02,-80259741643.744,0.0907194630180541,0.0940115844051129,0.964981747644286,-0.137608070317023,0.204340657949167
0.175,20.0861070601848,0.493357237916784,-5.10009744258225,63.5329364323064,-924.303137172291,4203.77073126317,151550.119904539,78560.1975602597,-6882540.14420607,-6999356.90497947,-217446110.832588,-39856878.788723,199984601197.317,79167107873.6644,0.0861070601848333,0.0923734966516833,0.932161965347278,-0.0796309876851442,0.224272812357732
0.176,20.080569781225,0.559004861218949,-5.94978000349028,67.7748197018891,-776.222195666525,4278.82790618731,144592.187471782,71554.1067338648,-6999993.95444,-6999630.22983136,-17461509.6352844,39310229.0856061,34945037838.7786,-78168756592.3055,0.0805697812250088,0.0904652766444507,0.890615540166494,-0.0218500974508444,0.244927673418486
0.177,20.074255697063,0.628930729126171,-6.65487320738496,72.0882590429259,-635.13145938026,4346.88549247959,137589.286935497,64561.1034924774,-6999982.94515589,-6999404.3790419,17483528.2033975,-38858527.5073747,-34947612219.7774,77279575531.1663,0.0742556970630339,0.088276429909293,0.841172407394977,0.0355657072753826,0.266251597960566
0.178,20.0673058981098,0.703202899240939,-7.22237624982516,76.4662575446473,-501.040706146437,4407.94363734361,130592.221152406,57555.149778937,-6999973.22306238,-6999623.11878369,-17464084.0163977,38421048.0244555,34907345817.9953,-76451707060.0415,0.0673058981098009,0.0858030860652774,0.784422812701583,0.0924466449068631,0.288185681356629
0.179,20.0598544751193,0.781882429692276,-7.65928794433161,80.9018131168076,-373.949927813461,4462.00219358338,123589.333778304,50561.9952329888,-6999983.63416978,-6999427.92428926,17443261.8014978,-38030659.0362588,-34867765694.5996,75699813104.0832,0.0598544751193231,0.0830496963455943,0.720706730464744,0.14862270927834,0.310666002937625
0.18,20.0520285188692,0.865023379050492,-7.97260943291686,85.3879287829086,-253.859131465501,4509.06129056993,116592.260480752,43556.1686146987,-6999974.25521558,-6999608.67677348,-17424503.8931216,37669154.0684827,34829988917.3793,-74990852912.5865,0.0520285188691538,0.0800308845734595,0.650105507972955,0.203924340177621,0.33362389050003
0.181,20.0439481201563,0.95267280639954,-8.16933953225174,89.917602500965,-140.768310946805,4549.12080841972,109589.378971742,36562.8960394739,-6999983.76465001,-6999434.94916128,17405485.0241573,-37321698.8447701,-34791509300.1315,74340656090.8295,0.0439481201563154,0.0767734446794939,0.572439081505143,0.258183090561504,0.356986202937785
0.182,20.0357263698006,1.04487077126986,-8.25647938233996,94.4838372493484,-34.6774725894565,4582.18086422882,102592.29936472,29557.1903502387,-6999974.03427592,-6999586.31996064,-17386024.2759938,37018957.2467091,34753231562.1699,-73723348808.755,0.035726369800642,0.0733184753547279,0.487276496514575,0.311232287711281,0.380675629726415
0.183,20.0274693586412,1.14165033370641,-8.24102780236234,99.0796310391285,64.4133901386965,4608.24135943909,95589.4245235655,22563.8262840998,-6999983.44277083,-6999429.03711831,17367207.2860769,-36704391.5627029,-34712949055.812,73157425630.4005,0.0274693586411914,0.0697236398363766,0.393974822680728,0.362907685733204,0.4046110061408
0.184,20.01927617754,1.24303755421586,-8.12998592948177,103.6979868205,156.504271102504,4627.3024020321,88592.3391929277,15558.2379554718,-6999972.71001265,-6999554.71586581,-17345741.7697526,36453034.0683361,34671504647.767,-72620289080.5121,0.0192761775400143,0.066065536224966,0.291773572750173,0.413048106857516,0.428707642827766
0.185,20.0112389173789,1.34905149383186,-7.93035258468604,108.331902662765,241.595177629437,4639.36391228994,81589.4721961374,8564.8063751267,-6999982.69945852,-6999411.82633773,17325762.877918,-36167255.0128212,-34626471904.8072,72135050877.295,0.0112389173788507,0.0624421610785181,0.17998924420182,0.461496069032609,0.452877668488582
0.186,20.0034426690635,1.45970421407516,-7.64912890136679,112.974381503762,319.686103333266,4644.42599050319,74592.3812994664,1559.33342976203,-6999970.17253301,-6999511.5559119,-17300709.0269032,35967795.865099,34578732291.1303,-71680135165.1423,0.00344266906351365,0.0589754464197352,0.0583746164295522,0.50809839737895,0.477030384203731
0.187,19.9959655235206,1.57500077701696,-7.29331370176688,117.618421477046,390.777056875402,4642.48857611534,67589.5238944679,-5434.1409174116,-6999981.51541435,-6999383.82762937,17278023.2641351,-35712339.3006745,-34525098727.074,71286203643.8951,0.00403447647938293,0.0558138476831732,0.0722845072836512,0.552706817129001,0.501072628052345
0.188,19.9888785717029,1.69493924525235,-6.86990811430557,122.257025524769,454.868031136848,4633.55176148605,60592.4272075638,-12439.4998807507,-6999966.04151375,-6999453.0651081,-17247075.4629482,35573864.3438305,34466576681.5111,-70931264355.7937,0.0111214282971019,0.05313495760941,0.209305301019613,0.595178525767019,0.524909148491016
0.189,19.9822459045857,1.81951068196196,-6.38591096196545,126.883191851955,511.959036918355,4617.61550858079,53589.582057765,-19432.9878910796,-6999979.82863594,-6999344.83294216,17219501.2184761,-35357400.0125781,-34398343459.0818,70658431245.6765,0.0177540954142543,0.0511481186331712,0.347111406806275,0.635376742160827,0.548442985064685
0.19,19.976124613174,1.94869915090104,-5.84832336648657,131.489923424714,562.050065714272,4594.67989947454,46592.4789224945,-26438.2350188206,-6999959.499147,-6999373.0173319,-17178842.2406094,35301031.2336908,34321616061.3725,-70444388434.9506,0.0238753868260346,0.0500970039869252,0.476583127251799,0.673171230584491,0.571575854871009
0.191,19.9705647884978,2.08248171645881,-5.26414415099215,136.07021852835,605.141131814063,4564.74492626941,39589.6502715703,-33431.6982519415,-6999977.53335692,-6999294.18031569,17142773.8206823,-35143357.2018561,-34228082269.7058,70353730418.4426,0.0294352115021503,0.05,0.588704230043007,0.708438797623042,0.594208543293014
0.192,19.9656095216222,2.2208284436682,-4.64037442791226,140.617080178439,641.232224277736,4527.81065510654,32592.539444745,-40436.8384891218,-6999948.80067109,-6999260.67230832,-17085308.4490212,35210373.2171591,34119267519.8183,-70361478312.8797,0.0343904783777802,0.05,0.687809567555604,0.741063760076239,0.616241297405733
0.193,19.9612949036417,2.36370239826097,-3.98401301960519,145.123506751609,670.323363406789,4483.87712294854,25589.7345344356,-47430.2208878738,-6999974.47536021,-6999231.0382476,17033959.0707226,-35151105.0962958,-33978495258.5071,70572252193.3304,0.0387050963583455,0.05,0.77410192716691,0.770938382081105,0.637574220533112
0.194,19.9576500256935,2.51105964670773,-3.30206102475155,149.582501349081,692.414533925991,4432.94436853453,18592.6139560673,-54435.2654366374,-6999929.76391874,-6999096.01724723,-16944536.1877758,35421147.0975849,33807698396.7544,-70960054294.0259,0.0423499743065108,0.05,0.846999486130215,0.797963279818224,0.658107666377113
0.195,19.9546969789515,2.66284925626449,-2.60151726310469,153.987062453442,707.50576756474,4375.01250194485,11589.8465404538,-61428.4775560516,-6999970.45090813,-6999154.89729666,16863162.2089105,-35538907.1969922,-33564876059.5077,71713531257.9292,0.0453030210484648,0.05,0.906060420969297,0.822047792275159,0.677742631171277
0.196,19.9524508546466,2.81901329506132,-1.88938281109508,158.330193307619,715.597040870181,4310.08151185275,4592.71352463991,-68433.4496517372,-6999889.72672898,-6998837.03886469,-16701713.8505822,36174624.0614619,33252426285.6838,-72808421403.8514,0.0475491453534005,0.05,0.95098290706801,0.843110316707166,0.696381142335841
0.197,19.9509197440579,2.97948683213207,-1.17265648056257,162.604892522345,716.688411430155,4238.15163910137,-2409.98498796701,-75426.3341154718,-6999965.22743672,-6999066.62550515,16550712.4350395,-36633797.3429134,-32702904451.1716,74647076985.4215,0.0490802559420516,0.05,0.981605118841031,0.861078607541336,0.713926642067626
0.198,19.950104738551,3.14419793758893,-0.458339305422836,166.804163578936,710.779839659441,4159.22277633512,-9407.12534326163,-82431.276460151,-6999765.96722726,-6998376.88435535,-16152192.016111,38013279.6430046,31919045529.2241,-77214844061.7351,0.0498952614489596,0.05,0.997905228979192,0.875890037665699,0.730284364449627
0.199,19.9499999295689,3.31306768262048,0.246569936870797,170.921005261324,697.871469260717,4073.29542969423,-16409.6475655756,-89423.5158453618,-6999958.63647876,-6998971.02674321,15766853.513056,-39201564.4192238,-1646963380.88749,81691967570.9698,0.050000070431139,0.05,1.00000140862278,0.887491821133041,0.745361704479636
0.2,19.9505924087622,3.48601013984035,0.935070565787171,174.948421485293,677.964401562276,3980.3692985734,-23401.9972691948,-96428.4723263862,-6985015.26465615,-6997326.60737695,14119890.1321952,42490403.1522104,-58110883310.1215,-88107003707.1647,0.0494075912377987,0.05,0.988151824755974,0.895841196572117,0.759068577795239
0.201,19.9518622701895,3.66293238323935,1.6001699035598,178.879411362811,651.069828688907,3880.44557355203,-30389.6377360034,-103419.238232805,-6999950.81617901,-6998889.70607832,-43990993.1779784,-45616600.55541,88014986834.2257,115446728532.479,0.0481377298105166,0.05,0.962754596210331,0.900905571433572,0.771317769402292
0.202,19.9537826181577,3.84373448900905,2.23487715539653,182.706979896994,617.176551003678,3773.52409797977,-37396.9148842991,-110421.695117739,-6999934.31593987,-6986782.94236749,44023993.6562768,69830127.9774122,199893093159.982,-164490262949.499,0.0462173818422649,0.05,0.924347636845297,0.902662628028189,0.782025270563732
0.203,19.956319559749,4.02830953657671,2.83219209333327,186.424130222428,576.295335172515,3659.61379598455,-44341.5216878843,-117400.978039943,-6855963.77570361,-6999197.94586483,243917086.816508,-94660134.9708562,199948653638.786,192889311357.619,0.0436804402510127,0.05,0.873608805020254,0.901100382753966,0.791110602286436
0.204,19.9594322259004,4.2165436147133,3.38518583646965,190.023874659641,528.574815638437,3538.70547933715,-51042.2021445733,-124415.357834734,-6512072.36206771,-6997413.42515687,443865740.455667,98229176.3835125,199958665730.101,198623020177.283,0.0405677740995785,0.05,0.811355481991569,0.896217215707159,0.798497126084717
0.205,19.9630729247502,4.40831581575521,3.88717436635724,193.499211972564,474.35888654727,3410.8160622784,-57299.0151921248,-131330.552835003,-5968227.28874699,-6799872.73868472,643824406.186189,296852196.558168,199959630591.888,199150914534.06,0.0369270752497926,0.05,0.738541504995851,0.888021911510588,0.804112334137874
0.206,19.9671874856897,4.60349826675581,4.33191753309523,196.843243474735,414.191393429707,3276.14334639492,-62912.0036726801,-137948.807656319,-5224423.06726485,-6403445.08485952,843784036.778487,496003111.090155,199955215933.579,199265936060.093,0.0328125143102973,0.05,0.656250286205946,0.876533734199341,0.807888137007244
0.207,19.9717158032095,4.80195632803573,4.7138190114608,200.049367503801,348.81614036349,3135.08378612868,-67681.2088522335,-144071.04019629,-4280661.42251957,-5807809.00573932,1043739252.71242,695269047.148666,199943965477.499,199249881572.246,0.028284196790537,0.05,0.565683935810739,0.861782539363529,0.809761199202599
0.208,19.9765925807032,5.00354898967119,5.0281262591521,203.111478431623,279.17688834065,2988.23302168244,-71406.6766541506,-149498.00636486,-3136950.1870684,-5012915.01780453,1243683218.19019,894518928.719764,199917812944.384,199122987157.347,0.0234074192967952,0.05,0.468148385935905,0.843808923077167,0.809673333187351
0.209,19.9817482742281,5.20812946713871,5.27113047024014,206.024165895268,206.41734703818,2836.38594108792,-73888.4655966332,-154030.474753778,-1793308.06240602,-4018834.59550609,1443601031.13474,1093641915.87634,199833719942.949,198793789548.071,0.0182517257718793,0.05,0.365034515437586,0.822664406933228,0.807571950602941
0.21,19.9871102362129,5.4155459961971,5.44036651511737,208.782914018241,131.881153987178,2680.53660576359,-74926.6675234814,-157469.356093088,-249790.171299804,-2825795.78485571,1643434751.07775,1292435705.42397,-134687203432.201,197728271801.122,0.0128897637870615,0.05,0.257795275741231,0.798411658361503,0.80341056882204
0.211,19.9926040586264,5.62564282692899,5.53481005769335,211.384300479218,57.0978852030675,2521.87799640696,-74377.188186481,-159615.979313265,1326300.97806184,-1434495.94353118,1508747547.64549,1490163977.22493,-199815256689.716,102549293935.324,0.00739594137363397,0.05,0.147918827472679,0.771124745079999,0.797149370664457
0.212,19.9981550889855,5.83826141653302,5.55500159831205,213.826194348055,-16.3730202054827,2361.79740267204,-72329.815977378,-160288.301719195,2735140.89736247,106942.680661418,1308932290.95562,1592713271.16032,-199897841552.992,-197712617219.81,0.00184491101451201,0.05,0.0368982202902401,0.740889412091937,0.788755814774845
0.213,20.0036899736976,6.05324181231943,5.50297239995674,216.107930139095,-87.1254394290942,2201.81978647931,-68973.5252414632,-159417.954505823,3944124.2675416,1600799.64321184,1109034449.40238,1395000653.94077,-199922095991.219,-198841892085.667,0.00368997369763591,0.05,0.0737994739527181,0.707803322717134,0.778205290758188
0.214,20.0091380610921,6.27042416074153,5.38206209569598,218.230364216274,-153.950393549226,2043.42644682524,-64508.2040985523,-157152.794850989,4953197.66894837,2896379.35110978,909112353.410843,1196158761.85551,-199930226336.924,-199201830260.27,0.00913806109207016,0.05,0.182761221841403,0.671976196728874,0.765481791077769
0.215,20.0144326103041,6.48965017642256,5.19671934663238,220.195745175499,-215.838810513837,1887.91290136718,-59133.7719572879,-153691.536423995,5762344.90919075,3992937.19783515,709182127.073548,996956931.595757,-199929209185.074,-199370370679.781,0.0144326103040697,0.05,0.288652206081395,0.633529824096484,0.750578531574072
0.216,20.0195118003456,6.71076443719615,4.95230192413123,222.00751767664,-271.981543379068,1736.37568593192,-53050.1575194246,-149233.349155475,6371562.43167176,4890208.94409102,509252917.888075,797586560.916569,-199917589157.058,-199461438594.627,0.019511800345601,0.05,0.390236006912019,0.592597952359391,0.733498465488629
0.217,20.0243195392519,6.93361548061916,4.65487678195133,223.670123293414,-321.769374095891,1589.71206144869,-46457.2882270016,-143977.590504025,6780856.5549813,5588064.78571027,309335328.730612,598125122.322583,-199879964837.706,-199512173943.047,0.024319539251934,0.05,0.486390785038679,0.549326048350279,0.714254679565267
0.218,20.0288060733003,7.15805670122154,4.31102012980269,225.18880116302,-364.793006489146,1448.61987785066,-39555.0773351279,-138123.715186144,6990251.90129306,6086433.82106133,109455363.89252,398612948.380196,-199641296356.524,-199537656896.581,0.0288060733002808,0.05,0.576121466005617,0.503870935520316,0.692870670673736
0.219,20.0329283963082,7.38394704835036,3.92761752358883,226.569388534974,-400.843033700324,1313.59750099739,-32543.3713012813,-131871.231167042,6999886.61700732,6385277.94099323,-90185932.4643199,199075291.484271,169146305409.494,-199544380713.671,0.0329283963082325,0.05,0.65856792616465,0.456400308611374,0.669380502108945
0.22,20.036650459564,7.6111515245324,3.51166710381,227.818121265312,-429.894444919116,1184.94377366689,-25560.3865996045,-125419.672977092,6994273.83724774,6484581.04212067,78960372.945304,-469089.228769405,-147208126329.347,-199534453307.499,0.0366504595640116,0.05,0.733009191280232,0.407092128113799,0.64382883922206
0.221,20.0399432112615,7.83954148431557,3.07016024117637,228.941434283665,-451.950668209865,1062.75799909376,-18551.1672636057,-118968.582221804,6999630.14702837,6384344.72623815,-68247753.3841168,-200003542.535679,118604083146.775,-199506766578.073,0.0399432112614875,0.05,0.79886422522975,0.356133908585932,0.616270864530178
0.222,20.0427845955535,8.06899473357235,2.61009873906876,229.945762053065,-467.008453188717,946.939942529372,-11565.8936460782,-112717.490394596,6990684.43521764,6084587.80041343,50356329.7626939,-399510309.113217,-82965163555.7556,-199456622764.089,0.0427845955535417,0.05,0.855691911070835,0.303721955196122,0.586772072935065
0.223,20.0451595539989,8.29939542926652,2.13847385993281,230.837339039963,-475.074068777368,837.189850290841,-4563.85857323851,-106865.9005192,6999558.18320246,5585349.17991817,-32608833.7930755,-598966931.876836,65108882620.7318,-199373569594.433,0.0451595539989356,0.05,0.903191079978711,0.250060568471272,0.555407948159682
0.224,20.0470600216473,8.53063377970282,1.66228363877183,231.622000213122,-476.140870194522,733.008489307547,2430.24667350421,-101613.263733486,6999503.79071975,4886695.46324412,32500048.8276711,-798340501.47087,-199080218709.478,-199235061302.085,0.0470600216472761,0.05,0.941200432945521,0.19536121741777,0.522263521983587
0.225,20.0484849315313,8.76260554529942,1.18852417104654,232.304981595328,-470.21374995996,633.697215094543,9412.82045218623,-97158.9443645278,6932463.73019268,3988737.43112221,-166580169.88181,-997575562.772634,-199568407873.167,-198986709203.948,0.0484849315313269,0.05,0.969698630626539,0.139841689773722,0.487432818324581
0.226,20.049440204817,8.99521133995282,0.72416363802499,232.890720903941,-457.370776354647,538.358085738891,16228.7326961258,-93702.1591663259,6666099.35637428,2891668.5137476,-366148577.754994,-1196562271.97634,-199648904624.836,-198462175333.045,0.0494402048170492,0.05,0.988804096340985,0.083725213833955,0.451018184674195
0.227,20.0499386622802,9.22835573311232,0.276001324647884,233.382658344236,-437.878337447647,445.894064526797,22678.4829461851,-91441.8488177887,6200126.32630687,1595875.15410473,-565797482.379852,-1395024447.30922,-199647007188.45,-196812050224.866,0.0499386622802263,0.05,0.998773245604525,0.0272395300147456,0.413129513851218
0.228,20.0499997575286,9.46194615277695,-0.149529655556865,233.783037697428,-412.202409544001,355.00944870941,28562.436030104,-90576.2878957094,5534505.34033279,102444.681683081,-765444489.568325,-1591836497.53399,-199586311222.296,114373963917.18,0.0499997575286244,0.05,0.999995150572488,-0.0293841233002478,0.373883359499992
0.229,20.0496491110229,9.69589159031286,-0.546561986266669,234.092710702899,-381.008611021622,264.223842653443,33680.9547404489,-91250.6991354737,4669267.69515332,-1432204.83389232,-965030800.79064,-1477462533.61679,-199423029321.754,196627256933.602,0.0496491110229087,0.05,0.992982220458174,-0.0859121136733415,0.33340194944073
0.23,20.0489178444576,9.93010113277295,-0.909993780108915,234.3110105728,-345.162170193281,172.018990147787,37834.4698636533,-93388.8640266855,3604525.3797018,-2811353.73904231,-1164453830.11241,-1280835276.68322,-198883564188.592,198115249482.734,0.0489178444576268,0.05,0.978356889152536,-0.14210960387976,0.291812111146145
0.231,20.0478417155461,10.164482460492,-1.23568813741133,234.435814854802,-305.727800093302,77.019231507522,40823.6210676008,-96807.6161958223,2340629.7674951,-3993131.39098416,-1363337394.30101,-1082720027.20056,579673048.824979,198564215620.187,0.0478417155460704,0.05,0.956834310921408,-0.197741821613337,0.249244168114593
0.232,20.0464600536115,10.3989404752325,-1.52067082290222,234.463721297681,-263.961062887959,-21.9571302126808,42482.6787501202,-101309.01356447,977582.209718503,-4976569.31037463,-1362757721.25218,-884155811.580486,198852076785.282,198715038887.522,0.0464600536114759,0.05,0.929201072229517,-0.252575404261196,0.205830876699765
0.233,20.0448145123562,10.6333761186805,-1.7632827405166,234.390245048601,-221.208433816655,-125.893507940987,42812.0241120102,-106694.541607487,-285749.473141037,-5761367.60251135,-1163905644.46689,-685440772.693089,199394516840.906,198686065488.288,0.0448145123561687,0.05,0.896290247123375,-0.306379806803671,0.161706431049027
0.234,20.0429477394077,10.8676853890585,-1.9631796216359,234.210017137607,-178.724960610424,-235.574694892455,41977.5542361092,-112765.515252097,-1349957.85918748,-6347465.3424603,-964511127.625974,-486754707.204924,199564539410.784,198417778180.189,0.0429477394077153,0.05,0.858954788154307,-0.358928727864095,0.117005542962219
0.235,20.0409021295563,11.1017585563377,-2.12117932302974,233.916983146234,-137.574821969371,-351.586801192897,40178.6015696772,-119323.288318463,-2214686.71710806,-6735011.16057512,-764946588.215174,-288336929.024833,199639432194.798,197374825046.677,0.040902129556283,0.05,0.818042591125661,-0.410001482452534,0.0718626002991735
0.236,20.0387187608801,11.3354795761145,-2.23906416777904,233.504601829773,-98.6227365466099,-474.317427295446,37614.7147971606,-126169.572139376,-2879813.58922583,-6924660.67707662,-565307156.020356,-90962103.9782043,199673656921.808,33124265800.1405,0.0387187608800907,0.05,0.774375217601815,-0.459384277036386,0.0264109070820104
0.237,20.0364365300375,11.5687257017291,-2.31938140637583,232.966041992243,-62.5338266676946,-603.963109946287,34485.5265727449,-133134.193157475,-3345283.91678528,-6999060.64815475,-365633499.098524,-57837838.1780258,199683884711.499,161027299831.738,0.0364365300374914,0.05,0.728730600749827,-0.506871375743797,-0.0192179920844409
0.238,20.0340914871492,11.8013672812483,-2.36524358777311,232.294344207594,-29.7735608079967,-740.599763596713,30990.7065538623,-140135.334841413,-3611075.47352806,-6976384.83641691,-165949614.386999,103189461.654147,199674952364.515,197802515378.155,0.034091487149233,0.05,0.681829742984661,-0.552266153209503,-0.0648949060989482
0.239,20.0317163703319,12.033267680137,-2.38012889182567,231.482519993686,-0.607730470282001,-884.197850841256,27329.9354318682,-147027.157861107,-3677187.6117328,-6774294.11707368,33725337.9775447,300991977.032559,199645235928.085,198688492659.008,0.0317163703318748,0.05,0.634327406637496,-0.595382030173802,-0.110493531146378
0.24,20.0293403399064,12.2642833172009,-2.36768145024931,230.523693711964,24.8975505968788,-1034.5537117442,23702.8846951122,-153617.841240888,-3543639.65579121,-6373957.89371162,233370573.905661,499680469.691672,199585690685.759,198924882162.336,0.0293403399063585,0.05,0.586806798127171,-0.636043288431752,-0.155890927108212
0.241,20.0269889122826,12.4942638699422,-2.33151167692637,229.411291231011,46.8758266301906,-1191.26696331691,20309.1946080547,-159708.804752726,-3210476.23654267,-5774814.98293878,432956264.591456,698605351.85399,199471130807.177,198961477977.815,0.0269889122826186,0.05,0.539778245652371,-0.674085762222852,-0.200967912740389
0.242,20.0246840935001,12.7230526750382,-2.27499663026141,228.139238162723,65.6602537945222,-1353.73845127422,17348.4416922757,-165101.156813408,-2677784.40654762,-4976728.89209588,632427395.398675,897566829.831696,199221593488.022,198852017458.881,0.024684093500067,0.05,0.493681870001339,-0.709357403654188,-0.2456093681326
0.243,20.0224447123764,12.950487327508,-2.20108044170078,226.702158733944,81.7835087491519,-1521.17009256131,15020.074582342,-169595.960287679,-1945746.21440494,-3979736.05353474,831648988.886745,1096418847.29041,198419158162.147,198506738001.984,0.0224447123763518,0.05,0.448894247527036,-0.741718720263294,-0.289704442086001
0.244,20.0202869531681,13.1764004787925,-2.11207488116239,225.095574710238,95.977585854029,-1692.56491328713,13523.2227220742,-172994.402461234,-1014887.64643712,-2784063.83724334,1030068147.04895,1294925585.2922,-168785672479.301,197357178032.56,0.0202869531681458,0.05,0.405739063362915,-0.771043083354937,-0.333146663741324
0.245,20.018225087013,13.4006208337082,-2.00946331892993,223.316104184957,109.158010041039,-1866.72730352036,12995.2382037483,-175098.110642826,-69212.335627821,-1390459.66293486,861282474.569714,1492282763.32458,-198485284147.338,154831843231.341,0.0182250870129792,0.05,0.364501740259584,-0.797216906509242,-0.375833958273354
0.246,20.0162723725901,13.6229743459379,-1.89378499245091,221.361659551551,122.253918935896,-2042.26547887396,13323.5862247141,-175716.623616894,692827.496868225,179239.022005386,662797190.422457,1647114606.55578,-199181094700.5,-197335482250.363,0.0162723725900591,0.05,0.325447451801182,-0.820139705542813,-0.417668566963817
0.247,20.0144419692694,13.8432856075663,-1.76472785244633,219.231632619352,136.026085895169,-2217.62618619053,14314.6154676768,-174746.716538652,1256034.13994043,1727685.88743598,463616095.722053,1449779124.30536,-199405415329.442,-198697999682.157,0.0144419692693809,0.05,0.288839385387618,-0.839724101771218,-0.458556873979128
0.248,20.0127476961505,14.0613793864323,-1.62131746416868,216.926979774187,151.037679223131,-2391.27570901473,15769.2234195901,-172327.257422344,1619947.52799776,3078116.01190027,264210680.392723,1251081124.62327,-199503588983.893,-199108089290.575,0.0127476961505195,0.05,0.25495392301039,-0.855895834357435,-0.498409158999312
0.249,20.0112045951525,14.2770821455464,-1.46211583573274,214.450103924942,167.652598870578,-2561.86369108074,17488.0256896202,-168656.78552968,1784406.41389854,4229643.09187825,64707091.4089624,1051973035.33292,-199544954016.344,-199280070856.843,0.0112045951524706,0.05,0.224091903049413,-0.86859379815973,-0.537139342199729
0.25,20.0098292948996,14.4902233928864,-1.28542078969415,211.804658953154,186.035297909299,-2728.23862956155,19271.5281568872,-163934.369265278,1749341.02829933,5181976.09178275,-134837862.607228,852692964.476505,-199549057450.935,-199342284322.575,0.00982929489959261,0.05,0.196585897991852,-0.877770108148211,-0.574664782386701
0.251,20.0086401751687,14.7006368328745,-1.08946545202129,208.99535066933,206.150709059174,-2889.44820121537,20920.1920776411,-158359.270405311,1514728.63696663,5934997.91409797,-334386920.057987,653350680.154595,-199516867663.193,-199314515223.814,0.00864017516873616,0.05,0.172803503374723,-0.883390190162026,-0.610906140255169
0.252,20.0076573318201,14.9081613186908,-0.872617787579072,206.027737561221,227.764221099137,-3044.73938565508,22234.4744433015,-152130.816237006,1080583.28307705,6488691.33664066,-533903787.720981,454036164.931726,-199431759626.524,-199124831897.727,0.00765733182007011,0.05,0.153146636401402,-0.885432897613911,-0.645787307477202
0.253,20.006902342187,15.1126416052924,-0.633580139966498,202.908031474803,250.441693562706,-3193.5584803976,23014.8672059136,-145448.294289883,446963.615542807,6843165.08562352,-733335547.347279,254911333.035264,-199233210092.848,-198027027025.626,0.00690234218702201,0.05,0.13804684374044,-0.883890653626602,-0.679235401786925
0.254,20.0063978309408,15.3139289031258,-0.371588734788921,199.642898345855,273.549518601413,-3335.55095804863,23061.9575127673,-138510.678042246,-385988.536850897,6999062.90514597,-932568757.439876,56884306.0112614,-198632529425.194,-114270698510.933,0.00639783094080215,0.05,0.127956618816043,-0.878769617970968,-0.711180827920304
0.255,20.0061668364949,15.5118812328225,-0.0866130811559195,196.239259977193,296.254777364122,-3470.55738519974,22176.5791756256,-131502.218100513,-1417873.55900337,6998811.86190176,-1131201286.86479,-57386392.5012506,-187854229401.522,111230872668.021,0.00616683649488081,0.05,0.123336729897616,-0.87008987805984,-0.741557403890213
0.256,20.0062319781334,15.7063635883642,0.220444974698054,192.70411648741,317.526058952876,-3598.56512714836,20161.7959349563,-124513.560956083,-2643001.96056892,6997040.90573452,-1319055516.266,53844480.1683166,198316193147.102,-104003539649.684,0.00623197813341392,0.05,0.124639562668278,-0.857885663111756,-0.77030254898253
0.257,20.0066144255953,15.8972479618756,0.547558123280875,189.044462130092,336.154774496217,-3719.57552705236,16892.3189151122,-117506.93173354,-3862899.38026137,6998883.616078,-1120739323.11856,-50159059.4828613,199180316583.22,99393286000.3601,0.00661442559525938,0.05,0.132288511905188,-0.842205579899332,-0.797357511617416
0.258,20.0073327064754,16.0844133430938,0.891470203036276,185.267298356092,350.937153013869,-3833.5872354342,12502.2465927221,-110516.562099536,-4884048.54508833,6998421.19959531,-921559006.534977,49234226.5189519,199418834379.858,-97344625725.1293,0.00733270647539896,0.05,0.146654129507979,-0.823112855152864,-0.822667591519996
0.259,20.0084015180581,16.2677457202811,1.24780773478817,181.379620483362,360.85209128439,-3940.60043725559,7190.65501676293,-103509.747890969,-5705898.13443337,6998983.1132517,-722140172.154718,-48110399.207578,199500708991.598,96114051064.4207,0.00840151805812184,0.05,0.168030361162437,-0.800685517964449,-0.846182344798698
0.26,20.0098307067947,16.4471380802781,1.61127574389142,177.388430465696,365.077753068117,-4040.61470723767,1156.93691441746,-96518.8009688102,-6328287.95209229,6998929.73957633,-522639463.162685,48003651.8582093,199490125425.37,-95702402443.2489,0.00983070679467701,0.05,0.19661413589354,-0.775016457305335,-0.867855772068068
0.261,20.0116244464811,16.6224904088125,1.97585713653223,173.300724048896,362.991751517852,-4133.63003032815,-5399.42241501861,-89511.819803712,-6751182.35254229,6999082.19021292,-323149337.736845,-47698750.586361,199324512055.93,95627195424.8736,0.0116244464811146,0.05,0.232488929622292,-0.746213342507775,-0.887646488482547
0.262,20.0137806158745,16.7937096905734,2.33501217626636,169.123503431809,354.171184891607,-4219.64627436204,-12278.95868442,-82520.649122888,-6974669.43425117,6999197.03733899,-123824825.680407,47928444.8398055,197786680244.775,-95908966164.1551,0.013780615874456,0.05,0.27561231748912,-0.714398407078036,-0.905517875245113
0.263,20.0162903757818,16.9607099093259,2.68187792576522,164.863764563502,338.39249513079,-4298.66333309905,-19282.5760848039,-75513.4726908231,-6999600.91980919,6999170.99909672,73961854.5646481,-47980521.3256009,-136122342327.548,96341333891.5326,0.0162903757817787,0.05,0.325807515635574,-0.679708097022051,-0.921438211936002
0.264,20.0191379449698,17.1234120480102,3.00946448009184,160.528509826213,315.616773797576,-4370.68120282163,-26267.8831343854,-68522.2350634072,-6993700.23640831,6999361.14471688,-62160487.7628113,48360812.5671567,112854893172.348,-96950427705.8342,0.0191379449698026,0.05,0.382758899396052,-0.642292585667437,-0.935380789205922
0.265,20.022300548091,17.281744088771,3.31078004605357,156.124735273164,285.846382750907,-4435.69973677841,-33273.854465813,-61514.8519170244,-6999433.27758495,6999246.74343112,50694405.4092898,-48589615.1398621,-99115108200.9326,97628007360.2953,0.0223005480909535,0.05,0.44601096181907,-0.602315167800773,-0.947324001464464
0.266,20.0257484143278,17.4356410130664,3.57882421566643,151.65944344055,249.077130917692,-4493.71899575926,-40264.4597253935,-54523.6286466031,-6998296.42627613,6999471.1319714,-48420702.791288,49038392.2215921,94453544725.4807,-98400465546.711,0.0257484143278361,0.05,0.514968286556723,-0.559951583625987,-0.957251419185146
0.267,20.0294447744978,17.5850448016543,3.80660150356726,147.139630432251,205.309388426391,-4544.73881579391,-47271.224245611,-47516.038396112,-6999490.35670467,6999309.29141964,46032841.9337426,-49362073.3262379,-91039587575.6395,99203692622.4806,0.0294447744978008,0.05,0.588895489956016,-0.515389295969209,-0.96515184067819
0.268,20.0333458607701,17.7299044347032,3.98710985751633,142.572298918752,154.542297826599,-4588.75929306934,-54262.8714459447,-40524.876192585,-6998977.30855875,6999549.06440464,-45006745.6413579,49841619.297336,88896123656.284,-100062483035.57,0.033345860770055,0.05,0.666917215401099,-0.468826722065108,-0.971019323075212
0.269,20.0374009060891,17.8701758917537,4.11335308892138,137.964445021976,96.7761406072522,-4625.7802570633,-61269.5361067148,-33517.0833990376,-6999535.99237196,6999359.44218419,43889378.0143079,-50220863.7392871,-87203438906.6947,100935603199.962,0.0374009060890543,0.05,0.748018121781087,-0.42047242420709,-0.97485319257007
0.27,20.0415521442564,18.0058221518283,4.17832897417131,133.323071531714,32.010517924065,-4655.80182523506,-68261.661316564,-26526.0117881896,-6999248.333811,6999606.38004488,-43314060.8916933,50714739.461702,85990872373.7724,-101845949268.515,0.0415521442563502,0.0500012686874953,0.831021798987711,-0.370544262184305,-0.976658033803885
0.271,20.0457348096692,18.1368131933768,4.1750410318853,128.655174566046,-39.7544036165382,-4678.82382495787,-75268.2348687585,-19518.0223632919,-6999566.95851581,6999398.14487233,42676811.4813203,-51131209.8077991,-84986063951.7887,102765332087.385,0.0457348096691881,0.0506699087603801,0.902602960772432,-0.319268511332164,-0.976443658617929
0.272,20.0498771373826,18.2631259943849,4.09648698632347,123.967757022174,-118.518850248639,-4694.84638822819,-82260.6277655256,-12527.0622679756,-6999383.17901038,6999649.60110822,-42309252.4696484,51634122.2805446,84220232601.4069,-103715211780.832,0.0498771373825626,0.0523686032814913,0.952424434817622,-0.266878949500911,-0.974225054214489
0.273,20.0539003629627,18.3847445323076,3.9356701972773,119.267814998206,-204.282711969389,-4703.86934147573,-89267.1288653373,-5518.88147435717,-6999582.31517933,6999426.11749835,41910980.1308888,-52081089.5012044,-83560506161.6578,104675353308.979,0.0539003629626862,0.0548391495644371,0.982881087522195,-0.213615916824054,-0.970022311120066
0.274,20.0577187225332,18.5016597841757,3.68558837377443,114.562351489261,-297.046128516717,-4705.89282859986,-96259.6824414781,1471.94999060878,-6999451.58812927,6999682.70465163,-41649526.0298552,52594263.8086627,83042403486.5283,-105666711800.902,0.057718722533231,0.0578592330268496,0.997571511299615,-0.159725351907423,-0.963860531143671
0.275,20.0612394526869,18.6138697265206,3.33924478539358,109.858362560312,-396.809018239784,-4700.91667432595,-103266.118392041,8480.31870853131,-6999579.91241585,6999443.61255984,41392877.4557281,-53072447.9930844,-82579109282.0215,106674139946.1,0.0612394526869231,0.0612397485737335,0.999995168386265,-0.105457808421405,-0.955769715887838
0.276,20.0643627905242,18.7213793354796,2.88963714784793,105.162851296874,-503.571468571341,-4688.94103446331,-110258.76505061,15471.005120419,-6999476.58960114,6999708.23453981,-41186231.8253239,53601691.9538306,82216725031.1541,-107719424373.519,0.0643627905242425,0.0648220897783192,0.99291446394821,-0.051067455922946,-0.945784636152902
0.277,20.0669819736028,18.8242005867117,2.32976868636437,100.482813718752,-617.333410591842,-4669.96572991964,-117265.131968618,22479.5609635402,-6999554.45891088,6999450.21430688,41030493.2048466,-54117732.4204584,-81881596373.7761,108790820536.451,0.0669819736027577,0.0684754364656162,0.978189801482924,0.00318893103301308,-0.933944682947957
0.278,20.0689832399749,18.9223524555029,1.65263714463402,95.8252529960335,-738.09489310756,-4643.99093052016,-124257.818113656,29470.0841150596,-6999464.76389293,6999727.89215464,-40851103.1679339,54673088.1167302,80923297961.0135,-109912831784.107,0.0689832399749477,0.072094068931448,0.956850417758245,0.0570529915461945,-0.920293700587657
0.279,20.070245828164,19.0158609166727,0.85124573723895,91.1971650909906,-865.85588031627,-4611.01644997899,-131264.221212806,36478.8297459753,-6999854.21808035,6999444.56437932,40072194.7920774,-55239743.6680668,199589366856.223,111076027354.518,0.0702458281639586,0.0755947344988541,0.929242342467959,0.110265800696498,-0.904879802735923
0.28,20.0706419775411,19.1047589446812,-0.0814055631353499,86.6055532539555,-1000.60503371536,-4571.04247640696,-138210.774439014,43469.1671097464,-6859987.33986016,6999742.83438851,239661561.647435,55836283.6871064,199845555817.275,-112311150967.345,0.0706419775410723,0.0789140895457293,0.895175727778453,0.162568891682922,-0.887755172001473
0.281,20.0700369507736,19.1890865135234,-1.15224766401683,82.057413375494,-1142.19753133253,-4524.06881146403,-144917.623405414,50478.1095608173,-6520403.00030409,6999423.54259194,439507117.463982,-56474867.2808433,199887044881.31,113610311913.777,0.0700369507736198,0.0820062374534648,0.854044191618509,0.213705282298141,-0.868975844085038
0.282,20.0682891836631,19.2688905968413,-2.36797076236473,77.5597487830332,-1290.29377642497,-4470.0956688468,-151184.958339506,57468.2307217545,-5980952.36039945,6999753.83126799,639394162.344701,57135444.6334982,199897430881.604,-115017320644.586,0.0682891836631043,0.0848403802679017,0.804913691422252,0.263420543194645,-0.848601477192474
0.283,20.0652506249187,19.3442251678012,-3.73482553611856,73.1195552773509,-1444.35431619133,-4409.12283102367,-156812.897380253,64477.3827218985,-5241609.48261395,6999380.61557919,839291593.225846,-57881876.0115966,199893299107.684,116525282216.712,0.065250624918729,0.0873985991337312,0.746586622273969,0.311463928273597,-0.826695107843455
0.284,20.0607672756126,19.4151511992139,-5.2584232663208,68.7438362604224,-1603.63980749321,-4341.15054975322,-161601.545516403,71467.2432798414,-4302371.23983426,6999761.38067595,1039184892.3332,58643406.2055784,199874235934.706,-118206436429.585,0.0607672756126334,0.0896737759165274,0.67764823095214,0.357589566424763,-0.803322893878762
0.285,20.0546799285233,19.4817366633879,-6.94353594345705,64.4395874176267,-1767.21101305431,-4266.17857715019,-165351.011937414,78476.6252908819,-3163249.22953371,6999301.56866674,1239059128.26769,-59563030.224406,199825704578.583,120054490814.903,0.0546799285233455,0.0916676657519088,0.596501809823895,0.401557709847531,-0.778553845917765
0.286,20.046825107372,19.5440565322625,-8.79389637800758,60.2138122220437,-1933.92881368074,-4184.20722597623,-167861.427318718,85466.1544262389,-1824277.24897673,6999765.78384978,1438884832.84616,60491460.5908415,199665947411.426,-122212798487.436,0.0468251073720261,0.0933891277222097,0.501397844846667,0.443136033892457,-0.75245954813228
0.287,20.0370362059388,19.602192777222,-10.8119983341385,56.0735062029479,-2102.45424607066,-4095.2361989479,-168932.98449337,92475.7971406363,-285559.442424858,6999150.8451969,1638550780.25755,-61721337.8968668,-125593062899.85,124675425311.813,0.0370362059387759,0.0948525183354149,0.390460966021055,0.482100983165497,-0.725113869706038
0.288,20.0251448265657,19.6562343692484,-12.9988994393559,52.0256728949497,-2271.26215153281,-3999.26591846492,-168420.200722816,99464.8665544368,1290194.80638277,6999767.21995594,1512957717.35774,62954087.4151518,-199666267734.439,-127822011135.35,0.0251448265657075,0.0960762501382199,0.261717401850436,0.518239158278447,-0.696592667875331
0.289,20.0109822921056,19.706277278666,-15.3540952827628,48.0773075955346,-2438.79341466069,-3896.29600186973,-166406.804769043,106474.807149578,2703319.38987329,6998810.30180342,1313291449.62339,-64867923.7203216,-199824221159.952,131647174681.635,0.0109822921055951,0.0970815155016254,0.11312444031028,0.551348727446094,-0.666973484043338
0.29,19.9943811889526,19.7524244753212,-17.8755884913007,44.2354138598519,-2603.63800383573,-3786.32711559093,-163080.143691218,113463.124685301,3916698.7289167,6999765.96542392,1113467228.46353,66779250.9613676,-199872203158.847,-138141860989.542,0.00561881104740181,0.0978911735490816,0.0573985461986988,0.581240801179894,-0.636335233843576
0.291,19.9751767736322,19.7947859281656,-20.5600690549936,40.5069865655502,-2764.58254829954,-3669.35873395862,-158640.02338193,120473.256632708,4930229.85580081,6997474.28589051,913595025.30477,-71362610.0281661,-199890721984.701,147303497732.805,0.0248232263678112,0.0985287962057908,0.251938796815953,0.607740698730292,-0.604757892803725
0.292,19.9532081860607,19.8334786054117,-23.4031135093039,36.8990289597082,-2920.61351969609,-3545.39249630557,-153286.311133807,127459.60019654,5743879.52011323,6999763.42472875,713704303.320107,75940887.7046136,-199893957676.319,-151770408805.929,0.046791813939258,0.0990178676200639,0.472559297265422,0.630689079141101,-0.572322178391505
0.293,19.928319463071,19.8686264734688,-26.399384799416,33.4185347901876,-3070.91726926752,-3414.42668134908,-147218.895121647,134472.038996986,6357636.84459517,6999819.1080304,513810345.643742,-75829521.1012649,-199881591914.711,-199648287415.224,0.071680536929037,0.0993811295716374,0.721269090399774,0.649942930274643,-0.539109230418361
0.294,19.9003603520598,19.9003604976748,-29.5428321670178,30.0725059415548,-3214.88003930892,-3276.47568973023,-140637.666702882,141400.668629897,6771506.39428156,6824165.44322152,313928753.728863,-275477808.516674,-199833393719.236,-199846770954.843,0.0996395023251786,0.0996400631252816,0.99999437174079,0.66537641220935,-0.505200289869658
0.295,19.8691869247466,19.9288186143163,-32.8268910401913,26.8678548034141,-3352.0879577471,-3131.71717829559,-133742.501497356,148053.787373701,6985518.4511508,6448764.24922742,114095360.009294,-475324579.471911,-199490140452.595,-199882485420.269,0.0711813856836727,0.0993862787413347,0.716209386095753,0.676881552046225,-0.470676389469607
0.296,19.8346619910477,19.9541455506214,-36.2446829040552,23.811217841968,-3482.32699621473,-2980.52655799741,-126733.183722943,154231.575585622,6999868.7409338,5873498.42704537,-85394780.4436312,-675207064.892757,163302517965.806,-199889067419.081,0.0458544493786235,0.0990313727107581,0.46302952411405,0.684368787761137,-0.435618105774105
0.297,19.7966553136247,19.9764924492714,-39.7892120446015,20.9087561887975,-3605.56767375902,-2823.47909642022,-119748.795285903,159734.155635652,6996125.21947307,5098346.82844308,77907737.5222672,-875096132.312572,-148615834424.307,-199879275344.033,0.0235075507286027,0.0985545115938345,0.23852333443123,0.687767359557668,-0.400105390734133
0.298,19.7550436515588,19.996016293132,-43.4534860874419,18.1659557666667,-3721.8116141387,-2661.34994502887,-112738.485503406,164361.641185381,6999725.03978319,4123311.05845849,-70708096.9020411,-1074975407.65747,139042159198.169,-199847938526.481,0.00398370686800575,0.0979335928490122,0.0406776342224836,0.687025558782686,-0.364217484890002
0.299,19.7097107611758,20.0128791301016,-47.2305021109772,15.5874274046988,-3831.05622838173,-2495.11413787964,-105750.940818875,167914.156550256,6998538.02248023,2948411.68153777,68334062.2960699,-1274823346.18494,-134305860554.893,-199760080840.764,0.0128791301016378,0.0971457315153945,0.132575357668668,0.682110884247065,-0.328032912372738
0.3,19.6605473977825,20.0272470980794,-51.1132656587263,13.1767069647346,-3933.3021072565,-2325.94656938301,-98740.6200753389,170191.863211895,6999719.15449885,1573708.29493245,-65971798.2587353,-1474583427.02678,130446863865.312,-199255785032.234,0.0272470980793642,0.0961678782558202,0.283328472807553,0.673010122801259,-0.291629557526642
0.301,19.6074513155866,20.0392892500759,-55.094773117928,10.9360555102328,-4028.5484277683,-2155.22191825252,-91752.1456759919,170995.070495809,6998970.78817277,-503.024610443726,64475065.6064543,-1673839212.06017,-127471938510.645,199379414396.636,0.0392892500758819,0.0949775771553301,0.413668691628411,0.659729352971165,-0.255084822636526
0.302,19.5503272682146,20.0491761801124,-59.168029499207,8.86626296158596,-4116.79565353671,-1984.49776499543,-84742.1826781011,170190.877767568,6999709.8845239,-1574652.52947229,-62996872.9040628,-1474459797.66474,124867127422.289,199772525396.606,0.0491761801123971,0.09355387039977,0.525645597582011,0.642293872777085,-0.218475865680115
0.303,19.4890870084946,20.0570784817172,-63.3260312100779,6.96653842233303,-4198.04327795439,-1815.33163293698,-77753.1600421256,167912.290760162,6999146.57533098,-2949226.06443873,61870254.5180815,-1274687272.26939,-122641863640.975,199851409077.725,0.0570784817172481,0.0918783553587815,0.621239697797797,0.620748051692155,-0.181879904421579
0.304,19.4236492887619,20.0631652064754,-67.5617829877113,5.23461995055846,-4272.29166307741,-1649.0980759457,-70743.5186501424,164359.029627769,6999695.89802858,-4123987.63216926,-60771609.1227553,-1074835863.19295,120614522055.396,199880062627.164,0.0631652064753609,0.0899363979283204,0.702331958254585,0.595155108003379,-0.145374519466519
0.305,19.3539398606714,20.0676024900471,-71.8682813211592,3.66697093899532,-4339.54043677497,-1486.9718511086,-63754.1061363327,159730.937407774,6999231.54993352,-5098883.46404862,59842912.9324939,-874955800.567087,-118796495750.735,199888396494.423,0.0676024900470793,0.0877185040429215,0.770675364162626,0.56559681224607,-0.109037889110825
0.306,19.2798914754159,20.070552377416,-76.2385307689258,2.25897995192615,-4399.78990317151,-1329.92785271643,-56744.7525458915,154227.890776191,6999676.21499064,-5873895.0663685,-58953582.8181066,-675067404.073969,117097658927.679,199880369214.88,0.0705523774159644,0.0852218492667241,0.827867243236558,0.532173118414335,-0.0729489427161731
0.307,19.2014438835612,20.0721718479961,-80.6655279162522,1.00516059994936,-4453.03976413792,-1178.74109235871,-49755.036845822,148049.775402655,6999271.46163638,-6449022.28583503,58144076.1094321,-475187034.860386,-115532080191.553,199841772497.4,0.0721718479961133,0.0824519641345774,0.875319936324561,0.495001724277432,-0.0371874319637753
0.308,19.1185438352172,20.0726120406206,-85.142277193666,-0.100648575865925,-4499.29028841025,-1033.9866991976,-42745.9486928296,141396.466561472,6999649.49765003,-6824288.43444671,-57388004.0819964,-275345262.364264,114044450986.585,199623838045.955,0.0726120406205588,0.079424570646351,0.914226416707672,0.454217562990574,-0.00183391990312365
0.309,19.0311450798868,20.0720176784099,-89.6617752889686,-1.06508423237434,-4538.54122516947,-896.039950070491,-35755.9857887228,134467.776135518,6999283.71906133,-6999821.777788,56656446.9044599,-75721424.3195577,-112652895861.812,151671464374.092,0.0720176784099067,0.0761675628554316,0.945516381384009,0.409972227923269,0.0330303119544158
0.31,18.9392083666068,20.0705266934186,-94.217026537834,-1.89505882246901,-4570.79282022818,-765.078385416905,-28747.1493288529,127455.372222966,6999613.71803488,-6999707.46992051,-55996448.9572397,75950040.0558058,111317491490.058,-149728673114.779,0.0705266934186177,0.0727231220345029,0.969797382807038,0.362433333375485,0.0673234378847239
0.311,18.8427014438059,20.0682700467357,-98.801027735979,-2.59757422283851,-4596.0448572107,-641.116447283605,-21756.9809200484,120468.684994221,6999276.01482267,-6998621.76642209,55321042.5327034,-73778633.0603109,-110062726702.48,145409976334.04,0.0682700467356554,0.0691499542970273,0.987275370311999,0.311783813642322,0.100963340946656
0.312,18.7415990594225,20.0653717003809,-103.406783149792,-3.17962462694446,-4614.29756589652,-524.153310862426,-14748.3881717432,113457.408907324,6999565.69400413,-6999695.41131538,-54741684.169679,71631343.2751159,108855818748.512,-141920096984.105,0.0653717003809327,0.0655256359922615,0.997650757463124,0.258221163552376,0.13386792631402
0.313,18.6358829607687,20.0619486174123,-108.027289689263,-3.64821404728177,-4625.55075917618,-414.189724440924,-7758.05068336586,106469.875818149,6999251.9192087,-6999024.11653232,54114134.5787329,-70288753.7103311,-107731633143.199,139280088508.5,0.0619486174122628,0.0619490495369519,0.999993024514623,0.201956623423626,0.165955444844259
0.314,18.5255418946283,20.0581107614639,-112.655551574802,-4.01033710586249,-4629.80465369557,-311.225272136308,-749.696969058376,99458.9206728463,6999500.23721584,-6999672.8259884,-53617498.5643833,68991334.7994425,106660720008.243,-136934536153.167,0.0581107614639365,0.0585428897781269,0.992618602945154,0.143214311975573,0.197144814252088
0.315,18.4105716071243,20.0539610969407,-117.284565838832,-4.27299779628129,-4627.05909259911,-215.260394926332,6240.77130554326,92470.9210915654,6999213.09865558,-6999148.75926554,53043221.4437762,-67943201.3549342,-105695701692.222,134914022030.282,0.0539610969406645,0.0554562183773343,0.973039607091549,0.0822303105685419,0.227355937103636
0.316,18.2909748437969,20.0495955887573,-121.907336680924,-4.44319096213762,-4617.31427819491,-126.29475066371,13248.8900646386,85460.2864019608,6999408.46925324,-6999634.94960533,-52652480.2483801,66970820.6765242,104809316026.186,-133017108716.03,0.0495955887572599,0.0528670412296594,0.938119244120585,0.0192517026697192,0.256510013954151
0.317,18.1667613494741,20.0451032025229,-126.51686126645,-4.52792049344998,-4600.57009225419,-44.3286623126392,20239.4405131053,78471.9673445744,6999160.64701795,-6999172.68328682,52156835.7777407,-66046288.0406736,-104087118359.4,131288487421.771,0.0451032025229239,0.050984881483605,0.884638763697578,-0.0454644277139695,0.28452985075581
0.318,18.0379478683234,20.0405659043595,-131.106143805864,-4.53418135872874,-4576.82671557488,30.6381813292577,27247.3317249522,71461.6529318376,6999273.92361599,-6999574.72761661,-51930282.5816115,65242199.3822979,103504753256.383,-129607829709.387,0.0405659043594753,0.0500533184456952,0.81045384440368,-0.111652034438815,0.311340159025296
0.319,17.9045581437291,20.0360586610818,-135.668181611144,-4.46897730836195,-4546.08408923717,98.605520270943,34237.8912994867,64473.0979989605,6999096.01766257,-6999136.443089,51574470.674725,-64365630.3283542,-103216982438.49,128047312655.18,0.0360586610817961,0.05,0.721173221635922,-0.179037180411548,0.336867847886096
0.32,17.7666229183041,20.0316494400609,-140.195978949933,-4.33930337667277,-4508.34235489135,159.573657747995,41245.5717220802,57463.1199594832,6999061.99711805,-6999478.41708977,-51642511.7637354,63681682.3282127,103205951158.001,-126505468766.077,0.0316494400608676,0.05,0.632988801217351,-0.247339137140507,0.361042306594147
0.321,17.6241799337792,20.0273992094099,-144.682533300352,-4.15216313949066,-4463.60155900804,213.542381051454,48236.013455176,50474.3981387633,6999022.46093331,-6999049.46914459,51563439.394238,-62823786.4394298,-103802870497.464,125114369152.585,0.0273992094099427,0.05,0.547984188198853,-0.316271508340872,0.383795676702535
0.322,17.4772739309465,20.023361937884,-149.120849065435,-3.91455164265353,-4411.86176553544,260.511996923284,55243.5171573902,43464.7891712577,6998684.46507882,-6999316.07100773,-52239431.1032144,62290582.7150298,105005792243.007,-123771479624.598,0.0233619378840153,0.05,0.467238757680306,-0.385543373041758,0.405063112584992
0.323,17.3259566495735,20.0195845950805,-153.503923926576,-3.63347223981216,-4353.12323747603,300.482352677838,62233.5828722912,36475.9898116701,6998947.93009711,-6998911.228105,52766361.1397819,-61480896.9119456,-107791465564.11,122780702330.431,0.0195845950805307,0.05,0.391691901610614,-0.454860443666292,0.424783029545538
0.324,17.1702868282049,20.0161071513858,-157.824762580957,-3.31591991596582,-4287.38587755624,333.4537559219,69240.9487386975,29466.8015854976,6997818.55845483,-6999001.77385173,-55025104.424328,61299805.4213219,112207572270.289,-122038277949.6,0.0161071513857536,0.05,0.322143027715072,-0.523926234522506,0.442897338355178
0.325,17.0103302041164,20.0129625781978,-162.0763630387,-2.96889772237513,-4214.65051507355,359.426188326461,76229.9560069852,22478.1100013649,6998897.24016565,-6998721.1074052,57182467.8459564,-60738472.5311922,-129651513000.928,120198927405.066,0.0129625781977722,0.05,0.259251563955445,-0.59244323596179,0.459351665527936
0.326,16.84615951273,20.0101768479688,-166.251730790723,-2.59940046167914,-4134.91698218155,378.39982298401,83235.8358955736,15469.0528122617,6991253.95151114,-6999360.11623387,-72469045.1549086,59460454.8767045,160525180346.407,197959144818.733,0.0101768479688147,0.05,0.203536959376294,-0.660114089841624,0.474095558330063
0.327,16.6778544870089,20.0077689347247,-170.343866327798,-2.2144285451312,-4048.19090893524,390.387354111669,90217.6095212317,8532.41611426929,6999047.49652944,-6840920.0889478,88056135.1908897,257419599.69792,-177415339206.436,199147028841.748,0.00776893472470874,0.05,0.155378694494175,-0.726642761445828,0.487082674005701
0.328,16.5055018536092,20.0057508393096,-174.345779733511,-1.82090275093662,-3954.46649194902,395.550511240951,97231.1158621555,1853.3969966441,6998395.9621171,-6483926.974829,-89359204.0143811,456566628.541832,-198133078047.874,199288356987.544,0.00575083930957732,0.05,0.115016786191546,-0.791735704527471,0.498270962082863
0.329,16.3291953363958,20.0041277546318,-178.250469642611,-1.42548551134854,-3853.7593268514,394.246342869814,104151.810042591,-4369.03193774937,6809970.21907878,-5927716.16779339,-287492282.061305,655854985.531247,-199002286785.804,199231585426.523,0.00412775463182058,0.05,0.0825550926364116,-0.855103010713435,0.507622884493241
0.33,16.1490356268014,20.0028984228741,-182.051031706602,-1.03438264958907,-3746.25873884157,387.031063328486,110784.867072841,-9935.61534853937,6422976.79362458,-5172245.38954889,-486494568.846398,855086570.959371,-199165265530.042,198963258681.162,0.00289842287408604,0.05,0.0579684574817207,-0.916459554765263,0.515105693018982
0.331,15.9651301931632,20.0020556917123,-185.740849446092,-0.65314414819976,-3632.3517643528,374.660129849447,116931.402371121,-14647.156909495,5836899.59201316,-4217677.18924893,-685659834.375985,1054049829.64189,-199152523718.934,197944723571.344,0.00205569171228248,0.05,0.0411138342456496,-0.975526181587069,0.520691765604642
0.332,15.7775928936157,20.0015872697585,-189.313792921424,-0.286464974721714,-3512.62448684657,358.088057013754,122392.27995866,-18304.8183966611,5051663.4957777,-3064654.99782137,-884812358.094734,1251994553.21436,-199001585026.441,-182942667117.902,0.00158726975848111,0.05,0.0317453951696223,-1.03203094415208,0.524359000145584
0.333,15.5865433900004,20.0014766804946,-192.764417849903,0.0620105391777877,-3387.86213559908,338.451954265925,126968.370344552,-20773.9665623949,4067350.34516975,-1904131.77816596,-1083813943.12127,1069051886.09738,-198593361298.268,-198317887578.602,0.00147668049461558,0.05,0.0295336098923116,-1.0857103883418,0.526091263767146
0.334,15.3921063626431,20.0017043839778,-196.088164722465,0.389801046045546,-3259.04900046253,316.895833883485,130460.714824612,-22176.6253787753,2884239.72139935,-934238.835857877,-1282407304.41991,870733998.519519,-197147303610.137,-199068565964.1,0.00170438397783812,0.05,0.0340876795567624,-1.13631087957413,0.525878883568744
0.335,15.194410526089,20.0022489048898,-199.281557735426,0.695487482445763,-3127.36811479895,294.38891689629,132670.893009866,-22708.6753097007,1503258.76517437,-163039.120320408,-1479554608.03071,671665432.555986,179029069228.375,-199313122285.711,0.00224890488978247,0.05,0.0449780977956493,-1.1835899658514,0.523719113155858
0.336,14.9935874466665,20.0030878005787,-202.342400016792,0.978521213618054,-2994.18472529663,271.702361551765,133464.21264923,-22569.1005674574,113218.69175784,408969.751092723,-1300525538.80329,472352310.270686,197736095859.435,-199416496201.674,0.00308780057871871,0.05,0.0617560115743743,-1.22731777142034,0.51961650762513
0.337,14.789770192477,20.0041984321562,-205.269886306745,1.23902520605433,-2860.872418554,249.408162224228,132960.124587562,-21957.1907439296,-1088438.79911573,781613.813262573,-1102789442.94509,272935814.06928,198766812743.088,-199454078227.852,0.00419843215622961,0.05,0.0839686431245923,-1.26727840340651,0.513583191200553
0.338,14.5830919757163,20.0055585364765,-208.064504362642,1.47759475208502,-2728.63202965596,227.878957102685,131353.418869098,-21072.3513700037,-2091844.83568927,954822.588217927,-904022630.203504,73481735.841563,199118345148.603,-199446036805.015,0.00555853647646742,0.05,0.111170729529348,-1.30327130280759,0.505639015879567
0.339,14.3736849531581,20.0071465987683,-210.727844331959,1.69509807029105,-2598.46690704537,207.287953731234,128842.749109165,-20114.0289199992,-2896308.29331848,928581.305656982,-704904285.056666,-125964300.96344,199283596256.783,-199389999532.048,0.00714659876832968,0.05,0.142931975366594,-1.33511246930868,0.495811610646826
0.34,14.1616792228873,20.0089420258418,-213.262400292814,1.89247686301927,-2471.18149264721,187.608913497258,125627.202606028,-19281.6614314126,-3501570.78024675,702922.004927518,-505620688.801893,-325354300.495592,199369009417.02,-199258363156.718,0.00894202584175474,0.05,0.178840516835095,-1.36263554040144,0.484136321305279
0.341,13.9472020198799,20.0109251198518,-215.671371185408,2.07054688255491,-2347.38103850405,168.616184919764,121906.049649616,-18774.6263039256,-3907506.96434013,277938.522853567,-306251679.387106,-524612663.652523,199409912758.309,-198951555663.892,0.0109251198518407,0.05,0.218502397036815,-1.38569271989615,0.470656041429873
0.342,13.7303771107623,20.0130768526553,-217.958461548986,2.22979856062155,-2227.47147553682,149.884802785171,117878.651831042,-18792.152705509,-4114053.68734808,-346149.918630902,-106841766.63123,-723564219.316732,199419716899.029,-197930300924.978,0.0130768526553204,0.05,0.261537053106409,-1.40415555241449,0.455420935397134
0.343,13.5113243878852,20.0153784408645,-220.127682164131,2.37019779747497,-2111.65934835569,130.790733987923,113744.413879862,-19533.0731172857,-4121185.5955298,-1168679.28841012,92577950.2651945,-921494520.242125,199402107485.036,172793189124.614,0.0153784408645379,0.05,0.307568817290758,-1.41791554114266,0.438488054894615
0.344,13.2901596627817,20.0178107223829,-222.183150650714,2.49099025936352,-1999.95178919408,110.526938522604,109702.750944046,-21133.7008009628,-3928906.59152209,-2003777.21408994,291980057.747486,-748701331.118022,199353946928.67,198216026030.855,0.0178107223828938,0.05,0.356214447657877,-1.42688460677682,0.419920850998483
0.345,13.0669946590338,20.0203533643736,-224.128892055082,2.59058684053041,-1892.15652178839,88.2748245604934,105953.060039219,-23478.7926762733,-3537249.56031026,-2653370.53219254,491334004.67331,-550485305.087768,199263617853.932,199054723833.738,0.0203533643736229,0.05,0.407067287472458,-1.43099538623993,0.39978859581764
0.346,12.841937204547,20.0229840606265,-225.968639455664,2.66665876223459,-1787.88189487782,63.3858930141001,102694.688084221,-26374.2300737041,-2946283.74670999,-3104328.47536343,690597622.524331,-351430581.254715,199102799254.782,199330371649.156,0.0229840606264773,0.05,0.459681212529546,-1.43020137039629,0.378165778484485
0.347,12.615091623195,20.0256778846316,-227.7056346197,2.71632717028013,-1686.53695311324,35.4092323713209,100126.886948649,-29621.0521110867,-2156134.72455826,-3356093.87079357,889700421.776183,-152100209.606324,198797780559.832,199454806809.024,0.0256778846316195,0.05,0.513557692632389,-1.42447688063862,0.3551315434784
0.348,12.3865593257646,20.0284068387485,-229.342428757627,2.73636185223376,-1587.33156688239,4.09309390684998,98448.7353984053,-33019.9536188819,-1167035.41250217,-3408466.67699538,1088498202.33311,47354597.2018624,198098644817.492,199512674165.387,0.0284068387485092,0.05,0.568136774970185,-1.41381688487288,0.330769189302707
0.349,12.1564396000656,20.0311396024745,-230.880683457799,2.72338052726679,-1489.27667871299,-30.6148875895763,97858.9655278727,-36371.4908849154,20512.1122396925,-3261355.74271083,1286596847.14778,246867271.366347,195349483540.814,199529313969.605,0.0311396024745427,0.05,0.622792049490855,-1.3982366540824,0.30516573052353
0.35,11.9248305999437,20.0338414800876,-232.320971998948,2.67404828382577,-1391.18488475933,-68.5675980792083,98555.3343109432,-39476.1581062815,1404783.70115788,-2914723.81435968,1481946330.68591,446396585.334994,-188434157306.804,199509245246.323,0.0338414800875633,0.05,0.676829601751265,-1.37777126132826,0.278411524845786
0.351,11.6918305320119,20.0364745477631,-233.662584908456,2.5852770818262,-1291.68801896593,-109.418405776566,100669.68548456,-42134.4320870992,2792512.95319039,-2368572.60640152,1293512173.37661,645905830.580316,-197130925122.496,199440426087.473,0.0364745477630812,0.05,0.729490955261625,-1.35247492602347,0.250599966572678
0.352,11.4575390082351,20.0389980002059,-234.903420412271,2.45442527265143,-1189.4147054311,-152.621163177353,104076.099370251,-44146.811707196,3987459.66400575,-1622946.56277747,1096381248.25188,845346256.666758,-198200374767.128,199275394168.964,0.0389980002058756,0.05,0.779960004117513,-1.32242021902158,0.221827247505996
0.353,11.2220584014921,20.0413686967937,-236.040088460525,2.27949709591509,-1083.17040436976,-197.430253981741,108578.716262589,-45313.8725759453,4984740.72487406,-677962.609026227,898180873.482836,1044621650.83468,-198544749534.19,198805549339.576,0.0413686967937075,0.05,0.827373935874149,-1.28769719621133,0.192192186059439
0.354,10.9854950391888,20.0435419071836,-237.068102946979,2.05934209449116,-971.957893630392,-242.900720689174,113979.456632615,-45436.3901013309,5783649.2235898,466061.816478237,699636123.947124,1243427200.17321,-198616976522.343,194841820101.296,0.0435419071835632,0.05,0.870838143671264,-1.24841252920688,0.161796125067748
0.355,10.747960200411,20.0454722562379,-237.982079674392,1.79385428886768,-854.978282072687,-287.888723606403,120079.821088758,-44316.1410480824,6383976.85927575,1806909.92670209,501019147.423726,1438269020.27348,-198448502449.871,-198013599685.267,0.045472256237943,0.05,0.909445124758861,-1.20468865016461,0.130742898465876
0.356,10.5095709147977,20.0471148671401,-238.775934827717,1.48416692415217,-731.631238050664,-331.069948754411,126681.232771337,-41823.0988778578,6785771.75547454,3146172.14713294,302570644.973344,1240255420.58722,-197703911794.01,-199149761313.02,0.0471148671401451,0.05,0.942297342802902,-1.15666291477867,0.0991388663504744
0.357,10.2704505628771,20.048426669723,-239.443083527846,1.13275980570873,-601.51492862376,-371.12155022866,133585.339197333,-38089.9906473168,6989490.44455088,4286852.68706365,104866733.179478,1041105659.27328,-192099742428.95,-199426046339.904,0.048426669722982,0.05,0.968533394459641,-1.10448678681026,0.0670930051084688
0.358,10.030729277944,20.0493677074397,-239.976638103181,0.743349453120118,-464.42537057123,-406.902906341163,140595.246384736,-33315.8228050064,6998307.30651588,5228245.32316697,-87233009.2495969,841679612.932531,92513057541.8502,-199522961668.086,0.0493677074397425,0.05,0.98735414879485,-1.04832504727982,0.034716986453326
0.359,9.79054415069432,20.0499022773832,-240.369602329776,0.32069341688624,-320.341654657388,-437.472640005832,147565.35602955,-27699.9915023178,6957330.82603721,5970163.45526546,5280048.2920431,642156651.263704,69513198252.1881,-199526827423.773,0.0499022773831683,0.05,0.998045547663367,-0.988355030897824,0.00212517982781691
0.36,9.55003926179258,20.049999871646,-240.615000952002,-0.129609097828273,-169.293856823517,-462.08883728978,154536.912412776,-21442.0041926578,6997367.47345534,6512556.69281728,74793246.5445457,442629823.839314,-147366138340.755,-199394056962.519,0.0499998716460262,0.05,0.999997432920523,-0.924765882746385,-0.0305654341357762
0.361,9.30936566203986,20.0496359192293,-240.705858236373,-0.601316729809934,-11.2519353886943,-480.209099584425,161547.115486447,-14741.3649307479,6998477.65082951,6855489.48817533,-72572891.7964416,243235766.876324,-197288615278.156,-198173507824.324,0.0496359192293419,0.05,0.992718384586837,-0.857757790916025,-0.0632354388457532
0.362,9.06868139307952,20.0487923284517,-240.63517486902,-1.08774544690339,153.774103082224,-491.490437706093,168476.425255498,-7797.28647710514,6827260.45139399,6999638.50113949,-269861507.075323,45062259.051698,-198838791481.301,-95950055478.7419,0.0487923284516825,0.05,0.975846569033649,-0.787541161564664,-0.0957632447791679
0.363,8.82815146661046,20.047457830131,-240.396037577787,-1.58196684342308,325.610896695922,-495.784392475092,175135.615154775,-791.108522352902,6457979.54857802,6996725.73245182,-468700298.557748,-50887796.4267681,-199146471481.903,107398851215.602,0.047457830131016,0.05,0.94915660262032,-0.714335772138026,-0.128025438938667
0.364,8.5879476886503,20.0456281304943,-239.981803732323,-2.07698189454008,503.889087138908,-493.081144478482,181326.053475494,6198.07312042148,5889706.01427932,6999537.36163285,-667846770.041076,56511054.7885727,-199234088943.763,-115682236504.481,0.0456281304942578,0.05,0.912562609885157,-0.638369950858165,-0.159897215616775
0.365,8.34824829003281,20.0433059329963,-239.38629948801,-2.56579602229059,688.040384406156,-483.378704261293,186848.630423262,13206.5856366979,5122242.19976636,6998207.29816918,-867080858.986462,-59171181.7156433,-199215970845.26,121179066429.049,0.043305932996283,0.05,0.866118659925661,-0.559879800943323,-0.191252863229582
0.366,8.10923735809984,20.0405009399856,-238.604018869862,-3.04140652149145,877.297321787346,-466.677827711354,191504.129531727,20195.4038550808,4155553.35535727,6999625.64966806,-1066296829.83344,62007884.7131052,-199089968003.321,-126007416309.673,0.0405009399856269,0.05,0.810018799712537,-0.479108474490234,-0.221966261436
0.367,7.87110406923156,20.0372298524427,-237.630322979201,-3.49681850940025,1070.69321644311,-442.977526692992,195093.352810834,27205.0322110538,2989711.54152217,6998629.82622633,-1265386797.83847,-63999531.5962334,-198748665677.179,130537980032.526,0.0372298524426924,0.05,0.744597048853848,-0.396305498896634,-0.251911379382922
0.368,7.6340417221698,20.0335163705985,-236.461639181785,-3.92502866051336,1267.06224603065,-412.278407074915,197417.246175824,34193.4186014874,1624950.41084511,6999899.28464636,-1464135463.51724,66538448.435957,-197532297170.836,-199706777948.87,0.0335163705985089,0.05,0.670327411970177,-0.311726158364888,-0.280962771996808
0.369,7.39824657221622,20.0293911935761,-235.095660139345,-4.3190426001933,1465.03971432226,-374.582270205439,198277.206805383,41193.3026473603,62048.7987424526,6966584.34410788,-1661667760.68943,-133168329.513172,181275920895.801,-199898057432.8,0.029391193576128,0.05,0.587823871522559,-0.225630932754063,-0.308996073109144
0.37,7.16391646712511,20.0248920142772,-233.531539205678,-4.67187433618001,1663.0785540636,-329.93619919333,197538.634377263,48059.9864838061,-1508981.00149908,6733466.98587831,-1480391839.79465,-333066386.946166,198098459293.641,-199929364275.361,0.0248920142772278,0.05,0.497840285544555,-0.138284995524935,-0.335888484963741
0.371,6.93124931536656,20.0200634593461,-231.770002863433,-4.97667384147539,1859.62422006928,-278.573320671248,195322.473865749,54593.5987154988,-2890323.61164691,6300435.91679446,-1282293380.50158,-532995751.221662,198969771739.972,-199939081367.91,0.0200634593460691,0.05,0.401269186921382,-0.0499577605099453,-0.361519281973461
0.372,6.70044154751926,20.0149568555752,-229.813250897843,-5.22692416444817,2053.29610697294,-220.926667417609,191824.165192475,60594.2135764544,-4073132.1062785,5667470.62488884,-1083323608.76162,-732934832.589655,199250285475.64,-199939815919.569,0.0149568555751891,0.05,0.299137111503782,0.0390775842031605,-0.385770373458975
0.373,6.47168673690434,20.0096297968707,-227.66476504169,-5.41664135175266,2242.91145427271,-157.629205159802,187242.579662728,65861.8934823952,-5056830.5723023,4834565.8843394,-884073323.285316,-932874648.509267,199356959458.278,-199932691801.466,0.00962979687073684,0.05,0.192595937414737,0.128544618866715,-0.408526933200564
0.374,6.24517441689476,20.0041455112862,-225.329110277762,-5.54057438506874,2427.48657963538,-89.5138383721462,181776.938588693,70196.6999271797,-5841225.41585848,3801724.8899294,-684716363.825586,-1132807340.31075,199362125706.793,-199911613609.603,0.00414551128624296,0.05,0.0829102257248593,0.218164323566237,-0.429678093347279
0.375,6.02108909724982,19.9985720281184,-222.8117356349,-5.59440511889299,2606.2370928774,-17.6134068739552,175626.582011873,73398.7025446854,-6426260.71683067,2568961.74281385,-485354238.116437,-1332718953.92035,199230027275.938,-199839901302.27,0.00142797188156152,0.05,0.0285594376312304,0.307655796824715,-0.449117699789366
0.376,5.79960947972962,19.9929811450687,-220.118774857313,-5.57494820948709,2778.57795340898,56.839330053926,168990.84918053,75267.998160322,-6811999.94130914,1136322.83824237,-286124210.83712,-1532558855.22262,198508969187.4,-87167662160.5732,0.00701885493129595,0.05,0.140377098625919,0.396737058367456,-0.466745125860898
0.377,5.58090787304858,19.987447195644,-217.256847080238,-5.4803500762228,2944.12338645743,132.416431171569,162068.871962001,75623.5136272597,-6998869.66755256,-439819.848060538,-87615241.6452006,-1619726517.3832,174452930108.306,199856063591.359,0.0125528043560301,0.05,0.251056087120602,0.485125932695249,-0.482466140950264
0.378,5.36514980703287,19.9820456261553,-214.232857932939,-5.31026101467596,3102.68548991746,207.558407791209,155055.270161977,74407.1398644394,-6999258.4441436,-1959618.33364806,86837688.4615878,-1419870453.79186,-154146674754.769,199928764071.843,0.0179543738447236,0.05,0.359087476894473,0.57254100972714,-0.496193826766078
0.379,5.15249384326374,19.9768514523281,-211.053809017334,-5.06588313519598,3254.24918102733,280.757423778349,148073.739449605,71770.907764574,-6989494.0930594,-3279524.405404,-67308986.2937822,-1219941689.72007,115138696101.714,199951390830.679,0.0231485476718838,0.05,0.462970953437676,0.658702677460815,-0.507849509921915
0.38,4.94309154616361,19.9719377631864,-207.726689727317,-4.74983600956967,3398.82175271169,350.693577033203,141069.780646083,67914.7377461151,-6999233.73130232,-4399490.39970873,47829709.8084737,-1019990298.88948,-92726748764.7276,199961122329.354,0.0280622368135717,0.05,0.561244736271433,0.743334208185889,-0.517363641033726
0.381,4.73708748757785,19.967374401553,-204.258498403056,-4.36595914530705,3536.39602449589,416.246902909727,134079.007311557,63038.5790506832,-6997767.39587621,-5319500.13743353,-44897038.9566847,-820029176.560232,86720796727.975,199964930657.976,0.0326255984469839,0.05,0.652511968939677,0.82616284379413,-0.524676566028489
0.382,4.53461924186096,19.9632268440863,-200.656230317508,-3.91911203772607,3666.97227863621,476.497392234353,127073.244862324,57342.3918134126,-6999304.03646891,-6039546.84866478,41823757.7716767,-620064245.90238,-82429083631.7997,199964066811.613,0.036773155913707,0.05,0.73546311827414,0.906920858979987,-0.52973917786442
0.383,4.33581738515333,19.9595552812717,-196.926886911367,-3.4149742103587,3790.54940756145,530.724998418539,120081.114524136,51026.1401862652,-6998694.82051313,-6559629.06116135,-40605325.8604397,-420100179.090888,79849069473.0715,199955323531.06,0.0404447187282919,0.05,0.808894374565838,0.985346603584348,-0.53251344622937
0.384,4.1408054946251,19.9564138973752,-193.07746442216,-2.85984525122554,3907.12773416558,578.40963884949,113075.425218938,44289.7869228136,-6999375.61163703,-6879751.57848671,39243743.6129299,-220144855.559917,-77902600225.7571,199906791475.212,0.0435861026247579,0.05,0.871722052495159,1.06118551836545,-0.532972823432877
0.385,3.94970014855244,19.9538503503604,-189.114964552021,-2.26044485097799,4016.70676626095,619.231188623407,106082.687712403,37333.2807151262,-6999083.16813698,-6999943.03830902,-38658856.6130738,-20238064.0847219,76605173062.1296,40448219989.5418,0.0461496496396343,0.05,0.922992992792686,1.13419112059641,-0.531102525202277
0.386,3.76261092598732,19.9519054515394,-185.046383928175,-1.62371418534145,4119.28666112873,653.062810151155,99077.0426448036,30329.9600147732,-6999439.43821899,-6999956.99239897,37946316.4492985,20210155.9048491,-75606898596.0359,-21833121080.9648,0.0480945484606359,0.05,0.961890969212718,1.20412595519652,-0.526899685680489
0.387,3.57964040679808,19.9506130322246,-180.878724367925,-0.956652394521021,4214.86715815306,679.89525031562,92083.9752150433,23336.4692468132,-6999296.57106771,-6990663.3970346,-37660582.1469405,-1622965.17613257,74926234139.4308,-15354989109.5683,0.0493869677753658,0.05,0.987739355507316,1.27076250803575,-0.520373391352828
0.388,3.40088417149134,19.9499999255533,-176.6189827164,-0.266254215715828,4303.4483302453,699.735477578453,85078.3360585922,16342.4352023391,-6999494.03614493,-6999963.85676552,37265651.9926993,-16977954.285667,-74404044553.6094,34292034959.0374,0.0500000744467073,0.05,1.00000148893415,1.33388407767961,-0.51154462238963
0.389,3.2264308012244,19.9500859710602,-172.274160867764,0.440485397185045,4385.0300300593,712.576530028093,78085.0741743515,9339.6977075907,-6999430.40642904,-6999795.79357166,-37138392.5610883,17314080.6733564,74058215475.7991,-34975775105.6285,0.0499140289397531,0.05,0.998280578795061,1.39328560239961,-0.500446138296534
0.39,3.05636187770116,19.95088400978,-167.851255802634,1.15656557339946,4459.61228505732,718.417758194984,71079.4176075546,2342.72965850493,-6999539.69125223,-6999969.60045112,36919822.9149022,-17661694.4322339,-73802447741.8252,35455552376.3324,0.0491159902200202,0.05,0.982319804400404,1.44877443918505,-0.487122321147903
0.391,2.89075198316837,19.9523998829278,-163.357269475417,1.87498759438989,4527.19501102109,717.25903675214,64086.037419803,-4660.16153043274,-6999521.09220823,-6999903.51869519,-36882624.8270905,17793857.9440884,73652947415.7225,-35728981953.5435,0.0476001170722142,0.05,0.952002341444285,1.50017109188744,-0.471628972001649
0.392,2.72966870035296,19.9546324317867,-158.799198955537,2.58875034346457,4587.77820966346,709.100400397699,57080.3505064173,-11657.1229504813,-6999577.24332746,-6999974.15172787,36770322.5888185,-17935124.0094122,-73557418138.5416,35941610906.5669,0.0453675682133223,0.05,0.907351364266447,1.54730988569646,-0.454033062334629
0.393,2.57317261244925,19.9575734977151,-154.18404624771,3.29085507224767,4641.36183504289,693.941798751069,50086.8988546946,-18660.0743957292,-6999585.62980791,-6999938.470284,-36787095.5498915,18006486.8971491,73530214219.0722,-36091350060.8113,0.0424265022849148,0.05,0.848530045698297,1.59003958546259,-0.434412442026098
0.394,2.42131730308174,19.9612079221138,-149.51880848089,3.97430062689857,4687.94587365902,671.783252395023,43081.1747128151,-25657.0248475745,-6999607.61824827,-6999977.65841725,36743118.6693728,-18084863.1636144,-73537048410.9309,36214833540.3753,0.0387920778861677,0.05,0.775841557723354,1.62822395554478,-0.41285550521298
0.395,2.27414935628724,19.9655135464337,-144.810487702991,4.63208825217913,4727.53030437214,642.624733525705,36087.6824791664,-32660.0091319832,-6999633.02378436,-6999955.10481068,-36793929.7417374,18129970.3767599,73590636099.631,-36310376522.9579,0.0344864535663234,0.05,0.689729071326468,1.66174225913665,-0.389460815405817
0.396,2.13170835649443,19.9704612121573,-140.066081082709,5.25721677477944,4760.1151042943,606.466255570621,29081.9175965279,-39656.9509810256,-6999631.63547628,-6999980.3226954,36796706.3581009,-18180406.1461454,-73667073029.6797,36392544814.238,0.0295387878426787,0.05,0.590775756853574,1.69048969525024,-0.364336691473263
0.397,1.99402688850318,19.976014760805,-135.292590705586,5.84268743722018,4785.70026939611,563.307800716522,22088.4064687259,-46659.9560826581,-6999668.46563302,-6999964.45643442,-36870366.6717783,18212138.6680963,73777809113.4384,-36460008120.4084,0.0239852391950492,0.0500013352634228,0.479691973598054,1.71437777178839,-0.337600756203969
0.398,1.86113053747577,19.9821310339228,-130.497013765818,6.38149905414951,4804.28577064629,513.149378595021,15082.599121276,-53656.8911377781,-6999649.92774808,-6999982.32182653,36907442.4418913,-18247869.4522548,-73905276721.6288,36520032985.1955,0.0178689660771738,0.0506897015388193,0.352516695397966,1.73333461340441,-0.309379449337061
0.399,1.73303788891466,19.9887598730875,-125.686352382001,6.8666528674499,4815.87161665758,455.990976652734,8089.08536862866,-60659.9107221662,-6999695.123667,-6999970.17478619,-36997834.2799658,18272163.5329485,74060113352.3102,-36571557456.9618,0.0112401269124902,0.0524347530663011,0.214364066867591,1.7473052030853,-0.279807507055049
0.4,1.6097605286625,19.9958441198979,-120.867603762923,7.29114768360947,4820.45777399672,391.832602388813,1083.23468004717,-67656.8400747616,-6999662.90127081,-6999983.78998172,37062279.072608,-18299393.9239517,-74228746566.9145,36618801063.1282,0.00415588010207912,0.0549679024636105,0.0756055791801474,1.75625155669072,-0.249027410087878
0.401,1.49130304287886,20.0033196159788,-116.047770056382,7.64798474466207,4818.04426140821,320.6742463034,-5910.26853944839,-74659.8704281944,-6999714.99548166,-6999973.78337411,-37166467.4945723,18319407.1391879,74421519870.1098,-36660885723.1512,0.00331961597879271,0.0580585118913127,0.0571770765500696,1.76015282990615,-0.217188802671023
0.402,1.37766301804731,20.0111152029747,-111.233848476834,7.93016285123731,4808.63104185644,242.515914681092,-12916.1631820322,-81656.7946556189,-6999670.70304118,-6999984.81909649,37255052.3758422,-18341478.5838982,-74627430777.1408,36700602946.1593,0.0111152029747359,0.0615109597325657,0.180702805208405,1.75900535738336,-0.184447884731149
0.403,1.26883104095144,20.0191527225533,-106.432841197955,8.13068324604377,4792.21814302201,157.357599894581,-19909.6442640149,-88659.8334468492,-6999729.36605391,-6999975.99620731,-37372378.4016108,18359124.3622754,74856989645.6725,-36737182109.7579,0.0191527225533292,0.065161691638016,0.293926110140384,1.75282262405602,-0.150966779753118
0.404,1.16479069868813,20.0273470164004,-101.651745432002,8.24254472534652,4768.80552438648,65.1993075877389,-26915.5836543286,-95656.7527445598,-6999673.24963268,-6999985.46289991,37484611.2444166,-18378057.7474149,-75100907318.1701,36772751881.4602,0.0273470164004195,0.0688762869490782,0.397045450789729,1.74163516894463,-0.116912880889511
0.405,1.06551857864276,20.035605926223,-96.8975633756341,8.25874853298034,4738.39322233808,-33.9589686999188,-33909.0314162253,-102659.798444353,-6999739.09204735,-6999977.1447066,-37616296.074122,18394694.1340613,75370542513.4771,-36806574397.818,0.0356059262229955,0.072546568932945,0.4908009675262,1.72549042196575,-0.0824581779366869
0.406,0.970984268508513,20.0438302937454,-92.1772922314453,8.17229346189759,4700.98119243243,-140.117223541544,-40915.0168992241,-109656.712671058,-6999670.11686473,-6999985.73777145,37754246.4397706,-18411880.2636877,-75657542041.3978,36840589782.7953,0.0438302937453692,0.0760877845720295,0.576049020114085,1.70445247459326,-0.0477785678857616
0.407,0.881150356260453,20.0519139607121,-87.4979342165358,7.97618075754447,4656.5694804516,-253.27546270362,-47908.4194832091,-116659.764250664,-6999744.64144566,-6999977.32314374,-37903295.6020629,18428709.5191241,75975335640.7712,-36874004898.9636,0.0519139607120778,0.0794358768967046,0.653532921649304,1.67860178540248,-0.0130531517999919
0.408,0.795972430181231,20.0597437688846,-82.8664865161103,7.66340921037588,4605.15803707073,-373.433680581124,-54914.4532165155,-123656.672886531,-6999660.26922733,-6999985.61607409,38072040.0391959,-18445295.3797707,-76315810974.3333,36909028815.4302,0.0597437688845659,0.0825448700369297,0.723773250328423,1.64803482186339,0.0215364791686158
0.409,0.715399078833584,20.0671995600444,-78.2899513653241,7.22698006806913,4546.74691923416,-500.591882615359,-61907.7967675522,-130659.729645491,-6999746.1346753,-6999976.39704615,-38243770.9356533,18463733.4356748,76696451287.4591,-36944681035.7325,0.0671995600443651,0.0853843843490866,0.787024003939942,1.61286363990957,0.0558069657889568
0.41,0.63937189109352,20.0741541759901,-73.7753259231843,6.65989211931145,4481.33607112293,-634.750062532134,-68913.8820458141,-137656.631622659,-6999641.67996723,-6999985.00412834,38452680.3523799,-18480947.5999907,-77108680059.4176,36942542964.8143,0.0741541759900919,0.0879372961455793,0.84326195187228,1.57321540314505,0.0895739079137833
0.411,0.567825456120532,20.0804734585412,-69.3296124404096,5.95514661457675,4408.92556415553,-775.908227542108,-75907.1488322816,-144659.700010092,-6999743.33964455,-6999994.68024592,-38655999.7076499,18461595.3648358,77577707707.8354,199986433347.492,0.0804734585411602,0.0901975537739854,0.892191142376304,1.52923184368301,0.12265259392386
0.412,0.500687363400404,20.0860162498608,-64.9598080387474,5.10574430699505,4329.51533339131,-924.056515191632,-82913.2905538286,-151617.132820431,-6999610.48549829,-6881539.86820734,38921708.0008643,218448028.711044,-78093612945.0772,199994755211.101,0.086016249860819,0.0921681590496398,0.933253422307073,1.4810686669454,0.154858729693876
0.413,0.437878202712076,20.0906344117591,-60.6729149814243,4.10474307066243,4243.10547064553,-1079.06967682649,-89906.4557874839,-158356.11621508,-6999735.58396996,-6563094.46189074,-39171904.9449425,418442783.920004,78697156662.2238,199996175013.869,0.0906344117591331,0.0938593204002882,0.9656410399372,1.42889490284757,0.186009171569813
0.414,0.379311564183931,20.0941729576116,-56.4759303376244,2.94542058835631,4149.69589746345,-1240.62926663446,-96912.6611311492,-164676.656589175,-6999558.91058379,-6044653.5904638,39525251.7180887,618438958.931278,-79375754527.2565,199996553023.387,0.0941729576115762,0.0952867815175403,0.988310824563226,1.37289220612918,0.215922697368926
0.415,0.32489403825573,20.0964703710318,-52.3758563784589,1.62147298604187,4049.28673709587,-1408.21684366921,-103905.686708295,-170378.757941336,-6999721.53612933,-5326216.35502083,-39850502.8100421,818435511.951982,80205198249.2159,199996448279.987,0.0964703710317529,0.0964703268879492,1.00000045758945,1.3132541086402,0.244420841483881
0.416,0.27452521575532,20.0973591242996,-48.3796900970355,0.127214828750371,3941.87788975231,-1581.1139706839,-110911.965962788,-175262.423799,-6999469.43981476,-4407782.61892885,40354695.4401395,1018431960.22952,-81168608167.7678,199995858592.782,0.0973591242995724,0.0974324632741564,0.999247283994271,1.25018522673657,0.271328795765906
0.417,0.228097687854201,20.096666396837,-44.4944337634651,-1.54222088300919,3827.46953282686,-1758.40221397139,-117904.786156244,-179127.657794715,-6999699.0484585,-3289352.72940294,-40813912.7286762,1218427818.82034,82430302664.3705,199994328127.369,0.0966663968369943,0.0981972740941403,0.984410185809451,1.18390042692449,0.296476372560701
0.418,0.185497046179407,20.0942149936032,-40.7270842538859,-3.3906827169188,3706.06152942356,-1938.96314373049,-124911.153777289,-181774.464226687,-6999297.809855,-1970927.74651892,41616389.9368104,1418422146.94644,-84370244455.3842,199989275173.206,0.0942149936032202,0.0987894416753861,0.953694969881527,1.1146239532616,0.319699025945279
0.419,0.146601882756524,20.0898244635373,-37.0846438200559,-5.42080081324577,3577.65414737949,-2121.47833525263,-131903.705099585,-183002.84935387,-6999866.54214587,-452510.961985881,-42753854.5196993,1618411422.1192,199556965125.476,-83926943316.5348,0.0898244635372514,0.0992334306000551,0.905183495058988,1.04258851991696,0.340838926994184
0.42,0.111283790318789,20.0833124175879,-33.5741082880863,-7.6337892572707,3442.25169823998,-2304.44120180625,-138891.689074803,-182660.142428683,-6942841.91410284,1123936.98847506,156803110.604743,1534484478.80311,199841348111.486,-199989501569.798,0.0833124175879476,0.0995528237702508,0.836866443690407,0.968034372769601,0.359746088545118
0.421,0.0794073715638541,20.0744960237039,-30.2024513758957,-10.0293109371999,3299.92304878274,-2486.29196122325,-145722.822542252,-180802.294784401,-6686118.12944235,2558426.71649327,356644458.715309,1334494977.23463,199884040833.279,-199994563275.654,0.0744960237039081,0.0997698014204985,0.74667908167854,0.891208327202867,0.376279525976653
0.422,0.0508303192363647,20.0631935505053,-26.9764875655197,-12.6055237040349,3150.9249364206,-2665.60095992646,-152197.304435531,-177609.953006503,-6229531.6503104,3792924.41209007,556528499.547801,1134500413.96107,199894199792.809,-199996111272.522,0.0631935505053249,0.0999047520915026,0.632537984253702,0.812362810347215,0.39030839876074
0.423,0.0254036732729057,20.0492257918683,-23.9026746821195,-15.3592518821823,2995.71394983485,-2841.13370049569,-158115.256136102,-173283.111072645,-5573056.05086619,4827426.77041488,756422699.339968,934504302.691232,199889310374.391,-199996730017.014,0.0492257918682917,0.0999760044290913,0.492376067131243,0.731754953402695,0.401713062216993
0.424,0.00297227739319878,20.0324173012608,-20.986914019671,-18.2861852960431,2834.94656484448,-3011.85568066288,-163276.785952236,-168021.764939221,-4716688.69633903,5661932.7080976,956312009.713868,734507572.677238,199868839368.901,-199996882023.335,0.0324173012607787,0.099999669036996,0.324174085504079,0.64964574631188,0.410385997507711
0.425,-0.0166245644238352,20.0125974262448,-18.2343504506776,-21.381079265874,2669.47914774735,-3176.93239452249,-167482.00717049,-162025.911258456,-3660442.26694071,6296441.83976317,1156180849.08243,534510690.656911,199817451377.625,-199996583664.594,0.0208583625981357,0.1,0.208583625981357,0.566299258131478,0.416232612737144
0.426,-0.0335522315748572,19.9896011429822,-15.6491725408787,-24.6379546043975,2500.36794197873,-3335.72933293673,-170531.056104326,-155495.546837309,-2404352.69216947,6730954.23858779,1355998300.45986,334514106.994884,199649466058.747,-199995299631.937,0.0335522315748572,0.0999959589476417,0.335535874928959,0.481981926012369,0.419171912256918
0.427,-0.0479797305918092,19.963269690744,-13.2344126887253,-28.0502976135661,2328.86902797283,-3487.81198344087,-172224.134735256,-148630.668095163,-948529.658680239,6965470.6957667,1555647766.51854,134518807.36456,40145519201.6399,-199986123078.885,0.0479797305918092,0.099950027582247,0.480037192109103,0.396961915412854,0.419137031870164
0.428,-0.0600784392918773,19.9334510064228,-10.9917486631928,-31.6112600808468,2156.43157576596,-3632.94582914186,-172388.14959081,-141631.269016228,627190.867439125,6999996.44159182,1595793285.72024,-65467315.7142586,-199645290259.638,130856243398.112,0.0600784392918773,0.0998376053056391,0.601761621865383,0.311508553783398,0.416075638161435
0.429,-0.0700206643718004,19.8999999595095,-8.92134180273377,-35.3138565157278,1984.61466860275,-3771.08255881293,-170996.336295554,-134642.196858594,2123161.50802955,6999957.24757662,1396147995.46075,65388927.6836685,-199813501340.728,-130705851797.966,0.0700206643718004,0.099637499711505,0.702754129464724,0.225891834621952,0.40995019090135
0.43,-0.0779780984077979,19.8627784133773,-7.02181493430559,-39.1510918780747,1814.90427883124,-3902.21932497012,-168208.403040018,-127631.329455809,3419402.75281994,6999993.24936131,1196334494.12025,-65316924.1142418,-199864682952.752,130594492775.675,0.0779780984077979,0.0993261819820433,0.785070933481518,0.14038195978668,0.400738078023953
0.431,-0.0841203437698421,19.8216552312528,-5.29039677480256,-43.1159618354518,1648.59663855488,-4026.35610251791,-164224.14382063,-120642.22891971,4515804.90546381,6999973.5716349,996469811.167749,65277568.6612391,-199884728163.921,-130514674074.017,0.0841203437698421,0.0988781502106958,0.850747547264922,0.0552488557478198,0.388431669648636
0.432,-0.0886136167314621,19.7765062763571,-3.72311972013607,-47.2014707578614,1486.78814695851,-4143.49290316831,-159243.418130943,-113631.369009424,5412332.3525496,6999993.80325913,796585083.004079,-65237105.412736,-199888910009.965,130446758206.793,0.0886136167314621,0.0982664381727955,0.901768888535885,-0.0292383788898659,0.373038310589064
0.433,-0.0916196510736671,19.727214411891,-2.31501970154491,-51.4006143110276,1330.37533047977,-4253.62971284529,-153466.108055226,-106642.252632505,6108972.98054869,6999980.07694979,596696172.994319,65209652.7938582,-199877595048.859,-130391052107.159,0.0916196510736671,0.0974632822961269,0.940042741381263,-0.112812099847214,0.354580253814525
0.434,-0.09329480155954,19.6736695010438,-1.0603360662334,-55.7063968563374,1180.05483004387,-4356.76654012424,-147092.099920688,-99631.3995711771,6605730.35601858,6999994.20369007,396818577.945572,-65181399.3132736,-199833253086.449,130341346573.021,0.09329480155954,0.0964409583942093,0.967377378998981,-0.19520681510672,0.333094535318369
0.435,-0.0937893472929914,19.6157684069892,0.0472885377419939,-60.1118140602321,1036.32340534531,-4452.90337527058,-140321.265817878,-92642.2725093825,6902632.30742093,6999983.47766331,196985324.859092,65159947.2595477,-199570196268.118,-130297860003.415,0.0937893472929914,0.0951727982991816,0.985463798155423,-0.276159951399469,0.30863279103036
0.436,-0.0932469949564635,19.5534149928915,1.0146082935356,-64.6098702786344,899.477971143782,-4542.04022512732,-133353.402547406,-85631.4253680911,6999832.53414596,6999994.49492115,-2584871.40925564,-65137912.7438542,4593703361.37093,130257808960.154,0.0932469949564635,0.0936343948776005,0.995862632298277,-0.355412686047633,0.28126101664215
0.437,-0.0918045816002132,19.4865201219015,1.84857613274191,-69.1935611792675,769.624245455861,-4624.17708215796,-126354.096831738,-78642.2901947164,6999544.51441739,6999985.48665737,2008831.95233498,65119896.2161023,-4449027027.67436,-130221357342.539,0.0918045816002132,0.0918050020374711,0.999995420322982,-0.432710840590531,0.25105927143512
0.438,-0.0895919607026174,19.4150016571615,2.55618996716309,-73.8558911140973,646.770070310538,-4699.31395218313,-119354.289405849,-71631.4483195092,6999328.83285589,6999994.7042022,-2440195.07556795,-65101461.1264379,5359025723.18042,130186988609.263,0.0895919607026174,0.089669134253339,0.99913935211526,-0.507805826095859,0.218121327418448
0.439,-0.0867319864560238,19.3387844618022,3.14444939056261,-78.5898557522994,530.915261914681,-4767.45082893613,-112355.287499577,-64642.3065144366,6999568.15064191,6999986.7373804,2918830.64782747,65085527.4826312,-6267437306.42305,-130154831875.347,0.0867319864560238,0.0872183678595725,0.994423406267682,-0.580455602773016,0.182554265298455
0.44,-0.0833405136514278,19.2578003989463,3.62035367281126,-83.3884594427377,422.059983818983,-4828.58771761191,-105355.304506496,-57631.4694852953,6999353.26263652,6999994.84892536,-3348606.65881867,-65069304.3927309,7132013681.70103,130123939682.019,0.0833405136514278,0.084453343909297,0.986823135634933,-0.650425617510096,0.144478019003901
0.441,-0.0795263975823707,19.1719883317056,3.99090248316495,-88.2446978561139,320.204095009935,-4882.72461272594,-98356.4368782416,-50642.3219652872,6999570.66281856,6999987.51437363,3783407.02309027,65054635.289101,-8042442417.98071,-130094418574.597,0.0795263975823707,0.0813859697828884,0.977151194419892,-0.717489709555103,0.104024870693389
0.442,-0.07539149412201,19.0812941231846,4.26309504547051,-93.1515753387227,225.347738929175,-4929.86151909557,-91356.3149189812,-43631.4895363661,6999332.84863266,6999994.94037544,-4259035.39510586,-65039783.2855241,8963301500.98986,130065605325.597,0.07539149412201,0.0780418139785019,0.966039745600711,-0.781430980913075,0.0613388983576059
0.443,-0.0710306596437012,18.9856706364774,4.44393107965197,-98.1020875628501,137.490754066174,-4969.99843172539,-84357.6177044627,-36642.3368867471,6999555.46398804,6999987.95975271,4704266.10608287,65025822.0398945,-9985200354.11657,-130037591984.47,0.0710306596437012,0.0744626856461224,0.953909451792652,-0.842042627986588,0.0165753783150257
0.444,-0.0665317511164542,18.8850777346708,4.54040973024694,-103.089238872573,56.6332820880415,-5003.13535522824,-77357.3743074806,-29631.5089479731,6999267.12991707,6999994.98580037,-5280934.24823919,-65011769.9446164,11073531076.8903,130009861770.82,0.0665317511164542,0.070709387462171,0.940918221813874,-0.899128731409912,-0.0300998549330876
0.445,-0.0619756260333441,18.7794822808419,4.55953074194594,-108.10602494183,-17.2248774130616,-5029.27228490072,-70358.9020561749,-22642.3515368512,6999522.96120727,6999988.14674116,5792596.8288389,64998091.8260354,-12349164279.8245,-129982497939.873,0.0619756260333441,0.0668646274048527,0.926882096539526,-0.952505000933376,-0.0785110888555059
0.446,-0.0574361425358362,18.6688581380606,4.50829313911598,-113.145450112719,-84.0835671043418,-5048.40922528632,-63358.5409906,-15631.528093855,6999140.9758962,6999994.98959726,-6556567.45117881,-64984406.1138908,13774332316.7545,129955052014.296,0.0574361425358362,0.0630360719097043,0.911163097505668,-1.00199947267826,-0.128473450273132
0.447,-0.0529801593417028,18.5531861693868,4.39369666661053,-118.200510060924,-143.943056437725,-5060.54617182591,-56360.3825763766,-8642.36613198021,6999471.5746034,6999988.10949052,7217764.86575018,64970645.9002502,-15552231504.5628,-129927602731.507,0.0529801593417028,0.0593595197834343,0.89253012044225,-1.04745315597835,-0.179793657046469
0.448,-0.0486675359171761,18.4324542378736,4.22274016862099,-123.264209126729,-196.803148275639,-5065.6831291123,-49359.8941579245,-1631.5472999961,6998913.22371686,6999994.95402502,-8334466.63899085,-64956956.8313216,17638813080.0157,129899720814.073,0.0486675359171761,0.0560021731624718,0.869029417411773,-1.08872062755931,-0.232270801022378
0.449,-0.044551132395256,18.3066572065642,4.00242335852656,-128.329542987687,-242.664239948938,-5063.82009260642,-42362.2083653472,5357.619129081,6999398.16361788,6999987.85760073,9304346.44118343,64942763.9826102,-20465996883.1496,-129871482742.358,0.044551132395256,0.0531659787455616,0.837963175820877,-1.12567057064922,-0.285697159072713
0.45,-0.0406768098340291,18.1757969384946,3.7397447978888,-133.38951598238,-281.526051257945,-5054.95706706636,-35361.5690279893,12368.4331215481,6998469.51161749,6999994.88021216,-11161650.4421265,-64928718.7598233,23982339520.6104,129842427914.048,0.0406768098340291,0.0510910095386079,0.796163751731914,-1.15818625726815,-0.339859028960428
0.451,-0.0370834301133815,18.0398822966908,3.44170410848818,-138.437123790396,-313.389246541059,-5039.09404785671,-28364.6832850062,19357.6040470314,6999299.03093566,6999987.37540936,12820689.0786236,64913709.1540997,-29497476930.2461,-129812636697.33,0.0370834301133815,0.0500588544510378,0.740796618701143,-1.18616597166127,-0.394537586673346
0.452,-0.0338028563720137,17.8989291441715,3.11529935852804,-143.465370748682,-338.25337259063,-5016.23104003037,-21363.8901556863,26368.4128375671,6997370.98154917,6999994.7662148,-16676787.8517611,-64898927.5433165,36961112983.866,129781558484.692,0.0338028563720137,0.05,0.676057127440274,-1.20952337371045,-0.449509761795226
0.453,-0.03085995287862,17.752960343945,2.76752988250131,-148.467252539089,-356.119816673817,-4986.36803873274,-14368.6973825658,33357.5883997565,6999174.75018934,6999986.61791383,20284325.1322205,64882630.9412677,-58904742692.2047,-129749279759.401,0.03085995287862,0.05,0.617199057572401,-1.22818780060573,-0.50454912741582
0.454,-0.0282725859678133,17.6020057590121,2.40539260057016,-153.435773496969,-366.98800032472,-4949.50504947226,-7369.19792692576,40368.3914531798,6990006.70397545,6999994.60897539,-38620417.5600941,-64866648.8182301,95354755454.1468,129715087347.589,0.0282725859678133,0.05,0.565451719356265,-1.24210450638637,-0.559426801038337
0.455,-0.026051624506146,17.4461022523625,2.03588418783959,-158.363929306747,-370.864658521116,-4905.6420670275,-382.60897248804,47357.5719189696,6999063.66414243,6999985.50383096,56734337.8941402,64848438.52927,-114385551932.075,-129679077750.797,0.026051624506146,0.05,0.521032490122919,-1.25123483795712,-0.613912352903268
0.456,-0.0242009444741247,17.2852936869781,1.66599614616193,-163.244724302188,-367.743046003224,-4854.77909757852,6625.75760194607,54368.3684624389,6998605.22607053,6999994.40348483,-57651214.0381153,-64830639.2216338,-197829961725.64,129640244762.302,0.0242009444741247,0.05,0.484018889482495,-1.25555634885426,-0.667774718131987
0.457,-0.022717424704636,17.119630925829,1.30272836244811,-168.071154170727,-357.635837238997,-4796.9161353441,13562.5655607099,61357.5542537723,6842039.0311696,6999983.88664435,-255481175.763762,64809605.5406002,-198899641853.407,-129598699871.035,0.022717424704636,0.05,0.45434849409272,-1.25506284535883,-0.720783109083207
0.458,-0.0215909711534793,16.9491718318766,0.9530018452828,-172.836223244536,-340.70311984375,-4732.053187492,20243.7140636887,68368.343159874,6487108.03447913,6999994.14224943,-454380817.617043,-64789094.3305505,-199075580145.792,129552891219.518,0.0215909711534793,0.05,0.431819423069587,-1.24976437968796,-0.772707924327385
0.459,-0.0208046806825728,16.7739812680695,0.623481175646669,-177.532927214681,-317.29987671494,-4660.19024740636,26470.4524260016,75357.5349034938,5933189.42678919,6999981.49352864,-653456397.762613,64763796.8889219,-199048852606.408,-129502951895.007,0.0208046806825728,0.05,0.416093613651456,-1.23968723416561,-0.823321650663357
0.46,-0.0203351962088789,16.5941310973469,0.320376503959221,-182.154270411738,-287.980032677373,-4581.32732374639,32043.7388451418,82368.3144701501,5180208.60272337,6999993.81447005,-852505250.368739,-64739155.0062107,-198865082799.019,129446223320.932,0.0203351962088789,0.05,0.406703924177579,-1.22487391689046,-0.872399754640296
0.461,-0.0201532606364701,16.4097001826332,0.0492445305438878,-186.693248531346,-253.496559784391,-4495.46440863565,36764.5506422142,89357.5130776697,4228270.81095512,6999977.77112431,-1051370333.16745,64707068.3147002,-198399782794.284,-129382869474.486,0.0201532606364701,0.05,0.403065212729402,-1.2053831718115,-0.919721560096839
0.462,-0.0202244698197014,16.2207743868426,-0.185210502546415,-191.14286590253,-214.801368783187,-4402.60151311404,40434.0696561199,96368.2805713714,3077700.58639054,6999993.40470177,-1249770115.96142,-64675801.1599212,-196941914196.018,129307637418.757,0.0202244698197014,0.05,0.404489396394028,-1.18129000323317,-0.965071108293469
0.463,-0.0205102244457528,16.0274465728715,-0.379335601341617,-195.496118227039,-173.0449497663,-4302.73862732241,42854.0615321637,103357.487348396,1729459.51333111,6999971.42225122,-1446712030.15714,64631836.2588404,-155962804142.801,-129220735728.796,0.0205102244457528,0.05,0.410204488915056,-1.15268571457315,-1.00823799729251
0.464,-0.0209688803900902,15.8298166036041,-0.530726856448183,-199.746009832618,-129.573775599346,-4195.87576648763,43834.1712297258,110368.237899487,204766.08110257,6999992.89064567,-1602674834.29968,-64588899.4701003,196260137264.146,129109131685.08,0.0209688803900902,0.05,0.419377607801804,-1.11967796100827,-1.04901819732743
0.465,-0.021557092990219,15.6279913419029,-0.638414561370304,-203.885536429956,-85.8961562957419,-4082.01291741238,43270.3099165558,117357.454529011,-1299778.68456504,6999958.55701811,-1406414697.03533,64520232.2150114,198053120064.257,-128973099656.583,0.021557092990219,0.05,0.431141859804379,-1.08239081396986,-1.08721483901118
0.466,-0.0222313095138774,15.4220846506143,-0.702949142659362,-207.907702346766,-43.5018859576471,-3961.15010411212,41300.3327368172,124368.177685527,-2607166.82156824,6999992.23940483,-1208361576.97093,-64452867.4417259,198590722910.659,128760932037.524,0.0222313095138774,0.05,0.444626190277548,-1.04096481917409,-1.12263897134016
0.467,-0.0229492446365022,15.2122173925541,-0.726284083529917,-211.80550330918,-3.6982556143292,-3833.28730741277,38122.0835805819,131357.40364655,-3716233.03708385,6999919.83798186,-1009770854.0602,64308064.5958578,198822585702.649,-128473001837.293,0.0229492446365022,0.05,0.458984892730043,-0.995556982857643,-1.15511028658933
0.468,-0.0236711871488662,14.9985174305135,-0.711581086459114,-215.571943652558,32.4057005797644,-3698.42457887836,33934.102214085,138368.065349856,-4626592.59829273,6999991.40165907,-810948268.357561,-64164937.2415997,198926912776.707,88841415629.4255,0.0236711871488662,0.05,0.473423742977323,-0.946340626640064,-1.18445780931443
0.469,-0.0243611089576053,14.7811196271715,-0.66301156532742,-219.200019466712,63.899637071336,-3556.56351025838,28935.1899670763,145350.781185499,-5338077.41026193,6980247.17223218,-612021355.580936,24676478.3879058,198958655478.64,-9866686323.8764,0.0243611089576053,0.05,0.487222179152106,-0.893505100513728,-1.21052054687461
0.47,-0.0249875754164403,14.5601658421163,-0.585557855743956,-222.682743265876,90.0720747179905,-3407.71890385245,23324.261654937,152341.722149204,-5850619.43810355,6999990.30745815,-413062700.102452,14809792.0638742,198936785063.73,-29628323385.1624,0.0249875754164403,0.05,0.499751508328806,-0.837255355069719,-1.23314810011757
0.471,-0.0255244567995466,14.335804921435,-0.484814306579648,-226.013124273422,110.410471903232,-3251.87595276448,17300.2669976262,159344.179298796,-6164213.74567413,6999985.93782944,-214125915.038948,-14818531.3211972,198864578077.504,-199976166071.464,0.0255244567995466,0.05,0.510489135990932,-0.777811374924763,-1.25220123370113
0.472,-0.0259514408427288,14.1081927078141,-0.366788334845817,-229.184163756113,124.601230399597,-3089.0425825924,11062.1343907789,166303.426609953,-6278907.37167433,6885179.32347251,-15261336.961734,-214794697.392108,198734341608.891,-199987715495.424,0.0259514408427288,0.05,0.519028816854575,-0.715407475901521,-1.26755239289785
0.473,-0.0262543463455739,13.8774920248201,-0.23770150158467,-232.188917711849,132.529648145943,-2919.34069825859,4808.71874089183,173047.877298813,-6194801.53783162,6570390.76833269,183473004.64681,-414782412.886807,198525340018.672,-199988869678.682,0.0262543463455739,0.05,0.525086926911478,-0.650291469071765,-1.2790861832453
0.474,-0.0264252378819874,13.6438725481049,-0.103790661907287,-235.020658355497,134.279816841192,-2743.0850888475,-1261.2587379466,179377.545382422,-5912065.86317547,6055613.92060654,381998344.665088,-614771282.564818,198194345232.649,-199986541748.568,0.0264252378819874,0.05,0.528504757639747,-0.582723695310325,-1.28669984563908
0.475,-0.0264623417227178,13.4075104903798,0.0288907494692734,-237.673072684685,130.134449660152,-2560.79053115794,-6949.2930379174,185092.442571455,-5430970.34589406,5340849.36716744,580192689.897305,-814757824.312926,197649571257.759,-199976155807.32,0.0264623417227178,0.05,0.529246834454355,-0.512975934531068,-1.29030375383743
0.476,-0.0263697631448693,13.1685880866388,0.154671212659041,-240.140462467701,120.57460562974,-2373.17178921362,-12057.2254436532,189992.583667165,-4751952.87036787,4426103.46495085,777842261.154607,-1014733980.12009,196670029494.193,-161559913481.478,0.0263697631448693,0.05,0.527395262897387,-0.441330194287799,-1.2898219376862
0.477,-0.0261570054097999,12.9272928794484,0.268459262430879,-242.41794390808,106.279238712325,-2181.14200780724,-16387.4788451947,193884.393489809,-3875775.59446617,3330589.52809003,974512290.648327,-1176293893.60173,194576102015.84,199977307726.126,0.0261570054097999,0.05,0.523140108195997,-0.368077382928657,-1.28519263000926
0.478,-0.0258382908739224,12.6838168078528,0.36594102526588,-244.50163596665,88.1243981225912,-1985.78003614801,-19743.5689440007,196660.165622386,-2803975.25280992,2254284.28835136,1169088392.66369,-976316585.876037,187837476165.456,199987931671.008,0.0258382908739224,0.05,0.516765817478447,-0.293515873006782,-1.27636883354964
0.479,-0.0254316850733987,12.4383551446335,0.443776587034641,-246.388749219226,67.1815161791388,-1788.14711498213,-21931.6937544512,198459.622939744,-1540968.1220635,1377961.66831083,1356925868.82868,-776328654.205615,-89801326505.0096,199990807859.28,0.0254316850733987,0.05,0.508633701467973,-0.217949961216696,-1.26331888803378
0.48,-0.0249580260345464,12.1911054496849,0.499791218548301,-248.077467542894,44.7017509531925,-1589.11956636712,-22809.1658298512,199482.752082263,-228942.916487327,701628.418034853,1267124542.32321,-576337846.346879,-186672136283.071,199991243081.767,0.0249580260345464,0.05,0.499160520690927,-0.141688232074336,-1.24602696899088
0.481,-0.0244396847073096,11.9422666941945,0.533101470687563,-249.56675114263,21.9815230831432,-1389.37372341528,-22435.6584978908,199929.543450971,944845.557694352,225286.193228856,1080452406.03971,-376346603.265349,-191868550419.36,199989054890.517,0.0244396847073096,0.05,0.488793694146191,-0.0650418422453217,-1.22449345557224
0.482,-0.0238992836456118,11.6920385843101,0.544066058726355,-250.856136561152,0.190368242175808,-1189.38592842447,-20982.5648289131,199999.987851716,1929363.68852439,-51065.8825912355,888583855.619957,-176357548.374419,-193463599308.105,199977450294.885,0.0238992836456118,0.05,0.477985672912237,0.0116772174008506,-1.19873515494986
0.483,-0.0233585319705488,11.4406210847972,0.534122117299172,-251.945536688381,-19.6874784165058,-989.432534045205,-18641.1531457968,199894.072769987,2721215.74449029,-127434.705818213,695120256.311493,23619901.9216891,-194004308197.277,199920280476.383,0.0233585319705488,0.05,0.467170639410976,0.088157812819694,-1.16878538257123
0.484,-0.0228372415440737,11.1882141426862,0.505594944908688,-252.835040774992,-36.8602538268432,-789.589911966307,-15604.7113245169,199811.768061876,3319333.84670314,-3854.66365833321,501115948.113899,223540182.400082,-194004149053.31,-191536366017.148,0.0228372415440737,0.05,0.456744830881475,0.16409127877122,-1.13469389831642
0.485,-0.0223525352991722,10.9350176103537,0.461504820857713,-253.524717727332,-50.7298624095298,-589.750795221299,-12067.153528599,199887.760761748,3723447.72029039,123917.335733174,307111799.060315,32003816.3857795,-193581798323.214,-199351114305.98,0.0223525352991722,0.05,0.447050705983445,0.239172941281791,-1.09652669938935
0.486,-0.0219182491676836,10.6812313370094,0.405373139447975,-254.01450431705,-60.8921726864003,-389.804048118904,-8222.41354183237,199994.454819957,3933768.6201891,56245.594965962,113530000.736871,-167347297.9164,-192693494073.472,197380884581.034,0.0219182491676836,0.05,0.438364983353672,0.31310354424422,-1.05436568335777
0.487,-0.0215445279313224,10.4270552643015,0.341028512732615,-254.304307091457,-67.1368091469321,-189.801137514448,-4263.99550362042,199999.923580055,3950951.87388923,-12411.2606599145,-79163493.336787,30033586.6661624,-191143255907.195,-15677742135.372,0.0215445279313224,0.05,0.430890558626449,0.385590574645408,-1.00830824776144
0.488,-0.0212376147912243,10.1726893896741,0.27241330647473,-254.394109214973,-69.4464869314911,10.1969327936108,-384.482585717451,199999.916155713,3776216.75259884,9783.45493855939,-270306749.244126,14355844.5305264,-188460608779.468,-179303773857.295,0.0212376147912243,0.05,0.424752295824486,0.456349481533182,-0.958466881755172
0.489,-0.0209998339805546,9.91833371252401,0.203391114424241,-254.283911589565,-67.9957647911471,210.196662326783,3225.17069079608,199986.993570607,3411679.69896498,-65512.5874595642,-458767358.023699,-164947929.325091,-183463071794.477,199566317943.477,0.0209998339805546,0.05,0.419996679611092,0.525104784450677,-0.904968706058303
0.49,-0.0208297651445937,9.66418822660499,0.137555904097603,-253.973737558997,-63.1488597718626,410.131723545166,6376.8895321168,199872.268071475,2861180.80504405,-130677.357812918,-642230429.818247,34618388.6216123,-172413102479.042,199114917072.341,0.0208297651445937,0.05,0.416595302891874,0.591591067749571,-0.847954938165481
0.491,-0.0207226072309419,9.41045286207346,0.078044156183681,-253.463688379254,-55.4556021214628,609.952719123863,8888.21960517188,199792.085727484,2132743.82398628,3498.48934486376,-814643532.29733,233733305.698074,-135635951647.032,-199913045124.693,0.0207226072309419,0.05,0.414452144618838,0.655553858039324,-0.787580323188616
0.492,-0.020670727618604,9.15732745055148,0.0273530473900918,-252.753830961242,-45.6424360243325,809.77717993657,10591.0356710683,199879.132028824,1250282.31586543,137275.272480591,-950279483.94438,33820260.5778123,74183291805.9643,-199977010719.315,0.020670727618604,0.05,0.41341455237208,0.716750383291031,-0.724012503719479
0.493,-0.020664386337447,8.90501182709364,-0.0128244671958717,-251.84409159338,-34.5815481388307,1009.7222539361,11378.5421269292,199999.987929806,337094.477824032,71107.0276987461,-876096192.138413,-166156750.137267,148734390977.595,-199988997768.075,0.020664386337447,0.05,0.413287726748939,0.774950214901952,-0.65743128647838
0.494,-0.020692598203613,8.65370593125981,-0.0416958264119606,-250.734366084084,-23.1742775387227,1209.72176971297,11302.377573847,199954.685082808,-464634.518825584,-195044.221322558,-727361801.160802,-366145747.901653,163307219669.216,-199991230035.028,0.020692598203613,0.05,0.413851964072261,0.829935805141079,-0.588027863228685
0.495,-0.0207440226334689,8.40360974038648,-0.0593253000976404,-249.424716401871,-12.2186397236637,1409.5095754257,10501.2800243858,199543.236115862,-1110342.71015178,-661185.584241724,-564054581.491561,-566136977.933724,167729330449.666,-199990808675.922,0.0207440226334689,0.05,0.414880452669378,0.881502961576738,-0.516004054917936
0.496,-0.0208077577718337,8.15492300343424,-0.0665004614567404,-247.91557066162,-2.35955142916838,1608.61952963591,9136.86491189655,198565.650241207,-1590532.62641851,-1327317.96651341,-396325251.041864,-766127786.607532,168035877910.421,-199987943784.047,0.0208077577718337,0.05,0.416155155436675,0.929461305394422,-0.441571594425185
0.497,-0.0208739845396722,7.90784477484627,-0.0645717824539129,-246.207923115088,5.92299445592327,1806.38550009826,7376.17563960885,196821.937057426,-1902839.93850516,-2193439.72501296,-228289373.131411,-966115730.390347,165411600403.367,-199977346150.184,0.0208739845396722,0.05,0.417479690793443,0.973634733274093,-0.36495145086741
0.498,-0.0209344464199277,7.66257274841625,-0.0552859737951491,-244.303534141054,12.3165940474395,2001.94136561518,5386.75961460521,194112.109909526,-2048423.51143489,-3259544.1284784,-62877772.7280124,-1166093076.54015,159521769087.005,137514309174.858,0.0209344464199277,0.05,0.418688928398555,1.01386188658569,-0.286373198024597
0.499,-0.0209827619567988,7.4193023916364,-0.0406186944183403,-242.205127419105,16.6753090179163,2194.23508437709,3333.48417832082,190292.438294307,-2031540.3996194,-4356880.05043112,96643996.3590202,-1028578767.36565,148700553060.281,199976202620.278,0.0209827619567988,0.05,0.419655239135976,1.04999662722691,-0.206074429076388
0.5,-0.0210145710515989,7.17822590733633,-0.0226099673738466,-239.916513453243,19.01532618553,2382.18598519323,1375.04920239097,185454.598227297,-1860546.12673024,-5285470.71648662,245344549.419324,-828602564.7463,128824486178.927,199986573188.045,0.0210145710515989,0.05,0.420291421031978,1.08190851778385,-0.124300209266657
0.501,-0.021027519480273,6.93953116912104,-0.00320591138188544,-237.442513939282,19.5063607697153,2564.86808040854,-341.353901933112,179788.157323969,-1550789.33422145,-6014079.9946389,374169035.59827,-628615991.559512,90263296328.9817,199988898534.647,0.021027519480273,0.05,0.420550389605459,1.10948330236648,-0.0413025108002724
0.502,-0.0210210904763338,6.70340079836835,0.0158876501177619,-234.788778652644,18.4557346772839,2741.55276127387,-1690.01483563393,173493.10081664,-1131488.65045869,-6542701.53693109,464432331.927265,-428627093.026141,20601508734.2999,199987750019.977,0.0210210904763338,0.05,0.420421809526677,1.13262338273586,0.0426604338706507
0.503,-0.0209962998744601,6.47001143570732,0.0333293189611603,-231.961585984124,16.2782393012717,2911.71140629596,-2585.85373533993,166769.417024866,-656755.564164271,-6871334.75494724,485033840.661573,-228639343.00708,-48818952186.8653,199976239100.352,0.0209962998744601,0.05,0.419925997489201,1.15124828135537,0.127324878469967
0.504,-0.020955285802107,6.23953321239686,0.0482249750521027,-228.967642951955,13.4428126342849,3075.01538172933,-3008.22887120456,159817.091971599,-196131.19959613,-6999985.97840414,436214888.474711,-28663103.9068443,-84237301811.1972,57317480466.9252,0.020955285802107,0.05,0.41910571604214,1.16529507735822,0.212422407972713
0.505,-0.0209008454461873,6.0121294214933,0.060148458359678,-225.81388640523,10.405710757119,3231.33009175594,-3000.2921768652,152812.327354653,197965.037972983,-6999990.34207753,351977586.663515,28654376.5602866,-98861546884.8125,-36264716796.4916,0.0209008454461873,0.05,0.418016908923746,1.17471879307502,0.297680878709885
0.506,-0.0208359831367287,5.7879563773782,0.0691008590873105,-222.507315923137,7.55894479923062,3380.64568863896,-2642.81527004126,145820.62008139,500511.851194091,-6989468.32391548,253116039.7787,-7610340.23631095,-102670007589.634,-5825528798.64252,0.0208359831367287,0.05,0.416719662734573,1.17949270440066,0.38282544505108
0.507,-0.0207635204530554,5.56716339643757,0.0754315058111409,-219.0549252015,5.20429354443339,3522.97006343784,-2032.85706688942,138826.375665891,702292.887177974,-6999991.42855112,150446032.189062,-13435869.0347379,-99293811894.8119,27012170704.7116,0.0207635204530554,0.05,0.415270409061107,1.17960855398456,0.467579641904413
0.508,-0.0206857952319362,5.34989280225718,0.0797418607725021,-215.463708950205,3.54352001766907,3658.29532958493,-1271.89013226605,131824.168331274,803092.01341963,-6999921.2122335,51152220.2942455,13576301.6698773,-89719135953.0888,-27294690869.6277,0.0206857952319362,0.05,0.413715904638724,1.17507665605451,0.551666480539871
0.509,-0.0206044598289833,5.1362799200792,0.0827846680756958,-211.740667851778,2.6779629648308,3786.62066274811,-458.175198024813,124826.486154731,809384.665737331,-6999992.25599844,-38566915.6588483,-13718389.1995253,-73934076076.573,27502739923.1785,0.0206044598289833,0.05,0.412089196579666,1.1659258886541,0.634809539493949
0.51,-0.0205203792416398,4.92645307523156,0.085366217813493,-207.892800953751,2.61497169389532,3907.946012324,319.603663870333,117824.218494121,733850.712040197,-6999959.27523637,-112500991.735426,13784350.7235657,-52186053312.776,-27635949262.4673,0.0205203792416398,0.05,0.410407584832796,1.15220357336769,0.71673405206679
0.511,-0.0204336227035434,4.72053359306611,0.0882581773661268,-203.927109148024,3.28057612960882,4022.27139707428,988.506204490688,110826.545402704,595256.693648382,-6999992.89914404,-164687045.048206,-13851598.5386676,-26562059430.5056,27745148653.2527,0.0204336227035434,0.05,0.408672454070869,1.13397524580865,0.79716798516091
0.512,-0.0203435360939655,4.51863579896513,0.0921251327361833,-199.850591489686,4.53815608760638,4129.5967934754,1496.99236570988,103824.250895733,417288.618884923,-6999971.92335608,-191249104.478715,13893550.114506,-1522101084.50987,-27830067048.3353,0.0203435360939655,0.05,0.40687072187931,1.11132432303899,0.875843104664842
0.513,-0.0202488765932541,4.3208670183265,0.0974733517129471,-195.670248885783,6.21185449113402,4229.9222144149,1818.40274884136,96826.5874029276,225278.463863953,-6999993.40676574,-192771205.563227,-13936516.9335872,18574845265.5719,27903517964.9432,0.0202488765932541,0.05,0.404977531865083,1.08435167680936,0.952496023179341
0.514,-0.020147986441162,4.12732757656958,0.104624076646006,-191.393080391408,8.1115418895331,4323.24764500809,1950.39141746797,89824.2763240236,41794.680933512,-6999978.16471686,-174196360.297657,13967001.0312845,32001794363.2022,-27965294710.2142,0.020147986441162,0.05,0.402959728823239,1.05317512366044,1.02686922601886
0.515,-0.0200389811940448,3.93811079912606,0.113710788524432,-187.026086922367,10.0551313288502,4409.57309486255,1910.42155064652,82826.6207773718,-116400.782182543,-6999993.81104068,-142194565.934455,-13998293.6786803,39150943223.0328,28020562235.5945,0.0200389811940448,0.05,0.400779623880895,1.01792884380198,1.0987120714831
0.516,-0.0199199304168406,3.75330301144465,0.124696131982581,-182.576267532524,11.885284683384,4488.89855320878,1729.44864270058,75824.2979131988,-239019.876505482,-6999981.82360156,-103043622.711422,14022268.5568495,41087699718.2579,-28069157512.6996,0.0199199304168406,0.05,0.398398608336811,0.978762739935074,1.16778176153358
0.517,-0.0197890141618334,3.57298353898454,0.137402353254498,-178.050623143661,13.4797614382016,4561.22402770662,1445.75490479243,68826.649030958,-321519.649357775,-6999994.13380106,-61955922.9931636,-14046888.955594,38882143638.5992,28113694773.5508,0.0197890141618334,0.05,0.395780283236668,0.935841745257341,1.23384427911193
0.518,-0.0196446448276228,3.39722470721935,0.151549148057969,-173.456152808151,14.7560506204679,4626.54950992638,1099.73765121118,61824.317068476,-364034.500531639,-6999984.17536988,-23073779.3545635,14066805.8178981,33531200516.6476,-28154041223.3198,0.0196446448276228,0.05,0.392892896552456,0.889345087607244,1.29667528849938
0.519,-0.019485549678426,3.22609184163199,0.166793713106489,-168.799857452237,15.6713225248757,4684.87500628968,729.754794421697,54826.6739558124,-370342.679627879,-6999994.39016365,10457421.162085,-14087235.4051601,26050456635.279,28191722995.6771,0.019485549678426,0.05,0.38971099356852,0.839465514618169,1.35606099525195
0.52,-0.019310813985842,3.05964326771809,0.182768842061637,-164.088736126756,16.2187343187035,4736.2005098329,368.982568147407,47824.3345684467,-346860.030148154,-6999985.76407097,36507877.7973649,14104487.5904634,17520042145.8564,-28226628383.4677,0.019310813985842,0.05,0.386216279716839,0.786408483048822,1.41179896243199
0.521,-0.0191198884034271,2.89793031098181,0.199115924821272,-159.329789761486,16.4211015198324,4780.52602615766,43.2964839222448,40826.6966101083,-301592.131277861,-6999994.59067224,54027919.9432221,-14122140.7927379,9009782122.32588,28259747084.8779,0.0191198884034271,0.05,0.382397768068543,0.730391314151866,1.4636988800204
0.522,-0.0189125668153231,2.74099729693883,0.215510735472638,-154.530017405732,16.3229819990279,4817.85154927171,-229.780057030284,33824.3509068885,-243059.320273476,-6999986.85792254,63037702.0655486,14137606.2920905,1422672861.73185,-28290981932.9237,0.0189125668153231,0.05,0.378251336306462,0.671642316035051,1.51158328460191
0.523,-0.018688942485674,2.58888155111282,0.231680955982887,-149.696419992194,15.9822378435744,4848.17708422639,-441.083414127364,26826.7176884579,-179310.281777061,-6999994.74259691,64460374.9272808,-14153375.6405631,-4636135840.23904,28321034599.2123,0.018688942485674,0.05,0.373778849713479,0.610399873471907,1.55528822660442
0.524,-0.0184493508651679,2.44161339903817,0.247415414286839,-144.83599656865,15.4620495120529,4871.50262569068,-588.936197747491,19824.3664304752,-117167.9747699,-6999987.60093786,59824239.0870419,14167658.9586028,-8892175712.42941,-28349817490.5725,0.0184493508651679,0.05,0.368987017303358,0.54691150553759,1.59466388260077
0.525,-0.018194306977937,2.29921616625685,0.262565886279298,-139.955748070294,14.8241295261136,4887.82817835475,-677.674082259275,12826.7376894363,-61789.8235390726,-6999994.85072455,50932063.3746125,-14182158.531697,-11349296683.8957,28377872607.8355,0.018194306977937,0.05,0.363886139558741,0.481432891742113,1.62957511039106
0.526,-0.0179244441384453,2.16170617832099,0.277042908052105,-135.062673543365,14.123576321952,4897.15373733707,-715.889423558357,5824.38140488189,-16532.4085064079,-6999988.07295233,39582766.6907166,14195714.0760942,-12205857613.1958,-28405117885.7942,0.0179244441384453,0.05,0.358488882768905,0.414226867918313,1.65990194482728
0.527,-0.0176404591330478,2.02909276079007,0.290807331827242,-130.163773925248,13.4055092445217,4899.47930711123,-714.664758321606,-1173.24299734531,16947.4293777108,-6999994.91781913,27376909.0775206,-14209403.8094257,-11777191714.9198,28432011525.9459,0.0176404591330478,0.05,0.352809182660956,0.345562393874536,1.68554003256879
0.528,-0.0173430672394299,1.90137823923338,0.303859375825371,-125.266048260602,12.7033903027471,4894.80488308815,-685.991739690955,-8175.60394848011,38435.7425977715,-6999988.31586558,15599717.3626004,14222607.7164767,-10433809271.9941,-28458473389.2566,0.0173430672394299,0.0503527441877767,0.344431421150627,0.275713495622571,1.70640100421406
0.529,-0.0170329687833794,1.77855793922735,0.31622673925512,-120.376497488776,12.0387816451958,4883.13046964663,-641.495106623882,-15173.2240393843,48818.5553243749,-6999994.94484373,5165908.09060599,-14235865.6725053,-8551247457.57158,28484930911.91,0.0170329687833794,0.0517031374514849,0.329437817953738,0.204958185744211,1.72241278249341
0.53,-0.0167108275038389,1.66062018635806,0.327953053758612,-115.502120652783,11.4222004989385,4864.45606236268,-591.518805163799,-22175.5894285776,49708.8396861951,-6999988.34506029,-3385339.36696589,14249065.239361,-6467801310.51756,-28511302322.8873,0.0167108275038389,0.0538305832783334,0.310433706754297,0.133577366100119,1.73351982547412
0.531,-0.016377259902256,1.54754630621872,0.339087584707388,-110.649918693766,10.8547023986687,4838.78166563488,-544.580602046173,-29173.2051247373,43089.5996639704,-6999994.93098237,-9853140.67748369,-14262237.0832525,-4451138229.48796,28538030833.0866,0.016377259902256,0.056518990918454,0.289765610392535,0.0618537175752131,1.73968330397678
0.532,-0.0160328340226397,1.43931062441212,0.349676730764599,-105.826890652983,10.3298389422487,4806.10727508978,-507.159429092526,-36175.5748357877,31010.8898717427,-6999988.15264908,-14304278.9069718,14275793.7497889,-2677362017.09957,-28565029117.3355,0.0160328340226397,0.059585654555121,0.269072046658616,-0.00992941811829019,1.7408812126743
0.533,-0.015678075729741,1.3358804665482,0.359757540150952,-101.040037473245,9.83568935485688,4766.43289526713,-483.746905677119,-43173.1859297468,15367.9299562211,-6999994.87345796,-16981640.9240715,-14289235.367275,-1224960203.82508,28592809433.6949,0.015678075729741,0.0628781398276314,0.249340641639837,-0.0814891593910264,1.73710841459663
0.534,-0.0153134804722465,1.23721615824665,0.369353199598242,-96.2963581938922,9.35674510066206,4719.75852172854,-477.073956216905,-50175.5599526481,-2226.1910697629,-6999987.70410838,-18206601.1278965,14303574.0663717,-83181554.7592249,-28621274150.204,0.0153134804722465,0.0662712504458606,0.231072755821269,-0.152544203261102,1.7283766190384
0.535,-0.0149395286569842,1.14327102513446,0.378470277387385,-91.6028537593119,8.87552014949086,4666.08415929982,-488.417311443076,-57173.1660820804,-20474.3829750391,-6999994.76711711,-18289782.6826557,-14317700.0835641,827945702.606047,28651082250.6166,0.0149395286569842,0.0696640973713438,0.214450903990748,-0.222815936232133,1.71471429311823
0.536,-0.0145567030267365,1.05399139284868,0.38709742130926,-86.9665232066861,8.37385184718411,4605.409803346,-517.898594809008,-64175.5445188629,-38350.1928063917,-6999986.92607537,-17461836.9800495,14333382.1670001,1629739268.40107,-28682119430.4377,0.0145567030267365,0.0729772901271323,0.199468944398697,-0.29202953257163,1.69616650751046
0.537,-0.0141655067370776,0.969316587033942,0.395205218164864,-82.3943674819079,7.83393575561142,4537.7354591729,-564.708082894025,-71173.1451070919,-54997.1601522407,-6999994.60362359,-15832097.7116483,-14348737.2631744,2453042217.69609,28715329250.1863,0.0141655067370776,0.0761502668916147,0.186020447666185,-0.359915035178195,1.67279471711685
0.538,-0.0137664810890892,0.889178933345508,0.40274699445696,-77.8933856196532,7.23919261978174,4463.06112177993,-627.212451532474,-78175.5281911375,-69602.7367550409,-6999985.67626167,-13379055.493952,14366591.986954,3406249319.82672,-28750571489.5254,0.0137664810890892,0.0791387771527595,0.173953674600205,-0.426208414409768,1.6446764777119
0.539,-0.0133602220405712,0.813503757446637,0.409660451319628,-73.4705785672567,6.57509088434441,4381.38679724229,-702.93700781452,-85173.1223333195,-81278.6675890795,-6999994.37001948,-9972806.17412509,-14383979.5023146,4546835141.45035,28789360343.9596,0.0133602220405712,0.0819125278763066,0.163103525027894,-0.490652600408946,1.61190509983346
0.54,-0.0129473946633452,0.74220938501217,0.415870149612186,-69.1329453563594,5.83004185983722,4292.71247995084,-788.444272633753,-92175.510466365,-88978.0561924795,-6999983.66934981,-5425971.03267459,14405380.8415799,5859834713.02378,-28831515419.3391,0.0129473946633452,0.0844530013943842,0.153308875345739,-0.552998484594811,1.5745892414465
0.541,-0.0125287446446436,0.675207141725593,0.421290962409521,-64.8874869356544,4.99644839038147,4197.0381772336,-879.158675223733,-99173.0966978628,-91474.1098686422,-6999994.0462179,433863.68034929,-14426134.5775102,7246339263.24751,28879825194.4803,0.0125287446446436,0.0867514505753925,0.144421154476896,-0.613005886095636,1.53285244113275
0.542,-0.0121051057821911,0.612401353283451,0.425832664241146,-60.7412023328978,4.07192690163943,4094.36388248306,-969.208130041659,-106175.490507169,-87417.0765566691,-6999980.26819817,7680202.94359683,14453690.6168963,8524282486.07191,-28934045639.9741,0.0121051057821911,0.0888070743087264,0.136307899752549,-0.670444478987164,1.4868325938026
0.543,-0.0116774022556896,0.553689345391998,0.429405808609167,-56.7010924979568,3.06064544558026,3984.68960520514,-1051.36439137885,-113173.066270998,-75474.7323700363,-6999993.60040126,16204485.4296687,-14480355.0228382,9442368569.26051,29000429283.8594,0.0116774022556896,0.0906253739519074,0.128853562158944,-0.725094676300242,1.43668137113234
0.544,-0.0112466443483499,0.498961443773011,0.431928946610311,-52.7741564531962,1.9746378676117,3868.01533709283,-1117.16315293918,-120175.466644029,-54549.0626557373,-6999973.74078217,25646853.998929,14520074.2609371,9706119356.63212,-29086868880.0451,0.0112466443483499,0.0922166891561498,0.121958882402577,-0.776748466899109,1.38256358915829
0.545,-0.0108139163223026,0.448100974159821,0.43333706089427,-48.9673951491346,0.83487908065098,3744.34109163809,-1157.27110203601,-127173.02815916,-24049.1489784922,-6999997.10096126,35352973.3555609,-14566794.6188795,9013674344.6329,199989786062.58,0.0108139163223026,0.0935949094291069,0.115539577828147,-0.82521020153915,1.32465652564408
0.546,-0.0103803553952707,0.40098426254251,0.433590844386927,-45.2878061781599,-0.328148863884011,3613.67397003729,-1162.14148527928,-134146.97702642,15810.6615493852,-6914569.00254884,44366647.7001935,185422991.441765,7099332765.05262,199996455708.357,0.0103803553952707,0.094776355913512,0.109524736367194,-0.870297324718483,1.26314919014141
0.547,-0.0099471212771684,0.357480649236658,0.432686167662096,-41.7423487322405,-1.47469477157338,3476.10894552736,-1122.96427775229,-140935.501790629,63726.975632105,-6629147.7832529,51465980.4652458,385419447.146782,3784605727.8608,199997449333.638,0.0099471212771684,0.0957788258949388,0.103855118124747,-0.911841049361476,1.19824155509275
0.548,-0.00951535652813975,0.317452593002865,0.430662787868487,-38.3377946698165,-2.55706020619343,3331.93143964691,-1032.87354426625,-147338.606942086,117085.258961281,-6143729.6114393,55250586.1931062,585416896.47635,-963284870.711676,199997706195.309,0.00951535652813975,0.0966207900417252,0.0984814606052237,-0.949686971921524,1.13014378115692
0.549,-0.00908613907829386,0.280755956786767,0.427611099180367,-35.0805304295914,-3.52222282681647,3181.62687061984,-888.323539686872,-153156.295154254,171854.202719032,-5458313.86186529,54287301.3223942,785414602.667455,-6971695209.21844,199997634831.02,0.00908613907829386,0.0973207319961232,0.093362831248082,-0.983695626156537,1.05907547591216
0.55,-0.00866042954111204,0.247240493137316,0.423675560824247,-31.9763570333046,-4.31586186889046,3025.88065420346,-690.48763550818,-158188.568775646,222655.656436817,-4572900.44178232,47315606.1131756,985412237.494639,-13821410780.6225,199997238786.656,0.00866042954111204,0.0978966212283524,0.0884650505037435,-1.01374297458585,0.985264995889071
0.551,-0.00823901734004039,0.216750529622545,0.419053420718827,-29.0302900881106,-4.88771163394387,2865.57820379838,-446.477744478212,-162235.43022555,263060.557159681,-3487489.58489436,33494195.332553,1185409476.27824,-20853723708.8771,199996214992.098,0.00823901734004039,0.0983655091911624,0.0837592099892329,-1.03972083743229,0.908948794701507
0.552,-0.0078224709770495,0.189125854242952,0.413987535449265,-26.2463597890279,-5.19794563910798,2701.80493020233,-170.145710270401,-165096.882369806,286127.890637795,-2202082.00112007,12640471.623676,1385405691.26836,-27240673585.9369,199992841496.893,0.0078224709770495,0.0987432374833967,0.0792203210712513,-1.06153725961612,0.830370819729218
0.553,-0.00741109878250462,0.164202800842233,0.408752504617487,-23.6274109218691,-5.2240556868549,2535.84624081585,117.762303914909,-166572.929385042,285148.025468503,-716679.889103266,-14600201.9622606,1585398532.76457,-32091178629.0581,-17886010658.6254,0.00741109878250462,0.0990442456053058,0.0748261419652593,-1.07911681700859,0.74978195960826
0.554,-0.00700492696371649,0.141815534211895,0.403633978985257,-21.1749046832083,-4.96748986964225,2369.17845932491,390.261698630772,-166499.89100954,254502.234191713,859775.63833199,-46691380.591318,1567512522.10663,-34534412091.4274,-199993007641.065,0.00700492696371649,0.0992814650819202,0.070556240864662,-1.09240086357747,0.667439544459664
0.555,-0.00660370151881404,0.121797517386206,0.398901803743005,-18.8887692270722,-4.45919788451791,2203.36137517989,615.662507178255,-164889.691278095,190543.647554681,2327291.65661809,-81225792.6827445,1367519514.46761,-33742263748.6701,-199996388036.565,0.00660370151881404,0.0994662864502426,0.0663913548448146,-1.10134772118718,0.583606893790293
0.556,-0.00620691948798751,0.10398305532109,0.394778528793124,-16.7674095022829,-3.76320711333222,2039.85491646667,759.969547766785,-161911.972595583,92446.7229976015,3594812.97706741,-114968056.431413,1167523126.43428,-28917161864.2166,-199997424798.931,0.00620691948798751,0.0996085860860863,0.0623130970117697,-1.10593281360602,0.498552872014318
0.557,-0.0058138930474077,0.0882087471846045,0.391405682928839,-14.8078644565043,-2.97738042854947,1879.92660432168,790.112715571311,-157766.730959432,-36979.9143659203,4662337.39110223,-143885218.295629,967525701.639501,-19351625531.7412,-199997842598.535,0.0058138930474077,0.0997167997985994,0.0583040476544591,-1.10614874571362,0.412551387201409
0.558,-0.0054238471359559,0.0743147536249691,0.38881103905809,-13.0060055145469,-2.23054485760748,1724.64396309832,677.964921135619,-152653.963691277,-190540.94542742,5529864.17144246,-163236843.827368,767527859.045618,-4743002117.36991,-199997950530.325,0.0054238471359559,0.0997980296122277,0.054348238708025,-1.10200532800607,0.325880798272215
0.559,-0.00503604768123854,0.0621458642948577,0.386880878776707,-11.356736575627,-1.67525417491165,1574.87451955505,405.01505344162,-146773.668582067,-356149.290313473,6197393.05522292,-167979845.944737,567529908.519887,14131250408.5756,-199997759763.026,0.00503604768123854,0.0998581711090087,0.0504320039643127,-1.0935295452824,0.238823227407609
0.56,-0.0046499531467643,0.0515523653781336,0.38534189251373,-9.85419401112867,-1.47572160551718,1431.28580257908,-32.7689514427921,-140325.843532546,-517063.511053922,6664924.08386129,-153848595.53616,367532148.760691,34887525524.5403,-199996904885.026,0.0046499531467643,0.0999020508603598,0.0465451220142004,-1.08076546690727,0.151663780519855
0.561,-0.00426537735443976,0.0423907071187409,0.383757489551994,-8.49194666247686,-1.79121009817946,1294.34534324263,-620.94217267737,-133510.486191786,-653468.343827811,6932457.78017947,-118961070.011618,167535243.877871,54249495492.1344,-199990167695.063,0.00426537735443976,0.0999335657345724,0.0426821291033363,-1.06377409440143,0.0646896790889355
0.562,-0.00388264710410719,0.0345239713518276,0.381542392344845,-7.2631958386905,-2.75645289212723,1164.32067555835,-1324.84946892897,-126527.592484285,-745304.666093362,6999997.94020981,-64711574.5194835,-32454923.8176308,69645566339.7695,33387976216.9484,0.00388264710410719,0.0999558179435811,0.0388436329569001,-1.04263314062303,-0.0218106929914992
0.563,-0.0035027352433123,0.0278221393622015,0.377997181338158,-6.16097336714767,-4.46183805792542,1041.28906405632,-2090.90232789211,-119538.257343282,-775193.457442961,6984237.00450066,4933991.82028583,933052.399544326,79825832580.9019,29653431721.6185,0.0035027352433123,0.0999712415250922,0.0350374286632535,-1.01743673395567,-0.107548823460002
0.564,-0.00312734961243081,0.0221621785438979,0.372361564005119,-5.17828910631506,-6.9361887062116,925.244316284134,-2850.32448399478,-112548.611573963,-730346.549332224,6999996.77276101,84759824.4011865,30586484.1206946,84211649651.0144,-61218225132.6548,0.00312734961243081,0.099981717484375,0.0312792147516324,-0.988295041142266,-0.192237175060001
0.565,-0.00275896080463799,0.0174280453310607,0.363882722055254,-4.30815166544662,-10.134051008737,816.198250084999,-3524.25584618457,-105543.524596666,-603480.90010553,6999974.14431538,168971474.052199,-30631741.011764,81916088867.701,61309507952.7652,0.00275896080463799,0.0999886760405739,0.0275927326362282,-0.955333803730976,-0.275590315291372
0.566,-0.0024007561071958,0.0135106936995712,0.351893686085687,-3.54355928075557,-13.9284722222631,714.152161833646,-4029.59832778605,-98548.6480715325,-393551.38161948,6999997.15728,250887562.919896,30677766.9405012,70720330060.8348,-61374717900.8641,0.0024007561071958,0.099993185621171,0.0240091971496056,-0.918693785198315,-0.357326032832957
0.567,-0.00205651246592919,0.0103080775628781,0.33589586578723,-2.87751401002406,-18.11008496662,619.106068022508,-4285.91920626878,-91543.5411504345,-107303.653669167,6999987.56527007,321607892.980727,-30696950.9601995,45903142164.6006,61413734210.9895,0.00205651246592919,0.0999960290738842,0.0205659413176266,-0.878530128331696,-0.437166440874655
0.568,-0.00173038768962318,0.00772515082651486,0.31563872013032,-2.30301381528517,-22.3941420533034,531.059963402334,-4224.76838975348,-84548.6664382784,237255.810393861,6999997.48141536,367511035.145322,30716783.2502561,1956912311.59195,-61444472567.4445,0.00173038768962318,0.0999977678394416,0.0173042631551689,-0.835011625321547,-0.514839061555385
0.569,-0.00142663721758058,0.00567386738659039,0.291187065784629,-1.81306075107103,-26.4389491606564,450.013854982826,-3803.43090973503,-77543.5513106683,605745.301694979,6999992.0283819,369467947.456908,-30727689.3170602,-52075967345.9554,61466835710.702,0.00142663721758058,0.0999987950543019,0.014266544079915,-0.788319906546422,-0.590077886382846
0.57,-0.00114927528553327,0.0040731811343039,0.262962319250781,-1.40065277454743,-29.8800992602742,375.967739523514,-3021.63096220259,-70548.6786543293,949175.265478909,6999997.75692019,317391980.110947,30739146.3930716,-93558162324.4773,-61485308324.0603,0.00114927528553327,0.0999993786895462,0.0114928242614512,-0.738648558877879,-0.662624408487894
0.571,-0.000901714557077077,0.00284904595461621,0.231742045401397,-1.0587919396838,-32.3781421831493,308.921621051444,-1929.35273372228,-63543.5588756029,1219788.16442762,6999994.24915123,223833817.786464,-30746161.9308981,-118329305355.325,61499811300.8149,0.000901714557077077,0.0999996958992166,0.00901717299206447,-0.686202190586489,-0.732228622723477
0.572,-0.000686430616078554,0.00193441572880817,0.198610865210196,-0.780476200999906,-33.6652255860834,248.875497432832,-617.369211293987,-56548.6877388702,1384457.32953642,6999997.99287074,105504512.431135,30753649.3693078,-131785408545.81,-61512138351.314,0.000686430616078554,0.0999998597668235,0.00686431578683362,-0.631195464956439,-0.798649989739745
0.573,-0.000504696876603657,0.00126924433353533,0.164870995716158,-0.558707612350288,-33.5782731058935,195.829371293479,797.876139700366,-49543.5649443768,1424069.13769465,6999995.57306439,-26280896.1146774,-30758488.9819554,-137573375181.986,61524828641.6497,0.000504696876603657,0.0999999396137649,0.00504697181371283,-0.573852124452087,-0.861658360331968
0.574,-0.000356423111916108,0.000800485642490876,0.131926764054041,-0.386484126544328,-32.0784747706643,149.783241255967,2185.87593347401,-42548.6944777002,1329001.55398898,6999999.49840327,-163854271.296662,30766339.6590441,-136473635819.304,-199998356968.48,0.000356423111916108,0.0999999759772643,0.00356423197538711,-0.51440402239201,-0.92103485651189
0.575,-0.000240117452490797,0.000482093333621887,0.10115476296724,-0.256808950714216,-29.2610935069043,110.731340986527,3410.20474584478,-35566.6448689661,1096910.46478266,6930766.65957806,-300327907.115962,-169232017.297874,-125250461972.307,-199999408733.119,0.000240117452490797,0.0999999912858762,0.00240117473414931,-0.453090173751535,-0.976572706019368
0.576,-0.000152981840872952,0.000275009374027027,0.0737680328270986,-0.162714522429829,-25.3577069491029,78.5935408031118,4336.07618007408,-28753.8274528301,733957.326680548,6661534.93791362,-425578369.08826,-369231426.011199,-87175609535.91,-199999572924.927,0.000152981840872952,0.0999999971641291,0.00152981845211319,-0.390155832723206,-1.02807803148754
0.577,-9.11430681301725e-05,0.000147073527543832,0.0506822312933424,-0.0974046908850098,-20.7292141509336,53.1006089333928,4842.71505395451,-22310.2414900808,264791.152824333,6192303.72543995,-512753978.624154,-569230998.912352,37180185907.2082,-199999604284.488,9.11430681301725e-05,0.0999999991888914,0.000911430688694417,-0.325851601440718,-1.07537061794088
0.578,-5.00115130473586e-05,7.27537597007172e-05,0.0323974516135858,-0.0544525367469565,-15.838013342591,33.7833141567491,4857.32591511797,-16435.8865314826,-229372.732846217,5523072.92438536,-475573792.716924,-769230603.173605,128920586134.26,-199999548994.994,5.00115130473586e-05,0.0999999998015132,0.000500115131466248,-0.260432570194447,-1.11828469511385
0.579,-2.47368550064005e-05,3.26770064870978e-05,0.0189311312028612,-0.0280003716900178,-11.1692644015928,19.9724256731231,4411.653050269,-11330.7621668549,-640486.232496011,4653842.54671426,-346653206.582634,-969230152.150708,157332241418.175,-199999277213.531,2.47368550064005e-05,0.0999999999599585,0.000247368550163055,-0.19415748033318,-1.15666973955918
0.58,-1.06844376467778e-05,1.29599435544416e-05,0.00984781283895923,-0.0129597379768231,-7.12907449194237,10.7987131184707,3624.06225471803,-7194.86790909034,-908473.318369558,3584612.7559568,-189320965.164422,-1169229429.35679,168039428656.113,169230425023.033,1.06844376467778e-05,0.0999999999937015,0.000106844376474508,-0.12728788300751,-1.1903912934776
0.581,-3.83634898429663e-06,4.34026868438737e-06,0.00437286920921521,-0.00520833104410044,-3.98380074774156,5.20833128428331,2648.93502520895,-4166.66479698046,-1013774.56920592,2499998.53911156,-21281536.5082632,-999999004.34213,170806656898.542,199999492760.509,3.83634898429663e-06,0.0999999999992936,3.83634898432373e-05,-0.0600872592694496,-1.21933179679744
0.582,-1.05607166455073e-06,1.13777107796995e-06,0.00154511020351778,-0.00170666574958832,-1.83818298584837,2.13333256912865,1652.98746389865,-2133.33251125256,-949652.777264915,1599999.28114971,149525120.390332,-799999511.611524,164024258967.112,199999781937.227,1.05607166455073e-06,0.0999999999999515,1.05607166455124e-05,0.00717991900413178,-1.24339141764503
0.583,-1.92650019632808e-07,2.02494816534628e-07,0.000382742568414221,-0.000404999589630511,-0.628266713058813,0.67499977157923,805.43462332342,-899.999688925403,-718115.527391028,899999.660506838,313549379.357504,-599999729.731739,55955902636.2584,199999873383.939,1.92650019632808e-07,0.0999999999999985,1.92650019632811e-06,0.0742491929931474,-1.26248881592245
0.584,-1.7032520889416e-08,1.77738007861572e-08,5.10381019236869e-05,-5.33330950261489e-05,-0.127300127593267,0.133333286846777,253.419769383853,-266.666581060442,-376588.196715394,399999.867467114,369505281.993829,-399999856.439113,-177669726275.13,199999916464.682,1.7032520889416e-08,0.1,1.7032520889416e-07,0.140857184394242,-1.27656177103081
0.585,-2.66546967079469e-10,2.74896213942991e-10,1.59863138840019e-06,-1.66650196603779e-06,-0.00799314816117806,0.00833332749103001,31.9725926195153,-33.3333224091065,-95917.7778591305,99999.9692603958,191835555.71877,-199999940.106281,-191835555718.988,199999940754.233,2.6654696708336e-10,0.1,2.6654696708336e-09,0.206742718275026,-1.28556765500365
0.586,-7.16877724688849e-14,-1.84828957298339e-12,1.18355130246973e-12,1.08134627573459e-10,-4.40937368409487e-12,-1.89475562024889e-09,-6.47539476520077e-11,2.49837383565923e-07,1.45116727922439e-07,-0.000468705927395961,-0.000145123251815483,0.468562253994231,7.3271522377027e-08,-0.000206208319925206,1.84967929174781e-12,0.1,1.84967929174781e-11,0.271647970556748,-1.28948374841182
0.587,-3.5253215904762e-14,-8.70538231455416e-13,5.8956384556579e-13,5.30858228608645e-11,-2.21287823668426e-12,-9.00588749986943e-10,3.9005832873051e-12,7.70627439951204e-09,-3.2436286413791e-12,-7.18882529449801e-08,-7.25615892719803e-05,0.234281023892875,7.3271522377027e-08,-0.000206208319925206,8.71251744134352e-13,0.1,8.71251744134352e-12,0.335319578499277,-1.28830739828198
