time,x,y,vx,vy,ax,ay,jx,jy,snapx,snapy,cracklex,crackley,POPx,POPy,contour_error,allowed_error,error_utilisation,modal_x,modal_y
0,0,0,-1.24274607084581e-24,0,0,0,7.29297584146428e-18,0,0,0,0,0,0,0,0,0.1,0,3.28352170851595e-25,-1.22556683686212e-26
0.001,-2.72500972684258e-29,0,-9.96800630802174e-25,8.67605476484258e-26,-9.97077694701127e-21,0,7.76195103498388e-18,0,-2.71426781118905e-15,0,1.64135143080031e-12,0,199999953425.198,-198265965834.488,2.72500972684258e-29,0.1,2.72500972684258e-28,3.27613402597066e-25,-1.22315112929464e-26
0.002,2.77777713090553e-10,-2.75369396992345e-10,1.66666627854332e-06,-1.65221638195407e-06,0.00833333139271658,-0.00826108190977033,33.3333255708663,-33.0443276390813,99999.9767125988,-99132.9829172439,199999953.425198,-198265965.834488,199999934161.778,-195442768045.205,2.75369396992345e-10,0.1,2.75369396992345e-09,1.09615158687642e-10,-1.08664801841738e-10
0.003,1.77777736110406e-08,-1.76197202994694e-08,5.33333207528576e-05,-5.28473975742861e-05,0.133333301480823,-0.132059677315105,266.66660135636,-263.88408814777,399999.897218685,-395120.332774334,399999887.586976,-393708733.879693,199999899995.762,-40292425369.8918,1.76197202994694e-08,0.1,1.76197202994694e-07,7.01137057340521e-09,-6.94903509514602e-09
0.004,2.02499951083256e-07,-2.00277852905767e-07,0.000404999900264397,-0.000399442808548735,0.674999828544179,-0.660800905220403,899.999759034494,-862.574192090266,899999.734803542,-808975.279338973,599999787.582737,-434001159.249585,199999827472.56,191152050812.491,2.00277852905767e-07,0.0999999999999985,2.0027785290577e-06,7.98071311603302e-08,-7.8931202192135e-08
0.005,1.13777749017699e-06,-1.11094197008649e-06,0.00170666622050463,-0.00164285047091606,2.13333274572226,-1.9922315947379,2133.33269220817,-1856.69137591862,1599999.43612256,-1147400.41318231,799999615.055297,-242849108.437094,199999598137.167,193534836536.205,1.11094197008649e-06,0.0999999999999515,1.11094197008703e-05,4.48027104593553e-07,-4.37450255329415e-07
0.006,4.34027661609431e-06,-4.1089200957601e-06,0.00520833186562985,-0.0047631670783574,5.20833174175663,-4.45503407713151,4166.66520221457,-3093.26053723011,2499998.85024644,-1293482.1033513,999999213.192464,-49314271.9008887,169230495343.084,193382644663.059,4.1089200957601e-06,0.0999999999992936,4.10892009578913e-05,1.70739317477731e-06,-1.61624033363573e-06
0.007,1.29599535408631e-05,-1.16691850884539e-05,0.0129597395715457,-0.0109808550139529,10.7987141752658,-8.1951971011598,7194.86874161442,-4379.16933575468,3584613.31111045,-1246105.05292066,1169229708.53555,144068372.76217,-199999427214.202,191796226962.031,1.16691850884539e-05,0.0999999999937015,0.000116691850891889,5.09246230422333e-06,-4.5842304531436e-06
0.008,3.26770196821959e-05,-2.75279542993959e-05,0.0280003749120993,-0.0215657198077203,19.9724278810574,-13.1654160584577,11330.7636691236,-5521.27416446725,4653843.30603889,-1006138.56667748,969230281.321346,335864599.724202,-199999642752.743,187721326572.074,2.75279542993959e-05,0.0999999999599584,0.000275279543104186,1.28237192319607e-05,-1.07979986396363e-05
0.009,7.27537784258256e-05,-5.66354573416388e-05,0.0544525431100905,-0.0376439040068146,33.7833182649727,-19.1259603510358,16435.8888420311,-6328.19354352061,5523073.76598387,-576413.303667237,769230638.568603,523585926.296276,-199999686603.328,174885733216.34,5.66354573416388e-05,0.0999999998015131,0.000566354574540528,2.85109468604801e-05,-2.21761737093818e-05
0.01,0.000147073556026969,-0.000104916451555974,0.0974047027029614,-0.0600067565521828,53.1006157761487,-25.64780931979,22310.2446461987,-6613.66626183699,6192304.5612508,34615.4892372091,569230951.965275,698471659.512615,-199999661738.975,9130821501.79713,0.000104916451555974,0.0999999991888911,0.0010491645240696,5.75450033462946e-05,-4.09963023215327e-05
0.011,0.000275009419229715,-0.000178842114887447,0.162714542854902,-0.0889264506786929,78.5935512090611,-32.1273754428604,28753.8314064756,-6228.29313925984,6661535.68234659,737652.559500723,369231290.2263,707602481.014412,-199999531537.962,-166368142712.777,0.000178842114887447,0.0999999971641282,0.0017884211995918,0.000107414499151814,-6.97162135274394e-05
0.012,0.000482093406060616,-0.000284833901000324,0.256808983688589,-0.124016933562413,110.731355691267,-37.8758405614805,35566.649478679,-5164.56736303737,6930767.20680391,1362070.96915875,169231758.688337,541234338.301635,-199998697466.292,-178893467016.65,0.000284833901000324,0.0999999912858736,0.00284833925821112,0.000187934781109608,-0.000110728891687611
0.013,0.000800485756963589,-0.000428588501290598,0.386484176654462,-0.164226985325349,149.783260787402,-42.2766206113472,42548.6994485827,-3561.69480256392,6999999.6167591,1813858.57395206,-30766938.7779544,362340871.284985,61527651013.3936,-181985972712.004,0.000428588501290598,0.0999999759772574,0.00428588604249335,0.000311388339049619,-0.000166087135404988
0.014,0.00126924450963446,-0.000614469068532501,0.558707684543591,-0.207968562589121,195.82939587336,-44.8785787305839,49543.5702044551,-1596.99678842137,6999996.50348784,2085206.45888104,30760712.2354394,180354898.57298,-61517584407.6316,-181978742065.01,0.000614469068532501,0.0999999396137482,0.00614469439587564,0.000492576447290621,-0.000237256376957525
0.015,0.00193441599123463,-0.00084505495280663,0.7804763006529,-0.253292107006179,248.875527882248,-45.4104955873886,56548.694133326,548.057329401993,6999998.42351947,2174571.98642151,-30756872.1721922,-1623843.49203007,61507804872.72,-179715649611.841,0.00084505495280663,0.0999998597667855,0.00845056137856016,0.000748790158843078,-0.000324932919574518
0.016,0.00284904633390543,-0.00112087062068927,1.05879207303443,-0.298067710555022,308.921657907175,-43.7829110574251,63543.5654215716,2691.86478580885,6999995.45378363,2083090.31812356,30750932.7005278,-181339493.103871,-61496299505.9309,-174446837445.403,0.00112087062068927,0.0999996958991357,0.0112087402927688,0.00109974043925066,-0.000428936289591247
0.017,0.00407318166745386,-0.00144029610066183,1.40065294838105,-0.340166517035714,375.967783865275,-40.086992979632,70548.6869584545,4655.21088447291,6999998.23673119,1814527.40629699,-30745366.8054032,-355786330.549274,61481646071.9,-163113052406.517,0.00144029610066183,0.0999993786893836,0.0144030504943001,0.00156747447489726,-0.000548176864860579
0.018,0.00567386811803362,-0.00179965783183001,1.81306097338845,-0.377639667044603,450.013907449548,-34.5906124909524,77543.5594527949,6264.65961676084,6999993.69296174,1377184.54954446,30736279.2664968,-518899382.955791,-61463907124.5788,-133859505862.189,0.00179965783183001,0.0999987950539915,0.0179967951699652,0.00217628290819465,-0.000680698275241181
0.019,0.0077251518088953,-0.0021934958225719,2.30301409465896,-0.408891155272423,531.060025465904,-27.7294213093229,84548.6773008692,7360.08455718371,6999998.01866595,791355.413657572,-30727627.858082,-652758888.817979,61439526276.0291,-21428321741.5453,0.0021934958225719,0.0999977678388747,0.0219354478602589,0.00295259846201276,-0.00082379260659942
0.02,0.0103080788583572,-0.00261499750401619,2.87751435678997,-0.432836018590593,619.106140485058,-20.0833450401859,91543.5514266521,7821.48913947537,6999990.15394588,127882.36396882,30711898.4179471,-674187210.559524,-61408580430.018,107476135679.084,0.00261499750401619,0.0999960290728878,0.0261510134778462,0.00392488637592487,-0.000974183980872452
0.021,0.0135106953808601,-0.00305657175412614,3.54355970593828,-0.449014500833022,714.152246947568,-12.3058010814994,98548.6627664019,7630.19058744427,6999997.76214882,-492566.778751163,-30696682.0120708,-566711074.88044,61356857174.484,139134957679.444,0.00305657175412614,0.0999931856194789,0.0305678005475076,0.00512352710569906,-0.00112826915958162
0.022,0.0174280474833855,-0.00351049251003374,4.30815218284146,-0.457609754587397,816.198349017092,-5.01054843934084,105543.538330407,6877.45743086613,6999979.50872399,-989710.374791881,30660175.1624131,-427576117.200996,-61284452013.5409,148751079576.164,0.00351049251003374,0.0999886760377851,0.0351089008190003,0.00658069176805111,-0.0012823862542052
0.023,0.0221621812666542,-0.00396950589040354,5.17828973107874,-0.459363102119657,925.24443361222,1.30698907957819,112548.633851377,5698.75084406978,6999997.45787963,-1342910.9522048,-30624276.8511277,-278825037.624833,29715166817.8541,150369393830.752,0.00396950589040354,0.0999817174798995,0.0397023174882106,0.00833021084023896,-0.00143306860206138
0.024,0.0278221427728105,-0.00442732377549467,6.16097411947449,-0.455440920741697,1041.28920027835,6.29407899935105,119538.271698634,4241.48893869103,6984230.76443743,-1546551.29291425,-909110.033273598,-128455643.794081,33353457828.5862,146756050176.909,0.00442732377549467,0.0999712415180744,0.044285973728697,0.0104074366292507,-0.00157725247816522
0.025,0.0345239755860707,-0.00487897604818663,7.26319673412879,-0.447287985173226,1164.32082556827,9.7469978530433,126527.606817693,2655.16916557588,6999998.38331845,-1601628.91161988,32444347.7953126,18300406.3828288,-199992215946.812,137530024168.881,0.00487897604818663,0.0999558179328066,0.0488113263348656,0.0128490991604821,-0.00171242698648463
0.026,0.0423907123266552,-0.00532101439725975,8.49194771474915,-0.436478432288864,1294.34550595992,11.6101330482134,133510.495338918,1085.61212784223,6932446.62314035,-1514563.49315261,-167547868.151499,155830430.55171,-199997549806.453,119897339834.074,0.00532101439725975,0.0999335657183658,0.0532455172494846,0.015693154593222,-0.00183672288773926
0.027,0.0515523717215435,-0.00575156846937108,9.85419522834163,-0.424570428346484,1431.28596673448,11.9694308903977,140325.835103015,-331.053260062175,6664899.98008562,-1298784.39268386,-367545417.957952,275727770.385784,-199998226739.872,87508400701.0621,0.00575156846937108,0.0999020508364657,0.0575720760606415,0.0189786313785774,-0.00194894047736594
0.028,0.0621458719359482,-0.0061702610545612,11.3567379482467,-0.412970770257792,1574.87466099843,11.0385862457538,146773.629336331,-1477.38903410297,6197355.44875774,-979302.421947547,-567543644.697824,363236171.086846,-199998377859.236,32701208103.3074,0.0061702610545612,0.0998581710745007,0.0617902469889799,0.022745439559574,-0.00204851919216647
0.029,0.0743147627020879,-0.00657799649508295,13.006007002183,-0.402818688248885,1724.64404418594,9.1334479128625,152653.879899763,-2269.62316915654,5529812.61513029,-599715.646809047,-767542022.55706,395937379.190153,-199998292503.264,-28841964780.9559,0.00657799649508295,0.0997980295635153,0.0659130899062136,0.0270341056490813,-0.00213545480552514
0.03,0.0882087577745806,-0.00697664845863567,14.8078659741847,-0.394903747487309,1879.92657346066,6.62875473496725,157766.588454865,-2676.17712050067,4662271.4463216,-218199.250009372,-967540315.060325,367095414.409197,-199997961866.035,-66863927746.3757,0.00697664845863567,0.0997167997316298,0.0699646245909625,0.0318854270402552,-0.00221017497414929
0.031,0.103983067387604,-0.00736868998364911,16.7674109062843,-0.389634709411391,2039.85470767109,3.90187456154067,161911.756750012,-2721.97265126317,3594732.15032826,115464.200526637,-1167538276.92636,300231486.662821,-199997141319.64,-84247248903.7908,0.00736868998364911,0.0996085859968755,0.0739764540366053,0.0373400473856915,-0.00227339064523387
0.032,0.121797530713762,-0.00775682022196093,18.8887703002844,-0.387062769557191,2203.36090756923,1.28416228961362,164889.38690499,-2470.43391555576,2327195.30274208,373572.062737563,-1367535418.246,215984237.75903,-199994465832.517,-89606802556.2265,0.00775682022196093,0.099466286335912,0.0779844157020705,0.0434379548173233,-0.00232594542271609
0.033,0.141815548324888,-0.00814363540844187,21.174905119927,-0.386943309595014,2369.17763645314,-0.967221838386689,166499.482087637,-2003.80420103138,859662.651579817,544752.899218481,-1567529884.07852,126377435.202804,-17857574216.1036,-86882944111.1016,0.00814363540844187,0.099281464942456,0.08202573776648,0.0502179051786431,-0.00236868222424437
0.034,0.164202814908449,-0.00853137266581092,23.6274103119742,-0.388817099682114,2535.84495082029,-2.68120680661299,166572.403534808,-1410.34307489668,-716796.019606751,627688.862365734,-1585387458.29462,39494491.0917023,199994334998.061,-77386549389.7412,0.00853137266581092,0.0990442454462997,0.0861369848128784,0.0577167728309597,-0.00240233898568019
0.035,0.189125866962796,-0.00892173905073345,26.2463576073674,-0.392097862499897,2701.80305819954,-3.77434747470276,165096.246175221,-775.804725216721,-2202186.31040234,628490.078762565,-1385393123.29656,-37892058.298039,199997005037.207,-61462287950.6429,0.00892173905073345,0.0987432373200342,0.0903529121879752,0.065968837581347,-0.00242747864024318
0.036,0.21675053911536,-0.00931582760180306,29.030285699531,-0.396157455012243,2865.57564557422,-4.24478343225249,162234.696137343,-176.504390261616,-3487580.93118029,559866.876489205,-1185396118.25935,-99354346.248682,199997815362.501,-39917174009.6587,0.00931582760180306,0.0983655090535687,0.0947062409520981,0.0750050476230552,-0.00244445425551504
0.037,0.247240496837303,-0.00971411442153669,31.9763497048289,-0.400401651901089,3025.87731846857,-4.15957665756135,158187.75011626,327.032450768305,-4572978.1417584,440553.943235693,-985398302.896849,-139271520.258341,199998128852.575,-15563481859.9604,0.00971411442153669,0.0978966211682248,0.099228291085185,0.0848523275830602,-0.0024534070246068
0.038,0.280755951351752,-0.0101165241821557,35.0805193437205,-0.404330219351753,3181.62267971884,-3.63612763362909,153155.405844529,695.356720231501,-5458377.38022896,293500.682047372,-785400174.044274,-154835002.118301,199998185379.932,6792589344.20918,0.0101165241821557,0.0973207320945013,0.103950350191903,0.0955329759821268,-0.00245429206598983
0.039,0.317452574236689,-0.0105225456242001,38.3377789384425,-0.407576146698435,3331.92633010197,-2.81954338150427,147337.661408174,912.571999443758,-6143778.46158327,142061.974601176,-585401988.664342,-148042412.774092,199997982126.785,23295387141.4648,0.0105225456242001,0.0966207904176089,0.108905604877792,0.107064161153001,-0.00244692459535892
0.04,0.35748061202574,-0.0109313747293391,41.7423274110719,-0.40992170139009,3476.1028685305,-1.85964348909138,140934.51494928,984.495332181466,-6629181.45918421,5667.25539781653,-385404006.537557,-124747025.632627,199997195585.587,33002145514.8474,0.0109313747293391,0.0957788267142799,0.114131432847353,0.119457517475927,-0.00243103743914355
0.041,0.400984200807082,-0.011342062927505,45.2877782816436,-0.41129307544538,3613.66689196558,-0.891730610753326,134145.964352758,933.289432348776,-6914586.86792898,-102578.697477387,-185406810.95197,-91744880.1177795,199991909176.632,36652144785.8785,0.011342062927505,0.0947763573978943,0.11967185951121,0.13271884327124,-0.00240634071097242
0.042,0.448100880820357,-0.0117536513077643,48.9673596659563,-0.411738775058337,3744.33299474543,-0.0234941677967949,127172.006064216,790.946985610146,-6999997.72429263,-175997.505202227,14585098.2246621,-55092735.3319009,-29132597692.0014,35331647359.2729,0.0117536513077643,0.0935949118631925,0.125580024317397,0.146847901284596,-0.00237257590981482
0.043,0.498961310732539,-0.0121652777486727,52.7741123623872,-0.411398129751106,3868.00621893896,0.671744094630224,120174.445456087,593.291720635181,-6999978.92491397,-213424.416854491,-14547499.4673394,-19761087.972628,29062894623.3018,30127763013.4337,0.0121652777486727,0.092216692892726,0.131920559793056,0.161838322167824,-0.00232955908382329
0.044,0.553689163531986,-0.0125762501399387,56.7010387769451,-0.410465882846275,3984.67946130329,1.15628541563495,113172.03659721,375.008053629948,-6999994.97706966,-218121.623320403,14515395.1559624,10366675.0408057,-29009321108.0302,22198949619.0093,0.0125762501399387,0.0906253794132095,0.138771834351136,0.17767760395405,-0.00227721022629295
0.045,0.612401112459896,-0.0129860843499151,60.7411379537812,-0.409157830071671,4094.35271092278,1.42488539301229,106174.464430867,165.76959276645,-6999984.24246771,-196655.473470092,-14493925.9520678,32565624.659815,28965680333.3529,12885454365.0991,0.0129860843499151,0.0888070819828748,0.146228026638903,0.194347171185791,-0.00221556829249919
0.046,0.675206830766647,-0.0133945100137262,64.8874108703461,-0.407681371514707,4197.02597448143,1.49829174708554,99172.0608388117,-12.4554926462187,-6999995.3282531,-157647.121627728,14471754.3812852,45451079.0249141,-28926846350.3436,3655851746.43799,0.0133945100137262,0.0867514610062327,0.154400973290396,0.211822463281343,-0.00214479302659179
0.047,0.74220899171499,-0.0138014505000763,69.1328565712916,-0.406213657773825,4292.69924432992,1.41474020061904,92174.4802466909,-146.767766137083,-6999986.99704698,-110368.116729595,-14455091.9690584,49106930.7713521,28893010407.2716,-4151294577.85522,0.0138014505000763,0.0844530151628912,0.163421643069301,0.230073046366719,-0.00206515613074535
0.048,0.813503268575367,-0.0142069854442569,73.470476029725,-0.404888684614402,4381.37252577152,1.22079989397164,85172.0812053939,-233.274299910644,-6999995.5838124,-63336.83324717,14437918.4382132,44955636.1934968,-28861906312.489,-9617905435.46822,0.0142069854442569,0.081912545571352,0.173440897791189,0.249062747974636,-0.00197702514424316
0.049,0.889178334628593,-0.014611304885737,77.8932682912326,-0.403793285006964,4463.04581292532,0.962949037409854,78174.4942630819,-275.73629930031,-6999988.61853043,-23190.1497714073,-14423987.8742758,35337730.7580286,28833675480.255,-12356474585.6227,0.014611304885737,0.0791387993289037,0.184628842105778,0.268749814026697,-0.00188084367688001
0.05,0.969315863162319,-0.015014663341212,82.3942343258009,-0.40297069970934,4537.7191102843,0.680992431909111,71172.0992631943,-283.316996123641,-6999995.76866458,5969.34369380997,14409687.6059792,22981256.1724059,-28807094315.7633,-12430660781.656,0.015014663341212,0.0761502940112436,0.197171442818003,0.289087087420261,-0.00177711136731873
0.051,1.05399052747339,-0.0154173403412365,86.9663731800999,-0.402429516921376,4605.39241298217,0.403972372795207,64174.5071559468,-267.92880114057,-6999989.62821648,22735.2694753879,-14397406.7097841,10550595.3907499,28782272724.1195,-10228167860.526,0.0154173403412365,0.0729773224841089,0.211262071783925,0.310022207465077,-0.00166636621901616
0.052,1.14327000086493,-0.0158196115057529,91.6026858216823,-0.402155365364163,4666.06572501759,0.1487434652966,57172.1158698294,-241.622928613228,-6999995.89856421,28171.7809358748,14384866.0143354,322427.530223947,-28758451720.3511,-6371209872.86755,0.0158196115057529,0.0696641349930282,0.227084015431127,0.331497829328422,-0.00154917098347901
0.053,1.23721495664854,-0.0162217316022103,96.2961712983673,-0.402122777725286,4719.73904214698,-0.0790053020050231,50174.5193289856,-214.351802224386,-6999990.25841005,25308.603529665,-14373585.7060157,-6048782.3426436,28735720845.8942,-1649739888.80815,0.0162217316022103,0.0662712929702127,0.244777653719561,0.353451862576044,-0.00142610420319295
0.054,1.33587906814174,-0.0166239286060596,101.039830575701,-0.402305006608245,4766.41236807085,-0.281779672017051,43172.1315645302,-192.342546514178,-6999995.98369311,18434.9512426173,14362135.1398785,-7698522.23145175,-28713552330.3708,3060745827.42461,0.0166239286060596,0.0628781863518165,0.26438308053361,0.3758177278185,-0.00129775555129466
0.055,1.43930900867004,-0.0170264058513753,105.826662702699,-0.402680180327189,4806.08569893471,-0.466060298872353,36174.531056352,-177.246732082716,-6999990.62471842,12266.8019248778,-14351417.1904924,-4637776.40402714,28692022580.4167,6905715081.90637,0.0170264058513753,0.0595857034519328,0.285746493957403,0.398524630407886,-0.00116472432755236
0.056,1.54754445156469,-0.0174293481209141,110.649668643182,-0.403232955218173,4838.75903827678,-0.637658854598222,29172.1467268017,-166.1478658462,-6999996.0306187,11081.8830618039,14340605.3899243,2267938.67787924,-28670723141.4102,9160167191.43683,0.0174293481209141,0.056519039616619,0.308380118259991,0.421497850061478,-0.00102761947256533
0.057,1.66061807016465,-0.0178329271035035,115.50184744742,-0.403951670193013,4864.4323824757,-0.797506115500897,22174.5425450211,-152.405318913551,-6999990.78679948,17929.9053354015,-14330117.7514859,11428105.8693161,28649722295.7239,9314063262.83557,0.0178329271035035,0.0538306280026822,0.331278451787984,0.444659045232486,-0.000887059294185447
0.058,1.77855553781449,-0.0182373020723909,120.376200077697,-0.404821836862143,4883.10573501279,-0.938653711465909,15172.1616530618,-127.209016766352,-6999996.04340311,34015.0428361354,14319604.544238,20742169.1321516,-28628668027.4078,7133775089.13555,0.0182373020723909,0.0517031729187982,0.352730810177419,0.46792657098952,-0.000743669273707463
0.059,1.90137552786637,-0.0186426128375587,125.265725585607,-0.405817502203013,4894.77909238374,-1.04510093799679,8174.55396725958,-81.6339268492848,-6999990.77287257,58324.0995128548,-14309063.4831699,27875944.2212872,28607624239.7931,2717133693.92778,0.0186426128375587,0.0503527632540805,0.370240114598834,0.491215809119538,-0.000598076803842551
0.06,2.02908971367804,-0.019048963829641,130.163424932031,-0.406892515280726,4899.452458105,-1.09281361048218,1172.17660001872,-8.91899961013179,-6999996.02423584,87558.6105811058,14298560.7566232,30593077.915215,-28586252675.3022,-3461031986.04999,0.019048963829641,0.05,0.380979276592821,0.514439509120864,-0.00045090243681523
0.061,2.16170276861484,-0.0194564003398162,135.062297169987,-0.407973949419603,4897.12582869249,-1.05299866814865,-5825.4345192847,93.3593112642399,-6999990.58981687,116421.172503296,-14287691.9186789,27132045.929165,28564615920.0653,-10559862919.6201,0.0194564003398162,0.05,0.389128006796323,0.537508138716468,-0.000302748089792396
0.062,2.29921236604775,-0.0198648801663685,139.955343259039,-0.408959822400313,4887.79920778865,-0.897346757266214,-12827.8081857409,221.586529578848,-6999995.97377552,138273.286972651,14276924.0013863,16572183.0095449,-28542352516.5549,-17484740728.387,0.0198648801663685,0.05,0.397297603327371,0.560330242480451,-0.000154183543236875
0.063,2.44160917935549,-0.0202742458558551,144.835562253758,-0.409722785543508,4871.47259183866,-0.604590084563132,-19825.4227562685,365.23178460154,-6999990.22603241,146103.099618002,-14265428.5151685,-912557.718842142,28519526510.0952,-23068026664.2935,0.0202742458558551,0.05,0.405484917117102,0.582812807145422,-5.73333469237693e-06
0.064,2.58887688192251,-0.0206842040164912,149.695955112451,-0.410120639475962,4848.14598471156,-0.16742001088341,-26827.7924421401,507.033934249406,-6999995.89129253,133656.528567013,14254097.9949267,-23980584.3831357,-28495711388.5117,-26219721321.643,0.0206842040164912,0.05,0.413684080329824,0.604861632132434,0.00014213334805939
0.065,2.74099214714129,-0.0210943185275494,154.529520891416,-0.410013484120319,4817.81938268547,0.401352935197245,-33825.4105696666,624.330217071244,-6999989.64899186,96566.0835230559,-14241613.393585,-50200305.7047787,28470975466.2486,-25986168596.4396,0.0210943185275494,0.05,0.421886370550987,0.626381703831651,0.000289007052526212
0.066,2.89792464841025,-0.0215040237110069,159.329260547733,-0.409286179960142,4780.49278997972,1.0645167193877,-40827.7758627775,691.465119642504,-6999995.77465232,33372.6935200574,14229362.0726636,-76186474.3012183,-28444767525.4494,-21557662698.6607,0.0215040237110069,0.05,0.430080474220138,0.647277572147222,0.000434534331849003
0.067,3.05963705913624,-0.0219126616627203,164.088173139669,-0.407873722648965,4736.16620259131,1.75907220412759,-47825.3977509811,683.151632228842,-6999988.79634238,-53592.6121304914,-14215405.4527858,-97744136.9998791,28417163305.2155,-12364026325.6522,0.0219126616627203,0.05,0.438253233254406,0.667453727818454,0.000578404280843274
0.068,3.22608505273239,-0.0223195450553941,168.799259623087,-0.405786182436672,4684.83962525639,2.39862167302764,-54827.7580561657,578.626280544136,-6999995.62014255,-157518.762293196,14201757.8524297,-110108163.325531,-28387386141.8754,1527487778.66757,0.0223195450553941,0.05,0.446390901107882,0.686814979025991,0.000720324898282732
0.069,3.39721730262086,-0.0227240429680091,173.455519058556,-0.403129075861495,4626.51305354204,2.88020085719503,-61825.3840284057,366.308017884618,-6999987.55536106,-266863.181729394,-14185628.2894457,-108580675.546864,28355523071.8853,18743483201.4662,0.0227240429680091,0.05,0.454480859360182,0.705266825802653,0.000859990358328437
0.07,3.57297548223054,-0.0231256828902113,178.04995240072,-0.400114566191434,4561.1864929447,3.09576148342387,-68827.7384773995,48.2784122487031,-6999995.42211456,-366072.115675524,14169894.7824396,-89837192.3453974,-28320377134.6231,36545295453.8803,0.0231256828902113,0.05,0.462513657804225,0.722715830776178,0.000997042043886742
0.071,3.75329426500026,-0.0235242574801497,182.575558712931,-0.397059116193384,4488.85993838966,2.94755369308782,-75825.3690149786,-356.621417023873,-6999985.71589943,-437636.660293982,-14150482.3521835,-53291896.891517,28282051769.2186,51986081447.1748,0.0235242574801497,0.05,0.470485149602994,0.739069984794517,0.00113102801339166
0.072,3.93810132437617,-0.0239199208631564,187.025338948608,-0.394364599930549,4409.53339652183,2.36539804982867,-82827.7162967592,-812.239678855751,-6999995.17236701,-464935.516461911,14131569.4170351,-1305815.44434221,-28238497004.6988,63020141246.4092,0.0239199208631564,0.05,0.478398417263129,0.754239066002318,0.00126136706112803
0.073,4.12731733381574,-0.0243132574330089,191.392292174614,-0.392482340214025,4323.20686129641,1.32309881605317,-89825.3521005852,-1267.32474616543,-6999982.85145232,-434731.261283049,-14106927.5876637,61714325.802067,28189839814.887,68445950662.3715,0.0243132574330089,0.05,0.486265148660178,0.768134990973181,0.00138732421703044
0.074,4.32085596678462,-0.0247053069490586,195.669419343178,-0.391862217168104,4229.88034119216,-0.148453925175842,-96827.6901091955,-1659.79118610372,-6999994.85913254,-338793.960149796,14082912.2272233,130160276.464438,-28132029628.3799,67098151719.5662,0.0247053069490586,0.05,0.494106138981172,0.780672156529669,0.00150800414163839
0.075,4.51862389676188,-0.0250975329636078,199.84971952586,-0.39289104985024,4129.55382863754,-1.95315295562207,-103825.332183819,-1922.3219827347,-6999977.9617195,-175084.607825574,-14049117.4011566,197258428.184005,28065227429.8193,56861151663.5929,0.0250975329636078,0.05,0.501950659272156,0.791767770931699,0.0016223675074774
0.076,4.72052079723618,-0.0254917265493309,203.926193673909,-0.395825851621095,4022.22733533777,-3.92777162291958,-110827.657166334,-1989.30051785768,-6999994.46540575,50604.3961902268,14016110.0286627,254119579.847598,-27979379665.1633,33871652102.5359,0.0254917265493309,0.05,0.509834530986618,0.801342173149326,0.00172927340930315
0.077,4.92643934171307,-0.0258898435636262,207.891840865763,-0.400728968857317,3907.90085114958,-5.8480053605366,-117825.30680667,-1805.99105639323,-6999968.04520967,321659.802089092,-13963269.6365006,287991231.950133,27874697474.2589,-5246442393.80182,0.0258898435636262,0.05,0.517796871272523,0.809319138997716,0.00182754826506834
0.078,5.13626520371029,-0.0262937817385412,211.739662052654,-0.407414403864724,3786.57439455443,-7.44538657899333,-124827.610703785,-1341.2100453947,-6999993.96610904,607027.812842325,13911427.8377582,282744789.556332,-27711245599.653,-51933833278.6226,0.0262937817385412,0.05,0.525875634770823,0.815626172953128,0.00191607839002857
0.079,5.34987705676947,-0.0267051147938012,215.462656324912,-0.415417875913321,3658.24795080366,-8.43812249609409,-131825.267496909,-601.465476653981,-6999938.16107111,863805.685759345,-13799817.7618947,230810956.277709,27489311316.3299,-89242772022.0143,0.0267051147938012,0.05,0.534102295876024,0.820194784545231,0.00199391904005823
0.08,5.56714657445096,-0.0271248141838287,219.053824639692,-0.424003890100037,3522.92155964456,-8.5729350859897,-138827.524014975,362.871891907217,-6999993.32317484,1049995.25602605,13689493.5544352,141568184.255695,-6190479787.33123,-113052499083.033,0.0271248141838287,0.05,0.542496283676575,0.822960748263513,0.00206040738639049
0.081,5.78793843038889,-0.0275529992903033,222.506166290583,-0.432215433460551,3380.5960626136,-7.66618138948864,-145821.704338004,1464.80915688061,-6989399.06951407,1135037.19074022,7499013.76710392,28515685.1726617,-36184843991.017,-126767816436.076,0.0275529992903033,0.05,0.551059985806066,0.823864346023555,0.0021152628799901
0.082,6.01211029988067,-0.0279887563248185,225.812686612102,-0.438959905651397,3231.27940087464,-5.63438301539398,-152813.384707966,2592.97622080115,-6999992.47774247,1100168.96769485,-28685830.2239131,-98252131.2634144,57378444838.3582,-133269693313.349,0.0279887563248185,0.05,0.559775126496371,0.822850591864196,0.00215865877159401
0.083,6.23951286547005,-0.0284300564227651,228.96639193812,-0.443119643481355,3074.96362972463,-2.51325056984403,-159818.157026681,3621.80750731207,-6999989.08554721,935281.989774759,28692614.6144452,-231521824.576764,199981470218.031,-133410200306.317,0.0284300564227651,0.05,0.568601128455301,0.819869439001385,0.00219125256449101
0.084,6.46998981171417,-0.0288737922015044,231.960282686522,-0.443676868460274,2911.65859281887,1.53205220324653,-166770.469559884,4419.09355141406,-6871305.73582374,637055.065044837,228674084.832476,-364932024.883081,199990449950.1,-125154345448.642,0.0288737922015044,0.05,0.577475844030087,0.814875962630932,0.00221416778726453
0.085,6.70337784449782,-0.0293159431992357,234.787422021612,-0.439845342091061,2741.49891567396,6.20363651864213,-173494.106511634,4852.82354644258,-6542636.42601622,209545.867437435,428664534.782577,-490086370.331723,199991346745.954,-98430767184.1759,0.0293159431992357,0.05,0.586318863984715,0.807830531766036,0.00222892317544187
0.086,6.93950683153297,-0.0297518734088277,237.441102972243,-0.431201610009782,2564.81326801123,11.0754506551155,-179789.078779134,4800.92110085012,-6013976.21786066,-329755.886486376,628655881.528531,-588517137.515899,199989535414.03,-10376218308.5948,0.0297518734088277,0.05,0.595037468176555,0.798699007551722,0.00223730840685099
0.087,7.17820013122697,-0.0301767557985427,239.915047232069,-0.417805266134538,2382.13031000073,15.6129752807069,-185455.395466995,4175.1772758877,-5285325.56862511,-923461.133156572,828645416.942561,-598893355.824493,199981453909.377,108103318890.377,0.0301767557985427,0.05,0.603535115970853,0.78745299368298,0.00224120902893361
0.088,7.4192751213427,-0.0305861020323392,242.203605150146,-0.400282665433582,2194.17869187949,19.231110735666,-190293.068084831,2970.28668463394,-4356689.42472786,-1468302.82953588,1028626870.85194,-490790036.934117,137428159338.445,150351608152.04,0.0305861020323392,0.05,0.611722040646784,0.774070142309371,0.00224238998552747
0.089,7.66254392756147,-0.030976339155004,244.301955197767,-0.379830325148659,2001.88444306741,21.3917123163827,-194112.539380909,1281.64743798968,-3259348.4742067,-1883917.06239397,1166055030.19038,-340438428.782077,-199982350412.084,167082925010.053,0.030976339155004,0.05,0.619526783100081,0.758534514124679,0.00224226165774203
0.09,7.90781434652406,-0.0313453411175597,246.206287065504,-0.358124567867172,1806.3282393565,21.6816232735871,-196822.190731756,-744.641684626988,-2193284.61922236,-2140814.02867102,966072679.778299,-173355503.772024,-199990607153.599,175201634298.365,0.0313453411175597,0.05,0.626906822351195,0.740836988946578,0.00224166569744705
0.091,8.15489091039677,-0.0316928393826157,247.913877248498,-0.337177830906381,1608.56208548646,19.8449820587584,-198565.770778948,-2942.93319280096,-1327207.24302086,-2226568.71529386,766082072.6247,1846130.52634104,-199992838711.536,179409300853.411,0.0316928393826157,0.05,0.633856787652314,0.720975704161143,0.0022407113058032
0.092,8.40357592519883,-0.0320206777204906,249.422965500868,-0.319173838230293,1409.45205839649,15.7965475842671,-199543.269125442,-5138.67729268942,-661121.589751928,-2135017.93434082,566089233.913164,181255431.379752,-199993165172.672,181315428777.521,0.0320206777204906,0.05,0.640413554409812,0.698956453101472,0.00223867622494985
0.093,8.65367033641028,-0.0323328969279359,250.732557658212,-0.306293402343214,1209.66424363328,9.62812537250293,-199954.678292433,-7152.84827321078,-195028.938425099,-1863104.7885723,366096068.740492,362570860.157274,-199991417157.79,181327962956.332,0.0323328969279359,0.05,0.646657938558718,0.674792984165992,0.00223397829370908
0.094,8.90497439505743,-0.0326356427650697,251.842225645283,-0.300535600386547,1009.66473390738,1.61170851348872,-199999.991099347,-8804.44630454506,71071.4217364978,-1409869.94693686,166104651.582702,543898823.113606,-199981988564.697,178796865883.549,0.0326356427650697,0.05,0.652712855301394,0.648507189186698,0.00222422014452795
0.095,9.15728812380557,-0.0329368938826789,252.751907483388,-0.303536940924975,809.719630044636,-7.79957309126068,-199879.197683247,-9912.56736227786,137185.079036851,-776572.690881482,-33877336.9819956,722695688.997155,-199930568269.494,169896643343.111,0.0329368938826789,0.05,0.658737877653578,0.620129180397639,0.00220630795396435
0.096,9.41041158306042,-0.0332460088034737,253.461707301128,-0.316390698353452,609.895048237733,-17.9728984906738,-199792.273034079,-10299.4761014369,3342.45792010833,31071.3197872291,-233807905.251489,892592332.340267,199416293978.999,116749912376.239,0.0332460088034737,0.05,0.664920176069474,0.589697255980394,0.00217664396168513
0.097,9.66414493764134,-0.0335730936353623,253.971698689731,-0.339469992078429,410.073787460654,-28.1032089638114,-199872.598479789,-9802.65029675018,-130757.300341882,982038.608315615,-34391611.2724907,1009342244.71651,199677298414.188,-163357939135.335,0.0335730936353623,0.05,0.671461872707246,0.557257754824328,0.0021313911522488
0.098,9.91828835566756,-0.0339281999043974,254.281814616062,-0.372270158478526,210.138398282916,-37.2534228297483,-199987.272036031,-8343.16688926553,-65310.2624072783,1909701.88346445,165285687.141697,845984305.58117,-179980267147.107,-185081154497.257,0.0339281999043974,0.05,0.678563998087948,0.522864813831608,0.00206680517366692
0.099,10.1726419066769,-0.0343204009383818,254.391953880351,-0.413343174102551,10.1385195524073,-44.5084531077888,-199999.936166059,-6041.31971209336,9985.29116086568,2663145.611797,-14694580.0054096,660903151.083913,-15869194445.4392,-191141791943.533,0.0343204009383818,0.05,0.686408018767636,0.486580094810843,0.00197961291958031
0.1,10.4270055967659,-0.0347568890192049,254.302093351518,-0.460402484681392,-189.859534281174,-49.116013730134,-199999.943030641,-3079.57949007833,-12643.8860672635,3228477.86690914,-30563774.4508488,469761359.14038,198181569732.784,-193843181948.488,0.0347568890192049,0.05,0.695137780384098,0.448472536402565,0.00186738010314517
0.101,10.6811794265202,-0.0352422246086372,254.01223211643,-0.510502250481966,-389.862635651852,-50.5111375261489,-199994.838542312,351.471859409583,55883.1243482797,3601317.63507528,167617795.281935,275918177.191891,-199478973431.041,-195283379339.61,0.0352422246086372,0.05,0.704844492172745,0.408618086913847,0.00172881465571324
0.102,10.9349633982939,-0.0357777717662464,253.522386697111,-0.560227563243342,-589.809907956669,-48.3211572938088,-199888.393015894,4058.20135319087,123761.432914694,3779594.12259736,-31861178.149106,80634797.8522809,-191399694395.387,-196110653186.696,0.0357777717662464,0.05,0.715555435324927,0.367099390236187,0.00156399147178042
0.103,11.1881575699302,-0.0363613256585752,252.832650297005,-0.605887961978989,-789.649705439731,-42.36789102356,-199812.46212112,7845.42776584992,-3799.59243210534,3762173.59385629,-223260872.544493,-115475855.334416,199938460668.915,-196580469733.888,0.0363613256585752,0.05,0.727226513171504,0.324005464469837,0.00137449548708223
0.104,11.4405620915564,-0.0369869344728658,251.943086090857,-0.643712559851868,-989.492946733297,-32.6688132895766,-199894.569073046,11517.1000204167,-127091.234642141,3548407.50365493,-23322411.8755783,-312056325.068304,199982568399.954,-196797897710.745,0.0369869344728658,0.05,0.739738689457316,0.27943134954395,0.00116348181919968
0.105,11.6919771102003,-0.0376449169461795,250.853625372469,-0.670046064209985,-1189.44661588529,-19.4377188172484,-199999.99108556,14876.679711919,-50422.3623177422,3137952.22973126,176660156.524376,-508854222.779049,199991537777.547,-196783899993.213,0.0376449169461795,0.05,0.752898338923591,0.233477679889087,0.000935652464596636
0.106,11.942202678582,-0.0383220761889328,249.56417938475,-0.681545293258102,-1389.43404181185,-3.08507135675999,-199928.751446652,17727.4075135952,226233.563095408,2530706.0569556,376651694.301923,-705638122.772262,199993229102.086,-196466515090.957,0.0383220761889328,0.05,0.766441523778655,0.186250237794908,0.000697149585782685
0.107,12.1910388323302,-0.0390021101570524,248.07483603324,-0.675375915324646,-1589.17856814336,15.7818967267222,-199480.859831556,19872.5500899829,702881.871948374,1726834.67663786,576644923.404009,-902104637.863219,199992892227.767,-195536557496.83,0.0390021101570524,0.05,0.780042203141049,0.137859553990275,0.000455365878997542
0.108,12.4382858666393,-0.0396662188700044,246.386059875638,-0.649409154938049,-1788.20354651453,36.3593660254844,-198456.323349201,21115.7430214396,1379523.24146627,726961.760026226,776637815.631776,-1097641195.36005,199990667904.223,-192365104294.556,0.0396662188700044,0.05,0.793324377400088,0.0884205691207661,0.000218672939695198
0.109,12.6837448129176,-0.0402939081755365,244.498892114487,-0.60241809520085,-1985.83233566256,57.6476345150316,-196655.149421934,21261.8233330701,2256156.39105015,-466861.987481101,976628483.536,-1290006299.6546,199982452688.342,-3644412234.20029,0.0402939081755365,0.05,0.805878163510731,0.0380523575222873,-3.93101913440403e-06
0.11,12.9272181154289,-0.0408639890239547,242.415150589553,-0.534271139983118,-2181.18830287285,78.4608739539089,-193877.348380335,20149.3507937226,3332776.10093033,-1758690.49325281,1176610936.22434,-1293650711.8888,-162293999783.462,193931613377.663,0.0408639890239547,0.05,0.817279780479093,-0.0131220857763761,-0.000203252095812297
0.111,13.168510507421,-0.0413557552916722,240.137626748179,-0.446080991730773,-2373.20992363001,97.5233515329144,-189983.315811256,17776.1568800884,4428240.03726294,-2955375.39845278,1014316936.44088,-1099719098.51114,-199981556773.494,197202681529.158,0.0413557552916722,0.05,0.827115105833445,-0.0649759943403973,-0.000370401691113962
0.112,13.4074300580063,-0.041750243945898,237.670203803342,-0.340206302597649,-2560.81839916476,113.646750975755,-185081.247565235,14303.7890459682,5342566.19531707,-3956493.15619934,814335379.667385,-902516416.981984,-199989590762.527,198256843135.976,0.041750243945898,0.05,0.83500487891796,-0.1173789268107,-0.000497327481054817
0.113,13.6437892348507,-0.0420314150076617,235.017767472155,-0.220103025335291,-2743.10097396868,125.830134742591,-179364.845278545,9929.08048846722,6056906.77960319,-4759881.15161334,614345788.904858,-704259573.846008,-199991391301.39,198755619668.593,0.0420314150076617,0.05,0.840628300153234,-0.170196871415157,-0.000577308136370982
0.114,13.8774058149079,-0.0421871520400393,232.186017491157,-0.0901293517258156,-2919.34330786724,133.270179543763,-173034.09750304,4850.19548654231,6571256.87285735,-5364762.91562505,414354397.603468,-505503954.177415,-199990498340.385,199033574270.655,0.0421871520400393,0.05,0.843743040800785,-0.223292424191936,-0.000605370809317766
0.115,14.1081035987064,-0.0422100654039644,229.181267942196,0.0446523943569759,-3089.03105080501,135.362035979058,-166288.995181104,-734.147143793007,6885616.02129063,-5770750.08266713,214363899.263083,-306470379.906759,-199981563790.817,199201286357.069,0.0422100654039644,0.05,0.844201308079287,-0.276525057567917,-0.000578622939667328
0.116,14.3357129247,-0.0420980970746466,226.010247261787,0.17867445549525,-3251.84984322409,131.699735450878,-159329.527470813,-6624.93220202068,6999989.1386583,-5977619.81939536,14382335.4722654,-107269093.54969,-28757914347.2368,199304815538.954,0.0420980970746466,0.05,0.841961941492933,-0.329751479382043,-0.000496496811520727
0.117,14.560070983865,-0.0418549265913823,222.679899679298,0.306062646203117,-3407.67817731609,122.076419524216,-152327.140150144,-12622.9690989344,6999992.51695695,-5985236.50517557,-14375578.8749714,92035721.9892639,-9084676928.18719,199365469952.084,0.0418549265913823,0.05,0.837098531827646,-0.382826080638344,-0.000360905947629138
0.118,14.7810219481329,-0.0414901779045938,219.197223922638,0.420835537961002,-3556.50809566577,106.484478354273,-145335.849535445,-18528.96016479,6981074.59961788,-5793518.04821026,-23460255.8031586,291401191.941348,84758035498.1416,199392558542.596,0.0414901779045938,0.05,0.829803558091876,-0.435601464642451,-0.000176312853004609
0.119,14.9984169861665,-0.0410194269787911,215.569211143444,0.517103753212497,-3698.35378635923,85.1156340539742,-138352.378724479,-24143.5455239391,6999993.36156379,-5402420.57699762,61297779.694983,490793750.483943,-122706205669.894,199387359525.823,0.0410194269787911,0.05,0.820388539575822,-0.487929026251865,5.02919923653263e-05
0.12,15.2121142536937,-0.0404640100667882,211.802849364806,0.589269322375935,-3833.20106486488,58.3609850065971,-131342.187507347,-29267.3379991072,6999938.03842383,-4811933.14675076,-61408425.9749109,690181110.009767,122928787690.499,199342066807.118,0.0404640100667882,0.05,0.809280201335763,-0.539659544458847,0.000309499619490186
0.121,15.4219789034846,-0.0398506326104166,207.905142328249,0.632225068255327,-3961.04839605786,26.8110165385665,-124352.465550628,-33700.9569130519,6999994.00629416,-4022081.00333743,61520361.7155881,889523176.816884,-123092737129.331,199230559443.776,0.0398506326104166,0.05,0.797012652208333,-0.590643768170241,0.00058967989903445
0.122,15.627883088212,-0.0392107787573504,203.883085902659,0.641553983223841,-4081.89574007577,-8.74442574004112,-117342.226819665,-37245.0712347402,6999967.99944509,-3032942.54679866,-61572375.413743,1088753736.26066,123197766430.651,198967453810.397,0.0392107787573504,0.05,0.784215575147009,-0.640733003443672,0.000877265718468106
0.123,15.8297059605302,-0.0385799215221837,199.743684171639,0.613728554243089,-4195.74311171801,-47.3162189815618,-110352.512046855,-39700.4756711068,6999994.50724667,-1844705.0836328,61625391.0169082,1287721190.07106,-123283918986.338,198119670852.931,0.0385799215221837,0.05,0.771598430443674,-0.689779698146817,0.00115712265850407
0.124,16.0273336730694,-0.0379965336799123,195.493933010008,0.546309952625545,-4302.5904924427,-87.7161720098543,-103342.252163931,-40868.3002145619,6999977.93877041,-457924.058135276,-61658527.9694299,1485840860.92399,123350983367.644,53843966832.372,0.0379965336799123,0.05,0.759930673598245,-0.737638020684702,0.00141300246234487
0.125,16.2206593784477,-0.0375008998200394,191.140836513292,0.438145668567649,-4402.43789243427,-128.563550611379,-96352.544991917,-40574.3298477631,6999994.9024848,1054838.7862049,61692455.398214,1539684827.75636,-123409035799.565,-198297730208.218,0.0375008998200394,0.05,0.750017996400787,-0.784164430482748,0.00162807813112192
0.126,16.4095832292664,-0.0371337418081759,186.691390556289,0.289533260550161,-4495.2852999422,-168.362109333505,-89342.2720343663,-38782.6982693814,6999982.83998323,2495374.74885715,-61716580.401351,1341387097.54814,123457915378.029,-199163303719.792,0.0371337418081759,0.05,0.742674836163518,-0.829218238017321,0.00178555350129474
0.127,16.5940123781172,-0.0369347385097794,182.152599241429,0.102249929308309,-4581.1327225735,-205.681854183188,-82352.5711653541,-35649.8238557035,6999995.21727089,3737180.19454539,61741334.9766784,1142223793.82835,-123501680818.262,-199433436102.379,0.0369347385097794,0.05,0.738694770195588,-0.872662152194875,0.00186931283600594
0.128,16.7738609775783,-0.0369411061874898,177.531458442517,-0.120588042724199,-4659.98015181109,-239.281027035819,-75342.2888940645,-31374.770670261,6999985.71183844,4779687.27032255,-61760345.8415836,942790357.72597,123540205481.722,-199550086359.077,0.0369411061874898,0.05,0.738822123749796,-0.91436281296954,0.001864542174958
0.129,16.9490501802197,-0.0371863571391073,172.834972266698,-0.374722220535909,-4731.82759373165,-268.117136931562,-68352.5933208999,-26156.946568802,6999995.46873771,5622702.58486899,61779859.6401389,743240271.366893,-123575542895.656,-199596123375.378,0.0371863571391073,0.05,0.743727142782145,-0.954191307122378,0.00175827373473287
0.13,17.1195081386003,-0.0376992572234773,168.070136586582,-0.654951408610782,-4796.67504165586,-291.347175334509,-61342.3038461581,-20195.8898688121,6999987.55693002,6266144.79454819,-61795683.2555176,543644147.991515,123607590158.693,-199585921943.717,0.0376992572234773,0.05,0.753985144469546,-0.992023665224983,0.00153984327220085
0.131,17.2851700052716,-0.0385029828588685,163.243955512839,-0.955331182790456,-4854.52250068784,-308.32770152813,-54352.6128658294,-13691.1873205921,6999995.66875385,6709995.98156784,61811906.9031758,344058226.047798,-123637545789.738,-199477014950.097,0.0385029828588685,0.05,0.770059657177369,-1.02774133786315,0.00120125859643898
0.132,17.4459779327752,-0.03961447758371,158.363424916846,-1.26937347186433,-4905.36996529921,-318.614859362553,-47342.3175012556,-6842.40839515872,6999988.80276216,6954315.70014059,-61825638.8865622,144581211.097701,123665323478.317,-198783403564.106,0.03961447758371,0.05,0.792289551674201,-1.06123164930764,0.000737477964249862
0.133,17.6018810736459,-0.0410440081947453,153.435548912073,-1.590246115119,-4949.21743995042,-321.96429568094,-40352.6306306903,151.067343270042,6999995.82561475,6999505.20945624,61839684.5917548,-54202192.4664048,-123691700327.245,107435594280.677,0.0410440081947453,0.05,0.820880163894906,-1.09238822688889,0.000146597482234839
0.134,17.7528355804096,-0.0427949199362326,148.467323368667,-1.9109696560548,-4986.06491987505,-318.318032948592,-33342.3302461675,7141.37738887319,6999989.66004288,6999020.81413017,-61852015.7354905,53233401.8142723,123716601523.986,-107070852725.908,0.0427949199362326,0.05,0.855898398724653,-1.12111140445539,-0.000570052787152567
0.135,17.8988046055859,-0.0448635664584275,143.465752402417,-2.22454917103863,-5015.91240910209,-307.672734204548,-26352.6471604051,14149.1697617895,6999995.94506939,6998718.78958149,61864585.7884953,-53837450.9116362,-123740577917.454,109266954363.417,0.0448635664584275,0.05,0.89727132916855,-1.14730859837966,-0.00140789458845803
0.136,18.0397583016861,-0.047239302485211,138.437831882245,-2.52398219989985,-5038.75990338308,-290.028625166688,-19342.3423520943,21139.1809849758,6999990.24189915,6999514.81585156,-61875992.1289587,55429503.451781,123763562355.853,-111851550158.228,0.047239302485211,0.0500584915101842,0.943682101878766,-1.17089465470933,-0.00235912478202615
0.137,18.1756738212154,-0.0499044838478495,133.390565925923,-2.80227327130502,-5054.60740646448,-265.385109004467,-12352.662845867,28147.7686275268,6999996.03094812,6999018.54422423,61887570.2268942,-56422046.7064475,-123785980226.45,114051173307.918,0.0499044838478495,0.0510895294172847,0.976804531516506,-1.19179216615689,-0.00341275421032624
0.138,18.3065353166713,-0.0528344670648922,128.33095040114,-3.05241939339719,-5063.45491444901,-233.742482647058,-5342.35402650985,35137.5846772825,6999990.61106179,6999622.08417174,-61898409.9995563,57629126.6014708,123807768943.275,-116066721705.845,0.0528344670648922,0.0531636055893209,0.993808950300113,-1.20993175776477,-0.00455465884293599
0.139,18.4323339405453,-0.0559976094655409,123.26598942741,-3.26742504603398,-5065.30243091462,-195.100318186661,1647.32200770937,42146.6768711373,6999996.08553387,6999217.84992028,61909358.9437192,-58437595.1043744,-123829287954.98,117809278953.808,0.0559976094655409,0.0559991153989857,0.999973107906543,-1.22525234018817,-0.00576764336666785
0.14,18.5530678453213,-0.0593552689138019,118.20267887116,-3.44028694263256,-5060.14995219131,-149.458863269791,8657.63455805594,49136.3108033311,6999990.8005001,6999684.89429281,-61919929.0112604,59371683.8494338,123850476525.248,-119437928812.006,0.0593552689138019,0.059355968710235,0.999988210175853,-1.23770132968865,-0.00703151656144727
0.141,18.6687421834778,-0.0628618039205202,113.148022853471,-3.56400955784755,-5047.99748178466,-96.8177913190391,15647.307140138,56145.7752180799,6999996.10975146,6999337.61373624,61930547.5139872,-60066244.9625724,-123871669671.151,120909842409.147,0.0628618039205202,0.063032200592031,0.997296672654447,-1.24723483404501,-0.00832317845156837
0.142,18.7793691074854,-0.0664645734383787,108.10901723945,-3.63158940046678,-5028.84501615129,-37.1773204248177,22657.6232453679,63135.2313497364,6999990.82242987,6999726.28997824,-61941122.1571641,60843597.4465747,123892805875.99,-122336558752.284,0.0664645734383787,0.0668605898874651,0.994076982423384,-1.253817803744,-0.00961671857523022
0.143,18.8849677698095,-0.0701039369681194,103.092666151619,-3.63603096848983,-5002.69255881483,29.4628173128676,29647.2923076985,70144.9900119792,6999996.1032107,6999401.60804868,61951683.7188259,-61492961.3057097,-123914231989.046,123689561778.031,0.0701039369681194,0.0707053182939969,0.991494539019301,-1.25742414793241,-0.010883525211012
0.144,18.9855643229078,-0.0737132543952008,98.1059654536765,-3.57033062069667,-4969.5401062679,103.102413033728,36657.6118807704,77134.2600663381,6999990.670935,6999753.42763198,-61962548.27022,62196600.4723212,123935882866.947,-125057460642.155,0.0737132543952008,0.0744586997119546,0.989988472540648,-1.25803681477156,-0.0120924048679783
0.145,19.0811919192323,-0.0772188860983626,93.155919269487,-3.42749290267899,-4929.38766214792,183.741705186434,43647.2772580482,84144.2688840992,6999996.06409826,6999421.29778322,61973334.5967274,-62860860.1698336,-123958158592.326,126419069468.516,0.0772188860983626,0.0780380066274164,0.989503569293298,-1.25564783595721,-0.0132097117625345
0.146,19.1718907112278,-0.0805401928093387,88.2495234612164,-3.20051405854447,-4882.235222892,271.380475370624,50657.6002963461,91133.3295967089,6999990.31939882,6999769.97234765,-61984823.9955988,63558209.298682,123980986975.492,-127868477564.971,0.0805401928093387,0.081382417238982,0.989651027111052,-1.25025833532908,-0.0141994865348453
0.147,19.2577078513328,-0.0835895357327929,83.3937821539997,-2.88239870735869,-4828.0827923655,366.018955135158,57647.2617015763,98143.5672607784,6999995.98889097,6999393.94286384,61996162.9798931,-64310268.2662895,-124004881615.675,129388537414.341,0.0835895357327929,0.0844501039464189,0.989809743583359,-1.2418785016163,-0.0150236038421011
0.148,19.3386974919785,-0.0862722764161722,78.5956912082826,-2.4661430042927,-4766.93036684571,467.656892178383,64657.588291688,105132.370825745,6999989.71106302,6999777.94330472,-62008718.6357816,65078269.1480519,124029758784.136,-131125932800.426,0.0862722764161722,0.0872154807183675,0.989185356837727,-1.23052752552627,-0.0156419280168045
0.149,19.4149207855898,-0.0884867768949576,73.8622547504193,-1.94475167816578,-4698.77795057832,576.294534773438,71647.2452698971,112142.83358149,6999995.87181931,6999293.24605256,62021040.148354,-66047663.6523737,-124056351748.908,133065671476.081,0.0884867768949576,0.0896666237757888,0.986841850053578,-1.21623350150429,-0.0160124763701369
0.15,19.4864458845835,-0.0901243995618383,69.2004686388616,-1.31122082083265,-4623.62553954714,691.931551436991,78657.5756031658,119131.280607629,6999988.73609321,6999778.41813823,-62035311.600554,67018007.8237078,124084558868.429,-135778488881.218,0.0901243995618383,0.0918028769915908,0.981716505138436,-1.19903329465002,-0.016091589253377
0.151,19.5533479413701,-0.0910695073661816,64.6173370011387,-0.558555338425901,-4541.47313860458,814.568233484623,85647.2274432702,126141.938281532,6999995.70392687,6998907.18152132,62049247.2678751,-68760481.0575107,-124115552094.737,139509141257.686,0.0910695073661816,0.0936326504427136,0.972625541791106,-1.17897237339259,-0.0158341064359762
0.152,19.6157091083511,-0.0911994636895937,60.1198556932955,0.320248646285875,-4452.32074324947,944.203978157625,92657.5618454818,133129.716746068,6999987.17514737,6999901.27109266,-62066304.8268616,70748660.2001758,124149202206.874,-199652951111.763,0.0911994636895937,0.0951714176806058,0.958265264006658,-1.15610460868019,-0.0151935488244126
0.153,19.6736185379211,-0.0903846327932752,55.7150288439786,1.33218541711463,-4356.16835931713,1080.83711810964,99647.2074019169,140131.716855409,6999995.47142395,6970823.45573695,62082897.3800128,-128904290.911587,-124187654905.894,-199880802603.646,0.0903846327932752,0.0964399145349109,0.937211871548852,-1.13049204054907,-0.0141223051522733
0.154,19.7271723824646,-0.0884883844318005,51.4098523061646,2.48424316087579,-4253.01598151555,1224.42443427766,106657.546379547,147004.774698589,6999984.54135101,6741978.76352354,-62104757.5258811,-328785093.515233,124230737774.986,-199914347560.983,0.0884883844318005,0.0974625396522982,0.907922005187702,-1.10220461308496,-0.0125718243042146
0.155,19.7764737943588,-0.0853671503597556,47.211330209487,3.78327828029821,-4142.86361737751,1374.73707107794,113647.183665097,153549.041857428,6999995.15271262,6313236.49622781,62125980.249105,-528699441.076217,-124283218895.961,-199922915967.43,0.0853671503597556,0.0982659545200329,0.868735777072742,-1.07131987888946,-0.0104928313277761
0.156,19.8216329259684,-0.0808706536689209,43.1264584026898,5.23581838321989,-4025.71126027347,1531.34628448847,120657.527938118,159564.608147124,6999979.52351375,5684575.59716788,-62157238.6468559,-728622357.043647,124344855691.34,-199920366550.836,0.0808706536689209,0.098877878447844,0.817884191473409,-1.03792267430488,-0.00783561388350479
0.157,19.8627669296495,-0.0748423375343025,39.1622410159615,6.84786237578019,-3901.55892107772,1693.6234133594,127647.152984924,164851.552504678,6999994.71271256,4855993.05684881,62187617.0444837,-928542723.594483,-124430513276.863,-199906781285.862,0.0748423375343025,0.099326071900471,0.753501433231929,-1.00210476673832,-0.00455038829892913
0.158,19.8999999577423,-0.0671199938755521,35.3256738913915,8.62468054239809,-3770.40659073831,1860.73987582269,134657.503087279,169209.956402848,6999967.07311861,3827496.9426114,-62242896.2323798,-1128449504.88034,124546093452.117,-199871804663.495,0.0671199938755521,0.0996374996989138,0.673641892644601,-0.963964475558958,-0.000587743783269059
0.159,19.9334631625751,-0.0575365919381486,31.6237611578057,10.5706146282516,-3632.25428850995,2031.6671777875,141647.106394524,172439.916625576,6999997.22361229,2599111.53539931,62303197.219737,-1328321309.54384,-199989135708.13,-199756781082.363,0.0575365919381486,0.0998376639550643,0.576301464385676,-0.92360626811421,0.00410083714250044
0.16,19.9632946963477,-0.0459213067853692,28.0634980180874,12.6888779382467,-3487.10513251808,2205.17694009664,148644.923694128,174341.574709356,6962305.85297796,1170911.83531428,-137685938.488393,-1528078090.6262,-199996316558.307,-95754441158.9875,0.0459213067853692,0.0999500951793472,0.459442351735329,-0.88114033257804,0.00956238424639936
0.161,19.9896397046244,-0.0321007475269393,24.6518683281751,14.9813563497964,-3335.01033673373,2379.8453012735,155505.053858435,174732.488425831,6724621.75621041,-405043.475891414,-337682255.0467,-1623832531.78519,-199997322163.281,199759245367.806,0.0321007475269393,0.099995988810862,0.321020352002883,-0.83668213183947,0.0158417738142515
0.162,20.0126502623939,-0.0159003765764076,21.395715551925,17.4484343930084,-3176.20758559479,2554.11295250798,162027.501600095,173548.821891608,6286940.84008207,-1928996.3849927,-537679577.209981,-1424073286.41738,-199997555578.844,199874960957.434,0.0203187379998638,0.1,0.203187379998638,-0.790351960369649,0.0229809977444451
0.163,20.0324851359341,0.0028539471319807,18.3015454706416,20.0889425863024,-3011.134560069,2726.46825878272,168012.269725642,170941.101356899,5649262.48508267,-3253132.19093137,-737677132.788825,-1224198325.45995,-199997435913.88,199910349056.07,0.0324851359340954,0.0999996948525343,0.324852350619669,-0.742274551822379,0.0310183969975694
0.164,20.0493093451305,0.0243344685600599,15.3753261859905,22.9002898647211,-2840.42893851611,2895.58709058779,173259.360738345,167109.188394747,4811586.6343369,-4377375.34186328,-937674568.702705,-1024287976.40388,-199996950078.84,199924514480.605,0.04930934513051,0.0999779738871671,0.493202084552738,-0.692578748774918,0.0399879285746397
0.165,20.0632935257984,0.0487102128527746,12.6222881225343,25.8786609743212,-2664.92839676164,3060.34520683698,177568.777263317,162252.989817096,3773913.59059478,-5301701.06102686,-1137671518.78154,-824363461.923275,-199995734955.645,199928058483.193,0.0632935257984144,0.0999124689934364,0.633489757945751,-0.641397235932793,0.049918520940145
0.166,20.0746130920068,0.0761458610992553,10.0467240303917,29.0192163768128,-2485.67060777844,3219.81828254901,180740.522472029,156572.428368188,2536244.20433541,-6026100.49370854,-1337667253.73719,-624435403.440082,-199991761881.039,199921493370.505,0.074613092006814,0.0997880866480924,0.747715428896244,-0.588866337690966,0.0608335295080323
0.167,20.0834471984056,0.106800826008591,7.65178898848304,32.3162921713343,-2303.89324073661,3373.28191816533,182574.601089182,150267.430421654,1098581.0696577,-6550575.15046337,-1537659015.61823,-424513910.069576,-77587612105.2988,199893521138.289,0.083447198405576,0.0995874870673603,0.837928547681225,-0.535125880687607,0.0727502942592935
0.168,20.0899775027265,0.140828527510127,5.43930142944688,35.7636000198851,-2121.02885843238,3520.21163759012,182891.421382346,143537.913903012,-477871.752013179,-6875142.2999638,-1615246627.72353,-224620388.931287,199991580628.32,199714618362.019,0.089977502726498,0.0992911872977078,0.906198275751459,-0.480319121661584,0.0856798009823511
0.169,20.0943867385363,0.17837586827574,3.40957300106735,39.3544270624824,-1938.6372477148,3660.28286505409,181639.258246576,136583.74717831,-1993122.58942255,-6999905.37971407,-1415255047.09521,-24905770.5692681,199995546463.991,50289923961.9394,0.0943867385363397,0.0988777712922121,0.954579955664654,-0.424592736759186,0.0996264472103819
0.17,20.0968571715605,0.219582908928188,1.56136589304686,43.0818345315713,-1758.22209345635,3793.36460399428,178971.840724683,129579.770567305,-3308379.86328576,-6999666.18830237,-1215259500.63122,25384153.3926713,199996747461.84,-50881955117.2596,0.0968571715604654,0.0983242198930074,0.985079481595293,-0.368096843270106,0.114587913422279
0.171,20.0975691073484,0.264582730878291,-0.107970645863985,46.9388230434746,-1581.0986527156,3919.4466520782,175089.163902326,122584.316129846,-4423640.99018605,-6999723.01246833,-1015262753.16938,-25497801.7245883,199997209900.451,51004623753.6343,0.0975691073483596,0.0976063723842292,0.999618211035208,-0.310984987493613,0.130555134995226
0.172,20.0966995764023,0.313501416170392,-1.60230262609809,50.9183945957458,-1408.38218655015,4038.52898226085,170191.224403872,115580.344987141,-5338905.1384052,-6999718.5023161,-815265543.268925,25506822.0290461,199997291414.121,-51123606487.7003,0.0966995764023295,0.096699531113845,1.00000046834234,-0.253414049166768,0.147512346924915
0.173,20.0944212189165,0.366458047134714,-2.92651132072291,55.013547767504,-1240.98795908555,4150.61158898357,164478.019375734,108584.859294758,-6054172.03596707,-6999773.4835309,-615268251.854803,-25616784.4586542,199996993295.295,51277285821.7609,0.094421218916537,0.0955792212502619,0.987884371534135,-0.195544054315234,0.165437162645829
0.174,20.0909013695129,0.423564706373776,-4.0862932683288,59.2172845171657,-1079.63123722839,4255.69442862606,158149.546046056,101580.823633302,-6569441.79117422,-6999751.62507868,-415271258.559508,25660501.3631067,199995874887.155,-51424978272.2893,0.0909013695128777,0.0942221164679927,0.96475618379637,-0.137537897341949,0.184300678886085
0.175,20.086301341974,0.484926476728623,-5.08796027583618,63.5226033729837,-924.827290792892,4353.77751048962,151405.801271416,94585.3314291923,-6884715.11229015,-6999803.61285171,-215275383.672353,-25764476.9091826,199989308862.153,51589242950.659,0.0863013419740497,0.0926071398229127,0.931908081159604,-0.0795609736767742,0.204067605935932
0.176,20.0807759139737,0.55064144127722,-5.93823942174215,67.9225062716429,-776.891393420363,4444.86079558469,144446.780018767,87581.2437850445,-6999995.84153143,-6999773.46828557,-15286074.8102001,25824766.0414764,30587720925.5004,-51747277864.5645,0.0807759139736994,0.0907167474569354,0.890418982581413,-0.0217807246596363,0.224696422776018
0.177,20.0744730115672,0.620800683306727,-6.64407447314883,72.4099917050133,-635.945884513125,4528.94430062669,137444.239093318,80585.7581534689,-6999988.05587888,-6999822.34117637,15301646.1153003,-25922511.8230881,-30590649547.8997,51913422825.9274,0.0744730115671821,0.0885384009469341,0.841137978218263,0.0356339032353837,0.246139556365842
0.178,20.0675335799438,0.695488286318563,-7.21246452014477,76.9780616001671,-502.000363783792,4606.02799025022,130446.803418905,73581.6267935186,-6999981.73453753,-6999788.1415865,-15289003.4325995,25990911.0028392,30564408641.804,-52074793912.4069,0.067533579943813,0.0860662320813444,0.784669879355059,0.0925130771642916,0.268343584351059
0.179,20.0600915646248,0.774781334004746,-7.65040852817994,81.6197144214552,-375.054825882367,4676.11188500836,123444.271250759,66586.1549751148,-6999988.53364922,-6999834.62753986,15275405.2092045,-26083882.9095677,-30538519428.0563,52241352724.3231,0.0600915646248197,0.0833029016350284,0.721362202820934,0.148686742141948,0.291249460304834
0.18,20.0522739111476,0.858749910256617,-7.96490750120498,86.3279520933627,-255.109275435875,4739.19595207892,116446.830666476,59581.9852982408,-6999982.38815405,-6999797.83408726,-15263114.2188518,26157469.8147554,30513781178.9365,-52404992919.3355,0.0522739111475943,0.0802616513206933,0.651293741001275,0.203985291761568,0.314792760585751
0.181,20.044200565063,0.947457099143853,-8.16296040672056,91.0957730583047,-142.163708408296,4795.28021449705,109444.302351409,52586.5320335744,-6999988.61178343,-6999842.86073218,15250666.9600847,-26247523.1045801,-30488489283.6647,52573208815.1572,0.0442005650630364,0.0769685455552129,0.574267900532555,0.258240235586641,0.338903951757732
0.182,20.0359844719377,1.04095898492558,-8.25156824734807,95.916179242805,-36.2181289386726,4844.36464106344,102446.857658225,45582.3276127591,-6999982.18946518,-6999803.77942918,-15237822.32358,26325685.7105772,30463293468.4445,-52740366261.2759,0.0359844719377236,0.0734648969948885,0.489818585605956,0.31128486047005,0.363508677493465
0.183,20.0277315773516,1.13930465203116,-8.23772999220436,100.782169071112,62.7274672916604,4886.44925688551,95444.3337731761,38586.8966151417,-6999988.36505453,-6999848.27684924,15225471.1448644,-26414680.5506987,-30436674711.7298,52912554067.708,0.0277315773515809,0.069809867002293,0.397244380234531,0.362954883206876,0.388528063754152
0.184,20.0195408269004,1.24253618507317,-8.12844664199794,105.686744475252,154.673076266054,4921.53403160522,88446.8853645753,31582.6597570284,-6999981.23126553,-6999806.68036608,-15211203.5668654,26497873.5170093,30409241480.1901,-53085507115.109,0.019540826900414,0.0660832293135433,0.295700242003901,0.413089091972231,0.413879041024288
0.185,20.0115041661937,1.35068866882933,-7.93071716697795,110.622903863988,239.61870286613,4949.61899243819,81444.3667384397,24587.2544289016,-6999987.8140923,-6999851.56040662,15198037.9133248,-26587633.5980997,-30379308719.9966,53264569693.0376,0.0115041661937028,0.0623882822201425,0.184396264559894,0.461529974041871,0.439474682260761
0.186,20.0037065408576,1.46379018825721,-7.6515425652876,115.583649177767,317.564342899313,4970.70410917169,74446.9147251841,17582.9864799781,-6999979.43053898,-6999806.9091582,-15181270.8066718,26676936.0949379,30347516444.843,-53446259155.046,0.00370654085757849,0.0588548915701175,0.0629776176405432,0.508124327358017,0.46522455521281
0.187,19.9962258965327,1.58186182847676,-7.2979218079211,120.561978811847,388.510002177278,4984.78941142564,67444.4025786492,10587.6103290082,-6999986.94312323,-6999853.10264079,15166245.6381711,-26769323.0601081,-30311639711.9557,53635646094.8434,0.00377410346730755,0.0556426438733437,0.0678275366623185,0.552723853568022,0.49103508765957
0.188,19.9891331788778,1.70491767478691,-6.87685588961512,125.550894717829,452.455676006984,4991.87486846807,60446.9468183931,3583.31183918652,-6999976.51734103,-6999804.60265347,-15145394.0737846,26866323.0347353,30272412784.5845,-53829681708.9738,0.0108668211222209,0.0529440857738236,0.205250897496726,0.595185730247491,0.516809944122156
0.189,19.9824923335675,1.83296481264821,-6.39534378173981,130.543395278966,509.401371684894,4991.96051282304,53444.4430061459,-3412.03121556775,-6999985.70502252,-6999853.12047322,15127018.7108,-26963358.6742385,-30226459965.0147,54033559544.4826,0.0175076664325466,0.0509880231725053,0.343368213615849,0.635373160101716,0.542450412506987
0.19,19.9763603062967,1.96600332770153,-5.86038647443073,135.532482460801,559.347083572482,4985.04631255243,46446.9830671513,-10416.3604221207,-6999971.91629423,-6999799.69937522,-15099441.2542147,27070200.8702442,30174675112.4035,-54244430780.6352,0.0236396937032701,0.0500428503590181,0.472389033271964,0.673155895041852,0.567855799161838
0.191,19.9707870427785,2.10402630575046,-5.27898293899848,140.511154635747,602.292821386073,4971.13230379615,39444.4905427487,-17411.6657595242,-6999984.01999224,-6999851.71389529,15075233.8581888,-27174229.910391,-30111233065.2369,54468015972.4028,0.0292129572214819,0.05,0.584259144429637,0.708410733129326,0.592923830735032
0.192,19.9658154887498,2.24701983278252,-4.65813415913656,145.472413786351,638.238577823091,4950.21845264203,32447.0256008413,-24416.0265857126,-6999964.40266667,-6999791.93581948,-15035999.2070481,27293786.0620118,30037261297.7734,-54701486129.4157,0.0341845112502241,0.05,0.683690225004483,0.741021986502469,0.617551061269144
0.193,19.9614815899684,2.3949629949509,-4.00483910543629,150.409258275107,667.184366775285,4922.30479982416,25444.5494087875,-31411.288542856,-6999981.77122483,-6999848.89282218,15001262.0907253,-27407700.067404,-29941064712.3158,54951581147.149,0.0385184100316103,0.05,0.770368200632205,0.770881918508338,0.641633282877806
0.194,19.9578142922221,2.54782787859872,-3.32609875204143,155.31469010512,689.130177964446,4887.3913085341,18447.0780911559,-38415.682688854,-6999951.04149026,-6999780.80231601,-14939802.6215905,27543881.079745,29824083465.4426,-55215330012.3262,0.0421857077779073,0.05,0.843714155558146,0.797891148400855,0.665065938413066
0.195,19.9548355413243,2.70557957023964,-2.62891206749607,160.18170762971,704.076033237898,4845.47802545218,11444.6278289324,-45410.8941056322,-6999978.80237913,-6999844.58624243,14884280.843852,-27671448.9325812,-29656825166.9082,55501184370.4282,0.0451644586756572,0.05,0.903289173513144,0.821959022083198,0.687744534454911
0.196,19.9525602831285,2.86817615658602,-1.92028001043927,165.003312876877,712.021916678066,4796.56490969462,4447.14836278076,-52415.3242189459,-6999922.93411873,-6999765.44298979,-14772544.3230562,27829735.4378471,29441098331.1626,-55805861852.5914,0.0474397168715015,0.05,0.94879433743003,0.843003947529172,0.709565053033126
0.197,19.9509964635221,3.03556872452789,-1.20720154358237,169.772504191412,712.967868195497,4740.65201579918,-2555.25399377764,-59410.4757711922,-6999974.9292762,-6999838.63847824,14668554.0081065,-27976126.4147444,-29058775045.2996,56140611779.5526,0.0490035364778727,0.05,0.980070729557454,0.860953693636633,0.730424360420802
0.198,19.9501450284532,3.20770136116613,-0.496677595838679,174.482283631719,706.913860713789,4677.73929721317,-9552.73777522401,-66414.9457042479,-6999835.76279075,-6999744.45900321,-14390221.0371931,28164485.3648082,28511962449.4635,-56501638707.1059,0.0498549715467718,0.05,0.997099430935435,0.875745651445647,0.750220611439269
0.199,19.9499999239246,3.38451115378905,0.204292894700843,179.125649534677,693.859994685432,4607.82681912537,-16555.0166547918,-73410.0248603532,-6999970.00260321,-6999830.79299195,14121741.4122704,-28337153.3422978,25972053930.7919,56904854090.6956,0.0500000760753565,0.05,1.00000152150713,0.887327056762667,0.768853647645418
0.2,19.9505480961356,3.56592818991242,0.888709524231454,183.695603996399,673.808428821821,4530.91452704521,-23543.5971110337,-80414.5400876678,-6972862.23422554,-6999715.5192889,40093795.3430623,28567700.7483979,-134391795426.154,-57345684389.0832,0.0494519038644192,0.05,0.989038077288384,0.895655173479159,0.786225387897652
0.201,19.9517694955529,3.7518755572526,1.54958456143523,188.185145346587,646.779483234756,4447.00250107784,-30518.8110801588,-87409.5293706474,-6999964.33659555,-6999820.66073504,-94298000.083092,-28777983.6406853,188634950829.405,57848202653.0032,0.0482305044470941,0.05,0.964610088941882,0.900697438454142,0.802240209725694
0.202,19.9536370911984,3.94226934377616,2.17993562128173,192.587275729189,612.75283344257,4356.090675388,-37534.4852583243,-94414.0976560939,-6999944.86126394,-6999674.54304923,94336950.7463136,29070219.0123179,199915558600.147,-58406684249.5696,0.0463629088015622,0.05,0.927258176031245,0.902431569959805,0.816805320083739
0.203,19.9561168568883,4.13701863766813,2.77276015128753,196.894993467862,571.74242839368,4258.17915188504,-44453.9423844484,-101408.971537012,-6805650.13121756,-6999807.66616169,294252509.34646,-29336465.2372517,199957502464.369,59060641324.8593,0.0438831431116675,0.05,0.87766286223335,0.900845624273469,0.829831113986909
0.204,19.9591677984245,4.33602552739558,3.32115526030086,201.101300769186,523.943034591116,4153.26784796413,-51079.140010582,-108413.603995571,-6411418.87063891,-6999613.81073651,494210011.81083,29724176.0876076,199964439960.912,-59802649363.1782,0.0408322015755154,0.05,0.816644031510307,0.895938027534074,0.841231519720633
0.205,19.9627421492658,4.53918510166882,3.81851241352907,205.199195953003,469.748885332182,4041.35689931548,-57210.1264686553,-115408.322826491,-5817226.63884762,-6999790.95933049,694174451.771742,-30078473.2755706,199963516414.103,60704920303.8308,0.0372578507342283,0.05,0.745157014684565,0.887717633057855,0.850924329214845
0.206,19.966785764779,4.74638544952671,4.25871728815191,209.181681311683,409.754173099248,3922.44619730212,-62646.9386288814,-122413.035535742,-5023070.42886883,-6999516.97245415,894137968.185845,30626447.0282602,199956469986.851,-61757512816.8073,0.0332142352210383,0.05,0.664284704420766,0.876203815682753,0.858831512410557
0.207,19.9712387164315,4.95750766028736,4.6363497355845,213.041755166511,344.753053770213,3796.53593445829,-67189.6139953262,-129407.532203485,-4028954.22568956,-6999769.28183429,1094094438.1727,-31131065.788547,199938194261.156,63114395272.8042,0.0287612835685138,0.05,0.575225671370276,0.861426603213334,0.864879514314644
0.208,19.976036085947,5.17242582367025,4.94688374340597,216.77241993548,275.739642493165,3663.62595886939,-70638.1979695525,-136412.347952335,-2834890.69038628,-6999343.14998644,1294032632.43385,31983329.4842572,199878085693.38,-64762012303.7732,0.0239639140529881,0.05,0.479278281059763,0.843426844363248,0.868999533739325
0.209,19.9811089594194,5.39100702973112,5.1868873888097,220.366673956137,203.907999537396,3523.7165714798,-72792.7593294396,-143406.493106297,-1440919.01510574,-6999740.82665406,1493910718.12723,-32778682.819516,163896694128.474,67115681155.4431,0.0188910405805629,0.05,0.377820811611258,0.822256412439972,0.871127782529
0.21,19.9863856213201,5.61311136905501,5.3542224675989,223.817519851111,130.650594849013,3376.80754133309,-73459.4068697937,-150411.437327501,134940.05008573,-6998961.66889586,1657807412.2557,34336998.3359271,-199867334431.39,-70407174696.9865,0.0136143786799394,0.05,0.272287573598788,0.797978443853462,0.871205724480477
0.211,19.9917929450106,5.83859193266884,5.44823325876908,227.117956024151,57.5266314340369,3222.89941237191,-72528.8743359853,-157404.965026345,1692813.79512574,-6999828.25790842,1457940077.82431,-36070176.3610594,-199927686431.453,199213078249.263,0.00820705498942331,0.05,0.164141099788466,0.770667609085174,0.869180292850262
0.212,19.9972579358451,6.06729481255493,5.46983667010684,230.260986473152,-13.9211763116828,3061.99682206548,-70140.4117830193,-164389.626192726,3050790.02973433,-6936291.89514485,1258012391.39286,163142901.888203,-199945481472.551,199728378102.493,0.00274206415492984,0.05,0.0548412830985967,0.740410397649584,0.865004085996124
0.213,20.0027092591804,6.29905911179285,5.42140450387923,233.239640895496,-82.3348554096642,2894.17456242459,-66493.9398045007,-171211.05857391,4208829.68039091,-6673284.8042054,1058066909.92031,362871279.990697,-199951698568.12,199784544061.824,0.0027092591803779,0.05,0.054185183607558,0.707305349788566,0.858635543994086
0.214,20.0080785978407,6.533717030041,5.30656657003781,236.047114499007,-146.556367209756,2719.69566435124,-61789.4019522443,-177669.610314109,5166920.74102716,-6210521.25218379,858115211.35219,562655824.05252,-199951584943.925,199774862610.751,0.00807859784066522,0.05,0.161571956813304,0.671463172857825,0.850039131492966
0.215,20.0133018101551,6.77109412696501,5.13001074384603,238.676965380109,-205.627620905634,2539.02289333432,-56226.7488696984,-183565.507843832,5925060.15990739,-5547977.99682589,658163626.408265,762430686.663271,-199944583926.665,199705010207.247,0.0133018101550562,0.05,0.266036203101123,0.633006730857424,0.839185566506698
0.216,20.0183198880481,7.01100978500568,4.89728301581177,241.123314288676,-258.790476781975,2352.81878931528,-50005.9309939079,-188698.986328958,6483251.49435232,-4685694.805059,458219042.481599,962135696.870517,-199921972835.178,199444329168.339,0.018319888048147,0.05,0.36639776096294,0.592070907261207,0.826052102555731
0.217,20.02307971518,7.25327787191548,4.61458754189223,243.381044386716,-305.486742270494,2161.94562171366,-43326.8903071207,-192870.372564054,6841509.55041633,-3623836.94360431,258297069.646421,1161580026.03886,-199799551887.517,-137855654221.243,0.0230797151800353,0.05,0.461594303600705,0.548802342002472,0.810622863080442
0.218,20.0275346251403,7.49770760254612,4.28858670344154,245.445998099694,-345.358153272128,1967.45118336321,-36389.5321471957,-195936.395437009,6999906.84411899,-2531184.74467607,58497517.7589039,1023724371.81761,-117315209084.991,-199418839283.087,0.0275346251402837,0.05,0.550692502805674,0.50335904397021,0.79288922647312
0.219,20.0316447598324,7.74410457295963,3.92620189500633,247.315100214573,-378.242870544683,1770.4115071642,-29379.9290790448,-197988.95446899,6999746.7573354,-1607169.7925,-58817691.3260876,824305532.534526,114211128777.283,-199666009683.609,0.0316447598323855,0.05,0.632895196647709,0.455909880909705,0.772850249463346
0.22,20.0353772349619,7.9922718203952,3.53443418540395,248.986282065051,-404.127970396582,1571.74803263731,-22390.5559792429,-199217.249163503,6998034.63039795,-882697.264807281,55393437.4511953,624639522.850916,-107445321357.135,-199714584527.306,0.0353772349618673,0.05,0.707544699237346,0.406633951772396,0.750513069349985
0.221,20.0387061652999,8.2420107417506,3.12027868880503,250.458298719255,-423.01475370944,1372.18521998752,-15382.7321836788,-199820.912430973,6999705.40717058,-357915.034220017,-52051883.9059401,424924938.323611,90859627111.5103,-199657009593.139,0.0387061652998995,0.05,0.774123305997989,0.355719865051766,0.725893217597781
0.222,20.04161266417,8.49312181794506,2.69073777490668,251.730529871918,-434.902522685722,1172.24785182043,-8393.90944727598,-199999.641164297,6993083.33682039,-32818.6006929756,38807743.2055702,225267928.730471,-64249088917.8179,-199262933245.047,0.0416126641699712,0.05,0.832253283399425,0.303364971295448,0.699014823045903
0.223,20.0440848433113,8.74540513870239,2.25280489296701,252.802780159029,-439.796099552758,972.261043388355,-1392.1304203391,-199953.036289499,6999766.53556705,92817.8614149725,-25441345.7122477,26004995.4854246,-198630404555.337,-197038083950.782,0.0440848433112642,0.05,0.881696866225283,0.249774563231609,0.669910702052989
0.224,20.0461178093018,8.99866072768752,1.81347664065057,253.675079595474,-437.700863196456,772.350540275314,5561.81037494594,-199880.055610999,6875009.98757714,20303.8149250062,-224071750.267585,-171033088.465357,-199575115455.437,136849036139.38,0.0461178093017693,0.05,0.922356186035387,0.195161045245272,0.638622335480798
0.225,20.0477136467935,9.25268866882132,1.37969151819063,254.347487505943,-428.747208749243,572.457833100205,12291.5219681467,-199922.460167617,6551150.67958183,-82304.755470661,-423646865.723022,-34184052.3259772,-199664985375.214,155638492184.358,0.0477136467935146,0.05,0.954272935870293,0.139743071702768,0.605199733216739
0.226,20.0488812824512,9.50728906133572,0.958162613044439,254.819970264152,-413.25903862665,372.495008149972,18597.5717173045,-199995.917200554,6027671.3211712,-38669.5617044593,-623311851.098236,121454439.858381,-199650203587.365,-144895434580.265,0.0488812824512372,0.05,0.977625649024745,0.0837446157739728,0.569701197921901
0.227,20.0496361608217,9.76226194565072,0.555179337084477,255.092464721914,-391.759835315759,172.493961265435,24280.3120789954,-199998.008781426,5304534.36827928,10337.1608637888,-822962054.685601,-23440994.7218845,-199544584788.875,16883338040.6144,0.0496361608216631,0.05,0.992723216433262,0.0273939454961536,0.532193045200501
0.228,20.0499997208469,10.0174073246106,0.176407793912444,255.164960565636,-364.972730752771,-27.5020822955934,29140.1079891337,-199996.578228249,4381800.02119925,-4662.16483778844,-1022506639.47448,-6557656.68127007,-199163335785.566,37757594808.79,0.0499997208468628,0.05,0.999994416937255,-0.0290774930985593,0.492749330474391
0.229,20.0499986727376,10.2725252011756,-0.173308846980004,255.037459458609,-333.820438998608,-227.500511315925,32977.4608012981,-199998.22628896,3259711.71383199,7658.97588533648,-1221669975.26004,31199938.1275199,-168307663711.823,45463644096.994,0.0499986727375656,0.05,0.999973454751313,-0.0854362812684218,0.451451552511556
0.23,20.0496640753215,10.5274155779831,-0.490149575771824,254.709962789506,-299.423746822259,-427.48781380875,35598.2862502148,-199967.390069994,1953887.90671603,61590.7360613534,-1389977638.97187,76663582.2245139,199136539020.666,-187781970809.744,0.0496640753215338,0.05,0.993281506430677,-0.141448316241986,0.408388313334547
0.231,20.0490302170255,10.7818784719117,-0.771504787748321,254.182503175251,-263.071882202722,-627.419455495793,36890.374760615,-199898.764537956,663478.537254498,44363.3328809953,-1190841099.9512,-111118388.58523,199554628115.137,508202914.575015,0.0490302170254893,0.05,0.980604340509785,-0.19688017675816,0.363654956901053
0.232,20.0481333426909,11.0357139498217,-1.01606885823846,253.455137105677,-226.039926913967,-827.314536923617,36991.6918525798,-199909.875698881,-427585.248639134,-66500.9542469477,-991286471.836063,-110610185.670655,199682306588.74,198259939313.364,0.0481333426908606,0.05,0.962666853817211,-0.251500543249393,0.31735319046059
0.233,20.0470103933517,11.288722107929,-1.22372384301801,252.52785359082,-189.418922001571,-1027.26783729976,36101.7437524541,-199998.638422745,-1319030.56718083,-77981.170260921,-791604165.247322,87649753.6427087,199737130496.287,199461028050.375,0.0470103933517088,0.05,0.940207867034175,-0.305081601049152,0.269590659555913
0.234,20.0456979157261,11.540702992253,-1.39534305060202,251.400578751696,-154.100305179811,-1227.2825471392,34420.200624399,-199999.551211509,-2010766.16718001,109399.097406975,-591867034.751035,287110781.693083,199760690763.003,199700753846.869,0.0456979157260875,0.05,0.91395831452175,-0.357400359362976,0.220480477467971
0.235,20.0442311707863,11.7914566037008,-1.53259137961818,250.073328289256,-120.775808782679,-1427.17122614031,32146.7943883039,-199713.313264281,-2502752.85654954,496360.256023493,-392106343.988032,486811535.539953,199765152573.933,199735804218.395,0.044231170786297,0.05,0.88462341572594,-0.408239869446185,0.170140767662901
0.236,20.0426434420299,12.0407830858406,-1.63772558973753,248.546405081472,-89.9374183319574,-1626.54690169548,29481.282551856,-198940.257939785,-2794976.6242506,1083039.69367264,-192341191.414099,686547339.758348,199753059190.441,199682855289.133,0.0426434420298776,0.05,0.852868840597552,-0.457390337194757,0.118694259650619
0.237,20.0409655434953,12.2884831118868,-1.71339454583842,246.820598827585,-61.8773579133295,-1824.82289511283,26623.4275084301,-197480.664100351,-2887441.28606948,1869428.46107556,7411867.77634229,886230195.047481,199720511214.91,199438679817.458,0.0409655434953038,0.05,0.819310869906076,-0.504650126011683,0.0662679462240882
0.238,20.0392255275375,12.5343584713779,-1.76243945704646,244.897385760079,-36.6880940486708,-2021.21283000514,23772.9789081179,-195134.880761783,-2780169.16268568,2855377.99603177,207132378.991252,1085668874.86494,199653122339.776,21280411071.1294,0.0392255275375355,0.05,0.78451055075071,-0.549826646265367,0.0129928034654779
0.239,20.0374485923596,12.7782128562938,-1.78769412887638,242.779126799566,-14.262358778633,-2214.73819027264,21129.6514553178,-191733.12159314,-2473210.22252454,3951687.07643227,406785501.331028,1106949285.93607,199503823820.494,-199461135720.509,0.0374485923596346,0.05,0.748971847192692,-0.592737128120378,-0.0409964256347968
0.24,20.0356571892765,13.0198528320791,-1.79178525170335,240.46922512372,5.70679780830364,-2404.31928766056,18893.0846207622,-187261.20339636,-1966672.80928327,4958905.79450808,606289325.151522,907488150.215559,199034009164.059,-199711032689.077,0.0356571892764919,0.05,0.713143785529837,-0.633209274996549,-0.0955613889846345
0.241,20.0338713296553,13.2590889012645,-1.77693276971425,237.972137866408,23.725887328998,-2588.95811142766,17262.7288089154,-181881.838698859,-1260866.47954972,5766538.4283791,805323334.315582,707777117.526482,78459964016.8548,-199777512281.114,0.0338713296552697,0.05,0.677426593105395,-0.671081795402209,-0.150560260541215
0.242,20.0321090912346,13.4957364923286,-1.74475145342209,235.29322775127,40.4956726190252,-2767.84704212242,16417.600657193,-175794.707963763,-416313.163225706,6374426.78976502,883783298.332436,507999605.245367,-199007284576.279,-199784559489.721,0.0321090912345809,0.05,0.642181824691619,-0.706204811468185,-0.2058479182953
0.243,20.0303873136263,13.7296167669977,-1.69608120009162,232.438565261409,56.8441219408033,-2940.37819444707,16410.0112623708,-169199.578797957,367966.492818591,6782534.11526553,684776013.756157,308215045.755646,-199482532520.279,-199721596430.473,0.0303873136263242,0.05,0.607746272526484,-0.738440146903123,-0.261276206367629
0.244,20.0287224102504,13.9605572281288,-1.63094387479136,229.414728877863,73.5439340130211,-3106.14345874629,17087.118673314,-162296.224092552,953001.240314609,6990888.36280594,485293481.235878,108493449.325173,-199631304874.851,-199083044886.944,0.0287224102504311,0.05,0.574448205008622,-0.767661522221485,-0.316694287008146
0.245,20.027131129671,14.1883921278212,-1.54867899093411,226.228605316666,91.1801175823286,-3264.93445154275,18249.4947701008,-155284.269512565,1338479.06911306,6999840.28968764,285662176.361027,-90589595.5617705,-199696326912.549,174919718072.573,0.027131129670984,0.05,0.542622593419679,-0.793754722547834,-0.371949081023356
0.246,20.0256311401944,14.4129626763486,-1.44814080766726,222.887193053513,110.138141569425,-3416.72661085482,19697.5222062423,-148300.570734312,1524293.08201781,6996710.55316216,85965849.4484783,84330122.5108024,-199724628624.739,-162550912198.557,0.0256311401944203,0.05,0.512622803888405,-0.816617787113079,-0.426885794441891
0.247,20.0242414153291,14.6341170813415,-1.32789793860922,219.39748443488,130.603816098725,-3561.5215442468,21231.5107748802,-141288.786938595,1510396.61715392,6999765.21957368,-113758779.176261,-78220789.6877549,-199729547384.855,155284950641.317,0.0242414153291115,0.05,0.48482830658223,-0.836161228466742,-0.481348517517348
0.248,20.0229824195915,14.8517105480938,-1.18643303871556,215.766483159543,152.563243321178,-3699.31701516762,22651.7397445485,-134302.251288758,1296773.06428523,6999186.90520658,-313488326.561116,77064160.9535626,-199712380976.364,-152947395063.219,0.0229824195914787,0.05,0.459648391829575,-0.852308280669459,-0.535180841938203
0.249,20.0218760946068,15.0656052810997,-1.02234252296151,212.001183486327,175.802800194235,-3830.11320178507,23758.4832487238,-127290.023535585,883428.547235936,6999777.36862853,-513200707.53748,-75883234.1096564,-199663662500.037,151233974779.028,0.0218760946068102,0.05,0.437521892136203,-0.864995175435189,-0.588226477972687
0.25,20.0209456454867,15.2756704842163,-0.834536290278373,208.108590000817,199.90914494605,-3953.90968242641,24352.0341651076,-120302.982121548,270396.008448438,6999511.12190839,-712864370.037517,75350740.6693718,-199547645115.058,-150147327400.576,0.0209456454866981,0.05,0.418912909733962,-0.87417144507155,-0.640329870134816
0.251,20.0202151274901,15.4817823609446,-0.622437427827489,204.095697300903,224.269251901829,-4070.70660666887,24232.7400476848,-113290.820183872,-542242.184146609,6999788.19887747,-912412015.152575,-74796586.7312044,-199190331216.339,149305073008.916,0.0202151274900686,0.05,0.404302549801372,-0.879800250954281,-0.691336808368119
0.252,20.0197088330047,15.6838241143807,-0.3861818566859,199.969510043193,248.070502591114,-4180.50377780638,23201.0934674259,-106303.546099525,-1554249.36490735,6999644.14865073,-1111602346.36891,74508486.2777115,-191933401881.084,-148711303145.501,0.0197088330046888,0.05,0.394176660093777,-0.881858736162461,-0.74109503251824
0.253,20.0194504789579,15.8816859473435,-0.126817765131338,195.737022964955,270.30120709328,-4283.30128005484,21059.0540290205,-99291.4329249266,-2761818.41221681,6999796.98335569,-1303535748.25,-74202816.8677894,199046698981.666,148244969353.284,0.0194504789578929,0.05,0.389009579157857,-0.880338400781012,-0.78945482753696
0.254,20.0194621959765,16.075265062342,0.15350001064073,191.405240744859,289.770389570608,-4379.09900475051,17678.642192509,-92304.0298551126,-3965830.81097597,6999716.65116454,-1104489049.26833,74042152.4854949,199534454744.163,-147910079550.621,0.01946219597653,0.05,0.3892439195306,-0.875245497813616,-0.836269607219527
0.255,20.0197633534524,16.264465661646,0.451404391915833,186.981158197128,305.290348785032,-4467.89699884127,13193.8225993562,-85291.9438076304,-4970552.63287222,6999803.76387472,-904954594.524168,-73867927.0651259,199670015162.147,147652481084.506,0.0197633534524329,0.05,0.395267069048657,-0.866601434622956,-0.881396484107488
0.256,20.0203693876188,16.4491989472677,0.762427184037086,182.471780012951,315.856388886163,-4549.69519990143,7804.07100508229,-78304.4652604408,-5775672.21981532,6999762.07735185,-705284579.362021,73784554.0193806,199716588720.797,-147475955571.942,0.020369387618846,0.05,0.40738775237692,-0.854443112425727,-0.924696823413023
0.257,20.0212907974228,16.6293831210033,1.08119527383659,177.884101052822,320.663397875974,-4624.49363152901,1709.04259370609,-71292.3902320079,-6381098.50481694,6999808.65358526,-505567990.641223,-73691401.5525611,199710080322.202,147351449718.88,0.0212907974228216,0.05,0.425815948456432,-0.838823137721252,-0.96603677877122
0.258,20.0225323394212,16.8049433844246,1.40163027550967,173.225126018406,319.105951138845,-4692.29225969074,-4891.55489304443,-64304.8687042458,-6786811.45529706,6999792.97689214,-305857910.319021,73660048.1663188,199612134931.405,-147282583892.389,0.022532339421236,0.05,0.45064678842472,-0.819809892838548,-1.00528780778894
0.259,20.0240924223578,16.9758119389023,1.71714823331431,168.50184979834,310.778331372054,-4753.09109200618,-11798.0266143458,-57292.7928005859,-6992863.29815038,6999811.73311226,-106245775.387616,-73622535.7260702,198652745421.978,147251867207.388,0.024092422357775,0.05,0.4818484471555,-0.797487465418452,-1.04232716538521
0.26,20.0259627014402,17.1419279856057,2.02085930269507,163.721277104716,295.474442677128,-4806.89011386836,-18810.9040092863,-50305.2503574688,-6999782.700827,6999815.13098988,92406970.0343613,73629331.4813177,-116725470823.426,-147262888380.329,0.0259627014402284,0.05,0.519254028804568,-0.771955437455311,-1.07703837304808
0.261,20.0281278717639,17.3032377255131,2.30576454049557,158.890402842222,273.174184917816,-4853.68932105877,-25783.9374702333,-43293.1643754683,-6965738.46620435,6999813.01828104,-24318500.7890645,-73633556.8990116,-19334593258.6101,147304223321.012,0.0281278717639246,0.05,0.562557435278492,-0.743328535300821,-1.10931166221271
0.262,20.0305656356054,17.4596943594172,2.56488462587476,154.016231733949,243.902519522963,-4893.48871350861,-32765.057619042,-36305.6174317499,-6999724.26362272,6999831.57304253,-43653094.0476747,73670666.4220001,90302659799.5391,-147379596217.208,0.0305656356053561,0.05,0.611312712107122,-0.71173615232751,-1.13904439007716
0.263,20.0332467187545,17.6112580879271,2.79123692952085,149.105758691768,207.63408686726,-4926.28827752594,-39771.5579863887,-29293.5137915326,-6998226.02777063,6999812.44135593,46649565.7518644,-73708929.7952079,-96380036864.8283,147481064202.133,0.033246718754512,0.05,0.66493437509024,-0.677321795662799,-1.16614142629269
0.264,20.0361348527966,17.7578961114772,2.97782000695522,144.165988450556,164.367174959742,-4952.08802487409,-46762.5225707608,-22305.9756377073,-6999766.48045118,6999844.04366178,-49730471.1129639,73772134.4069255,100941583680.41,-147612700122.693,0.0361348527966001,0.05,0.722697055932002,-0.640242492100407,-1.19051550906558
0.265,20.0391867707061,17.8995826303227,3.11763806195974,139.20391592227,114.100686636224,-4970.8879336634,-53770.3306894884,-15293.8476435291,-6999026.15972394,6999809.82800736,51211112.5674458,-73840565.7157674,-103964299426.667,147768690100.993,0.0391867707061166,0.05,0.783735414122333,-0.600668136964061,-1.21208756936019
0.266,20.0423522060459,18.0362988445521,3.20368834631846,134.226545854472,56.8350462064919,-4982.68802612512,-60761.0786761664,-8306.32998336281,-6999797.19686982,6999853.60734209,-52753186.8592214,73928124.3852254,106498313926.852,-147953745864.185,0.0423522060458836,0.0500488123845985,0.846218002545784,-0.55878079246557,-1.23078702198447
0.267,20.0455738931189,18.1680329540764,3.22897490975722,129.240873153014,-7.43028583617236,-4987.48827269016,-67769.502747478,-1294.17127147213,-6999301.22676562,6999804.85879522,53745127.0676311,-74025621.4789593,-108524891032.674,148163415272.286,0.0455738931189451,0.0509995099766495,0.893614333545782,-0.514773939489073,-1.24655202251889
0.268,20.0487875666282,18.2947801586452,3.18649465734905,124.253902579125,-78.695003546315,-4985.28870566018,-74760.0188925486,5693.31467912899,-6999818.54521432,6999860.94495241,-54779763.9650429,74137793.7933266,110352472493.552,-148403476974.176,0.0487875666282491,0.0529383875389104,0.921591474473786,-0.468851686442404,-1.25932968913251
0.269,20.0519219618183,18.4165426578299,3.06925164504603,119.272629026674,-156.959463652444,-4976.08928768782,-81768.8352409965,12705.510608149,-6999422.07293259,6999797.00025864,55572708.5285094,-74265683.1808493,-111966333975.277,148670375012.507,0.0519219618183442,0.0556031245391,0.933795757859485,-0.42122793801226,-1.26907628853328
0.27,20.0548988142574,18.5333296510436,2.87024257590434,114.30405727164,-242.223413075735,-4959.89006159444,-88759.1320153274,19692.9531626527,-6999832.53139172,6999866.50458405,-56393625.4467681,74404691.8316572,113520002704.369,-148971638679.359,0.054898814257367,0.0587702623567768,0.934125730528351,-0.372125527537605,-1.27575738537246
0.271,20.0576328599661,18.6451573375176,2.58247155433134,109.35518218981,-334.48713029422,-4936.69098154914,-95768.2413589918,26705.193406706,-6999466.1554863,6999785.37707602,57126377.2576011,-74566946.8477015,-115001174479.637,149304308424.938,0.0576328599660911,0.0622518928566383,0.925800924621128,-0.321775316228176,-1.27934795464726
0.272,20.0600318352536,18.7520489163259,2.19893514758764,104.433008573107,-433.750375383682,-4906.49210226552,-102758.311188263,33692.5793617623,-6999840.36546852,6999870.58444079,-57874797.2220358,74737361.5772366,116545273897.925,-149678847744.571,0.0600318352536213,0.0658923839638585,0.911058784677579,-0.270415263120074,-1.27983245670608
0.273,20.0619964768479,18.854034586354,1.71263753630965,99.5445312723525,-540.013396501137,-4869.29336800326,-109767.664740026,40704.8721523676,-6999442.52574159,6999768.52214574,58670476.6758894,-74941486.1673347,-118141016288.408,150092689377.522,0.0619964768478809,0.06956517104822,0.891199948389507,-0.21828946926996,-1.27720487470454
0.274,20.0634205217565,18.9511515463286,1.11657519377893,94.6967550967229,-653.275926633599,-4825.09484797546,-116757.462196811,47692.1853796593,-6999842.5572099,6999873.38066717,-59470539.6125185,75151203.2101876,120108748808.31,-150561470075.788,0.063420521756548,0.0731696399971282,0.866760062766978,-0.165647200248431,-1.27146871440416
0.275,20.0641907074211,19.0434439947775,0.403752418587815,89.8966748636219,-773.538217334417,-4773.89647409952,-123767.021899026,54704.5407835856,-6999258.72241827,6999743.84883946,60638209.1957918,-75410266.8656004,-122437110185.347,151082868543.692,0.0641907074211012,0.0766281248621986,0.837691220247609,-0.112741890612041,-1.26263696646928
0.276,20.0641867715935,19.1309631300649,-0.43283434653372,85.1512954008185,-900.79986377271,-4715.6983346498,-130756.367701877,61691.7599770829,-6999839.06831515,6999875.0162457,-61798900.9895555,75672601.6780914,123457359938.884,-151682418264.181,0.0641867715935227,0.0798830399604427,0.803509376024089,-0.0598301345542298,-1.25073203143871
0.277,20.0632814525837,19.2137671503398,-1.40018058014496,80.4676114809982,-1035.06130676891,-4650.50034516507,-137766.52999403,68704.1908911236,-6999909.28933526,6999706.4087917,61658458.9493289,-76009816.5860894,199800585072.358,152357935968.136,0.0632814525836594,0.0828941632871568,0.763400583035548,-0.00717066648659875,-1.23578560783482
0.278,20.0613404893902,19.2919212535793,-2.50528756935178,75.8526279515872,-1176.30918997341,-4578.30262112499,-144702.309956379,75691.2853809503,-6838350.53784975,6999875.56018968,261459044.021687,76348119.3820464,199917742376.675,-153156402113.895,0.0613404893902327,0.0856360851251351,0.716292545374995,0.044976664207909,-1.21783854386269
0.279,20.0582226476995,19.3654976375196,-3.755075079285,71.3133395239477,-1324.37876878544,-4499.10505479413,-151376.611348488,82703.808933812,-6476932.62263972,6999645.47851478,461376786.398362,-76808282.731849,199938445690.394,154075699079.907,0.0582226476994521,0.088095832787383,0.660901269189099,0.0963519304487711,-1.19694065346589
0.28,20.0537798880509,19.4345754997101,-5.15620075232864,66.8567510648193,-1478.90861954561,-4412.90780468072,-157589.532503647,89690.7295541409,-5915586.61339616,6999875.04532288,661315232.088756,77267416.348058,199943332245.999,-155219559408.065,0.0537798880508618,0.09027067959059,0.595762525493027,0.14669621847768,-1.17315049745186
0.281,20.0478577273726,19.4992410374173,-6.71486084823254,62.4898571967359,-1639.33739517843,-4319.71072718284,-163141.137612291,96703.3683810698,-5154299.71518441,6999532.68196691,861258564.334754,-77952143.0600073,199940381919.395,156585929518.637,0.0478577273725556,0.0921661433823719,0.519254963007479,0.195752788365105,-1.14653513075377
0.282,20.0402958003295,19.5595874476936,-8.43659031022629,58.2196627994007,-1804.90380870501,-4219.5140600709,-167831.484648322,103690.022646426,-4193070.95988996,6999873.50366622,1061198946.25415,78633786.4586293,199928970659.264,-158496385248.21,0.040295800329492,0.0937941773303224,0.429619422830258,0.243268301793591,-1.11716981677706
0.283,20.0309286206105,19.6157149272299,-10.3260628237179,54.0531623518415,-1974.64663196846,-4112.31759905762,-171460.634639975,110702.796979114,-3031907.52830617,6999259.09750074,1261127916.91341,-79862598.7895808,199900443304.788,160949351865.906,0.030928620610517,0.0951715531656445,0.324977575564899,0.288994112159062,-1.08513771019805
0.284,20.0195865421559,19.6677306724422,-12.3868908780942,49.9973607080927,-2147.4047032013,-3998.12177673989,-173828.661469273,117688.949669198,-1670829.38974036,6999871.17464411,1461028360.2182,81086753.0763257,199806655963.357,-167158541157.712,0.0195865421559347,0.0963184347655221,0.203351956493232,0.332687611749319,-1.0505295093583
0.285,20.0060969203175,19.7157488791917,-14.6214258423579,46.05925203701,-2321.81694936141,-3876.92634196374,-174735.675569577,124701.50446352,-109897.701540484,6997378.65714158,1660835016.18156,-86071788.0813864,-170640510059.922,177127123631.298,0.00609692031751763,0.0972571377737728,0.0626886669408215,0.374113630543267,-1.01344307994598
0.286,19.9902854724121,19.759890742728,-17.030561166333,42.2458405667891,-2496.33787796698,-3748.73311317284,-174043.595848037,131685.368413893,1465617.05961111,6999870.43087584,1490194506.12164,91055335.5499121,-199802143001.373,-182081235278.718,0.00971452758789937,0.0980110690246193,0.0991166373816328,0.413045880775178,-0.97398305127912
0.287,19.971977808249,19.8002844564668,-19.6136161462941,38.5641190595237,-2669.40862462348,-3613.54022037239,-171866.181892532,138700.419639997,2855910.49423206,6999885.1487864,1290392363.12026,-91025899.7288064,-199893557945.532,-199790759187.603,0.0280221917510275,0.0986038377345496,0.284189666394788,0.449268429851864,-0.932260387406355
0.288,19.9510009728986,19.8370652127786,-22.3684297762127,35.0210902388273,-2839.64011477329,-3471.36335375625,-168398.390809731,145621.493379055,4046356.07837956,6808963.86946379,1090498805.17473,-290816658.916409,-199920462129.962,-199905921840.137,0.0489990271013738,0.0990585289562961,0.494647231466478,0.482577133563891,-0.888391933518371
0.289,19.9271848340745,19.8703751725951,-25.2915509222648,31.6236586758287,-3005.84190776223,-3322.39417729903,-163840.105405786,152251.73126542,5036894.65248931,6418194.24962731,890578343.044768,-490722580.756547,-199929206994.234,-199926555620.641,0.0728151659254515,0.0993971280743955,0.732568106705776,0.512780957980465,-0.84249995262012
0.29,19.9003632725286,19.9003632725286,-28.3784379589336,28.3784379503752,-3167.02346650155,-3167.02346627874,-158391.243116273,158391.243132066,5827508.39203696,5827508.39106044,690649136.050534,-690649136.377187,-199926555620.667,-199929206993.574,0.0996367274714096,0.099640083862283,0.999966314852986,0.539703168706427,-0.794711706062873
0.291,19.8703751725865,19.9271848340661,-31.6236586846019,25.2915509139369,-3322.39417750561,-3005.84190752416,-152251.731248814,163840.105420439,6418194.25027716,5036894.65118647,490722580.429866,-890578343.370761,-199905921839.217,-199920462128.183,0.0728151659338963,0.0993971280743167,0.732568106791317,0.563182382014663,-0.745159093441834
0.292,19.837065212761,19.951000972882,-35.0210902477987,22.36842976813,-3471.36335394596,-2839.64011452128,-145621.493361962,168398.390822919,6808963.86978741,4046356.07675161,290816658.590649,-1090498805.49894,-199790759178.249,-199893557940.298,0.0489990271180289,0.0990585289560993,0.494647231635595,0.583073474032902,-0.693978353901091
0.293,19.8002844564402,19.9719778082244,-38.5641190686762,19.6136161384697,-3613.5402205449,-2669.40862435915,-138700.419622742,171866.181903931,6999885.14878894,2855910.49228252,91025899.4123993,-1290392363.43924,-182081234661.685,-199802142976.973,0.0280221917756371,0.0986038377341908,0.284189666645403,0.599248344756389,-0.641309829885928
0.294,19.7598907426922,19.9902854723798,-42.2458405761055,17.0305611587783,-3748.73311332812,-2496.33787769228,-131685.368396691,174043.595857331,6999870.43087049,1465617.05735479,-91055335.2492855,-1490194506.41621,177127122791.768,-170640509687.533,0.00971452762019709,0.0980110690240514,0.0991166377117384,0.611596534256261,-0.587297794115768
0.295,19.7157488791465,20.0060969202778,-46.0592520464731,14.6214258350822,-3876.9263421018,-2321.81694907857,-124701.504446313,174735.67557653,6997378.65701709,-109897.703905192,86071787.5424823,-1660835016.10375,-167158539832.164,199806656186.201,0.00609692027779829,0.0972571377729455,0.0626886665329596,0.620025689798168,-0.532090340276391
0.296,19.6677306723874,20.0195865421091,-49.9973607176852,12.3868908711044,-3998.12177686084,-2147.40470291267,-117688.949652163,173828.661473937,6999871.17464349,-1670829.39191584,-81086752.289682,-1461028359.91755,160949350254.381,199900443311.905,0.019586542109078,0.0963184347643842,0.203351956009157,0.624461896379383,-0.475839336568955
0.297,19.6157149271655,20.0309286205568,-54.0531623615465,10.3260628170187,-4112.31759916147,-1974.64663167621,-110702.796961956,171460.634642614,6999259.097481,-3031907.53017743,79862597.9646987,-1261127916.60564,-158496383560.753,199928970661.568,0.0309286205568142,0.0951715531641448,0.324977575005746,0.624849921481907,-0.418700425736298
0.298,19.5595874476194,20.0402958002692,-58.219662809201,8.43659030382033,-4219.51406015767,-1804.90380841101,-103690.022629419,167831.484649244,6999873.50366532,-4193070.96145229,-78633785.5960539,-1061198945.94407,156585927765.768,199940381921.121,0.040295800269238,0.0937941773284121,0.429619422196601,0.621153386360509,-0.360833005368615
0.299,19.4992410373333,20.047857727306,-62.4898572066144,6.71486084212081,-4319.71072725254,-1639.33739488423,-96703.368363924,163141.137611807,6999532.68195215,-5154299.7164358,77952142.1697146,-861258564.022952,-155219557599.877,199943332247.665,0.0478577273060381,0.0921661433800066,0.519254962299093,0.613354862132199,-0.30240012645651
0.3,19.4345754996162,20.0537798879784,-66.856751074759,5.15620074651067,-4412.90780473335,-1478.90861925247,-89690.7295371537,157589.532502067,6999875.04532192,-5915586.61433492,-77267415.4301621,-661315231.775286,154075697224.119,199938445692.372,0.0537798879783757,0.0902706795877332,0.595762524708896,0.601455891015348,-0.243568299205641
0.301,19.3654976374157,20.0582226476213,-71.3133395339315,3.75507507375923,-4499.1050548297,-1324.3787684943,-82703.8089166761,151376.611346127,6999645.47850382,-6476932.62326402,76808281.7939571,-461376786.082914,-153156400218.013,199917742379.758,0.0582226476213066,0.0880958327840078,0.660901268327369,0.585476932599215,-0.184507206898843
0.302,19.2919212534654,20.0613404893067,-75.8526279615981,2.50528756411589,-4578.3026211435,-1176.30918968488,-75691.2853639784,144702.309953551,6999875.56018877,-6838350.53815705,-76348118.4240558,-261459043.703156,152357934036.322,199800585071.751,0.0613404893067013,0.0856360851212283,0.71629254443225,0.56545723577193,-0.125389329161231
0.303,19.2137671502159,20.063281452495,-80.467611491019,1.40018057519614,-4650.50034516654,-1035.06130648332,-68704.1908739956,137766.529991055,6999706.40878288,-6999909.28932433,76009815.612266,-61658458.6314045,-151682416300.435,123457359198.207,0.0632814524950334,0.0828941632827229,0.763400582007234,0.541454636828946,-0.0663894763412914
0.304,19.130963129931,20.0641867715001,-85.1512954108322,0.43283434186902,-4715.69833463422,-900.799863490061,-61691.7599601233,130756.367698948,6999875.01624492,-6999839.06835663,-75672600.6881695,61798900.5668029,151082866550.159,-122437114664.731,0.0641867715000757,0.0798830399555067,0.80350937490394,0.51354528488564,-0.00768423711597094
0.305,19.0434439946335,20.0641907073231,-89.8966748736116,-0.403752422971393,-4773.8964740669,-773.538217054975,-54704.5407664641,123767.021895097,6999743.84883183,-6999258.72512219,75410265.8619896,-60638214.0979281,-150561468054.501,120108763921.619,0.064190707323128,0.0766281248568117,0.837691219027943,0.481823295742057,0.0505486557436526
0.306,18.9511515461747,20.0634205216543,-94.6967551066714,-1.11657519788556,-4825.0948479258,-653.275926359626,-47692.1853627103,116757.462190246,6999873.38066657,-6999842.55725931,-75151202.1925112,59470549.8236908,150092687329.466,-118141036627.371,0.0634205216543258,0.0731696399913708,0.866760061438121,0.446400335844067,0.108131018552256
0.307,18.8540345861901,20.0619964767417,-99.5445312822428,-1.71263754014534,-4869.29336793657,-540.013396232898,-40704.8721352518,109767.664735127,6999768.52213879,-6999442.52574931,74941485.1369546,-58670486.8036805,-149678845670.666,116545294090.567,0.0619964767416832,0.0695651710422078,0.891199946939936,0.40740513807072,0.164884920115597
0.308,18.7520489161522,20.0600318351437,-104.433008582922,-2.19893515115779,-4906.4921021818,-433.750375121192,-33692.5793448229,102758.311181658,6999870.58444041,-6999840.3655077,-74737360.5337113,57874807.2868863,149304306325.465,-115001193784.567,0.0600318351437181,0.065892383957746,0.911058783094174,0.364982951502216,0.220633382332289
0.309,18.6451573373341,20.0576328598527,-109.355182199533,-2.58247155764205,-4936.6909814484,-334.487130037481,-26705.1933895952,95768.241354163,6999785.37706943,-6999466.1551131,74566945.7917533,-57126386.4976809,-148971636554.58,113520020378.352,0.0576328598527418,0.0622518928506254,0.925800922889733,0.319294927437988,0.27520107542319
0.31,18.5333296508505,20.0548988141408,-114.304057281254,-2.87024257896091,-4959.89006147668,-242.223412824442,-19692.9531457223,88759.1320091975,6999866.5045839,-6999832.5314216,-74404690.7628266,56393633.8806709,148670372862.239,-111966350007.454,0.0548988141408273,0.058770262351112,0.93412572863542,0.270517444302302,0.328415004812502
0.311,18.4165426576272,20.0519219616989,-119.272629036162,-3.06925164785416,-4976.08928755304,-156.959463406559,-12705.5105910427,81768.8352363816,6999797.00025219,-6999422.07254466,74265682.0994124,-55572716.1267835,-148403474798.232,110352486868.717,0.05192196169887,0.0556031245340872,0.933795755794974,0.218841374201381,0.38010518719274
0.312,18.2947801584332,20.0487875665061,-124.253902588469,-3.18649465991373,-4985.28870550839,-78.6950033055176,-5693.31466220722,74760.0188869183,6999860.94495248,-6999818.54523708,-74137792.6988199,54779770.741933,148163413070.138,-108524903774.291,0.0487875665060997,0.0529383875349125,0.921591472235996,0.164471294213921,0.430105312920332
0.313,18.168032953855,20.0455738929943,-129.240873162197,-3.22897491208375,-4987.48827252136,-7.43028560041807,1294.17128857421,67769.5027430898,6999804.85878873,-6999301.2263823,74025620.3713183,-53745133.0323585,-147953743635.318,106498325055.612,0.0455738929943479,0.0509995099740943,0.893614331147448,0.107624645623444,0.478253392381619
0.314,18.0362988443217,20.0423522059191,-134.226545863478,-3.20368834841152,-4982.68802593931,56.8350464375192,8306.33000027604,60761.078671034,6999853.60734239,-6999797.19688685,-73928123.2639993,52753192.0232536,147768687844.587,-103964308896.925,0.0423522059190695,0.0500488123839825,0.84621800002239,0.0485308445713688,0.524392383596018
0.315,17.8995826300833,20.0391867705773,-139.203915931082,-3.1176380638242,-4970.88793346058,114.100686862576,15293.8476606272,53770.3306853426,6999809.82800068,-6999026.15931206,73840564.5805878,-51211116.8736714,-147612697837.931,100941591444.499,0.0391867705773166,0.05,0.783735411546331,-0.012569652271539,0.568370798876095
0.316,17.7578961112292,20.0361348526661,-144.165988459157,-2.97782000859545,-4952.08802465427,164.367175181761,22305.9756546119,46762.5225661678,6999844.0436623,-6999766.48046348,-73772133.2573429,49730474.5708277,147481061887.898,-96380042647.4866,0.0361348526660557,0.05,0.722697053321113,-0.0754263231941735,0.610043287933279
0.317,17.6112580876705,20.0332467186224,-149.10575870014,-2.79123693094126,-4926.28827728912,207.634087085015,29293.5138086268,39771.5579825485,6999812.44134891,-6998226.02721639,73708928.6305556,-46649568.0766589,-147379593872.363,90302663321.5506,0.0332467186224434,0.05,0.664934372448869,-0.13977959416771,0.649271195515916
0.318,17.4596943591524,20.030565635472,-154.016231742076,-2.56488462707932,-4893.48871325479,243.902519736914,36305.6174486456,32765.0576151806,6999831.57304328,-6999724.26363228,-73670665.2418076,43653095.2448917,147304220944.095,-19334595870.5597,0.0305656354719588,0.05,0.611312709439176,-0.205361884699158,0.68592309106734
0.319,17.3032377252403,20.0281278716294,-158.890402850087,-2.30576454148808,-4853.68932078796,273.174185127992,43293.1643925587,25783.9374665257,6999813.01827352,-6965738.46632266,73633555.7022873,24318499.374332,-147262885969.795,-116725467848.938,0.0281278716294295,0.05,0.562557432588591,-0.271898682623911,0.71987526895053
0.32,17.1419279853252,20.0259627013048,-163.721277112301,-2.02085930347931,-4806.89011358056,295.474442883425,50305.250374355,18810.9040052487,6999815.13099091,-6999782.7008728,-73629330.2675081,-92406968.4746065,147251864761.309,198652745257.549,0.0259627013048487,0.05,0.519254026096974,-0.339109643518752,0.751012218393347
0.321,16.9758119386144,20.0240924222217,-168.501849805629,-1.71714823389421,-4753.09109170139,310.778331574544,57292.7928176724,11798.0266110149,6999811.73310406,-6992863.29671863,73622534.4938013,106245776.782943,-147282581408.675,199612135023.309,0.0240924222217132,0.05,0.481848444434263,-0.406709710345466,0.779227065196249
0.322,16.8049433841295,20.0225323392847,-173.225126025382,-1.40163027588846,-4692.29225936898,319.105951338956,64304.8687211219,4891.55489185828,6999792.97689352,-6786811.45242403,-73660046.9148737,305857911.806252,147351447194.941,199710080381.191,0.0225323392846946,0.05,0.450646785693891,-0.474410248860192,0.804421964868421
0.323,16.6293831207014,20.021290797286,-177.884101059468,-1.08119527401531,-4624.49363119026,320.663398076586,71292.3902490905,-1709.04259126576,6999808.65357612,-6381098.50042719,73691400.2800678,505567992.187443,-147475953004.819,199716588777.287,0.0212907972860066,0.05,0.425815945720132,-0.541920194269851,0.826508478528128
0.324,16.4491989469593,20.0203693874819,-182.471780019249,-0.762427184013184,-4549.69519954571,315.85638909167,78304.4652773058,-7804.07099746968,6999762.07735377,-5775672.2138511,-73784552.7247515,705284580.96473,147652478470.588,199670015231.616,0.0203693874819386,0.05,0.407387749638772,-0.608947204596901,0.845407979323463
0.325,16.2644656613315,20.0197633533157,-186.981158203062,-0.451404391681557,-4467.89699846858,305.290349001403,85291.943824709,-13193.8225849665,6999803.76386432,-4970552.62527056,73867925.7458362,904954596.196346,-147910076885.444,199534454842.967,0.0197633533156534,0.05,0.395267066313068,-0.675198816174604,0.861052097653329
0.326,16.0752650620218,20.0194621958401,-191.405240750412,-0.15350001018155,-4379.09900436085,289.770389805453,92304.0298719653,-17678.642169665,6999716.65116743,-3965830.80165273,-74042151.1396073,1104489051.03931,148244966631.548,199046698773.375,0.0194621958400987,0.05,0.389243916801973,-0.740383596734848,0.873383203554587
0.327,15.8816859470179,20.019450478822,-195.73702297011,0.126817765838411,-4283.30127964822,270.301207355917,99291.4329420015,-21059.0539960025,6999796.9833436,-2761818.40122673,74202815.4919408,1303535749.81269,-148711300359.618,-191933407991.209,0.0194504788220442,0.05,0.389009576440884,-0.804212291520021,0.882354924253159
0.328,15.6838241140502,20.0197088328697,-199.969510047933,0.386181857673965,-4180.50377738281,248.07050289227,106303.546116364,-23201.0934236548,6999644.14865573,-1554249.35540964,-74508484.8676776,1111602341.82148,149305070150.332,-199190330423.161,0.0197088328696893,0.05,0.394176657393785,-0.866398957958428,0.887932694491482
0.329,15.4817823606095,20.0202151273562,-204.095697305211,0.622437429139995,-4070.70660622834,224.26925225078,113290.820200945,-24232.7399965576,6999788.19886321,-542242.178799746,74796585.2826545,912412011.398317,-150147324452.774,-199547644916.743,0.0202151273562095,0.05,0.404302547124189,-0.926662084409001,0.890094325064465
0.33,15.2756704838772,20.0209456453543,-208.108590004676,0.83453629196613,-3953.90968196893,199.909145348184,120302.982138374,-24352.0341104776,6999511.12191948,270396.010140201,-75350739.1701191,712864366.481574,151233971724.479,-199663662408.968,0.0209456453543382,0.05,0.418912907086764,-0.984725688671806,0.888830522315373
0.331,15.0656052807569,20.0218760944764,-212.001183489719,1.02234252507885,-3830.11320131064,175.802800651256,127290.023552662,-23758.4831941648,6999777.3686116,883428.545417291,75883232.5543602,513200704.072606,-152947391836.756,-199712380920.891,0.0218760944763545,0.05,0.43752188952709,-1.04032039190179,0.884145290813511
0.332,14.8517105477478,20.0229824194634,-215.766483162453,1.18643304131675,-3699.31701467624,152.563243831274,134302.251305578,-22651.7396935313,6999186.90524758,1296773.05902945,-77064159.2823957,313488323.151715,155284947177.661,-199729547344.62,0.0229824194633785,0.05,0.459648389267571,-1.09318446386627,0.876056204462468
0.333,14.6341170809928,20.0242414152039,-219.397484437291,1.327897941745,-3561.52154373845,130.603816656643,141288.786955714,-21231.5107308168,6999765.21955402,1510396.60850886,78220787.895265,113758775.807095,-162550909741.561,-199724628591.493,0.0242414152038748,0.05,0.484828304077496,-1.14306483535742,0.86459454478055
0.334,14.4129626759978,20.0256311400726,-222.887193055406,1.44814081138141,-3416.72661032955,110.138142166524,148300.570750926,-19697.522172503,6996710.5525785,1524293.0700202,-84330121.8462959,-85965852.7843984,174919717874.081,-199696326881.721,0.0256311400726119,0.05,0.512622801452238,-1.18971807405953,0.84980530609888
0.335,14.1883921274688,20.0271311295532,-226.228605318025,1.5486789952601,-3264.93445100106,91.1801182066136,155284.269528893,-18249.4947500219,6999840.28966924,1338479.05379495,90589596.0277852,-285662179.66612,-199083044771.385,-199631304842.524,0.0271311295531831,0.05,0.542622591063662,-1.23291131993115,0.831747067976206
0.336,13.9605572277753,20.0287224101373,-229.414728878673,1.63094387974897,-3106.1434581882,73.5439346491763,162296.224109115,-17087.1186702005,6990888.36331133,953001.221707564,-108493448.7436,-485293484.508644,-199721596381.734,-199482532480.184,0.0287224101372665,0.05,0.57444820274533,-1.27242317711372,0.810491735663909
0.337,13.7296167666437,20.0303873135184,-232.438565261653,1.69608120568371,-2940.37819387207,56.8441225702249,169199.578815324,-16410.0112794939,6782534.11637687,367966.470958828,-308215045.125333,-684776016.988828,-199784559448.327,-199007284506.336,0.0303873135184389,0.05,0.607746270368779,-1.3080445579252,0.786124149982447
0.338,13.4957364919746,20.0321090911326,-235.293227750929,1.74475145963127,-2767.84704152939,40.4956732198578,175794.707982563,-16417.6006977806,6374426.79152737,-416313.188283169,-507999604.57366,-883783301.495164,-199777512233.952,78459971856.4693,0.0321090911326039,0.05,0.642181822652077,-1.33957949155802,0.758741568495214
0.339,13.2590889009112,20.0338713295598,-237.972137865465,1.77693277649972,-2588.95811081483,23.7258878765138,181881.838719765,-17262.7288748352,5766538.43083673,-1260866.5038501,-707777116.807612,-805323329.638694,-199711032620.073,199034009111.512,0.0338713295597906,0.05,0.677426591195811,-1.36684594595874,0.728453020551017
0.34,13.0198528317271,20.0356571891881,-240.469225122153,1.79178525899952,-2404.31928702547,5.70679827852674,187261.203420095,-18893.0847086527,4958905.79771908,-1966672.82893304,-907488149.427684,-606289320.527182,-199461135571.896,199503823795.49,0.0356571891880506,0.05,0.713143783761012,-1.3896766712132,0.695378547888836
0.341,12.7782128559436,20.0374485922787,-242.779126797351,1.78769413659574,-2214.73818961207,-14.2623584053556,191733.121620504,-21129.6515605501,3951687.08050545,-2473210.23756247,-1106949284.99958,-406785496.731692,21280405528.1849,199653122323.628,0.0374485922787144,0.05,0.748971845574289,-1.40792006129036,0.659648383814058
0.342,12.5343584710303,20.0392255274645,-244.89738575719,1.76243946508417,-2021.21282931525,-36.6880937873788,195134.880792765,-23772.9790260912,2855377.99826996,-2780169.17313235,-1085668879.4714,-207132374.408064,199438679594.831,199720511202.859,0.0392255274645024,0.05,0.784510549290047,-1.42144103056363,0.62140214016681
0.343,12.2884831115424,20.0409655434304,-246.82059882399,1.71339455407688,-1824.82289439161,-61.8773577744707,197480.664131232,-26623.4276345604,1869428.45859598,-2887441.29193898,-886230199.876565,-7411863.20520449,199682855125.37,199753059180.562,0.0409655434304241,0.05,0.819310868608483,-1.430121894575,0.580788033934681
0.344,12.0407830855002,20.0426434419733,-248.546405077141,1.637725598051,-1626.54690094543,-89.9374183214023,198940.257965743,-29481.2826815719,1083039.6862821,-2794976.62555391,-686547344.751194,192341195.975358,199735804023.743,199765152565.224,0.0426434419732828,0.05,0.852868839465657,-1.43386320945294,0.537962160475684
0.345,11.7914566033651,20.044231170738,-250.073328284163,1.53259138787733,-1427.17122536884,-120.775808901732,199713.313280321,-32146.7945170439,496360.243542778,-2502752.85329594,-486811540.727451,392106348.540581,199700753464.267,199760690754.818,0.0442311707380014,0.05,0.884623414760028,-1.43258450081689,0.493087816216596
0.346,11.5407029919227,20.045697915686,-251.400578745826,1.39534305867847,-1227.28254635881,-154.100305425219,199999.55121241,-34420.2007476105,109399.07954746,-2010766.15937795,-287110787.263184,591867039.295399,199461026505.161,199737130488.11,0.0456979156859703,0.05,0.913958313719405,-1.42622484319701,0.446334873393927
0.347,11.288722107605,20.0470103933195,-252.527853584173,1.22372385078894,-1027.2678365284,-189.418922365532,199998.638402744,-36101.7438655927,-77981.1944631431,-1319030.55483849,-87649760.7580226,791604169.783509,198259931554.579,199682306580.068,0.0470103933195318,0.05,0.940207866390637,-1.41474328233492,0.397879209180818
0.348,11.0357139495047,20.0481333426662,-253.455137098273,1.0160688655911,-827.314536185863,-226.039927384139,199909.875649827,-36991.6919511094,-66500.989443876,-427585.231764948,110610170.796557,991286476.363577,508326892.535733,199554628105.606,0.0481333426662474,0.05,0.962666853324947,-1.39811909899563,0.347902191315042
0.349,10.7818784716025,20.049030217008,-254.182503167139,0.771504794584529,-627.419454822005,-263.071882762233,199898.764466931,-36890.3748400083,44363.3447989487,663478.558651432,111118497.689092,1190841104.46918,-187781833754.144,199136539014.004,0.0490302170079815,0.05,0.98060434015963,-1.37635191383792,0.29659022210771
0.35,10.5274155776824,20.0496640753106,-254.709962780748,0.490149582012578,-427.487813176133,-299.423747449711,199967.390088282,-35598.2863059533,61590.9256109693,1953887.93262762,-76663336.0650512,1389977643.48319,45461699277.3919,-168307672653.413,0.0496640753105702,0.05,0.993281506211403,-1.34946163984614,0.244134342466157
0.351,10.272525200884,20.0499986727325,-255.037459449184,0.173308852569868,-227.500510610253,-333.820439668464,199998.22629574,-32977.4608303596,7658.43918461401,3259711.7397841,-31201636.7876593,1221669970.82977,37762067249.747,-199163335731.639,0.0499986727325208,0.05,0.999973454650416,-1.31748832154967,0.190729897095794
0.352,10.0174073243287,20.0499997208471,-255.164960555624,-0.176407789002826,-27.5020819482504,-364.972731439449,199996.577594405,-29140.1079944493,-4662.16397817175,4381800.04274805,6560430.46208776,1022506635.09813,16878844869.3023,-199544584766.559,0.0499997208470759,0.05,0.999994416941519,-1.28049191852929,0.136576250465095
0.353,9.76226194537891,20.0496361608264,-255.092464711794,-0.555179332860785,172.493961254446,-391.759835997706,199998.00878647,-24280.3120649466,10337.6889185671,5304534.38546291,23439275.33139,822962050.331576,-144893544472.334,-199650203571.741,0.0496361608264309,0.05,0.992723216528617,-1.23855203317946,0.0818764927305478
0.354,9.50728906107403,20.0488812824599,-254.819970254008,-0.958162609492987,372.495008200244,-413.259039286682,199995.917188975,-18597.5716882465,-38669.8079862097,6027671.33400861,-121454269.140944,623311846.759835,155638559415.847,-199664985360.032,0.048881282459881,0.05,0.97762564919762,-1.19176755338043,0.0268370709419919
0.355,9.2526886685698,20.0477136468054,-254.347487495788,-1.37969151528272,572.457833047012,-428.747209374521,199922.460006321,-12291.521928418,-82304.7974192296,6551150.68808843,34184290.2749037,423646861.399802,136848791867.051,-199575115431.922,0.0477136468053949,0.05,0.954272936107898,-1.14025621414258,-0.0283326694580144
0.356,8.9986607274461,20.0461178093163,-253.675079585452,-1.81347663834684,772.350540069331,-437.700863778471,199880.055486017,-5561.81032886828,20303.8887891996,6875009.99177227,171033082.141955,224071745.967881,-197038092563.971,-198630404334.191,0.0461178093162573,0.05,0.922356186325146,-1.08415410109493,-0.0834210320527161
0.357,8.74540513847087,20.0440848433278,-252.802780149264,-2.25280489122174,972.26104309291,-439.796100087306,199953.036233784,1392.1304684989,92817.9246491689,6999766.53557306,-26005010.4220162,25441341.6336893,-199262933685.376,-64249079783.1059,0.0440848433277736,0.05,0.881696866555473,-1.023615076392,-0.138214603452034
0.358,8.49312181772315,20.041612664188,-251.730529862466,-2.69073777367196,1172.24785149838,-434.902523172405,199999.641164274,8393.90949492495,-32818.5526155356,6993083.33731519,-225267944.107393,-38807738.1494166,-199657009658.122,90859616041.8437,0.0416126641879657,0.05,0.832253283759314,-0.958810098410644,-0.192498971047421
0.359,8.24201074153798,20.0387061653189,-250.458298710117,-3.12027868803297,1372.18521968692,-423.014754147846,199820.912471329,15382.7322325057,-357915.001551989,6999705.4071867,-424924953.765514,52051877.8924271,-199714584554.649,-107445312677.565,0.0387061653188923,0.05,0.774123306377845,-0.889926487285004,-0.246059517029914
0.36,7.99227182019157,20.0353772349814,-248.98628205619,-3.53443418504606,1571.74803239083,-404.127970786793,199217.249228801,22390.5560265257,-882697.247594828,6998034.62874034,-624639538.320163,-55393434.7851376,-199666009701.549,114211126792.181,0.0353772349814179,0.05,0.707544699628357,-0.817167195302223,-0.298682258236347
0.361,7.74410457276475,20.0316447598521,-247.315100205923,-3.92620189501519,1770.41150698904,-378.242870888078,197988.954543763,29379.9291256722,-1607169.79076577,6999746.75735129,-824305548.021713,58817692.0070435,-199418839291.145,-117315210480.926,0.0316447598521066,0.05,0.632895197042131,-0.740750095881483,-0.35015468657874
0.362,7.49770760235982,20.0275346251598,-245.445998091182,-4.28858670377046,1967.45118326111,-345.358153568833,195936.395505771,36389.5321939468,-2531184.75843305,6999906.84411787,-1023724387.31286,-58497518.4738824,-137855635447.987,-199799551890.912,0.0275346251598272,0.05,0.550692503196544,-0.660907294217359,-0.400266602908676
0.363,7.25327787173766,20.0230797151991,-243.381044378274,-4.61458754249451,2161.94562167164,-305.486742520568,192870.37261444,43326.8903535126,-3623836.9634699,6841509.54969853,-1161580022.76085,-258297070.364794,199444329202.056,-199921972835.826,0.0230797151991169,0.05,0.461594303982338,-0.577884462223782,-0.448810939536319
0.364,7.01100978483629,20.0183198880665,-241.123314280254,-4.89728301664107,2352.81878931426,-258.790476986135,188698.986361124,50005.9310392228,-4685694.82162972,6483251.49291583,-962135693.558789,-458219043.20062,199705010216.997,-199944583927.043,0.0183198880665074,0.05,0.366397761330148,-0.491940198185013,-0.495584578511562
0.365,6.77109412680403,20.0133018101725,-238.676965371675,-5.13001074485711,2539.02289335774,-205.627621065318,183565.507861084,56226.7489132171,-5547978.01008001,5925060.15775168,-762430683.341792,-658163627.127663,199774862614.042,-199951584944.236,0.0133018101725,0.05,0.26603620345,-0.403345392821552,-0.540389207560754
0.366,6.53371702988847,20.008078597857,-236.047114490543,-5.3065665711872,2719.69566438583,-146.556367327119,177669.610319769,61789.4019932476,-6210521.26211478,5166920.7381519,-562655820.727749,-858115212.071899,199784544060.387,-199951698568.428,0.00807859785702547,0.05,0.161571957140509,-0.312382538287532,-0.58303223096603
0.367,6.2990591116488,20.0027092591955,-233.239640886996,-5.421404505126,2894.17456246043,-82.3348554875812,171211.0585713,66493.9398422688,-6673284.81081233,4208829.67679579,-362871276.667362,-1058066910.64033,199728378090.244,-199945481472.909,0.00270925919554088,0.05,0.0541851839108176,-0.219344925246882,-0.623327734382587
0.368,6.06729481241941,19.997257935859,-230.260986464618,-5.46983667141326,3061.99682209596,-13.9211763537492,164389.626185169,70140.4118168323,-6936291.89843457,3050790.02541901,-163142898.577118,-1258012392.11324,199213078105.028,-199927686431.956,0.00274206414104583,0.05,0.0548412828209166,-0.12453572086492,-0.661097499709448
0.369,5.83859193254186,19.9917929450231,-227.117956015591,-5.44823326010142,3222.89941239374,57.5266314235058,157404.96501713,72528.8743651227,-6999828.25795918,1692813.79008979,36070179.5279104,-1457940078.54519,-70407182946.7505,-199867334432.44,0.00820705497686447,0.05,0.164141099537289,-0.0282669314447039,-0.696172065889618
0.37,5.61311136893659,19.9863856213313,-223.817519842534,-5.35422246892806,3376.80754134586,130.650594864981,150411.437318444,73459.4068935345,-6998961.66990464,134940.044328379,-34337003.4188401,-1657807412.97763,67115692786.5499,163896695664.62,0.0136143786687128,0.05,0.272287573374257,0.0691417457442345,-0.728391831341731
0.371,5.39100702962129,19.9811089594293,-220.366673947552,-5.186887390112,3523.71657148264,203.90799957417,143406.493095628,72792.7593473182,-6999740.82693021,-1440919.02081694,32778689.3677098,-1493910717.31301,-64762024849.9776,199878085694.048,0.0188910405706508,0.05,0.377820811413017,0.167364168203628,-0.757608193368143
0.372,5.172425823569,19.9760360859556,-216.772419926897,-4.94688374466349,3663.625958862,275.739642545098,136412.347942573,70638.1979821271,-6999343.14998748,-2834890.69528293,-31983335.4822678,-1294032631.61896,63114406879.2787,199938194261.572,0.0239639140443586,0.05,0.479278280887172,0.266069045907497,-0.783684708564631
0.373,4.95750766019469,19.9712387164389,-213.041755157941,-4.63634973678457,3796.53593444062,344.753053832408,129407.532192657,67189.6140034116,-6999769.28203011,-4028954.22977111,31131071.3970109,-1094094437.35739,-61757523430.7614,199956469987.182,0.02876128356111,0.05,0.575225671222199,0.364921259830391,-0.806498208321072
0.374,4.7463854494426,19.9667857647852,-209.181681303136,-4.25871728928639,3922.44619727402,409.754173167624,122413.035525754,62646.938633293,-6999516.97234848,-5023070.43213491,-30626452.0337504,-894137967.370208,60704929798.0859,199963516414.418,0.0332142352148104,0.05,0.664284704296207,0.463583192493298,-0.825939799047126
0.375,4.53918510159324,19.9627421492709,-205.199195944489,-3.81851241459348,4041.356899277,469.748885403472,115408.322815688,57210.1264702087,-6999790.95948319,-5817226.6412979,30078477.7643355,-694174450.95579,-59802657819.0437,199964439961.274,0.0372578507290982,0.05,0.745157014581963,0.561716064908815,-0.841915726165815
0.376,4.3360255273285,19.9591677984286,-201.101300760716,-3.32115526129358,4153.26784791517,523.94303466287,108413.603985451,51079.1400100931,-6999613.81062837,-6411418.87227306,-29724180.0547082,-494210010.994516,59060648790.1864,199957502464.942,0.0408322015714155,0.05,0.816644031428311,0.658981274848666,-0.854348097476998
0.377,4.13701863760949,19.9561168568915,-196.894993459446,-2.77276015220898,4258.17915182566,571.742428464264,101408.97152626,44453.9423827336,-6999807.66628798,-6805650.1320351,29336468.7354782,-294252508.529573,-58406690800.6906,199915558602.515,0.0438831431085269,0.05,0.877662862170538,0.755041730983143,-0.863175463366759
0.378,3.94226934372591,19.9536370912007,-192.587275720838,-2.17993562213355,4356.09067531811,612.752833511167,94414.0976458731,37534.4852562008,-6999674.54295285,-6999944.86126341,-29070222.0652125,-94336949.927058,57848208350.1265,188634949188.682,0.0463629087993027,0.05,0.927258175986054,0.849563177782335,-0.868353251933416
0.379,3.75187555721066,19.9517694955543,-188.185145338311,-1.5495845622195,4447.00250099752,646.779483301298,87409.529359946,30518.811078172,-6999820.660843,-6999964.33659613,28777986.2849141,94297999.2616239,-57345689291.767,-134391794171.222,0.0482305044456552,0.05,0.964610088913105,0.942215505862634,-0.8698540576875
0.38,3.56592818987871,19.9505480961363,-183.695603988208,-0.888709524950196,4530.91452695437,673.808428886291,80414.5400773635,23543.5971088448,-6999715.51920397,-6972862.23442012,-28567703.006853,-40093794.9095984,56904858249.0383,25972053452.6539,0.0494519038637335,0.05,0.989038077274671,1.03267404274912,-0.86766778359264
0.381,3.38451115376349,19.9499999239246,-179.125649526582,-0.204292895356228,4607.82681902405,693.859994747668,73410.0248496976,16555.0166525453,-6999830.7930863,-6999970.00260339,28337155.2421853,-14121741.4569445,-56501642166.397,28511962536.322,0.0500000760753565,0.05,1.00000152150713,1.12062081892906,-0.861801648126291
0.382,3.20770136114861,19.9501450284526,-174.482283623731,0.496677595244407,4677.73929710133,706.913860773775,66414.9456938714,9552.73777296948,-6999744.45892731,-6999835.76279217,-28164486.9242117,14390221.0793775,56140614578.9696,-29058775127.1437,0.049854971547397,0.05,0.997099430947941,1.20574580434324,-0.852280107942606
0.383,3.03556872451829,19.9509964635209,-169.772504183541,1.20720154304695,4740.65201567685,712.967868253231,59410.4757605784,2555.25399152914,-6999838.63856204,-6999974.92927637,27976127.6547579,-14668554.0477662,-55805864026.7542,29441098409.5203,0.04900353647907,0.05,0.980070729581399,1.28774811044895,-0.839144723836064
0.384,2.86817615658423,19.9525602831268,-165.003312869134,1.92028000996047,4796.56490956176,712.021916733548,52415.324208506,-4447.14836503619,-6999765.44292066,-6999922.93411937,-27829736.3719964,14772544.3617541,55501185949.9296,-29656825243.3105,0.0474397168732033,0.05,0.948794337464065,1.36633715326214,-0.822453955596156
0.385,2.70557957024553,19.9548355413222,-160.181707622104,2.62891206707162,4845.47802530882,704.076033291127,45410.8940950576,-11444.6278311819,-6999844.58631769,-6999978.80237927,27671449.5779332,-14884280.8815564,-55215331024.0661,29824083540.3226,0.0451644586778102,0.05,0.903289173556203,1.44123377283906,-0.802282889220674
0.386,2.54782787861214,19.9578142922195,-155.314690097663,3.32609875166909,4887.39130838019,689.130178015423,38415.6826783583,-18447.0780934119,-6999780.80225179,-6999951.04149067,-27543881.4461329,14939802.6587662,54951581615.5331,-29941064786.1138,0.0421857077804653,0.05,0.843714155609305,1.51217130494257,-0.778722899221287
0.387,2.3949629949717,19.9614815899655,-150.409258267809,4.00483910511379,4922.30479965975,667.184366824009,31411.2885323193,-25444.5494110375,-6999848.89289015,-6999981.77122496,27407700.1694002,-15001262.1273476,-54701486075.9138,30037261370.6757,0.0385184100345199,0.05,0.770368200690399,1.57889660074452,-0.751881247587497
0.388,2.24701983281053,19.9658154887466,-145.472413779224,4.65813415886167,4950.21845246707,638.238577869562,24416.0265751679,-32447.0256030977,-6999791.93575871,-6999964.40266696,-27293785.9065137,15035999.243328,54468015417.3113,-30111233137.4395,0.0341845112534251,0.05,0.683690225068503,1.64117099071652,-0.721880621121994
0.389,2.10402630578551,19.9707870427751,-140.511154628799,5.27898293876893,4971.13230361068,602.292821430291,17411.6657490255,-39444.4905449993,-6999851.71395657,-6999984.01999236,27174229.5107976,-15075233.8941115,-54244429741.8507,30174675184.0074,0.0292129572249351,0.05,0.584259144498702,1.69877118901164,-0.688858609147713
0.39,1.96600332774343,19.9763603062931,-135.532482454044,5.86038647424427,4985.04631235641,559.347083614446,10416.360411534,-46446.983069408,-6999799.69931669,-6999971.91629446,-27070200.2310531,15099441.2898959,54033558040.1203,-30226460036.1235,0.0236396937069223,0.0500428503589131,0.472389033345937,1.75149013495733,-0.652967123778293
0.391,1.83296481269677,19.9824923335636,-130.54339527241,6.39534378159418,4991.9605126165,509.401371724604,3412.03120510845,-53444.4430083969,-6999853.12052769,-6999985.70502263,26963357.8090672,-15127018.7462276,-53829679755.0903,30272412855.2526,0.0175076664363658,0.0509880231719477,0.343368213694507,1.79913776846727,-0.614371765195155
0.392,1.70491767484192,19.9891331788738,-125.550894711485,6.87685588950808,4991.87486825098,452.45567604444,-3583.31184980722,-60446.9468206501,-6999804.60259616,-6999976.51734123,-26866321.9460231,15145394.109025,53635643709.4942,-30311639782.2432,0.0108668211261644,0.0529440857727858,0.205250897575234,1.84154173651293,-0.573251134559502
0.393,1.58186182853801,19.9962258965287,-120.561978805726,7.29792180785039,4984.78941119804,388.51000221248,-10587.6103394248,-67444.4025809005,-6999853.10268744,-6999986.94312332,26769321.7634711,-15166245.6732182,-53446256354.3603,30347516514.7842,0.00377410347134699,0.0556426438718245,0.0678275367367664,1.87854802801372,-0.529796097408995
0.394,1.46379018832446,20.0037065408535,-115.583649171879,7.65154256525097,4970.70410893355,317.564342932261,-17582.9864906229,-74446.9147274413,-6999806.90910115,-6999979.43053915,-26676934.5908892,15181270.841566,53264566497.8331,-30379308789.6287,0.00370654085348576,0.0588548915681382,0.0629776175731218,1.91002153485098,-0.484209000557991
0.395,1.35068866890235,20.0115041661896,-110.622903858343,7.93071716697313,4949.61899218955,239.618702896824,-24587.2544392699,-81444.3667406913,-6999851.56044312,-6999987.8140924,26587631.906944,-15198037.9480628,-53085503544.1648,30409241549.535,0.0115041661895852,0.0623882822177409,0.184396264500993,1.93584653695313,-0.436702845712638
0.396,1.24253618515171,20.0195408268963,-105.686744469861,8.12844664202269,4921.53403134606,154.673076294493,-31582.6597676835,-88446.8853668328,-6999806.68030826,-6999981.23126569,-26497871.6372209,15211203.6014722,52912550148.9873,-30436674780.8093,0.0195408268963106,0.0660832293107715,0.295700241954209,1.95592710975642,-0.387500423159585
0.397,1.13930465211496,20.0277315773475,-100.782169065985,8.23772999225642,4886.44925661588,62.7274673178449,-38586.8966254523,-95444.3337754279,-6999848.27687098,-6999988.36505462,26414678.5117665,-15225471.1793371,-52740362020.1777,30463293537.2651,0.0277315773475308,0.0698098669992115,0.39724438019405,1.97018745260504,-0.336833409049804
0.398,1.04095898501437,20.0359844719337,-95.9161792379531,8.25156824742519,4844.36464078332,-36.2181289147428,-45582.327623404,-102446.857660483,-6999803.7793693,-6999982.18946533,-26325683.5084112,15237822.3579281,52573204294.3961,-30488489352.24,0.0359844719337268,0.0734648969915645,0.489818585573715,1.97857213701893,-0.284941429920851
0.399,0.947457099237349,20.0442005650591,-91.0957730537382,8.16296040682048,4795.2802142065,-142.163708386622,-52586.5320438118,-109444.302353661,-6999842.86073052,-6999988.61178352,26247520.7859849,-15250666.9943119,-52404988157.8348,30513781247.2623,0.0442005650591284,0.0769685455517163,0.574267900507869,1.98104627402829,-0.232071098232956
0.4,0.858749910354532,20.0522739111438,-86.3279520890919,7.96490750132545,4739.19595177794,-255.109275416455,-59581.9853088423,-116446.830668734,-6999797.83402345,-6999982.3881542,-26157467.3718499,15263114.2529504,52241347793.88,-30538519496.1345,0.0522739111437964,0.0802616513170947,0.651293740983158,1.97759560014138,-0.178475022787572
0.401,0.77478133410678,20.0600915646211,-81.6197144174906,7.6504085283187,4676.11188469702,-375.054825865203,-66586.1549852527,-123444.271253011,-6999834.62749836,-6999988.53364931,26083880.4220301,-15275405.2431841,-52074788878.6885,30564408709.6228,0.0600915646211462,0.0833029016313964,0.721362202808288,1.96822648178846,-0.124410797997449
0.402,0.695488286424404,20.0675335799403,-76.978061596519,7.21246452029957,4606.02798992855,-502.000363768883,-73581.6268040198,-130446.803421164,-6999788.14151567,-6999981.73453768,-25990908.4566585,15289003.4664387,51913417818.3589,-30590649615.4542,0.0675335799402887,0.0860662320777433,0.784669879346942,1.95296583845134,-0.0701399760397942
0.403,0.620800683416054,20.0744730115638,-72.4099917016921,6.64407447331741,4528.94430029477,-635.945884500471,-80585.7581634608,-137444.239095571,-6999822.34106315,-6999988.05587897,25922509.3617004,-15301646.1490155,-51747273002.873,30587720993.044,0.0744730115638177,0.0885384009434239,0.841137978213611,1.93186098496356,-0.0159270259921985
0.404,0.550641441389701,20.0807759139705,-67.9225062686587,5.93823942192226,4444.86079524263,-776.891393409965,-87581.2437953436,-144446.780021025,-6999773.46820288,-6999995.84153146,-25824763.6411726,15286074.8440286,51589238478.3893,199989308862.243,0.0807759139704984,0.0907167474535692,0.890418982579168,1.90497939382761,0.03796171591873
0.405,0.484926476843915,20.086301341971,-63.5226033703466,5.08796027602556,4353.77751013752,-924.827290784746,-94585.331438954,-151405.801273658,-6999803.61260486,-6884715.11225631,25764474.8372167,215275383.706272,-51424974419.7113,199995874887.19,0.0863013419710299,0.0926071398197364,0.931908081158958,1.87240837866532,0.0912591009159698
0.406,0.423564706491527,20.0909013695101,-59.2172845148856,4.08629326852522,4255.69442826413,-1079.63123722246,-101580.82364321,-158149.546048246,-6999751.6249775,-6569441.79110644,-25660499.5824946,415271258.593462,51277283015.0496,199996993295.321,0.0909013695100533,0.0942221164650443,0.964756183796583,1.83425470026857,0.143698230118252
0.407,0.366458047254563,20.0944212189139,-55.0135477655907,2.92651132092417,4150.61158861196,-1240.98795908177,-108584.859304143,-164478.01937784,-6999773.48305247,-6054172.03586532,25616783.4325551,615268251.888783,-51123605123.2554,199997291414.145,0.0944212189139222,0.0955792212475714,0.987884371534586,1.79064409697622,0.195013556876341
0.408,0.313501416291967,20.0966995763999,-50.9183945942087,1.60230262630209,4038.52898187998,-1408.38218654842,-115580.344996333,-170191.224405859,-6999718.50218154,-5338905.13826947,-25506821.6907003,815265543.302927,51004623856.0604,199997209900.475,0.0966995763999208,0.0966995311114345,1.00000046834236,1.74172074143979,0.244942054431434
0.409,0.264582731001211,20.0975691073461,-46.938823042323,0.107970646068742,3919.44665168827,-1581.09865271579,-122584.316138717,-175089.16390416,-6999723.01194421,-4423640.9900163,25497802.1653601,1015262753.2034,-50881956650.3804,199996747461.868,0.0975691073461427,0.0976063723821127,0.999618211034171,1.68764662608324,0.293224449447693
0.41,0.219582909052062,20.0968571715585,-43.0818345308139,-1.56136589284318,3793.36460359575,-1758.22209345828,-129579.770575687,-178971.840726331,-6999666.18810404,-3308379.86308196,-25384154.4850203,1215259500.66527,50289925727.4031,199995546464.031,0.0968571715584616,0.0983242198911913,0.985079481593109,1.62860087987851,0.339606516484624
0.411,0.178375868400172,20.0943867385345,-39.3544270621278,-3.40957300086639,3660.28286464717,-1938.63724771827,-136583.747186746,-181639.258248003,-6999905.37972536,-1993122.58918467,24905771.2423828,1415255047.1293,199714618315.113,199991580628.396,0.0943867385345385,0.098877771290696,0.954579955661075,1.56477901928419,0.383840428154086
0.412,0.140828527634708,20.0899775027249,-35.7636000199416,-5.43930142925006,3520.21163717486,-2121.02885843715,-143537.913911131,-182891.421383518,-6875142.29932542,-477871.751741175,224620389.557496,1615246627.7577,199893521134.169,-77587612173.2935,0.089977502724885,0.0992911872964846,0.906198275746378,1.49639213660214,0.425686155500306
0.413,0.106800826132906,20.0834471984042,-32.31629217181,-7.65178898829153,3373.28191774238,-2303.89324074242,-150267.430428822,-182574.601090076,-6550575.14920084,1098581.06992988,424513910.691665,1537659015.5844,199921493369.202,-199991761881.116,0.0834471984041549,0.0995874870664177,0.837928547674887,1.42366603679135,0.464912912804546
0.414,0.0761458612228827,20.0746130920056,-29.0192163777148,-10.0467240302064,3219.81828211963,-2485.67060778501,-156572.428373782,-180740.522472668,-6026100.49182457,2536244.20457372,624435404.060867,1337667253.70329,199928058482.655,-199995734955.686,0.0746130920055776,0.0997880866474133,0.747715428888943,1.34684036458555,0.501300632273063
0.415,0.0487102129752845,20.0632935257974,-25.8786609756551,-12.6222881223558,3060.34520640305,-2664.92839676873,-162252.989820496,-177568.777263735,-5301701.05852238,3773913.59079917,824363462.543522,1137671518.7476,199924514480.417,-199996950078.87,0.0632935257973628,0.0999124689929998,0.633489757937994,1.26616775320882,0.534641412999142
0.416,0.0243344686810185,20.0493093451296,-22.9002898664901,-15.3753261858193,2895.58709015182,-2840.42893852353,-167109.188395333,-173259.360738575,-4377375.33873864,4811586.63450733,1024287977.02394,937674568.668732,199910349056.126,-199997435913.907,0.0493093451296289,0.0999779738869491,0.493202084545001,1.18191300274093,0.564740872429786
0.417,0.00285394725095237,20.0324851359334,-20.0889425885072,-18.3015454704779,2726.46825834783,-3011.13456007657,-170941.10135405,-168012.269725719,-3253132.18718664,5649262.48521911,1224198326.08006,737677132.754824,199874960957.762,-199997555578.871,0.0324851359333813,0.0999996948525089,0.324852350612611,1.0943522913893,0.591419366363586
0.418,-0.0159003764598575,20.0126502623934,-17.448434395646,-21.3957155517689,2554.11295207791,-3176.20758560237,-173548.821884704,-162027.501600052,-1928996.3806277,6286940.84018449,1424073287.03783,537679577.175952,199759245368.606,-199997322163.315,0.0203187379083106,0.1,0.203187379083106,1.00377242269491,0.614513069030519
0.419,-0.0321007474132404,19.989639704624,-14.9813563528598,-24.6518683280266,2379.84530085262,-3335.01033674122,-174732.488414251,-155505.053858307,-405043.470905565,6724621.75627879,1623832532.40643,337682255.012637,-95754442395.3672,-199996316558.367,0.0321007474132404,0.0999959888108616,0.32102035086585,0.910470111545215,0.633874909280248
0.42,-0.0459213066749421,19.9632946963474,-12.6888779417243,-28.0634980179463,2205.17693968988,-3487.10513252541,-174341.574692686,-148644.923693948,1170911.84030318,6962305.85301224,1528078090.01107,137685938.454271,-199756781085.114,-199989135708.521,0.0459213066749421,0.0999500951793466,0.459442350630509,0.814751311537115,0.649375359549935
0.421,-0.0575365918313995,19.933463162575,-10.5706146321268,-31.6237611576719,2031.6671773998,-3632.2542885171,-172439.916604225,-141647.106394327,2599111.53977169,6999997.22361225,1328321308.92595,-62303197.2542503,-199871804664.971,124546093424.697,0.0575365918313995,0.0998376639550637,0.576301463316453,0.71693057692786,0.66090307487135
0.422,-0.0671199937728685,19.8999999577423,-8.62468054664968,-35.3256738912646,1860.73987545842,-3770.40659074527,-169209.956377434,-134657.503087104,3827496.94636516,6999967.07307035,1128449504.26098,62242896.1704465,-199906781287.047,-124430513057.198,0.0671199937728685,0.0996374996989138,0.673641891614028,0.617330409469871,0.668365379953277
0.423,-0.0748423374360482,19.8627669296496,-6.84786238038275,-39.1622410158415,1693.62341302233,-3901.55892108452,-164851.55247582,-127647.152984792,4855993.05998261,6999994.7127122,928542722.973933,-62187616.8867511,-199920366551.988,124344855381.86,0.0748423374360482,0.0993260719004722,0.75350143224271,0.51628052669048,0.671688612798857
0.424,-0.0808706535754327,19.8216329259687,-5.2358183881446,-43.1264584025766,1531.34628418172,-4025.71126028013,-159564.608115442,-120657.527937959,5684575.59968055,6999979.52351637,728622356.421945,62157238.4951087,-199922915968.746,-124283218598.272,0.0808706535754327,0.0988778784478468,0.817884190527894,0.414117028269511,0.670818369890462
0.425,-0.0853671502713401,19.7764737943591,-3.78327828551343,-47.2113302093803,1374.73707080402,-4142.86361738402,-153549.041823546,-113647.183664962,6313236.49811812,6999995.15271235,528699440.453199,-62125980.1031631,-199914347562.83,124230737486.936,0.0853671502713401,0.0982659545200382,0.868735776172939,0.311181460625531,0.665719672329135
0.426,-0.0884883843487315,19.7271723824651,-2.4842431663477,-51.4098523060644,1224.42443403847,-4253.01598152192,-147004.774663128,-106657.546379386,6741978.76478991,6999984.54135265,328785092.890369,62104757.3837733,-199880802607.448,-124187654625.393,0.0884883843487315,0.0974625396523062,0.907922004335311,0.207819783584704,0.656377054949083
0.427,-0.0903846327157918,19.6736185379216,-1.33218542280782,-55.7150288438847,1080.83711790644,-4356.16835932334,-140131.716818994,-99647.2074017795,6970823.45637655,6999995.47142373,128904290.282921,-62082897.2416193,-199652951148.002,124149201932.941,0.0903846327157918,0.0964399145349223,0.937211870745304,0.104381243447454,0.642794578294215
0.428,-0.0911994636178989,19.6157091083517,-0.32024865216398,-60.1198556932077,944.203977991049,-4452.32074325553,-133129.716709334,-92657.5618453211,6999901.27108547,6999987.17514858,-70748660.865082,62066304.6913217,139509143848.931,-124115551826.423,0.0911994636178989,0.0951714176806206,0.958265263253186,0.00121715713154626,0.624995763601707
0.429,-0.0910695073004421,19.5533479413709,0.558555332399579,-64.617337001057,814.568233354773,-4541.47313861049,-126141.938244706,-85647.2274431312,6998907.18214485,6999995.70392669,68760482.9838488,-62049247.1351012,-135778494108.474,124084558605.149,0.0910695073004421,0.0936326504427324,0.97262554108881,-0.101320387392955,0.603023451242487
0.43,-0.0901243995021838,19.4864458845844,1.31122081469503,-69.2004686387857,691.931551344382,-4623.62553955291,-119131.280570088,-78657.5756030045,6999778.41807446,6999988.73609416,-67018011.1246254,62035311.4700477,133065680246.423,-124056351490.101,0.0901243995021838,0.0918028769916139,0.981716504488379,-0.202879898561792,0.576939583369427
0.431,-0.0884867768414809,19.4149207855907,1.94475167195425,-73.862254750349,576.294534718154,-4698.77795058393,-112142.833544201,-71647.245269757,6999293.24707305,6999995.87181916,66047669.1217982,-62021040.0200528,-131125945920.28,124029758529.419,0.0884867768414809,0.0896666237758158,0.986841849456886,-0.303111863334854,0.546824911818891
0.432,-0.0862722763689284,19.3386974919794,2.46614299804482,-78.5956912082178,467.656892161263,-4766.93036685118,-105132.370786887,-64657.5882915263,6999777.94323471,6999989.71106381,-65078276.7984817,62008718.5093665,129388553866.215,-124004881364.68,0.0862722763689284,0.0872154807183987,0.989185356295681,-0.401670119691734,0.512778632606458
0.433,-0.0835895356917991,19.2577078513338,2.88239870111292,-83.3937821539403,366.018955156271,-4828.08279237081,-98143.5672230742,-57647.2617014353,6999393.94336933,6999995.98889084,64310277.0677333,-61996162.8553136,-127868496360.84,123980986727.958,0.0835895356917991,0.0844501039464541,0.989809743097526,-0.498213212695578,0.474917948639511
0.434,-0.0805401927745737,19.1718907112288,3.20051405233896,-88.2495234611623,271.380475430378,-4882.23522289716,-91133.3295572311,-50657.6002961841,6999769.97225664,6999990.3193995,-63558219.2931063,61984823.8726441,126419090323.146,-123958158348,0.0805401927745737,0.0813824172390205,0.989651026683403,-0.592405728475541,0.433377562553043
0.435,-0.0772188860697667,19.0811919192335,3.42749289655271,-93.155919269438,183.741705284823,-4929.38766215293,-84144.2688462339,-43647.2772579063,6999421.29812511,6999996.06409815,62860871.0300402,-61973334.4753557,-125057483308.718,123935882625.647,0.0772188860697667,0.0780380066274578,0.989503568926338,-0.683919601176091,0.388309101840315
0.436,-0.0737132543726755,18.9855643229089,3.57033061468804,-98.1059654536324,103.102413171019,-4969.54010627276,-77134.2600264785,-36657.6118806082,6999753.42750079,6999990.67093561,-62196612.2786775,61962548.1502911,123689586246.987,-123914231750.596,0.0737132543726755,0.0744586997119978,0.989988472237555,-0.772435387557494,0.339880478717207
0.437,-0.0701039369515276,18.8849677698107,3.63603096263811,-103.092666151579,29.4628174890043,-5002.69255881953,-70144.9899740759,-29647.2923075559,6999401.6083456,6999996.10321061,61492973.9683099,-61951683.6003049,-122336585090.33,123892805640.259,0.0701039369515276,0.0707053182940412,0.991494538784018,-0.857643504515253,0.288275187404104
0.438,-0.0664645734275441,18.7793691074867,3.63158939481051,-108.109017239416,-37.1773202096162,-5028.84501615585,-63135.2313095945,-22657.6232452054,6999726.28976875,6999990.82243043,-60843611.12202,61941122.0399544,120909870833.546,-123871669438.014,0.0664645734275441,0.0668605898875093,0.994076982260679,-0.939245424533423,0.233691541755489
0.439,-0.0628618039152277,18.668742183479,3.56400955242618,-113.148022853441,-96.8177910648953,-5047.99748178906,-56145.7751802479,-15647.3071399946,6999337.6140635,6999996.10975138,60066259.7115256,-61930547.3980593,-119437959735.838,123850476294.614,0.0628618039152277,0.0630322005920731,0.997296672569815,-1.01695482465986,0.17634185638858
0.44,-0.0593552689137973,18.5530678453226,3.44028693748466,-118.202678871134,-149.458862976482,-5060.14995219556,-49136.3107629512,-8657.63455789317,6999684.89390711,6999990.80050062,-59371700.0243128,61919928.8965547,117809313040.656,-123829287726.764,0.0593552689137973,0.0593559687102739,0.999988210175122,-1.09049868439729,0.116451574683897
0.441,-0.0559976094705309,18.4323339405466,3.26742504119913,-123.265989427389,-195.10031785444,-5065.30243091871,-42146.6768335495,-1647.3220075654,6999217.85040312,6999996.0855338,58437613.0163435,-61909358.8302094,-116066760251.645,123807768717.419,0.0559976094705309,0.0559991153990192,0.999973107995053,-1.15961832850956,0.0542583472247445
0.442,-0.0528344670745445,18.3065353166726,3.05241938891386,-128.330950401122,-233.742482275629,-5063.45491445295,-35137.5846366802,5342.35402667286,6999622.08329364,6999990.61106229,-57629147.2353019,61898409.8872101,114051219339.619,-123785980002.895,0.0528344670745445,0.053163605589347,0.993808950481183,-1.22407041056433,-0.00998893556412982
0.443,-0.0499044838617929,18.1756738212168,2.8022732672128,-133.390565925909,-265.385108594396,-5054.60740646827,-28147.7685904476,12352.6628460116,6999018.54572815,6999996.03094806,56422072.1043176,-61887570.1156853,-111851609457.441,123763562134.564,0.0499044838617929,0.0510895294173011,0.976804531789112,-1.2836278337065,-0.0760311526542363
0.444,-0.0472393025030352,18.0397583016874,2.52398219623706,-138.437831882235,-290.028624717023,-5038.75990338671,-21139.1809435768,19342.3423522576,6999514.81310374,6999990.24189965,-55429537.3531233,61875992.0188788,109267025325.667,-123740577698.401,0.0472393025030352,0.0500584915101882,0.943682102234757,-1.33808060494947,-0.143599999440866
0.445,-0.044863566479683,17.8988046055873,2.22454916784492,-143.46575240241,-307.672733717551,-5015.91240910557,-14149.169728262,26352.6471605503,6998718.78841345,6999995.94506933,53837487.9725432,-61864585.6795226,-107070903941.568,123716601307.161,0.044863566479683,0.05,0.897271329593661,-1.38723662005543,-0.212419068342017
0.446,-0.0427949199604326,17.7528355804109,1.91096965336577,-148.467323368664,-318.318032424609,-4986.06491987838,-7141.37734651924,33342.330246331,6999020.82441521,6999989.66004339,-53233415.9690253,61852015.6276382,107435602213.297,-123691700112.635,0.0427949199604326,0.05,0.855898399208652,-1.4309223757811,-0.282204958621853
0.447,-0.0410440082213649,17.6018810736473,1.59024611297632,-153.435548912073,-321.96429511149,-4949.21743995359,-151.067296386317,40352.6306308362,6999505.20955283,6999995.82561471,54202186.2442717,-61839684.4849964,-198783401648.071,123665323265.937,0.0410440082213649,0.05,0.820880164427298,-1.46898360722944,-0.352668410994106
0.448,-0.0396144776121799,17.4459779327766,1.26937347031431,-158.363424916849,-318.614858747128,-4905.36996530223,6842.40843934731,47342.3175014194,6954315.69497307,6999988.80276268,-144581215.4038,61825638.780941,-199477014656.447,-123637545579.61,0.0396144776121799,0.05,0.792289552243597,-1.50128584759593,-0.423515462467973
0.449,-0.0385029828885735,17.285170005273,0.955331181876923,-163.243955512845,-308.327700871805,-4854.52250069069,13691.1873575091,54352.6128659759,6709995.97224105,6999995.66875381,-344058230.060247,-61811906.7986693,-199585921808.931,123607589950.864,0.0385029828885735,0.05,0.770059657771469,-1.52771491137642,-0.49444861683674
0.45,-0.0376992572537619,17.1195081386017,0.654951408370312,-168.070136586591,-291.347174646594,-4796.67504165856,20195.8898944185,61342.3038463222,6266144.78127633,6999987.55693057,-543644151.869178,61795683.1521943,-199596123274.005,-123575542690.171,0.0376992572537619,0.05,0.753985145075239,-1.54817732115045,-0.565168026153478
0.451,-0.0371863571692847,16.9490501802211,0.374722220993784,-172.83497226671,-268.117136225319,-4731.82759373419,26156.9465792146,68352.5933210472,5622702.56777015,6999995.46873768,-743240275.143184,-61779859.5379763,-199550086253.178,123540205278.671,0.0371863571692847,0.05,0.743727143385695,-1.56260072056155,-0.63537267851196
0.452,-0.0369411062168553,16.7738609775796,0.120588043890518,-177.531458442531,-239.281026328337,-4659.98015181348,31374.7706617043,75342.288894229,4779687.24950038,6999985.71183904,-942790361.396361,61760345.7406948,-199433435948.381,-123501680617.734,0.0369411062168553,0.05,0.738822124337105,-1.57093428146844,-0.70476158743287
0.453,-0.0369347385376271,16.5940123781185,-0.102249927442408,-182.152599241445,-205.68185349528,-4581.13272257573,35649.8238245151,82352.5711655021,3737180.17012983,6999995.21727087,-1142223797.34474,-61741334.8770393,-199163303384.742,123457915180.182,0.0369347385376271,0.05,0.738694770752543,-1.57314910388387,-0.773034978165253
0.454,-0.03713374183382,16.4095832292678,-0.28953325801616,-186.691390556308,-168.362108689565,-4495.28529994428,38782.6982120751,89342.2720345311,2495374.72109271,6999982.83998392,-1341387100.72948,61716580.3031429,-198297734083.412,-123409035604.55,0.03713374183382,0.05,0.742674836676401,-1.56923860713728,-0.839895466233397
0.455,-0.0375008998428383,16.220659378449,-0.438145665423153,-191.140836513313,-128.563550039318,-4402.43789243619,40574.3297604558,96352.5449920659,1054838.75332152,6999994.90248479,-1539684834.8129,-61692455.301407,53843982835.2958,123350983175.741,0.0375008998428383,0.05,0.750017996856766,-1.55921891070568,-0.90504922360445
0.456,-0.0379965336992966,16.0273336730706,-0.546309948958283,-195.49393301003,-87.7161715420526,-4302.59049244446,40868.3000935101,103342.252164096,-457924.090073727,6999977.93877125,-1485840851.9776,61658527.8743344,198119669305.206,-123283918797.826,0.0379965336992966,0.05,0.759930673985932,-1.54312920300731,-0.968207127910738
0.457,-0.0385799215376883,15.8297059605314,-0.613728550173515,-199.743684171663,-47.3162186493545,-4195.74311171962,39700.4755223318,110352.512047005,-1844705.10739872,6999994.50724667,-1287721182.67239,-61625390.9234914,198967453513.791,123197766246.099,0.0385799215376883,0.05,0.771598430753766,-1.52103208859118,-1.02908589023939
0.458,-0.0392107787686451,15.6278830882132,-0.641553978900102,-203.883085902685,-8.74442556727109,-4081.89574007722,37245.0710658492,117342.226819831,-3032942.56331422,6999967.99944623,-1088753729.1586,61572375.3226078,199230559329.989,-123092736949.301,0.0392107787686451,0.05,0.784215575372902,-1.49301386605859,-1.08740915709906
0.459,-0.03985063261733,15.4219789034858,-0.632225063845721,-207.905142328276,26.8110165353666,-3961.04839605915,33700.9567311773,124352.46555078,-4022081.01280783,6999994.00629419,-889523169.828614,-61520361.6266934,199342066747.042,122928787516.646,0.03985063261733,0.05,0.797012652346599,-1.45918467020699,-1.14290858228255
0.46,-0.0404640100693241,15.2121142536949,-0.589269318061754,-211.802849364834,58.3609848179497,-3833.20106486602,29267.3378112463,131342.187507514,-4811933.14926292,6999938.03842581,-690181103.081571,61408425.8899524,199387359488.314,-122706205503.864,0.0404640100693241,0.05,0.809280201386482,-1.41967844631524,-1.19532486448074
0.461,-0.0410194269771386,14.9984169861676,-0.517103749181024,-215.569211143474,85.115633677363,-3698.3537863602,24143.545337024,138352.378724634,-5402420.57260034,6999993.36156383,-490793743.593257,-61297779.6139114,199392558517.238,84758035373.8212,0.0410194269771386,0.05,0.820388539542771,-1.37465275226794,-1.24440874663736
0.462,-0.041490177899129,14.781021948134,-0.420835534398578,-219.197223922668,106.484477794093,-3556.50809566658,18528.9599857133,145335.84953562,-5793518.03693497,6981074.59963683,-291401185.076019,23460255.7599098,199365469935.037,-9084676879.47917,0.041490177899129,0.05,0.82980355798258,-1.32428838956228,-1.28992197323451
0.463,-0.0418549265826645,14.5600709838661,-0.306062643288247,-222.679899679329,122.07641879174,-3407.67817731672,12622.9689345628,152327.140150323,-5985236.48704347,6999992.516957,-92035715.1409821,14375578.8804307,199304815529.426,-28757914358.0963,0.0418549265826645,0.05,0.83709853165329,-1.26878886504645,-1.33163820291267
0.464,-0.0420980970634068,14.335712924701,-0.178674453391734,-226.010247261818,131.699734564238,-3251.84984322454,6624.93205920371,159329.527470994,-5977619.79441974,6999989.13865838,107269100.388444,-14382335.4776657,199201286356.695,-199981563790.956,0.0420980970634068,0.05,0.841961941268136,-1.20837968592517,-1.36934387463946
0.465,-0.042210065391087,14.1081035987075,-0.0446523932070616,-229.181267942227,135.362034963228,-3089.03105080529,734.147029370968,166288.995181282,-5770750.05085295,6885616.02128524,306470386.745138,-214363899.268622,199033574284.657,-199990498340.458,0.042210065391087,0.05,0.84420130782174,-1.14330749123364,-1.40283901358895
0.466,-0.0421871520265376,13.8774058149089,0.0901293518082765,-232.186017491188,133.270178430559,-2919.34330786734,-4850.19556572864,173034.097503209,-5364762.87696548,6571256.87284639,505503961.029795,-414354397.60908,198755619710.255,-199991391301.455,0.0421871520265376,0.05,0.843743040530752,-1.07383902363146,-1.43193799148121
0.467,-0.0420314149946457,13.6437892348517,0.220103024271684,-235.017767472187,125.830133570673,-2743.10097396861,-9929.08052556085,179364.845278701,-4759881.10608056,6056906.77958658,704259580.74005,-614345788.910535,198256843242.459,-199989590762.606,0.0420314149946457,0.05,0.840628299892915,-1.00025994600348,-1.45647027287759
0.468,-0.0417502439345358,13.4074300580072,0.340206300351454,-237.670203803374,113.646749790664,-2560.81839916455,-14303.7890340643,185081.247565372,-3956493.10371928,5342566.19529474,902516423.982509,-814335379.673141,197202681836.961,-199981556773.634,0.0417502439345358,0.05,0.835004878690717,-0.922873507977317,-1.47628117349419
0.469,-0.0413557552831446,13.1685105074219,0.446080988314481,-240.13762674821,97.523350387147,-2373.20992362967,-17776.1568121528,189983.315811368,-2955375.33881829,4428240.03723478,1099719105.81947,-1014316936.44678,193931615143.602,-162293999772.791,0.0413557552831446,0.05,0.827115105662891,-0.841999068083334,-1.49123263286742
0.47,-0.0408639890194023,12.9272181154298,0.534271135465284,-242.415150589584,78.4608729071859,-2181.18830287242,-20149.3506622041,193877.348380417,-1758690.42542702,3332776.10090161,1293650720.96307,-1176610936.21957,-3644440600.03744,199982452688.476,0.0408639890194023,0.05,0.817279780388046,-0.757970477912973,-1.50120399836284
0.471,-0.0402939081760006,12.6837448129185,0.602418089713498,-244.498892114518,57.6476336340705,-1985.83233566206,-21261.8231339163,196655.14942199,-466861.924763961,2256156.39102628,1290006280.36304,-976628483.53109,-192365101498.747,199990667904.294,0.0402939081760006,0.05,0.805878163520011,-0.671134335466715,-1.50609281603179
0.472,-0.0396662188763606,12.4382858666401,0.649409148678986,-246.386059875668,36.3593653719369,-1788.20354651398,-21115.7427687485,198456.323349235,726961.804849701,1379523.24144734,1097641178.86429,-776637815.626795,-195536556642.055,199992892227.821,0.0396662188763606,0.05,0.793324377527213,-0.581848121907973,-1.50581560763633
0.473,-0.0390021101699507,12.191038832331,0.675375908545171,-248.074836033269,15.7818963455639,-1589.17856814279,-19872.5498005737,199480.859831573,1726834.70539296,702881.871934453,902104622.222233,-576644923.398974,-196466514645.224,199993229102.137,0.0390021101699507,0.05,0.780042203399013,-0.49047826849798,-1.50030856468069
0.474,-0.0383220762087517,11.9422026785827,0.681545286246317,-249.564179384779,-3.08507143671982,-1389.43404181127,-17727.4072031771,199928.751446659,2530706.07029258,226233.563086548,705638107.57701,-376651694.296836,-196783899705.045,199991537777.611,0.0383220762087517,0.05,0.766441524175035,-0.397398225572555,-1.48952809586224
0.475,-0.0376449169729981,11.691977110201,0.670046057275043,-250.853625372497,-19.4377185826422,-1189.44661588471,-14876.6793957136,199999.99108556,3137952.22801707,-50422.3623214833,508854207.871965,-176660156.519226,-196797897508.214,199982568400.082,0.0376449169729981,0.05,0.752898339459962,-0.302986579079378,-1.47345121483046
0.476,-0.0369869345064495,11.4405620915571,0.643712553308729,-251.943086090885,-32.6688127420981,-989.492946732712,-11517.0997133452,199894.569073045,3548407.48713493,-127091.234640668,312056310.363751,23322411.8808562,-196580469597.314,199938460669.294,0.0369869345064495,0.05,0.739738690128991,-0.207625228662477,-1.45207576692745
0.477,-0.0363613256983779,11.1881575699309,0.605887956133499,-252.832650297032,-42.3678901797151,-789.649705439145,-7845.42748262795,199812.462121123,3762173.56270002,-3799.59242516481,115475840.766436,223260872.55015,-196110653127.716,-191399694408.044,0.0363613256983779,0.05,0.727226513967559,-0.111697634729354,-1.42542049442089
0.478,-0.0357777718114269,10.9349633982946,0.560227558377509,-253.522386697138,-48.3211561847456,-589.809907956077,-4058.20110839933,199888.393015905,3779594.0769026,123761.432920964,-80634812.3612794,31861178.1421063,-195283379415.819,-199478973445.46,0.0357777718114269,0.05,0.715555436228537,-0.0155871413154158,-1.39352494059541
0.479,-0.0352422246580903,10.6811794265208,0.510502246839371,-254.012232116456,-50.5111361975628,-389.862635651247,-351.471667580005,199994.838542323,3601317.57483341,55883.12434034,-275918191.777098,-167617795.303353,-193843182338.031,198181569777.55,0.0352422246580903,0.05,0.704844493161805,0.0803246188723339,-1.35644920571713
0.48,-0.0347568890716069,10.4270055967665,0.460402482452647,-254.302093351544,-49.1160122422864,-189.859534280564,3079.57961430852,199999.943030641,3228477.79188729,-12643.8860742381,-469761374.11513,30563774.4741971,-191141793264.923,-15869194468.3816,0.0347568890716069,0.05,0.695137781432138,0.1756592312916,-1.31427362095657
0.481,-0.0343204009922512,10.1726419066775,0.41334317341063,-254.391953880376,-44.5084515357728,10.1385195530165,6041.31975359409,199999.936166059,2663145.5211397,9985.29116576827,-660903167.380053,14694580.0058155,-185081159635.714,-179980267152.153,0.0343204009922512,0.05,0.686408019845024,0.270042912830626,-1.26709839548544
0.482,-0.0339281999581697,9.91828835566811,0.37227015936354,-254.281814616086,-37.2534212644903,210.138398283529,8343.16683110449,199987.272036036,1909701.77394179,-65310.2624044926,-845984327.015767,-165285687.146337,-163357923419.15,199677298415.357,0.0339281999581697,0.05,0.678563999163394,0.363107826645252,-1.21504319276569
0.483,-0.0335730936874814,9.66414493764186,0.339469994480605,-253.971698689754,-28.1032075143934,410.073787461272,9802.65012096853,199872.598479794,982038.485216449,-130757.300343151,-1009342250.43492,34391611.2690199,116749964116.037,199416293983.653,0.0335730936874814,0.05,0.671461873749627,0.454493294543655,-1.15824661292361
0.484,-0.0332460088525003,9.41041158306092,0.316390702096831,-253.46170730115,-17.9728972773843,609.895048238356,10299.4758083202,199792.273034083,31071.2168395505,3342.45791769533,-892592286.31888,233807905.252673,169896637607.281,-199930568270.31,0.0332460088525003,0.05,0.664920177050005,0.543846904723093,-1.09686562175019
0.485,-0.0329368939274082,9.15728812380605,0.303536945719797,-252.751907483411,-7.79957221513048,809.719630045262,9912.56698826819,199879.197683249,-776572.750675689,137185.079035214,-722695648.711599,33877336.982363,178796861301.051,-199981988564.852,0.0329368939274082,0.05,0.658737878548164,0.630825524209119,-1.03107489974677
0.486,-0.0326356428046306,8.90497439505788,0.300535605862169,-251.842225645305,1.61170899223548,1009.664733908,8804.44589012021,199999.991099348,-1409869.96873676,71071.4217351506,-543898787.410548,-166104651.582489,181327959248.928,-199991417157.859,0.0326356428046306,0.05,0.652712856092612,0.715096264008531,-0.961066068975001
0.487,-0.0323328969618515,8.65367033641072,0.306293408088194,-250.732557658233,9.62812543172092,1209.6642436339,7152.84785421966,199954.678292432,-1863104.77652285,-195028.938426268,-362570828.16162,-366096068.740348,181315425354.813,-199993165172.725,0.0323328969618515,0.05,0.64665793923703,0.796337449339155,-0.887046855392152
0.488,-0.0320206777487007,8.40357592519925,0.319173843828309,-249.422965500888,15.7965472357087,1409.45205839712,5138.67690117514,199543.26912544,-2135017.89200706,-661121.589752979,-181255402.806806,-566089233.913074,179409297244.375,-199992838711.592,0.0320206777487007,0.05,0.640413554974014,0.874239610183592,-0.80924025595447
0.489,-0.0316928394054653,8.15489091039717,0.337177835968297,-247.913877248518,19.8449813444643,1608.56208548708,2942.93285730541,198565.770778945,-2226568.64619168,-1327207.24302185,-1846105.56243128,-766082072.624666,175201629952.999,-199990607153.672,0.0316928394054653,0.05,0.633856788109306,0.948506491910719,-0.72788372622578
0.49,-0.0313453411357574,7.90781434652444,0.358124572059567,-246.206287065524,21.6816222623282,1806.32823935712,744.641429991345,196822.190731752,-2140813.93677761,-2193284.61922335,173355524.390568,-966072679.778337,167082919059.181,-199982350412.221,0.0313453411357574,0.05,0.626906822715149,1.01885608259228,-0.643228391863762
0.491,-0.0309763391695534,7.66254392756183,0.379830328218603,-244.301955197785,21.3917110996233,2001.88444306802,-1281.64759141445,194112.539380904,-1883916.95285745,-3259348.4742078,340438443.449748,-1166055030.19056,150351599190.911,137428159338.585,0.0309763391695534,0.05,0.619526783391068,1.08502165255409,-0.555538287032475
0.492,-0.0305861020444479,7.41927512134304,0.400282667228846,-242.203605150164,19.2311094223214,2194.1786918801,-2970.28672268188,190293.068084824,-1468302.70981225,-4356689.42472906,490790042.640659,-1028626870.85197,108103307897.638,199981453909.521,0.0305861020444479,0.05,0.611722040888958,1.14675280076125,-0.465089622489866
0.493,-0.0301767558095141,7.1782001312273,0.417805266617534,-239.915047232086,15.6129739896692,2382.13031000133,-4175.17719319085,185455.395466987,-923461.013222769,-5285325.56862628,598893350.538297,-828645416.942452,-10376242219.5139,199989535414.111,0.0301767558095141,0.05,0.603535116190282,1.2038165012527,-0.372170075589378
0.494,-0.029751873419943,6.93950683153327,0.431201609262658,-237.441102972259,11.0754495048642,2564.81326801182,-4800.92090484773,179789.078779125,-329755.783794228,-6013976.21786167,588517108.318783,-628655881.52834,-98430772830.9209,199991346746.021,0.029751873419943,0.05,0.59503746839886,1.25599813987542,-0.27707804719225
0.495,-0.0293159432116365,6.70337784449811,0.439845340307539,-234.787422021628,6.20363561063789,2741.49891567454,-4852.82326328772,173494.106511624,209545.938109095,-6542636.426017,490086335.487862,-428664534.782319,-125154347687.851,199990449950.174,0.0293159432116365,0.05,0.586318864232731,1.30310252350163,-0.180121822386245
0.496,-0.0288737922160928,6.46998981171445,0.443676865920632,-231.960282686537,1.53205160783237,2911.65859281944,-4419.09321538267,166770.469559874,637055.099753031,-6871305.73582423,364931987.800011,-228674084.832145,-133410199955.126,199981470218.174,0.0288737922160928,0.05,0.577475844321857,1.34495482795514,-0.0816186176952977
0.497,-0.0284300564401337,6.23951286547031,0.443119640518557,-228.966391938135,-2.51325081803857,3074.96362972519,-3621.80715505548,159818.15702667,935281.987575478,-6999989.08554729,231521787.844884,-28692614.6139706,-133269690562.152,57378444837.4594,0.0284300564401337,0.05,0.568601128802675,1.38140144475427,0.0181064833167414
0.498,-0.0279887563452158,6.01211029988092,0.438959902614659,-225.812686612116,-5.63438291843893,3231.27940087519,-2592.97588865125,152813.384707956,1100168.93013929,-6999992.47774253,98252097.2827325,28685830.2234889,-126767810782.42,-36184843987.283,0.0279887563452158,0.05,0.559775126904316,1.41231070063774,0.118721701528898
0.499,-0.0275529993136353,5.78793843038913,0.432215430679215,-222.506166290597,-7.66618098458935,3380.59606261414,-1464.80887833434,145821.704337994,1135037.12203081,-6989399.06951268,-28515713.4996879,-7499013.76379414,-113052489351.14,-6190479796.83129,0.0275529993136353,0.05,0.551059986272706,1.43757343877112,0.219889831440628
0.5,-0.0271248142096963,5.56714657445118,0.424003887850323,-219.053824639705,-8.57293444121453,3522.9215596451,-362.871694611896,138827.524014966,1049995.16385555,-6999993.32317489,-141568202.850828,-13689493.5606254,-89242756994.1876,27489311327.9297,0.0271248142096963,0.05,0.542496284193926,1.45710345767749,0.321269576309809
0.501,-0.0267051148215672,5.34987705676968,0.415417874391018,-215.462656324924,-8.43812170258188,3658.24795080418,601.465574985876,131825.267496899,863805.582507628,-6999938.16107155,-230810959.845016,13799817.7673043,-51933815566.8784,-27711245609.686,0.0267051148215672,0.05,0.534102296431343,1.47083780778691,0.422516905735084
0.502,-0.0262937817674206,5.13626520371049,0.40741440316789,-211.739662052667,-7.44538573863165,3786.57439455494,1341.21004164318,124827.610703776,607027.714879173,-6999993.96610909,-282744775.411894,-13911427.8423818,-5246432434.76793,27874697483.1321,0.0262937817674206,0.05,0.525875635348413,1.47873694889963,0.52328641634285
0.503,-0.0258898435927868,4.92643934171326,0.400728968983314,-207.891840865775,-5.84800457013564,3907.90085115009,1805.99096341062,117825.30680666,321659.723249895,-6999968.0452099,-287991207.846662,13963269.6407503,33871654578.0714,-27979379673.2873,0.0258898435927868,0.05,0.517796871855737,1.4807847758889,0.623232696045488
0.504,-0.025491726577989,4.72052079723636,0.395825852478887,-203.926193673921,-3.92777096080044,4022.22733533826,1989.30035850019,110827.657166325,50604.3426922689,-6999994.46540579,-254119553.26859,-14016110.0325369,56861152123.7477,28065227437.3289,0.025491726577989,0.05,0.50983453155978,1.47698852488835,0.722011685513301
0.505,-0.0250975329911056,4.51862389676204,0.392891051282667,-199.849719525871,-1.95315247516038,4129.55382863802,1922.32178324546,103825.332183809,-175084.634514448,-6999977.96171967,-197258401.144843,14049117.404792,67098150619.8003,-28132029635.4109,0.0250975329911056,0.05,0.501950659822112,1.46737857650461,0.819282030921415
0.506,-0.0247053069749179,4.32085596678478,0.391862218977917,-195.669419343188,-0.148453653087133,4229.88034119264,1659.79097326189,96827.6901091856,-338793.96034939,-6999994.85913258,-130160250.525042,-14082912.2306189,68445947166.7612,28189839821.5022,0.0247053069749179,0.05,0.494106139498357,1.45200817317511,0.914706422629794
0.507,-0.0243132574569576,4.12731733381588,0.392482342190524,-191.392292174624,1.32309887937783,4323.20686129688,1267.3245455111,89825.3521005746,-434731.237291052,-6999982.85145245,-61714303.3582811,14106927.5908833,63020134716.6657,-28238497010.9638,0.0243132574569576,0.05,0.486265149139151,1.43095306406508,1.00795291456966
0.508,-0.0239199208851292,3.9381013243763,0.394364601874925,-187.025338948617,2.36539792796356,4409.53339652228,812.239512327021,82827.7162967491,-464935.473291,-6999995.17236704,1305831.35838464,-14131569.4200805,51986072388.8157,28282051775.1719,0.0239199208851292,0.05,0.478398417702585,1.4043110858627,1.09869621917169
0.509,-0.0235242575002648,3.75329426500038,0.397059117940413,-182.57555871294,2.94755342855434,4488.8599383901,356.621300113348,75825.3690149679,-437636.605738208,-6999985.71589954,53291903.7472004,14150482.3550915,36545285940.2774,-28320377140.304,0.0235242575002648,0.05,0.470485150005297,1.37220168376372,1.18661897280381
0.51,-0.0231256829087288,3.57297548223065,0.400114567624774,-178.049952400729,3.09576113000397,4561.18649294513,-48.278472761213,68827.7384773892,-366072.059020869,-6999995.4221146,89837189.6874777,-14169894.7852126,18743476060.9206,28355523077.3154,0.0231256829087288,0.05,0.462513658174577,1.33476537398824,1.27141296679539
0.511,-0.0227240429852778,3.39721730262097,0.403129076920431,-173.455519058565,2.88020047084944,4626.51305354246,-366.308024261523,61825.3840283949,-266863.131302931,-6999987.55536115,108580665.748398,14185628.2921028,1527484322.57315,-28387386147.0778,0.0227240429852778,0.05,0.454480859705556,1.29216314692929,1.35278033929042
0.512,-0.0223195450717961,3.22608505273249,0.405786183114042,-168.799259623094,2.39862130374129,4684.8396252568,-578.626241969825,54827.7580561553,-157518.723393246,-6999995.62014259,110108150.070971,-14201757.854975,-12364027105.377,28417163310.2042,0.0223195450717961,0.05,0.446390901435921,1.24457580832392,1.43043472332247
0.513,-0.0219126616786216,3.05963705913633,0.407873722982259,-164.088173139676,1.75907189062395,4736.16620259171,-683.151561511815,47825.3977509702,-53592.5868749626,-6999988.79634246,97744122.9655945,14215405.4552293,-21557662103.1503,-28444767530.2401,0.0219126616786216,0.05,0.438253233572433,1.19220325481105,1.50410234670322
0.514,-0.0215040237267189,2.89792464841033,0.409286180018921,-159.32926054774,1.06451648691462,4780.49278998011,-691.465030587839,40827.775862767,33372.7050390567,-6999995.77465235,76186460.8624442,-14229362.0750108,-25986167025.3089,28470975470.8524,0.0215040237267189,0.05,0.430080474534379,1.13526368018048,1.57352307950349
0.515,-0.0210943185433037,2.74099214714137,0.410013483992526,-154.529520891423,0.401352795363992,4817.81938268585,-624.330122955111,33825.4105696556,96566.0823888465,-6999989.64899193,50200293.8371353,14241613.3958415,-26219718766.2874,-28495711392.9392,0.0210943185433037,0.05,0.421886370866073,1.0739927096198,1.6384514251359
0.516,-0.0206842040324277,2.58887688192258,0.41012063925473,-149.695955112457,-0.167420059039102,4848.14598471193,-507.033846775412,26827.7924421295,133656.516842838,-6999995.89129256,23980575.0708478,-14254097.9970977,-23068023234.4807,28519526514.3547,0.0206842040324277,0.05,0.413684080648553,1.0086424610508,1.69865745126835
0.517,-0.0202742458720228,2.44160917935555,0.409722785315545,-144.835562253764,-0.604590052516057,4871.47259183902,-365.23171293623,19825.4227562574,146103.080296446,-6999990.22603248,912551.836367156,14265428.517257,-17484736871.3839,-28542352520.6534,0.0202742458720228,0.05,0.405484917440457,0.939480534738048,1.75392765705558
0.518,-0.0198648801827371,2.29921236604781,0.408959822236796,-139.955343259045,-0.89734666403431,4887.79920778899,-221.586479533498,12827.8081857301,138273.263697121,-6999995.97377555,-16572185.0350167,-14276924.0033965,-10559859356.9874,28564615924.0073,0.0198648801827371,0.05,0.397297603654743,0.86678893436873,1.80406577342526
0.519,-0.0194564003562943,2.16170276861489,0.407973949370407,-135.062297169992,-1.05299853669829,4897.12582869283,-93.3592849133833,5825.43451927353,116421.14898361,-6999990.58981694,-27132044.3920042,14287691.9206109,-3461029372.99271,-28586252679.094,0.0194564003562943,0.05,0.389128007125886,0.790862924545906,1.84889349343713
0.52,-0.0190489638460992,2.02908971367809,0.406892515372321,-130.163424932036,-1.09281346407574,4899.45245810532,8.91900364539274,-1172.17660002962,87558.5899051097,-6999996.02423588,-30593073.7649969,-14298560.7584832,2717135107.64152,28607624243.4356,0.0190489638460992,0.05,0.380979276921984,0.712009831012692,1.88825113000719
0.521,-0.0186426128538522,1.90137552786642,0.405817502439772,-125.265725585611,-1.04510079714248,4894.77909238406,81.6339125192776,-8174.55396727084,58324.0836939336,-6999990.77287264,-27875938.6573553,14309063.4849524,7133775473.63973,-28628668030.9018,0.0186426128538522,0.0503527632540801,0.370240114922424,0.630547790871301,1.92199819859143
0.522,-0.0182373020883803,1.77855553781453,0.404821837230189,-120.376200077701,-0.938653591907725,4883.1057350131,127.208989463473,-15172.1616530728,34015.0327733981,-6999996.04340314,-20742163.1837156,-14319604.5459493,9314062936.46892,28649722299.072,0.0182373020883803,0.0517031729187977,0.352730810486675,0.546804460538242,1.95001392271624
0.523,-0.0178329271190699,1.66061807016469,0.403951670665534,-115.501847447424,-0.797506027299152,4864.432382476,152.405284467759,-22174.5425450324,17929.9010579169,-6999990.78679955,-11428100.2472467,14330117.7531226,9160166380.08864,-28670723144.6133,0.0178329271190699,0.0538306280026813,0.331278452077164,0.461115689187604,1.97219766056097
0.524,-0.0174293481359698,1.54754445156473,0.403232955761188,-110.649668643186,-0.637658802077806,4838.75903827706,166.147829798734,-29172.1467268129,11081.8840007146,-6999996.03061874,-2267933.86715805,-14340605.3914907,6905713891.23635,28692022583.4707,0.0174293481359698,0.0565190396166178,0.30838011852638,0.373824165042537,1.98846925110505
0.525,-0.0170264058658677,1.43930900867007,0.402680180905047,-105.826662702703,-0.466060281177773,4806.08569893498,177.246699181075,-36174.5310563634,12266.8070791747,-6999990.62471849,4637780.0240783,14351417.19198,3060744353.32158,-28713552333.2751,0.0170264058658677,0.0595857034519319,0.285746494200626,0.285278041199929,1.9987692786816
0.526,-0.0166239286199705,1.33587906814176,0.402305007188344,-101.039830575704,-0.281779684105043,4766.41236807111,192.342520331176,-43172.1315645415,18434.9592799138,-6999995.98369315,7698524.37739989,-14362135.1412951,-1649741467.17373,28735720848.6433,0.0166239286199705,0.0628781863518156,0.264383080754849,0.195829546859688,2.00305925509505
0.527,-0.0162217316155511,1.23721495664856,0.402122778281621,-96.2961712983701,-0.0790053359654752,4719.73904214723,214.351784888594,-50174.5193289972,25308.6129237268,-6999990.25841012,6048782.91022616,14373585.7073482,-6371211305.23544,-28758451722.9409,0.0162217316155511,0.066271292970212,0.24477765392087,0.105833589018781,2.00132171879652
0.528,-0.0158196115185569,1.14327000086495,0.402155365879448,-91.6026858216848,0.148743418732302,4666.06572501782,241.622920716561,-57172.1158698408,28171.7901813352,-6999995.89856424,-322428.395009282,-14384866.0155927,-10228168922.4521,28782272726.5439,0.0158196115185569,0.0696641349930271,0.227084015614926,0.015646349003799,1.99356025092956
0.529,-0.0154173403535494,1.0539905274734,0.402429517387645,-86.9663731801022,0.403972322768594,4605.3924129824,267.928801879983,-64174.5071559584,22735.2773250999,-6999989.62821656,-10550597.3174614,14397406.7109512,-12430661368.7245,-28807094318.0178,0.0154173403535494,0.0729773224841083,0.211262071952649,-0.0743761222474934,1.97979940839629
0.53,-0.0150146633530833,0.969315863162334,0.402970700127175,-82.394234325803,0.680992386201187,4537.71911028452,283.317003651565,-71172.0992632058,5969.34932327624,-6999995.76866462,-22981258.6861859,-14409687.6070667,-12356474734.1684,28833675482.3333,0.0150146633530833,0.0761502940112429,0.197171442973897,-0.163879306417793,1.96008457441147
0.531,-0.0146113048972117,0.889178334628605,0.403793285383687,-77.8932682912345,0.962949001619436,4463.04581292552,275.736311176054,-78174.4942630935,-23190.1467299939,-6999988.61853052,-35337733.4203543,14423987.8752666,-9617905258.57782,-28861906314.3814,0.0146113048972117,0.079138799328903,0.184628842250775,-0.252511613670258,1.93448172734538
0.532,-0.0142069854553708,0.813503268575378,0.40488868496167,-73.4704760297266,1.22079987114133,4381.37252577172,233.27431352612,-85172.0812054055,-63336.832779637,-6999995.58381244,-44955638.6789321,-14437918.4391148,-4151294160.85082,28893010408.9572,0.0142069854553708,0.0819125455713515,0.173440897926869,-0.339925767798711,1.90307712896676
0.533,-0.013801450510852,0.742208991715,0.406213658105048,-69.1328565712931,1.4147401912411,4292.6992443301,146.767779046875,-92174.4802467027,-110368.118538995,-6999986.99704708,-49106932.8397829,14455091.9698424,3655852392.79544,-28926846351.803,0.013801450510852,0.0844530151628907,0.163421643196897,-0.425780175621413,1.86597693352228
0.534,-0.0133945100241733,0.675206830766655,0.407681371842625,-64.8874108703474,1.49829174939488,4197.0259744816,12.4555028201213,-99172.0608388235,-157647.12518238,-6999995.32825314,-45451080.4469875,-14471754.3819607,12885455224.0558,28965680334.5559,0.0133945100241733,0.0867514610062322,0.154400973410823,-0.509740274691104,1.82330671938642
0.535,-0.0129860843600316,0.612401112459902,0.409157830406341,-60.7411379537824,1.42488540351699,4094.35271092293,-165.769586715076,-106174.464430879,-196655.478017339,-6999984.24246782,-32565625.2229317,14493925.9525953,22198950559.7369,-29009321108.9518,0.0129860843600316,0.0888070819828743,0.14622802675282,-0.591479852457101,1.77521094532822
0.536,-0.0125762501497146,0.553689163531991,0.410465883193701,-56.7010387769461,1.15628542986274,3984.67946130344,-375.008052250592,-113172.036597222,-218121.627960403,-6999994.9770697,-10366674.6631948,-14515395.1563565,30127763814.6383,29062894623.8863,0.0125762501497146,0.0906253794132091,0.138771834459007,-0.6706823291782,1.72185233372083
0.537,-0.012165277758094,0.498961310732544,0.411398130112699,-52.7741123623881,0.671744108013691,3868.0062189391,-593.291723573486,-120174.445456099,-213424.420716278,-6999978.92491411,19761089.1514435,14547499.4675298,35331647841.9157,-29132597692.1428,0.012165277758094,0.092216692892726,0.13192055989522,-0.747041996336894,1.66341118331545
0.538,-0.0117536513168179,0.448100880820361,0.411738775431253,-48.967359665957,-0.0234941590659465,3744.33299474555,-790.946991740389,-127172.006064228,-175997.507643877,-6999997.72429265,55092736.9933592,-14585098.2246129,36652144908.3316,199991909176.694,0.0117536513168179,0.0935949118631924,0.125580024414129,-0.820265202222707,1.60008461445743
0.539,-0.0113420629361824,0.400984200807085,0.411293075823626,-45.2877782816442,-0.891730609091534,3613.66689196568,-933.289440069531,-134145.96435277,-102578.698196352,-6914586.86792891,91744881.9016908,185406810.952081,33002145367.3021,199997195585.608,0.0113420629361824,0.0947763573978941,0.119671859602766,-0.8900714768383,1.53208574999152
0.54,-0.0109313747376388,0.357480612025742,0.40992170176609,-41.7423274110724,-1.85964349521866,3476.10286853059,-984.49533975382,-140934.514949292,5667.25638899022,-6629181.45918403,124747027.268993,385404006.537687,23295386888.5829,199997982126.801,0.0109313747376388,0.0957788267142799,0.114131432934008,-0.956194589340871,1.45964284059966
0.541,-0.010522545632128,0.317452574236691,0.407576147064753,-38.3377789384429,-2.81954339444612,3331.92633010205,-912.572005248903,-147337.661408186,142061.977102275,-6143778.46158294,148042414.157576,585401988.66449,6792589030.29106,199998185379.946,0.010522545632128,0.0966207904176089,0.108905604959844,-1.01838353280859,1.38299836820569
0.542,-0.0101165241897247,0.280755951351754,0.404330219702698,-35.0805193437208,-3.63612765090803,3181.62267971891,-695.356722896126,-153155.40584454,293500.685774996,-5458377.38022847,154835003.187867,785400174.044436,-15563482518.74,199998128852.59,0.0101165241897247,0.0973207320945013,0.103950350269675,-1.07640343316366,1.30240816712648
0.543,-0.00971411442876357,0.247240496837304,0.400401652234083,-31.9763497048292,-4.1595766754903,3025.87731846863,-327.032449280319,-158187.750116271,440553.947703493,-4572978.14175774,139271520.669127,985398302.897025,-39917175062.3426,199997815362.518,0.00971411442876357,0.0978966211682247,0.0992282911590066,-1.13003638155169,1.21814057350483
0.544,-0.00931582760870548,0.216750539115361,0.396157455328806,-29.0302856995312,-4.24478344643495,2865.57564557427,176.504396247346,-162234.696137353,559866.880841448,-3487580.93117946,99354345.6067842,1185396118.25954,-61462288940.2757,199997005037.23,0.00931582760870548,0.0983655090535686,0.0947062410222693,-1.17908219224642,1.13047560643127
0.545,-0.00892173905732522,0.189125866962797,0.39209786280596,-26.2463576073675,-3.77434748087159,2701.80305819958,775.804735068807,-165096.24617523,628490.081978094,-2202186.3104013,37892056.6665085,1385393123.29677,-77386549936.3254,199994334998.104,0.00892173905732522,0.0987432373200341,0.090352912254732,-1.22335909078087,1.03970418390301
0.546,-0.00853137267209795,0.16420281490845,0.388817099987398,-23.6274103119744,-2.68120680161666,2535.84495082033,1410.34308705744,-166572.403534816,627688.86367644,-716796.019605473,-39494493.2698169,1585387458.29488,-86882944141.2544,-17857574216.4356,0.00853137267209795,0.0990442454462997,0.0861369848763554,-1.26270433869152,0.946127376622867
0.547,-0.00814363541441906,0.141815548324889,0.386943309911502,-21.1749051199271,-0.967221820938529,2369.17763645316,2003.80421340876,-166499.482087644,544752.898335996,859662.651581187,-126377437.411071,1567529884.07844,-89606802176.7282,-199994465832.56,0.00814363541441906,0.099281464942456,0.0820257378266845,-1.29697480136904,0.850055702364718
0.548,-0.0077568202276109,0.121797530713763,0.38706276989708,-18.8887703002845,1.28416231864569,2203.36090756925,2470.43392600976,-164889.386904995,373572.05983656,2327195.30274335,-215984239.5878,1367535418.24588,-84247248306.6705,-199997141319.662,0.0077568202276109,0.0994662863359119,0.0779844157588734,-1.32604746418451,0.751808456682375
0.549,-0.00736868998894307,0.103983067387605,0.389634709784985,-16.7674109062844,3.90187459929632,2039.85470767111,2721.97265800131,-161911.756750016,115464.196095425,3594732.1503294,-300231487.89447,1167538276.92622,-66863927177.1117,-199997961866.051,0.00736868998894307,0.0996085859968755,0.0739764540897529,-1.34981989995631,0.651713040798507
0.55,-0.00697664846353623,0.088208757774581,0.394903747901242,-14.8078659741847,6.62875477706389,1879.92657346067,2676.17712228665,-157766.588454868,-218199.255387601,4662271.44632259,-367095415.071582,967540315.060169,-28841964539.673,-199998292503.278,0.00697664846353623,0.0997167997316298,0.0699646246401073,-1.36821068838917,0.550104223202672
0.551,-0.00657799649954846,0.0743147627020883,0.402818688704886,-13.0060070021831,9.13344795395565,1724.64404418595,2269.62316527331,-152653.879899766,-599715.652729019,5529812.61513112,-395937379.611255,767542022.556891,32701209188.9645,-199998377859.248,0.00657799649954846,0.0997980295635153,0.0659130899509591,-1.38115978525788,0.447323301133681
0.552,-0.00617026105855106,0.0621458719359485,0.412970770751949,-11.3567379482467,11.0385862799788,1574.87466099843,1477.38902427016,-146773.629336332,-979302.427745791,6197355.44875839,-363236170.42229,567543644.697643,87508401862.9737,-199998226739.886,0.00617026105855106,0.0998581710745007,0.0617902470289351,-1.38862883511558,0.343717159702044
0.553,-0.00575156847285154,0.0515523717215437,0.42457042886902,-9.85419522834167,11.96943091205,1431.28596673448,331.053244957055,-140325.835103015,-1298784.39723659,6664899.98008609,-275727768.559316,367545417.957757,119897340297.188,-199997549806.472,0.00575156847285154,0.0999020508364657,0.0575720760954803,-1.39060141515797,0.239637232518036
0.554,-0.00532101440020954,0.0423907123266554,0.436478432824822,-8.49194771474918,11.6101330528079,1294.34550595993,-1085.61214650967,-133510.495338918,-1514563.49564732,6932446.62314061,-155830428.262128,167547868.151285,137530024183.892,-199992215946.872,0.00532101440020954,0.0999335657183658,0.0532455172790021,-1.38708319071972,0.135438368169316
0.555,-0.00487897605060136,0.0345239755860709,0.447287985704124,-7.26319673412882,9.7469978381052,1164.32082556827,-2655.16918559073,-126527.606817693,-1601628.9118175,6999998.38331846,-18300404.0782366,-32444347.795587,146756049961.662,33353457828.4466,0.00487897605060136,0.0999558179328066,0.0488113263590236,-1.37810196056,0.0314776072523244
0.556,-0.0044273237773893,0.0278221427728106,0.455440921247711,-6.16097411947451,6.29407896467442,1041.28920027835,-4241.48895778707,-119538.271698634,-1546551.2909149,6984230.76443709,128455645.883426,909110.03285959,150369393503.148,29715166819.3908,0.0044273237773893,0.0999712415180744,0.0442859737476488,-1.36370757512447,-0.0718871248693862
0.557,-0.00396950589181257,0.0221621812666543,0.459363102581864,-5.17828973107876,1.30698902713976,925.244433612224,-5698.7508601764,-112548.633851377,-1342910.9482799,6999997.45787965,278825039.386574,30624276.8522504,148751079198.404,-61284452015.5047,0.00396950589181257,0.0999817174798995,0.0397023175023035,-1.34397171812209,-0.174298396930791
0.558,-0.0035104925110093,0.0174280474833855,0.457609754989836,-4.30815218284148,-5.01054850564556,816.198349017095,-6877.45744222995,-105543.538330408,-989710.369294126,6999979.50872415,427576118.584979,-30660175.1632543,139134957267.071,61356857175.8881,0.0035104925110093,0.0999886760377851,0.0351089008287569,-1.31898754702859,-0.275400678218127
0.559,-0.00305657175473406,0.0135106953808601,0.449014501164445,-3.54355970593829,-12.3058011562056,714.152246947571,-7630.19059268708,-98548.6627664024,-492566.772075612,6999997.76214883,566711075.85205,30696682.0126338,107476134923.385,-61408580431.0243,0.00305657175473406,0.0999931856194789,0.0305678005535872,-1.2888691916532,-0.374841731800503
0.56,-0.00261499750433063,0.0103080788583573,0.432836018845835,-2.87751435678998,-20.0833451166667,619.106140485061,-7821.48913768277,-91543.5514266524,127882.371238131,6999990.15394596,674187210.775435,-30711898.4183902,-21428325960.559,61439526276.7971,0.00261499750433063,0.0999960290728878,0.0261510134809907,-1.25375111279194,-0.472273993690465
0.561,-0.00219349582266874,0.00772515180889533,0.408891155453266,-2.30301409465897,-27.7294213805162,531.060025465906,-7360.08454871701,-84548.6773008695,791355.419033286,6999998.01866596,652758884.814876,30727627.858407,-133859504246.02,-61463907125.1571,0.00219349582266874,0.0999977678388746,0.0219354478612273,-1.21378732664559,-0.567355931046938
0.562,-0.00179965783178,0.00567386811803364,0.377639667159229,-1.81306097338845,-34.590612551591,450.013907449549,-6264.65960465062,-77543.5594527952,1377184.55172515,6999993.69296179,518899380.568856,-30736279.2667506,-163113051513.305,61481646072.3391,0.00179965783178,0.0999987950539915,0.0179967951694651,-1.1691505093557,-0.659753373219348
0.563,-0.00144029610052542,0.00407318166745388,0.340166517096028,-1.40065294838106,-40.0869930274306,375.967783865277,-4655.21087122659,-70548.6869584547,1814527.40653736,6999998.23673121,355786329.055551,30745366.8055886,-174446836874.249,-61496299506.2533,0.00144029610052542,0.0999993786893836,0.014403050492936,-1.12003101586452,-0.74914081042842
0.564,-0.00112087062051424,0.00284904633390544,0.298067710574143,-1.05879207303444,-43.7829110920824,308.921657907176,-2691.86477297384,-63543.5654215718,2083090.31715578,6999995.45378367,181339492.181302,-30750932.7006648,-179715649220.363,61507804872.952,0.00112087062051424,0.0999996958991357,0.0112087402910185,-1.06663585899168,-0.835202655053018
0.565,-0.000845054952627717,0.00193441599123464,0.253292106996864,-0.780476300652903,-45.4104956098323,248.875527882249,-548.057317930796,-56548.6941333263,2174571.9847269,6999998.42351948,1623842.96093875,30756872.1722872,-181978741789.477,-61517584407.7906,0.000845054952627717,0.0999998597667855,0.00845056137677104,-1.00918768066784,-0.917634460639086
0.566,-0.000614469068372289,0.00126924450963447,0.207968562562796,-0.558707684543594,-44.8785787424807,195.829395873361,1596.99679797833,-49543.5702044553,2085206.4567931,6999996.50348787,-180354898.828538,-30760712.2355035,-181985972537.749,61527651013.4769,0.000614469068372289,0.0999999396137482,0.00614469439427352,-0.947923729852393,-0.996144093937582
0.567,-0.000428588501161156,0.000800485756963593,0.164226985291548,-0.386484176654464,-42.2766206147663,149.783260787402,3561.69480993421,-42548.6994485829,1813858.57169569,6999999.6167591,-362340871.366287,30766938.7779735,-178893467012.131,-199998697466.302,0.000428588501161156,0.0999999759772574,0.00428588604119893,-0.883094854936464,-1.07045285546442
0.568,-0.000284833900905258,0.000482093406060619,0.124016933528499,-0.25680898368859,-37.8758405586708,110.731355691268,5164.56736811139,-35566.6494786792,1362070.96682334,6930767.20680393,-541234338.378418,-169231758.688328,-166368143401.446,-199999531537.966,0.000284833900905258,0.0999999912858736,0.00284833925726047,-0.814964516179439,-1.14029654437551
0.569,-0.000178842114824144,0.000275009419229717,0.088926450649727,-0.162714542854903,-32.1273754361859,78.5935512090615,6228.29314184528,-28753.8314064757,737652.556744194,6661535.68234661,-707602481.779864,-369231290.226294,9130824079.1187,-199999661738.977,0.000178842114824144,0.0999999971641282,0.00178842119895877,-0.743807822463752,-1.20542646798539
0.57,-0.000104916451517986,0.00014707355602697,0.0600067565307143,-0.0974047027029618,-25.6478093119285,53.1006157761489,6613.66626171273,-22310.2446461988,34615.4870038899,6192304.56125083,-698471657.700745,-569230951.965271,174885732431.811,-199999686603.331,0.000104916451517986,0.0999999991888911,0.00104916452368973,-0.669910595179597,-1.26561041876503
0.571,-5.6635457321289e-05,7.27537784258259e-05,0.0376439039928423,-0.0544525431100908,-19.1259603441459,33.7833182649729,6328.19354193822,-16435.8888420311,-576413.30448095,5523073.76598389,-523585925.268934,-769230638.568602,187721326093.107,-199999642752.745,5.6635457321289e-05,0.0999999998015131,0.000566354574337029,-0.593568454709825,-1.3206336545081
0.572,-2.75279542898632e-05,3.26770196821961e-05,0.0215657197997498,-0.0280003749120994,-13.1654160534058,19.9724278810575,5521.27416250498,-11330.7636691237,-1006138.56670333,4653843.30603892,-335864599.175826,-969230281.321347,191796226684.453,-199999427214.207,2.75279542898632e-05,0.0999999999599584,0.000275279543008859,-0.515085896690098,-1.37029988588435
0.573,-1.16691850846897e-05,1.29599535408631e-05,0.0109808550100693,-0.0129597395715458,-8.19519709800328,10.7987141752658,4379.16933399448,-7194.86874161445,-1246105.05253693,3584613.31111047,-144068372.491373,-1169229708.53555,193382644464.865,169230495343.083,1.16691850846897e-05,0.0999999999937015,0.000116691850854247,-0.434775304498161,-1.41443226761204
0.574,-4.10892009457654e-06,4.34027661609433e-06,0.00476316707682388,-0.00520833186562987,-4.45503407550645,5.20833174175665,3093.26053595601,-4166.66520221458,-1293482.10279587,2499998.85024645,49314271.973492,-999999213.192471,193534836360.817,199999598137.171,4.10892009457654e-06,0.0999999999992936,4.10892009460556e-05,-0.352955866894978,-1.4528743891313
0.575,-1.11094196981277e-06,1.13777749017699e-06,0.00164285047046468,-0.00170666622050464,-1.99223159410443,2.13333274572227,1856.69137520702,-2133.33269220817,-1147400.41264197,1599999.43612257,242849108.334309,-799999615.0553,191152050596.141,199999827472.561,1.11094196981277e-06,0.0999999999999515,1.11094196981331e-05,-0.269952397210973,-1.48549124932903
0.576,-2.00277852863928e-07,2.02499951083257e-07,0.000399442808459001,-0.000404999900264398,-0.660800905054502,0.674999828544181,862.574191831564,-899.999759034497,-808975.279009589,899999.734803545,434001158.93045,-599999787.582739,-40292425184.8764,199999899995.762,2.00277852863928e-07,0.0999999999999985,2.00277852863931e-06,-0.18609405754845,-1.51217014949896
0.577,-1.76197202962092e-08,1.77777736110407e-08,5.28473975642443e-05,-5.33333207528578e-05,-0.132059677288694,0.133333301480823,263.88408808972,-266.666601356361,-395120.332671578,399999.897218687,393708733.745573,-399999887.586977,-195442767946.782,199999934161.779,1.76197202962093e-08,0.1,1.76197202962093e-07,-0.10171299304701,-1.53282143510257
0.578,-2.75369396942771e-10,2.7777771309055e-10,1.6522163816566e-06,-1.66666627854332e-06,-0.008261081908283,0.00833333139271662,33.0443276331319,-33.3333255708664,-99132.9828993955,99999.9767125991,198265965.798791,-199999953.425198,-198265965798.791,199999953425.198,2.7536939694908e-10,0.1,2.7536939694908e-09,-0.0171428894496464,-1.54737906718447
0.579,0,-2.72632387043301e-25,0,7.24712395566994e-22,0,-9.33459537336176e-19,0,5.23658038188065e-16,0,-2.57920270918963e-12,0,4.1840271086876e-09,0,0,2.72632387043301e-25,0.1,2.72632387043301e-24,0.0672824966479228,-1.55580102045565
0.58,0,2.66925760981333e-29,0,0,0,-1.00206500229423e-18,0,3.64688833423583e-17,0,1.60482439949797e-12,0,0,0,0,2.66925760981333e-29,0.1,2.66925760981333e-28,0.151230765037802,-1.55806950700338
