time,x,y,vx,vy,ax,ay,jx,jy,snapx,snapy,cracklex,crackley,POPx,POPy,contour_error,allowed_error,error_utilisation,modal_x,modal_y
0,1.78923196450148e-12,-1.18985181915329e-14,1.24030626424638e-10,-2.47113330050933e-12,1.65117508296541e-09,-4.67091412308335e-12,1.62723155607432e-08,-4.70106893983975e-11,1.47669431272599e-07,-2.97002886166634e-10,0.472982393865072,-0.000594829876172215,0.000415393298994881,-4.81360996390652e-07,1.18985181915329e-14,0.1,1.18985181915329e-13,1.46530485560682e-14,-1.01576790355612e-15
0.001,3.70333870368584e-12,-2.62705179474683e-14,2.46888054802439e-10,-4.93954928069789e-12,3.5179898187219e-09,-9.93997574883606e-12,2.68499292091912e-07,-3.89805194631708e-10,0.000473258421025687,-5.95367697016735e-07,0.833442847112062,-0.000970399933170545,199999625000.476,-158860705402.915,2.62705179474683e-14,0.1,2.62705179474683e-13,3.65663737253511e-15,-1.71969587049425e-15
0.002,2.83518558683664e-10,-2.20682982268436e-10,1.66703077437065e-06,-1.32384661777493e-06,0.00833332376410251,-0.00661919607563112,33.3332720067465,-26.4767842353324,99999.8138070487,-79430.3527030236,199999626.09744,-158860705.404087,199999474972.523,-35025145955.6213,2.20682982268436e-10,0.1,2.20682982268436e-09,2.73180936386796e-09,-2.16990397088241e-09
0.003,1.77856453028589e-08,-1.39490201859754e-08,5.3333716605966e-05,-4.13309016518651e-05,0.133333087149302,-0.100747321986186,266.666144705344,-191.175013966376,399999.177390842,-255803.631084921,399999101.251398,-193885851.359778,199999208631.57,91127082132.8951,1.39490201859754e-08,0.1,1.39490201859754e-07,1.73606611393964e-07,-1.36205128161662e-07
0.004,2.02509787094062e-07,-1.49663731721865e-07,0.000404999801232285,-0.000287618856365541,0.674998639864089,-0.448341498309743,899.998074173738,-528.733723709073,899997.8829581,-404125.941378252,599998309.996386,-102758769.226861,199998642820.223,97228413916.9703,1.49663731721865e-07,0.0999999999999985,1.49663731721868e-06,1.95674830160923e-06,-1.44503835485392e-06
0.005,1.13778805013336e-06,-7.67135500929511e-07,0.00170666381508377,-0.00107115292112721,2.13332865274742,-1.19221347034486,2133.32821927915,-968.034314047957,1599995.51436466,-458270.503646628,799996952.875266,-5530355.30981313,199996852515.909,68697733506.2024,7.67135500929511e-07,0.0999999999999515,7.67135500929883e-06,1.08415319641939e-05,-7.2903190992831e-06
0.006,4.34028357849658e-06,-2.61477949856305e-06,0.0052083224469882,-0.00282341991854793,5.20832065897341,-2.38744235655231,4166.65501884566,-1417.62037309848,2499990.89349792,-429451.99220334,999993805.407489,63167378.196494,169228547019.623,16465587852.6235,2.61477949856305e-06,0.0999999999992936,2.61477949858152e-05,4.06438505189687e-05,-2.43316237733336e-05
0.007,1.29599452559491e-05,-6.88553523878674e-06,0.0129597125132775,-0.00598847860875114,10.7986879502887,-4.00857476324086,7194.84757289468,-1812.74441156149,3584598.97241525,-358051.820080534,1169222352.41266,79632966.0492263,-199995505029.128,-27293162275.1911,6.88553523878674e-06,0.0999999999937015,6.88553523922042e-05,0.000118869018175964,-6.23801621512226e-05
0.008,3.26769688343526e-05,-1.51947184346061e-05,0.0280003084822986,-0.0109600102862239,19.9723722573226,-5.98821013894447,11330.7251373547,-2135.52860899662,4653823.57231336,-292065.435168903,969226847.349056,52339803.7741323,-199997187066.261,-41872401264.0393,1.51947184346061e-05,0.0999999999599585,0.000151947184406903,0.000292592264455176,-0.000133189105694902
0.009,7.27536278561533e-05,-2.95165466212461e-05,0.0544523984793867,-0.0180628304159575,33.7832137743386,-8.26279284829716,16435.8292688408,-2408.40287582246,5523051.82612929,-260661.832026791,769229660.238267,10467402.5101693,-199997526854.941,-31462230374.7806,2.95165466212461e-05,0.0999999998015139,0.000295165466798323,0.00063386698022633,-0.000248668609312928
0.01,0.00014707319952234,-5.21229913314084e-05,0.0974044202147903,-0.0275730943864159,53.1004406708761,-10.8010929993268,22310.1630039553,-2669.07471165663,6192282.72294009,-265925.544704011,569232133.337976,-20994827.8645599,-199997327591.979,-1459588240.83135,5.21229913314084e-05,0.099999999188895,0.000521229917541806,0.00124250799569277,-0.000419130811241683
0.011,0.000275008679969635,-8.55527352297934e-05,0.162714040967345,-0.0397539326153171,78.5932838378737,-13.6066904375005,28753.7289056403,-2945.74093499973,6661516.19248206,-287650.166688987,369234805.708404,-22454416.1053645,-199996297859.158,35835061018.9573,8.55527352297934e-05,0.0999999971641435,0.000855527376559463,0.00224448379220476,-0.000652005090933748
0.012,0.00048209201515486,-0.000132613092671083,0.256808160201475,-0.0548820721915883,110.730976796083,-16.6985057309947,35566.5297846743,-3238.64579957156,6930752.84926086,-292187.052284873,169238507.82741,13380644.9135978,-199989689862.956,64047707831.1525,0.000132613092671083,0.0999999912859239,0.00132613104227089,0.00378584424397517,-0.000951170257242902
0.013,0.000800483334433885,-0.000196396166039976,0.386482912484331,-0.0732475074080494,149.782756520541,-20.0783462947353,42548.5702728788,-3513.46791142777,6999996.51215676,-246782.553455699,-30751182.0341119,77428352.7447373,61449553919.6392,78018107082.56,0.000196396166039976,0.0999999759774028,0.00196396213219447,0.0060228253175362,-0.00131677860292363
0.014,0.00126924055095463,-0.000280277953604159,0.558705851101732,-0.0951198417529768,195.828760251337,-23.6990500029738,49543.4327863452,-3708.533270664,6999970.10708246,-130345.147169681,30698371.8852475,155446459.827271,-61362128045.8055,78701479446.7212,0.000280277953604159,0.0999999396141248,0.00280278122852557,0.00910914461136168,-0.00174527847234859
0.015,0.0019344098587847,-0.000387869435601975,0.780473757272096,-0.120687749801948,248.874737731851,-27.443568875607,56548.5250580358,-3748.03827467892,6999987.4149448,64452.0523809503,-30663756.1591758,234147939.273956,61275389031.0398,65253740462.4041,0.000387869435601975,0.0999998597676743,0.00387869979521068,0.0131819593225694,-0.00222932948698557
0.016,0.00284903723660399,-0.000522898915534184,1.05878865516632,-0.149984295861686,308.920699013127,-31.117637561694,63543.3931597457,-3555.63662925059,6999961.35330114,331226.861886109,30611632.8715405,299401679.736318,-61173699744.0743,33203445283.1723,0.000522898915534184,0.0999996959010768,0.00522900505668991,0.0183488431191592,-0.00275741857420583
0.017,0.00407316864378258,-0.000689018294044332,1.40064847678008,-0.182811795496434,375.966625884758,-34.4563770031535,70548.4647128646,-3069.17501994913,6999986.13630064,647230.264264013,-30562066.8711906,332605125.019445,61046824925.2499,-17798480861.4304,0.000689018294044332,0.0999993786933541,0.00689022574987382,0.0246776932064113,-0.0033131467965255
0.018,0.0056738500089388,-0.000889540092307269,1.81305523477163,-0.218681178073447,450.01253360629,-37.1472443068304,77543.3442865563,-2258.6086066523,6999947.48189207,970936.148852743,30484758.0536967,314806644.157968,-60895062724.151,-67034709858.132,0.000889540092307269,0.0999987950616758,0.00889550810845902,0.0321906211204234,-0.00387432693971015
0.019,0.00772512723695882,-0.00112712834135597,2.30300686126335,-0.256783345672076,531.058395133236,-38.8707101779341,84548.38497036,-1141.44158736359,6999984.70858368,1252225.43808164,-30410304.6691522,247771934.299789,60692887424.3698,-98473910515.9978,0.00112712834135597,0.0999977678530563,0.011271535010784,0.0408623735658855,-0.00441220705604773
0.02,0.0103080461919791,-0.00140348317833672,2.87750535176589,-0.29600656919031,619.104232944925,-39.3488468034721,91543.2800078517,218.257499448614,6999920.84762672,1450760.41712343,30282582.7548061,149298023.783746,-60440795187.6915,-115470134524.832,0.00140348317833672,0.0999960290980122,0.0140353891149126,0.0506233803335203,-0.00489128157667746
0.021,0.0135106527071193,-0.001719066262565,3.5435486363772,-0.334999235342404,714.150002108231,-38.3851373470977,98548.268680996,1724.42190604312,6999983.03278767,1542323.37364476,-30158212.4316378,33827889.2588741,60036217520.3211,-123223197855.829,0.001719066262565,0.0999931856624281,0.0171918341352628,0.0613670751185725,-0.0052701592397731
0.022,0.0174279925558115,-0.00207290628871216,4.30813868046011,-0.372264725206599,816.19573744707,-35.8890500725959,105543.178643826,3263.12202467468,6999842.92911619,1514539.66397572,29878005.0882041,-89395308.5969893,-59479945357.1822,-124172931717.058,0.00207290628871216,0.0999886761089553,0.0207314104894575,0.0729607235245143,-0.00550377211475709
0.023,0.0221621114630528,-0.00246250949690012,5.17827339705257,-0.406274550569613,925.24133889316,-31.8887313061857,112548.047251264,4712.2685457324,6999980.9615258,1363057.8895202,-29601940.267802,-213568240.314073,28262083285.7634,-118391180582.645,0.00246250949690012,0.0999817175946386,0.0246295978519193,0.085258661523,-0.00554693617748219
0.024,0.0278220549976598,-0.00288388818513252,6.16095442525165,-0.435589856558911,1041.28562055662,-26.5354614882696,119537.937589873,5948.81045166513,6984510.06290088,1090294.05891481,-1339856.98260406,-331959420.896733,33634502458.6642,-103300005740.544,0.00288388818513252,0.0999712416986832,0.0288471778096411,0.0981166253593286,-0.00535902662911956
0.025,0.0345238662813791,-0.00333171178492043,7.26317332415623,-0.45898388962166,1164.31699130744,-20.101134744204,126527.383474695,6855.90813250815,6999987.4571476,706684.635147803,32294645.4771486,-435259426.63728,-199939941937.71,-71718486723.9173,0.00333171178492043,0.0999558182109431,0.0333318444544099,0.111405744757053,-0.00490934354405844
0.026,0.0423905776577958,-0.00379957787214839,8.49192035130253,-0.475558022991216,1294.34142012209,-12.9674158021782,133510.194930928,7333.00997321666,6932312.1316559,235565.965148564,-167645296.464427,-506977913.361186,-199981162882.404,-12831364429.0846,0.00379957787214839,0.0999335661374435,0.0380210375653226,0.12502480568759,-0.00418261164160666
0.027,0.0515522075916468,-0.00428039186211241,9.85416360259514,-0.484840903820675,1431.28149768896,-5.60165380546954,140325.354220539,7312.94842094645,6664676.25375027,-277827.630427165,-367626459.353343,-519809277.790247,-199986260400.168,55225590432.4934,0.00428039186211241,0.0999020514547037,0.0428458855427325,0.138909719768877,-0.0031839679490516
0.028,0.0621456738574438,-0.00476683059930387,11.3567015725277,-0.48685358652737,1574.86958620017,1.48804698689481,146772.886201214,6784.42041669624,6197056.66419684,-770024.113001165,-567612719.760906,-464583687.357717,-199987305361.479,97437356289.069,0.00476683059930387,0.0998581719690439,0.0477360090347097,0.153038448381384,-0.00194271723208705
0.029,0.0743145255753892,-0.00525184524615262,13.0059651275929,-0.48212021235959,1724.63806581018,7.81408462237137,152652.805287971,5798.34401939773,5529450.2917552,-1185889.12221435,-767600025.129401,-367146331.068601,-199986485317.917,118853746733.792,0.00525184524615262,0.0997980308360554,0.0526247382053075,0.167430012696497,-0.000514071272978422
0.03,0.0882084755912274,-0.00572914433206783,14.8078175212841,-0.47161891122977,1879.91933013714,12.9632452649267,157765.124486276,4448.69068943804,4661857.02396683,-1493608.57991605,-967586510.453143,-248292584.334756,-199983668071.005,129229371393.469,0.00572914433206783,0.09971680151612,0.0574541526097953,0.182137579858847,0.00102184723764201
0.031,0.10398273286985,-0.00619360429553918,16.7673544072756,-0.45668952399542,2039.84578606479,16.6291341241557,161909.857643671,2852.47404592019,3594278.67947819,-1677286.47855407,-1167570178.52835,-119063212.941232,-199976790564.122,132959869877.193,0.00619360429553918,0.0996085884700492,0.0621794203760001,0.197236368618159,0.00256411722574243
0.032,0.121797134902336,-0.00664157453460691,18.8887038534526,-0.438917553561918,2203.3498556526,18.6286610565516,164887.021768791,1137.81593920836,2326720.10566778,-1729869.75655671,-1367546969.09491,13896656.9360155,-199954453142.368,131487054886.761,0.00664157453460691,0.0994662897313814,0.0667721149802928,0.212807615574482,0.00399812989740072
0.033,0.141815080128431,-0.00707105990114264,21.1748263593365,-0.42000662140787,2369.16398154406,18.9093368542575,166496.642647721,-563.190979732549,859195.910001679,-1650229.57217731,-1567501422.23804,145383711.822825,-17738742206.044,124422427391.596,0.00707105990114264,0.0992814695691567,0.0712223532934022,0.228920210925823,0.00520513431197812
0.034,0.164202260633451,-0.00748177309452412,23.627316401213,-0.40164682379619,2535.82823279556,17.5504459748826,166569.131389569,-2119.99162476652,-717174.883339381,-1442634.64665869,-1585240164.44336,269806139.21446,199952026511.055,109342268229.157,0.00748177309452412,0.0990442517118784,0.0755397003380745,0.245611821740632,0.00607333224242134
0.035,0.189125209859838,-0.00787505573681032,26.2462452852207,-0.385384659632496,2701.78290138379,14.7586606445014,165092.661761759,-3409.49949044645,-2202439.03452722,-1118157.37332965,-1385288137.93039,379148407.443645,199974275444.425,80373553428.1365,0.00787505573681032,0.0987432457592717,0.0797528547523046,0.262871489494156,0.00650943552012667
0.036,0.216749759006548,-0.00825367263473798,29.0301513904963,-0.372500640664831,2865.55179453336,10.8566227666941,162230.907704174,-4324.68706781626,-3487740.0347354,-698822.189171938,-1185313862.48313,459521960.871796,199980982632.986,28576929766.857,0.00825367263473798,0.0983655203608463,0.0839081886057231,0.280626288645205,0.00644951196082437
0.037,0.247239569858352,-0.00862149099376058,31.9761896273755,-0.363903446907076,3025.84961245061,6.26030230318209,158183.840901969,-4788.98545492449,-4573063.40590204,-225011.763416714,-985332879.846651,488098890.638655,199983510774.643,-35950636000.063,0.00862149099376058,0.0978966362322966,0.0880672853079737,0.298734924420453,0.00586795917099115
0.038,0.280754849789565,-0.00898306781170116,35.0803295941032,-0.360055101426736,3181.59103214924,1.43866283849389,153151.441641272,-4775.93954568855,-5458404.53036137,245111.809221909,-785349369.068074,452148254.638581,199983836109.282,-80765241636.9513,0.00898306781170116,0.0973207520336254,0.0923037237587047,0.316989833286198,0.00478353056984765
0.039,0.317451266441461,-0.00934318570292448,38.337555556693,-0.36094538992623,3331.89071262373,-3.1427279785409,147333.693065728,-4318.21448275351,-6143761.9813748,656877.443042015,-585365532.954621,371383013.00161,199981866335.259,-104314412411.082,0.00934318570292448,0.0966208166124914,0.0966995108351896,0.335127645760236,0.00326147253642367
0.04,0.35747906238139,-0.00970639183939477,41.74206643187,-0.366123140567427,3476.0632963546,-7.07495300478647,140930.578628932,-3493.03126861254,-6629136.58116179,976103.249838084,-385383666.615161,267068600.590502,199974643697.171,-115567968216.262,0.00970639183939477,0.0957788608355797,0.101341692255637,0.352846892374242,0.00141108139689766
0.041,0.400982369745186,-0.0100765918923251,45.2874757703093,-0.374771760540361,3613.62340835904,-10.0402365470547,134142.079321745,-2402.65504651524,-6914532.92592837,1185387.86632045,-185409022.914029,151500632.37421,199927073403.744,-119233279392.314,0.0100765918923251,0.094776401424334,0.106319629579626,0.369831140012951,-0.000621529407347933
0.042,0.448098724861747,-0.0104567337255939,48.9670117369213,-0.385810441051491,3744.28565000925,-11.829915608321,127168.16306326,-1161.38907723973,-6999978.41214052,1277271.85899851,14518050.4930489,32267352.9818649,-28722402740.7528,-116931102326.15,0.0104567337255939,0.0935949680857022,0.111723246873902,0.385775240230341,-0.00266502644675623
0.043,0.49895878253463,-0.0108485993631565,52.7737151710212,-0.398007802508995,3867.95504677542,-12.352162993162,120170.656609241,112.52794119535,-6999821.56301784,1251073.6608173,-14204352.2511455,-84663749.3443137,28146828989.8877,-108385304634.81,0.0108485993631565,0.0922167638995944,0.117642377637198,0.400412094192337,-0.00453781518606885
0.044,0.553686211935088,-0.0112527132205141,56.7005885519441,-0.410099620122698,3984.62459799642,-11.6327249008107,113168.424008262,1303.20550990136,-6999952.50077405,1112217.25915558,13942476.7420099,-193049053.979148,-27730193833.8463,-91604669992.7349,0.0112527132205141,0.0906254680502532,0.124167228733917,0.413537147843491,-0.00606494117455156
0.045,0.612397682604806,-0.0116683673957657,60.7406310531061,-0.42090417980889,4094.29421407651,-9.80940246491475,106170.821046885,2303.63079706857,-6999875.12094895,873365.870180063,-13787717.095288,-284653723.971902,27410895743.0742,-62907594720.3442,0.0116683673957657,0.0888071912793795,0.131389893404669,0.425027372596397,-0.0070952729097319
0.046,0.675202864165291,-0.012093758407594,64.8868436858474,-0.429428590699171,4196.96394173157,-7.11915216986943,99168.6205500105,3024.18520614263,-6999957.39017271,557258.348847989,13623178.6509438,-347561318.69226,-27140425701.3281,-20239000103.8579,0.012093758407594,0.0867515940621231,0.139406757170752,0.434852212022784,-0.007517236733481
0.047,0.742204426338158,-0.0125262222488784,69.1322256198089,-0.434957424254662,4292.63372326598,-3.87510796742764,92170.9513448777,3404.28972896051,-6999904.42437242,199577.5301038,-13517247.0538278,-367800318.796127,26920830278.6479,26399353558.7065,0.0125262222488784,0.0844531749869104,0.148321507756456,0.443075399596548,-0.00727146340480725
0.048,0.813498038908676,-0.0129625445581134,73.4697778291883,-0.437112229454555,4381.3035912261,-0.431229553488033,85168.7751020224,3424.36699192603,-6999961.25628693,-155023.111912973,13403583.2278549,-341400965.237425,-26727065711.2988,61122919783.9986,0.0129625445581134,0.0819127348626665,0.158248220863901,0.449847581275662,-0.00635892894296333
0.049,0.88917237174064,-0.0133993108939359,77.8924994835686,-0.435870828379671,4462.9735060033,2.86127250992851,78171.0611263949,3108.83055069168,-6999921.20591471,-465862.617258399,-13323482.486856,-280278045.453429,26561411068.9787,81393721376.1189,0.0133993108939359,0.0791390201908219,0.169313580855906,0.455390576250893,-0.00484351340823634
0.05,0.969309094751665,-0.0138332545811932,82.3933915328553,-0.431543784334346,4537.64349267212,5.69385014946946,71168.9050810788,2516.39453093592,-6999963.98286708,-705443.802023768,13237928.5850421,-198884324.077311,-26408786259.4019,91108113115.6835,0.0138332545811932,0.0761505475876191,0.181656665899566,0.459974910607588,-0.00284838472242428
0.051,1.0539828779253,-0.0142615629656981,86.9654531489646,-0.424716838498366,4605.31352171723,7.82817156342536,64171.1585981248,1726.69325239278,-6999930.44741173,-858774.069543237,-13170857.6777092,-107776210.961628,26271469928.9941,93120468245.1909,0.0142615629656981,0.0729776085060962,0.195423819136341,0.463892893870977,-0.000546255575249388
0.052,1.14326139129297,-0.0146821144872717,91.6016852651017,-0.416172163991227,4665.9836145932,9.11139509872983,57169.0213001928,829.551155409593,-6999965.57012495,-919990.046382269,13100612.2541081,-14655742.7164372,-26139330010.0196,88521028641.5449,0.0146821144872717,0.0696644512252776,0.210754756967702,0.467429912587467,0.00185573057050447
0.053,1.23720530494501,-0.0150936310273032,96.2950870574988,-0.406799197969259,4719.65374740469,9.48219698335748,50171.2494811904,-83.0132575573029,-6999934.62287584,-890385.274777933,-13038717.7591649,73865285.9251072,26014461295.2063,77139596427.6261,0.0150936310273032,0.0662716345432842,0.227754017707909,0.470836756007425,0.00413509820240757
0.054,1.33586828901645,-0.0154957393390395,101.038659447431,-0.397503184609717,4766.32394039028,8.9695161192534,43169.1312429816,-923.609289968078,-6999966.10998741,-777950.190639013,12975743.5387886,151004882.352733,-25889410838.2482,58196618169.473,0.0154957393390395,0.0628785449688168,0.246439216217937,0.474305652635478,0.00607527578661933
0.055,1.43929701369799,-0.0158889427758715,105.825401617384,-0.389118354658247,4805.99417247622,7.68452407345318,36171.3381029547,-1616.35760306915,-6999935.07186773,-597846.999201543,-12913667.3025887,209201500.522208,25765941618.7346,31805520693.7843,0.0158889427758715,0.0595860664555609,0.266655339427741,0.477952302654214,0.00748686479669251
0.056,1.54753114922396,-0.01627451138421,110.648314479761,-0.38233266877747,4838.66446434568,5.80543511757153,29169.2405210365,-2104.30293189395,-6999965.76836096,-372742.738332443,12852274.3188286,241007021.215996,-25638379222.2976,1558048210.57238,0.01627451138421,0.0565193889040066,0.287945635998487,0.481805578839502,0.00822679385688356
0.057,1.66060336588402,-0.0166543055729872,115.500397225311,-0.377631453972624,4864.3347957619,3.55499357206198,22171.4278266292,-2356.28248491664,-6999932.68365327,-130956.693011162,-12786104.9064582,242565069.426575,25507979891.4731,-25740433012.0764,0.0166543055729872,0.0538309387740575,0.309381666979461,0.485805802324853,0.00821337314996003
0.058,1.77853933401199,-0.0170305557148368,120.374650759396,-0.375266535384447,4883.00518906122,1.17258773417408,15169.3534205028,-2370.24671538319,-6999964.798614,98738.1599093752,12721874.9876293,216824636.414509,-25370952617.3346,-45338701757.7907,0.0170305557148368,0.051703412247274,0.329389395682192,0.489811653577602,0.00743561835793427
0.059,1.90135772399886,-0.0174056251394934,125.264074283066,-0.375253958111024,4894.67562327151,-1.11404157442092,8171.52106727809,-2170.65268755953,-6999928.39993503,292893.445444989,-12649077.632553,171485934.656733,25227846977.6283,-56573185146.3545,0.0174056251394934,0.0503528884630317,0.345672823760098,0.493614938776711,0.00595574158194369
0.06,2.02907020628147,-0.017781784339482,130.161668695368,-0.377397836651419,4899.34612311928,-3.11202376619353,1169.4727696882,-1801.44513897723,-6999963.55407877,436092.787528545,12578769.3476018,114912749.510397,-25077546394.2517,-60467278504.7655,0.017781784339482,0.05,0.35563568678964,0.496961676803264,0.00390438169705456
0.061,2.16168145135716,-0.0181610193847278,135.060433209458,-0.381333616719172,4897.01666567566,-4.678789856425,-5828.38099078395,-1317.97385644429,-6999923.55792829,520771.897786559,-12498777.0493655,54445471.0056508,24919804267.8667,-58014353490.3456,0.0181610193847278,0.05,0.363220387694556,0.49957737700544,0.0014689051565554
0.062,2.29918912977139,-0.0185448899867303,139.953368717635,-0.38658281307974,4887.6872781017,-5.72972078353848,-12830.4006365271,-779.648282069963,-6999962.43284373,546210.192047037,12421027.2209095,-3568882.4846753,-24756632998.6533,-49910384962.8128,0.0185448899867303,0.05,0.370897799734606,0.501193996178309,-0.00112414830333119
0.063,2.44158391213378,-0.0189344449418963,144.833474446291,-0.392611887596118,4871.35793489384,-6.23893838270915,-19828.2786612617,-243.540928759067,-6999919.72212213,517686.117080955,-12335605.7803395,-53479267.4474709,24587217666.5839,-36967232410.7547,0.0189344449418963,0.05,0.378688898837926,0.501575931931324,-0.00363076947412231
0.064,2.58884946910423,-0.0193301958155991,149.693751279515,-0.398888851787155,4848.028664905,-6.23408976552448,-26830.2683166646,241.244349196359,-6999961.71906919,445723.233428107,12251611.8885029,-90446499.8582129,-24415343454.2312,-20763509249.4121,0.0193301958155991,0.05,0.386603916311982,0.500542535585944,-0.00581317827441072
0.065,2.74096247140971,-0.0197321437156466,154.527198457036,-0.404931973806137,4817.69944035858,-5.78592336248207,-33828.1734537004,638.283747820457,-6999917.77890779,344894.978945188,-12163731.5682107,-111210009.107619,24240199885.4625,-3927836898.22584,0.0197321437156466,0.05,0.394642874312932,0.497984998559149,-0.00746313679455159
0.066,2.89789258982887,-0.020139848832102,159.326816852921,-0.410345939280612,4780.37029073562,-4.9938907865845,-40830.1330650801,926.919082728798,-6999961.41053327,231721.051388456,12076468.3193367,-115137846.005847,-24064302494.8084,10590094353.2536,0.020139848832102,0.05,0.402796976642041,0.493876039433799,-0.0084225133768791
0.067,3.05960249520892,-0.0205525285200033,164.085605719574,-0.414842459509922,4736.04118703114,-3.96985956523765,-47828.0669585384,1102.83622683987,-6999917.09346133,121878.252559236,-11987834.1778348,-104547751.652604,23887471498.2935,20706683147.8231,0.0205525285200033,0.05,0.411050570400067,0.488271539778261,-0.00859899331883299
0.068,3.22604785844938,-0.0209691678674809,168.796565919881,-0.418244771519968,4684.71215886514,-2.82264605893474,-54829.9967238413,1175.89171743078,-6999961.19189002,27683.8424805428,11899637.3223609,-83841068.5048006,-23708346262.4,25607693148.5186,0.0209691678674809,0.05,0.419383357349618,0.481304069658892,-0.00797531236278887
0.069,3.39717735051888,-0.0213886274897047,173.452696718467,-0.420478137726422,4626.38317697065,-1.64581894447067,-61827.9594881163,1165.92297451701,-6999915.72769886,-43353.3794499985,-11808708.9422625,-58233375.3563083,23527737082.2116,25387827656.1521,0.0213886274897047,0.05,0.427772549794093,0.473169034411216,-0.00661104727028452
0.07,3.57293264243882,-0.0218097364728269,178.04699896714,-0.421550435571782,4561.05427182289,-0.510220396087634,-68829.8582807751,1097.68421199822,-6999960.56810002,-88892.8409782307,11719028.1416743,-32845547.700187,-23339134756.8389,20704162413.3335,0.0218097364728269,0.05,0.436194729456538,0.464104881894183,-0.00463676482948906
0.071,3.75324840530083,-0.0222313630200648,182.572471943558,-0.421527825364652,4488.72541396527,0.538405810905802,-75827.8491905995,995.819290905457,-6999911.10733676,-111386.307471751,-11620106.6172162,-12141385.2868856,23144412522.7429,12729430240.0694,0.0222313630200648,0.05,0.444627260401296,0.454369370221251,-0.00224112147826762
0.072,3.93805231025065,-0.022652460397248,187.022116489806,-0.420510474104873,4409.39663688668,1.47703877679048,-82829.7129491601,880.483862496945,-6999959.0076926,-117162.977638602,11524305.9070897,588044.953154098,-22930130958.7095,3189051254.57643,0.022652460397248,0.05,0.45304920794496,0.444214253211023,0.000347766870901211
0.073,4.12726502850776,-0.0230720904771264,191.388931899507,-0.41861266948211,4323.06790972862,2.29917203510102,-89827.7314923944,764.146415877352,-6999899.76726486,-114980.407058159,-11405825.053463,3777096.20770688,22699204621.9889,-5843106996.38648,0.0230720904771264,0.05,0.461441809542528,0.433860866293569,0.00288477860396111
0.074,4.32080023134932,-0.023489430970356,195.665919007473,-0.415950478953583,4229.73927318122,3.0062143006992,-96829.5509714175,650.080705756984,-6999955.99000733,-114124.864348646,11293379.5699403,-2066010.78869378,-22424773014.2705,-12425032027.5998,0.023489430970356,0.05,0.469788619407121,0.423478975957476,0.00513177260221221
0.075,4.51856459013481,-0.0239037747850625,199.846077129548,-0.412638434736408,4129.41069207836,3.5983705294904,-103827.597733811,532.851997342725,-6999874.99694452,-122403.391151139,-11131393.4459312,-14491042.8162957,22110813544.1871,-15165382924.8753,0.0239037747850625,0.05,0.47807549570125,0.413170909981018,0.00688067235562886
0.076,4.72045777628906,-0.0243145304678421,203.922407097401,-0.408794768945224,4022.08222289688,4.06697376650763,-110829.353291889,400.675520962624,-6999950.98361836,-144477.125429873,10979420.0995224,-29656425.7411597,-21691933476.7572,-13351984014.2163,0.0243145304678421,0.05,0.486290609356841,0.402962445580052,0.0079733266864457
0.077,4.92637246133756,-0.0247212312562231,207.887908261888,-0.404552883890394,3907.75382018513,4.38991165447182,-117827.429887704,239.144851993133,-6999817.53025721,-180809.543178141,-10712513.3785663,-43008409.7553511,21173187618.1474,-6956301511.70617,0.0247212312562231,0.05,0.494424625124462,0.392801258191498,0.00831618217652451
0.078,5.13619431688742,-0.0251235572286179,211.735581460986,-0.400075384720491,3786.42557832879,4.53119382069274,-124829.074810048,35.6717203520286,-6999943.44982671,-227296.103689345,10460674.2406766,-49964711.2670206,-20302786340.9345,3254784869.25903,0.0251235572286179,0.05,0.502471144572357,0.382562986486299,0.00788836123993873
0.079,5.34980201468822,-0.0255213709536753,215.458426111362,-0.395566292463873,3658.09742928946,4.44502565336197,-131827.171720478,-216.064274825955,-6999634.16875649,-275633.422521736,-9842112.1012912,-46709926.3977162,19086589140.1299,15595025906.1877,0.0255213709536753,0.05,0.510427419073506,0.372064229686155,0.00674243853582805
0.08,5.56706722661379,-0.0259147625963515,219.049443098084,-0.391277054140635,3522.76959540665,4.08400947228906,-138828.545847095,-512.45348956219,-6999932.98628772,-314545.835966358,9244477.03969811,-31114900.491479,1211194797.12169,27710086256.1625,0.0259147625963515,0.05,0.51829525192703,0.36108112491206,0.00499797074612052
0.081,5.78785462483524,-0.026304096381563,222.501632160369,-0.38750276125647,3380.44267427873,3.41025183492032,-145823.654729064,-837.938428064933,-6990082.91184946,-331805.693329756,10455671.8360872,-3404814.23526854,-40585125986.2755,37269797341.8871,0.026304096381563,0.05,0.526081927631259,0.349371630261277,0.0028285784157356
0.082,6.01202188316939,-0.0266900474751646,225.807998090927,-0.384566610870556,3231.12402965866,2.40739599936894,-152815.273992659,-1165.23489562201,-6999919.80300651,-316575.608894081,-30129454.149475,33864983.1066588,60381324414.7481,42519048196.5548,0.0266900474751646,0.05,0.533800949503292,0.336699309546654,0.000444023415946065
0.083,6.23941968223406,-0.0270736174432502,228.96154707809,-0.382792829554469,3074.80629007734,1.0912890901519,-159820.194968671,-1457.79150493001,-6999858.59494861,-261451.101689145,30251870.2645968,76384031.3032402,199783921385.214,42260674704.3141,0.0270736174432502,0.05,0.541472348865005,0.322856311513231,-0.00193079691827661
0.084,6.46989170462862,-0.0274561177920882,231.955279552961,-0.382470476560349,2911.49953211977,-0.482736432301726,-166771.630308256,-1674.00714518349,-6869714.7639914,-163936.733033747,230035791.649052,118644706.007562,199884382437.054,35548269247.8826,0.0274561177920882,0.05,0.549122355841764,0.307683184655595,-0.00407775505570887
0.085,6.70327465463418,-0.0278391144306851,234.782259568009,-0.383812299589155,2741.33971224428,-2.21745664845846,-173493.013112684,-1772.69681367214,-6539736.78112382,-27517.8924022438,429920174.08545,154192975.25543,199893967775.665,21667685571.6107,0.0278391144306851,0.05,0.556782288613702,0.291083976175418,-0.00580608630534395
0.086,6.93939839992918,-0.0282243307396216,237.435782396705,-0.386914085688441,2564.65681301895,-3.97731075889961,-179784.474145469,-1719.50693751806,-6009869.62315054,137508.925638992,629814141.860676,175860660.827002,199871291261.98,965337328.999506,0.0282243307396216,0.05,0.564486614792431,0.273036153325623,-0.00696966035931751
0.087,7.17808630176997,-0.0286135128688049,239.909573235577,-0.391720896189656,2381.98070105623,-5.59871290107951,-185446.124815812,-1493.90679191073,-5280119.83565887,313852.255130494,829685433.122455,176825998.155941,199772531870.611,-23682087416.5792,0.0286135128688049,0.05,0.572270257376098,0.253595092286159,-0.00747932804743752
0.088,7.41915574485691,-0.0290082675880856,242.197987089262,-0.39800708337809,2194.04112108372,-6.9072093193802,-190278.106512931,-1095.58855227169,-4350548.13660111,478837.209578145,1029457964.99303,153143910.739283,132834681099.144,-47192195577.9496,0.0290082675880856,0.05,0.580165351761712,0.232892874859174,-0.00730930427551187
0.089,7.66241886698122,-0.0294098897120211,244.296208066781,-0.405376293043788,2001.76485160835,-7.73982162322441,-194091.78655352,-548.044753253553,-3254672.83105851,608385.022528453,1162292646.09218,105951715.161244,-199785648661.447,-65413125452.3521,0.0294098897120211,0.05,0.588197794240421,0.211131582037136,-0.00649720635597339
0.09,7.90768348264143,-0.0298192011152239,246.200431343631,-0.41328486999424,1806.23111967811,-7.96874079291289,-196798.610669642,102.413939280141,-2192273.00929705,681630.17496352,962506997.430621,40538589.7088008,-199887156501.202,-76767534567.8765,0.0298192011152239,0.05,0.596384022304477,0.188571748695678,-0.00513803741541845
0.091,8.1547541461768,-0.0302364246541779,247.90793621788,-0.421087749409708,1608.48846170484,-7.52195398180178,-198542.944706308,791.518820003427,-1329709.59011703,683784.997388383,762619840.92907,-36228944.8591554,-199914647697.104,-80999319205.7732,0.0302364246541779,0.05,0.604728493083557,0.165516631820808,-0.00337300252883064
0.092,8.40343318680948,-0.0306611133841509,249.416961698845,-0.428102164348807,1409.39943573276,-6.39795579220626,-199524.66348391,1443.68945842795,-667047.073036509,607056.392926341,562705193.231376,-117228264.064985,-199918304803.283,-77551435875.7122,0.0306611133841509,0.05,0.613222267683019,0.142292244203126,-0.00137450828268221
0.093,8.65352157073532,-0.0310921497020926,250.726509408394,-0.433682630119118,1209.62670298113,-4.6735074911436,-199943.677677797,1979.20648000918,-204301.032206775,451052.410923499,362786888.427436,-194779699.940719,-199892598459.019,-64474225411.6719,0.0310921497020926,0.05,0.621842994041853,0.119223741429611,0.000671005162652248
0.094,8.90481956378377,-0.0315278221370822,251.836143672718,-0.43730001207428,1009.63301040953,-2.50392451504292,-199999.900698866,2322.12333672705,58539.5569911512,224035.598276944,162894289.96812,-259253925.352369,-199706200683.722,-37933211837.5487,0.0315278221370822,0.05,0.630556442741644,0.0966102471862297,0.00258062740584015
0.095,9.15712719416593,-0.0319659799691859,252.745791612419,-0.438616654011279,809.681207444879,-0.114572917217132,-199893.198363672,2410.20977035488,121580.746617411,-54184.9329942002,-36811910.7155529,-297187137.189847,-178852182317.569,4274768676.09395,0.0319659799691859,0.05,0.639319599383718,0.0747005805439811,0.0041912214587281
0.096,9.41024451536149,-0.0324042569363654,253.455543459878,-0.437547500039364,609.835211960854,2.21919131248158,-199819.832269465,2208.14373021177,-4657.2552569269,-349234.685846,-215664093.033139,-292912368.513633,198227247769.265,51271275237.6986,0.0324042569363654,0.05,0.648085138727308,0.0536722355772648,0.00537286924380101
0.097,9.66397167140782,-0.0328403437379751,253.965460645387,-0.434294220063532,409.985366515994,4.20603527482824,-199899.28369661,1720.99807264856,-121207.724405434,-616511.416740784,-17436845.2639972,-241641093.275772,179722090854.69,86690620819.4023,0.0328403437379751,0.05,0.656806874759503,0.03361563959965,0.00603844350207629
0.098,9.91810880324496,-0.033272275688647,254.275476939917,-0.429339783611403,210.030061235919,5.58211623276622,-199999.256161838,998.114546073105,-48783.5242420863,-814807.199606855,162285245.590795,-154950472.456177,-195079593619.127,108216277444.932,0.033272275688647,0.05,0.665445513772939,0.0145255328524516,0.00614875078556067
0.099,10.1724559610567,-0.0336986931529811,254.385504378706,-0.423399965771915,10.025332535778,6.15151111185397,-199999.410328888,123.868156478962,15961.9245391456,-915649.533340566,-32794348.0282228,-46734195.0110409,2127998433.01605,119724334682.488,0.0336986931529811,0.05,0.673973863059622,-0.00369817584664617,0.00571321269167832
0.1,10.4268131452632,-0.0341190350937458,254.295531317699,-0.417340078391601,-189.971473889467,5.8147539831017,-199999.490911957,-795.194418586733,-15768.4242725695,-902521.561010362,-30666349.5951908,72990139.6716391,195207753035.188,123838806070.766,0.0341190350937458,0.05,0.682380701874916,-0.0212390894638379,0.00478646052873088
0.101,10.6809803569558,-0.0345336371523742,254.005557819247,-0.412069268630958,-389.975826415832,4.58562375753249,-199998.057885522,-1640.58110874951,51169.1026498342,-767612.01830334,164541403.439868,196828945.742559,-188718078575.621,120870541618.652,0.0345336371523742,0.05,0.690672743047483,-0.038344930432812,0.00346150359330594
0.102,10.9347575970951,-0.0349437172150378,253.51559677531,-0.408422662302579,-589.928739436273,2.59907773647633,-199896.071094248,-2289.63356391181,121351.466801892,-510347.801751455,-24176675.1363533,317699487.361301,-197024389701.672,107848121013.802,0.0349437172150378,0.05,0.698874344300756,-0.0553026499809743,0.00186034412811537
0.103,11.1879449180718,-0.0353512404112825,252.825737576334,-0.407039323101286,-789.776373592601,0.111713857942162,-199819.645363298,-2623.156935147,-1337.40318529675,-138724.253883253,-221201064.838858,425547608.375106,198476938236.326,73724536473.2,0.0353512404112825,0.05,0.70702480822565,-0.0724095232937177,0.000123062030527768
0.104,11.4403424625655,-0.0357586632018386,251.936043594417,-0.408243962898089,-989.625284629134,-2.50680874708141,-199898.503809196,-2536.81996209717,-123299.998905991,323685.622728453,-22724126.6033003,499272144.848206,199753481593.419,-7038534020.71191,0.0357586632018386,0.05,0.715173264036773,-0.0899437270954002,-0.0016035465455352
0.105,11.6917503720527,-0.0361685657347201,250.84644922565,-0.411944489671085,-1189.58090273033,-4.79886714594077,-199999.873624471,-1964.67135594807,-46147.3847125825,819438.500566303,177029354.989707,492233610.827285,199894905093.9,-93162936210.6084,0.0361685657347201,0.05,0.723371314694401,-0.108138409019825,-0.00317675539002907
0.106,11.9419686973465,-0.0365831989873746,249.556869736883,-0.417569386036492,-1389.56601620011,-6.2756621054915,-199924.190514173,-914.643206003211,230829.422824073,1265090.64328828,376924260.083655,399070674.616361,199919334158.789,-133370162355.111,0.0365831989873746,0.05,0.731663979747492,-0.127160438898904,-0.00446733546267838
0.107,12.1907974764153,-0.0370040027925445,248.067397468159,-0.424076004779286,-1589.30364132044,-6.49680530085726,-199471.579072281,527.754414200759,707713.349987122,1597476.23672709,576843594.242844,265700512.260843,199917518551.662,-151894261602.904,0.0370040027925445,0.05,0.74008005585089,-0.147094245216297,-0.00536726906579591
0.108,12.4380370113741,-0.0374311706761977,246.378501690646,-0.430032881766707,-1788.316893222,-5.13235827715598,-198442.124338748,2232.76519679115,1384515.7035058,1787229.61818648,776761112.79508,113806250.657468,199894282132.995,-161326466878.814,0.0374311706761977,0.05,0.748623413523955,-0.167931935401873,-0.00579576041249892
0.109,12.6834883453714,-0.0378633224173577,244.491228518692,-0.433747588305413,-1985.92897059514,-1.99373249894923,-196635.912365156,4050.0101958266,2261223.95736738,1820372.63540454,976655394.928598,-47520216.2218448,199805914183.818,-166065654554.122,0.0378633224173577,0.05,0.757266448347154,-0.189570575528588,-0.00570357133216544
0.11,12.9269539393885,-0.0382973166480112,242.407400821585,-0.433416284159962,-2181.26316983621,2.95162457627502,-193853.059724627,5818.94511402791,3337782.30938788,1689819.59190563,1176461309.11265,-213585870.776451,-163328879894.503,-167692690458.828,0.0382973166480112,0.05,0.765946332960225,-0.211816804424045,-0.00507559547066307
0.111,13.1682385484349,-0.0387282188993458,240.129815077072,-0.427283847281883,-2373.25806689163,9.57289464570175,-189954.268240665,7374.02298880222,4432579.17855328,1392387.37589977,1013132429.2179,-381278561.235704,-199808903720.638,-166418902038.654,0.0387282188993458,0.05,0.774564377986916,-0.234398246881086,-0.00393159236445509
0.112,13.4071502682917,-0.0391494326878009,237.662359188018,-0.413809150013487,-2560.83551550963,17.572630774679,-185048.424331456,8548.03460041107,5345807.15591086,927899.363644737,813323525.496447,-547697463.27468,-199895205250.859,-160964260453.972,0.0391494326878009,0.05,0.782988653756018,-0.25698081283974,-0.00232510678375145
0.113,13.6435015975617,-0.0395529969752368,235.009922650873,-0.391832014144299,-2743.08381130974,26.4866253022007,-179329.271280339,9175.25785567617,6059183.07878188,299719.770143071,613428320.244281,-708661723.728833,-199916077880.207,-145705590382.373,0.0395529969752368,0.05,0.791059939504736,-0.279191637185793,-0.00034073352971109
0.114,13.877110347397,-0.0399300500866566,232.178207961299,-0.360738548406938,-2919.28958283464,35.6875616894156,-172996.693387747,9096.36249889111,6572653.36008605,-481794.748776948,413512242.362581,-854367314.111217,-199910675787.837,-85715161399.896,0.0399300500866566,0.05,0.798601001733132,-0.300646986949443,0.00190998481150807
0.115,14.1078003548153,-0.0402714561073698,229.173531037733,-0.320619417525848,-3088.93936044759,44.3970607965293,-166250.602352444,8173.09823282524,6886210.26455472,-1379019.64358811,213601566.573649,-940082475.510937,-199836432851.326,107301516217.547,0.0402714561073698,0.05,0.805429122147397,-0.320982787748701,0.00429364981037691
0.116,14.3354019961687,-0.040568579955611,226.002621312562,-0.272403920144976,-3251.71958392553,51.7284396915036,-159290.897376743,6341.92093751791,6999893.6147027,-2265451.36099028,13765133.7225216,-832780959.293022,-27434089404.6341,159714611831.876,0.040568579955611,0.05,0.81137159911222,-0.339884800752647,0.00666071568986975
0.117,14.5597525009471,-0.0408141637809192,222.672423273794,-0.217915463463031,-3407.50938339383,56.805492897486,-152288.693543412,3686.69819885308,6999941.7037229,-3018375.01436736,-13668955.6820805,-673066347.460597,-903585721.753052,175086670825.316,0.0408141637809192,0.05,0.816283275618385,-0.357115517290812,0.00885171274877674
0.118,14.7806960796311,-0.0410031931795792,219.189935623487,-0.159796269342968,-3556.30042189478,58.8781211425403,-145295.736915148,360.971122559615,6985820.95517994,-3603898.0264153,-14572541.4035068,-497979676.634572,57403394948.1755,181925586979.157,0.0410031931795792,0.05,0.820063863591583,-0.372535061842479,0.0107044588205108
0.119,14.9980839401235,-0.0411336442860803,215.562151507777,-0.101357545414741,-3698.10328528171,57.3617268719156,-138307.634998176,-3461.59581100981,6999950.11125052,-4010914.90956029,42830853.5444318,-316054089.65458,-86292799646.767,185542376444.506,0.0411336442860803,0.05,0.822672885721605,-0.386113419523532,0.0120626037293312
0.12,15.2117742806195,-0.0412070673982438,211.796062128837,-0.0464067249974914,-3832.90740228243,51.8497288568673,-131300.651593426,-7599.61403599002,6999634.56497157,-4234197.81099262,-43461946.1013584,-130511713.209154,87566473499.7043,187574647561.36,0.0412070673982438,0.05,0.824141347964876,-0.397932052996842,0.0127850899806004
0.121,15.421632297018,-0.0412289931131464,207.8986699253,0.000933622344040868,-3960.71183164826,42.119079573488,-124308.153589253,-11867.805262327,6999955.85562006,-4270922.20042109,44104527.3974056,57062934.3531668,-88529443744.798,188659590886.733,0.0412289931131464,0.05,0.824579862262928,-0.408174514042005,0.0127557342957182
0.122,15.627530184913,-0.0412091551361068,203.876971776083,0.0364109287095726,-4081.51634528207,28.133184516285,-117300.900377222,-16078.7527304238,6999795.66114506,-4119529.47062456,-44424916.345673,245722525.240855,89177450413.578,189053524714.096,0.0412091551361068,0.05,0.824183102722136,-0.417107294552743,0.0118920532030491
0.123,15.82934713978,-0.0411615267440668,199.737970505303,0.0558299625049703,-4195.3210362543,10.0434980349376,-110308.454265845,-20043.9120176423,6999959.47000618,-3779280.18302665,44752534.0662572,434776049.955857,-89736975879.9823,188806266137.793,0.0411615267440668,0.05,0.823230534881335,-0.425052865992914,0.0101525129700509
0.124,16.0269693569399,-0.0411041692691962,195.48866301868,0.0552413135599334,-4302.12579106997,-11.809724471486,-103301.07469145,-23574.3364646681,6999843.51613244,-3250101.0000019,-44984441.8113034,623582316.094468,90204990360.4929,187771331115.768,0.0411041692691962,0.05,0.822083385383923,-0.432357612575895,0.00754153420706019
0.125,16.2202900316296,-0.0410588918375168,191.136052208177,0.0311302847187781,-4401.93068286882,-36.8973572446926,-96308.6892311605,-26481.3510847701,6999961.56950139,-2532633.01834955,45220548.5468366,811353647.210938,-90640047320.1728,185440679336.593,0.0410588918375168,0.05,0.821177836750335,-0.439357837469962,0.00411179979806995
0.126,16.4092093589659,-0.0410507222974777,186.687134969779,-0.0193945018254942,-4494.7356312255,-64.502072535812,-89301.2240619368,-28577.4004996248,6999862.09438813,-1628559.03147031,-45419498.7702463,996794326.548092,91040238220.173,180190499314.294,0.0410507222974777,0.05,0.821014445949554,-0.446347175464949,-3.63240432634556e-05
0.127,16.5936345339934,-0.0411071900354004,182.148914236363,-0.098413666427354,-4580.54070081318,-93.7201122259553,-82308.8983438948,-29677.5306179354,6999962.71472798,-541669.455265072,45620739.4468828,1176984825.86279,-91427132631.1203,164350175276.687,0.0411071900354004,0.05,0.822143800708008,-0.453548562014145,-0.00475816801493502
0.128,16.7734797516497,-0.0412574225461363,177.528386885769,-0.207012411581497,-4659.34582380679,-123.465465509919,-75301.3631148798,-29603.3159643896,6999869.88785929,717490.458236065,-45806393.1805041,1341335001.13973,91799867911.159,-4921630714.02495,0.0412574225461363,0.05,0.825148450922726,-0.461093430660343,-0.00987059566726492
0.129,16.9486662068052,-0.0415310605100773,172.832555881752,-0.345104105382214,-4731.151061382,-152.48668547962,-68309.0964456235,-28215.9782773693,6999963.42863437,2056364.64401878,45993474.72695,1336413370.4258,-92163762838.132,-166476325314.415,0.0415310605100773,0.05,0.830621210201546,-0.469010070023656,-0.0151597429874214
0.13,17.1191220942291,-0.0419570140338261,168.068418081047,-0.511301755969178,-4795.95635069098,-179.4586823868,-61301.4969067633,-25519.1530023567,6999875.02194224,3309539.85178737,-46170288.1068231,1169937045.11132,92518858362.8416,-181991403769.237,0.0419570140338261,0.05,0.839140280676521,-0.477222160565991,-0.0203901060611302
0.131,17.2847826086256,-0.0425621509289534,163.242976474932,-0.702921194097717,-4853.76175018249,-203.135658930903,-54309.2872191453,-21654.9765286419,6999964.16301685,4388481.19501407,46348570.2516971,987945641.341891,-92861229884.4234,-187073347837.141,0.0425621509289534,0.05,0.851243018579067,-0.485557504352086,-0.0253149608001821
0.132,17.4455899446018,-0.0433700582888323,158.363227899143,-0.916113322301653,-4904.5671997766,-222.439531977974,-47301.6256426478,-16803.701404263,6999882.11832632,5282890.16243739,-46512659.6277578,800872293.504432,93191468001.907,-189093715007.694,0.0433700582888323,0.05,0.867401165776647,-0.493765973288971,-0.0296884580469237
0.133,17.6014932967022,-0.0443999654622944,153.436175372094,-1.14604242938911,-4948.37275349258,-236.476188490226,-40309.4679427995,-11151.8907142413,6999965.19269953,5989215.59843798,46678808.3692624,611778578.496315,-93503527144.5444,-189392583027.095,0.0443999654622944,0.05,0.887999309245887,-0.501544812890535,-0.0332790526659527
0.134,17.752448859379,-0.0456658502486205,148.468815711211,-1.38707244813381,-4985.1783550184,-244.53939966646,-33301.7472671036,-4888.35125705972,6999892.2374965,6506297.88542074,-46824718.7697214,422385995.468712,93798015163.8119,-187562163422.632,0.0456658502486205,0.05,0.91331700497241,-0.508568750194135,-0.0358831558347186
0.135,17.8984198270255,-0.0471757327666696,143.468151961844,-1.63295560404973,-5014.98405203643,-246.112019405045,-26309.634386462,1797.87926552496,6999966.5263087,6834902.79917814,46973296.3886839,234823832.04551,-94072980084.3113,-178391172153.993,0.0471757327666696,0.05,0.943514655333391,-0.514521915253692,-0.0373377230161432
0.136,18.0393763939501,-0.0489311582371576,138.44118092694,-1.87702123562311,-5037.78979398503,-240.864984400105,-19301.8600419702,8720.46211870021,6999903.33265521,6980531.04514665,-47099683.6894962,56432659.8909348,94328588215.5457,-97707612156.8544,0.0489311582371576,0.050057380601087,0.9775013724169,-0.519128450211503,-0.0375305784476803
0.137,18.1752957544064,-0.0509268673645906,133.394905677031,-2.11236102999369,-5053.59562195059,-228.648922466036,-12309.7851197874,15712.9248917662,6999967.9430735,6988109.89895916,47228904.520154,-41274952.265957,-94568337016.7528,58434764709.3453,0.0509268673645906,0.0510849901394328,0.996904711649925,-0.52217884312544,-0.0364074872734967
0.138,18.3061621025709,-0.0531506431264447,128.336323003602,-2.33199003786596,-5062.40149196253,-209.446387001655,-5301.96411395336,22690.136442044,6999912.67908526,6976052.32904787,-47339432.4899238,17159812.4433205,94791792808.7583,-16277292809.1827,0.0531506431264447,0.0531563440389521,0.999892751982656,-0.5235494799949,-0.0339752187843329
0.139,18.4319666325698,-0.0555832838794374,123.272435999106,-2.52892810191261,-5064.20743998461,-183.266042646902,1690.07748102511,29672.0557951787,6999969.14299972,6985073.4950866,47452360.3124635,882519.634345402,-95005080811.4545,1333367263.35853,0.0555832838794374,0.0559897828376011,0.992739765407866,-0.523213596169837,-0.0302998649097503
0.14,18.5527075384592,-0.0581986086064046,118.210241444812,-2.69619388986555,-5059.01342775053,-150.101247460629,8697.93862404928,36657.7927779597,6999918.96290644,6986622.69835262,-47552720.4918044,2215886.89751969,95207456255.8004,-653640212.009316,0.0581986086064046,0.0593451582805912,0.980679979506237,-0.521242670781738,-0.0254997211555293
0.141,18.6683900142476,-0.0609634523613391,113.156742451519,-2.8268017169419,-5046.81948812109,-109.949801254045,15689.9491360893,43645.4144797258,6999969.97054255,6988511.76514414,47654735.7571491,1562246.68560511,-95406382848.7021,-693123226.39934,0.0609634523613391,0.0630204449424346,0.967359916563992,-0.517798246428934,-0.0197330833123689
0.142,18.7790262538784,-0.0638376635434234,108.11893579014,-2.91376399968051,-5027.62558680956,-62.8098993974591,22697.8454107057,50634.5918476751,6999921.51487533,6989727.45021654,-47751647.0838895,869123.459164591,95600682510.1866,597204166.459905,0.0638376635434234,0.0668483597036878,0.954962303134891,-0.513115090842631,-0.0131823232872874
0.143,18.8846354512494,-0.0667741021477554,103.103824586593,-2.95009160739192,-5001.43175588719,-8.68027408728194,29689.8245491275,57624.8533936491,6999970.20904655,6990895.17575894,47849035.4189684,1466327.62565815,-95799021051.9678,-1732449403.52838,0.0667741021477554,0.0706930217264655,0.94456426556678,-0.507477445208004,-0.00603583130176015
0.144,18.985243800195,-0.0697186384531576,98.1184056000155,-2.92879425892961,-4968.23796301976,52.4401990967734,36697.7527723781,64616.1929916537,6999919.73393951,6991495.27868283,-47949985.6248922,-266121.777874533,96000151014.8853,2239656655.53815,0.0697186384531576,0.0744466826710011,0.936490867716189,-0.501190757265632,0.00153039758934962
0.145,19.0808844945045,-0.0726101519341562,93.1696819687043,-2.84288070655165,-4928.0442420379,120.552188693153,43689.6975386773,71607.9284855569,6999969.82382208,6992348.98523272,48050165.3821802,1973534.8776667,-96213713826.9777,-3877516469.57425,0.0726101519341562,0.0780265539095961,0.930582581133655,-0.494551703880249,0.00936973912073465
0.146,19.1715977279024,-0.0753805305329917,88.2646504373295,-2.68535911220337,-4880.85056013062,195.656459030612,50697.6568262222,78600.6179854836,6999913.13229075,6992383.7618756,-48163548.4362741,-1903981.59188079,96438556289.6361,5431680093.17518,0.0753805305329917,0.0813717544340618,0.926372192135478,-0.487819441823534,0.0173788429231586
0.147,19.2574306940665,-0.0779546699719951,83.4103141545868,-2.44923698095808,-4826.65695572262,277.753177886773,57689.5612770123,85592.9550365789,6999968.86199931,6993195.62033031,48275007.8450737,3527698.50127274,-96686382209.899,-8455801388.81189,0.0779546699719951,0.0844404000670509,0.923191622849895,-0.481190866639327,0.0255071521718934
0.148,19.3384375866053,-0.0802504734710141,78.6136698466634,-2.12752171643029,-4765.46339277873,366.842966358216,64697.5532459016,92586.5052059285,6999900.67873941,6992495.41813717,-48411374.3559071,-4928102.88748902,96956275255.0629,12219383122.7742,0.0802504734710141,0.0872068514829618,0.92023129038999,-0.474782237609538,0.0337611649513518
0.149,19.4146795990767,-0.0821788512905,73.8817206713929,-1.71322018507851,-4697.26991791062,462.925407063708,71689.4076166744,99578.5731364758,6999967.44201105,6993677.00681107,48544900.8904169,7291280.2352284,-97263569617.1452,-19044041339.1023,0.0821788512905,0.0896591354700287,0.916569748968535,-0.468618875312643,0.0422030941132672
0.15,19.4862249249603,-0.0836437209059874,69.2214633306481,-1.19933973351198,-4622.07648840453,566.001240415258,78697.4369141966,106572.721776515,6999880.55809287,6991446.26637675,-48718668.7174355,-11752761.1038058,97607688795.4969,29014699325.4813,0.0836437209059874,0.0917965508247453,0.911185879583614,-0.462633834627261,0.0509441181022858
0.151,19.5531487576792,-0.0845420066466927,64.6399009908548,-0.578887139076016,-4539.88316400213,676.068935477269,85689.2260860653,113563.127445561,6999965.73377321,6994200.85493568,48889020.0689159,17261938.2216611,-98010459546.3843,-63569087151.565,0.0845420066466927,0.0936274673126409,0.902961588872099,-0.456675568603079,0.0601329581714956
0.152,19.6155332905641,-0.084763640649845,60.1440303210804,0.155129249768985,-4450.68989064818,793.129391628058,92697.3012532837,120555.364421749,6999849.52406891,6979678.24958156,-49121439.4678307,-46307148.9298911,98471624567.3322,127979282835.887,0.084763640649845,0.0951673232544242,0.890680096394373,-0.450523727112401,0.0699409334884728
0.153,19.6734677168796,-0.0841915635320595,55.7408544964558,1.00969874034327,-4354.49674855502,917.172209786581,99689.0019950485,127533.218977338,6999963.89688476,6997360.74206961,49350185.0900159,81672133.9060444,-99028105592.4082,-185840194038.974,0.0841915635320595,0.0964368245530787,0.873022975634381,-0.44391145007019,0.0805450073507419
0.154,19.7270482297761,-0.0827017311714574,51.4373701405095,1.99180564074395,-4251.30366575175,1048.20997781587,106697.136300215,134540.442420687,6999800.02917855,6986112.77895617,-49677920.4924663,-104168060.132519,99679730525.2805,-196233396412.875,0.0827017311714574,0.0974603453593626,0.848568008521966,-0.436551907556666,0.092110436835978
0.155,19.7763780223244,-0.0801631071876346,47.2405804369342,3.10844421628384,-4141.11075576828,1186.21793889118,113688.71065757,141441.765603509,6999961.97394874,6783828.02061721,50001810.0230854,-300401456.545196,-100515619953.755,-197514139489.463,0.0801631071876346,0.0982645281291537,0.815788858033007,-0.428166449927055,0.104774916794176
0.156,19.8215672874458,-0.0764377004927927,43.1574819425383,4.36649951329987,-4023.91791863958,1330.99332183977,120696.920933206,148042.473872605,6999705.97399493,6384669.49432728,-50513809.9205577,-497915596.03462,101535237521.634,-197824767276.992,0.0764377004927927,0.0988770785441583,0.773057837248456,-0.418511612005034,0.118635162712929
0.157,19.8627332179588,-0.0713807689694036,39.1950778433474,5.77255578863381,-3899.72533305277,1482.13690182823,127688.29254183,154145.214774369,6999959.78283521,5787841.51465416,51021427.5912312,-695740363.311691,-103161887384.898,-197779813713.174,0.0713807689694036,0.099325748695144,0.718653218396464,-0.407402356047125,0.133736031223101
0.158,19.9000000064664,-0.0648412187735126,35.3603645826735,7.33269930075332,-3768.53285546012,1639.05183980713,134696.569390565,159552.222805082,6999400.26673396,4993211.24448588,-52140459.7834992,-893520177.025023,105438503313.919,-197425120341.322,0.0648412187735126,0.0996375000460732,0.650771233155483,-0.394729342824198,0.150062918066889
0.159,19.933498845382,-0.0566622011857745,31.6603452847018,9.05232057861914,-3630.34088274163,1800.94352215826,141687.472511294,164065.769774332,6999979.05860745,4000978.5072902,53298043.5205466,-1090945297.36654,-199918280489.896,-196523621520.845,0.0566622011857745,0.0998378360530841,0.567542360950683,-0.380468621600598,0.167538113388763
0.16,19.9633679266152,-0.0466819072081549,28.1020153561186,10.9359167216639,-3485.1528676218,1966.81976848577,148680.780878249,167488.521696018,6953317.96188305,2811771.39916324,-146620236.982446,-1287468918.88758,-199972910639.383,-193824824839.43,0.0466819072081549,0.0999502928812531,0.46705122979095,-0.364682897523965,0.18602141754656
0.161,19.9897524338685,-0.0347345596899179,24.6923539896189,12.9868941198182,-3333.02819667292,2135.49152169385,155527.459903202,169624.254498265,6706711.26958091,1427390.06785594,-346593147.636516,-1481293743.72716,-199980526573.014,-159102512967.572,0.0347345596899179,0.0999960754786103,0.347359229086424,-0.347514424384858,0.205314906444862
0.162,20.0128044712622,-0.0206516021909925,21.4381912002104,15.2073726206782,-3174.2134791809,2305.57595966404,162027.544511204,170284.480608762,6260127.85865789,-133454.932355013,-546573674.224332,-1640396256.6948,-199982388435.247,191550087994.332,0.0242990361405562,0.1,0.242990361405562,-0.329170870044027,0.225171338745546
0.163,20.0326828162985,-0.00426307980858188,18.3460104075051,17.5980018245642,-3009.15529895159,2475.52829468417,167981.055134678,169362.752562726,5613562.99021593,-1678076.14505264,-746556062.673224,-1448846168.70039,-199981673552.181,195900006495.423,0.0329596773445808,0.1,0.329596773445808,-0.309906703856411,0.245305388294715
0.164,20.0495524732773,0.0146008315669588,15.4217484569491,20.1578730800817,-2838.50022090125,2643.81869731319,173188.009814633,166992.903334406,4767016.09076661,-3028972.31050532,-946537736.23687,-1252946162.20469,-199978347897.089,197114920689.096,0.0495524732773376,0.0999920444977558,0.495564157391039,-0.290002205020997,0.265406998723939
0.165,20.0635840267311,0.0361083097713073,12.6705956381048,22.8846328368779,-2663.09479176099,2809.09650325367,177448.427312632,163370.310429579,3720489.18058119,-4183361.01236546,-1146516084.1425,-1055831241.51507,-199969885725.224,197595582543.239,0.0635840267310783,0.0999516956034124,0.636147554548415,-0.269742167731697,0.28515711296846
0.166,20.0749527948784,0.0604245364137008,10.0967957036506,25.7746749221726,-2483.98553794989,2970.20739445277,180562.330136855,158691.966393547,2473988.15357607,-5140394.46260891,-1346485969.87291,-858235658.97101,-199942070482.718,197735151686.096,0.0749527948783637,0.099865840546362,0.7505348622542,-0.249396378369804,0.304245692204697
0.167,20.083837783098,0.0877105426334125,7.7034458924149,28.8233374553859,-2302.41895898343,3126.19436330319,182329.75162708,153155.409960067,1027531.1484618,-5899762.54573687,-1546428040.35732,-660500507.283744,-59833221357.5719,197581607084.991,0.0838377830979873,0.0997199418944307,0.840732370128563,-0.229203741658608,0.322390536276969
0.168,20.0904204376255,0.1181222521186,5.49229813139063,32.0251003555709,-2119.83567283907,3276.29804113949,182574.096551803,146958.327428536,-548813.502574308,-6461472.24947812,-1606261261.71325,-462918900.197191,199940946687.301,196896248214.668,0.0904204376254789,0.0994973693083919,0.908772143967153,-0.209361552349263,0.339355079970532
0.169,20.0948832109403,0.151809721736793,3.46359277661164,35.3737830008985,-1937.7953623755,3419.95668330362,181255.475909486,140298.211770328,-2055104.29094391,-6825943.02556798,-1406320315.02144,-266022651.980538,199968727487.258,193745652188.306,0.0948832109403277,0.0991795007636822,0.956681675242635,-0.190020779641255,0.354963450190937
0.17,20.0974080181896,0.188916579752262,1.61602570462784,38.8627416631872,-1757.79349329991,3556.80565918804,178530.539582279,133371.548360801,-3361440.24222173,-6995092.85145436,-1206351587.5275,-72276999.7898148,199977099748.92,143604635092.435,0.0974080181896113,0.0987459238883156,0.986451028599241,-0.171286974872838,0.369111353330176
0.171,20.0981747523812,0.229579660971059,-0.0531113569892044,42.4850654329119,-1581.1364000572,3686.67359848298,174599.253062917,126364.251115301,-4467803.27987477,-6995567.53369795,-1006374487.7706,71327635.3025333,199980275311.903,-111585466665.702,0.098174752381162,0.0981747493979958,1.00000003038629,-0.153225012641687,0.381771779395627
0.172,20.0973599784402,0.273928832869201,-1.54773303006205,46.2337572711373,-1408.93044520387,3809.54730437623,169661.592585041,119385.749821477,-5374187.62998941,-6980032.63172827,-806394212.450475,-40257831.3635344,199980750227.636,54296302446.1498,0.0973599784401955,0.0974430472862636,0.999147513872138,-0.135865989846372,0.392994974702142
0.173,20.0951358267606,0.322086970322766,-2.87276031006824,50.101832886713,-1242.08201293793,3925.43859058924,163917.537973863,112394.637657808,-6080591.46732607,-6993142.31186873,-606413462.215509,14038471.0829255,199978499235.125,-23293355900.9568,0.0951358267606324,0.0965274157280634,0.985583484682203,-0.119215382592372,0.402902344084235
0.174,20.0916690869078,0.374169963648121,-4.03392058657929,54.0823036632386,-1081.29750717068,4034.33802627981,157567.069525301,105404.632355497,-6587015.67992401,-6990750.51873628,-406434962.975125,-9254884.81818777,199970312095.694,14184948871.4131,0.0916690869077676,0.0954046936604159,0.960844622949634,-0.10326164821044,0.4116738304957
0.175,20.0871205011853,0.430286712424564,-5.03754766321837,58.1681786131985,-927.083352549615,4136.24633193469,150810.164749237,98411.6185524966,-6893465.48685128,-6992912.92911876,-206464650.877425,4930064.05329465,199922949121.759,-8510653116.32067,0.087120501185332,0.0940528272597654,0.926293272872202,-0.0879844300520267,0.419529620240946
0.176,20.0816442582104,0.490539124798078,-5.89038178089543,62.3524654034195,-779.746001196232,4231.16196108942,143846.787428466,91419.7522132184,-6999968.66316782,-6992238.19162363,-6541701.7580604,-3580589.06306791,13205786750.7685,5609408337.1078,0.0816442582103889,0.0924518982517427,0.883099857918276,-0.0733615719165203,0.426708215081417
0.177,20.0753876861996,0.555022116442139,-6.59937121226717,66.6281717651385,-639.399738142038,4319.08523116733,136845.748878877,84426.6586284528,-6999907.4715505,-6993014.07651814,6664084.99492803,2028819.27406622,-13176290159.6185,-3490074022.29607,0.0753876861996261,0.0905853207980745,0.8322285060697,-0.0593742772796849,0.433442993310358
0.178,20.0684911311252,0.623823610569138,-7.17151455927526,70.9883048787252,-506.053381330357,4400.01557547431,129846.977401463,77434.0772825679,-6999831.53163537,-6992730.29425522,-6512205.16707592,-1461254.7482545,12875563470.3009,2448301505.3574,0.0684911311252101,0.0884412118186856,0.774425516303696,-0.0460100797221108,0.439939572066078
0.179,20.0610879393498,0.697024537542641,-7.61381125447186,75.4258719973096,-379.706868580557,4473.95314607984,122846.035694488,70441.0244111894,-6999905.9550673,-6992967.3982508,6363358.30545642,987046.757115988,-12560678632.7929,-1481455890.1203,0.0610879393498323,0.0860139377265818,0.710209774885746,-0.0332641453787958,0.446356148946976
0.18,20.0533044573809,0.774698834916284,-7.93326159566775,79.9338801898112,-260.360248665574,4540.89778957235,115847.217972134,63448.3036270021,-6999822.93607824,-6992721.07943874,-6197320.32971098,-494409.133015931,12235589362.3876,1125357487.47697,0.0533044573808823,0.0833058383694247,0.639864605221312,-0.0211396502569268,0.452788705952544
0.181,20.0452600318443,0.85691344735225,-8.1368650287042,84.5053366664623,-148.013465232,4600.84969714799,108846.335640784,56455.5229025781,-6999902.46172676,-6992652.80982802,6038269.03490575,630948.354465876,-11891710365.697,-602689865.700383,0.0452600318442897,0.0803291267247942,0.563432389839735,-0.00964737149845138,0.459262449029454
0.182,20.0370670095178,0.943728326765023,-8.23162182397646,89.1332487041947,-42.6665699318063,4653.80897369162,101847.470361846,49463.0851186164,-6999810.0478747,-6992323.2064064,-5853441.33314921,28258.4887617251,11529658903.2745,531955100.090226,0.0370670095178056,0.0771079604422953,0.480715730323916,0.00119545618355832,0.465730241404013
0.183,20.0288307373034,1.03519643245779,-8.22453144150037,93.8106238388559,55.6805002350804,4699.77592408156,94846.6552031211,42470.8647006377,-6999898.65975621,-6992028.97036759,5676217.57232743,560213.58885342,-11150145054.2391,-208982327.271243,0.02883073730343,0.0736806787946875,0.391293046902667,0.0113668973972551,0.472078093515904
0.184,20.020649562265,1.13136373140601,-8.12259411980613,98.5304698787277,147.027687555319,4738.75085895835,87847.7362946412,35479.0810066767,-6999797.514711,-6991573.24794238,-5473927.48423813,351231.261581771,10751829514.9269,251519418.353585,0.0206495622649641,0.0701021959351023,0.294563700744561,0.0208425088710222,0.478137088893004
0.185,20.0126148315971,1.23226919858214,-7.93280933546613,103.285795032713,231.375060764378,4770.73422235957,80846.9937877729,28487.7252942681,-6999895.52743778,-6991096.25697162,5277902.03283331,602750.679935822,-10339185333.6144,-52421732.083462,0.0126148315970909,0.0664465386343024,0.189849341385837,0.0295977481975763,0.483700504490181
0.186,20.004810892666,1.33794481738955,-7.66217729327634,108.069607959689,308.722555639498,4795.72649779957,73848.014013795,21496.9216756811,-6999787.21807174,-6990519.71715772,-5061283.30305033,550328.947852612,9911256911.1452,103214455.850118,0.00481089266596868,0.0628095138759061,0.0765949673718802,0.0376103627978115,0.488544395908714
0.187,19.9973150929743,1.44841558015153,-7.31769749009738,112.874917855498,379.070245466164,4813.72825563878,66847.3480302225,14506.6943254067,-6999892.87291922,-6989917.78098194,4849973.61015034,653543.40370248,-9466385010.03179,-20026764.5400424,0.00268490702567448,0.0593114888691427,0.0452679080708649,0.0448625256137809,0.492449601288602
0.188,19.9901977802044,1.56369948867611,-6.9063700962088,117.694734499067,442.418060956193,4824.74009916317,59848.3024132723,7517.09997833247,-6999776.09181408,-6989274.25096051,-4616411.402058,633516.639161906,9006309865.07815,14660306.8845722,0.0098022197956098,0.0561002632049228,0.174726805822716,0.0513425143611095,0.495223005939652
0.189,19.9835223021801,1.68380755486032,-6.43519463067355,122.522068295697,498.766081184546,4828.76266821299,52847.7191674003,528.144929076001,-6999889.34828361,-6988633.40416791,4389898.46495693,648176.946045091,-8513096615.31335,-29255734.0211764,0.0164776978198837,0.0533540100696023,0.308837101436011,0.0570457752239251,0.496716008083215
0.19,19.9773450069136,1.80874380132662,-5.91117122614591,127.349930290905,548.114232615098,4825.79660325051,45848.6059189123,-6460.16926257458,-6999755.9981263,-6987999.85508887,-4123198.15239623,618921.212021927,7992636176.93586,-14760025.114208,0.0226549930863804,0.0512842606601789,0.441753333181451,0.0619752767413471,0.496838424340252
0.191,19.971715242566,1.93850526206278,-5.34129942175633,132.171332168548,590.4626063616,4815.84253659895,38848.1204277383,-13447.8621170617,-6999882.87819023,-6987388.31388941,3869438.02632666,604161.186904883,-7396828365.92655,-4346540.23150009,0.0282847574339691,0.0501389032463638,0.564127964566524,0.0661411267430297,0.495566538985003
0.192,19.9666753575021,2.07308198305316,-4.73257930273634,136.979286234507,625.811122055171,4798.90108083739,31848.9394638326,-20434.949074781,-6999711.85434686,-6986786.32597262,-3527390.34144954,599814.646669838,6736757127.31227,36839708.4167393,0.0333246424979343,0.05,0.666492849958686,0.0695595004764874,0.492944586989001
0.193,19.9622607002499,2.21245702289222,-4.09201042042686,141.76680540172,654.159898391372,4774.97284010373,24848.5867071688,-27421.429353479,-6999870.86612466,-6986168.09147174,3209366.78745795,636654.355082599,-5887781752.20852,93006162.0861675,0.0377392997500756,0.05,0.754785995001512,0.0722509910247403,0.489079608504092
0.194,19.9584996195748,2.3566064533909,-3.42659278917254,146.526903193101,675.508839235383,4744.05843668884,17849.3392274785,-34407.2636167462,-6999605.3902133,-6985484.93403561,-2678414.96633841,729660.517163419,4867887022.45872,173523519.155787,0.041500380425223,0.05,0.830007608504459,0.0742385516563094,0.484130258188676
0.195,19.955413464437,2.50549936020289,-2.74332595226652,151.252593782342,689.858132193548,4706.15855944531,10849.2059442852,-41392.3547999367,-6999849.86166841,-6984668.51175887,2189472.0574446,903184.036315111,-3198983093.78616,275116519.677068,0.0445865355629991,0.05,0.891730711259981,0.0755452331917087,0.478290733700378
0.196,19.9530165841129,2.65909784351924,-2.04920979418924,155.936892092895,697.207644827709,4661.27403238335,3849.91765479613,-48376.5258669242,-6999259.88115786,-6983627.76946271,-1009511.03754385,1178300.55598396,908651550.464789,439746949.631479,0.0469834158870981,0.05,0.939668317741962,0.0761919416898719,0.471771448122509
0.197,19.9513163281588,2.81735701889999,-1.35124376835791,160.572813977144,697.557802150254,4609.40590733789,-3149.69553995571,-55359.4911949507,-6999815.06642017,-6982229.59543191,-100859.48619777,1618047.50563211,37146983184.303,540903951.253144,0.0486836718412249,0.05,0.973673436824498,0.0761954312689035,0.464778367735457
0.198,19.9503130467417,2.98022501833697,-0.656427144490474,165.153376505879,690.909730057865,4550.55559355745,-10143.3698722551,-62340.8216159713,-6981342.43431421,-6980341.09595065,37046123.6974251,2158951.45689676,-110938064435.339,1298566593.8321,0.0496869532582842,0.05,0.993739065165684,0.0755667294162116,0.457493042623063
0.199,19.9500000931737,3.14764299167497,0.0282479626345939,169.671598399224,677.27724090283,4484.72501532567,-17124.6789221265,-69319.8668084279,-6999765.34283446,-6977532.86119684,-73891940.7374509,3457518.05061235,149683319020.213,2150022439.31179,0.0499999068263399,0.05,0.999998136526798,0.0743101605933799,0.450055265212087
0.2,19.9503638335771,3.31954510857202,0.695794405021577,174.120500720982,656.64660079063,4411.9170479239,-24136.443015493,-76295.3125735263,-6998815.6240618,-6973000.33192657,75791378.2832728,5607540.49021105,199048249843.426,-6607599476.28792,0.0496361664228857,0.05,0.992723328457714,0.0724231031935655,0.442550012570642
0.201,19.9513836378311,3.49585856142744,1.33921113171666,178.493108124482,629.031675536467,4332.13589445782,-31064.1882421059,-83266.6104017871,-6823500.12085681,-6970696.5911745,274839628.126932,-1000058.98645116,199320133072.614,11500221458.488,0.0486163621689499,0.05,0.972327243378999,0.0698962429408861,0.434999893324822
0.202,19.9530319056888,3.67650356929273,1.95158657573872,182.782448985141,594.609848844128,4245.38424825982,-37717.0485267204,-90235.8903188784,-6449000.42619357,-6965946.53943171,474159761.199564,10500162.4726405,199223309552.819,94638403666.3307,0.0469680943112252,0.05,0.939361886224503,0.0667148185007402,0.427363765288182
0.203,19.9552742465321,3.86139338105815,2.52628448374175,186.981555523312,553.755627702421,4151.67107796511,-43895.7651873886,-97180.8137097961,-5875229.0102176,-6908127.1751259,673383070.75227,105138566.139084,198802831358.821,130878948831.213,0.0447257534678549,0.05,0.894515069357098,0.062861875892821,0.419541564670357
0.204,19.9580698539536,4.05043428853749,3.05714273831047,191.083490311325,507.042761973072,4051.05917705164,-49401.1688570035,-104014.558443714,-5102444.52378592,-6737549.13457121,872185902.110934,236017514.970311,197186262341.032,126585985135.264,0.0419301460464112,0.05,0.838602920928224,0.0583235908311121,0.411384903272034
0.205,19.9613720794833,4.24352569408905,3.53867249271052,195.081430173246,455.243951265531,3943.72045470918,-54034.6560526771,-110613.001156611,-4131665.49050447,-6438238.62703327,1069372164.45184,362603500.10557,-88987268660.4671,78594554684.2367,0.0386279205167348,0.05,0.772558410334696,0.0530961573310323,0.402712765209208
0.206,19.965129204809,4.4405602838604,3.96625432062676,198.968786851039,399.317983358898,3829.95204292885,-57646.466672399,-116856.838941144,-3106786.96038286,-6036337.84958558,980384895.791334,441198054.789805,-194405919308.097,-53245430890.352,0.0348707951909972,0.05,0.697415903819945,0.0471935465454553,0.393331209124895
0.207,19.9692853888256,4.64142432268173,4.33627050212443,202.73932235773,340.273420442377,3710.14834951244,-60295.4621714376,-122681.452001816,-2223605.02424557,-5621762.51024095,785978976.483297,387952623.899471,-193894247206.09,-117684509349.2,0.0307146111744387,0.05,0.614292223488775,0.0406551389272883,0.383055264787022
0.208,19.9737816604228,4.84599804113497,4.64605672396391,206.387208204812,278.989073327987,3584.71577150494,-62158.3934153092,-128128.852284999,-1534573.17136532,-5292652.14101608,592084729.277358,270268114.550322,-135372552503.616,-132071421082.508,0.0262183395771878,0.05,0.524366791543756,0.0335512322435694,0.371730579405172
0.209,19.978556792755,5.05415603395848,4.89373438046424,209.906987602061,216.156433592218,3453.98013485933,-63419.4863141199,-133308.382272254,-1010174.71833977,-5088419.73700701,456712176.773943,138196693.467911,194779340385.414,-124176443320.155,0.021443207245035,0.05,0.4288641449007,0.0259843197608972,0.359251924562667
0.21,19.983547997422,5.26576758252597,5.07803336126551,213.29347019922,152.316094420905,3318.14540148237,-64168.8417206752,-138348.399736413,-456072.871373122,-5012311.26519918,651491517.159551,14020250.1479036,197195527670.818,-75149235768.29,0.0164520025780206,0.05,0.329040051560412,0.018085469133245,0.345575954454037
0.211,19.9886914807217,5.4806968585255,5.19821781144197,216.541605973558,88.0360146643561,3177.29005160357,-64266.3029121901,-143366.225749167,294016.409621839,-5035865.63293542,848687044.830495,-61128985.6201896,197543024151.852,75302119666.2976,0.0113085192782734,0.05,0.226170385565467,0.0100066269079166,0.330726629519869
0.212,19.9939230250857,5.69880300492138,5.25420668552359,219.646371681825,24.0663987570593,3031.398842462,-63515.0191427944,-148420.105521634,1241474.96652826,-5059343.55872246,1046230068.98234,14173134.0463435,196571310371.511,142221915972.698,0.00607697491425441,0.05,0.121539498285088,0.00191123506950018,0.314792831707698
0.213,19.9991787398521,5.91994012884987,5.246767718205,222.60271902333,-38.6453207531262,2880.45735326319,-61717.6672567131,-153448.658860672,2385990.69069636,-4974059.46668976,1242801379.35369,156395050.019297,-82364981904.7261,162117960992.967,0.000821260147866099,0.05,0.016425202957322,-0.00603450611477738,0.297918838543473
0.214,20.0043960082889,6.14395729604937,5.17771232594326,225.405630904695,-98.9662909756092,2724.55448542588,-58724.003373324,-158317.501142186,3587609.57909768,-4736605.43617398,1160436397.44862,318513011.012515,-197773963248.876,169445068150.644,0.00439600828893916,0.05,0.0879201657787831,-0.0136686254883864,0.2802895436703
0.215,20.0095146090131,6.37069862347767,5.05002867160084,228.050251888728,-155.711324075045,2563.92882727861,-54589.1379227101,-162866.609228162,4649158.99492187,-4333369.89108614,962662434.199257,487958079.163376,-198962270320.892,170969833250.238,0.00951460901313084,0.05,0.190292180262617,-0.0208381744651329,0.262112866663128
0.216,20.0144778852921,6.6000035190919,4.86783609130366,230.532046939413,-207.823728855951,2398.98398319448,-49491.8080890753,-166927.505107458,5512340.29396068,-3759926.89529765,763700163.877795,658927912.413767,-199304185627.1,167058958652.652,0.0144778852921377,0.05,0.289557705842753,-0.0274026192731931,0.243601574347865
0.217,20.0192337966508,6.83170708583156,4.6362153417494,232.846969363059,-254.440387778545,2230.29329674803,-43630.8350774467,-170330.124886774,6176388.36502492,-3017469.50355755,564395978.250148,825986871.066487,-199421319904.968,150291806230.437,0.0192337966508234,0.05,0.384675933016467,-0.0332371288236345,0.22495645494852
0.218,20.023735781767,7.06564069485295,4.36101078914073,234.991630354332,-294.89727189882,2058.59836374656,-37205.4856099474,-172909.552320426,6641073.68332258,-2116336.72937585,364974658.344793,976278677.296886,-199404944569.931,21786547831.7586,0.0237357817669626,0.05,0.474715635339251,-0.0382361297695123,0.206352513939304
0.219,20.0279434224801,7.30163272611568,4.0486311656144,236.963462078963,-328.729700096764,1884.79426394714,-30415.1587548806,-174534.118619848,6906345.86938241,-1129164.77816308,165569713.774791,998065225.128494,-199125168929.442,-154870137660.317,0.0279434224800781,0.05,0.558868449601562,-0.0423168785425291,0.187929478085355
0.22,20.0318229084684,7.53950945736046,3.70585018314176,238.760841384937,-355.672387846693,1709.85545421997,-23459.2155567655,-175190.062475057,6972352.99869248,-208534.621864748,-33555455.1543763,843195087.467917,121971529503.142,-177744340574.051,0.0318229084684027,0.05,0.636458169368055,-0.0454227070189953,0.169787292616003
0.221,20.0353473029911,7.77909602621961,3.33960986463121,240.383100704075,-375.645937332878,1534.69425093435,-16483.3116973995,-175006.62360995,6999783.30828967,545788.295316144,88416074.3486471,665450746.89351,-197631597162.21,-185179869627.571,0.0353473029911342,0.05,0.706946059822684,-0.047525626257481,0.151986254293249
0.222,20.0384966347867,8.02021733430799,2.95689093907106,241.830408791869,-388.62285601357,1360.06371410195,-9472.25895146237,-174158.973252792,6989383.58405721,1118649.10739587,-109215522.812691,480270877.265509,-199582268623.997,-188496486253.656,0.0384966347867213,0.05,0.769932695734425,-0.0486277977955194,0.134550434059221
0.223,20.0412579256232,8.26269879881224,2.56469063701127,243.103597901346,-394.626941687929,1186.5362565288,-2570.7468402487,-172831.604787806,6780376.92693252,1504671.74153455,-308797791.436192,291774391.011379,-199721189410.373,-190056760419.035,0.0412579256232419,0.05,0.825158512464839,-0.0487606790432743,0.117473097123648
0.224,20.0436251539949,8.50636692443656,2.16989385380528,244.203979707564,-393.867288079431,1014.49769764524,4021.94432606411,-171212.721977502,6371718.54079114,1701417.75233641,-508518980.846308,101717630.591861,-199749372349.935,-190578993286.836,0.0436251539948884,0.05,0.872503079897768,-0.0479819525124194,0.100723304447071
0.225,20.0455990455002,8.75104968901467,1.77907663810975,245.133157263922,-386.752560536882,844.144696690952,10106.1118143739,-169492.208575417,5763324.87376987,1707845.88628485,-708268353.196114,-88861362.6954309,-199728846575.143,-190211898222.978,0.0455990455001789,0.05,0.911980910003578,-0.0463716284239225,0.0842529736621288
0.226,20.0471866641672,8.99657674008109,1.39830651203788,245.892835209651,-373.891153046357,675.483675335807,15482.0143704499,-167860.495353517,4955192.09728618,1523878.57447793,-907997199.771179,-279073260.918806,-199644046260.137,-188651753645.122,0.0471866641671781,0.05,0.943733283343562,-0.0440279603392326,0.0680036805327885
0.227,20.0484008040591,9.24277940128654,1.03294273461081,246.484629416922,-356.09119399576,508.330746569651,19949.9338601404,-166507.59536844,3947372.87438493,1150479.43673657,-1107641246.03124,-467725014.564236,-199340287801.9,-184519602499.712,0.0484008040591242,0.05,0.968016081182483,-0.0410635799467626,0.0519125317456295
0.228,20.0492591811507,9.48949048859354,0.687436590139014,246.909877086174,-334.360486418048,342.312748433727,23310.2627302094,-165621.731706068,2740061.48445274,590494.620922473,-1306981533.83304,-652244617.064147,143061679162.513,-169983796230.139,0.0492591811506671,0.05,0.985183623013342,-0.0376022243482207,0.0359165487458688
0.229,20.0497834260161,9.73654393736449,0.365134646620302,247.169448791135,-309.892062297927,176.87047394378,25420.6770609394,-165385.690026383,1504610.79020096,-146741.894256743,-1163919854.67041,-822228413.294363,199373179829.442,93249970682.3775,0.0497834260160985,0.05,0.995668520321971,-0.0337763614791601,0.0199551656139985
0.23,20.0499979046791,9.98377424427432,0.068156856104745,247.263568480649,-283.904759268498,11.2782603168455,26376.55678711,-165928.004465507,440377.525445269,-922345.322209918,-964546674.840842,-728978442.61194,199672270041.731,178806696297.704,0.0499979046791168,0.05,0.999958093582336,-0.0297256660723246,0.00397065989962452
0.231,20.0499285158369,10.2310157529602,-0.202524754020966,247.191700130466,-257.460451819895,-155.224962937844,26367.9396868085,-167185.037892973,-424333.014374707,-1561920.41667301,-764874404.798991,-550171746.314076,199764040875.686,188089500163.967,0.0499285158368963,0.05,0.998570316737926,-0.0255950412299705,-0.0120932174159052
0.232,20.0496016317369,10.4781019070327,-0.446902163229204,246.952600972102,-231.423834206055,-323.27481926769,25594.4634768469,-168990.695932776,-1089325.39873586,-2018047.4129051,-565110363.923214,-362082246.149851,199801795550.344,191334914042.322,0.0496016317369374,0.05,0.992032634738749,-0.0215307582451277,-0.0282930537868498
0.233,20.0490432335806,10.7248646186423,-0.665732201176655,246.54448097133,-206.459893414439,-493.326913659854,24255.8831954078,-171157.895316415,-1554534.8648839,-2284462.20203379,-365308568.372818,-170747332.107197,199815052392.788,192767758054.502,0.0490432335806119,0.05,0.980864671612238,-0.0176746193591782,-0.0446864067455041
0.234,20.0482782465413,10.9711338134999,-0.860336798199265,245.965188858237,-183.03383678571,-665.647465976051,22551.9965550696,-173495.603224827,-1819935.90706032,-2358825.65511373,-165493515.980022,22020425.9476842,199811463327.364,193338501689.596,0.0482782465413294,0.05,0.965564930826588,-0.0141566863559942,-0.0613306167601861
0.235,20.047330074559,11.2167371648589,-1.03240318982337,245.212402981711,-161.411064959215,-840.310756186545,20682.6158005739,-175811.195583352,-1885523.69137666,-2240135.97832125,34317947.3473105,215358927.637675,199790076062.616,193315763777.738,0.0473300745589782,0.05,0.946601491179564,-0.0110872986936686,-0.0782798178909308
0.236,20.0462203349397,11.4615000193208,-1.18378410599648,244.28382385599,-141.657166759947,-1017.19807178097,18847.5494288813,-177911.432803891,-1751310.70599804,-1928119.16879471,234108023.409871,408674691.415795,199740509473.043,192683202422.818,0.0462203349396972,0.05,0.924406698793945,-0.00854916619855188,-0.0955804317176263
0.237,20.044968792766,11.7052455155704,-1.31629796415208,243.177367348418,-123.637932158936,-1195.99742325393,17246.5828195004,-179603.100759908,-1417332.42785165,-1423102.8761675,433848532.882854,601357893.838956,199626051700.905,191116162158.348,0.0449687927659994,0.05,0.899375855319988,-0.00659030451724009,-0.113265591041337
0.238,20.0435934951038,11.9477948963379,-1.43152908639783,241.891357840184,-107.019389712384,-1376.20388596288,16079.445666707,-180693.671995463,-883670.869118343,-726186.901249371,633474584.583719,792474055.997587,199256893558.529,187459375804.475,0.0435934951037886,0.05,0.871869902075773,-0.00521849013384916,-0.13134904628652
0.239,20.0421111049666,12.1889680132297,-1.53062797650469,240.424720668987,-91.2678980122228,-1557.12076159232,15545.7215721403,-180992.378639413,-150567.83775536,160016.842650453,832731478.142245,979933431.802268,-87441024670.8748,175987104328.605,0.0421111049666365,0.05,0.84222209933273,-0.00439775574771379,-0.149819157294418
0.24,20.0405374345394,12.4285840231993,-1.61411413989907,238.777172684667,-75.662315155274,-1737.86247677578,15796.9459693443,-180313.063896806,638443.128051448,1227943.82661702,745290453.471424,1155920536.131,-199201623629.29,-10195131222.9132,0.0405374345394485,0.05,0.810748690788969,-0.00404724632981816,-0.168633565857138
0.241,20.0388881546026,12.6664622732512,-1.68174218112481,236.949406411644,-59.430232613951,-1917.36934013373,16774.8340535266,-178508.858990661,1284132.76970823,2378766.79713656,546088829.842248,1145725404.90812,-199562448921.282,-174939561918.843,0.0388881546025814,0.05,0.777763092051629,-0.0040427430744506,-0.187715091938974
0.242,20.0371795508903,12.9024233519363,-1.73254988390159,234.943225383876,-41.9306324726117,-2094.5051506401,18298.7508300024,-175586.386084723,1730440.37508983,3437022.42108526,346526380.921139,970785842.989241,-199669397683.634,-185706838732.122,0.0371795508903396,0.05,0.743591017806793,-0.00422193207229408,-0.206949446781549
0.243,20.0354291601945,13.1362902113884,-1.76502995954135,232.761538779117,-22.7172266164644,-2268.21896565874,20169.1761626055,-171694.921881932,1977132.05716915,4314954.84470844,146856983.237721,785079004.257014,-199707705352.045,-188946763781.546,0.0354291601944894,0.05,0.708583203889788,-0.00439448338706532,-0.226185899877939
0.244,20.0336562164783,13.3678892109341,-1.77732862125598,230.408222648726,-1.54332941578414,-2437.63343639944,22186.4520938348,-167018.918662392,2024135.18773085,5005560.46707468,-52850722.1140852,596132240.475313,-199711068398.438,-189952687431.901,0.0336562164783416,0.05,0.673124329566832,-0.00435657765588721,-0.245242246408857
0.245,20.031881897556,13.5970509936472,-1.76744523513183,227.887937268977,21.638060523709,-2602.05813415019,24150.8767424421,-161746.950856318,1871428.93141755,5506716.36383404,-252561790.512289,406179553.043225,-199684117259.098,-189658292908.825,0.0318818975559623,0.05,0.637637951119245,-0.00390850345150165,-0.263914399444898
0.246,20.0301293720918,13.8236111765919,-1.73343201885674,225.205938789122,46.6742379285388,-2760.99193266129,25862.7440923937,-156068.754431448,1519025.08227571,5818066.77042285,-452245907.771188,216521260.1342,-199613615193.331,-187958709656.647,0.0301293720918103,0.05,0.602587441836206,-0.00287357766993476,-0.281989803290122
0.247,20.0284236468964,14.0474108519184,-1.67359374506096,222.367889612436,73.2128030101149,-2914.12339844374,27122.3772849182,-150173.753482567,966972.366907856,5940608.67572873,-651859522.964376,28562550.4773573,-199446106368.301,-183617335937.474,0.028423646896421,0.05,0.568472937928419,-0.00111653218604606,-0.299263343048123
0.248,20.0267912145308,14.2682968983811,-1.58668741421155,219.379669098658,100.701712970193,-3061.32973788569,27730.1788726158,-144249.466420923,215389.79075933,5877362.55823735,-851305629.332607,-155054785.460297,-198901805779.135,-170754168071.874,0.0267912145308387,0.05,0.535824290616773,0.00144041523280264,-0.315554175805477
0.249,20.0252595012741,14.4861221043939,-1.47212184208977,216.247186304421,128.389414891355,-3202.67348024873,27486.7655477457,-138478.090283427,-735366.741462845,5636930.68874111,-1050207435.11175,-325808953.532327,6035398781.5921,-66796534631.1011,0.0252595012740997,0.05,0.505190025481994,0.00480534065816048,-0.330721823824155
0.25,20.0238561158838,14.7007451063408,-1.33015531389679,212.976199135467,155.333713970764,-3338.39018986899,26227.3009885239,-133015.196827224,-1782556.4771838,5277723.46789324,-1044172036.33023,-392605488.163559,198796168874.283,157337424803.817,0.0238561158838309,0.05,0.477122317676617,0.00890938922382743,-0.344679937267057
0.251,20.0226079159456,14.9120301580339,-1.16204689271224,209.572165920345,180.50399122165,-3468.82540348425,23955.7911879874,-127907.553199279,-2727330.42907688,4963786.69213159,-845375867.456054,-235268063.359847,199332286814.973,175330174485.448,0.0226079159456418,0.05,0.452158318912836,0.0136053504421372,-0.357406261771651
0.252,20.0215399932741,15.1198467984344,-0.970053123861352,206.040205696292,202.963526729124,-3594.28296925742,20838.9948729851,-123032.17884308,-3473040.15312545,4816183.71601446,-646043580.641188,-59937888.8744822,199485720739.162,179088634008.918,0.0215399932741001,0.05,0.430799865482001,0.0186730878523854,-0.368947234837277
0.253,20.0206747452632,15.3240695577065,-0.757274195824248,202.385208329891,221.966639500469,-3714.90958386422,17076.1805496623,-118216.115965834,-4019340.87339706,4845790.14414444,-446557859.902083,119150745.134369,199532279417.405,177314936474.62,0.0206747452631788,0.05,0.413494905263576,0.0238328319615321,-0.379415468557272
0.254,20.0200311295009,15.5245778117056,-0.527456300004795,198.612004761973,236.967037148441,-3830.6755581781,12866.8161262171,-113281.19795971,-4366132.59359044,5053598.35751612,-247025580.484629,296465681.608931,199517732400.115,167001593930.164,0.0200311295008824,0.05,0.400622590017647,0.0287658907095825,-0.388979382610278
0.255,20.0196241174856,15.721255811758,-0.284792173645666,194.725544615624,247.617929286666,-3941.37358761238,8410.42369778445,-108051.533162401,-4513399.30787501,5433564.83609013,-47507848.0843083,463467275.539043,199436221423.3,102919065018.414,0.0196241174855842,0.05,0.392482349711685,0.0331408242301107,-0.397845832905379
0.256,20.0194643478371,15.9139928913947,-0.0337215832555784,190.731071024365,253.772045198439,-4046.62680551643,3906.50983610453,-102369.081511038,-4461189.04524767,5948491.64413838,151928373.339397,566386340.557406,199222030576.527,-142433719920.225,0.019464347837058,0.05,0.389286956741159,0.03664247335753,-0.406237497038168
0.257,20.0195579790217,16.1026838398786,0.221268175883296,186.63427350585,255.481582825475,-4145.93317822031,-445.511350710676,-96161.1356499414,-4209649.65662001,6443661.12473567,351150403.916556,423952620.637133,198514924930.84,-168355600935.303,0.0195579790216662,0.05,0.391159580433325,0.0390009827005274,-0.414367380987029
0.258,20.0199067415374,16.2872293917244,0.475841680312461,182.441349965054,252.998043169042,-4238.80883935449,-4446.49998455061,-89533.5574817097,-3759241.79023803,6783435.94490515,549665328.848263,255597019.701794,127114165633.056,-166837175992.729,0.0199067415373833,0.05,0.398134830747665,0.0400179946151772,-0.42241345800482
0.259,20.0205081892784,16.4675366995517,0.726013895194774,178.158914179181,246.768829601143,-4324.91503090946,-7909.72341609237,-82650.1292229524,-3146019.37857324,6955614.37661058,676779494.482404,88759843.709077,-198393763879.038,-112315199999.017,0.0205081892783667,0.05,0.410163785567335,0.0395874986617542,-0.430497195681717
0.26,20.0213561435817,16.6435196715948,0.968330072386143,173.793836115089,237.390626671402,-4404.07723943683,-10750.4186747376,-75668.8541244871,-2568436.76603035,6988216.62032015,478385730.604629,-23555356.2899221,-199132091797.932,34428111872.4569,0.0213561435816771,0.05,0.427122871633543,0.0377093116390927,-0.43866916447108
0.261,20.0224412739231,16.8150991486417,1.19993569022768,169.353088456787,225.427423398297,-4476.25447663922,-13112.8512574321,-68686.6771636665,-2189617.08132469,6981875.31996645,279253638.808075,10872755.5821489,-199343391011.362,-11014099602.8796,0.0224412739231354,0.05,0.448825478462709,0.0344934225303399,-0.446903284121771
0.262,20.0237516486665,16.9822029530675,1.41845172618766,164.843654648699,211.257999898732,-4541.44886293779,-15196.0654178547,-61701.2011491761,-2010035.13802229,6987241.02574716,79910247.7981241,-141344.020074953,-199410741019.488,2250774881.07153,0.0237516486664582,0.05,0.475032973329164,0.0301532730189368,-0.455099841408153
0.263,20.0252731133529,17.1447658908882,1.62177835535606,160.272519738224,195.061926505622,-4599.65637334915,-17199.3805554813,-54713.6556662921,-2029830.26073391,6988225.06916762,-119500493.220013,2109430.86054085,-199397786583.124,-1863334413.79389,0.0252731133529274,0.05,0.505462267058547,0.0249873809116114,-0.463096089087787
0.264,20.0269894702595,17.3027297546882,1.80789564570275,155.646671313585,176.819405829773,-4650.87564254799,-19322.1940272558,-47724.6864374298,-2249029.64724549,6989402.83282126,-318898279.801942,246096.44694654,-199298407785.666,376758940.163847,0.0269894702594797,0.05,0.539789405189595,0.0193509841619163,-0.470682835779029
0.265,20.028882458599,17.4560433252939,1.97466416799399,150.973098241683,156.311243165227,-4695.10557085466,-21763.8892157,-40735.0977632284,-2667577.13094026,6989837.30873829,-518196687.586663,622855.387012954,-199027524912.643,-630537822.151693,0.0288824585989715,0.05,0.577649171979431,0.0136205823285573,-0.477625358645575
0.266,20.0309315353303,17.6046623728147,2.11962562026994,146.258790115529,133.118906455864,-4732.34567242671,-24723.7359445857,-33745.0541164336,-3285287.58098325,6990144.89521423,-717224212.498691,-7682.43508398093,-198107360431.321,10773248.1157325,0.0309315353303106,0.05,0.618630706606211,0.00815491306171113,-0.483686544652269
0.267,20.0331134566425,17.7485496571744,2.23980357558534,141.510736939962,106.624734878621,-4762.59565492706,-28400.6535252236,-26754.9112668955,-4101565.4736976,6990142.5994032,-915331572.929788,3090.81300653459,21243583273.1902,-256948408.107258,0.0331134566425497,0.05,0.662269132850994,0.00325620475435854,-0.48864998030309
0.268,20.0354016606469,17.8876749283906,2.33150642766939,136.735928851155,76.0216285036306,-4785.85550508531,-32956.3441881739,-19764.8099468204,-5006275.25499079,6990017.21601215,-894087989.656803,-253857.595081126,197876052467.256,4947662.05703808,0.0354016606469116,0.05,0.708033212938233,-0.000864523733235773,-0.492340741940871
0.269,20.0377654693945,18.0220149266029,2.39017990017051,131.941355933428,40.42137685848,-4802.12534852758,-38376.6840959152,-12774.9188349954,-5801425.21841396,6989765.8322481,-696211937.190191,-248909.933027786,198731244543.246,-36094338.6263437,0.0377654693944933,0.0500180412661482,0.755036951438014,-0.00411461425367593,-0.494641892979165
0.27,20.0401692166177,18.1515533819471,2.41041867804136,127.134008075783,-0.963774701027227,-4811.40542743537,-44493.0934088337,-5785.28347343685,-6398271.53333253,6989498.87514576,-497480692.648018,-285004.271645301,198849659097.072,193068041.956427,0.0401692166176879,0.0508178042482637,0.790455573826969,-0.00653578855689144,-0.495505135939714
0.271,20.0425714674291,18.2762810143223,2.38612290676631,122.320874912822,-48.7306319228604,-4813.69600092745,-51106.9636786407,1204.10507758014,-6796327.39643201,6989310.40489509,-298631033.552416,-91936.2296855712,198436217350.873,126611046.289239,0.0425714674290703,0.0525988091946905,0.80936181029299,-0.00830600008037963,-0.494954655687693
0.272,20.0449244217997,18.3961955331395,2.31069528244834,117.508945846725,-103.277262962914,-4808.99725069467,-58019.533888957,8193.39061620149,-6995740.32130899,6989281.77418855,-100194816.203366,34674.8166086205,193515868473.764,454832521.297228,0.0449244217997133,0.0551090191479525,0.81519182330398,-0.00972622298820421,-0.493083864163858
0.273,20.0471735164734,18.511301637147,2.17723973367105,112.705210176868,-164.803302987341,-4797.30919446087,-65033.118973622,15182.7655332186,-6999177.20327547,6989543.86526581,93321052.2715116,489507.337912692,-164991434083.141,-80807173.4805143,0.0471735164734142,0.058132735381999,0.811479387017141,-0.0111935091349225,-0.490045450993232
0.274,20.049257224619,18.6216110144226,1.9787558551142,107.916657308873,-233.327331696916,-4778.63157877742,-72013.1342231089,22172.5406842912,-6988351.86804553,6989992.96901698,-71670381.8120717,408700.164432771,122973923240.848,729072938.3487,0.0492572246189802,0.0614876263294708,0.801091659564867,-0.0131631121679785,-0.486035790505693
0.275,20.0511070230118,18.7271423426197,1.70825526951429,103.15027702237,-308.841463004134,-4752.96394311388,-79016.825628187,29162.8595155468,-6998535.28823718,6990766.20565058,51303541.4297081,1137773.1027937,-95570444261.2954,-912789663.019493,0.0511070230118307,0.0650217704436371,0.785998638042805,-0.0161037948433788,-0.481275291602008
0.276,20.0526473967685,18.8279212894373,1.35874031237876,98.4130596765145,-391.35298778795,-4720.30554889954,-86005.6375530863,36154.0424761384,-6995016.96893811,6991447.58392187,-44266902.8330276,224983.439766388,82478345960.7377,1461107658.77375,0.052647396768478,0.0686107413153615,0.76733461494739,-0.0204520160433317,-0.475986652879673
0.277,20.0537958346011,18.9239805133273,0.92321751252198,93.7119964116662,-480.860075044794,-4680.6556842547,-93009.0415824475,43145.8460697233,-6998044.69879077,6992403.12119102,38211443.1296313,1686091.09856136,-68681583568.1805,-2353317829.40343,0.0537958346010754,0.0721547606716702,0.74556181879482,-0.0265699237300495,-0.470373164261919
0.278,20.0544628292074,19.0153596642322,0.394687595704008,89.0540791016084,-577.364632135332,-4634.01345366409,-99999.4274902683,50138.7000168254,-6994174.04744523,6992912.55337488,-30470140.441002,-667226.730860892,55149515508.5825,3105873980.3749,0.0544628292074023,0.075575942113193,0.720637119228116,-0.0347110515637922,-0.464599167272104
0.279,20.054551876315,19.1021053844271,-0.233843255856455,84.4463004814584,-680.863927109499,-4580.3782791636,-106999.645022016,57131.7966024983,-6997069.43013194,6993798.2636342,24679375.0706076,2438647.24954279,-28904080718.2955,-4602027532.51186,0.0545518763149602,0.078815645657786,0.692145269631133,-0.0449970220075733,-0.458774546974969
0.28,20.0539594764427,19.1842713091573,-0.96937239627077,79.895653796899,-791.359197954037,-4519.74936873921,-113989.192111399,64126.0471851685,-6986842.09542048,6993935.89711749,-4224705.65080752,-2163380.28299376,-8789751828.38918,5921606503.12782,0.0539594764427456,0.0818319603311421,0.659393667515633,-0.0574073458557919,-0.452944716807731
0.281,20.0525751350834,19.2619180673486,-1.8188909132358,75.4091330669401,-908.842881470381,-4452.12646743525,-120979.611518283,71119.8883265617,-6995461.67698548,6994733.32008606,-13014457.4770265,3758226.2201617,78157716594.2428,-8171146546.47964,0.0525751350833978,0.0845973292665575,0.62147511675858,-0.0717831880122912,-0.447086999202267
0.282,20.0502813679838,19.3351132819637,-2.78938940169509,70.9937324210536,-1033.31913633188,-4377.50892654205,-127968.554137909,78115.1389020002,-6969397.27616538,6994405.97303298,65143259.1168952,-4412920.32633678,176918381844.682,10515016411.4495,0.0502813679837857,0.0870963289848448,0.577307546366677,-0.0878444945279696,-0.441113678373918
0.283,20.046953701319,19.4039315705228,-3.88785019268205,66.6564467020437,-1164.75416029881,-4295.89688201457,-134875.893387542,85109.0909176053,-6815794.82612615,6995250.56091237,242061640.961725,6102096.08512848,178414341650.937,-14219687637.6584,0.046953701319012,0.0893236118531246,0.525658337643336,-0.105218746489542,-0.434881339948528
0.284,20.0424607130046,19.4684545451322,-5.12116669278721,62.4042703763369,-1302.99017356176,-4207.28974128749,-141540.921669579,92105.0225786206,-6484526.01433895,6994242.81317867,420475982.613164,-8117591.55253109,169575213258.012,18682085709.9852,0.0424607130045551,0.0912820180542665,0.465159665722032,-0.123477948242022,-0.428205516793762
0.285,20.0366641946227,19.5287708128601,-6.49598914855669,58.2441986709242,-1447.69621327428,-4111.68817181398,-147786.947157068,99098.3202769747,-5979262.42509678,6995466.26448113,590051195.871844,10564494.1574456,151387586385.739,-26106744421.0465,0.0366641946226949,0.0929808609263454,0.394319801488377,-0.14217937630848,-0.420879141969527
0.286,20.0294194822015,19.5849759753614,-8.0185495321145,54.1832257929227,-1598.36814196193,-4009.09144543677,-153445.952719832,106094.717664464,-5313517.43603207,6992977.38642805,741438782.258251,-15542250.2635637,143642729170.776,36386979975.6286,0.0294194822014795,0.0944343870695885,0.311533574944478,-0.160905609584938,-0.412692976935043
0.287,20.0205759592549,19.6371726291797,-9.69449414636819,50.2283468581791,-1754.34129515581,-3899.50131332999,-158364.810309873,113085.988422423,-4500257.28918843,6995628.6261523,885081511.429569,20844729.7120184,158788242959.526,-68744115014.5897,0.0205759592549484,0.0956604104359453,0.215093779769282,-0.179299922837608,-0.403455989299262
0.288,20.0099777204119,19.6854703646087,-11.5287296879273,46.3865547728262,-1914.80210434837,-3782.91690081102,-162396.062136187,120080.582060929,-3535781.6562791,6982101.29835702,1043869754.38943,-47899385.3025032,170663088965.984,127181934449.333,0.00997772041186096,0.0966791174195923,0.103204504531802,-0.197093772075732,-0.393013719131463
0.289,19.9974643852735,19.7299857650599,-13.5252742035202,42.6648409106359,-2078.78496805836,-3659.34795208454,-165381.46506711,127059.93065571,-2406580.35740667,6997792.88027919,1214532843.35551,79282549.1465522,173510749419.667,-188339789246.923,0.0025356147264759,0.0975120381516826,0.0260030943310987,-0.214123897550734,-0.381262853471937
0.29,19.9828720650968,19.7708424006234,-15.6870989493802,39.0701909566327,-2245.16007154914,-3528.78375872172,-167151.860544602,134065.974845688,-1105292.13934133,6982905.53480228,1388043592.77503,-109057240.102506,160754699135.005,-196748450710.371,0.0171279349032076,0.0981811773002237,0.174452327566137,-0.230337484972764,-0.368160699879368
0.291,19.9660344932051,19.8081708338022,-18.0159599917864,35.6095978192996,-2412.6265394522,-3391.25270516743,-167536.3384377,140961.560351987,363128.803001203,6775474.06934459,1548798291.90971,-305805690.814928,-136396371955.766,-197788093118.41,0.0339655067949103,0.0987082965617599,0.344099817117791,-0.245784926009161,-0.3537285265893
0.292,19.9467843250685,19.8421085783506,-20.5122307823655,32.2899407498472,-2579.72886362193,-3246.96261656644,-166421.543217403,147551.166893738,1843728.90893303,6370774.33197045,1412401919.95351,-503593783.935212,-186778853364.517,-198038049360.762,0.0532156749315007,0.0991143385355704,0.536911971746676,-0.260600979508775,-0.338049097191613
0.293,19.9249545812635,19.8727998906307,-23.1748058358564,29.1177928790569,-2745.00092451708,-3096.31824638941,-163902.743157388,153637.137992181,3162741.40220428,5768161.52335486,1225623066.58853,-701631833.297593,-193583059110.495,-197984438360.454,0.0750454187364937,0.0994189809685753,0.754839951137845,-0.27497657261364,-0.321259883506955
0.294,19.9003800995675,19.9003953647944,-26.0011815539511,26.0992236773861,-2907.12609242301,-2939.922215626,-160159.454065074,159021.486192494,4291572.93923757,4967537.47087704,1032040007.47763,-899616271.659343,-195886493304.37,-197657675656.576,0.0996046352056332,0.0996402033326778,0.999643034379147,-0.289125403347142,-0.303542949765184
0.295,19.8728988488688,19.9250513301542,-28.9876307419722,23.2396009966083,-3064.97591528769,-2778.5751324798,-155384.508870982,163506.272581598,5225669.70006301,3969092.36138941,836153514.172981,-1097273947.31684,-196843087794.353,-196836920121.295,0.0749486698457638,0.0994198646680299,0.753860107293676,-0.303250089825992,-0.285112549619494
0.296,19.8423530571818,19.9469290505914,-32.1293947673762,20.5433931557563,-3217.61643218483,-2613.27539424702,-149773.569595131,166893.921815976,5963401.67033881,2773399.95401192,639310426.378523,-1294110867.43862,-197137502867.816,-194334050848.965,0.0530709494085926,0.099117003176769,0.535437389223157,-0.317511628340428,-0.266201672501582
0.297,19.8085901454655,19.9661937262077,-35.4208790889598,18.0139714150052,-3364.30996326957,-2445.21855485068,-143523.368962081,168987.877327794,6504143.34528343,1382122.06114882,442172923.51078,-1488444918.28763,-196757974513.985,-149934278683.242,0.0338062737922975,0.0987137453224111,0.34246774531634,-0.332005170608126,-0.247048859119532
0.298,19.7714634652509,19.9830132979678,-38.855849928599,15.6534138845034,-3504.51576332059,-2275.79393790693,-136830.932150795,169600.787883351,6847937.28153721,-181289.996480431,245414948.997011,-1638379196.97044,-193775186477.893,193240101011.504,0.0169867020321668,0.098190617244737,0.172997201859196,-0.34674441697765,-0.227886557990144
0.299,19.7308328393919,19.9975570607427,-42.4276312242865,13.4623234700718,-3637.88989830514,-2106.5488065504,-129892.583259172,168632.514971888,6996464.63729528,-1723049.14294512,51639762.5193975,-1445139095.95806,-101742288826.643,196712568757.716,0.00244293925729266,0.0975268567278903,0.0250488874475747,-0.361656042761181,-0.208932083511613
0.3,19.6865649062629,20.0099941316652,-46.1293000329788,11.4397451712911,-3764.27988188055,-1939.01047630891,-122887.255788755,166219.68170909,6997233.25540135,-3069831.95452432,-50102526.3076632,-1248426527.19903,87262422683.6687,197731413457.419,0.00999413166519858,0.0967008459747289,0.103351026192784,-0.376584571433475,-0.190381564928228
0.301,19.6385332763347,20.0204919368399,-49.9538586976309,9.58328252716602,-3883.67323552835,-1774.52554285603,-115900.530059394,162558.591726542,6990761.94043552,-4219392.77499464,37159896.3764529,-1050695113.73992,-61740737338.8391,198156798470.062,0.020491936839889,0.0956906751468134,0.214147687937715,-0.391307002911017,-0.172405851070711
0.302,19.58661855577,20.0292148654055,-53.8943160373774,7.88929092038619,-3996.07476383219,-1614.24350683599,-108901.47829366,157846.877527756,6997051.46814255,-5171009.48949953,-24580840.9627999,-852538315.267835,44626407963.4838,198310169722.826,0.0292148654055033,0.0944748463713889,0.309234325617817,-0.405555119777357,-0.155147297331161
0.303,19.5307083435052,20.0363231200975,-57.9436760174281,6.35307514755271,-4101.47995376499,-1459.11596084845,-101909.279511338,152282.650575576,6994783.8311615,-5924392.71990595,20045567.0010075,-654228145.542724,-35863465558.6607,198240759083.918,0.036323120097471,0.0930331288913128,0.390432102309554,-0.419042170800166,-0.138717453001776
0.304,19.4706972341975,20.04197176568,-62.0949442772752,4.96908750570447,-4199.88999474406,-1309.89628462547,-94910.4501409363,146064.183909413,6996897.66538317,-6479500.48590672,-15817898.5579552,-455987386.45633,28798947936.3449,197778593805.053,0.0419717656799534,0.0913475744962468,0.459473236278188,-0.431490967454193,-0.123195849372766
0.305,19.40648681796,20.0463099755695,-66.341123766568,3.73112604496572,-4291.30343241268,-1167.13960808203,-87916.6616001762,139389.652829245,6995479.24079339,-6836598.57546052,12981049.37863,-258208792.648681,-23850023286.2217,195354196280.515,0.0463099755694714,0.0894037001716627,0.517987236328611,-0.442660730349519,-0.108629989600035
0.306,19.3379856812536,20.0494804766804,-70.6752192744484,2.63253269945399,-4375.72118463532,-1031.20314958113,-80918.6668385745,132456.508890174,6996535.27852891,-6997130.26996894,-10868973.9078023,-62854596.3655331,19364993728.5345,125394613304.939,0.0494804766803654,0.0871918434880701,0.567489741023029,-0.452370047667882,-0.0950365260288361
0.307,19.265109406401,20.051619191993,-75.0902339947902,1.66639004195345,-4453.14258845568,-902.250456816472,-73924.3385480448,125448.850424239,6995348.80148537,-6997287.559682,8496019.82090669,62540016.9387433,-15967426570.5225,-106838903515.083,0.0516191919929767,0.0847086941936521,0.609373010460654,-0.460513785200708,-0.0824035004986028
0.308,19.1877805719103,20.0528550737673,-79.5791726401153,0.825699511266589,-4523.56850190924,-780.29427845692,-66927.4029744106,118465.026389108,6995861.10802102,-6988166.9945008,-7471406.74975141,-44298886.5765905,12622809444.628,71170816930.5389,0.0528550737672546,0.0819590035373113,0.644896490758245,-0.467072357596382,-0.0706934855762579
0.309,19.1059287519015,20.0533100788663,-84.1350390727802,0.103471798810015,-4586.99869361382,-665.327753262137,-59933.1737681903,111466.57175414,6994701.10599358,-6996880.47261212,5151402.69499952,26871930.3542447,-10079132908.075,-48986429939.0916,0.0533100788662857,0.0789574704965205,0.675174603885455,-0.472112570743499,-0.0598477830122991
0.31,19.0194905160944,20.0530991731695,-88.7508384391126,-0.507288103874513,-4643.43407822584,-557.357184190498,-52937.5768163337,104474.962841715,6994812.94223454,-6994501.75722742,-4927730.21314796,-22114499.5850578,7542208804.84199,39695199813.8237,0.0530991731694961,0.0757308018027727,0.701156886042002,-0.475780044581365,-0.0497923565914095
0.311,18.9284094291067,20.0523303274005,-93.4195756460611,-1.01357414757792,-4692.87475560077,-456.381504010663,-45943.9707044048,97476.0197013309,6993656.31642381,-6996768.65690556,2614478.59177014,17580700.2288737,-5596143079.42724,-32901258100.2361,0.0523303274004618,0.0723199400502301,0.723594728702978,-0.47828407058467,-0.0404452659002866
0.312,18.8326360501707,20.0511045170728,-98.1342567153271,-1.42238331149132,-4735.32169557316,-362.402309406816,-38949.9398391981,90482.5578515231,6993472.72347587,-6995638.58572681,-2981664.48767939,-15320557.8713992,3990471651.24341,28884504873.7578,0.0511045170728082,0.0687824516314096,0.742987722314208,-0.479876460705331,-0.0317247363793564
0.313,18.7321279323263,20.0495157214603,-102.887887893016,-1.74071067938422,-4770.77522972502,-275.418920753399,-31957.2928693574,83484.0730710061,6992486.29481381,-6996516.89116133,1008807.16360042,13563947.0023264,-2513759641.7489,-25809348253.6497,0.0495157214602848,0.0651950634537663,0.75950108546791,-0.480826529343033,-0.0235571217614108
0.314,18.6268496219614,20.0476509238882,-107.673476333709,-1.97555329965854,-4799.23621605235,-195.431920859606,-24964.7211309019,76490.0365953036,6992238.22215653,-6995857.61828582,-1504952.47814326,-12245401.251244,1887482231.99056,24462127940.0158,0.0476509238882201,0.0616563346753813,0.772847171975122,-0.481394681838002,-0.0158839637033415
0.315,18.5167726580661,20.0455901114053,-112.484029584268,-2.13390648485799,-4820.7049902524,-122.440834718271,-17972.9208046123,69492.1332977154,6991677.01079438,-6995871.95556706,382529.753860028,12216726.6886175,-888526281.657422,-23786275544.6399,0.0455901114052821,0.0582894468152238,0.782133197280148,-0.481807202171791,-0.00866749176350004
0.316,18.4018755718217,20.0434062750993,-117.312555746887,-2.22276692076858,-4835.18204581847,-56.4455923719824,-10981.2006166545,62498.4053262351,6991615.27740741,-6995548.36665076,-505996.527787881,-11569548.8557993,782590780.243687,25714401333.2696,0.043406275099251,0.0552450927910649,0.785703723286557,-0.48223467140913,-0.00189403613297169
0.317,18.2821438861659,20.0411654102412,-122.152063138364,-2.24912950297584,-4842.6674905211,2.55418194622807,-3989.70790571422,55501.3579187118,6991500.57626975,-6994260.71483993,276594.252456953,14144852.477094,-322001504.903915,-29420689013.4893,0.0411654102411632,0.0527044425596767,0.78106148631687,-0.482776074336879,0.00442494504898503
0.318,18.1575701156453,20.0389265167048,-126.995560223901,-2.21999000798536,-4843.16141545625,54.5595411209377,3001.87730076427,48509.2661819414,6991616.16976975,-6994826.20686958,-45407.2524448111,-15275836.5358584,242892599.537545,45305781829.7514,0.0389265167048265,0.0508821602427064,0.76503270535583,-0.483450066282897,0.0102542981189431
0.319,18.0281537663438,20.0367415998295,-131.836055431214,-2.1423418970785,-4836.66372751785,99.5707359676322,9993.51124900767,41514.353020442,6991692.20881708,-6987449.15249056,197485.347087081,30029945.2929661,-185504190.56336,-74877412107.1228,0.0367415998294831,0.0500294448503731,0.734399510915402,-0.484194162253159,0.015538897771228
0.32,17.8939013359559,20.0346556713616,-136.666557114391,-2.02317793218229,-4823.17434497948,137.593249510557,16985.2712831331,34529.4392719132,6991796.94206888,-6994857.91325116,11981.156518039,-44847466.8124731,9536154.62745217,122750712427.898,0.0346556713616231,0.05,0.693113427232461,-0.484871827677217,0.0202092679121722
0.321,17.7548263138725,20.032706753305,-141.480073523661,-1.86948661840218,-4802.69317283108,168.622899861056,23977.0758051393,27532.6160773269,6991813.69130271,-6978330.02384968,21517.3111367889,77903245.6152928,-156984891.953884,183793603448.656,0.0327067533049572,0.05,0.654135066099144,-0.485286683615075,0.0241885565464017
0.322,17.6109491812673,20.0309258770464,-146.26961285672,-1.6882556879172,-4775.22019313511,192.686992867512,30968.8740909488,20623.8699435261,6991756.71616787,-6808529.97651006,-135467.580826667,261696849.064479,-91028955.3566392,187381758260.539,0.0309258770464069,0.05,0.618517540928138,-0.485202355903519,0.0274000952170235
0.323,17.4622974111149,20.0293371209188,-151.028183326428,-1.48637904951726,-4740.75546705692,209.958021537507,37960.5479018336,13977.4186845916,6991575.73410936,-6453142.24831531,-226496.536190038,449078607.325919,-161487516.956793,184850221680.782,0.0293371209187541,0.05,0.586742418375081,-0.484365967603626,0.0297752214370027
0.324,17.3089054681264,20.0279577855678,-155.748793267695,-1.27048759031245,-4699.29917576617,220.791417624998,44951.9834730886,7779.62411021921,6991268.49381469,-5911638.530149,-387984.053155958,633928829.007767,-155372270.304756,173955650972.603,0.0279577855677786,0.05,0.559155711355572,-0.482532944193913,0.0312615655805695
0.325,17.1508148085675,20.0267987494962,-160.424451257771,-1.04676377038419,-4650.85162918413,225.728125427021,51943.0320794983,2213.9426030694,6990802.82362639,-5190731.87565493,-543356.323458482,807884479.981431,-192498668.171593,105064068982.286,0.026798749496237,0.05,0.535974989924739,-0.479490702522636,0.031831402093819
0.326,16.9880738799457,20.0258650093767,-165.048166261356,-0.820759258244045,-4595.4132942731,225.485727175044,58933.5311418516,-2555.33635443118,6990163.21796884,-4330315.36118235,-735854.991637542,912948548.964647,-236502355.23793,-133756543648.035,0.025865009376659,0.05,0.517300187533181,-0.475078933267836,0.0314892964388001
0.327,16.8207381205427,20.0251563940848,-169.612947795488,-0.597235993585835,-4532.98481401915,220.911818042107,65923.2870152655,-6451.47019840592,6989309.11179958,-3484245.08404172,-972357.346854674,779192005.317324,-252545734.200526,-157895117061.864,0.0251563940847959,0.05,0.503127881695917,-0.469204546721431,0.0302782049364914
0.328,16.6488699587675,20.0246683998522,-174.111806123767,-0.380099467615268,-4463.56704503039,212.841511672605,72912.067857436,-9572.43513263263,6988210.48158563,-2784000.63725533,-1224903.08107867,621296888.255913,-411961142.098724,-153661188762.183,0.0246683998521569,0.05,0.493367997043137,-0.461849894911014,0.0282829408069806
0.329,16.4725388122971,20.0243930146984,-178.537752487594,-0.172483566755479,-4387.16109324782,201.974223153118,79899.5972272909,-12071.397523887,6986779.5979335,-2239534.34338051,-1636864.22308898,467635699.493923,-206002475.925169,-115793779280.513,0.0243930146984184,0.05,0.487860293968367,-0.453073554561721,0.0256294195309251
0.33,16.2918210869643,20.0243194167657,-182.883799388881,0.0231002217823013,-4303.76838761577,188.856172999935,86885.524059367,-14096.4129807339,6985039.73247245,-1829795.53352684,-1842866.6992785,351841920.21338,-1618451782.78829,66574918865.6634,0.0243194167657208,0.05,0.486388335314416,-0.443003688028111,0.0224786886288222
0.331,16.1068001753279,20.0244345224547,-187.142960931453,0.204618437237161,-4213.39071827014,173.906276527398,93869.3726165263,-15739.191734343,6982387.63988177,-1444666.15388063,-3461318.48158801,418416839.078852,-1104856513.20664,138749923648.492,0.024434522454694,0.05,0.48869044909388,-0.43182472130284,0.0190161536989014
0.332,15.9175664548352,20.0247234143165,-191.308253385571,0.370432930484789,-4116.03077475577,157.520269102777,100849.845454415,-16951.5244814094,6978373.89314358,-956874.352977529,-4566174.99496135,557166762.727074,27780123750.7406,144221110853.729,0.0247234143165329,0.05,0.494468286330658,-0.419758719354637,0.0154374008695016
0.333,15.7242172851359,20.0251697471009,-195.372696134041,0.519342375406798,-4011.69134587875,140.189177784974,107830.566280687,-17605.7786012143,6987697.78002399,-327597.03482359,23213948.7556075,701387873.580541,-147854294288.123,84442392642.7796,0.0251697471009429,0.05,0.503394942018858,-0.407043340975858,0.0119329948660584
0.334,15.5268570062321,20.025756242081,-199.329307845354,0.650703992560274,-3900.36922231211,122.540017078347,114805.228652707,-17568.6079671405,6936984.58163553,416012.035078341,-124640345.532991,785830266.223153,-179510071501.232,-151001299559.605,0.025756242080984,0.05,0.515124841619681,-0.393908543831596,0.00867481456684329
0.335,15.3255969357333,20.0264653116533,-203.171124978509,0.764560525570763,-3782.12375434572,105.304095119027,121649.974716326,-16784.8476822104,6722589.20035193,1126341.65152169,-304150417.034786,634828966.663544,-183299991402.413,-181660930334.563,0.0264653116533111,0.05,0.529306233066222,-0.380554338765608,0.00580564387924416
0.336,15.1205553011921,20.0272797787205,-206.891317514397,0.861684857815614,-3657.17081426491,89.180653884992,128189.938709594,-15371.3683690794,6326788.78761593,1670340.15301795,-487450408.437675,453168036.329197,-180892136335.818,-189665111950.236,0.0272797787205263,0.05,0.545595574410527,-0.367132367612736,0.00343264349746151
0.337,14.9118570225632,20.0281835651209,-210.483360712378,0.943475518992712,-3525.90626006848,74.712080885548,134242.853603602,-13506.0550498885,5748892.31101035,2028675.63337203,-668342544.773769,263502924.379423,-168385027754.446,-192913188392.661,0.028183565120905,0.05,0.563671302418101,-0.353733874298998,0.00162406681158548
0.338,14.6996333162635,20.0291622321271,-213.941216647742,1.01178205662966,-3388.90736677621,62.2562427569552,139629.510470933,-11377.7801523922,4996357.25235935,2195721.96355512,-836727572.528237,70589735.987471,-13784235781.9843,-194451983992.383,0.0291622321270957,0.05,0.583244642541914,-0.340385436721613,0.000408362241051117
0.339,14.4840211187071,20.0302033378149,-217.259511511592,1.06871668376912,-3246.91970661757,51.9799863763876,144205.206564398,-9179.17198484216,4152737.56194013,2169085.7075464,-850511808.309983,-123862248.003982,168952714754.938,-195152733092.159,0.0302033378148607,0.05,0.604066756297215,-0.327052798240631,-0.000224622664516792
0.34,14.265162347721,20.031296603705,-220.433670522053,1.11646181123053,-3100.77284354374,43.8565821734683,147960.847007975,-7104.54285681317,3386702.11100761,1947647.09299634,-681559093.554588,-319014981.09504,183207165066.192,-195279953206.389,0.0312966037050266,0.05,0.625932074100533,-0.313652145266326,-0.000320552592166889
0.341,14.0432030866057,20.032433887939,-223.459925363311,1.15707581019375,-2951.2246050306,37.6645570349261,151037.304099716,-5348.94991323216,2796746.59998612,1530992.13529811,-498351928.487795,-514294934.300223,187543841135.226,-194763388431.27,0.0324338879390105,0.05,0.64867775878021,-0.300066815477802,4.40180847202265e-05
0.342,13.8182928344625,20.033608963771,-226.335184393657,1.19229800563792,-2798.86417195892,32.9872722257559,153616.132042314,-4107.56580982278,2392166.59206593,919315.506782247,-310808087.351923,-709058322.730256,189070995950.872,-192856268618.795,0.0336089637709627,0.05,0.672179275419253,-0.28616634695691,0.000767321132161553
0.343,13.5905839180177,20.0348171029464,-229.056853179908,1.22335356297217,-2644.09588001032,29.2131521043014,155884.406423363,-3574.92217584219,2175894.00268945,113829.049742593,-121737091.400472,-901914591.347857,189074083649.337,-182863626303.632,0.0348171029464055,0.05,0.69634205892811,-0.271825060690794,0.00172853411335113
0.344,13.3602310875425,20.0360544642379,-231.622647704469,1.25075912185421,-2487.13593801409,25.5372060369492,158030.944227627,-3942.52769282418,2148693.95311364,-879517.35475708,67336992.2492727,-1084778217.6504,187493876777.807,182264268838.111,0.0360544642378713,0.05,0.721089284757426,-0.256938154946345,0.00279382130135921
0.345,13.1273913007101,20.0373172894414,-234.030405686553,1.27413479759206,-2328.01161173308,20.9817176416003,160244.555656328,-5334.05677826679,2309777.88375182,-1873163.43798842,254830869.027225,-902513948.811351,182667733683.754,194673804822.313,0.0373172894414218,0.05,0.746345788828435,-0.241433739684548,0.00382169220590687
0.346,12.8922236952617,20.0386009407892,-236.277897917294,1.29210131046975,-2166.56208416789,14.5687715613285,162712.193596874,-7626.03155652383,2655942.61962092,-2678340.48438862,437498602.710798,-707840143.988271,162807018876.038,196985197000.25,0.0386009407891841,0.05,0.772018815783682,-0.225279682595455,0.00466749669330432
0.347,12.6548897495374,20.0398989382574,-238.362641661727,1.30238282437493,-2002.44221920173,5.49380412174944,165614.020020996,-10625.4612467398,3174844.73176974,-3287688.02987676,600305621.586302,-510854946.987416,-134886228944.74,197901803283.124,0.03989893825743,0.05,0.797978765148599,-0.208484674810205,0.00518817248871108
0.348,12.4155536262031,20.0412021561042,-240.281723841447,1.30199631342729,-1835.14634613755,-6.85239772268044,169066.536525402,-14135.5931162297,3707707.23888367,-3699592.07522262,465419392.640685,-312953143.703814,-181305920551.925,198359107095.524,0.0412021561042479,0.05,0.824043122084959,-0.191093530359358,0.00524832802724828
0.349,12.1743826650591,20.0424982138044,-242.031701086524,1.28744813374678,-1664.15594050736,-22.8816807710453,172976.73580718,-17958.6019121216,4082473.67124839,-3913365.66537867,284113472.087588,-114594036.607879,-188833352144.711,198605077350.889,0.0424982138043717,0.05,0.849964276087434,-0.173177581604519,0.00472739417979067
0.35,11.9315478876667,20.0437710642613,-243.608677982399,1.254931804702,-1489.0984836756,-42.8077893104095,177169.793989115,-21896.163749579,4272170.46726363,-3928657.1633111,95280119.9414883,84011040.7434314,-191618902787.476,198728912998.483,0.0437710642612608,0.05,0.875421285225215,-0.154822502026765,0.00352716383695571
0.351,11.6872243672764,20.0450007800926,-245.008477167489,1.20052631386081,-1309.78470855383,-66.6459994301232,181457.668032552,-25749.6939070185,4271641.13581137,-3745281.66606843,-96338782.84749,282739953.74243,-192817538385.382,198763872652.801,0.0450007800925931,0.05,0.900015601851862,-0.136116196715795,0.00157898883933911
0.352,11.4415914176137,20.0461635383698,-246.226826722766,1.12039469106787,-1126.21531048127,-94.2129290164733,185649.003520542,-29320.4782841069,4078893.58377119,-3363159.7759996,-289156321.234372,481503826.39592,-193181070516.975,198713134041.057,0.0461635383697647,0.05,0.923270767395294,-0.117138389120657,-0.0011500578442474
0.353,11.1948325920122,20.0472318040067,-247.259551373912,1.01098271488797,-938.58310210028,-125.126456836851,189551.12209861,-32409.767291235,3693146.72727833,-2782299.38258315,-482337391.752733,680216960.437907,-192866179693.369,198548266890.691,0.0472318040066568,0.05,0.944636080133137,-0.0979529785591768,-0.00465263929309138
0.354,10.9471354905346,20.0481747118802,-248.102765095118,0.869217654790726,-747.273832294076,-158.80573148142,192970.95576673,-34818.866815784,3114376.24567891,-2002808.2886999,-675203571.447272,878765227.329805,-191655078363.483,198171878850.531,0.0481747118801898,0.05,0.963494237603797,-0.0786039002474745,-0.00887865204295381
0.355,10.6986913742221,20.0489586476725,-248.753064117429,0.692706955177758,-552.866207961258,-194.471284408607,195715.787713625,-36349.263844344,2343345.1350499,-1024957.12194483,-866858649.811636,1076937106.18182,-188519884927.929,197220170499.245,0.0489586476725457,0.05,0.979172953450913,-0.0591148551782988,-0.0137349817856951
0.356,10.4496945864523,20.0495480273166,-249.207719564121,0.479936728549352,-356.131079116848,-231.145319789015,197594.283542947,-36802.8823847814,1382226.5427743,150590.069486621,-1055378534.74012,1274157276.6828,-177675956543.722,192886175746.612,0.0495480273165505,0.05,0.99096054633101,-0.0394928879745482,-0.0190875140788172
0.357,10.2003417822804,20.0499062747317,-249.464868585114,0.230469763193499,-158.028981889722,-267.652510668856,198419.208158928,-35983.0659809958,238010.02976232,1521190.43404273,-1233054491.28405,1467043452.43131,95634500470.1472,-189734416605.682,0.049906274731736,0.05,0.998125494634721,-0.0197354081263747,-0.0247651793566806
0.358,9.95083096884674,20.0499969964064,-249.523698874902,-0.0548612030263742,40.3077069731573,-302.638379791379,198056.63002646,-33759.9762235051,-947227.21128666,2893366.67817119,-1137419990.81379,1277309035.82756,183063484719.818,-196886582857.999,0.0499969964063922,0.05,0.999939928127844,0.000160101471042082,-0.0305656274896442
0.359,9.70136038457158,20.0497853202808,-249.384566591089,-0.373845762652344,237.708781040785,-334.746991444074,196571.203400553,-30260.7694578967,-1993115.45974055,4072232.42256975,-954356506.093552,1080422452.97138,190598428752.332,-198037908669.429,0.049785320280801,0.05,0.995706405616019,0.0201849373209137,-0.036262277628319
0.36,9.45212734350348,20.0492392359681,-249.048942570792,-0.723001066127218,433.132308895046,-362.799825861384,194132.676092557,-25681.332126953,-2852172.75145793,5053635.92120642,-763758077.340525,882384544.303487,193150348064.086,-198422440709.693,0.0492392359680878,0.05,0.984784719361755,0.0403089217984422,-0.0416136261822707
0.361,9.20332719759619,20.0483307724152,-248.519249499643,-1.09776417288928,625.719653530191,-385.815543538752,190930.816027106,-20219.57434038,-3519355.65476641,5836809.24515506,-570607729.275542,683962103.594855,194236752550.426,-198493425207.624,0.0483307724152198,0.05,0.966615448304395,0.0604735143138581,-0.0463754717761281
0.362,8.95515247860084,20.0470369791683,-247.798673154057,-1.49268985774256,814.803783639734,-403.010990132085,187158.529299794,-14073.8662809622,-3992845.00776674,6421524.6361461,-376370976.724107,485468678.387645,194612798078.606,-198243337304.949,0.0470369791683289,0.05,0.940739583366579,0.0805895147699686,-0.0503151603020484
0.363,8.70779223119211,20.0453407095073,-246.890969640286,-1.90164895107092,999.911270806094,-413.801442787743,183009.934270011,-7442.6478618399,-4271909.58545154,6807871.64588127,-181758178.64448,287225341.082309,194461542399.079,-196901675896.693,0.045340709507343,0.05,0.906814190146861,0.100539638324968,-0.0532264561591146
0.364,8.4614315396021,20.0432312051774,-245.80027134002,-2.31802674563697,1180.76305981783,-417.800488173096,178679.555852304,-523.980491400315,-4356436.99289648,6996646.14901524,12703363.7555328,90323665.1843206,193682889243.727,-177528242095.394,0.0432312051773991,0.05,0.864624103547982,0.120185672275423,-0.0549435878954436
0.365,8.21625124857458,20.0407044828931,-244.530892431777,-2.73492083227859,1357.27458452131,-414.81848865603,174361.751022826,6488.23944985785,-4246892.18451909,6998205.69315186,206386253.000021,-87204576.9100512,191712716473.835,151489570414.568,0.0407044828930836,0.05,0.814089657861672,0.139379469557243,-0.0553531105570992
0.366,7.97242787875918,20.0377635252678,-243.087134590076,-3.14533120470492,1529.55527519049,-404.839368390466,170250.004084219,13468.0911162905,-3944649.57328215,6986745.90144909,398098969.47438,64284993.5045616,185943417613.828,-107751461573.098,0.0377635252677564,0.05,0.755270505355128,0.157976662722764,-0.0544024321808274
0.367,7.73013373602268,20.0344183105636,-241.473093617453,-3.54227028927574,1697.90705195865,-387.871679802238,166535.394565276,20469.0209375631,-3453578.89500085,6997155.1641671,584042387.088456,-43466468.0688664,132829659039.204,83827843282.3065,0.0344183105636162,0.05,0.688366211272324,0.175851725306998,-0.0521038808451391
0.368,7.48953721298265,20.0306858072427,-239.692469022681,-3.91874237862213,1862.81853204333,-363.907832867246,163395.975140326,27458.4141749097,-2803121.67839279,6995602.61773939,716872046.127625,40361375.2139056,-179525258249.591,-73453475420.5337,0.0306858072427119,0.05,0.613716144854237,0.192912882153694,-0.0485327473466809
0.369,7.25080327481633,20.0265899790702,-237.748391316388,-4.26775400102501,2024.92494479967,-332.94795104915,160921.368608622,34461.9552343528,-2176012.26138996,6999237.25524303,537346787.877734,-33092100.2071161,-190222468476.708,-198022110378.326,0.0265899790702271,0.05,0.531799581404542,0.209115342641392,-0.043819125674679
0.37,7.01409407974692,20.0221617858394,-235.643347551732,-4.58230746394218,2184.83993913935,-295.000143458509,158982.325996425,41411.6427544295,-1733776.70775058,6867134.09984675,347124319.400509,-231114210.586582,-193126967628.744,-199273313266.056,0.0221617858394119,0.05,0.443235716788237,0.224471106769966,-0.0381345666351415
0.371,6.77956957960283,20.0174391641745,-233.379292558257,-4.8554685540508,2343.00518387813,-250.20175574396,157389.923620437,48130.0075301055,-1483215.87216444,6536383.23262714,153997351.771097,-430387523.854198,-194243649508.702,-199489896786.745,0.0174391641745046,0.05,0.348783283490093,0.239052928795436,-0.0316750605853559
0.372,6.54738796050327,20.0124668848986,-230.957834817355,-5.08053550406278,2499.67107230239,-198.883599930491,155951.332482573,54417.9486846746,-1426340.3451477,6006250.76037957,-40246297.7383466,-629877420.64269,-194556599844.717,-199556951838.764,0.0124668848986147,0.05,0.249337697972294,0.25299076619496,-0.0246430568238212
0.373,6.31770589307433,20.0072962219894,-228.380429100436,-5.25123699573551,2654.89442037114,-141.575820308629,154472.442888582,60076.0012427599,-1563864.9428084,5276594.86381749,-234802897.583797,-829434372.483171,-194258398945.799,-199560173080.829,0.00729622198944924,0.05,0.145924439788985,0.266460855762279,-0.017230912039292
0.374,6.09067858920366,20.0019844224219,-225.648570505051,-5.36193160572493,2808.53770287214,-79.0080757031259,152758.800097158,64904.6188914892,-1895797.0398651,4347380.40479391,-429061296.530248,-1028994545.5655,-193151996763.863,-199506268301.514,0.00198442242187014,0.05,0.0396884484374027,0.279668542427793,-0.00960746406715182
0.375,5.8664596645147,19.996593976506,-222.763988855457,-5.40780734592066,2960.26904623347,-12.1095784612025,150616.280409567,68704.2509787835,-2421434.33477728,3218632.72507765,-622213293.294621,-1228500813.86815,-190246416394.351,-199349402342.275,0.00340602349397656,0.05,0.0681204698795312,0.292826601173347,-0.00190900176353154
0.376,5.64520080655328,19.9911916886771,-219.728842752348,-5.38508120889972,3109.56298032615,57.9909325195243,147852.031692077,71275.4083965367,-3138770.83626908,1890457.21003836,-812459709.689301,-1427850216.21112,-179639559586.217,-198815412021.976,0.00880831132287341,0.05,0.176166226457468,0.306131216986776,0.00576454507331142
0.377,5.42705124949422,19.9858475487658,-216.545912234133,-5.29119864655186,3255.7027316669,129.965310509679,144277.091074365,72418.8045964658,-4041050.32575149,363199.287816247,-992099269.275653,-1626665628.23331,121650427021.717,105232801320.754,0.0141524512341711,0.05,0.283049024683422,0.319737996508733,0.0133478905785472
0.378,5.2121570583321,19.9806334043017,-213.218784789032,-5.12503030134297,3397.79901646804,202.29898851218,139760.266185146,71986.2098703854,-4972324.38151628,-1210849.93975669,-870448842.253891,-1521432826.91232,183966220510.317,198948887653.064,0.0193665956983438,0.05,0.387331913966875,0.333740373349173,0.0208033937513272
0.379,5.00066025225055,19.9756214583443,-209.751969095851,-4.88700175136676,3534.93571091463,273.43449081193,134383.378419255,70047.8016651147,-5750790.11351501,-2632808.32284247,-686482621.743391,-1322483939.25863,189679873707.456,199475104491.798,0.0243785416557145,0.05,0.48757083311429,0.348152767811101,0.0281097617052574
0.38,4.79269790316635,19.9708827280304,-206.150827183522,-4.57903560233681,3666.33718383495,341.953785788469,128320.960307152,66786.9972233914,-6342432.79840467,-3855554.7098552,-496802748.035685,-1123008834.76595,190600029149.595,199639177584.06,0.0291172719696249,0.05,0.582345439392498,0.362901403411579,0.0352489237415208
0.381,4.58840136325809,19.9664856307603,-202.421405703447,-4.20437603878736,3791.4120689528,406.634155816866,121761.892806255,62403.2112924171,-6743935.53186556,-4878743.95582912,-306202718.885863,-923369657.180876,187897122601.288,199708426251.848,0.0335143692396613,0.05,0.670287384793227,0.377825072551792,0.0421939981524314
0.382,4.38789567394985,19.9624947616387,-198.570247869983,-3.76739021084149,3909.75878925343,466.452421372889,114896.172102046,57096.067245706,-6956189.68945078,-5702259.39988407,-118305596.284483,-723661230.928022,163682680985.993,199732372495.059,0.0375052383612555,0.05,0.75010476722511,0.392686162586353,0.0489001268141634
0.383,4.19129916423669,19.958969870305,-194.604203925004,-3.2733686205546,4021.16396902307,520.585070895615,107908.110061284,51065.265959107,-6992653.94524226,-6326054.44456457,45377084.7015368,-523928858.432096,-61911098168.049,199716306148.189,0.0410301296950095,0.05,0.82060259390019,0.407190818267894,0.0552991124385818
0.384,3.99872323591275,19.9559650374257,-190.530249968488,-2.72832542518237,4125.58073533007,568.408309668705,100927.826142031,44510.533136351,-6978232.40962475,-6750125.14992257,-16534013.4663805,-324212552.283287,19026332629.2445,199615901687.506,0.0440349625743011,0.05,0.880699251486021,0.421016141318922,0.0612983352993801
0.385,3.8102723067452,19.9535280509002,-186.355368889186,-2.13879871522487,4223.0174823622,609.498062133868,93944.4977811114,37631.5710272347,-6985253.25677651,-6974529.7513621,2492319.16240176,-124596650.595482,-3706507952.67617,198704706843.227,0.0464719490997538,0.05,0.929438981995077,0.433841410872159,0.0667840018659896
0.386,3.62604381297686,19.9516999817793,-182.086543293849,-1.51165082488933,4313.46961446358,643.62988153971,86959.8729325906,30627.8604017154,-6984614.19159044,-6999774.04853597,-1214188.78994091,74108056.2477979,1577532569.14831,-109101323086.937,0.0483000182207007,0.05,0.966000364414015,0.445379278344283,0.0716283552376446
0.387,3.44612820676884,19.9505149593498,-177.730757882729,-0.853871463532603,4396.93704366606,670.765660371378,79974.9145687,23646.9568274555,-6985039.61409581,-6980216.65383164,363343.779091586,-34993266.8395146,-334798368.577291,31002529429.8061,0.0494850406501897,0.05,0.989700813003793,0.455403277576661,0.0757000911468197
0.388,3.27060895551958,19.9500001207875,-173.294997542698,-0.172446893923492,4473.41948503504,690.917968432865,72990.0008267656,16654.4106284424,-6984843.66950101,-6999708.65595625,28545.4105381324,-3990737.40900068,168484149.365759,10156440556.6974,0.0499998792125353,0.05,0.999997584250707,0.463769087300378,0.078876685846069
0.389,3.09956254168482,19.9501756169306,-168.786247195267,0.525631580040563,4542.91707580476,704.072282795544,66005.1995106614,9654.39934387442,-6984730.88201578,-6998621.1730869,197029.559893251,6165703.14667699,-177834454.165036,-14606544637.4257,0.049824383069403,0.05,0.996487661388059,0.470427542365825,0.0810562607134814
0.39,2.93305846286494,19.9510546021319,-164.211491634792,1.23336476080431,4605.42993530288,710.2277905642,59020.5375043498,2656.42659825455,-6984622.76968297,-6999758.74225894,19195.1057310512,-8440841.48951212,-219511679.163394,17769001420.7153,0.0489453978681347,0.05,0.978907957362694,0.4754282288215,0.0821671357737062
0.391,2.77115923192792,19.9526432318148,-159.577715535561,1.94375393456459,4660.95815547524,709.383671359697,52035.8877469398,-4344.5910645125,-6984713.33041682,-6999315.08303809,-200316.573433595,9328159.92978923,-309638791.971188,-19621441627.5753,0.0473567681851641,0.05,0.947135363703282,0.47891342847246,0.0821744017879407
0.392,2.61392037708619,19.9549406618903,-154.891903566027,2.64979898302558,4709.50164026926,701.540159887206,45051.022651771,-11342.5123078572,-6985068.46638624,-6999797.64392209,-509955.365404695,-10293281.6962869,-290120440.074031,21070821741.2482,0.0450593381096773,0.05,0.901186762193547,0.481103121674715,0.0810828510496732
0.393,2.46139044179487,19.9579390488112,-150.161040616174,3.34450100051308,4751.06003160693,686.696911161678,38065.6508542953,-18343.9447890043,-6985723.48197168,-6999555.51474775,-800075.805479344,10777540.0433239,-208982935.089427,-22098082559.9037,0.0420609511887804,0.05,0.841219023775608,0.48227261758443,0.0789360159913746
0.394,2.31361098439083,19.9616235493456,-145.392112081464,4.02085961160474,4785.63267866667,664.854064118896,31079.4925039317,-25341.7945474908,-6986628.0492447,-6999827.01598438,-1009058.74056968,-11320542.51495,-96196584.3326027,22948812293.9694,0.0383764506544466,0.05,0.767529013088932,0.48272507915334,0.0758114485763799
0.395,2.17061657744603,19.9659723206263,-140.592104137399,4.6718758601669,4813.21868496136,636.01142550721,24092.3438925526,-32343.4570326844,-6987685.20627744,-6999673.15235234,-1105255.32490412,11628269.7772411,17531090.4460982,-23608339294.1806,0.0340276793737324,0.05,0.680553587474648,0.482761678980716,0.0718127521597749
0.396,2.03243480687899,19.9709565200255,-135.768003940597,5.29054923274833,4833.81700277204,600.169086262864,17104.1089804611,-39341.2507733646,-6988781.69605712,-6999849.05222219,-1087724.23446061,-11980069.5152442,77189234.0333677,24177365581.2541,0.0290434799745221,0.05,0.580869599490441,0.482652319111202,0.0670591769440845
0.397,1.89908627091637,19.976540305191,-130.926799724962,5.86988075443722,4847.42654283335,557.326921675688,10114.7962871591,-46343.0602994151,-6989830.82567456,-6999740.4389468,-1010535.00043133,12197296.0641378,142362158.020397,-24644706724.9071,0.0234596948090058,0.0503690384880882,0.465756256485892,0.482609756846663,0.0616738249732248
0.398,1.770584579011,19.9826808339658,-126.075480796708,6.40286982542314,4854.04626121696,507.484997176962,3124.48392101057,-53340.8095414517,-6990770.17959598,-6999865.49624512,-868172.842415281,-12447410.6590405,111078398.696383,25061575717.1088,0.0173191660341558,0.0518227480406998,0.334200070219239,0.482769611970776,0.055771626522465
0.399,1.64693635080301,19.9893282644163,-121.221037457141,6.88251746380805,4853.67521998099,450.643224551463,-3866.70183194024,-60342.7218137414,-6991582.81323905,-6999782.1190456,-757094.44372524,12614165.0561357,177974354.782426,-25419260180.5397,0.010671735583653,0.0541243880759254,0.197170554033474,0.483178127572804,0.0494482626722766
0.4,1.5281412151835,19.9964257547757,-116.37046088194,7.3018230108916,4846.31260797564,386.801654903319,-10858.6335300088,-67340.4333936235,-6992250.92050538,-6999877.58407974,-579120.088947993,-12805095.1226551,59446199.7691036,25747957352.8814,0.00357424522425021,0.0570361555455147,0.0626663068375632,0.483788778780159,0.0427710977709742
0.401,1.41419180948472,20.0039094634674,-111.530742989516,7.65378748388925,4831.95775494229,315.960221366732,-17851.1641028587,-74342.4221990404,-6992800.31749445,-6999808.70052595,-519673.889187162,12942862.2282604,205719842.115056,-26040583640.8609,0.00390946346740861,0.0603560148422812,0.0647733863414374,0.484467949028658,0.0357729804794256
0.402,1.3050737788079,20.0117085490627,-106.708876303283,7.93141018169398,4810.61011264004,238.118966936781,-24844.1899706575,-81340.0995657269,-6993217.13146257,-6999886.13011812,-313954.047076787,-13097721.4108351,-38878767.1853916,26317390090.914,0.0117085490626714,0.063914648542227,0.183190384829165,0.485009008587883,0.02844947900655
0.403,1.20076577547585,20.0197451703015,-101.911853835221,8.127692124778,4782.26926015802,153.277837910251,-31837.5705589382,-88342.1483248698,-6993550.52489324,-6999825.15648349,-352832.814272018,13219668.6781014,279756408.784952,-26572247584.3103,0.0197451703014551,0.0675724364865732,0.292207463991305,0.485153320810406,0.0207597780000966
0.404,1.10123945860842,20.0279344860591,-97.1466689644656,8.23563258043453,4746.93486718767,61.4368731081275,-38831.2508741706,-95339.7923549462,-6993763.47950312,-6999891.61159755,-73076.4054897623,-13352578.904428,-195133836.700821,26820755655.5037,0.0279344860590705,0.0712164908839302,0.392247437529582,0.484616046201187,0.0126311028232859
0.405,1.00645949379468,20.0361846553659,-92.4203153546315,8.24823257596815,4704.60671426376,-37.4039729511175,-45825.0834141826,-102341.890130054,-6993934.12282696,-6999833.81267422,-268210.242201786,13468176.7491023,450905972.87699,-27057146885.471,0.0361846553658935,0.0747577723517341,0.484025329107525,0.483114174062697,0.00396619800397592
0.406,0.916383552867704,20.04439683738,-87.7397868451787,8.15849135474249,4655.28463787419,-143.244662672678,-52819.0764911353,-109339.499378836,-6993976.88008272,-6999894.20936785,182695.730675692,-13588970.1345747,-470137993.489577,27295675759.488,0.0443968373800097,0.0781283089928501,0.568255449942896,0.480394027190534,-0.00534690688682433
0.407,0.830962313747175,20.0524651914073,-83.1120774046678,7.95940995466923,4598.9685838032,-256.08523666489,-59813.040379685,-116341.638793979,-6994029.25334879,-6999835.34162268,-287442.262826381,13706705.6229519,816009778.27191,-27530291701.2357,0.0524651914073218,0.0812785377495893,0.645498711713559,0.476255570355471,-0.0154238213722272
0.408,0.75013946037516,20.0602768768781,-78.5441810177722,7.64398760114963,4535.65851489019,-375.92565577436,-66807.0773525355,-123339.209164741,-6993908.69072248,-6999893.78185035,528567.515449849,-13823586.0764813,-1013996849.55397,27777117407.3902,0.0602768768781026,0.0841747844138835,0.716091847431696,0.470571198138932,-0.0263725030396167
0.409,0.673851682692037,20.067712053369,-74.0430916794319,7.20522534740013,4465.35452903699,-502.765958381236,-73800.8907589752,-130341.385220063,-6993887.12163181,-6999828.80922313,-485429.3341182,13953531.3289591,1612545438.88812,-28028894523.4941,0.0677120533690392,0.0867968958336989,0.780120679647048,0.463297242966926,-0.0382828513169807
0.41,0.602028676714856,20.0746438805823,-69.6158032504152,6.63612240618005,4388.05668100169,-636.606100288004,-80794.751837701,-137338.908746043,-6993566.27824648,-6999889.72515592,1127116.10477847,-14075363.19273,-2211181451.0034,28007949165.212,0.0746438805822649,0.0891360350549074,0.837415311734301,0.454477175420108,-0.0512181883061329
0.411,0.534593144620657,20.0809385183711,-65.2693095111742,5.92967985024605,4303.76524174498,-777.446132792612,-87788.123088137,-144341.168161269,-6993544.7528672,-6999961.11376604,-1084065.34624118,13932585.9705384,3492518512.65226,199901932505.003,0.0809385183711058,0.0911926474155165,0.887555309172152,0.444236288306947,-0.0652094307519868
0.412,0.471460794974588,20.0864551270137,-61.0106039378293,5.07889871965486,4212.48031112444,-925.276630165889,-94781.6277872585,-151300.845993299,-6992882.55895712,-6886077.561543,2408453.1664221,213834518.476977,-5173184192.85788,199962139582.051,0.0864551270137,0.0929746029647828,0.929878958950195,0.432768489313778,-0.0802524846532053
0.413,0.412540342897097,20.0910458857418,-56.8466798637813,4.07683456312073,4114.20242791722,-1079.9765440977,-101774.168316998,-158046.679272341,-6993060.69788712,-6572261.973275,-2764731.02643595,413796658.062997,8532417272.21414,199972428266.7,0.0910458857417815,0.0944955180671806,0.963494222837673,0.420316583514512,-0.0963088994920623
0.414,0.357733510497132,20.0945561207928,-52.7845300742313,2.91675821046025,4008.93162398015,-1241.23205606246,-108767.189310853,-164378.714178541,-6991559.22027745,-6058479.10107866,5767686.24574428,613769086.335345,-13758564846.7154,199975193714.909,0.0945561207928307,0.0957732566446654,0.987291485175758,0.407148048225681,-0.113308789905205
0.415,0.306935027083954,20.0968246194701,-48.8311471791098,1.59235429107355,3896.66904306665,-1408.5293826441,-115758.157782149,-170096.9795375,-6992670.81645507,-5344722.41788586,-7990878.60083146,813744280.056713,26251355916.3529,199974487261.996,0.0968246194701479,0.0968286092929692,0.999958795000254,0.393528708248048,-0.131154969241909
0.416,0.260032630008347,20.0976841439125,-44.9935227742607,0.0979212041811359,3777.41431186967,-1581.15476707366,-122750.448811918,-175001.500734148,-6987536.01709772,-4430990.89419814,18260477.3151991,1013718767.32511,-55563425492.3342,199970310637.221,0.0976841439125344,0.0976841464023631,0.999999974511436,0.379696906712011,-0.149727744422675
0.417,0.216907064909952,20.0969621449425,-41.2786479783073,-1.57142890693222,3651.17082331935,-1758.19447803093,-129738.115161274,-178892.303859578,-6997057.25252869,-3317286.97155442,-37302948.1766829,1213689077.96783,190072426623.757,199959420813.487,0.0969621449425198,0.0983632395692115,0.985755912139251,0.365840665963451,-0.168889894996685
0.418,0.177432087733592,20.0944816756095,-37.6935123591289,-3.41957018125545,3517.93588205821,-1938.53481222105,-136722.14515012,-181569.419722014,-6939323.98739349,-2003618.18317984,152769478.447527,1413648498.78513,196508886358.048,199923418640.883,0.0944816756094689,0.0988892438196948,0.955429245487383,0.352080045776334,-0.188491349748841
0.419,0.14147446869921,20.0900625050515,-34.2450861006739,-5.44916307157528,3377.77772436439,-2120.86210280949,-143552.33291723,-182832.893086028,-6688300.06576694,-490007.975074264,349278364.805958,1613571917.42744,197496965020.126,-74525934975.8151,0.0900625050514847,0.0992848317398533,0.907112430703081,0.338456352362055,-0.208373109745298
0.42,0.108894070578085,20.0835224317309,-30.940183060372,-7.6614566777489,3230.94768351527,-2303.67417647797,-150033.077639757,-182528.536091552,-6240273.21845092,1086300.97486527,546775329.826394,1539045982.45012,197746337420.041,-199925328156.402,0.0835224317309446,0.0995714687650564,0.838818918379318,0.324929867117984,-0.228370049454083
0.421,0.0795441006666561,20.0746787743779,-27.7852675310212,-10.0561516111935,3077.89383791865,-2485.41138464099,-155967.005470392,-180706.033013488,-5594624.7199145,2525384.2932372,744521667.246673,1339120654.28891,197670287080.463,-199961372921.766,0.0746787743778796,0.0997690188083507,0.748516676517911,0.311387175134819,-0.248312551782762
0.422,0.0532715589236096,20.0633499155335,-24.7862569643026,-12.6314409845806,2919.26184329479,-2664.63987045673,-161156.424308836,-177544.415288593,-4751267.9091276,3764524.26106523,942191954.327306,1139159281.35891,197275462041.631,-199972400272.026,0.0633499155335144,0.0998954700025245,0.634162044904674,0.297657479128838,-0.268028050046072
0.423,0.0299178836334012,20.0493567299736,-21.948324309187,-15.3841798434247,2755.8950368347,-2840.12049591869,-165403.716997126,-173243.640120227,-3710438.22377947,4803697.34228813,1139467416.36905,939186881.075359,196272594226.174,-199976810546.103,0.0493567299736171,0.0999667692451104,0.493731370397681,0.283536212921226,-0.28734395823886
0.424,0.00931979472343653,20.0325238236704,-19.275700423808,-18.310084076869,2588.8341899865,-3010.81408858884,-168511.709413684,-168003.678805824,-2472834.51029734,5642895.81809044,1335740010.59529,739210070.514877,193066935004.17,-199977896095.325,0.0325238236704415,0.0999967529222877,0.325248797785637,0.268813567554401,-0.306092409604576
0.425,-0.00868966552533537,20.0126805729645,-16.7714769628893,-21.4039303883055,2419.3167311084,-3175.88145022034,-170284.496096183,-162024.507601825,-1040561.03219996,6282116.94055765,1528806945.59949,539232174.403076,65322747825.2217,-199975763956.851,0.0153722873265553,0.1,0.153722873265553,0.253305091297888,-0.324116420412795
0.426,-0.0242798953975444,19.9896619637626,-14.437411662023,-24.6597562713283,2248.76947743488,-3334.68335964707,-170549.766530945,-155506.103868057,520907.287312134,6721361.2329823,1594129693.42471,339256410.428729,-192825314341.951,-199966521380.527,0.0242798953975444,0.0999960059987227,0.242808651756097,0.236881351061974,-0.341276863358815
0.427,-0.0376213125604659,19.9633092307589,-12.2737654347807,-28.0710599867911,2078.73781844174,-3486.78057210264,-169263.931949311,-148648.442183422,2018624.32356587,6960634.38272077,1401304379.08276,139289889.031075,-196302873838.539,-199897873702.478,0.0376213125604659,0.0999501344491428,0.376400819946957,0.219493661774508,-0.357459562170624
0.428,-0.0488838242267091,19.9334702966806,-10.2792663931027,-31.6310005363911,1910.70857009765,-3631.93381119185,-166577.372581844,-141651.479168467,3321777.26572936,6999975.3349006,1205001505.2442,-60607984.6864875,-197368311987.347,119898429053.697,0.0488838242267091,0.0998376983699532,0.489632924484776,0.201192694890466,-0.372581815776516
0.429,-0.0582353510548497,19.9000000120112,-8.4512443160933,-35.3325949508722,1745.98469605322,-3770.09040825623,-162685.989282157,-134661.824754399,4428094.61497989,6999316.56474092,1007633193.25684,59290444.3825858,-197802732358.291,-117300992422.442,0.0582353510548497,0.09963750008558,0.584472221852521,0.182136665376822,-0.386597720054927
0.43,-0.0658405247279029,19.8627602201859,-6.78582426255372,-39.1688482258983,1585.67245116358,-3901.2475805292,-157787.045192608,-127652.413132868,5336826.44205758,6999956.51291232,809830460.89854,-58010548.0547274,-197927636653.695,115563573709.274,0.0658405247279029,0.0993260075804458,0.662872960786001,0.162587265675433,-0.399501539935143
0.431,-0.0718595817638833,19.8216197641072,-5.27812376937612,-43.1327568077304,1430.68054395062,-4025.40486868158,-152078.291459544,-120662.201298363,6047693.08462927,6999727.75171219,611902824.244842,57553025.6696233,-197770399196.738,-114642285013.558,0.0718595817638833,0.0988777180721361,0.726752024267573,0.142893675882491,-0.411327702883194
0.432,-0.0764474548310724,19.7764544864717,-3.92245057444596,-47.2173247131563,1281.71984240412,-4142.56239069511,-145757.608695991,-113652.804081315,6560710.70927574,6999959.63487507,414132425.048111,-57089259.3583817,-197052355789.229,113899351325.681,0.0764474548310724,0.098265666998969,0.77796708825957,0.12346634206696,-0.422146944665546
0.433,-0.0797530618783325,19.7271472297743,-2.7125004711929,-51.4155482755868,1139.30340061877,-4252.71998402925,-139022.67383349,-106662.405850896,6876316.95642924,6999820.05117949,217080069.25891,56810091.9819073,-193026989636.433,-113336537828.439,0.0797530618783325,0.0974620951678364,0.818298249601471,0.104743198186045,-0.432058975183258
0.434,-0.0819187930403406,19.673587836412,-1.64155491822304,-55.7204314033249,1003.74702248378,-4355.87773386158,-132069.98800737,-99653.0701766946,6996883.53086993,6999961.87424721,24053079.6225684,-56526445.8604545,-52601618751.0883,112848144814.163,0.0819187930403406,0.0964392856236163,0.849433843382599,0.087151712101026,-0.441182416607117
0.435,-0.0830801944473915,19.6156731486452,-0.70267617862596,-60.1249704269031,875.177293354311,-4452.03554216935,-125069.844873148,-92662.5635012394,6994635.80111695,6999859.5007938,-28548539.1288388,56321698.9677511,47995559969.3951,-112435485379.453,0.0830801944473915,0.0951705803708547,0.872960889002146,0.0710705082988036,-0.449643028475186
0.436,-0.083365835681172,19.5533070086583,0.111131175362769,-64.6221691978696,753.602008106839,-4541.19347378219,-118081.4840816,-85653.2823985226,6990085.04197281,6999963.45707186,19447020.840915,-56113786.4250363,-30318415257.4588,112061438897.45,0.083365835681172,0.0936315854318225,0.890360184511396,0.0567944352641149,-0.457561384971057
0.437,-0.0828972923752111,19.4864002585274,0.806858013238472,-69.2050240565744,639.017544449037,-4623.35145752327,-111086.728598417,-78662.698928178,6994372.855185,6999880.39009551,-10871394.4167583,55947652.4858346,18848502505.835,-111727017928.057,0.0828972923752111,0.0918015708443384,0.903005162251246,0.0445070994934955,-0.465041211010795
0.438,-0.0817891486763309,19.4148707402627,1.39149762629057,-73.8665388168053,531.426975733391,-4698.50954694011,-104094.650023356,-71653.4658814918,6992925.71202115,6999964.53361735,7977108.08918656,-55779365.4549203,-13084487697.6052,111414736183.179,0.0817891486763309,0.0896650701282947,0.912162880810835,0.0342643706341091,-0.47215950263417
0.439,-0.0801489952499063,19.338643295781,1.87204298797018,-78.5997098316822,430.829572897055,-4766.66768483515,-97099.9165052394,-64662.8219079023,6994360.57626154,6999892.53625398,-5107379.60848416,55635370.7410258,8798810191.40469,-111125396224.592,0.0801489952499063,0.0872136814675507,0.918995665602388,0.0259905612535912,-0.478959371122735
0.44,-0.0780774293931597,19.2576497669391,2.25548818989057,-83.397540886686,337.226352067092,-4827.82591813819,-90106.6431504168,-57653.6325856461,6993652.60174875,6999965.20888274,3691430.58297301,-55490025.4955839,-6372129052.52016,110849192363.635,0.0780774293931597,0.0844480704082421,0.924561437765419,0.0194874310941447,-0.485446272372321
0.441,-0.075668054376596,19.1718289955091,2.54882692985552,-88.2530283486547,250.616884950602,-4881.98419774091,-83112.2068548852,-50662.9375241146,6994157.96780547,6999899.77956894,-2680698.46956941,55359166.8801458,4129811102.45992,-110586778695.588,0.075668054376596,0.0813801712554212,0.929809475813254,0.0144550075726058,-0.491587946464265
0.442,-0.0730074796317026,19.0811268232066,2.75905332709052,-93.1591759801822,171.001482372014,-4929.14256663021,-76118.7009344641,-43653.7892908855,6993542.17488713,6999965.55710132,1449112.6328982,-55227611.8267426,-2951244343.92102,110331899617.16,0.0730074796317026,0.0780355816056019,0.935566547074491,0.0105220340654831,-0.497318026623818
0.443,-0.0701753206076226,18.9854960916675,2.89316108514199,-98.1089801623116,98.3796710752709,-4969.30098058241,-69124.9260773178,-36663.0488897585,6993515.66534806,6999903.89508312,-1502131.71098028,55104287.8018246,1265492070.07741,-110085111185.618,0.0701753206076226,0.0744561415761679,0.942505468616501,0.00728297526279586,-0.50254292097706
0.444,-0.0672441991218402,18.8848966424735,2.95814382707836,-103.095444638114,32.7513052042081,-5002.45948035667,-62131.9505624801,-29653.9403693023,6992646.27967212,6999965.62729216,-236639.64098916,-54980823.3943462,-528245423.285396,109841887498.587,0.0672441991218402,0.070702686335212,0.951084076254547,0.00433789007332268,-0.507151256568625
0.445,-0.0642797436093099,18.7792953171291,2.96099458378486,-108.111565803295,-25.8843836685646,-5028.61802463792,-55139.5106435324,-22663.1581724544,6992145.51731949,6999905.74764708,-764885.064112628,54861064.1149404,-1879646340.57113,-109602734801.274,0.0642797436093099,0.0668579574928958,0.961437441700789,0.00133126339925069,-0.511024935192249
0.446,-0.0613405898050036,18.6686659570859,2.90870575484611,-113.150347383597,-77.5280273528362,-5047.77665320675,-48148.060843135,-15654.0890152135,6990440.80908509,6999965.44436141,-2644531.40494713,-54741670.6961216,3673200032.58185,109363852633.534,0.0613405898050036,0.0630296558415717,0.973202042530366,-0.00201397272782866,-0.514050705270633
0.447,-0.0584783814888313,18.5529894037196,2.8082686909607,-118.204785789998,-122.181155496617,-5059.93532628454,-41158.330099747,-8663.2670974245,6989632.87769643,6999905.69998203,1028668.62792575,54622181.9473779,-15141803996.6301,-109125734684.589,0.0584783814888313,0.0593536148250732,0.98525391690428,-0.00587047438333389,-0.516131117857033
0.448,-0.0557377718746924,18.4322534983527,2.66667322590656,-123.267884732393,-159.845128621203,-5065.09408374063,-34170.706521736,-1654.23792891281,6983090.64432604,6999965.01458713,-14113135.3688561,-54503552.7462267,40540279855.99,108885597450.326,0.0557377718746924,0.0559970710323196,0.995369415706091,-0.0102910080966116,-0.517193808556348
0.449,-0.0531564254297709,18.306453082232,2.49090634225379,-128.332640637917,-190.524952831641,-5063.25288618779,-27187.9157317851,5336.62290887967,6989247.64888518,6999904.26056604,26427144.4871833,54382044.7132968,-103454596676.788,-108643734297.526,0.0531564254297709,0.0531620049482708,0.999895046875954,-0.0152048328931841,-0.517198223524381
0.45,-0.0507650215880136,18.1755899965509,2.28795254517441,-133.392057201438,-214.21815082307,-5054.41177429677,-20202.6969434359,12345.6109027562,6963947.49503397,6999964.43813059,-77027452.1900442,-54261689.5924663,-168858875034.979,108397196620.017,0.0507650215880136,0.0510885222097171,0.993667841469842,-0.020426159980981,-0.516139167046159
0.451,-0.0485872559463231,18.0396730824254,2.06478908716197,-138.439130867188,-230.958747714132,-5038.57070824001,-13305.4063203361,19336.5106955306,6802490.60532643,6999901.34684811,-245886327.225274,54135507.0359592,-174492529590.659,-108146510558.756,0.0485872559463231,0.050058242710271,0.970614494550642,-0.0256736737954637,-0.514046865449576
0.452,-0.0466398826550035,17.8987181809171,1.82829968535511,-143.46686531548,-240.911160308406,-5015.72973039113,-6654.9409668875,26345.4553774736,6469358.01330583,6999963.59860471,-420378856.816011,-54011003.5302378,-168093459013.432,107887558750.131,0.0466398826550035,0.05,0.932797653100071,-0.030599503374528,-0.510983584477288
0.453,-0.0449328818866367,17.7527481330083,1.58512036433575,-148.468257009026,-244.408489305581,-4985.88879973328,-423.787958491971,33336.3947341083,5964932.4269831,6999896.37444952,-588472315.829411,53876555.2274949,-141604230904.138,-107620881360.782,0.0449328818866367,0.05,0.898657637732733,-0.0348255232415698,-0.507037172375492
0.454,-0.043469792960007,17.6017927796247,1.34146843674192,-153.436309614027,-241.953789946197,-4949.04796158938,5223.30760542568,40345.2925726148,5305657.99570162,6999962.48899663,-730076546.73347,-53744326.1399166,-5030897716.92241,107341617617.528,0.043469792960007,0.05,0.86939585920014,-0.0379837553833681,-0.502312194992164
0.455,-0.0422482158888154,17.4458889616094,1.1029801151524,-158.364019613793,-234.199542388148,-4905.20717259242,10163.0888448077,47336.2731681477,4573066.00010969,6999888.97166546,-735107444.450324,53597291.4843842,115252303960.485,-107050357625.946,0.0422482158888154,0.05,0.844964317776307,-0.03975691778975,-0.496919555498651
0.456,-0.0412604571180915,17.2850805197459,0.874594625813887,-163.244390660549,-221.867636271403,-4854.3664824879,14387.809840019,54345.1190592876,3895584.70763961,6999961.08433689,-619855140.489825,-53453066.147369,127994590600.219,106740471309.942,0.0412604571180915,0.05,0.82520914236183,-0.0399149370662004,-0.490965627149643
0.457,-0.0404942410137356,17.1194182947295,0.660545397905861,-168.070419261076,-205.630010159747,-4796.52584421091,17994.7994091803,61336.1436891056,3339726.86244989,6999878.25384447,-491860549.889672,53287405.1684914,98079416886.0822,-106412664728.269,0.0404942410137356,0.05,0.809884820274711,-0.0383431602384643,-0.484541962551837
0.458,-0.0399333762949744,16.9489601271925,0.464449731734461,-172.835109053571,-186.043237435327,-4731.68531402141,21104.9425661664,68344.930201416,2896906.02100326,6999959.32664884,-393781133.003744,-53125259.564751,-46003804788.3888,106056662987.477,0.0399333762949744,0.05,0.798667525899488,-0.0350585477129991,-0.477716572938211
0.459,-0.0395583133324851,16.7737708576709,0.289424992340987,-177.53145657239,-163.557388872727,-4659.8448393386,23797.2907198698,75336.0030087833,2480122.98560532,6999862.39857781,-439784937.79236,52931403.4277625,-135226953549.319,-105673367400.594,0.0395583133324851,0.05,0.791166266649702,-0.0302117998323142,-0.470527606533898
0.46,-0.0393466013336616,16.5939223266324,0.138160151396043,-182.152465441665,-138.598968606109,-4581.00448628652,26034.9834109874,82344.7188811776,1972724.5710383,6999957.11830529,-575011891.341945,-52741963.9769582,-157160455815.515,105244901355.339,0.0393466013336616,0.05,0.786932026673233,-0.0240754743068714,-0.462980010534316
0.461,-0.0392733243158231,16.4094933744366,0.0128821934250775,-186.691132229568,-111.680006577162,-4495.16419396885,27694.0086270522,89335.8458343896,1319132.4517886,6999837.60500599,-732172347.157717,52502937.3825085,-161156634183.21,-104772453491.365,0.0392733243158231,0.05,0.785466486316462,-0.0170201932872853,-0.455045464682112
0.462,-0.0393116178189641,16.2205698413674,-0.0847628035826944,-191.140460546535,-83.4551753084963,-4402.32404436082,28620.1954662315,96344.4728325073,506381.787539275,6999954.31564282,-893328981.341117,-52269516.112121,-149948472464.285,104220406059.23,0.0393116178189641,0.05,0.786232356379282,-0.00948239442900147,-0.446665551410221
0.463,-0.0394333247310215,16.0272445675824,-0.153861955804664,-195.493447004854,-54.7369249650532,-4302.48396343911,28654.9213510229,103335.662457773,-461921.430033985,6999795.0025603,-1043277453.80547,51950889.9503011,-30034351483.298,-103590346761.45,0.0394333247310215,0.05,0.78866649462043,-0.00192743587930364,-0.43775781453438
0.464,-0.0396098073114724,15.8296173931512,-0.194392127178986,-199.743095203228,-26.488095335962,-4195.64406126238,27666.355468839,110344.167847517,-1520216.0595811,6999950.71912988,-1073311805.28865,-51639456.8135284,162235160251.585,102794419403.928,0.0396098073114724,0.05,0.792196146229449,0.00518813184979852,-0.428224080139575
0.465,-0.0398129044883184,15.6277951579867,-0.207343783488806,-203.882401817168,0.246026600590613,-4081.80424153017,25636.5226999888,117335.431241476,-2512410.28474395,6999708.47201831,-911076645.036732,51154962.5926334,183350717854.828,-101834761433.189,0.0398129044883184,0.05,0.796258089766368,0.0114515535420552,-0.417960203159037
0.466,-0.0400159645261067,15.4218917018911,-0.194734664189197,-207.904370442194,24.4821376639935,-3960.96467334022,22699.1325457023,124343.744734553,-3331811.57085327,6999946.05389435,-727725927.181332,-50679798.8420279,189914469198.988,100372744501.203,0.0400159645261067,0.05,0.800319290522134,0.0165234281574241,-0.406866272336434
0.467,-0.0401948195587707,15.2120278644489,-0.159487001473001,-211.801997860738,45.4019898726722,-3833.12522001377,19035.1104227915,131335.079679778,-3964580.26343511,6999452.62730292,-537811457.981528,49692945.6604407,192843738595.069,-98411246993.2771,0.0401948195587707,0.05,0.803896391175414,0.0201603298472058,-0.394856277031656
0.468,-0.0403286024516412,14.9983314850771,-0.105249021544731,-215.568287715055,62.3732100765708,-3698.28623233098,14833.7650534648,138342.976905414,-4405969.8521191,6999939.94946672,-344967719.385421,-48718301.3334038,194356280084.024,65965654040.9681,0.0403286024516412,0.05,0.806572049032825,0.0222293444867424,-0.381866299965236
0.469,-0.0404003787608107,14.7809374027562,-0.0362060112682719,-219.196237282515,74.954593762454,-3556.44865659846,10287.7040550003,145329.551979888,-4653759.43146251,6984204.4751538,-150611439.300173,17247352.708037,195162974874.743,-3039488480.88724,0.0404003787608107,0.05,0.808007575216215,0.0227134733901249,-0.36786046128965
0.47,-0.0403975877485037,14.5599874538832,0.0431121588324701,-222.678856435758,82.8984479858194,-3407.62425446723,5591.16606636671,152321.873549984,-4706789.38332531,6999932.08362139,44551535.5759202,14207864.2269548,195536557157.255,-28477497579.2764,0.0403975877485037,0.05,0.807951754970073,0.0217075513515978,-0.352834079822466
0.471,-0.0403122899780199,14.3356304640395,0.128025210740758,-226.009152743443,86.1517919730126,-3251.80123346014,939.241877022158,159324.163316123,-4564469.56917076,6999901.19905871,240088092.734581,-14269633.3519617,195569231182.529,-199833228731.943,0.0403122899780199,0.05,0.806245799560398,0.0194052186162832,-0.336813818544126
0.472,-0.0401412202448235,14.1080222559704,0.213897512139364,-229.180127504911,84.8569624655328,-3088.98782420092,-3472.58877391764,166283.624160385,-4226596.86084492,6885714.95134078,435657323.918492,-214102862.085032,195230775396.881,-199913913440.171,0.0401412202448235,0.05,0.80282440489647,0.0160783378805954,-0.319854622076045
0.473,-0.0398856452227877,13.8773256333314,0.296333526720453,-232.184836484794,79.3518194307992,-2919.30535612126,-7448.81851023724,173028.96869511,-3693324.14922798,6571655.13253566,630888099.316652,-414016775.527026,194307571328.236,-199921937060.155,0.0398856452227877,0.05,0.797712904455754,0.0120509589043021,-0.302034177889986
0.474,-0.039551025617307,13.6437102524189,0.371373289106012,-235.016550997445,70.1695830112697,-2743.06789273615,-10794.3140145856,179360.295117039,-2965282.26424721,6057677.38847856,825195670.64599,-613938712.58904,192011901665.063,-199905572601.835,0.039551025617307,0.05,0.79102051234614,0.00767043342395091,-0.283446325027875
0.475,-0.0391464829991146,13.4073523078647,0.435687484652025,-237.668956376401,58.0381609721895,-2560.7894114421,-13314.996459899,185077.68555379,-2044080.64276869,5343785.8895886,1017207572.31192,-813844285.192252,183732040286.229,-199832860712.435,0.0391464829991146,0.05,0.782929659982293,0.003278524040412,-0.264194783697371
0.476,-0.0386840720381364,13.1684340186594,0.486771382036668,-240.136351889552,43.8783142879145,-2373.18380002647,-14819.8513097974,189981.243823997,-935007.05031366,4430025.17404012,1200939612.59873,-1013677145.90522,-138024064028.342,-163485546290.537,0.0386840720381364,0.05,0.773681440762729,-0.000814689482939548,-0.244387944280069
0.477,-0.0381778606166408,12.9271429143182,0.523132825111342,-242.413850329078,28.7853650523344,-2181.16330170372,-15177.3925644831,193877.182834037,196920.530270896,3334605.25498963,1062915548.57066,-1177162692.19524,-188942764329.423,199839581432.937,0.0381778606166408,0.05,0.763557212332817,-0.00435162738856055,-0.224135211214177
0.478,-0.0376428478741693,12.6836709246096,0.544405027594375,-244.49756665495,13.87571272918,-1985.80668337447,-14480.5047206484,196656.513339834,1165364.69667685,2257362.35351086,873972784.241218,-977323110.760734,-193799877337.874,199914746096.599,0.0376428478741693,0.05,0.752856957483385,-0.00714108504835006,-0.203545204532922
0.479,-0.0370938628368311,12.4382133168863,0.551269515945805,-246.384707910447,0.11547749264096,-1788.17604626137,-12910.4536114072,198458.533262313,1942437.54224913,1379996.61579842,680172906.903045,-777408364.66169,-195495328900.845,199935040888.402,0.0370938628368311,0.05,0.741877256736621,-0.00906529142615858,-0.182725540942196
0.48,-0.0365446009928934,12.1909676486718,0.545280217632292,-248.07345541654,-11.7185408352298,-1589.14875212465,-10660.5121705233,199483.148202595,2524862.78470175,702555.771580935,484677578.001673,-577473323.770369,-196253195799.233,199938058715.773,0.0365446009928934,0.05,0.730892019857868,-0.010081078462293,-0.161782564710126
0.481,-0.036006847828655,11.9421328908069,0.528670790630551,-249.562767897181,-21.0440192335791,-1389.40224083718,-7926.01946278717,199930.290322076,2911413.76480381,225051.477168453,288424382.201748,-377535265.05183,-196570888972.384,199922414222.319,0.036006847828655,0.05,0.7201369565731,-0.0102155975773015,-0.140819546461799
0.482,-0.0354898966114266,11.6919087500107,0.504159376883495,-250.8521815489,-27.4744515373061,-1189.4140172195,-4903.15532171113,199999.894569088,3101552.70251936,-52522.5807722163,91853493.2285812,-177612850.827737,-196593258762.055,199839078592.283,0.0354898966114266,0.05,0.709797932228532,-0.00955713891700772,-0.119933263669665
0.483,-0.0350001619290731,11.4404951913757,0.474752462085872,-251.941610107813,-30.8197129779855,-989.46165945372,-1788.44141570441,199891.872076001,3095109.56636692,-130215.892303811,-104739765.534265,22226227.7652467,-196323994409.81,199417149556.211,0.0350001619290731,0.05,0.700003238581463,-0.00824202222394417,-0.0992093106217043
0.484,-0.0345409895796205,11.1880921607844,0.44354837980247,-252.831144945979,-31.0862364044979,-789.622881904089,1221.57760216047,199806.005489173,2892207.80362775,-8281.08976045838,-301063759.9448,221643377.32173,-195626365591.645,-183211173307.223,0.0345409895796205,0.05,0.690819791592411,-0.00643888934486778,-0.0787166100589685
0.485,-0.0341126629936328,10.9348995066437,0.413540792288057,-253.520858496941,-28.4768832923701,-589.791710195229,3930.6491315506,199878.010892522,2493330.86088712,121756.70090766,-496690125.537032,38432204.0147404,-194008653229.646,-195860679312.284,0.0341126629936328,0.05,0.682253259872656,-0.00433196053466272,-0.0585016762837743
0.486,-0.0337126060545274,10.6811170704126,0.387422476542319,-254.010690939738,-23.3904341117979,-389.854576446016,6143.30015413097,199986.340248885,1899636.40873527,62258.5652662583,-690698778.767076,-157428475.297219,-189141612221.041,176028206053.062,0.0337126060545274,0.05,0.674252121090549,-0.00210489491588822,-0.03858348926573
0.487,-0.033335781778655,10.4269447847658,0.367389943277871,-254.300547062249,-16.4203131168811,-189.85601048462,7666.06357144587,199999.222610844,1114366.82385767,-7155.80700442872,-879840390.988291,18599730.7559877,-111408712438.569,-12873251947.1065,0.033335781778655,0.05,0.6667156355731,7.31877266970218e-05,-0.0189510391051234
0.488,-0.0329752853694305,10.1725826427387,0.354950801326555,-254.390403986349,-8.34834822830289,10.1421977928272,8321.94208106962,199999.221127227,178822.076650094,5007.29777800558,-991249103.426795,5726478.80884964,186753150394.897,-162525381202.554,0.0329752853694305,0.05,0.65950570738861,0.00205820556539021,0.000434927840973363
0.489,-0.0326231223019515,9.91823064308315,0.350753482046704,-254.280262459214,-0.0944219115003479,210.138105091644,8036.26513107211,199980.004100876,-719050.451579252,-70528.9140144225,-804495953.031606,-156798902.393457,193283125711.253,196608170481.433,0.0326231223019515,0.05,0.65246244603903,0.00373724719785745,0.019637207216967
0.49,-0.0322711130494287,9.66408877570259,0.354525440985168,-253.970151001773,7.45628879854918,410.064903592643,6947.18055726221,199863.843764078,-1426904.84175523,-129023.731167163,-611212827.319861,39809268.0885808,195200918578.825,192605244568.281,0.0322711130494287,0.05,0.645422260988573,0.00503036518705265,0.038735591963099
0.491,-0.0319117658772846,9.41035696301423,0.365193662060463,-253.460172416484,13.5962815020076,609.878895588088,5247.2027882768,199786.82554105,-1940517.20978568,7088.15920555827,-416011908.74039,232414512.657525,195981646515.905,-199395331184.605,0.0319117658772846,0.05,0.638235317545693,0.00588945305778034,0.0578183276941946
0.492,-0.0315389835900984,9.15723502980271,0.381074424771305,-252.750390904447,17.8120562692097,809.699692822455,3131.34323187351,199876.888401386,-2258538.29526812,139805.006270781,-220030262.223741,33019181.4731576,196254774562.302,-199839228750.714,0.0315389835900984,0.05,0.630779671801968,0.00629565435555387,0.0769731316835748
0.493,-0.031148576913396,8.90492280737995,0.400068197135191,-251.840729756108,19.785635925339,1009.64366028976,795.498934587183,199999.896460267,-2380441.17021071,72904.5733685836,-23775487.6606588,-166820047.278397,196177000998.942,-199923131120.596,0.031148576913396,0.05,0.622971538267921,0.00625583973762399,0.0962796803806126
0.494,-0.0307385824258226,8.65362023413764,0.419855486495215,-250.731082613677,19.3951257352247,1209.64387556546,-1564.13381262075,199956.070488144,-2306128.15737189,-193877.03947011,172401513.339039,-366743178.400895,195717503561.509,-199938772074.762,0.0307385824258226,0.05,0.614771648516452,0.00579852669772116,0.115802935524318
0.495,-0.030309384445563,8.40352728805913,0.438093005006565,-249.421509962817,16.714816325417,1409.43355288906,-3751.44162939625,199545.498730795,-2035867.8922521,-660589.603908386,368119016.901227,-566681950.477899,194619048386.727,-199935842363.775,0.030309384445563,0.05,0.606187688911261,0.00496965158569464,0.13558635023244
0.496,-0.0298636407625019,8.15484371992899,0.452609749319783,-247.912439036697,12.0149030463476,1608.54597916651,-5570.8135051333,198568.245511254,-1570439.35115751,-1327239.47556817,562738065.288517,-766617792.843669,191895432821.721,-199915831659.279,0.0298636407625019,0.05,0.597272815250038,0.00382860809294016,0.155645313478835
0.497,-0.0294060125095145,7.9077685866194,0.461602552270162,-246.204863749712,5.76065518616867,1806.31450548199,-6827.9012515096,196824.377833988,-911753.569458131,-2193815.18424148,754633498.11066,-966533624.504286,180881305116.82,-199841740003.913,0.0294060125095145,0.05,0.58812025019029,0.00244493137133155,0.175961461615935
0.498,-0.0289426990630591,7.66249958444216,0.463830248309788,-244.300544628743,-1.38981387938503,2001.87256004777,-7332.19118772626,194113.988880827,-66679.4187890616,-3260269.67874772,935514803.227755,-1166375364.50865,-161693387465.639,138199361429.149,0.0289426990630591,0.05,0.578853981261182,0.000895933603201808,0.196478399352796
0.499,-0.0284807809604505,7.41923218305023,0.458800857939819,-242.202205899829,-8.60616286715155,2194.16777650238,-6958.06210281235,190293.564746729,787988.690705874,-4357545.36254181,773821415.762259,-1028176003.07905,-189352610533.713,199834369804.601,0.0284807809604505,0.05,0.569615619209011,-0.000734520011944307,0.217099233582652
0.5,-0.0280274038425476,7.17815858677552,0.446877660091776,-239.913658773875,-15.0491500807841,2382.11953233325,-5814.72147264759,185455.237110948,1467133.80120128,-5285804.18071855,584468805.228585,-828341633.273251,-193360769732.371,199906463488.139,0.0280274038425476,0.05,0.560548076850952,-0.00235631244191335,0.237686400161907
0.501,-0.0275889541451201,6.93946667010468,0.429188413103786,-237.439725438677,-20.0409498840454,2564.80213985147,-4087.58006378737,179788.579857507,1954922.22156368,-6014192.58224773,391108035.496192,-628435169.78355,-194762949840.382,199922654875.081,0.0275889541451201,0.05,0.551779082902402,-0.00387390223392257,0.258065199749176
0.502,-0.0271703830264504,6.70333905494632,0.40744416670369,-234.786055893082,-23.0939992873763,2741.48721433402,-1969.56431611561,173493.490132846,2248648.78213968,-6542666.42459374,196345085.655775,-428512514.907128,-195270372763.033,199914666644.32,0.0271703830264504,0.05,0.543407660529008,-0.00518911049626172,0.278032281531703
0.503,-0.0267747190613805,6.46995238233544,0.383746713849605,-231.958928566795,-23.914651296994,2911.64628228037,344.711946724832,166769.886561905,2347358.68141393,-6871221.60617871,1074712.89274439,-228597848.262484,-195251136695.841,199834536750.717,0.0267747190613805,0.05,0.53549438122761,-0.00620596587694925,0.297368699455017
0.504,-0.0264027746767729,6.23947678396027,0.360394062662075,-228.965050404432,-22.4042163547449,3074.95078483733,2660.0661284692,159817.671787719,2250807.82595876,-6999902.18606583,-194176423.803011,-28763311.5134601,-194707643481.378,57466184053.3665,0.0264027746767729,0.05,0.528055493535457,-0.00683715892275128,0.315856266189705
0.505,-0.0260530474828082,6.01207555340214,0.339685300763529,-225.811358153626,-18.6592218690339,3231.26610607155,4781.33446861291,152812.965643238,1959277.58041506,-6999932.40555261,-388884067.284184,28702872.5413828,-193293855686.003,-39601399346.4634,0.0260530474828082,0.05,0.521060949656164,-0.00701146909853912,0.333295571746676
0.506,-0.0257218167764695,5.78790500564723,0.323725478109527,-222.504851354164,-12.9711165320337,3380.58223926622,6513.95437277155,145820.78444073,1473746.58528787,-6991030.23268445,-582177922.969844,-10898526.8068922,-189511105590.361,3977378885.33272,0.0257218167764695,0.05,0.51443633552939,-0.00668143254377742,0.349523781347764
0.507,-0.0254034349061187,5.56711445749627,0.314231126524188,-219.052524315315,-5.82521481646412,3522.90585789398,7665.02681230942,138824.967841121,796813.109522848,-6999940.07004868,-771689028.55972,-6921147.91978562,-169911985600.893,14738662106.7013,0.0254034349061187,0.05,0.508068698122374,-0.00583049864957377,0.364429828026339
0.508,-0.0250908123486885,5.3498462319009,0.312337657657903,-215.461372795707,2.10252404649174,3658.2303162867,8047.67674328556,131824.023640795,-59831.9118373193,-6999491.88691511,-941601014.160005,7817514.18455265,172621125400.467,-16543232999.0048,0.0250908123486885,0.05,0.50181624697377,-0.0044789744985893,0.377964612128201
0.509,-0.02477609224944,5.13623565332834,0.318416253226013,-211.73839686168,9.970543878427,3786.55520760201,7545.81451193493,124825.68330547,-915122.363297091,-6999945.98923006,-768979888.75884,-8725718.8121574,189687667684.661,17882220021.6008,0.02477609224944,0.05,0.495521844988799,-0.00268815259508798,0.390144958600236
0.51,-0.0244514773633017,4.92641104663645,0.331976723869454,-207.890595684609,16.938537546765,3907.88020871919,6277.81681553913,117824.354826836,-1589258.4182136,-6999730.59803141,-579292221.073443,9156501.20657392,193223976593.259,-18752954014.7039,0.0244514773633017,0.05,0.489029547266034,-0.00056188121066355,0.401051146184004
0.511,-0.0241100558459955,4.72049373684121,0.351766766445445,-203.924969694962,22.3332274487196,4022.20544295774,4431.11628288762,110826.076987069,-2071938.65099041,-6999950.57383219,-386068244.479469,-9596452.80541531,194554330359.131,19469326359.9822,0.0241100558459955,0.05,0.482201116919909,0.00175603772891485,0.410818303662368
0.512,-0.0237464732242132,4.51859804916075,0.375955764036365,-199.848518109512,25.6721361291243,4129.53075647127,2198.56923138393,103824.573074559,-2360729.73029032,-6999812.36345761,-191513914.119712,9872873.55127494,195047081890.467,-20029338346.1522,0.0237464732242132,0.05,0.474929464484263,0.00408980123939331,0.419622580776484
0.513,-0.0233574146526662,4.32083130891832,0.402327375471519,-195.668241457401,26.6665484714004,4229.85623428751,-225.40960898456,96826.3589248167,-2454720.10346479,-6999954.15907941,3533167.77122889,-10156464.7918032,195023458553.686,20515297444.9277,0.0233574146526662,0.05,0.467148293053323,0.00624441689761076,0.427663500117391
0.514,-0.0229418935508923,4.12729384158137,0.428473871530899,-191.391138954864,25.2224936493833,4323.18177819295,-2645.85921880484,89824.7457495797,-2353675.20641672,-6999852.97514874,198556626.325179,10358832.6494629,194481353859.918,-20925677160.8495,0.0229418935508923,0.05,0.458837871017845,0.00802210455734239,0.435144257202671
0.515,-0.0225013455540917,3.93807897270101,0.451991050238909,-187.024211188681,21.440992988123,4409.50745202409,-4867.84255308234,82826.5845778929,-2057877.90316158,-6999956.98107971,393037980.185109,-10566844.5079943,193100566624.59,21294086783.5984,0.0225013455540917,0.05,0.450026911081834,0.00924065822006312,0.442251908247762
0.516,-0.0220395275158217,3.75327302794347,0.470673128051795,-182.574457366657,15.617763670382,4488.83318422454,-6697.01803838061,75824.8931890204,-1568289.63966418,-6999876.78219589,586138546.809435,10727242.2716091,189578792139.335,-21619339397.4162,0.0220395275158217,0.05,0.440790550316433,0.00975195998584797,0.449139376249555
0.517,-0.0215622218731875,3.57295533304668,0.482707003356671,-178.048878115118,8.24218968625739,4561.15902609061,-7940.64193928349,68826.7768047246,-887361.696785074,-6999959.209623,775717338.948226,-10892097.1221274,174542634306.292,21918468309.5634,0.0215622218731875,0.05,0.43124443746375,0.00945884022150349,0.455911001269488
0.518,-0.0210767474819534,3.39719821384651,0.486864754532232,-173.454472631632,-0.00557426854674709,4626.48492121076,-8411.05452754337,61825.0246245892,-24373.0406837013,-6999892.07259034,950259973.253714,11026371.1831342,-160070499933.262,-22190534350.0102,0.0210767474819534,0.05,0.421534949639067,0.00832865374592739,0.462612997787637
0.519,-0.020591280675977,3.22606699624288,0.482687851068408,-168.79824157223,-8.2771082584275,4684.81091292223,-7986.97599825569,54826.9473151957,845851.682603382,-6999960.96858221,790189473.319429,-11164163.1629335,-187596781919.422,22445413365.0124,0.020591280675977,0.05,0.411825613519539,0.00640225579877624,0.469229684705382
0.52,-0.0201140209734928,3.05962000622249,0.470589591343409,-164.087184123893,-15.7172767024368,4736.13695428506,-6777.29570931243,47825.1451672564,1542242.7649631,-6999902.42506263,602592691.398824,11281250.1974924,-192165483020.913,-22682343908.068,0.0201140209734928,0.05,0.402280419469855,0.0037972259689582,0.475685783908908
0.521,-0.019652350554931,2.8979085698309,0.451764213894344,-159.328300966347,-21.6310258091743,4780.46308335072,-4965.78417915332,40827.102976638,2048752.71485147,-6999962.34681918,410427208.376641,-11401093.7063897,-193820023311.567,22907664926.8298,0.019652350554931,0.05,0.393047011098619,0.000703647064642447,0.48185448683448
0.522,-0.019212140968879,2.74097701319282,0.428007240745936,-154.528591275997,-25.5121049304752,4817.78925945791,-2744.12119733205,33825.2580271168,2362269.91157232,-6999909.60806214,216607185.063796,11506571.2155883,-194451701359.283,-23120735415.7325,0.019212140968879,0.05,0.38424281937758,-0.00262854845548005,0.48757043344042
0.523,-0.0187972471712001,2.58886266248816,0.401524191735374,-149.695055752307,-27.0470921287162,4848.11551707907,-305.956310120962,26827.2482487564,2481651.24595648,-6999963.40455442,22155483.7033055,-11614164.19573,-194493067721.843,23326023339.1487,0.0187972471712001,0.05,0.375944943424002,-0.00590971818776663,0.492646278672714
0.524,-0.0184091942015824,2.44159584397063,0.374737032360786,-144.834693561158,-26.1166341130322,4871.4418198493,2154.35716640026,19825.3654326572,2406560.19579886,-6999914.55708057,-172337584.019598,11711859.1383205,-193984303001.401,-23522959994.6874,0.0184091942015824,0.05,0.368183884031648,-0.00883613463832727,0.496891191122474
0.525,-0.0180470578589481,2.29919988394652,0.350089872927545,-139.954505418994,-22.7958024586522,4887.76819985673,4442.41785302247,12827.3863118099,2137230.46027856,-6999964.1779396,-366321887.021852,-11811100.8517359,-192653310640.429,23715021326.6002,0.0180470578589481,0.05,0.360941157178962,-0.0111185473194609,0.500129459347293
0.526,-0.0177075397532316,2.16169110879223,0.329854615615621,-135.061490481126,-17.3538502445554,4897.09462368873,6364.37848468339,5825.46908699531,1674581.91793649,-6999917.76812802,-558975197.662881,11903920.4695384,-189424325740.85,-23901670902.7038,0.0177075397532316,0.05,0.354150795064632,-0.0125108707109805,0.502217395507793
0.527,-0.0173852364799302,2.02907884493495,0.315937182430724,-130.162649478982,-10.2532360140359,4899.4211219755,7727.90208283164,-1172.48033271862,1020894.55740319,-6999964.68310984,-748399523.404056,-11997750.428327,-178212087930.178,24085916339.7559,0.0173852364799302,0.05,0.347704729598604,-0.0128362034339213,0.503056912400493
0.528,-0.0170731018787022,1.90136541886957,0.30968537813759,-125.264981557084,-2.14704541001872,4894.747663256,8344.89486387775,-8174.42957165624,183388.990034043,-6999919.47536828,-926611611.334282,12088165.9058939,109223570902.57,-24267220964.8319,0.0170731018787022,0.0503528343448181,0.339069331465732,-0.0120076708439417,0.502604495595617
0.529,-0.0167630991362851,1.77854615714063,0.311703646371709,-120.375487460353,6.13965966248278,4883.07427750674,8083.18197672837,-15172.3495009026,-688610.835848954,-6999964.91994481,-817388040.431504,-12179055.0538998,183001344453.701,24448484313.9482,0.0167630991362851,0.0517033114685058,0.324217127688156,-0.0100420966370009,0.500874754575777
0.53,-0.0164470137125725,1.6606093863591,0.321737595727692,-115.501166322078,13.7499299372646,4864.40093439013,7016.37734473923,-22174.3292009922,-1414498.20405361,-6999919.73284172,-634386695.97738,12269429.2543223,190015620140.378,-24629142978.3366,0.0164470137125725,0.0538308115314938,0.3055315950968,-0.00706497970198039,0.497938275971898
0.531,-0.0161172957156924,1.54753643318512,0.338735115322981,-110.649018899531,19.9612443815045,4838.7276640132,5316.35506272026,-29172.2190763734,-1953877.0899608,-6999964.87507657,-444371075.83642,-12359713.7187845,192352564859.67,24812295861.3532,0.0161172957156924,0.0565192501590595,0.28516471238267,-0.00330512199068064,0.493914058048668
0.532,-0.0157677787664528,1.43930162434507,0.361011978532674,-105.826044314023,24.2346137434775,4806.05443639254,3172.35119565112,-36174.2284256692,-2302071.88336738,-6999918.44086466,-252018510.976078,12452582.1366687,193248405162.082,-24997329229.1785,0.0157677787664528,0.0595859269230683,0.264622530531591,0.000921927270482511,0.488957330861918
0.533,-0.0153942185072344,1.33587228661469,0.386440198860761,-101.039243334304,26.2219779291531,4766.38128262126,776.478124322647,-43172.0867970072,-2457466.19176242,-6999964.5233426,-58770105.8133026,-12544747.0870975,193379784885.039,25187891701.0027,0.0153942185072344,0.06287841197005,0.24482517965891,0.00524041338692772,0.483244003675839
0.534,-0.0149946405219507,1.23720874683687,0.412640000899032,-96.2956150685663,25.767985430972,4719.70817226671,-1678.14315619898,-50174.1257119465,-2419546.4051332,-6999915.32457918,134609679.072381,12643144.607848,192849832116.264,-25383293591.6698,0.0149946405219507,0.0662715127347965,0.226260725056267,0.00924829697328362,0.476953295454977
0.535,-0.0145694956436713,1.14326433190485,0.437172872837808,-91.6021602963706,22.9105394283556,4666.03513844582,-3998.24308310999,-57171.950013157,-2188511.81000269,-6999963.82676717,327459511.189179,-12740148.9782376,191390662368.967,25588258130.1283,0.0145694956436713,0.0696643432156014,0.209138491388353,0.0125551815998345,0.470250259894256
0.536,-0.0141216220682788,1.0539853687813,0.457734777825935,-86.9658781111029,17.8805916363334,4605.36214933834,-5991.12669378996,-64174.0192047281,-1765356.96762903,-6999909.84668033,518850173.558523,12848109.1456928,187909616077.466,-25801984960.0459,0.0141216220682788,0.072977515371211,0.193506479310059,0.0148205145288357,0.463269907023943
0.537,-0.0136560144875234,0.969311184481049,0.472348764625543,-82.393769302615,11.1010910549478,4537.68924147887,-7465.7403052935,-71171.8053276654,-1152551.98603177,-6999962.73001467,706759789.636177,-12953875.8086099,176825672948.817,26031230004.075,0.0136560144875234,0.0761504692965762,0.179329354285902,0.0157883390895103,0.456104445144331
0.538,-0.0131794013551344,0.889174106092436,0.479555815402272,-77.8928329469998,3.18423579124132,4463.01638044124,-8235.4414510157,-78173.9064572534,-357379.359921183,-6999900.99082123,883585462.584983,13077354.1891447,-25367693765.1335,-26275028250.7648,0.0131794013551344,0.0791389559514656,0.166534940936257,0.0153152503863929,0.44879484605688
0.539,-0.0126996335582088,0.813499460758916,0.478599371904596,-73.4700698439465,-5.08368808324839,4381.34360825451,-8155.25602860522,-85171.647942358,513522.255781233,-6999961.15075748,858217768.819645,-13197674.055733,-177164896401.61,26544205123.2067,0.0126996335582088,0.0819126833978753,0.155038670831021,0.0133888879375133,0.44132749915985
0.54,-0.0122249069371407,0.742205575704004,0.469557925548495,-69.1324790484804,-12.8465285598718,4292.67088613271,-7242.15237114772,-92173.783895959,1283157.57640007,-6999886.72225159,681052872.417667,13346531.061052,-187188691582.895,-26837541713.865,0.0122249069371407,0.0844531347501232,0.14475373795551,0.0101350654392439,0.433636217308849
0.541,-0.0117629204208818,0.675203778211,0.453330997695177,-64.8870613695461,-19.3413928595833,4196.99826506626,-5649.66647380257,-99171.4702763017,1870616.10302629,-6999958.96204748,493864180.834284,-13491010.6468005,-190366255668.963,27175038272.5526,0.0117629204208818,0.0867515634013582,0.135593180799064,0.00581199518512799,0.42560933146049
0.542,-0.0113201199371903,0.612398395653694,0.431495532236368,-60.7408158350329,-23.9813725123916,4094.32569910009,-3563.84598963724,-106173.64557063,2269297.1560261,-6999862.45355799,303497925.164767,13684027.6192564,-191594823356.724,-27555069163.1595,0.0113201199371903,0.0888071685572372,0.127468537969369,0.000790870242847745,0.417101121530197
0.543,-0.0109011122484179,0.553686755473169,0.406121502043352,-56.7007432618379,-26.3679700541206,3984.6532548457,-1174.73234158815,-113171.258521908,2476997.6695125,-6999955.96052032,111903101.807486,-13871041.5377897,-191847187366.961,28023197310.2022,0.0109011122484179,0.0906254517277182,0.120287535571906,-0.004475954087115,0.407946416191648
0.544,-0.0105082666457874,0.498959185218556,0.379582062664071,-52.7738426399317,-26.2935466767723,3867.9808741361,1326.24234760032,-120173.479470314,2492977.1776365,-6999815.403403,-79944085.5599728,14152155.7658824,-191311246311.509,-28633068044.4067,0.0105082666457874,0.0922167525898454,0.113951818413356,-0.00949610389280498,0.397976903176601
0.545,-0.010141507373902,0.448099012519365,0.354362208091463,-48.967114790284,-23.7421110565146,3744.30865261177,3747.3622747383,-127170.990973844,2317377.46892078,-6999979.78165933,-271255331.871862,-14480912.2723528,-189753486715.27,199930018388.152,0.010141507373902,0.0935949605842552,0.108355271593629,-0.0137835645989024,0.387037540675932
0.546,-0.00979829762754251,0.400982565379132,0.332867124164122,-45.2875572336594,-18.8891756645389,3613.64358867866,5897.48649660397,-134144.88954191,1951245.39369128,-6914495.68473761,-461008818.587345,185449106.126611,-186183283811.729,199975743663.581,0.00979829762754251,0.0947763967204769,0.103383310260682,-0.0169057246668195,0.375001476161575
0.547,-0.009473814975201,0.357479186175114,0.317231139083869,-41.7421291121027,-12.1006589109741,3476.08069180086,7587.19693369964,-140933.331382975,1397144.93319807,-6629058.70677921,-647192102.399085,385424849.803721,-176356243933.048,199982550385.071,0.009473814975201,0.0957788581097954,0.0989134258036441,-0.018526499155788,0.361782170730962
0.548,-0.00916131705655467,0.317451335796921,0.309128500154591,-38.3376022031337,-3.9301030378677,3331.90540114515,8631.35310837599,-147336.34723979,661774.708832458,-6143642.58178295,-823548346.331923,585407400.203317,-108782110878.822,199984313522.025,0.00916131705655467,0.0966208152233174,0.0948172196165012,-0.0184413760470958,0.347342328692453
0.549,-0.00885269448908037,0.280754879405256,0.309589148423186,-35.0803628574391,4.89034677928349,3181.60313319361,8863.22329222934,-153153.955402552,-216164.692938876,-5458243.02481862,-932330457.210311,785391713.739362,160881725011.101,199983832736.685,0.00885269448908037,0.0973207514975595,0.0909640991551773,-0.0166010472262161,0.331699692305296
0.55,-0.00853919951619115,0.247239571848799,0.318837572978519,-31.9762120178407,13.4968027207445,3025.85928755664,8207.70699152046,-158186.171931713,-1068054.28764364,-4572859.39471091,-771448732.198572,985375546.488301,180767323284.565,199981135505.075,0.00853919951619115,0.0978966361999506,0.087226689778698,-0.013121356135257,0.31492935252604
0.551,-0.00821229627059249,0.21674974306388,0.336229582844997,-29.0301652355668,21.0494397515651,2865.55924773193,6784.05622499158,-162233.013363929,-1749119.35819993,-3487493.28047007,-590681408.913197,1185356682.00286,186153542650.468,199974156458.75,0.00821229627059249,0.0983655205919268,0.083487549510987,-0.00827823770072192,0.297162397655724
0.552,-0.00786448883557575,0.189125183457838,0.360356470371494,-26.2462526869909,26.8682457935895,2701.78837943055,4770.62175277675,-165094.499277322,-2246723.99578789,-2202149.52023783,-404527866.261797,1385330838.4676,188198491608.056,199951155299.768,0.00786448883557575,0.0987432460983547,0.0796458405645507,-0.0024869309910322,0.27858107708026
0.553,-0.00748999986183037,0.164202229274312,0.389220286037,-23.6273191936467,30.4559258412427,2535.83202516355,2353.00023912591,-166570.658185776,-2557152.61624566,-716843.104120345,-216329374.652741,1585281993.7694,188757831697.939,-17828409189.4751,0.00748999986183037,0.0990442520663646,0.0756227615996505,0.00373355321262751,0.259410994050099
0.554,-0.00708526753474282,0.141815047632068,0.420419079155283,-21.1748260664845,31.5021597861115,2369.16641624014,-280.857425829851,-166497.831694543,-2679103.07504943,859524.685054327,-27571542.9537965,1567453584.57789,188255940720.103,-199952332317.225,0.00708526753474282,0.099281469890284,0.0713654576485698,0.00980738249171153,0.239911121010902
0.555,-0.0066492557828263,0.121797103730743,0.45133471303693,-18.8887016675836,29.8849995631066,2203.3512578042,-2942.37028223621,-164887.905605919,-2612546.64764317,2327002.10347361,160684397.767257,1367501252.25472,186557460709.955,-199975379726.381,0.0066492557828263,0.0994662899987866,0.0668493394385918,0.0151556105640347,0.22036246477429
0.556,-0.0061835762229907,0.103982704448707,0.479321352848822,-16.7673512160423,25.6709099175121,2039.84643781703,-5443.48182087748,-161910.482106272,-2358583.51952094,3594515.66586514,347241858.478053,1167525872.51901,182862130525.172,-199982449943.443,0.0061835762229907,0.0996085886801734,0.0620787454668707,0.0192513485900036,0.201055470960555
0.557,-0.00569242178877901,0.0882084505920632,0.50189341686676,-14.8078139528431,19.1136292353615,1879.91946858612,-7597.96738940522,-157765.53391247,-1919910.5957803,4662050.31341243,530103989.003912,967543422.563688,174425260631.057,-199985300868.125,0.00569242178877901,0.0997168016742112,0.0570858841559816,0.0216710154865864,0.182275777856073
0.558,-0.00518231322164683,0.0743145041527876,0.516911618520077,-13.005961594961,10.6513249320618,1724.63788434564,-9223.75511391174,-152653.042771252,-1302593.97646086,5529601.08554206,704529249.635469,767558121.682358,146944864517.528,-199986040621.425,0.00518231322164683,0.0997980309510195,0.0519280107258859,0.0221367193698684,0.164288816263397
0.559,-0.00466166143273131,0.0621456558425344,0.522764546826446,-11.356698316679,0.899817074184941,1574.86923571811,-10149.5936548019,-146772.993631637,-524592.294566624,6197166.1869137,851474114.153295,567572081.047978,-54746707650.7456,-199984747270.414,0.00466166143273131,0.099858172050401,0.0466828236188666,0.0205457289564734,0.147324624533651
0.56,-0.00414015341471173,0.0515521926431034,0.518537156890446,-9.85416073434397,-9.37244148838422,1431.28108782796,-10257.573343567,-140325.372195409,299508.465761298,6664745.89432647,796727406.502646,367587333.766822,-154652390524.906,-199978936719.974,0.00414015341471173,0.0999020515110111,0.0414421260834209,0.0169842544925725,0.131564350679965
0.561,-0.003627993169973,0.0423905653715913,0.504117755013382,-8.49191789187774,-19.3539165476093,1294.34102067859,-9585.4765729752,-133510.162456983,1018909.67700149,6932343.75973329,642075015.977654,167608397.040677,-170555767009.7,-199933121155.683,0.003627993169973,0.099933566175677,0.0363040498684418,0.0117240867397927,0.117129733484937
0.562,-0.00313510238431999,0.0345238562607441,0.480166250285883,-7.2631712441199,-28.3300322697225,1164.31663428651,-8273.95534915312,-126527.336685585,1575706.8094743,6999985.59619612,471519248.967713,-32324724.1138304,-175602705792.775,33710308558.7125,0.00313510238431999,0.0999558182364415,0.0313648814009409,0.00520161567178107,0.104076548626247
0.563,-0.00267041080281208,0.0278220468855592,0.447980041421599,-6.16095267974575,-35.7448644520533,1041.28530754006,-6491.75603282705,-119537.895066682,1959424.70554562,6984516.02636164,295916543.174587,1385584.44427753,-176711186171.881,28152165611.0183,0.00267041080281208,0.0999712417153749,0.0267117898806831,-0.00201977340635535,0.0923926110863601
0.564,-0.00224130128968999,0.0221621049469458,0.40932672699867,-5.17827194129049,-41.2149516743296,925.241074423014,-4413.82492005607,-112547.994220493,2166985.65563427,6999977.69361143,119205357.002289,29537750.0565445,-175155397321.793,-59379158630.4852,0.00224130128968999,0.0999817176053494,0.0224171112816537,-0.00930069237818293,0.0820006522202504
0.565,-0.00185322663480932,0.0174279873709698,0.366269534400109,-4.30813746500402,-44.5327143486109,816.195517874829,-2216.42915214092,-105543.144178287,2198613.31397566,6999825.86435273,-55950040.3199369,-29841408.5744621,-170458984666.343,59991751243.781,0.00185322663480932,0.0999886761156734,0.0185343651581644,-0.0159851698810617,0.0727666791617644
0.566,-0.00150950195652278,0.0135106486326536,0.320991289282774,-3.5435476249221,-45.6662643081614,714.149812715645,-74.2006891029154,-98548.2403930088,2057433.78132255,6999980.33140015,-226409024.986685,30150342.6706454,-160039680342.293,-60430265434.5579,0.00150950195652278,0.0999931856665288,0.0150960482602973,-0.0214626500882098,0.0645137981914479
0.567,-0.00121127254875699,0.0103080430382518,0.275620062885254,-2.87750451622131,-44.7561512640957,619.10406961639,1843.35529966927,-91543.2566011735,1751004.91616472,6999915.54135351,-386448705.329318,-30279922.7643457,-134646114168.446,60693865111.7577,0.00121127254875699,0.0999960291004378,0.0121132064908335,-0.0252265060879982,0.0570399798112588
0.568,-0.000957653784466441,0.00772512484024272,0.232060199341944,-2.30300617808075,-42.1073118786363,531.058253041763,3378.69484414127,-84548.3653770107,1297233.15375118,6999982.55114504,-521094819.498013,30413942.3488255,-52451259769.0425,-60901725543.9641,0.000957653784466441,0.0999977678544395,0.00957675161170035,-0.0269233865269872,0.0501380261685422
0.569,-0.000746034489150586,0.0056738482269824,0.191836291031955,-1.81305468411856,-38.1690350633414,450.012410357385,4406.63871151527,-77543.3261422752,749912.704368642,6999945.63072188,-573546079.267201,-30487783.1954784,85800401834.5571,61053174172.8063,0.000746034489150586,0.0999987950624319,0.00746043478508732,-0.0263886261935239,0.0436157904639193
0.57,-0.000572521689855534,0.00407316735321028,0.155972378024418,-1.40064804065642,-33.4794559960951,375.966519614046,4884.07844322272,-70548.448874115,219266.826018719,6999984.4346128,-487745677.432689,30565390.9788361,128329422356.955,-61178341440.068,0.000572521689855534,0.0999993786937476,0.00572525246990691,-0.0236642347780081,0.0373146803771407
0.571,-0.000432469776919275,0.00284903633103394,0.124952252395798,-1.05878831754851,-28.5616880268267,308.920608089973,4880.86066758457,-63543.3781342448,-204314.140235492,6999960.6548716,-359416255.075689,-30612950.4614722,139877104005.649,61276682314.959,0.000432469776919275,0.0999996959012701,0.00432471092058374,-0.0189973768751772,0.031124665847335
0.572,-0.000320996205679566,0.00193440924725953,0.0987831323110576,-0.780473503195641,-23.8370589258669,248.874661318268,4520.15125047882,-56548.5111742096,-493791.843308356,6999986.0455676,-219539151.069928,30663731.855097,139566709335.066,-61360298675.683,0.000320996205679566,0.0999998597677629,0.00320996655820357,-0.012818782694949,0.0249943760278863
0.573,-0.000233400454569831,0.00126924015697997,0.0771158659609817,-0.558705666680998,-19.5945781759979,195.828697108075,3939.85094985798,-49543.4199791513,-643547.639710752,6999969.62808485,-79972441.7347098,-30696566.8207207,129120927387.689,61446305622.2246,0.000233400454569831,0.0999999396141623,0.00233400595510736,-0.00570263071898549,0.0189353636751053
0.574,-0.000165452537428973,0.000800483094853982,0.0593816991423587,-0.386482784804586,-15.9844497476472,149.782706109551,3277.83724384447,-42548.5575835299,-658959.617751617,6999996.21407523,49148485.6531465,30749738.8032227,101954231528.986,-199988904384.371,0.000165452537428973,0.0999999759774172,0.00165452577174956,0.00168829150479841,0.0130201957967385
0.575,-0.000113543662399775,0.000482091879560248,0.0449292388853959,-0.256808076660484,-13.0236528054298,110.730938716782,2660.4442408409,-35566.5179841066,-558834.016333977,6930751.5006863,151102717.182291,-169239165.611681,39204671275.401,-199996000536.843,0.000113543662399775,0.0999999912859288,0.00113543672294052,0.00866670206919647,0.00737463077852138
0.576,-7.47048136237751e-05,0.000275008610200351,0.0331492918491177,-0.162713989823734,-10.6158082585983,78.593256786952,2183.69569497729,-28753.7187329711,-388128.963513985,6661514.33480621,190307388.457825,-369235166.200786,-45229406535.2566,-199997108416.896,7.47048136237751e-05,0.0999999971641449,0.000747048157422954,0.0145878060387711,0.00216460867123721
0.577,-4.6514125555037e-05,0.000147073168404022,0.0235681958392775,-0.0974043913267285,-8.59634370591719,53.1004228123424,1883.18219126967,-22310.1548326561,-220436.278323789,6192280.61439699,145077981.922664,-569232274.680453,-86688335628.008,-199997320266.849,4.6514125555037e-05,0.0999999991888954,0.000465141259323152,0.0189123887769559,-0.00242127460555668
0.578,-2.69383341020993e-05,7.27536173862294e-05,0.0158820263612279,-0.0544523836874404,-6.80281200414942,33.7832030175535,1720.83684796922,-16435.8232422978,-118702.464215128,5523049.6795831,58389646.2947148,-769229595.008639,-94547067966.4277,-199996947842.027,2.69383341020993e-05,0.099999999801514,0.000269383341555682,0.021259491658088,-0.0061930203411068
0.579,-1.4175498242325e-05,3.26769681092861e-05,0.00992149404539398,-0.0280003017540528,-5.13553424174492,19.9723664744623,1615.57136224038,-11330.7211848459,-107586.351903627,4653821.61065342,-36157421.6716887,-969226542.89789,-74922543935.557,-199995115944.632,1.4175498242325e-05,0.0999999999599585,0.000141754982480011,0.0214430226698169,-0.00898229307581613
0.58,-6.55739752940665e-06,1.29599483621989e-05,0.00557368351091032,-0.0129597098693268,-3.58290406507098,10.7986852059878,1477.41920884499,-7194.84536495135,-181205.045543094,3584597.50978317,-111079965.607248,-1169221658.86219,-9831944305.11864,169228415446.432,6.55739752940665e-06,0.0999999999937015,6.55739752981966e-05,0.0194883734914418,-0.0106650367804815
0.581,-2.53741901802451e-06,4.34028768254022e-06,0.00269457794306345,-0.00520832162558796,-2.2150103709475,5.20831950140118,1239.0355231141,-4166.65394867652,-297200.983302901,2499990.05864414,-120911909.912385,-999993243.393653,75138089515.1807,199996570671.419,2.53741901802451e-06,0.0999999999992936,2.53741901804244e-05,0.0156274255302982,-0.011181441768354
0.582,-7.5712692472256e-07,1.13779195692003e-06,0.00104513998941231,-0.00170666370012572,-1.14159657074049,2.13332822984585,893.901599774212,-2133.3277499348,-380543.848457695,1599995.10058611,-45773820.3972282,-799996672.643334,112124255099.054,199998519307.126,7.5712692472256e-07,0.0999999999999515,7.57126924722927e-06,0.0102727671395429,-0.0105510669735368
0.583,-1.49883304485921e-07,2.02513071651944e-07,0.000286097368524071,-0.000404999898396143,-0.440924021296491,0.674998520933968,509.158216967753,-899.997899102488,-370255.541305396,899997.687596242,66350434.7018043,-599998153.184671,109710402022.922,199999135540.358,1.49883304485921e-07,0.0999999999999985,1.49883304485923e-06,0.003974294944802,-0.00888017610315353
0.584,-1.41102318664733e-08,1.77882051067387e-08,4.17220520354438e-05,-5.33338372511422e-05,-0.101263902442459,0.133333068557248,190.362960017084,-266.666098824308,-249049.905592131,399999.10218163,176060836.724714,-399999017.403455,-15041349494.8171,199999425839.95,1.41102318664734e-08,0.1,1.41102318664734e-07,-0.00263670349846697,-0.00635904123345699
0.585,-2.23737283723626e-10,2.85359040726329e-10,1.34183401367052e-06,-1.66712297052173e-06,-0.00670914532369466,0.00833332508761937,26.8365812048431,-33.3332676859792,-80509.7436148264,99999.7976980084,161019487.229899,-199999591.215777,-161019487229.994,199999589507.37,2.23737283728825e-10,0.1,2.23737283728825e-09,-0.00890984606219099,-0.00324919183818124
0.586,-6.38756618806533e-14,4.85180272725063e-12,3.30508294250095e-12,-3.05465310309299e-10,-1.55361778668443e-11,4.97364657906275e-09,-3.25932973204759e-11,-6.58620058644826e-07,7.53349356093303e-08,0.00123575154899992,-7.52929886575774e-05,-1.23537296688373,2.87854722200653e-08,0.000543709457624928,6.38870110206956e-14,0.1,6.38870110206956e-13,-0.0142380833151119,0.00013805354036198
0.587,-3.02891749727181e-14,2.27437418939767e-12,1.64476994330023e-12,-1.50835541192767e-10,-7.77182626326819e-12,2.36350341157327e-09,2.5475743787616e-12,-2.02774512223315e-08,2.09806733249756e-11,1.89426985453893e-07,-3.7646479936053e-05,-0.617686211587138,2.87854722200653e-08,0.000543709457624928,3.02958816320468e-14,0.1,3.02958816320468e-13,-0.0181147827124745,0.00346957348646203
