time,x,y,vx,vy,ax,ay,jx,jy,snapx,snapy,cracklex,crackley,POPx,POPy,contour_error,allowed_error,error_utilisation,modal_x,modal_y
0,1.30704008916024e-28,0,-1.08800646283861e-26,0,0,0,-7.24099042569174e-20,0,4.44871079537585e-16,0,0,2.02448258719959e-22,0,-2.88842712860394e-19,0,0.1,0,-1.03216680132428e-25,0
0.001,1.26291922084769e-28,1.28589838950625e-39,5.16045871870873e-26,3.77132296482817e-36,2.25682131034908e-22,-2.12639816322929e-28,1.02282266877526e-17,-2.81625597785576e-28,-2.95655792796945e-15,5.80269025652678e-26,0,4.02325936291634e-23,199999944327.403,-198348288035.773,1.28589838950625e-39,0.1,1.28589838950625e-38,-9.80431693082452e-26,0
0.002,2.77777700454726e-10,-2.75483733383018e-10,1.66666620272835e-06,-1.65290240029811e-06,0.00833333101364177,-0.00826451200149055,33.3333240545671,-33.0580480059622,99999.9721637013,-99174.1440178866,199999944.327403,-198348288.035773,199999921456.05,-195670327681.209,2.75483733383018e-10,0.1,2.75483733383018e-09,2.73182905050228e-09,-2.70926883102776e-09
0.003,1.77777727973367e-08,-1.76272395471318e-08,5.33333182967127e-05,-5.28705604732515e-05,0.133333295265295,-0.132120610342409,266.666588624645,-264.018057321937,399999.877219129,-395357.595894264,399999865.783453,-394018615.716982,199999880890.943,-46876789259.3107,1.76272395471318e-08,0.1,1.76272395471318e-07,1.73606904259447e-07,-1.72136630832085e-07
0.004,2.02499941542146e-07,-2.00382943023562e-07,0.00040499988082592,-0.000399701214357708,0.674999795167203,-0.661440434450112,899.999712217323,-864.197759284577,899999.683448053,-812814.606240901,599999746.674395,-440895404.976292,199999794784.638,191563253368.734,2.00382943023562e-07,0.0999999999999985,2.00382943023565e-06,1.95675148767596e-06,-1.93623514308222e-06
0.005,1.13777743417993e-06,-1.1121126780478e-06,0.00170666613374443,-0.00164548391091953,2.13333263167031,-1.99754626212749,2133.33256813335,-1865.53285911883,1599999.32751477,-1157928.38453283,799999541.459033,-249332151.607558,199999522496.801,193859578522.738,1.1121126780478e-06,0.0999999999999515,1.11211267804834e-05,1.08415504748607e-05,-1.05934027584121e-05
0.006,4.34027639038826e-06,-4.1173473977552e-06,0.00520833158098214,-0.00477755800985787,5.20833143390825,-4.47552118967555,4166.6649201271,-3115.81738970165,2499998.6302222,-1310330.74687901,999999063.955834,-55472573.0848196,169230443721.12,193734391787.362,4.1173473977552e-06,0.0999999999992936,4.11734739778429e-05,4.06439242923628e-05,-3.85003447570575e-05
0.007,1.29599528190875e-05,-1.1706759211086e-05,0.0129597387946868,-0.0110300732561444,10.7987134482941,-8.2476771153397,7194.86815628073,-4421.59535782518,3584612.91603859,-1268936.12407015,1169229507.67695,138261818.702542,-199999319557.268,192259459995.773,1.1706759211086e-05,0.0999999999937015,0.000117067592118233,0.000118869250638005,-0.000106943207522184
0.008,3.26770177045344e-05,-2.76490567141904e-05,0.0280003730422846,-0.0216926743331291,19.9724263422254,-13.2726860879164,11330.7626062316,-5589.35732921143,4653842.76393691,-1034544.57536972,969230188.119685,330521278.698315,-199999575466.431,188471652572.155,2.76490567141904e-05,0.0999999999599584,0.000276490567252615,0.000292592890589425,-0.000245431035475299
0.009,7.27537736085139e-05,-5.69497235599467e-05,0.0544525390763248,-0.0379171208644956,33.7833153794677,-19.3163758395058,16435.8872016506,-6427.22932313664,5523073.16432338,-609787.470385332,769230612.653254,518992931.27047,-199999627530.127,176674695266.775,5.69497235599467e-05,0.0999999998015131,0.000569497236729844,0.000633868476242739,-0.000488319263029304
0.01,0.000147073545434539,-0.000105617074720036,0.0974046948626361,-0.0605256456160371,53.100610947575,-25.9546386303206,22310.2424010456,-6748.07454534227,6192303.96321157,-2457.19148147424,569230985.123127,695667626.537245,-199999598008.463,30722211207.9516,0.000105617074720036,0.0999999991888912,0.00105617075576705,0.0012425112114591,-0.000869129659452465
0.011,0.000275009397983928,-0.000180238981225143,0.162714528965666,-0.0898254888814099,78.5935438444966,-32.586717074847,28753.828590484,-6397.57755502047,6661535.14933046,708571.540659747,369231387.114664,726389837.745197,-199999443419.912,-167478958796.02,0.000180238981225143,0.0999999971641286,0.00180238986336489,0.00224449006782149,-0.0014131806775032
0.012,0.000482093366752699,-0.000287388747116636,0.256808960942727,-0.125464028891741,110.731345264022,-38.5159221765299,35566.6461928018,-5353.72425528746,6930766.81473517,1351221.89900693,169231943.694752,558910878.949176,-199998453111.694,-179932536501.762,0.000287388747116636,0.099999991285875,0.00287388772160053,0.00378585547633481,-0.0021294465726978
0.013,0.000800485689134087,-0.000432942315875707,0.386484141782818,-0.166409821030595,149.783246919261,-43.1083808581766,42548.6959038657,-3753.03567288956,6999999.53187407,1820166.50970523,-30766509.4169417,378978342.447414,61525624961.7469,-183011540046.342,0.000432942315875707,0.0999999759772615,0.00432942419880333,0.00602284394874559,-0.00300324716341684
0.014,0.00126924439940569,-0.000621453089039475,0.558707634018307,-0.211077092972164,195.829378405201,-45.8957956999743,49543.5664518583,-1773.88191530169,6999995.834938,2107639.08212947,30759115.5448052,195966802.401072,-61513670471.198,-183115906714.689,0.000621453089039475,0.0999999396137587,0.00621453464311864,0.00910917351164568,-0.00399189152203732
0.015,0.00193441582108533,-0.000855684529823383,0.78047623063782,-0.25750191713189,248.875506224183,-46.5908267699241,56548.6895661568,401.221250242537,6999998.11524721,2212047.9311732,-30754554.9263927,12850895.6863825,61502056407.9877,-181122924748.352,0.000855684529823383,0.0999998597668101,0.00855685729778777,0.0131820015868023,-0.00502463578614059
0.016,0.00284904608214931,-0.00113632296593688,1.05879197907497,-0.303524432525216,308.921631674493,-45.0889865266785,63543.5607466755,2589.5074751342,6999994.58852481,2134337.3644854,30747501.4815949,-168272029.061969,-61488393099.3603,-176410778315.436,0.00113632296593688,0.0999996958991894,0.0113632642151474,0.01834890195607,-0.00600712322686046
0.017,0.00407318130778913,-0.00146187302370461,1.40065282563017,-0.34697142384461,375.967752282632,-41.467706156575,70548.6810204245,4610.30702870271,6999997.89345672,1877859.94626572,-30740891.6177653,-344682807.377405,61470991975.732,-166338773797.094,0.00146187302370461,0.0999993786894933,0.0146188210653173,0.0246777717857862,-0.00682984232989393
0.018,0.00567386761884519,-0.0018287347753411,1.81306081612638,-0.385836747769212,450.013870059181,-35.9828470715439,77543.5536334017,6288.10244231354,6999992.49782682,1450007.75198976,30730100.3579667,-511021581.174499,-61449927335.4197,-140922064442.734,0.0018287347753411,0.0999987950542034,0.0182875681086942,0.0321907225221506,-0.00737972100191161
0.019,0.00772515113269785,-0.00223145896682096,2.30301389675668,-0.418456342577354,531.05998121125,-29.0607827694497,84548.6695268515,7459.1123929756,6999997.63451708,868525.138593896,-30719826.977453,-651943645.617233,61420977256.0432,-43404385821.9573,0.00223145896682096,0.0999977678392649,0.022315087776837,0.0408625006786107,-0.00755365454310847
0.02,0.0103080779608578,-0.00266317181998435,2.87751411085246,-0.443670340982333,619.106088791583,-21.2778735975226,91543.5440774226,7994.43164445722,6999988.29616765,194879.300065685,30701150.2785902,-695348031.43919,-61384233088.7215,104229158994.944,0.00266317181998435,0.0999960290735781,0.0266327757677733,0.0506235359155361,-0.00727254446182773
0.021,0.0135106942102183,-0.00311614622232474,3.54355940407811,-0.460946623132601,714.15218619909,-13.297550759981,98548.6522432147,7859.00845530246,6999997.32990187,-448354.151876034,-30683082.8101313,-591118872.444247,61322827271.8631,140126657869.345,0.00311614622232474,0.0999931856206571,0.0311635858282026,0.0613672617877972,-0.00649425020203948
0.022,0.0174280459788035,-0.00358245519888802,4.30815181518223,-0.470412857587779,816.198278377924,-5.755400581946,105543.528502923,7138.44931018253,6999975.66072767,-969409.695385607,30639744.4617318,-450992214.574901,-61236873252.6545,150691991502.235,0.00358245519888802,0.0999886760397346,0.0358286092063504,0.0729609440002754,-0.00522358329512805
0.023,0.022162179357191,-0.00405459995625974,5.17828928677048,-0.472778137372876,925.244349798902,0.829457344427174,112548.61789034,5968.65883942651,6999996.96856308,-1345055.91420939,-30597128.7909228,-300300223.072667,29678435083.6224,152872773563.153,0.00405459995625974,0.0999817174830382,0.0405534137473443,0.0852589187589268,-0.00351736108395698
0.024,0.027822140374627,-0.00452602692266215,6.1609735841159,-0.469199765163952,1041.28910325352,6.08190788846868,119538.262700355,4498.93160927465,6984239.05731396,-1568919.75050048,-918693.707300358,-147427449.509514,33355407550.3101,149906864036.39,0.00452602692266215,0.099971241523009,0.0452732891350605,0.0981169231761069,-0.00148325841861524
0.025,0.0345239726027849,-0.00499150230396136,7.26319609824531,-0.461134771682459,1164.32072217556,9.77805450024301,126527.601645407,2881.28261135881,6999998.06738182,-1641393.7679918,32436713.8430097,2479414.52687649,-199990757775.863,141632688523.251,0.00499150230396136,0.0999558179403979,0.0499370862728343,0.111406087353933,0.000727659530303174
0.026,0.0423907086548527,-0.00544733600865828,8.49194697252823,-0.450188357923192,1294.34539602539,11.8449548253822,133510.486276748,1264.73399871766,6932439.4023369,-1568098.0092033,-167554043.932854,144112103.050127,-199997090522.079,125505831514.81,0.00544733600865828,0.0999335657297922,0.054509573123681,0.125025195477783,0.0029339972392759
0.027,0.0515523672506908,-0.0058914550623382,9.85419437019814,-0.437965335213762,1431.28584311722,12.3548879129864,140325.815808698,-210.390320374775,6664886.813143,-1361232.99039576,-367551134.454933,269617934.564938,-199997894241.206,95365912332.2947,0.0058914550623382,0.0999020508533063,0.058972313501242,0.138910157027625,0.00494134011119609
0.028,0.0621458665413319,-0.00632333235742136,11.3567369544088,-0.425930485829486,1574.87451056448,11.5127909995217,146773.59407224,-1420.92002476602,6197336.73156747,-1043932.09966468,-567549028.696139,364983846.897232,-199998073664.617,42010377853.0243,0.00632333235742136,0.0998581710988634,0.0633231340794437,0.153038932427648,0.00656202310045808
0.029,0.0743147562317152,-0.00674378366504623,13.0060058369379,-0.415286585778855,1724.64384824465,9.63248599848342,152653.823277182,-2275.35847133991,5529788.66603902,-657943.063840935,-767547102.360756,406994224.750256,-199997972321.895,-23122921415.5537,0.00674378366504623,0.0997980295982386,0.0675743167695292,0.16743054399728,0.00763527716247621
0.03,0.0882087500305152,-0.00715465728902869,14.8078645804864,-0.406884670791663,1879.92630808895,7.09502491095576,157766.505396653,-2733.65824304165,4662242.57751731,-262510.299798455,-967545074.682651,383871303.334703,-199997579757.858,-65774003394.1009,0.00715465728902869,0.0997167997806023,0.0717497683917898,0.182138162676154,0.0080455517410281
0.031,0.10398305810207,-0.00755845788742646,16.7674092006787,-0.401184780197917,2039.85434402942,4.29134948509592,161911.64250687,-2815.19522507177,3594698.71295573,88474.0018391967,-1167542654.44051,318097299.940602,-199996605527.515,-85680517524.2186,0.00755845788742646,0.0996085860655259,0.0758815899911906,0.197237013820957,0.00773684963949679
0.032,0.121797519520332,-0.00795795997385915,18.8887681681647,-0.398273742608532,2203.36041225847,1.56983745603701,164889.237125017,-2581.95265951631,2327157.75575147,363731.043017689,-1367539259.96802,232416782.416383,-199993428942.83,-92412000236.5426,0.00795795997385915,0.099466286431935,0.0800066058493578,0.212808343229082,0.0067211896807045
0.033,0.141815534725124,-0.00835586215926627,21.1749024111973,-0.397925345709151,2369.17697199183,-0.79536405157758,166499.293012628,-2117.41522532985,859621.78131203,549941.825315801,-1567532688.91085,140004782.17984,-17847494496.6098,-90548908274.1559,0.00835586215926627,0.0992814650768486,0.0841633647609696,0.228921052287583,0.00507995081516968
0.034,0.1642027982345,-0.0087545141343519,23.6274068374011,-0.399682681444153,2535.84407680135,-2.61824710506431,166572.173867068,-1512.56249363649,-716834.654847127,644672.153358563,-1585380183.40746,49455873.9056847,199993273580.311,-81605705559.6088,0.0087545141343519,0.0990442456347839,0.0883899319767987,0.245612820282492,0.00295774473766805
0.035,0.189125846337436,-0.00915573087296677,26.2463531377965,-0.402948383823276,2701.8019363635,-3.80363111410222,165095.981332781,-856.763354251684,-2202218.20146443,653325.174484443,-1385386909.82715,-32149831.6539241,199996443704.737,-65898648777.4455,0.00915573087296677,0.0987432375849281,0.0927226116633254,0.262872700549687,0.000549365614870791
0.036,0.216750513414093,-0.00956069700379837,29.0302799706419,-0.407073397817148,2865.57424396239,-4.34183596341973,162234.40241702,-230.496203723777,-3487606.88943921,588226.018441796,-1185390466.12241,-98048480.4313696,199997405798.96,-44095450838.6614,0.00956069700379837,0.098365509426096,0.0971956233397187,0.280627777132243,-0.00191885575367853
0.037,0.247240464656352,-0.00996995610452809,31.9763424233736,-0.411436897028131,3025.87561108225,-4.29639788177945,158187.433195486,301.356332695891,-4572998.65266215,468129.812591096,-985393060.323454,-142143931.270031,199997778000.421,-18921041692.0408,0.00996995610452809,0.0978966216911891,0.101841676784087,0.29873676060308,-0.00421135860062186
0.038,0.280755910982021,-0.0103834726798448,35.0805101932154,-0.415510675447281,3181.62064601543,-3.78545567473685,153155.070975662,695.260672703298,-5458392.82398539,316525.360475045,-785395282.323032,-161064972.962072,199997845106.331,4753240529.38251,0.0103834726798448,0.0973207328252257,0.106693326061283,0.316992087199032,-0.00610698498022723
0.039,0.317452523643187,-0.0108007483534004,38.3377675844266,-0.418902417989123,3331.92395460893,-2.95857843226765,147337.3134847,932.045753452204,-6143789.18375526,157837.007777664,-585397437.216701,-156311732.432689,199997603762.738,22816211437.055,0.0108007483534004,0.0966207914309884,0.111784929448801,0.33513038105299,-0.00742144353846068
0.04,0.357480548832078,-0.0112209694140133,41.7423135060008,-0.421374990230458,3476.10014049571,-1.97271545485552,140934.158516297,1015.5295969197,-6629187.81909059,12933.3810635024,-385399833.453963,-133495520.995634,199996669824.434,33946028069.5405,0.0112209694140133,0.0957788281057305,0.117155008428652,0.352850160336393,-0.00802621132912286
0.041,0.400984122284695,-0.0116431620334629,45.2877614694306,-0.42284306475315,3613.66380499146,-0.971554003067111,134145.603558783,967.372888830308,-6914589.31763233,-103589.125897361,-185403163.62953,-99549492.9260936,199990392076.767,38671965558.4273,0.0116431620334629,0.0947763592859062,0.122848800282987,0.36983497449826,-0.00786184915153542
0.042,0.448100783882064,-0.0120663347384844,48.9673395861033,-0.423352022795278,3744.32954629716,-0.0709559274415651,127171.644391349,820.454344062971,-6999997.28522348,-183802.636044241,14587228.4472373,-60877527.3676664,-29129738725.3404,38038309708.6822,0.0120663347384844,0.0935949143911274,0.128920837387168,0.385779654114136,-0.00694430638217857
0.043,0.49896119192993,-0.0124895936097776,52.7740886534353,-0.423045604901088,3868.00240951152,0.649035773609203,120174.085763895,612.552662619677,-6999974.92613891,-225661.008557567,-14542510.278103,-22839217.6589842,29046821935.0122,33129625114.0646,0.0124895936097776,0.0922166962294168,0.135437443765129,0.400417077895487,-0.00536354830224412
0.044,0.553689019055949,-0.012912222151537,56.70101107946,-0.422128578518121,3984.67529434488,1.14633179672002,113171.680719606,380.993649418296,-6999994.02544951,-231935.413659518,14504311.6569091,10290407.4550805,-28983088304.557,25111332477.5364,0.012912222151537,0.0906253837518605,0.142479089378442,0.413542670098404,-0.00327465701397625
0.045,0.612400938143565,-0.0133337236085605,60.7411059113144,-0.420829767770888,4094.34818780836,1.41411911273763,106174.108335268,158.388661565907,-6999981.25794487,-209089.33996567,-14478776.6476479,35401739.9326169,28931185215.7567,15347982941.6084,0.0133337236085605,0.0888070875376848,0.150142561570915,0.425033382644378,-0.000882344014511134
0.046,0.675206622087146,-0.0137538283143894,64.8873741275582,-0.41936969957834,4197.02109785126,1.47450289359871,99171.7095532014,-30.4418112765198,-6999994.44198464,-166013.608562249,14452408.5681088,50749722.8742253,-28885004809.7883,5349781277.85413,0.0137538283143894,0.0867514680061985,0.158542888443187,0.434858644125304,0.00157951159826391
0.047,0.742208743795772,-0.0141724723230453,69.1328147759211,-0.417935927371842,4292.69401537637,1.36973547274001,92174.1271480326,-170.18892818868,-6999984.53582143,-112588.995049096,-14432596.2416795,56099504.1520794,28844773913.0062,-3486220113.10605,0.0141724723230453,0.0844530238420199,0.167814859412928,0.4430821787856,0.00387118591067719
0.048,0.813502976187674,-0.0145897559760563,73.4704288297971,-0.4166677427682,4381.36694668936,1.15245670521408,85171.7337764091,-255.309207847254,-6999994.7451066,-58232.6009535699,14412177.6713267,52613284.0389733,-28807794588.6168,-10152888235.548,0.0145897559760563,0.0819125561545316,0.178113791840803,0.449854630232464,0.00577090535892184
0.049,0.889177992193422,-0.0150058920440221,77.8932153380263,-0.415650538487635,4463.03988479805,0.876377040553391,78174.1438210401,-288.927314820596,-6999986.46472958,-10695.7610323705,-14395616.9172901,42460395.8034254,28774234582.1934,-14136648337.4764,0.0150058920440221,0.0791388120125122,0.189614825676807,0.455397822211311,0.00709669995149704
0.05,0.969315464751716,-0.0154211526599963,82.3941752702919,-0.414918756353575,4537.71283504368,0.588589550836453,71171.7552536156,-280.748986007499,-6999994.96435578,24696.3106023167,14378617.6649033,28323747.465949,-28742637985.1546,-15353114192.5102,0.0154211526599963,0.0761503089375744,0.202509390640004,0.459982291940419,0.00772412339287218
0.051,1.05399006681218,-0.0158358226693517,86.9663076767221,-0.414465373030449,4605.38579164148,0.324269631616415,64174.1591584281,-244.449654037627,-6999987.66568345,45343.5009720105,-14364020.3202513,12970633.2734388,28713135183.8596,-14035792346.9493,0.0158358226693517,0.0729773397085488,0.21699643660067,0.463900365397478,0.00759809386091515
0.052,1.14326947133195,-0.0162501646712683,91.6026135241071,-0.414255347497573,4666.05875934431,0.104068675595911,57171.7750051151,-194.960135153388,-6999995.11841177,51296.2380719747,14349114.8636082,-1065159.07351048,-28684823460.0194,-10656997032.1462,0.0162501646712683,0.069664154442916,0.233264363878614,0.467437449379405,0.00673772576619887
0.053,1.23721435127816,-0.0166643983641184,96.2960918639405,-0.414240342706478,4719.73173310839,-0.0658649085767478,50174.1736402252,-145.972642790193,-6999988.41527817,44902.5804823911,-14335708.5964112,-11722156.1056567,28657809054.6023,-5880073578.54426,0.0166643983641184,0.0662713143941766,0.251457188022557,0.470844355082143,0.00523374462956434
0.054,1.33587837962509,-0.0170786942029635,101.039743660627,-0.41437224759682,4766.40471733159,-0.191584956875794,43171.7936721579,-107.911152623721,-6999995.21934728,30240.3875874622,14322100.4581911,-17602229.684201,-28631464466.8575,-504084223.55296,0.0170786942029635,0.0628782092583906,0.271615467494958,0.474313332607887,0.00323882910859407
0.055,1.43930822935644,-0.0174931791156001,105.826567967083,-0.414613485692349,4806.07770743313,-0.287330624162466,36174.1875922952,-86.5558939156183,-6999988.85112252,12386.1157914847,-14309364.0086665,-18106313.9077539,28605880364.2362,4625438789.57225,0.0174931791156001,0.0595857270361424,0.293580023031177,0.477960101205032,0.00095192991125075
0.056,1.54754357346279,-0.0179079503209604,110.649565745663,-0.41494274579526,4838.75070761754,-0.370518452550735,29171.8117058957,-82.4520286130819,-6999995.27494907,-3407.47872148309,14296516.3555697,-13480875.1181817,-28580571262.183,8726730205.67697,0.0179079503209604,0.0565190626732332,0.316847970825274,0.481813548455998,-0.00140179532373029
0.057,1.66061708494385,-0.0183230923101852,115.501736050771,-0.415355547155616,4864.42371358155,-0.456557419285686,22174.2012605808,-91.1454898593763,-6999989.04422459,-12524.9887368263,-14284054.9066133,-4754144.91250473,28555618197.1882,11174957466.0979,0.0183230923101852,0.0538306488247479,0.340384013758374,0.485814004558981,-0.00359337655535717
0.058,1.77855443680604,-0.0187386918729371,120.376079842937,-0.41585986978268,4883.09672946163,-0.554292137771139,15171.8294586024,-104.185058141439,-6999995.2900326,-11691.6549162821,14271563.2905749,6420812.55359314,-28530602892.2507,11555101121.9836,0.0187386918729371,0.0517031891800929,0.362428162944965,0.489820152583172,-0.00541249799835096
0.059,1.90137430206479,-0.0191548466705618,125.26559617814,-0.416467839232309,4894.76975109398,-0.66277142539837,8174.21484973305,-110.740456593927,-6999989.02818815,506.708198302828,-14259039.6016758,17975913.6755767,28505601195.7271,9686246176.14432,0.0191548466705618,0.0503527718740672,0.380412953600017,0.493623794565551,-0.00668780683207878
0.06,2.02908835374217,-0.0195716641678843,130.16328601524,-0.417185066719516,4899.4427826564,-0.769858948689877,1171.84723527668,-99.6314171951451,-6999995.26719197,23325.7449619517,14246561.5940513,27662159.851721,-28480211289.4873,5645553669.1922,0.0195716641678843,0.05,0.391433283357686,0.496970939080322,-0.00730308439427502
0.061,2.16170126486931,-0.0199892495590493,135.062148411908,-0.417999654116369,4897.11582000954,-0.852981902025876,-5825.77145299984,-61.5336666958008,-6999988.81124266,53810.6816482688,-14233649.695436,33307713.5209132,28454507466.8452,-196638992.83517,0.0199892495590493,0.05,0.399784991180985,0.499587079959578,-0.00720774523087545
0.062,2.29921070848402,-0.0204076834403249,139.955184325441,-0.418873048222063,4887.78886748045,-0.882067135602092,-12828.1346711791,8.89809854745201,-6999995.20720467,87020.0756727644,14220857.7714092,33111074.528078,-28428060453.4017,-7156366576.7237,0.0204076834403249,0.05,0.408153668806497,0.501204154949903,-0.00642072089106137
0.063,2.44160735763331,-0.0208269921472756,144.835392815354,-0.419734842970729,4871.46192084611,-0.824438668737608,-19825.7574595736,111.280983721468,-6999988.37965996,116552.966912481,-14207202.6819925,25954707.9513543,28400946282.7382,-14280055974.3577,0.0208269921472756,0.05,0.416539842945512,0.501586540839882,-0.00502746168245387
0.064,2.58887488537105,-0.0212471156099206,149.695774837448,-0.420483253207422,4848.13498470235,-0.651150419233605,-26828.1159495274,238.431295280566,-6999995.10920058,135367.646876656,14193743.6007457,11674651.9769966,-28372658520.9751,-20473673698.4482,0.0212471156099206,0.05,0.424942312198412,0.500553568523169,-0.00317048120925064
0.065,2.7409899647606,-0.0216678789906167,154.529329453291,-0.420992310874651,4817.80805462806,-0.343942594922647,-33825.7429633478,376.223989195979,-6999987.69486032,136805.462004428,-14178914.9202295,-8799021.72145158,28343278278.0175,-24664562551.0312,0.0216678789906167,0.05,0.433357579812334,0.4979964112207,-0.00103450505212102
0.066,2.89792226887243,-0.0220889749761446,159.329057617228,-0.421125912728568,4780.48113563472,0.0981899315490113,-40828.0962359552,504.51917991451,-6999994.97064154,115674.159007461,14164363.3577881,-33463584.2724827,-28312151153.0272,-25911453748.0167,0.0220889749761446,0.05,0.441779499522891,0.493887773425743,0.00117219753415286
0.067,3.05963447078703,-0.0225099632024721,164.087958393163,-0.420757794425353,4736.1542229677,0.653889283015671,-47825.7277167767,599.14297116106,-6999986.68286027,69254.8478609702,-14147787.7952391,-59375038.0204994,28279367079.5603,-23441214225.3747,0.0225099632024721,0.05,0.450199264049442,0.488283527900385,0.00323837228487193
0.068,3.22608224359232,-0.0229302918368246,168.799032733995,-0.419795460485483,4684.82732225183,1.27678712117774,-54828.075065688,634.803430974218,-6999994.78711573,-1840.79727221657,14131579.2843212,-82816252.2458741,-28244004139.3449,-16693712664.7694,0.0229302918368246,0.05,0.458605836736493,0.48131624211878,0.00497015665879694
0.069,3.39721426038702,-0.0233493438931987,173.455279706366,-0.418205168239812,4626.50042822229,1.89617187344717,-61825.7113971848,588.772222134937,-6999985.20990108,-93003.9058504753,-14112424.8550238,-99509964.9106435,28206165689.5015,-5516760068.7837,0.0233493438931987,0.05,0.466986877863974,0.473181325074352,0.00620926975008101
0.07,3.57297219427779,-0.0237665075588727,178.049700261721,-0.416034303127811,4561.17354740625,2.42162728350223,-68828.0517918985,445.093873817676,-6999994.55191135,-195272.250795511,14093740.8344778,-105026724.979427,-28164431105.1671,9420083785.12081,0.0237665075588727,0.05,0.475330151177455,0.464117234239366,0.00684728034046469
0.071,3.75329071838313,-0.0241812658645295,182.575293470009,-0.413426971895375,4488.84667377724,2.75197308124996,-75825.6935452435,198.878274496638,-6999983.02662945,-295588.933882377,-14070690.2706894,-95606641.1943063,28118923232.0532,26275833112.32,0.0241812658645295,0.05,0.483625317290591,0.454381742147105,0.00683465959525811
0.072,3.93809750583028,-0.0245932967799386,187.025060281221,-0.410628589143965,4409.51981522544,2.78821727498604,-82828.0254298029,-140.134674464172,-6999994.25528412,-378057.658520524,14048232.9613638,-69330808.0819863,-28067209431.083,42382601887.1551,0.0245932967799386,0.05,0.491865935598772,0.444226620513279,0.00618388972688705
0.073,4.12731322975987,-0.0250025708875186,191.391999769472,-0.407975984411285,4323.19296457309,2.44926457832657,-89825.6734368449,-545.793970044496,-6999979.62703829,-426197.165658932,-14018976.4697191,-26948206.1948312,28009440510.4626,55260739789.6812,0.0250025708875186,0.05,0.500051417750371,0.433873224205375,0.0049665254657142
0.074,4.32085156332231,-0.025409431111335,195.669112883344,-0.405871312014684,4229.86613188667,1.68818318857804,-96827.9943120329,-976.255115502564,-6999993.88325278,-425515.001958923,13990464.0407434,28312533.59485,-27940810853.8349,63234885795.5579,0.025409431111335,0.05,0.508188622226699,0.423491338908339,0.00330472070044856
0.075,4.51861917968392,-0.025814638446969,199.849398702523,-0.404740468904569,4129.53930817657,0.506524114603309,-103825.649765074,-1377.07470303147,-6999973.82463895,-365585.025466294,-13950346.8130914,91547419.3904079,27861511680.7463,65114978617.7749,0.025814638446969,0.05,0.51629276893938,0.413183309303284,0.00135826979998092
0.076,4.72051575202243,-0.0262193695456436,203.925858174428,-0.404979055878429,4022.21250733769,-1.0353720738205,-110827.95517784,-1686.03352236626,-6999993.41561167,-241480.116766998,13911164.8676548,156662398.008183,-27759619992.7297,59390731688.1763,0.0262193695456436,0.05,0.524387390912871,0.402974925729683,-0.000691382251986579
0.077,4.92643395353565,-0.0266251559668104,207.891490386909,-0.406890668876879,3907.88571732869,-2.81356064108189,-117825.61961435,-1839.28398484781,-6999962.06074038,-55122.3529147273,-13848455.1250748,216053129.696359,27635386607.8175,43429994469.6281,0.0266251559668104,0.05,0.532503119336208,0.392813871470923,-0.00265846862385827
0.078,5.13625945743584,-0.0270337603993411,211.739296287363,-0.410623694438846,3786.55896008256,-4.64258736433476,-124827.900004885,-1779.14144050275,-6999992.82256155,182645.774016446,13786931.4827427,259483124.165987,-27441495040.3777,13817827039.8814,0.0270337603993411,0.05,0.540675207986823,0.38257578721023,-0.00436982028876839
0.079,5.34987093696366,-0.0274469921192442,215.462274977749,-0.416114484615698,3658.23221809268,-6.28658298767496,-131825.572944211,-1464.45113323,-6999926.63859899,449037.811702374,-13654563.557635,273300951.205869,27178286539.5936,-28015455104.4207,0.0274469921192442,0.05,0.548939842384884,0.372077267758218,-0.00567975797106948
0.08,5.56714006538198,-0.0278664730220362,219.053427412475,-0.423047299457196,3522.90553849718,-7.48213236714881,-138827.797150166,-883.432088442092,-6999992.05888683,708331.035356032,13523722.9819586,245285496.101448,-5936043056.873,-69131385628.7796,0.0278664730220362,0.05,0.557329460440724,0.361094440037134,-0.00648164351061247
0.081,5.78793151603563,-0.0282933771645352,222.505752901076,-0.430843448561883,3380.57975193627,-7.97339849629718,-145822.016688071,-63.9802026401334,-6989436.35743331,919050.83864309,7587679.92508559,176154110.472668,-36284755148.496,-98788396077.7128,0.0282933771645352,0.05,0.565867543290705,0.349385246111486,-0.00671523193582166
0.082,6.01210296392954,-0.0287281783511826,225.812256752389,-0.438689145501757,3231.26276981801,-7.55261044437357,-152813.706664734,926.682958559671,-6999991.05508247,1045810.7510769,-28697075.2234104,77365714.3949554,57402200471.4324,-117054700073.146,0.0287281783511826,0.05,0.574563567023652,0.336713231811196,-0.00636949752514823
0.083,6.23950509129002,-0.0291704452971605,228.965945286339,-0.445601864559405,3074.94667653821,-6.09500510371266,-159818.479224016,1991.66745015519,-6999987.03007016,1064649.11543528,28705125.248022,-39688985.6781903,199977999661.979,-126883689712.015,0.0291704452971605,0.05,0.58340890594321,0.32287053164886,-0.00548109997298669
0.084,6.46998158235225,-0.0296187188662858,231.95981892129,-0.450526305490619,2911.64132040336,-3.58291474719086,-166770.784024852,3015.32479113271,-6871292.90499115,961518.284901086,228683124.910001,-166572675.390205,199988661456.791,-129934246940.524,0.0296187188662858,0.05,0.592374377325717,0.3076976811625,-0.00412902977174584
0.085,6.70336914268265,-0.0300704955803262,234.786940829232,-0.452449328108292,2741.48133664106,-0.120006853128498,-173494.403923812,3871.90103051527,-6542615.44935275,729978.486040619,428671786.366792,-296506922.330729,199989726356.105,-125560739791.976,0.0300704955803262,0.05,0.601409911606524,0.29109871342652,-0.0024262366579825
0.086,6.93949763968727,-0.0305223318245333,237.440604055909,-0.450525122159752,2564.79540319556,4.0622339025273,-179789.351858922,4432.6992654252,-6013948.79980791,370691.193813902,628661512.722896,-422067662.122704,199987576162.028,-108268110147.537,0.0305223318245333,0.05,0.610446636490666,0.273051070042646,-0.000509233372006217
0.087,7.17819043148821,-0.0309700752686674,239.914530319168,-0.444203245145716,2382.1121866712,8.60542298324952,-185455.638639674,4574.31194315316,-5285293.49900399,-105510.523382571,828649088.884924,-530335772.270241,199977982697.28,-54735015766.8612,0.0309700752686674,0.05,0.619401505373348,0.253610079969914,0.00147322535359955
0.088,7.4192648955902,-0.031409222308755,242.203069997798,-0.433350804727096,2194.16034187945,13.0363097436761,-190293.277930453,4194.51103100766,-4356655.41877043,-663213.803536243,1028627071.5822,-585070788.037102,137425112862.507,65800839068.9439,0.031409222308755,0.05,0.628184446175101,0.232907749415357,0.00337128750641727
0.089,7.66253315744806,-0.0318353882915468,244.301401596146,-0.418351604711015,2001.86590013124,16.8044437765373,-194112.715627955,3249.72863996436,-3259315.79075697,-1215384.17203887,1166052184.44471,-519269948.968159,-199979045673.903,133225133824.213,0.0318353882915468,0.05,0.636707765830936,0.211146052612137,0.00504401931674936
0.09,7.90780301350953,-0.0322448508361514,246.205714838181,-0.400145386681594,1806.30953617841,19.3654863862302,-196822.335167436,1796.91368241211,-2193253.12914921,-1668041.55409492,966073138.770807,-386044815.143946,-199988848695.84,158470877443.165,0.0322448508361514,0.05,0.644897016723027,0.188585391726287,0.00636771794892753
0.091,8.15487899578058,-0.0326350864926992,247.913286251061,-0.380174214989826,1608.5432537675,20.2706414422976,-198565.883201982,-37.7384663475981,-1327174.41472633,-1974850.93051729,766084290.074967,-227573937.70078,-199991498285.553,170085325938.092,0.0326350864926992,0.05,0.652701729853984,0.165528892271901,0.00724251005943162
0.092,8.40356341015199,-0.0330052156223876,249.422355621075,-0.360259649472143,1409.43313109407,19.2146354096554,-199543.347388052,-2098.02881139226,-661085.873794135,-2117382.20524902,566092791.789414,-57488611.7626885,-199991886377.314,176056336674.865,0.0330052156223876,0.05,0.660104312447752,0.142302481528165,0.00759744325498127
0.093,8.65365720200847,-0.0333563060844311,250.731928818096,-0.342447853725076,1209.64525657249,16.0556697410396,-199954.718847014,-4214.81259974348,-194989.025193379,-2086842.64867428,366100905.412099,118567724.912176,-199989813106.828,179028834312.058,0.0333563060844311,0.05,0.667126121688622,0.119231317497364,0.00739407435960694
0.094,8.90496062231692,-0.0336915142871138,251.841577804697,-0.328840965163197,1009.64572712157,10.8246566392073,-199999.989055019,-6212.53324690966,71116.9736653068,-1878760.50660607,166111092.305271,297596559.224234,-199978637597.718,179880077001.159,0.0336915142871138,0.05,0.673830285742275,0.0966146462235526,0.00662843268505996
0.095,9.15727369372338,-0.0340160538980482,252.751240644927,-0.321421803041269,809.700649292199,3.72983756874039,-199879.146308134,-7912.51546107009,137238.747171719,-1491223.90888126,-33867545.2924466,477476636.225393,-199917939862.103,178439260515.135,0.0340160538980482,0.05,0.680321077960964,0.0747015482541381,0.00533128197659514
0.096,9.41039647666029,-0.0343369874424072,253.461021517059,-0.321875378667531,609.876147852607,-4.8412754382113,-199792.160990253,-9135.26117508613,3412.23194822109,-924527.642398298,-233785485.154549,655915896.740528,199291687827.099,172605661803.797,0.0343369874424072,0.05,0.686739748848144,0.0536699224058979,0.00356672318348965
0.097,9.66412913602854,-0.0346628388186122,253.970994072824,-0.331409604424139,410.055032551129,-14.322289215798,-199872.426219577,-9703.06325881353,-130727.409292778,-182308.914755872,-34493797.3274498,828521558.544325,199612812550.052,148288828994.185,0.0346628388186122,0.05,0.693256776372244,0.0336107163059374,0.00142931383362872
0.098,9.91827184008941,-0.0350030272307558,254.281091330562,-0.350578052616622,210.119810861207,-23.9722413043573,-199987.131725442,-9446.39658946488,-65414.8003452023,720357.058285545,165119015.222602,976810387.538509,-179622898233.738,-115148231739.94,0.0350030272307558,0.05,0.700060544615116,0.0145191814089715,-0.000960002143046648
0.099,10.1726246585377,-0.0353671278084203,254.391212056196,-0.379113691841781,10.1200072840366,-32.9004554764122,-199999.924167881,-8256.82570936674,9892.76576053036,1639593.32995408,-14503883.0111365,861662155.79857,-15888903605.4136,-177092206234.594,0.0353671278084203,0.05,0.707342556168406,-0.00370445967913542,-0.00345879476851548
0.1,10.4269875975461,-0.0357639926146732,254.301333013454,-0.415834867796445,-189.87804985245,-40.2012530034285,-199999.931494227,-6215.91666921913,-12555.5690533129,2412709.38263536,-30392786.6165501,684569949.563976,197790986606.86,-187806042922.217,0.0357639926146732,0.05,0.715279852293464,-0.0212437793029321,-0.00590872035465245
0.101,10.681160657711,-0.0362008581216174,254.011453287152,-0.458715002206503,-389.881083304531,-45.1045452415244,-199994.718292154,-3492.22331895549,55947.1376335669,3003376.31073822,167398199.99031,496763906.641759,-199393004591.069,-191953532620.239,0.0362008581216174,0.05,0.724017162432349,-0.0383466788001359,-0.0081424424069701
0.102,10.9349438414526,-0.0366825784198878,253.521589482541,-0.50504599750571,-589.828236369729,-47.0202844845297,-199888.304221958,-272.457310333094,123648.835328342,3404163.45106986,-31994804.6007593,304810374.021519,-191126073225.751,-194024327011.164,0.0366825784198878,0.05,0.733651568397756,-0.0553003981107801,-0.00999256442874558
0.103,11.1881372067196,-0.0372110358584355,252.831834776365,-0.551624066507369,-789.66801222784,-45.5479426872831,-199812.507134467,3251.77393991233,-3909.00588529295,3611961.6615858,-223120877.826511,110786047.010355,199926838233.359,-195175466677.898,0.0372110358584355,0.05,0.74422071716871,-0.0724025606691889,-0.0113021830469436
0.104,11.4405409036608,-0.0377847407834206,251.942252228423,-0.594941138991362,-989.511330393294,-40.479855886521,-199894.65543956,6886.59938055699,-127066.464595124,3625159.9752572,-23194039.5931513,-84389419.6675432,199979297334.104,-195823807244.232,0.0377847407834206,0.05,0.755694815668412,-0.0899317376727956,-0.0119361281263877
0.105,11.6919550792381,-0.0383986240106822,250.852773092641,-0.631378649949274,-1189.4650522677,-31.8029007469152,-199999.989041063,10436.9273447731,-50270.855521223,3442858.65196754,176785257.740953,-280213226.911775,199989951448.21,-196136542551.893,0.0383986240106822,0.05,0.767972480213643,-0.108121516359968,-0.0117918232544157
0.106,11.9421797861295,-0.0390440237781924,249.563308700013,-0.657402587270784,-1389.45237961225,-19.6994186365833,-199928.535609139,13706.9899595261,226509.377943835,3064577.15377982,376775209.189163,-476349769.463668,199991960134.386,-196157888503.625,0.0390440237781924,0.05,0.780880475563847,-0.127139223883722,-0.0108087318687708
0.107,12.1910150600725,-0.039708868127763,248.073947169725,-0.669759230624773,-1589.19653166588,-4.54770497376562,-199480.306633245,16500.6992471568,703280.567200191,2490148.44006434,576767169.323549,-672507657.967293,199991560285.277,-195814393138.274,0.039708868127763,0.05,0.794177362555261,-0.147069723669561,-0.0089754970529466
0.108,12.4382611966462,-0.0403780532143434,246.385153396732,-0.665671214173974,-1788.22073717229,13.0778249507147,-198455.310554669,18621.9581260478,1380043.51666638,1719733.58552791,776758729.608826,-868322051.105567,199988919258.871,-194754771220.905,0.0403780532143434,0.05,0.807561064286868,-0.16790549573056,-0.00633411412414641
0.109,12.6837192280418,-0.0410340177072981,244.497969043057,-0.643033590937871,-1985.84823330873,32.4068147455412,-196653.556186655,19875.0715574861,2256796.70590464,754034.14881189,976747648.867697,-1063076822.32647,199979164376.304,-191118466116.598,0.0410340177072981,0.05,0.820680354145962,-0.189543882014248,-0.0029807687769331
0.11,12.927191599826,-0.0416575130852633,242.414212528751,-0.600609455576932,-2181.20226740243,52.473760637624,-193875.055795587,20065.7142174486,3333533.93696049,-404601.906572881,1176726813.244,-1254195288.44307,-162564168477.965,-18155121028.0881,0.0416575130852633,0.05,0.833150261705266,-0.211791675250418,0.000936701043133552
0.111,13.1684830471893,-0.0422285687100741,240.136675998023,-0.538222680911373,-2373.22120860102,72.1273848903361,-189980.252480084,19030.9888131495,4428978.66596551,-1667874.75552999,1014162644.76604,-1272350409.47116,-199978104505.711,192905323321.526,0.0422285687100741,0.05,0.844571374201482,-0.234376518188549,0.00522444135994807
0.112,13.407401641922,-0.042727635696849,237.669243416585,-0.456909187796417,-2560.82627706168,90.1204156459472,-185077.52217582,16759.0897401042,5343152.25847869,-2843772.50334039,814184540.260325,-1079445086.14963,-199987641601.045,196744817125.498,0.042727635696849,0.05,0.854552713936979,-0.256964200464814,0.00965088570033963
0.113,13.6437598550848,-0.0431368187078391,235.016801161604,-0.358926526702755,-2743.10485850328,105.285909320736,-179360.608920811,13408.3854965433,6057342.97793849,-3824845.18092727,614196898.659281,-882700269.024133,-199989779062.2,197978013049.74,0.0431368187078391,0.05,0.862736374156781,-0.279181605794729,0.0139577699741166
0.114,13.8773754676121,-0.0434410339983807,232.18504948076,-0.247609028191669,-2919.34276269281,116.643004599189,-173029.499123387,9175.1865166122,6571544.98706667,-4608556.44342653,414207119.597081,-684722255.974394,-199988718755.794,198560081542.402,0.0434410339983807,0.05,0.868820679967613,-0.300644636716208,0.0178743254778256
0.115,14.10807228445,-0.043628989779946,229.18030281806,-0.127173398501397,-3089.02578766601,123.408065854823,-166284.182029647,4257.36229212221,6885757.74728585,-5193998.65862972,214218400.841287,-486162174.431992,-199978110658.006,198883773810.355,0.043628989779946,0.05,0.872579795598921,-0.320988769915474,0.0211342395299034
0.116,14.3356806487579,-0.0436939697768728,226.009289824953,-0.00252091733610431,-3251.83972017649,124.995688612467,-159324.644767051,-1146.57015808845,6999987.09279814,-5580718.94615654,14240290.1832801,-287278400.621637,-28472561901.754,199078697028.907,0.0436939697768728,0.05,0.873879395537455,-0.339899270785683,0.0234938852771614
0.117,14.5600377563606,-0.0436344185923736,222.678954802983,0.120961055428742,-3407.66318437219,121.019174193573,-152322.282956144,-6837.74852171766,6999991.10203054,-5768457.99826372,-14232271.7184739,-88199703.5927301,-8667478405.88841,199198764091.182,0.0436344185923736,0.05,0.872688371847471,-0.357138130535075,0.0247500449948307
0.118,14.7809877840598,-0.0434543283853508,219.196296477076,0.23759793069713,-3556.48820496754,111.290796670629,-145330.852569707,-12617.1065777625,6981425.09110912,-5757058.31981086,-22899750.1243623,110999060.498452,82933528917.9537,199268889038.069,0.0434543283853508,0.05,0.869086567707017,-0.37256501343106,0.024755414026943
0.119,14.9983819054427,-0.0431634265830902,215.568306153628,0.341626949893839,-3698.32870605301,95.8219636467538,-138347.055098841,-18285.4538858178,6999992.10544373,-5546424.81479337,60033778.7935914,310267949.536521,-120198986936.426,199299945410.156,0.0431634265830902,0.05,0.863268531661803,-0.386149534644343,0.0234304076170725
0.12,15.2120782814005,-0.0427771644656828,211.801972085126,0.427396371125994,-3833.17076776045,74.8233128428541,-131337.07926849,-23643.5280682746,6999926.39076911,-5136506.89255177,-60165208.1428344,509567894.946678,120463378842.236,199293409351.594,0.0427771644656828,0.05,0.855543289313656,-0.397972934845371,0.0207701698905724
0.121,15.4219420699181,-0.0423165065240717,207.904297929108,0.489564728226653,-3961.01289206079,48.7047632028511,-124347.158251985,-28492.0354451277,6999992.87204739,-4527292.2929293,60298170.6994019,708861304.298272,-120658176139.221,199240113381.821,0.0423165065240717,0.05,0.846330130481434,-0.408218688361998,0.0168461640612387
0.122,15.627845428876,-0.0418075205400968,203.882279630338,0.523300121213409,-4081.85503160564,18.075526833366,-117337.125990611,-32631.6904003443,6999961.95467718,-3718810.93194011,-60360005.4398193,908101417.680093,120783036809.997,199109396990.911,0.0418075205400968,0.05,0.836150410801936,-0.417153352095502,0.0118022573459072
0.123,15.8296675161328,-0.0412807683769363,199.742921187588,0.524479497828658,-4195.69720399329,-16.2559225717937,-110347.213532519,-35863.2657239458,6999993.46764236,-2711154.81576456,60423031.3701776,1107210814.671,-120885475369.891,198800893585.879,0.0412807683769363,0.05,0.825615367538726,-0.42509959782058,0.00584575028605068
0.124,16.0272944895181,-0.0407704975132624,195.493218552654,0.489887873716988,-4302.53938718157,-53.2819471972772,-103337.15612842,-37987.6816501106,6999973.76132759,-1504543.55430062,-60462443.9997131,1306011708.25688,120965240342.708,197803419058.866,0.0407704975132624,0.05,0.815409950265247,-0.432404123961875,-0.000765714097162879
0.125,16.2206195068476,-0.0403136334245759,191.140175738477,0.417417393951942,-4402.38159328498,-91.7959901973678,-96347.2527157015,-38806.2521137729,6999993.93749923,-99630.1365143046,60502796.3429945,1503815127.31575,-121034298230.71,-8047555761.49229,0.0403136334245759,0.05,0.806272668491518,-0.439403630306102,-0.00774003746516146
0.126,16.4095427259164,-0.0399485733650484,186.690788696821,0.306264264575609,-4495.2238083283,-130.401756839669,-89337.1797630692,-38155.315945923,6999979.58472687,1400161.2129207,-60531501.8877155,1495767571.55426,121092457728.134,-198015655933.999,0.0399485733650484,0.05,0.798971467300968,-0.446392190814314,-0.0147677747229619
0.127,16.5939713045087,-0.0397137986684584,182.152061448833,0.157078883483481,-4581.06604136358,-167.615948236203,-82347.2838529982,-36040.2735565475,6999994.31170322,2796920.95650795,60560955.8404184,1297751915.62026,-121144540693.973,-199013427470.957,0.0397137986684584,0.05,0.794275973369168,-0.453593179742186,-0.0215389518367251
0.128,16.7738194003924,-0.0396464073947875,177.530989945097,-0.0280386334869893,-4659.90828225728,-202.049761554704,-75337.1998201571,-32627.6455468079,6999982.99719665,3995166.15839273,-60583584.8535547,1098738488.1493,121190396618.147,-199323706703.081,0.0396464073947875,0.05,0.79292814789575,-0.461138426145277,-0.0277589522086045
0.129,16.9490081713258,-0.0397807335054041,172.834578212367,-0.245692237049248,-4731.75053824312,-232.505006095403,-68347.3102159509,-28116.3307621244,6999994.61065217,4994242.79319049,60606811.7645926,899414781.446218,-121232465714.563,-199453767702.823,0.0397807335054041,0.05,0.795614670108082,-0.46905653320693,-0.0331635536568172
0.13,17.1194657750538,-0.0401471489890743,168.069822199797,-0.491387221225686,-4796.59280137119,-257.982623571012,-61337.2176103688,-22705.6228728279,6999985.18955948,5793930.69078529,-60625653.9499703,699961013.743395,121270625730.302,-199496421856.331,0.0401471489890743,0.05,0.802942979781487,-0.4772713851726,-0.0375326007220369
0.131,17.2851273693126,-0.0407710648228555,163.243725938339,-0.759729498545924,-4854.4350777197,-277.682933280401,-54347.3334768293,-16594.9610788136,6999994.84847466,6394143.49360052,60644971.7803315,500464591.887064,-121306301169.298,-199457698407.638,0.0407710648228555,0.05,0.815421296457109,-0.48561085892781,-0.0407011538231916
0.132,17.4459351118265,-0.0416721312987288,158.363285375677,-1.04462503123962,-4905.27736070621,-291.005722584534,-47337.233859326,-9983.82823900418,6999986.66967034,6794879.23628377,-60661329.3889666,301006893.479426,121339389529.897,-199225371544.374,0.0416721312987288,0.05,0.833442625974576,-0.493824766334094,-0.0425670674099126
0.133,17.601838160312,-0.0428636378109768,153.435504546092,-1.33947930632848,-4949.11965564437,-297.550244446964,-40347.3546227618,-3071.64978457143,6999995.03504632,6996273.443991,60678060.1409306,101781521.935052,-121370814669.684,-196954884082.203,0.0428636378109768,0.05,0.857272756219536,-0.501610165771296,-0.0430943054677132
0.134,17.7527926724747,-0.0443521120951351,148.467379395804,-1.63739673048768,-4985.96195685686,-297.115000376054,-33337.2490267567,3942.6886063734,6999987.68785241,6999577.52388495,-60692754.5287532,-95173362.1471513,121400487780.175,130670156875.72,0.0443521120951351,0.05,0.887042241902703,-0.508641489631081,-0.0423117250018791
0.135,17.8987618060129,-0.0461371181736046,143.465913961855,-1.93137666694535,-5015.80426914512,-289.682940644893,-26347.3743015386,10916.4578086641,6999995.17721375,6969739.24017566,60707733.2514217,35496794.7285682,-121429063962.478,-11479063091.7632,0.0461371181736046,0.05,0.922742363472093,-0.514602496056111,-0.0403074951269867
0.136,18.0397157186148,-0.0482112262155725,138.438104189002,-2.21443837210496,-5038.64658744685,-275.276175377982,-19337.2634350262,17902.032269022,6999988.37848393,6999496.50335835,-60721330.7110562,24017731.636805,121456463540.543,-52188024322.0103,0.0482112262155725,0.0500583671223873,0.963100256500601,-0.519216914975709,-0.0372194872858768
0.137,18.1756315679617,-0.0505600272299696,133.390954116649,-2.47959638275926,-5054.48891622843,-253.872566403021,-12347.3929779744,24904.8396341451,6999995.27954314,6997420.22283415,60735132.8294868,-28170292.6852053,-121483192662.548,60663062991.1563,0.0505600272299696,0.0510890216628083,0.989645633922486,-0.522274822750637,-0.0332213854781854
0.138,18.3064935117253,-0.0531621176806469,128.331459688082,-2.71985096087807,-5063.33125084419,-225.471184078615,-5337.27733079361,31898.2852211352,6999988.81604135,6999581.46164452,-60748059.8330606,32492770.305951,121509177110.387,-67040839254.6125,0.0531621176806469,0.0531627918386844,0.999987318987317,-0.523652234096718,-0.0285051945832048
0.139,18.4322927075705,-0.0559890960258057,123.266624944783,-2.92820561024407,-5065.17359556123,-190.070486033242,1652.58898484961,38902.9395947236,6999995.34476348,6998553.81232316,60761117.2773259,-34548068.9486615,-121534844871.873,71275624942.9142,0.0559890960258057,0.0559980674652436,0.999839790195554,-0.523322089287586,-0.023262300812705
0.14,18.553027313153,-0.0590055616382984,118.203445828527,-3.0976590463839,-5060.01594600298,-147.671057726142,8662.70908077311,45896.0986433962,6999989.03960487,6999643.55584596,-60773727.594547,36727555.9942527,121560123969.598,-74816575827.2944,0.0590055616382984,0.0593547523902242,0.994116886384597,-0.521355676218397,-0.017664851855552
0.141,18.6687024861219,-0.0621691150098056,113.148926382667,-3.22121454068567,-5047.85830635184,-98.272133402817,15652.5712772423,52901.6365479348,6999995.37399512,6998962.82392656,60786396.3750514,-38089019.8330417,-121585413658.948,77626616220.5097,0.0621691150098056,0.0630308753130129,0.986327965478382,-0.51791446754645,-0.0118492536275886
0.142,18.7793303841175,-0.0654303572639108,108.110062547404,-3.29187030216455,-5028.70067238044,-41.8741291705487,22662.6956138151,59894.4926313149,6999989.0635407,6999687.11220377,-60799017.2838968,39537596.387468,121610641085.984,-80143932022.9262,0.0654303572639108,0.0668592084601646,0.978628954348074,-0.513233287539548,-0.00590334294607231
0.143,18.8849301647731,-0.0687328903434234,103.093858367804,-3.30262959096699,-5002.54304829436,21.523457285765,29652.5536088949,66900.5912197086,6999995.3667998,6999152.74257978,60811623.8020869,-40606335.6354582,-121636220108.798,82340378319.6538,0.0687328903434234,0.0707039267714342,0.972122673831363,-0.507596553443187,0.000141548297060258
0.144,18.9855279857133,-0.0720133166998711,98.1073097823914,-3.24649031837511,-4969.38542990727,91.9202880032542,36662.6820842443,73893.1641908572,6999988.88054748,6999716.59610414,-60824596.3067114,41734042.6841956,121662073627.295,-84427844350.8617,0.0720133166998711,0.0744573373518367,0.967175556649081,-0.501309989856343,0.00631293845083267
0.145,19.0811570045561,-0.0752012394614985,93.1574208378321,-3.11645579349067,-4929.2278215624,169.316748339096,43652.5356789096,80899.6765009116,6999995.32105442,6999236.71661291,60837477.3205835,-42693801.666666,-121688679678.542,86383897671.0031,0.0752012394614985,0.0780367059544195,0.963664964349249,-0.494670623220429,0.0126937826053165
0.146,19.1718573789102,-0.0782192622023437,88.2511874708185,-2.90552372649094,-4882.07021900506,253.712526893773,50662.6682920112,87891.9636329697,6999988.45853573,6999734.86378174,-60851202.3579584,43690096.004337,121715952880.36,-88358512189.8444,0.0782192622023437,0.0813812042018063,0.961146532169496,-0.487937997567752,0.0194137132729576
0.147,19.2576762663777,-0.0809829891077989,83.3956137295354,-2.60669751120365,-4827.91262685281,345.107958036626,57652.5171415147,94898.8171260553,6999995.23261795,6999245.70369116,60864750.522402,-44668416.1855073,-121744507816.169,90332732547.2498,0.0809829891077989,0.0844489981632945,0.958957369170994,-0.481309395353112,0.026635845811826
0.148,19.3386678245512,-0.0834010247820003,78.5976955486191,-2.21297471206462,-4766.75504065772,443.502717142352,64662.6539980912,101890.784077078,6999987.72923227,6999743.65377927,-60879757.2937671,45664316.3617424,121774245526.093,-92471980797.053,0.0834010247820003,0.0872144958034781,0.956274802871408,-0.474901424636406,0.0345404953462536
0.149,19.4148932110165,-0.0853749744300593,73.8644369777108,-1.71735884686142,-4698.59746549433,548.897130766514,71652.4975562642,108897.947892239,6999995.09470155,6999171.97974249,60894488.2323264,-46807664.4353106,-121806044857.583,94759201903.9654,0.0853749744300593,0.0896657677381354,0.952146806787991,-0.468739683308528,0.0433074200053913
0.15,19.4864205833491,-0.0867994436798435,69.2028339490637,-1.11284737414483,-4623.43989656122,661.290811671297,78662.6388876057,115889.509240081,6999986.56050508,6999743.91625916,-60911556.625257,47951537.4686548,121839785768.551,-97498145831.153,0.0867994436798435,0.0918021526969071,0.945505536960767,-0.462757405811382,0.05309834387345
0.151,19.5533250991174,-0.0875620388097674,64.6198905137231,-0.392443998371273,-4541.28233966172,780.684122369677,85652.4763007595,122896.979234103,6999994.8967641,6998946.38081224,60928229.1432943,-49546608.3624981,-121876875423.595,100672412386.558,0.0875620388097674,0.0936320561283892,0.93517159005567,-0.456803110908392,0.0640414482041766
0.152,19.6156889158789,-0.0875433665673812,60.1226026010635,0.450853879173678,-4452.12478941087,907.076511709975,92662.6224995247,129887.931046131,6999984.6881956,6999735.97864302,-60948646.2803011,51125804.0240602,121917161328.955,-102021913586.43,0.0875433665673812,0.0951709475129818,0.919853892969174,-0.45065639508801,0.0762193234406143
0.153,19.6736011911832,-0.0866170345038278,55.7179742634665,1.42404225912905,-4355.96725279323,1040.4685807997,99652.4523914683,136896.226274522,6999994.62257977,6999850.82587386,60968515.0486541,-50896109.5623701,-121963225466.702,-199673910390.814,0.0866170345038278,0.0964395591979895,0.898148386659502,-0.444050232658808,0.0896615011939297
0.154,19.7271580825674,-0.0846496509575946,51.413001426634,2.53412181024983,-4252.80972347236,1180.84793005596,106662.604067328,143837.35006055,6999981.52489507,6849117.76111608,-60994710.4180474,-250570019.953184,122014864543.863,-199865707665.563,0.0846496509575946,0.0974622869566387,0.86853749897389,-0.436697532987169,0.104342244431674
0.155,19.7764627475601,-0.081500849276408,47.214688144127,3.78801782899786,-4142.65221047497,1328.05974958926,113652.424047771,150527.871860412,6999994.24674896,6498614.88733012,61020154.125816,-450435727.618747,-122077832179.249,-199899932566.854,0.081500849276408,0.0982657900206242,0.829391889683098,-0.428319317426799,0.120183504213608
0.156,19.821625343675,-0.0770234468496217,43.1300303365749,5.19240418301046,-4025.49470585447,1481.75352710821,120662.58206622,156767.952228504,6999975.48478515,5948229.19342794,-61057678.053433,-650335660.185601,122151842639.177,-199908424518.007,0.0770234468496217,0.0988777860598073,0.778976248548215,-0.418671755780713,0.137061616118742
0.157,19.8627630284155,-0.0710637957652504,39.1660320581964,6.75350429454245,-3901.33722266543,1641.37887513904,127652.387352418,162357.695521087,6999993.7280513,5197939.32098334,61094164.5857444,-850244084.703608,-122255043079.546,-199904403814.666,0.0710637957652504,0.0993260345017897,0.715459910603497,-0.407569445597031,0.154816486226615
0.158,19.899999959266,-0.0634623331994256,35.3296892216267,8.4768912479553,-3770.17975004835,1806.18550362301,134662.552322249,167097.195399082,6999960.37109727,4247743.03437239,-61160878.4938015,-1050148488.51827,122394403754.788,-199887216186.147,0.0634623331994256,0.09963749970977,0.636932213115367,-0.394902717749222,0.173262263162847
0.159,19.9334672936966,-0.0540543317066577,31.6280058793848,10.3672878845364,-3632.02231125348,1975.22321715719,141652.331321392,170786.549653165,6999996.69448086,3097650.93776105,61233525.2609868,-1250035704.70442,-199987090327.888,-199843820912.897,0.0540543317066577,0.099837683884008,0.54142213244308,-0.380647358461205,0.192198437893214
0.16,19.9633031890413,-0.0426708494143365,28.0679772847455,12.4283669014903,-3486.86810879273,2147.34192616924,148649.613596782,173225.875435088,6961236.6745779,1747693.32260018,-138753565.066901,-1449879525.61732,-199995626610.718,-199701239813.502,0.0426708494143365,0.0999501181271831,0.42692145055836,-0.364865898946091,0.211420286164506
0.161,19.9896527958247,-0.0291398801096595,24.6565867408349,14.6625509717736,-3334.76933560395,2321.19168079303,155508.140884391,174215.345454911,6722485.29620565,197963.177076112,-338749191.677619,-1649580765.43082,-199996820892.705,147487522785.127,0.0291398801096595,0.0999959989239612,0.29141046065071,-0.347700514528703,0.230727646132951
0.162,20.0126681929241,-0.0132877026997771,21.4006761086993,17.0708158156877,-3175.96474347094,2495.23722302236,162027.918781276,173613.099503069,6283737.69408167,-1377873.82696214,-538746012.570324,-1502093242.64569,-199997098081.905,199705026470.895,0.0183588168191977,0.1,0.183588168191977,-0.329358832697452,0.249931203233362
0.163,20.0325081483693,0.00505959759252061,18.3067484998417,19.6525690198139,-3010.89308005713,2667.91935778094,168008.950619392,171517.463225862,5644993.13247039,-2780114.55637239,-738743110.65223,-1302388216.1748,-199996956049.141,199845500739.657,0.0325081483693168,0.0999990416367489,0.325084599184502,-0.310095247756464,0.268855972242157
0.164,20.049337680595,0.0260745861213175,15.3807682796788,22.4057311559852,-2840.19308992978,2837.83802592179,173251.239370528,168119.462144859,4806251.54379359,-3982580.02217735,-938740066.70137,-1102542715.43514,-199996379299.338,199888430449.138,0.0493376805949808,0.099974725944635,0.493501533800688,-0.290189860679758,0.287343131061722
0.165,20.0633274196961,0.0499270813495537,12.6279610705523,25.3269208760995,-2664.70351464761,3003.79076962092,177554.788151088,163618.925503372,3767513.28744255,-4985178.52238792,-1138736446.00071,-902654284.986002,-199994936758.821,199905285053.748,0.0633274196961331,0.0999080789193881,0.633856845022808,-0.269927126814927,0.305251676458562
0.166,20.0746527686865,0.0767829524711363,10.0526137548851,28.4116543006672,-2485.46309238284,3164.77499286915,180719.600726071,158215.737386,2528779.37306244,-5787880.16484705,-1338731382.75953,-702748999.932253,-199990220073.286,199908719951.919,0.074652768686537,0.0997845727234644,0.748139383163209,-0.249576292119627,0.322460223541404
0.167,20.0834928647606,0.106803116817538,7.65787447903465,31.6545449002329,-2303.7105567932,3319.9879948694,182545.682704408,152109.800841179,1090052.88026626,-6390674.80480334,-1538721602.83281,-502840279.980334,-75455776848.2497,199898545814.1,0.0834928647606326,0.099587469697535,0.838387249060704,-0.229375498647457,0.338868817796025
0.168,20.0900293407331,0.140142737157864,5.44555369687545,35.0495033971983,-2120.87944523983,3468.82698070092,182853.798820449,145501.022320688,-486396.610990674,-6793565.81187663,-1614177379.68106,-302941734.166234,199990003548.444,199856550341.72,0.0900293407331176,0.0992979055146317,0.906659010243189,-0.209521057880418,0.354400584316477
0.169,20.0944448969003,0.176950618903621,3.41595449413655,38.5899376709899,-1938.52954137134,3610.88905718291,181593.645186876,138589.295066785,-2000578.98889752,-6996579.270872,-1414187376.13262,-103085183.824513,199994711673.673,199536790947.166,0.0944448969002707,0.0988950753565311,0.955001010513245,-0.19016277063675,0.369003055946809
0.17,20.0969217573667,0.217368807213002,1.56783108767576,42.2689526467517,-1758.16355046195,3745.97119578324,178919.304961858,131574.429335825,-3314769.0091933,-6999896.05922293,-1214192664.45895,96451607.1226522,199996137365.985,-181890433327.279,0.096921757366669,0.0983565363354916,0.985412469549267,-0.171404951760475,0.382649055097816
0.171,20.0976401786074,0.261532383418003,-0.101474196533333,46.079546910923,-1581.09566227637,3874.05417358925,175030.772309996,124592.444007943,-4428963.60496925,-6994389.66876392,-1014196527.09296,-85438826.2046264,199996686183.876,160033070204.427,0.0976401786073993,0.0976586379977722,0.999810980464694,-0.153311356878381,0.395337043366674
0.172,20.0967771356611,0.309569430900431,-1.59583322480511,50.0147293485626,-1408.44007132812,3995.14185100304,170128.043222511,117582.007104444,-5343161.78897027,-6999811.95986633,-814199840.909086,74594243.9998005,199996782644.744,-147578118432.54,0.0967771356610996,0.0967770917702148,1.00000045352556,-0.135912265032865,0.407090619588414
0.173,20.0945052079355,0.361601036933496,-2.92013205984032,54.067497446067,-1241.1109757743,4109.23023541328,164411.114310194,110594.895913505,-6057363.23855699,-6999006.7750828,-614203058.264342,-72983874.4327392,199996428097.585,144345933766.182,0.0945052079355371,0.0956876915739297,0.98764225974164,-0.119212787573099,0.417955927890214
0.174,20.0909916650095,0.417741289946921,-4.08007096415648,58.2308567901959,-1079.82257707526,4216.31947837408,158079.982280521,103583.454856834,-6571568.08277254,-6999817.68263244,-414206630.166757,71362059.3334428,199995098584.309,-141865863557.158,0.0909916650094758,0.0943671968921066,0.964229817205546,-0.103201576007655,0.427996861205519
0.175,20.0863977524312,0.478097279124025,-5.08196440342238,62.4978031509216,-925.089080145379,4316.40900698851,151334.643399096,96595.6738932753,-6885777.16364714,-6999388.55507758,-214211531.582448,-70503804.2237153,199987288510.681,140140703092.573,0.0863977524312141,0.092794387760299,0.931066571120568,-0.0878590767809922,0.437288620307847
0.176,20.0808781775136,0.542769094023342,-5.93254105031523,66.8613416602782,-777.224694446349,4409.49907516617,144375.091684409,89584.3902199346,-6999995.05097424,-6999822.00775501,-14224243.0717675,69636898.8688574,28467148603.0569,-138711404958.884,0.080878177513565,0.090951299729654,0.889247077875406,-0.0731645356542383,0.445910254050086
0.177,20.0745807948859,0.611849824681309,-6.63874522021176,71.3144680391621,-636.350784863414,4495.58938089016,137372.729036666,82596.2680941209,-6999985.71974448,-6999540.81136559,14242905.5312894,-69074506.0900267,-28471188849.5443,137581616995.912,0.0745807948858541,0.0888246450465238,0.83964078715756,-0.0591010883129131,0.453936922631982
0.178,20.0676464781411,0.685425561423529,-7.20757594864897,75.8501872323732,-502.476861168566,4574.68009872829,130375.119571546,75585.1202992096,-6999978.40863797,-6999824.50895766,-14228283.3182549,68507110.9058853,28440817546.6493,-136608879987.657,0.0676464781411212,0.0864074243582668,0.782878076085707,-0.0456585994721829,0.461432633390766
0.179,20.0602091012036,0.76357539494712,-7.6460322689382,80.4614949698885,-375.602917147828,4646.77103258818,123372.767157507,68596.7811990403,-6999986.28318289,-6999621.8380456,14212534.2283944,-68101769.0817715,-28410807757.5673,135796707580.09,0.0602091012036468,0.0837007310628511,0.719337817473011,-0.0328347458844854,0.4684441543616
0.18,20.0523955380169,0.846371416200351,-7.96111511145561,85.1413960835021,-255.728958159865,4711.86231076949,116375.152006812,61585.7412610505,-6999979.15283328,-6999825.25333733,-14198273.5291729,67694938.4983188,28382122330.0422,-135081765433.081,0.0523955380168744,0.0807157481154638,0.649136497402249,-0.0206351478661356,0.474996679280612
0.181,20.0443256625403,0.933878716446573,-8.15982351188125,89.8828863223009,-142.854979519961,4769.95379348673,109372.804070935,54597.2498493901,-6999986.36519743,-6999671.19755555,14183848.8008693,-67386826.9347619,-28352749635.6495,134467479247.148,0.0443256625403166,0.0774759345851563,0.572121688852902,-0.00907272336996182,0.481091646684333
0.182,20.0361123487521,1.0261553871795,-8.24915839903916,94.678970441624,-36.9809860213924,4821.04557941116,102375.184171866,47586.2964849084,-6999978.89121439,-6999824.28486674,-14168900.8347802,67080652.3123858,28323474510.4922,-133919813734.31,0.0361123487520771,0.0740193966434223,0.487876832150404,0.00183365971090349,0.486706896028592
0.183,20.0278614706462,1.1232525201739,-8.23611881046506,99.5226442109255,61.893027366165,4865.13756387011,95372.8414093191,40597.6925572421,-6999986.05479392,-6999703.53942151,14154573.675712,-66839161.4219246,-28292495210.9261,133442245797.403,0.0278614706461902,0.0704014348894669,0.39575146003677,0.0120610932299674,0.491799118311271
0.184,20.0196719022355,1.22521420742288,-8.1277056727336,104.406912330871,153.767055989733,4902.22982489098,88375.2172254945,33586.8098114092,-6999977.72872367,-6999821.57794473,-14137921.5352141,66603084.3754779,28260549357.7168,-133014090608.782,0.0196719022355474,0.0666972570808223,0.294943197014975,0.0215849076007443,0.496308332644074
0.185,20.0116355175494,1.33207754117889,-7.93091802466139,109.324770590416,238.641105553499,4932.32228217371,81372.8806275629,26598.1207605507,-6999985.37558003,-6999725.53887364,14122627.8225027,-66411006.2333037,-28225630910.0991,132639051293.72,0.0116355175493794,0.0630048423893637,0.184676559897937,0.030381093537624,0.500163929233319
0.186,20.0038371906367,1.44387261390608,-7.65275678979414,114.269223650247,316.515171196621,4955.41499829092,74375.2522940757,19587.2962271094,-6999975.56321257,-6999817.01946008,-14103003.0875964,66228045.0604166,28188518723.7389,-132303360291.869,0.0038371906366983,0.0594479403342414,0.0645470745516832,0.0384286292878237,0.503291670402142
0.187,19.9963547955639,1.56062251831395,-7.30022100776515,119.233267317456,387.38925973019,4971.5079113758,67372.9233157733,12598.5426701309,-6999984.3069383,-6999740.6545456,14085515.6361425,-66075315.2314527,-28146558571.5979,132011162739.894,0.00364520443613969,0.0561791845197246,0.0648853212680554,0.0457114882273238,0.505620957432439
0.188,19.9892592064188,1.68234334732106,-6.88031159808641,124.209906223679,451.263365705159,4980.60107163123,60375.2906735578,5587.7662184262,-6999972.07058795,-6999810.38840711,-14061042.9354554,65935847.5084413,28100647437.134,-131752587851.58,0.0107407935812134,0.053383298306412,0.201201385488826,0.0522201354588907,0.50709165244555
0.189,19.9826142973083,1.80904419408264,-6.40002760076096,129.192136192743,508.137497696577,4982.69443227221,53372.9715227417,-1401.03501086861,-6999982.78980484,-6999750.83482445,14039604.5016786,-65816740.3431388,-28046755149.9654,131532507030.158,0.0173857026916551,0.0512803665506823,0.339032340466446,0.0579523742689203,0.507659797699731
0.19,19.9764769423638,1.94072715196361,-5.86636992984075,134.172961836111,558.011649143702,4977.78803290833,46375.334075996,-8411.77213135961,-6999966.56287814,-6999801.32165251,-14007150.6482867,65715766.6870196,27985977912.0263,-131343360658.445,0.0235230576362184,0.0501291446249216,0.469249132659726,0.0629134681801421,0.507301689461569
0.191,19.9708970157377,2.07738731456097,-5.28633762516766,139.145378993029,600.885831495564,4965.8818401039,39373.0282674457,-15400.6061297784,-6999980.72457042,-6999757.23529472,13978827.2637395,-65627593.9714259,-27911361557.1727,131191150408.971,0.0291029842622734,0.05,0.582059685245468,0.067115535801472,0.506015930846249
0.192,19.9659173916115,2.21901277568513,-4.66693159313601,144.102392262639,636.76003623187,4946.97588372208,32375.3850629143,-22411.311970324,-6999957.57808526,-6999789.25406166,-13932534.2934331,65563556.437545,27824294809.6628,-131069716298.973,0.0340826083884522,0.05,0.681652167769045,0.0705762864164288,0.503823289173424
0.193,19.9615739441917,2.3655846293774,-4.01515087262217,149.0369974984,665.63427976231,4921.07014314595,25373.0986001506,-29400.1643988833,-6999977.96497386,-6999760.5557736,13891760.5162296,-65506159.8614281,-27710824433.9639,130986806676.952,0.0384260558083191,0.05,0.768521116166383,0.0733172275177735,0.500764399008468
0.194,19.9578955477202,2.51707696989933,-3.33799635865413,153.942199294721,687.508550055708,4888.16463855948,18375.4480446959,-36410.8469001415,-6999941.61667462,-6999773.31229655,-13819063.9177343,65480646.8155239,27572734213.1947,-130937092072.234,0.0421044522797622,0.05,0.842089045595245,0.0753615253024466,0.496895561471682
0.195,19.9549040764702,2.67345689174544,-2.64246708753373,158.810993518163,702.382872978673,4848.25936273216,11373.1923517646,-43399.702737709,-6999974.31348575,-6999761.21151714,13753670.2954604,-65456445.2567099,-27374876458.6211,130931073962.327,0.0450959235298178,0.05,0.901918470596357,0.0767317304776499,0.492283071842606
0.196,19.9526144047622,2.83468448964084,-1.93556393581913,163.636384766398,710.257229832225,4801.35432544256,4375.53239401681,-50410.3703261941,-6999908.0814196,-6999752.11979269,-13621206.1631607,65474628.705617,27119509860.2201,-130963867441.088,0.0473855952378059,0.05,0.947711904756119,0.0774475924556299,0.486996646108915
0.197,19.951034406958,3.00071285854896,-1.22428593269114,168.411368918068,711.131667964082,4747.44953466678,-2626.66637217433,-57399.2124428741,-6999969.53265265,-6999759.42480761,13498303.6970594,-65489238.7354712,-26666153830.4257,131050492070.038,0.0489655930419914,0.05,0.979311860839829,0.0775241732033895,0.481102596520685
0.198,19.9501649574916,3.17148809367858,-0.515633919290551,173.128950583312,705.006155453121,4686.54498807555,-9624.33111195019,-64409.8747383712,-6999804.3058708,-6999723.41750806,-13167850.1333662,65561253.3345663,26017477483.5426,-131186222685.808,0.0498350425083736,0.05,0.996700850167471,0.076970440890143,0.474657423889618
0.199,19.9499999308628,3.34694929048581,0.183393104707507,177.782125651949,691.880811608109,4618.64071241137,-16626.3830966404,-71398.6818996596,-6999963.4172624,-6999755.2755164,12849627.3501764,-65624969.3512413,23339199928.1131,131393961399.08,0.05000006913723,0.05,1.0000013827446,0.0757884735939757,0.467702443826482
0.2,19.9505262017838,3.52702854469279,0.865794794092224,182.363898758107,671.757560874059,4543.73669012745,-23616.031833573,-78409.3506662851,-6975444.18994816,-6999683.2641681,36188827.2782894,65768992.047839,-121432721499.709,-131668916744.227,0.0494737982162121,0.05,0.989475964324242,0.0739733445892676,0.460259957813528
0.201,19.9517236488424,3.71165095228258,1.5245822609463,186.867265802158,644.654778719996,4461.83297312289,-30593.6203967987,-85398.0942538866,-6999971.72341973,-6999748.73049237,-85243894.2214197,-65899924.6963875,199840835928.521,132049007455.251,0.0482763511575826,0.05,0.965527023151651,0.071513724912377,0.452331321015903
0.202,19.9535651674577,3.90073460953363,2.15277168102536,191.285231457943,610.555291847281,4372.92952322495,-37602.907261341,-92408.784778818,-6985295.19967689,-6999624.15146114,114596941.707101,66149082.7588629,199952359997.303,-132529195153.972,0.0464348325423067,0.05,0.928696650846135,0.0683931910494234,0.443897072583165
0.203,19.9560166598121,4.09419061300522,2.7433677445176,195.610791636556,569.487167824719,4277.02642916773,-44497.5785968315,-99397.422588092,-6770722.07797113,-6999739.66627926,314549301.704404,-66380112.3951092,199964758565.025,133179942761.056,0.0439833401878502,0.05,0.879666803757004,0.0645917883353224,0.434919088280448
0.204,19.959037075663,4.29192305959525,3.28949244195813,199.836951075146,521.66498493746,4174.12362255872,-51077.6985641896,-106408.155653442,-6356190.39698422,-6999529.80729384,514514060.26943,66799830.3659464,199966776914.119,-133995861983.246,0.0409629243369665,0.05,0.819258486739329,0.0600884150694162,0.425344522846548
0.205,19.9625786273718,4.49382904651255,3.78458231702299,203.956705698271,467.503275467194,4064.22125214577,-57143.3041348867,-113396.618189217,-5741692.94825773,-6999727.90791952,714480837.183549,-67196031.6172998,199963849734.865,135133881647.043,0.03742137262822,0.05,0.7484274525644,0.0548649832407077,0.415111133836402
0.206,19.966587204437,4.69979867137292,4.22258842799832,207.963060346286,407.616536824782,3947.31920124239,-62494.4293562635,-120407.421799337,-4927230.18620674,-6999356.99871329,914444686.918414,67937850.0297434,199955315916.834,-136588422401.91,0.0334127955629562,0.05,0.668255911259124,0.048912174791857,0.404153454724667
0.207,19.9710029879921,4.90971503215276,4.59817631327019,211.849010969635,342.819231294731,3823.41773273444,-66931.1113130249,-127395.574610102,-3912807.84132991,-6999713.3598845,1114400002.83525,-68650572.372167,199935018686.275,138852083970.583,0.0289970120079381,0.05,0.579940240158763,0.0422362180509014,0.392409202721773
0.208,19.9757612652665,5.12345422735903,4.9069259537268,215.607562592832,274.125780020626,3692.51664518583,-70253.3966498228,-134406.471242178,-2698440.32915153,-6998937.89027138,1314335021.52152,70201511.5984162,199869490555.071,-141921079409.43,0.0242387347335473,0.05,0.484774694670946,0.0348660124175745,0.379825299415131
0.209,19.9807934440061,5.34088535596141,5.14553172490597,219.231711255135,202.750546938587,3554.61649187214,-72261.3578864544,-141393.961889885,-1284170.56235247,-6999696.91837768,1514204512.07659,-71719567.811014,123933496554.471,151197988972.699,0.019206555993879,0.05,0.38413111987758,0.026859903843396,0.366362918124709
0.21,19.9860282667282,5.56187051776046,5.31200168910808,222.714462421577,130.104635085326,3409.71702817797,-72767.7706100095,-148404.318927339,292000.698001357,-6995817.49170234,1638138008.63106,79478421.1616846,-199855036093.407,-166909466681.398,0.0139717332717595,0.05,0.27943466543519,0.0183114551771369,0.352001086578721
0.211,19.9913932183134,5.78626481358108,5.40583769596313,226.048813241398,57.7475605325849,3257.8210923472,-71690.0100803749,-155388.215452908,1830211.18858572,-6999793.80388135,1438282972.53766,-87431045.5197134,-199920180793.755,198820751018.858,0.00860678168660911,0.05,0.172135633732182,0.00935359907222283,0.336738505697916
0.212,19.9968160694214,6.01391634722221,5.4281035491093,229.227771607598,-12.7959601322738,3098.92669234939,-69173.9774356526,-162398.587987713,3168534.07072649,-6987814.47389164,1238362791.7439,111389705.499145,-199939297573.524,199641162314.188,0.00318393057856881,0.05,0.0636786115713761,0.000160228843787188,0.32059344945334
0.213,20.0022263880585,6.24466622579124,5.38129862155983,232.244340675122,-80.1876075380048,2933.06108045741,-65419.5851853164,-169297.434081802,4306927.21368363,-6776604.1872354,1038423494.17038,311030867.813333,-199945762883.048,199722308495.774,0.00222638805848518,0.05,0.0445277611697037,-0.0090565266863225,0.303601746003936
0.214,20.0075568774432,6.47834860127839,5.26916064406235,235.091638228479,-143.288989607571,2760.43550452281,-60626.7705183614,-175885.235783715,5245377.82641248,-6365712.16517418,838477731.287328,510753176.309106,-199945121713.341,199713255293.245,0.0075568774432071,0.05,0.151137548864142,-0.0180544034176117,0.285813479657189
0.215,20.0127445143977,6.71479088234881,5.09646576919612,237.763093108742,-201.161655970916,2581.46085957153,-54995.4780132575,-181962.285818186,5983882.99684313,-5755102.36121845,638532609.573987,710466431.602351,-199936379534.106,199627596427.944,0.0127445143977383,0.05,0.254890287954765,-0.0265738728169556,0.267290003166911
0.216,20.0177314877978,6.95381414524159,4.86882862744029,240.252644908009,-253.067101066637,2396.74775146119,-48725.6514415497,-187328.883697532,6522447.41665007,-4944822.13140213,438596230.03988,910094028.030294,-199908199802.278,199305517737.328,0.0177314877978283,0.05,0.354629755956566,-0.0343544763402101,0.248101828000908
0.217,20.0224659370788,7.19523374437138,4.59250238416357,242.554943662063,-298.466758936514,2207.10644343253,-42017.2239431801,-191785.441228629,6861089.54678881,-3935075.34450317,238688030.237602,1109399545.76762,-199735593953.798,-27442255175.2643,0.022465937078799,0.05,0.449318741575979,-0.0411529912867202,0.228327592643226
0.218,20.0269024908032,7.43886012226037,4.27417880905124,244.665547535286,-337.021979084341,2013.53722102865,-35070.0796469315,-195170.390509444,6999909.78004951,-2839396.92632318,38952436.2838037,1081957290.59236,-81033915833.3233,-199276743747.19,0.02690249080322,0.05,0.538049816064401,-0.0467616380846954,0.20805419216722
0.219,20.0310026054844,7.68449980043908,3.92078938950899,246.581069749153,-368.588988181694,1817.11915507349,-28064.1993013789,-197502.021581096,6998345.25841665,-1857078.00760441,-42081479.5495196,882680546.845168,86860482300.6568,-199590880154.791,0.0310026054844172,0.05,0.620052109688345,-0.0510245554795662,0.187377862472277
0.22,20.034734714381,7.93195644246239,3.53933366299538,248.299163495534,-393.157409247027,1618.82739162639,-21072.4180356869,-198951.02446197,6999694.02001746,-1074192.90083664,44779002.7511372,683089666.690377,-115882062468.591,-199658565413.894,0.03473471438096,0.05,0.6946942876192,-0.0538508676546394,0.166405041847663
0.221,20.0380742491358,8.18103182180673,3.13680756050844,249.818363141027,-410.727345524849,1419.44479988489,-14069.648191372,-199716.948957031,6986531.9915343,-490932.516853211,-71103059.7174536,483431101.276483,168578479815.137,-199611535780.127,0.0380742491357857,0.05,0.761484982715714,-0.0552225023162596,0.14525130301035
0.222,20.0410036388293,8.43152660448537,2.72020825507967,251.13788612388,-421.308554127081,1219.55463937232,-7090.57131639392,-199999.434512542,6999718.17172441,-107307.183466791,97475420.0976835,283819565.496356,-195635855861.322,-199291217922.501,0.0410036388292809,0.05,0.820072776585619,-0.0551950486763769,0.12403760756102
0.223,20.0435123032409,8.68324093230709,2.29652346616672,252.257433326521,-424.891171948258,1019.54055072821,-74.7214105975588,-199998.047116248,6999375.66389143,76866.7730683145,-98160435.7636386,84528347.5738551,-199430722976.465,-197681205026.184,0.0435123032409059,0.05,0.870246064818119,-0.0538914957250147,0.102884143786291
0.224,20.0455966592132,8.93597480653375,1.87275574418296,253.176989539491,-421.490875212994,819.586788339554,6842.33558158265,-199911.863036897,6801499.86663956,62554.5181290778,-297591158.740104,-113152857.452329,-199666833839.933,9735762846.77936,0.0455966592131993,0.05,0.911933184263987,-0.0514893648269983,0.0819023750285534
0.225,20.0472600905476,9.18952827250059,1.45580555654997,253.896626188494,-411.305707675959,619.687749408931,13461.7620632122,-199904.262320353,6404075.29097949,-45730.4578998611,-497257992.580036,-103417094.605549,-199703865210.331,183047768139.219,0.0472600905476241,0.05,0.945201810952483,-0.0482030551770824,0.0611860999821517
0.226,20.0485127492926,9.44370142267373,1.05227569250555,254.416351401352,-394.733105293737,419.751012667533,19583.9243803666,-199971.193364199,5806965.36579429,-57623.6684358011,-696961857.790367,79630673.5336692,-199675789210.977,-52476526693.2885,0.0485127492926374,0.05,0.970254985852748,-0.0442644627178377,0.0408025776638276
0.227,20.0493711582914,9.6982943192389,0.668271672920642,254.736110094033,-372.370178364655,219.762092726093,25009.1295190639,-199997.74778365,5010165.61339843,-4231.25824877609,-896637647.001344,27154146.8403807,-199567843907.574,-38428036195.9725,0.0493711582914429,0.05,0.987423165828858,-0.0399040723241749,0.0207855639535046
0.228,20.0498576140712,9.95310697741795,0.309202063950427,254.855873418847,-345.013720973555,19.7651538362836,29537.7150016437,-199994.806641178,4013744.0444433,3708.87049361836,-1096205490.90892,-11273889.3555918,-199192473918.209,-4361688874.51252,0.0498576140711791,0.05,0.997152281423581,-0.0353343655341962,0.00113228495792427
0.229,20.0499993900548,10.2079394010005,-0.0204211773476359,254.775641281415,-313.660134551255,-180.229859088244,32970.1575549795,-199997.461663508,2817942.31657528,-9745.86329922971,-1295397964.82713,-15635578.2301043,-108292267776.839,123563866520.28,0.0499993900547793,0.05,0.999987801095585,-0.0307371290957753,-0.0181954917551366
0.23,20.0498277403053,10.4625915940773,-0.317181453419404,254.495411445401,-279.501417676616,-380.229651118668,35122.3521778451,-199994.431338169,1468398.21785973,36400.4917308059,-1403690232.60397,107928288.290176,199197046968.846,-157881739036.324,0.0498277403052896,0.05,0.996554806105792,-0.0262558481157581,-0.0372671814268421
0.231,20.0493767116309,10.7168635604887,-0.578933789088422,254.015193826693,-243.870514884985,-580.194472568716,35922.104787231,-199930.380325466,164306.508740192,65387.9105028194,-1204493185.63512,-49953450.7461484,199585345401.747,-95690460894.8794,0.0493767116308952,0.05,0.987534232617904,-0.0219937837264239,-0.0561762453070455
0.232,20.0486818266877,10.9705553375244,-0.804864391166524,253.335042183132,-208.058689651598,-780.104471616592,35517.4289273872,-199905.917550485,-940394.004194053,-32410.7706907686,-1004907840.23337,-145643911.641028,199706765482.905,196543620031.525,0.0486818266876909,0.05,0.973636533753819,-0.0180172406341745,-0.075030471086726
0.233,20.0477788052432,11.2234670075276,-0.995361305625425,252.454974920312,-173.170621251118,-980.042679220195,34107.8654639903,-199978.393006991,-1845448.46168597,-79782.8723160338,-805201074.750467,50899708.3904972,199760792542.17,199104188915.112,0.0477788052432331,0.05,0.955576104864662,-0.0143620157536391,-0.0939411973518824
0.234,20.046702459945,11.4753986287526,-1.15181745425967,251.374933527466,-140.11135683074,-1180.04418437074,31893.1099303528,-199999.541993626,-2550769.14016535,70668.9305320195,-605440282.208296,250003897.305609,199786465693.892,199575195897.321,0.0467024599449815,0.05,0.934049198899629,-0.0110410363597861,-0.113013111217632
0.235,20.0454857912807,11.7261502122359,-1.27643094610647,250.094913430209,-109.586213748101,-1379.95840894972,29072.9183933656,-199770.608581792,-3056316.1895267,420460.425786289,-405653816.514405,449579093.20293,199795867010.544,199644737875.818,0.0454857912807256,0.05,0.909715825614512,-0.008052189865518,-0.132334371042012
0.236,20.0441592822647,11.9755218729032,-1.37200532396628,248.615160189875,-82.1007375911254,-1579.43553893901,25847.0746067501,-199092.084486425,-3362072.07253584,969861.887927128,-205857949.50386,649223831.078748,199792801586.133,199583583039.337,0.0441592822646832,0.05,0.883185645293665,-0.00538557599744793,-0.151966765347827
0.237,20.0427503928934,12.2233141794078,-1.441749782074,246.93636896653,-57.9606839788278,-1777.926172527,22415.3723597267,-197764.346752452,-3468033.62124663,1718877.51052554,-6065147.91772791,848807414.118085,199776810034.707,199274454365.319,0.0427503928933533,0.05,0.855007857867065,-0.00302948270016803,-0.171936626587943
0.238,20.0412832543902,12.4693287035337,-1.48907937338425,245.059884127808,-37.2720152539592,-1974.68130951957,18977.602299527,-195587.853125806,-3374210.364147,2667322.15182629,193711662.116979,1048081868.4834,199742929531.725,90445332852.4704,0.0412832543902084,0.05,0.825665087804168,-0.000974520220063542,-0.192227366108168
0.239,20.0397785632425,12.7133687690293,-1.5174152200388,242.987897869206,-19.9409102374224,-2168.75705270251,15733.5382546938,-192381.415817596,-3080627.23726416,3760626.68673593,393454591.648703,1138527201.33587,199676881220.587,-199312037745.443,0.0397785632424998,0.05,0.795571264849997,0.000784465805513536,-0.212774337515149
0.24,20.0382536750204,12.9552403907065,-1.52998474110643,240.723622657409,-5.67378996603504,-2359.07670531142,12882.9177934574,-188084.74420315,-2587334.20500517,4799497.86919908,593131472.86929,939215163.590431,199533599238.482,-199635015687.466,0.0382536750203677,0.05,0.765073500407354,0.00224886051597823,-0.233462588670053
0.241,20.0367228979515,13.1947533350825,-1.52962191795187,238.271340966648,6.02262987036627,-2544.61348284503,10625.40492476,-182848.91125477,-1894435.93251663,5638895.52494578,792665072.107771,739580147.902965,199085257267.481,-199722379082.654,0.0367228979515453,0.05,0.734457959030905,0.00341904993560839,-0.254128354705615
0.242,20.0351979861966,13.431722135329,-1.51856763818606,235.636271995582,15.841222893272,-2724.52800474514,9160.48240450846,-176873.512719053,-1002228.23177512,6278614.48330741,991750329.375252,539857768.820311,-17460253862.6403,-199736186913.023,0.0351979861965681,0.05,0.703959723931362,0.00429919625309731,-0.274565726824357
0.243,20.0336888323977,13.6659669302337,-1.49827203470089,232.82437449983,24.6651553928779,-2898.18055626885,8651.21929511053,-170358.258715821,-19208.0293311891,6718604.15867121,974290075.512612,340121581.907288,-199069648312.938,-199673307882.825,0.0336888323977256,0.05,0.673776647954512,0.00490352453448729,-0.294539049350919
0.244,20.0322043418529,13.8973141039112,-1.4692455344926,229.842147089352,33.4608577838952,-3065.13114569618,9085.97802881682,-163502.872650844,855547.222024954,6958889.08663709,775220427.199674,140448274.024463,-199516104761.646,-199155973883.518,0.0322043418528679,0.05,0.644086837057358,0.00526331792349754,-0.313799993785277
0.245,20.0307533829078,14.1255967257964,-1.4310684582737,226.696428514556,43.095499657226,-3225.13946392362,10295.8827803147,-156506.952089508,1531009.5968438,6999759.37371979,575704322.438028,-58707699.8590545,-199657817953.655,116447800577.23,0.0307533829078075,0.05,0.61506765815615,0.00543290559981335,-0.33210759510941
0.246,20.0293456464921,14.3506547914161,-1.38254752509523,223.394200725394,54.2445188806209,-3378.15146895122,12081.4682353852,-149517.138598955,2006885.01030501,6999275.57414935,376046504.484373,57740100.7181752,-199721634570.7,-114972549031.571,0.0293456464921285,0.05,0.586912929842569,0.00549244924027674,-0.349249259493877
0.247,20.0279923212811,14.5723352888419,-1.32191378700446,219.942458680806,67.3837823037989,-3524.16413693585,14243.0895588373,-142508.155065952,2283070.69750403,6999529.40035174,176324869.913674,-57232448.3133959,-199752159707.829,114469666919.277,0.0279923212810509,0.05,0.559846425621018,0.00554638829771926,-0.365060444312472
0.248,20.0267065695533,14.7904922054242,-1.24702226587008,216.348205623799,82.7894716830526,-3663.17729647356,16581.0306646802,-135518.163611937,2359519.48756379,6999531.78549798,-23427289.7941555,57237218.6058806,-199762965812.729,-114364427718.808,0.0267065695533475,0.05,0.53413139106695,0.00571760437088884,-0.379439998206978
0.249,20.0255038033691,15.0049865280044,-1.15555166643522,212.618437265997,100.538034086307,-3795.1909198408,18895.5426797114,-128509.073955089,2236210.71486327,6999586.79024446,-223190255.606884,-57127209.1129269,-199757637301.997,114332862891.952,0.025503803369066,0.05,0.51007606738132,0.00613792211852532,-0.392359207045562
0.25,20.0244017610149,15.2156862429637,-1.0452041234642,208.760156979451,120.506160512628,-3920.204957733,20986.8653272209,-121518.995292253,1913141.64060538,6999626.01257751,-422947892.908881,57205653.7790248,-199733562438.383,-114407218409.612,0.0244017610148752,0.05,0.488035220297505,0.00693591597662669,-0.403863681837164
0.251,20.0234203836948,15.4224663362673,-0.913904960623089,204.780360558583,142.370783112898,-4038.21937271077,22655.2440942988,-114509.834322521,1390326.96647731,6999628.05715172,-622681455.347264,-57201564.6305868,-199678829551.871,114520217179.7,0.0234203836948197,0.05,0.468407673896394,0.00822324220369755,-0.41406799354419
0.252,20.0225814924637,15.6252087935007,-0.760002443352848,200.686051444323,165.609090496647,-4149.2341549231,23700.9505281772,-107519.720344821,667806.096354111,6999686.60111099,-822360284.899135,57318652.5491135,-199553326273.245,-114693680021.59,0.0225814924637149,0.05,0.451629849274298,0.0100808441854514,-0.423143666558061
0.253,20.0219082654191,15.8238025998861,-0.58246750453231,196.484225476158,189.49856930359,-4253.24925776195,23924.3175943695,-100510.490030772,-254330.851681646,6999658.4136493,-1021913611.17238,-57375027.4724768,-199152492534.229,114890144315.626,0.0219082654191212,0.05,0.438165308382423,0.0125463746090264,-0.431301782557437
0.254,20.0214245151958,16.0181437403189,-0.38109340424472,192.181886149908,213.117104516401,-4350.26469400113,23125.8378550126,-93520.3707734732,-1375820.70912114,6999728.45833464,-1221066103.70661,57515116.8431491,-99093644453.7209,-115125278428.978,0.0214245151958465,0.05,0.428490303916931,0.0156040432404941,-0.438771953121615
0.255,20.0211537670111,16.2081351993681,-0.156694387787024,187.786029329016,235.347392097716,-4440.28041157923,21122.9684866292,-86511.0723031219,-2646433.63505461,6999680.9359633,-1320159748.16033,-57610161.5858291,199156348368.022,115375970656.823,0.0211537670111248,0.05,0.423075340222496,0.0191778499985264,-0.445779753166473
0.256,20.0211181458213,16.3936869613128,0.0887200692615599,183.303658555817,254.935415323307,-4523.29643777585,17849.6477022225,-79520.9671195087,-3867015.20903092,6999758.75970588,-1121003399.79231,57765809.0709937,199560991482.392,-115654125487.775,0.0211181458213332,0.05,0.422362916426664,0.0231289030002637,-0.452524828123006
0.257,20.0213371383494,16.5747160101326,0.35189076043441,178.741769704066,270.67303656236,-4599.31271680256,13455.3909585425,-72511.6011428486,-4888238.11308203,6999697.50603299,-921442408.309914,-57888316.4167811,199681157014.631,115944491440.811,0.0213371383493843,0.05,0.426742766987687,0.0272576724479598,-0.459161797613715
0.258,20.0218263971153,16.7511463295441,0.628440056699823,174.107366357134,281.539054777852,-4668.32928622465,8139.71183414124,-65521.5237131172,-5709839.94288463,6999781.43533661,-721761251.295283,58056175.0240299,199722396980.558,-116256634232.618,0.0218263971153156,0.05,0.436527942306313,0.0313125252467014,-0.465785776630636
0.259,20.0225967196708,16.9229089029841,0.913068918372102,169.407444389494,286.711874865209,-4730.34608721735,2102.2783317724,-58512.090295974,-6331739.99568963,6999709.29324433,-522038854.314725,-58200459.2085883,199714042514.317,116579922859.408,0.0225967196707586,0.05,0.451934393415172,0.0350049257447433,-0.472423866707105
0.26,20.0236532270108,17.0899417136464,1.19975655506867,164.649007421824,285.569598141856,-4785.36316544646,-4457.19541732221,-51522.0512451907,-6753921.8287472,6999798.79546545,-322324811.800409,58379463.6508194,199618935443.101,-116922511599.16,0.0236532270108398,0.05,0.473064540216797,0.03802997381113,-0.479033368412975
0.261,20.0249947416769,17.2521897444593,1.48196013515438,159.839051322011,277.690038463837,-4833.38045915462,-11339.0098293958,-44512.5498031664,-6976437.17282606,6999717.00331668,-122705876.357308,-58543047.9483402,198733308982.067,117276638877.957,0.0249947416768777,0.05,0.499894833537553,0.0400902207672616,-0.485506806988992
0.262,20.0266133655649,17.4096049781234,1.75281447254077,154.984579745467,262.850639623176,-4874.39802110417,-18343.6777222368,-37522.5582173442,-6999776.39469233,6999812.27480732,76027432.624759,58733590.9296173,-90099990834.9896,-117649718975.185,0.0266133655648773,0.05,0.532267311297545,0.0409204057028787,-0.49168319523885
0.263,20.0284942569287,17.5621463970834,2.00532906088015,150.092588547452,241.015990776079,-4908.41578632391,-25320.4570657559,-30512.987433568,-6968798.95748507,6999721.00624934,-14072558.2102305,-58916128.0455674,-33665850264.7924,118035848725.529,0.0284942569286812,0.05,0.569885138573625,0.0403106894507602,-0.497364362187972
0.264,20.0306155833781,17.7097799835678,2.2325224897251,145.170081416373,212.207386061451,-4935.43381444866,-32301.9032773902,-23523.0518498872,-6999704.44082769,6999822.80256654,-47738408.4750229,59119720.6799612,99034170767.636,-118442262451.911,0.0306155833781148,0.05,0.612311667562295,0.0381259181362974,-0.502334693837178
0.265,20.0329485339957,17.8524787195558,2.42741114292545,140.224054189436,176.401800586016,-4955.45203670476,-39308.9712273275,-16513.409564056,-6997925.7639189,6999721.39202054,51295762.2926131,-59322541.7719496,-106238577535.011,118864296891.235,0.0329485339956967,0.05,0.658970679913935,0.0343179548289403,-0.506382325236627
0.266,20.0354573032434,17.9902225868177,2.5829933889391,135.261510586944,133.597989163048,-4968.47051998406,-46298.9555396893,-9523.53872677284,-6999749.29039379,6999830.99869421,-54942815.2423979,59541755.1192857,111741298522.8,-119309563811.377,0.0354573032433834,0.05,0.709146064867667,0.0289291189950845,-0.509319702140171
0.267,20.0380990871754,18.1229985668783,2.69227391734409,130.289446422756,83.7946577297262,-4974.48919081746,-53307.5526879505,-2513.82177782089,-6998821.45637479,6999717.97190781,56798483.2804021,-59767808.6920915,-115518429411.328,119774240869.408,0.0380990871754285,0.0505440642550839,0.75377965220904,0.0220869036205508,-0.511001522218605
0.268,20.0408240825248,18.2508006410586,2.748249732437,125.314865448505,26.9923474595763,-4973.50812431741,-60297.2279742536,4475.97466321911,-6999782.18780005,6999837.28365042,-58719946.1309255,60006432.1773164,118755927917.37,-120266986336.107,0.0408240825248427,0.0521615910398114,0.782646420690743,0.0139905007232938,-0.511338341034061
0.269,20.043575486911,18.3736297904336,2.74392537851313,120.34476344911,-36.8096101026026,-4965.52724106476,-67306.5774804662,11485.7706652355,-6999124.16997229,6999710.22265968,60035981.7864443,-60260554.1587905,-121434070294.738,120784547622.75,0.0435754869110241,0.0545829904184154,0.79833454665984,0.00489053188440052,-0.510304575770592
0.27,20.046289498423,18.4914939958775,2.67229744852395,115.38614420743,-107.610803424019,-4950.5466260244,-74295.9226712611,18475.4813687529,-6999805.22333321,6999841.94231227,-61398088.5082936,60523993.4639599,123918672368.018,-121337577660.758,0.0462894984230466,0.0575746329288858,0.803991203560461,-0.0049359773137513,-0.507940195669235
0.271,20.048895315818,18.6044082380147,2.52637052396233,110.4460034731,-185.411698443683,-4928.56619208465,-81305.7738267871,25485.362378187,-6999243.97565749,6999697.14694585,62520583.859724,-60813584.1967981,-126194297214.482,121923198729.717,0.0488953158179868,0.0609391499151078,0.80236294543165,-0.0152128724200075,-0.504346016112011
0.272,20.051315138241,18.7123944972688,2.29914095134783,105.531345060523,-270.211932256706,-4899.58603659708,-88294.7898933838,32474.9732661561,-6999820.54040501,6999845.1621139,-63673713.3547578,61109614.5329186,128470004989.804,-122555595609.652,0.0513151382409944,0.0645121666832908,0.795433495404294,-0.0256917249373897,-0.499673131355986
0.273,20.0534641654165,18.8154817538058,1.98361340489968,100.649164676357,-362.011891788977,-4863.60606229726,-95305.0356229679,39484.9473029348,-6999259.25126487,6999676.978842,64796291.6350461,-61445981.0767338,-130733155111.98,123232116235.232,0.0534641654165213,0.0681590943880214,0.784402520258799,-0.0361756497870014,-0.494107589791949
0.274,20.0552505974255,18.9137059875879,1.5727840624932,95.8064661672256,-460.811204870435,-4820.62638283024,-102293.685587601,46474.4399772777,-6999829.53718581,6999847.05588288,-65936863.4769336,61786135.1584983,133220141312.225,-123973274954.978,0.0552505974255126,0.0717720070579851,0.769807055567991,-0.0465378159128584,-0.487851858964626
0.275,20.056575634914,19.0071101783067,1.0596577393713,91.0102451868717,-566.610243864653,-4770.64688718895,-109304.280199639,53484.5178882473,-6999156.33000663,6999646.55356388,67283277.8352908,-62187139.7964801,-135919933711.71,124776522822.365,0.0565756349139619,0.0752666271933444,0.751669591472868,-0.0567329066581456,-0.481104926452704
0.276,20.0573334788918,19.0957443054433,0.437230500155622,86.2675056150593,-679.408551680228,-4713.66771152544,-116292.448213014,60473.86695905,-6999833.01902719,6999847.67517859,-68636655.8764187,62589383.0258849,139450913544.606,-125674433652.406,0.057333478891767,0.0785794403870037,0.729624423505686,-0.0668005121539521,-0.474042986125803
0.277,20.0574113310034,19.1796653481878,-0.301492612237332,81.5852430388966,-799.20654539067,-4649.6887255997,-123303.357741055,67484.0635867995,-6998744.21813131,6999599.84137827,70814257.6681873,-63085050.6265215,-143802961628.122,126664454404.85,0.057411331003383,0.0816649564035163,0.703010612284011,-0.0768602150708775,-0.466802584601483
0.278,20.0566893933349,19.258937285508,-1.16351554163216,76.9704613720572,-926.003464654581,-4578.71009858171,-130290.661990624,74473.2316452653,-6999831.44127718,6999847.01795417,-72988703.959935,63579403.7783286,145865974454.235,-127804782658.303,0.0566893933348851,0.0844931311915088,0.670934933236113,-0.0870989614384027,-0.459467832973313
0.279,20.0550408688853,19.3336310960486,-2.15583280150181,72.4301561145698,-1059.8001294009,-4500.73167205945,-137302.676788138,81483.5675679989,-6999887.15801,6999524.03040335,72877270.4943004,-64225378.8799748,199769124016.583,129092766965.41,0.0550408688853032,0.0870469613522679,0.632312352209055,-0.0977520295471118,-0.452062880935911
0.28,20.0523319614624,19.4038247582127,-3.28544621586081,67.9713312133483,-1200.58227984279,-4415.75366784077,-144232.830456898,88472.4943701232,-6827125.32550741,6999845.03500608,272646394.510883,64867388.0854348,199902050187.546,-130651749544.607,0.0523319614624462,0.0893202597526749,0.585891281634781,-0.109079541004766,-0.444550315418949
0.281,20.0484219033877,19.4696032500272,-4.55926973903612,63.600982047575,-1348.1749026446,-4323.7758835447,-150890.315576786,95482.9978075812,-6454527.90590275,6999386.54831921,472548444.698429,-65784361.4591723,199926009849.841,132478922354.434,0.0484219033877267,0.091315618180026,0.530269677332353,-0.121340576177671,-0.436835570218229
0.282,20.0431631330884,19.5310585492428,-5.98394419855149,59.3261125903348,-1502.20539384981,-4224.7986365681,-157075.248258698,102471.571995563,-5882016.4562794,6999841.64803725,672474454.548269,66694560.8952617,199931407879.996,-134926839546.673,0.0431631330883562,0.0930425603182288,0.463907409047295,-0.134766255724895,-0.428776837410527
0.283,20.0364016677825,19.5882896331387,-7.56563786674269,55.1537180345889,-1662.10124078556,-4118.82164994002,-162587.70558639,109482.273117457,-5109576.29779113,6999072.78915918,872405862.428265,-68232278.6514111,199927358310.161,137992706587.935,0.036401667782453,0.0945158857831844,0.385138090605816,-0.149533980282463,-0.420199453703199
0.284,20.0279776759931,19.6414024786449,-9.30984654006549,51.0908023402667,-1827.09000323718,-4005.84546277832,-167227.757726582,116470.228551722,-4137206.75620779,6999836.86380173,1072333220.73843,69760427.9365241,199912816809.163,-143928918123.722,0.0279776759930961,0.0957542036360033,0.292182222092823,-0.165745273599738,-0.410913299599083
0.285,20.0177262499886,19.6905100619998,-11.2211936101343,47.1443603385184,-1996.19931243771,-3885.86968609496,-170795.479069619,123480.957476471,-2964917.12706478,6997632.83267639,1272246037.54759,-74168490.1871978,199876567144.637,152734298936.392,0.0177262499886126,0.0967786515721818,0.183162812259185,-0.183409338478417,-0.400731489738986
0.286,20.0054783781505,19.735732358817,-13.3032301390717,43.3213955857325,-2168.25688087431,-3758.89590968806,-173090.960416719,130466.961780543,-1592732.80594487,6999831.49195739,1472122604.69222,78565808.7491937,199754929451.343,-157072258295.607,0.00547837815052077,0.0976117950347742,0.056124141027927,-0.202433853747905,-0.38948851083349
0.287,19.9910621172589,19.7771963430377,-15.5582349525558,39.6289017601566,-2341.89053080449,-3624.92248253751,-173914.339432076,137479.897467159,-20732.7365269746,6999861.17155878,1671877534.14357,-78506449.5464135,-194392591931.697,-199734903797.181,0.0089378827411295,0.0982766986535838,0.0909461028258051,-0.22262381717354,-0.377056065390307
0.288,19.9743039641161,19.8150359876021,-17.9870180669067,36.0738809343217,-2515.54469004047,-3483.96406118049,-173131.532166853,144407.216263312,1553948.50165074,6821487.27011378,1477484942.21187,-278241353.343594,-199764758077.424,-199882851536.878,0.0256960358838683,0.0987961609130588,0.260091441270485,-0.243688452065761,-0.363355080335196
0.289,19.9550303952316,19.8493922360076,-20.5888096344474,32.6632441367377,-2687.66132399771,-3336.20080329315,-170872.135320442,151056.269048165,2931551.0648239,6443304.49100174,1277720184.13445,-478124204.880472,-199870852746.677,-199909108114.329,0.0449696047683759,0.0991921011848657,0.453358727471307,-0.265255710823368,-0.348363062453423
0.29,19.933069408764,19.8804128199965,-23.3613668615106,29.4036237642994,-2856.86305837392,-3182.01089891314,-167335.035972342,157227.19325204,4109335.82258501,5865225.7320641,1077849331.38777,-678033312.9948,-199902643681.009,-199912836342.081,0.0669305912360088,0.0994850868324193,0.672770094162475,-0.286894483298453,-0.332117355326374
0.291,19.9082519011274,19.9082518813,-26.3011693040335,26.3011740823059,-3021.97211415656,-3021.97242804875,-162720.092591344,162720.08352155,5087233.83213227,5087236.00089826,877946687.70676,-877946149.336881,-199912834634.77,-199902646075.115,0.0917480988726069,0.099693989473371,0.920297195019099,-0.308143881563827,-0.314714441043561
0.292,19.8804128447575,19.9330693935565,-29.4036186770087,23.3613713217398,-3182.01059508533,-2856.86338016189,-157227.20422113,167335.029340101,5865224.10252165,4109338.52852382,678033853.07199,-1077848795.412,-199909106575.132,-199870857223.949,0.0669306064434814,0.0994850870412226,0.67277024561227,-0.328546989798121,-0.296305441753717
0.293,19.8493922660059,19.9550303843225,-32.6632387513529,20.5888137700458,-3336.20051115912,-2687.66165097582,-151056.281376502,170872.131661381,6443303.40230607,2931554.30449985,478124746.496858,-1277719652.63594,-199882849644.734,-199764772639.299,0.0449696156774984,0.0991921014981975,0.45335883601897,-0.347685750566991,-0.277088306900051
0.294,19.8150360231298,19.9743039571787,-36.0738752631258,17.9870218742595,-3483.96378182879,-2515.54501896982,-144407.229409222,173131.53201079,6821486.72398056,1553952.26554426,278241896.852124,-1477484425.27524,-199734898128.161,-194393559879.797,0.0256960428213446,0.0987961613603296,0.260091510313098,-0.365213580086265,-0.257297487480498
0.295,19.7771963843741,19.9910621139644,-39.6288958162503,15.5582384315419,-3624.92221651397,-2341.89085796213,-137479.910886503,173914.34313705,6999861.1717686,-20728.9396708821,78506998.7239636,-1671877985.15504,-157073369642.097,199754911196.953,0.00893788603558576,0.0982766992673754,0.090946135780049,-0.380882568223521,-0.237192132821956
0.296,19.735732406228,20.0054783781722,-43.3213893824987,13.3032332933666,-3758.89565703854,-2168.25720250447,-130466.975110313,173090.967690001,6999831.48567152,-1592729.46922745,-78566370.918133,-1472123073.95809,152734116446.212,199876562849.679,0.00547837817224206,0.0976117958502992,0.0561241407815495,-0.394562684184735,-0.217043966360837
0.297,19.6905101157382,20.0177262530052,-47.144353889326,11.2211964469722,-3885.86944687965,-1996.19962520463,-123480.971124026,170795.489444269,6997632.17297649,-2964914.26176069,74167745.5280787,-1272246511.10841,-143926119205.515,199912814858.852,0.0177262530051507,0.0967786526265199,0.183162841433208,-0.406251181531506,-0.197125696392713
0.298,19.6414025389498,20.0279776816919,-51.0907956588004,9.30984906978154,-4005.8452375479,-1827.0903042758,-116470.24276482,167227.770729431,6999836.85890181,-4137204.36543967,-69758373.6774365,-1072333696.24956,137988653776.315,199927357127.363,0.0279776816919437,0.0957542049670885,0.292182277546556,-0.416070999568536,-0.177699451484579
0.299,19.5882897002353,20.0364016758627,-55.1537111349477,7.56564010230017,-4118.82143875164,-1662.10152770525,-109482.286983794,162587.720742054,6999072.81211253,-5109574.38312555,68230280.0988786,-872406339.122193,-134922895559.846,199931407012.322,0.0364016758627486,0.0945158874285146,0.385138169392742,-0.424257241188488,-0.159004754518062
0.3,19.5310586233423,20.0431631432634,-59.326105486485,5.98394615506635,-4224.79843940334,-1502.20566473599,-102471.586180892,157075.265090537,6999841.64443149,-5882015.01874158,-66692615.4609672,-672474932.109871,132475066365.281,199926009096.934,0.043163143263353,0.093042562313293,0.463907508458484,-0.431132892753248,-0.141246906820007
0.301,19.4696033313267,20.0484219153867,-63.6009747536048,4.55927143330041,-4323.7757004035,-1348.1751560598,-95483.0116664633,150890.333607256,6999386.56215316,-6454526.94630298,65782450.9043135,-472548923.012937,-130647961358.984,199902049384.145,0.0484219153866619,0.0913156205564309,0.530269794933259,-0.4370763087057,-0.124586901547839
0.302,19.4038248468955,20.052331975032,-67.9713237432121,3.28544766586515,-4415.75349871212,-1200.58251482747,-88472.5085390845,144232.849207677,6999845.03237798,-6827124.84462384,-64865510.45467,-272646873.628792,129089031658.351,199769122751.831,0.0523319750319757,0.0893202625359585,0.585891415297933,-0.442483712803172,-0.109133828302271
0.303,19.3336311922838,20.0550408837905,-72.4301484823426,2.15583402595703,-4500.73151694377,-1059.80034547426,-81483.5814233241,137302.695780031,6999524.03775248,-6999887.15687672,64223521.2036812,-72877750.8769602,-127801085623.968,145866932041.943,0.0550408837904897,0.0870469645593892,0.632312500143956,-0.447730433475885,-0.0949404767092201
0.304,19.2589373894506,20.0566894093596,-76.9704535916875,1.16351655949812,-4578.70995747326,-926.003661775647,-74473.2458059071,130290.680903056,6999847.01614418,-6999831.44173271,-63577564.4202862,72989181.1649823,126660787041.76,-143803685439.01,0.0566894093596488,0.0844931348280115,0.670935094017307,-0.453134653197304,-0.0820025276380153
0.305,19.1796654599789,20.0574113479506,-81.5852351244529,0.301493442452215,-4649.68859849903,-799.206723550157,-67484.0774407995,123303.376771,6999599.84524477,-6998744.10328723,63083222.6214733,-70814504.2740279,-125670787507.688,139451176483.392,0.0574113479506195,0.0816649604603637,0.703010784882266,-0.458927171820873,-0.0702614122451934
0.306,19.0957444252101,20.0573334965833,-86.2674975804871,-0.437229838574197,-4713.66759842959,-679.408710782493,-60473.8811154952,116292.467278322,6999847.6741124,-6999833.01931956,-62587564.8862145,68636672.2093642,124772892316.239,-135919952111.484,0.0573334965833148,0.0785794448370899,0.72962460732801,-0.465230045761426,-0.0596109558291001
0.307,19.0071103061623,20.0565756531907,-91.0102370462365,-1.05965722735901,-4770.64678809833,-566.6103838998,-53484.5317417732,109304.299269756,6999646.55538431,-6999156.32316594,62185327.4300249,-67283279.9021193,-123969654536.669,133220131392.471,0.0565756531907198,0.0752666319876881,0.751669786419755,-0.472046073559625,-0.0499082996585218
0.308,18.9137061236314,20.0552506161474,-95.8064579344717,-1.57278368098002,-4820.62629774344,-460.811325832803,-46474.4541317634,102293.704661871,6999847.055546,-6999829.53737182,-61784327.1066444,65936851.4903512,123228501792.028,-130733110844.428,0.0552506161474398,0.0717720121216262,0.769807262109512,-0.47926001214487,-0.040988259927624
0.309,18.8154818981222,20.0534641844627,-100.649156365548,-1.9836131348119,-4863.60599121438,-362.011993677321,-39484.9611561387,95305.0546984367,6999676.97933536,-6999259.24130368,61444174.6853833,-64796259.3540772,-122551982950.885,128469920387.664,0.0534641844626549,0.0681590996156305,0.784402739533758,-0.486651261580827,-0.032679673074333
0.31,18.7123946499293,20.0513151575094,-105.531336685603,-2.29914077360836,-4899.58597951769,-270.212015062746,-32474.9874199524,88294.808980854,6999845.1625453,-6999820.54046393,-61107808.2655018,63673661.0335872,121919584431.063,-126194177986.968,0.0513151575094497,0.0645121719345237,0.795433729336098,-0.493916638907839,-0.0248221227071272
0.311,18.6044083990763,20.048895335226,-110.445995048132,-2.52637041948636,-4928.5661490084,-185.411762166035,-25485.3762308014,81305.792907909,6999697.14649533,-6999243.96842382,60811776.1655611,-62520516.9533805,-121333958103.465,123918524242.599,0.0488953352259642,0.0609391550097307,0.802363196833902,-0.50070090176395,-0.0172814080878625
0.312,18.4914941653833,20.0462895179068,-115.386135746357,-2.67229739822701,-4950.54659695151,-107.610848056653,-18475.4955225738,74295.9417683823,6999841.94360916,-6999805.2232559,-60522181.9379043,61398007.289219,120780919610.338,-121433898483.419,0.0462895179068177,0.0575746376417083,0.803991476157978,-0.506631954069995,-0.00996227287534461
0.313,18.3736299684127,20.043575506426,-120.344754965996,-2.7439253633022,-4965.52722599428,-36.8096356444539,-11485.7845166652,67306.5965656904,6999710.22147642,-6999124.16520839,60258737.6724331,-60035891.1941996,-120263346329.529,118755737650.015,0.0435755064259595,0.0545829944740713,0.798334844869299,-0.511357252267697,-0.00281718285889451
0.314,18.250800827526,20.0408241020454,-125.314856957292,-2.74824973322233,-4973.50812325003,26.9923410125021,-4475.98881740751,60297.2470778266,6999837.28598409,-6999782.18757758,-60004608.6570956,58719846.4558151,119770585557.054,-115518225907.114,0.0408241020453985,0.0521615941074359,0.782646748895637,-0.514577854305155,0.00414964446972186
0.315,18.1229987618351,20.0380991066952,-130.289437937507,-2.69227391502713,-4974.48920375149,83.794670378203,2513.80792850755,53307.5717758257,6999717.97010552,-6998821.45407532,59765976.899958,-56798379.4512986,-119305889328.348,111741086995.126,0.0380991066951566,0.0505440659429367,0.753780013229838,-0.516076829982155,0.0108832989464351
0.316,17.990222790251,20.0354573227749,-135.261502121599,-2.58299336442677,-4968.4705469205,133.598020909041,9523.52457217499,46298.974646524,6999831.0023413,-6999749.29002906,-59539912.4283899,54942707.5438269,118860599475.194,-106238366042.691,0.0354573227749313,0.05,0.709146455498626,-0.51573933831201,0.0172841504080236
0.317,17.8524789314385,20.0329485535708,-140.224045758058,-2.42741107711638,-4955.45207764092,176.401851429889,16513.3957182146,39308.9903159264,6999721.38965051,-6997925.76550658,59320687.046804,-51295658.4988638,-118438537461.597,99033967288.5153,0.0329485535708116,0.05,0.658971071416232,-0.513562523993279,0.0232181024683087
0.318,17.7097802038592,20.0306156030476,-145.170073032901,-2.23252236352549,-4935.43386938576,212.207456001949,23523.0376951449,32301.9223823851,6999822.80796652,-6999704.44036118,-59117850.4147934,47738308.7896515,118032091526.721,-33664765583.2169,0.030615603047643,0.05,0.61231206095286,-0.509654396497098,0.0285300652652135
0.319,17.5621466257284,20.0284942767626,-150.092580225947,-2.00532885518259,-4908.41585525789,241.016079850386,30512.9735931585,25320.4763021549,6999721.00331508,-6968798.51436314,58914241.1119274,14073543.2064346,-117645923516.557,-90102846163.9558,0.0284942767625616,0.05,0.569885535251231,-0.504221939261454,0.0330593126051095
0.32,17.4096052150531,20.0266133856522,-154.984571499864,-1.7528141680596,-4874.39810403637,262.850748200637,37522.5440631101,18343.6974183676,6999812.28266873,-6999776.39423868,-58731682.4046301,-76029302.9575211,117272799021.345,198733303912.674,0.0266133856522153,0.05,0.532267713044305,-0.497549739357741,0.0366552241403394
0.321,17.2521899895908,20.0249947621262,-159.839043166369,-1.48195971232558,-4833.38055607903,277.690166425722,44512.5359710801,11339.028589969,6999716.99977477,-6976439.04523986,58541116.6167149,122704000.955153,-116918618840.826,199618934423.049,0.0249947621262407,0.05,0.499895242524815,-0.489971335526645,0.0391919667455755
0.322,17.0899419668827,20.0236532479501,-164.648999370071,-1.19975599528792,-4785.36327636441,285.569743615498,51522.0370926898,4457.21136761054,6999798.80697107,-6753925.57707318,-58377502.2241111,322322935.378202,116575968486.318,199714041885.87,0.0236532479500582,0.05,0.473064959001164,-0.481836161951914,0.0405803077480574
0.323,16.9229091642144,20.022596741245,-169.407436455684,-0.91306820584547,-4730.34621211992,286.712034102214,58512.0764766298,-2102.2670681259,6999709.28899012,-6331745.62075205,58198466.2622071,522036977.264073,-116252605374.544,199722396419.929,0.0225967412449855,0.05,0.451934824899709,-0.473475358909466,0.040776297079925
0.324,16.7511465986435,20.0218264194833,-174.107358555186,-0.628439180320089,-4668.32942511298,281.539222153106,65521.509564522,-8139.70713417592,6999781.45256505,-5709847.44527801,-58054139.112337,721759373.684001,115940374816.481,199681156400.659,0.0218264194833111,0.05,0.436528389666222,-0.465169789639725,0.0397871482453955
0.325,16.5747162869621,20.0213371616779,-178.741762048028,-0.351889715658077,-4599.31286966307,270.673204573422,72511.5873433336,-13455.3946998785,6999697.50086096,-4888247.49339368,57886235.7041436,921440530.08466,-115649899987.707,199560990673.689,0.0213371616778986,0.05,0.426743233557971,-0.457123347537131,0.0376740065858278
0.326,16.3936872457196,20.0211181702776,-183.303651059591,-0.0887188599864836,-4523.29660460919,254.935574589806,79520.9529787154,-17849.6617631176,6999758.78657125,-3867026.46797217,-57763664.2835635,1121001520.75835,115371614371.755,199156346980.284,0.0211181702776067,0.05,0.422363405552133,-0.449444083675091,0.0345513794114886
0.327,16.2081354911854,20.0211537927535,-187.786022006636,0.156695747343358,-4440.28059236397,235.347531360619,86511.0585355401,-21122.9947462138,6999680.92947356,-2646446.77372368,57607950.0881918,1320157867.73863,-115120753309.892,-99088909280.7592,0.02115379275347,0.05,0.423075855069399,-0.44213489321438,0.0305833249717885
0.328,16.0181440393659,20.0214245423624,-192.181879015252,0.381094887705495,-4350.26488873674,213.11721083428,93520.3566478394,-23125.8774042817,6999728.5029068,-1375833.36062543,-57512803.2217003,1221068958.45787,114885410681.425,-199152490386.909,0.0214245423624426,0.05,0.428490847248852,-0.435094546964478,0.0259768064170128
0.329,15.823802905968,20.0219082941152,-196.484218543236,0.582469072546712,-4253.24946641254,189.498630222329,100510.476317582,-23924.3683674093,6999658.40502582,-254340.64736101,57372607.4597251,1021916468.07096,-114688660727.639,-199553325209.003,0.0219082941152458,0.05,0.438165882304915,-0.428128838845407,0.0209726582866756
0.33,15.6252091064089,20.0225815227495,-200.68604472697,0.760004045385903,-4149.23437748539,165.609096220701,107519.70624955,-23701.0096682697,6999686.68212172,667799.158105453,-57316053.2679144,822363142.861961,114514831515.309,-199678828789.611,0.0225815227494692,0.05,0.451630454989385,-0.420970638354338,0.0158337774523689
0.331,15.4224666557792,20.0234204155753,-204.780354070762,0.913906537772866,-4038.21960911901,142.370726704095,114509.82071029,-22655.3087435315,6999628.04461146,1390322.88657261,57198778.2473949,622684314.072351,-114401284774.817,-199733561797.63,0.0234204155753375,0.05,0.468408311506749,-0.413306786376112,0.0108300975800648
0.332,15.215686568843,20.0244017944334,-208.760150734913,1.04520561131969,-3920.20520797691,120.50603789112,121518.98126323,-20986.932626889,6999626.18047144,1913140.41974614,-57202506.5274219,422950752.274721,114326191310.761,-199757636706.703,0.0244017944334196,0.05,0.488035888668392,-0.404809132567774,0.00622120984554934
0.333,15.0049868600008,20.0255038382029,-212.618431278614,1.15555299793503,-3795.19118378323,100.537844031287,128509.060555656,-18895.6097704566,6999586.7695994,2236212.35366751,57123684.7833394,223193115.568018,-114356533180.993,-199762965215.425,0.0255038382029156,0.05,0.510076764058311,-0.395166643387192,0.00223826660746603
0.334,14.7904925432737,20.0267066056126,-216.348199907143,1.24702337416181,-3663.17757408419,82.7892158333751,135518.14974545,-16581.094686541,6999532.18779224,2359523.98662782,-57232848.397654,23430150.352593,114460045030.737,-199752159065.391,0.0267066056125778,0.05,0.534132112251555,-0.384115444324882,-0.000933065113320079
0.335,14.572335632267,20.0279923583102,-219.942453248524,1.32191460830462,-3524.16442788437,67.383465158579,142508.142183215,-14243.1476512478,6999529.36190996,2283078.05744772,57227196.6330832,-176322008.712798,-114964902128.92,-199721633827.524,0.0279923583101969,0.05,0.559847166203937,-0.37146389941391,-0.00316695569334703
0.336,14.3506551401258,20.0293456841746,-223.394195590664,1.38254800154984,-3378.15177335835,54.2441477998602,149517.12432642,-12081.5175371277,6999274.10747858,2006895.23182116,-57737705.4958372,-376043642.540322,116445928368.122,-199657817013.356,0.0293456841746433,0.05,0.586913683492867,-0.357110351048189,-0.00440770821844101
0.337,14.1255970794862,20.0307534208735,-226.69642369153,1.43106854081953,-3225.13978301542,43.0950848625108,156506.937235879,-10295.9204294123,6999759.3661668,1531022.68077416,58708222.872285,-575701459.553678,-199156118412.427,-199516103400.227,0.0307534208734737,0.05,0.615068417469473,-0.341051885335963,-0.00467504620859232
0.338,13.897314462262,20.032204379688,-229.842142592825,1.46924518571912,-3065.13147956425,33.4604123592517,163502.85802708,-9086.00116231498,6958889.52983288,855563.169520365,-140447895.540142,-775217562.953904,-199673317201.46,-199069645707.137,0.0322043796879825,0.05,0.64408759375965,-0.323383384730583,-0.00406394171298187
0.339,13.6659672929117,20.0336888696582,-232.824370344394,1.4982712317133,-2898.18090447639,24.6646952859667,170358.244722943,-8651.2250485561,6718604.975692,-19189.2162871075,-340121212.741602,-974287208.661041,-199736190681.456,-17465913504.2212,0.0336888696581958,0.05,0.673777393163917,-0.304287142810893,-0.00273906816668895
0.34,13.431722501986,20.0351980224238,-235.636268195198,1.51856637542263,-2724.52836647567,15.8407666814276,176873.49972715,-9160.46885475776,6278615.66760967,-1002209.38170026,-539857403.423058,-991753122.165262,-199722381620.001,199085253981.036,0.0351980224238382,0.05,0.703960448476764,-0.284014688557902,-0.000924481041026768
0.341,13.194753705357,20.036722932691,-238.271337534277,1.52962020877675,-2544.61385691452,6.02219616770802,182848.899629445,-10625.3739218771,5638897.07337661,-1894419.876875,-739579785.04306,-792667868.184226,-199635018057.516,199533597550.488,0.0367229326909708,0.05,0.734458653819416,-0.262863798540604,0.00111055626292259
0.342,12.9552407642244,20.0382537078396,-240.723619604648,1.52998261628952,-2359.07709017165,-5.67418510407272,188084.73430729,-12882.8721332525,4799499.77930479,-2587320.94628398,-939214803.100576,-593134270.633738,-199312041095.855,199676880010.401,0.0382537078395728,0.05,0.765074156791457,-0.241153235385712,0.0030690851907066
0.343,12.713369145406,20.0397785937475,-242.98789520592,1.51741272500716,-2168.7574464436,-19.9412535522391,192381.408011529,-15733.4807348516,3760628.95565629,-3080616.77691252,-1138526844.19643,-393457390.623337,90444544192.9186,199742928526.685,0.0397785937474602,0.05,0.795571874949204,-0.219197703025734,0.00464718285655509
0.344,12.4693290823756,20.0412832822385,-245.059881861779,1.48907656542447,-1974.6817099056,-37.2722962852956,195587.847635786,-18977.535718988,2667324.38355632,-3374202.70327251,-1048082300.00351,-193714462.096653,199274456498.288,199776809119.173,0.0412832822384779,0.05,0.825665644769558,-0.197285447668655,0.005556878244462
0.345,12.2233145603147,20.0427504178045,-246.936367103278,1.44174672753329,-1777.92657735902,-57.9608950658893,197764.343278757,-22415.2995184557,1718879.31180195,-3468028.76080958,-848807843.505223,6062347.02252064,199583583981.526,199792800690.643,0.042750417804541,0.05,0.855008356090821,-0.175660422885458,0.00554916894810456
0.346,11.9755222554704,20.0441593040281,-248.615158732909,1.37200209545251,-1579.43594641561,-82.1008738735506,199092.08259947,-25846.9983056389,969863.26028749,-3362070.01344174,-649224259.523696,205855147.713164,199644738449.868,199795866077.319,0.0441593040281028,0.05,0.883186080562055,-0.154509428311171,0.00443490240877061
0.347,11.7261505960561,20.0454858097603,-250.094912381453,1.27642761968727,-1379.95881769848,-109.586273166872,199770.60785307,-29072.8414342112,420461.369988728,-3056316.93268991,-449579521.073828,405651013.790483,199575196216.54,199786464657.061,0.0454858097602724,0.05,0.909716195205448,-0.133953785550506,0.00210151764320551
0.348,11.4753990134171,20.0467024750812,-251.374932887684,1.15181410666062,-1180.04459344742,-140.111340129102,199999.541995225,-31893.0351158963,70669.4470231695,-2550772.6865709,-250004324.857288,605437478.447544,199104187943.5,199760791303.377,0.0467024750811653,0.05,0.934049501623306,-0.114045636557908,-0.00147592913026442
0.349,11.2234673926274,20.0477788170525,-252.454974689538,0.99535801142734,-980.043088108329,-173.170531975571,199978.393311143,-34107.7955980262,-79782.7838623688,-1845454.81247167,-50900136.9137881,805198269.750921,196543610319.097,199706763857.037,0.0477788170524676,0.05,0.955576341049351,-0.0947690776976128,-0.00623045600132211
0.35,10.9705557226505,20.0486818352587,-253.335042361097,0.804861220001615,-780.104880228172,-208.058534153048,199905.917727211,-35517.3668149796,-32411.1156166082,-940403.160792226,145643473.405309,1004905033.60796,-95689376906.2523,199585342937.403,0.0486818352587157,0.05,0.973636705174314,-0.0760459575048708,-0.0120058992710531
0.351,10.7168639452326,20.0493767171184,-254.015194413247,0.578930802835204,-580.194881203907,-243.8703023202,199930.380118812,-35922.0532351449,65387.6693355749,164294.544284433,49954096.499057,1204490376.54536,-157882120391.277,199197041943.327,0.0493767171184487,0.05,0.987534342368974,-0.0577457240629897,-0.0185663549528389
0.352,10.4625919780303,20.0498277429209,-254.495412440711,0.317178703395851,-380.23005998936,-279.501160010364,199994.431149666,-35122.3139955973,36400.7056389935,1468383.44180146,-107928023.89222,1403687418.48869,123563217110.486,-108286946855.842,0.0498277429209395,0.05,0.99655485841879,-0.0396985529655401,-0.0256113162472478
0.353,10.2079397837537,20.049999390055,-254.775642685648,0.020418701545869,-180.230268023477,-313.659846338098,199997.461712877,-32970.1346690274,-9745.70969798342,2817927.38686222,15635193.218266,1295400471.63284,-4361564487.30462,-199192466607.008,0.0499993900549711,0.05,0.999987801099422,-0.0217116858516452,-0.0327949686069758
0.354,9.95310735856244,20.0498576117429,-254.85587523198,-0.309204242479836,19.7647449682333,-345.013416921197,199994.806672373,-29537.7057907833,3708.70127663028,4013731.62519156,11273628.7309614,1096208005.02584,-38425836843.2986,-199567839585.149,0.0498576117428904,0.05,0.997152234857808,-0.00358858061243376,-0.0397479548866097
0.355,9.69829469836583,20.0493711539377,-254.73611231604,-0.668273544757347,219.761683852832,-372.369870891863,199997.747881875,-25009.1314696763,-4230.58841405764,5010155.71042482,-27152208.1123372,896640165.440688,-52479563541.8012,-199675785469.806,0.0493711539376918,0.05,0.987423078753835,0.0148515956592551,-0.0461007897128569
0.356,9.44370179937427,20.0485127432201,-254.416354032016,-1.0522772593903,419.750604424,-394.732804303148,199971.194595481,-19583.9349741095,-57622.5782972954,5806957.98313061,-79631771.6541384,696964379.970882,183047046945.238,-199703861174.423,0.0485127432200692,0.05,0.970254864401383,0.0337565776346277,-0.0515082494033811
0.357,9.18952864636659,20.0472600830566,-253.896629226655,-1.45580682886632,619.687342728679,-411.305420549913,199904.263972514,-13461.7787778558,-45730.8264788147,6404070.43251428,103415275.2911,497260518.796459,9738145439.43969,-199666828701.183,0.0472600830566172,0.05,0.945201661132344,0.0532269297148743,-0.0556729614471597
0.358,8.93597517715849,20.0455966505905,-253.176992983624,-1.87275673843503,819.58638292323,-421.490606809575,199911.863807921,-6842.35589072685,62553.5215320048,6801497.53696015,113153420.730539,297593690.095276,-197681112524.281,-199430726037.017,0.0455966505904684,0.05,0.911933011809367,0.073306507511049,-0.0583659850156339
0.359,8.68324129928508,20.0435122937547,-252.257437175826,-2.29652420245277,1019.54014568235,-424.890924597057,199998.047187731,74.7000369414249,76866.3860004039,6999375.86403691,-84527691.7937412,98162964.0582583,-199291196316.507,-195641322071.282,0.0435122937546737,0.05,0.870245875093474,0.0939790633151152,-0.0594424201631341
0.36,8.43152696741154,20.0410036287269,-251.137890378233,-2.7202087546082,1219.5542343146,-421.308327855841,199999.434528448,7090.55049599558,-107306.903951591,6999718.16705953,-283818888.110248,-97478358.0130232,-199611529514.786,168582702719.099,0.0410036287268944,0.05,0.820072574537889,0.115171329449794,-0.0588505892368529
0.361,8.18103218027604,20.0380742386435,-249.818367800355,-3.13680784426393,1419.44439509599,-410.727140390038,199716.949592189,14069.6266011685,-490931.556819231,6986531.16040605,-483430417.625034,71104344.7060762,-199658561961.734,-115882970206.936,0.0380742386435209,0.05,0.761484772870418,0.13676082568226,-0.0566339686486688
0.362,7.93195679607012,20.0347347037039,-248.299168559144,-3.5393337525037,1618.82698806675,-393.15722594164,198951.026399564,21072.3961055597,-1074191.25542513,6999694.02000866,-683088979.586767,-44778625.5008595,-199590877093.181,86859755425.1742,0.0347347037038794,0.05,0.694694074077589,0.158586590056156,-0.052925479175237
0.363,7.68450014878183,20.0310025948058,-246.581075215052,-3.92078930666733,1817.11875438879,-368.58882677385,197502.025508163,28064.1774387221,-1857075.67355849,6998345.27222039,-882679856.679948,42081129.9243146,-199276739416.786,-81033244119.8719,0.0310025948058268,0.05,0.620051896116536,0.180461582887937,-0.0479335006296422
0.364,7.43886046493763,20.0269024802845,-244.665553399488,-4.27417857573974,2013.53682555326,-337.021839562536,195170.397116362,35070.0577352181,-2839393.89994683,6999909.78008477,-1081956596.09673,-38952114.1955573,-27443464144.9506,-199735594189.654,0.0269024802845266,0.05,0.538049605690532,0.20218553095324,-0.041920594239254
0.365,7.19523408098794,20.0224659268595,-242.554949917913,-4.59250202227269,2207.10605614262,-298.466641272732,191785.451007676,42017.2021925068,-3935072.22811604,6861089.86879438,-1109400060.24168,-238687708.385212,199305514608.691,-199908199858.318,0.0224659268595282,0.05,0.449318537190564,0.223556959361041,-0.0351772762057903
0.366,6.9538144754104,20.0177314779957,-240.252651545762,-4.86882815869389,2396.74737542264,-253.067004938887,187328.896335207,48725.6301737988,-4944819.53105338,6522448.06048001,-910094545.632993,-438595908.243529,199627594945.173,-199936379568.138,0.0177314779956816,0.05,0.354629559913633,0.244383388465006,-0.0279936205526634
0.367,6.71479120569407,20.0127445051089,-237.763100115803,-5.09646521483513,2581.46049738451,-201.161580735371,181962.300797161,54995.457550229,-5755100.27921378,5983883.96245241,-710466950.68782,-638532287.811667,199713254271.136,-199945121739.906,0.0127445051088912,0.05,0.254890102177825,0.264489605066805,-0.0206324972472909
0.368,6.47834891743806,20.007556868743,-235.091645589912,-5.26916002452299,2760.43515826921,-143.288934298623,175885.252584982,60626.751181819,-6365710.60276603,5245379.11377079,-510753696.416684,-838477409.551573,199722307614.774,-199945762907.041,0.00755686874297368,0.05,0.151137374859474,0.283724853611629,-0.013307639309523
0.369,6.24466653441922,20.0022263800023,-232.244348374169,-5.38129795615183,2933.06075169955,-80.1875708682984,169297.452185277,65419.5672969961,-6776603.14537533,4306928.8227657,-311031388.80191,-1038423172.45861,199641161389.387,-199939297598.171,0.00222638000228059,0.05,0.0445276000456118,0.301969318911365,-0.00616870658316313
0.37,6.01391664798982,19.9968160620461,-229.227779626199,-5.42810285569417,3098.92638212907,-12.7959404927291,162398.606872399,69173.9613172661,-6987813.95348255,3168536.001508,-111390227.412523,-1238362470.05678,198820754759.619,-199920180823.623,0.00318393795394201,0.05,0.0636787590788401,0.31913945717334,0.0007052863972002
0.371,5.78626510617813,19.9913932116387,-226.048821560713,-5.40583699063244,3257.82080118494,57.7475650727472,155388.23459767,71689.9960536085,-6999793.80351526,1830213.4410394,87430527.3470955,-1438282650.88041,-166908807252.169,-199855036144.038,0.00860678836134809,0.05,0.172135767226962,0.33519167477296,0.00730364353478568
0.372,5.56187080189581,19.9860282607589,-222.714471022497,-5.3120009858618,3409.71675610177,130.104626778556,148404.337923286,72767.758996517,-6995817.67979425,292003.272086973,-79478279.9050734,-1638137687.02445,151198079617.548,123932853132.453,0.0139717392411391,0.05,0.279434784822783,0.350124011697921,0.0136730988007172
0.373,5.34088563136296,19.980793438734,-219.231720118658,-5.14553103533616,3554.61623872516,202.75052833216,141393.980783476,72261.3489006138,-6999696.91989055,-1284167.98837125,71719799.7124743,-1514204833.89199,-141921491393.961,199869490590.517,0.019206561265996,0.05,0.384131225319919,0.363975408453214,0.0198995370169668
0.374,5.12345449377364,19.9757612606732,-215.607571700049,-4.90692528684074,3692.51641095317,274.125753661714,134406.490181542,70253.3900770617,-6998937.86587505,-2698438.07696798,-70201691.6814862,-1314335343.30147,138852392821.781,199935018702.642,0.0242387393267904,0.05,0.484774786535809,0.376821403798866,0.0260844461606941
0.375,4.90971528934619,19.9710029840515,-211.849020301616,-4.59817567566747,3823.41751743619,342.81919943552,127395.593535297,66931.1068315601,-6999713.36114565,-3912805.91091813,68650701.1402952,-1114400324.59883,-136588658837.506,199955315927.166,0.0289970159484803,0.05,0.579940318969605,0.388766311039435,0.0323198383139585
0.376,4.69979891912987,19.9665872011175,-207.963069884099,-4.22258782418722,3947.31900488032,407.616501395685,120407.440748248,62494.4266443304,-6999356.9894241,-4927228.57755338,-67937957.6972103,-914445008.671666,135134076313.692,199963849742.542,0.0334127988824875,0.05,0.66825597764975,0.399932709547242,0.0386657273166087
0.377,4.49382928463667,19.962578624638,-203.956715422974,-3.78458174974224,4064.22107472742,467.503238076866,113396.637126028,57143.3028707316,-6999727.90896447,-5741691.66135377,67196118.6164815,-714481158.929124,-133996023965.903,199966776920.654,0.0374213753620403,0.05,0.748427507240805,0.41044928946893,0.0451328809775248
0.378,4.29192328790911,19.9590370734776,-199.836960967797,-3.28949191249871,4174.1234640844,521.664946872805,106408.174605711,51077.6984260667,-6999529.80233094,-6356189.43182257,-66799905.3494219,-514514382.00847,133180081010.163,199964758571.622,0.0409629265223614,0.05,0.819258530447229,0.420438257575928,0.0516725229387818
0.379,4.09419083135036,19.9560166581372,-195.610801678205,-2.74336725304444,4277.02628964143,569.487130050899,99397.4415308735,44497.5792630018,-6999739.66717528,-6770721.43454523,66380175.6607407,-314549623.436847,-132529313631.195,199952360006.622,0.043983341862802,0.05,0.879666837256039,0.430003529199305,0.0581739003513954
0.38,3.90073481777051,19.9535651662555,-191.285241629647,-2.15277122689911,4372.9294026466,610.555255007722,92408.8037325901,37602.9084100726,-6999624.14833013,-6985294.87797876,-66149137.9704542,-114597263.430225,132049110040.579,199840835973.431,0.0464348337445415,0.05,0.92869667489083,0.439220848563534,0.0644698558010277
0.381,3.71165115029062,19.9517236480761,-186.867276084963,-1.52458184304502,4461.83287149494,644.654743136399,85398.1132002814,30593.6217063743,-6999748.7312803,-6999971.72342227,65899972.0701248,85243572.5432067,-131669005556.495,-121432248095.517,0.0482763519239064,0.05,0.965527038478129,0.448130771887528,0.070349761521784
0.382,3.52702873237037,19.9505262014178,-182.363909133066,-0.865794411129221,4543.7366074497,671.757526566149,78409.3696207768,23616.0330612077,-6999683.26198842,-6975444.27492682,-65769033.4863703,-36188675.5523098,131394038501.84,23339066435.0335,0.0494737985822127,0.05,0.989475971644254,0.456735161765704,0.0755784612595151
0.383,3.34694946775025,19.9499999308628,-177.782136100109,-0.18339275544755,4618.6406486855,691.880778505069,71398.7008484622,16626.3842929106,-6999755.27622387,-6999963.41726161,65625005.0154699,-12849609.1172763,-131186289359.995,26017441086.0033,0.0500000691372193,0.05,1.00000138274439,0.464997488839034,0.0799190550329613
0.384,3.17148826046616,19.9501649578245,-173.128961085723,0.51563423604606,4686.5449433013,705.006123547875,64409.8936931861,9624.33231127134,-6999723.41588839,-6999804.30583589,-65561284.3445247,13167831.968727,131050549555.596,-26666117568.5407,0.0498350421754523,0.05,0.996700843509046,0.472846864521758,0.0831560626145053
0.385,3.00071301481489,19.9510344075919,-168.411379455776,1.22428621814062,4747.44950884538,711.131637256658,57399.2313933847,2626.66756849173,-6999759.42545512,-6999969.53265143,65489265.2110714,-13498285.5998137,-130963916574.99,27119473700.7225,0.048965592408063,0.05,0.979311848161259,0.480185365604431,0.0851159909412275
0.386,2.83468463535931,19.9526144056664,-163.636395320452,1.93556419115979,4801.35431857372,710.257200322628,50410.3892811059,-4375.53119467616,-6999752.11853154,-6999908.08140088,-65474651.3639187,13621188.1009088,130931115548.266,-27374840368.4453,0.0473855943335835,0.05,0.947711886671669,0.486897897118918,0.0856836506708232
0.387,2.67345702690958,19.9549040776152,-158.811004069609,2.64246731396402,4848.25937481681,702.382844666919,43399.7216894838,-11373.1911554213,-6999761.21212133,-6999974.3134842,65456464.1843471,-13753652.2675365,-130937126683.679,27572698179.2902,0.0450959223848066,0.05,0.901918447696133,0.4928636026148,0.0848126316120671
0.388,2.51707709452123,19.9578955490777,-153.942209824606,3.33799655737128,4888.16466959732,687.508522941802,36410.8658550074,-18375.4468453427,-6999773.31127882,-6999941.61666209,-65480662.4993316,13819045.9117537,130986834857.604,-27710788443.5449,0.042104450922281,0.05,0.84208901844562,0.497967692121563,0.082528958463898
0.389,2.3655847434881,19.9615739457345,-149.03700798777,4.01515104482465,4921.07019313772,665.634253846262,29400.1833516218,-25373.0974037895,-6999760.55634935,-6999977.9649721,65506172.3582721,-13891742.5317913,-131069738450.199,27824258856.1531,0.0384260542654786,0.05,0.768521085309573,0.502112532676808,0.0789276543797177
0.39,2.21901287933461,19.9659173933138,-144.10240269254,4.66693174002107,4946.97595266746,636.760011513684,22411.3309250432,-32375.3838635515,-6999789.25321617,-6999957.57807582,-65563566.0919273,13932516.3243618,131191166902.637,-27911325634.1943,0.0340826066861624,0.05,0.681652133723247,0.505226930979119,0.0741626361125853
0.391,2.07738740781818,19.9708970175747,-139.145389344508,5.28633774793377,4965.8819280035,600.885807975247,15400.6250832649,-39373.0270710709,-6999757.23585678,-6999980.72456855,65627600.8107101,-13978809.3098324,-131343371772.543,27985942015.8177,0.0291029824252576,0.05,0.582059648505151,0.507272728749049,0.0684310061833101
0.392,1.94072723491645,19.976476944312,-134.172972090213,5.86637002968518,4977.78813976182,558.011626821257,8411.79108585134,-46375.332876625,-6999801.32093234,-6999966.56287047,-65715770.9618331,14007132.7059852,131532513009.909,-28046719276.8868,0.0235230556879955,0.0501291442670868,0.46924909714527,0.508248101682586,0.0619533406318613
0.393,1.80904426683796,19.9826142993454,-129.192146330515,6.40002767888218,4982.69455808008,508.137476572012,1401.05396493974,-53372.9703263553,-6999750.83538922,-6999982.78980293,65816742.0480754,-14039586.5709015,-131752588876.554,28100611584.9106,0.0173857006545504,0.0512803656081896,0.339032306972746,0.508187283501068,0.0549519393140617
0.394,1.68234341000468,19.9892592085236,-124.209916226166,6.8803116556817,4980.60121639313,451.263345778476,-5587.74726423821,-60375.2894741795,-6999810.38777942,-6999972.07058138,-65935846.8284789,14061025.0140091,132011158948.804,-28146522738.0099,0.0107407914763549,0.0533832970502147,0.201201350794268,0.507156785212494,0.0476291803501504
0.395,1.56062257107062,19.9963547977166,-119.233277165703,7.30022104603301,4971.50807509216,387.389241001394,-12598.5237156071,-67372.9221193769,-6999740.6551335,-6999984.30693637,66075312.1203246,-14085497.7240008,-132303351774.702,28188482907.3919,0.00364520228344745,0.0561791831631481,0.0648852845165358,0.505248522614762,0.0401480825552915
0.396,1.44387265689952,20.0038371928185,-114.269233325301,7.65275680993185,4955.41518096134,316.515153665716,-19587.2772733095,-74375.2510946907,-6999817.01890052,-6999975.56320668,-66228039.654377,14102985.1833911,132639038083.377,-28225595109.6184,0.00383719281849437,0.0594479390396385,0.0645471126582844,0.50257055754988,0.0326169394505932
0.397,1.33207757459176,20.0116355197427,-109.324780073323,7.93091802786744,4932.32248379856,238.64108922049,-26598.10180569,-81372.8794311573,-6999725.53951321,-6999985.37557809,66410998.4290001,-14122609.9262273,-133014072699.469,28260513572.3067,0.0116355197427467,0.0630048412745541,0.184676597978288,0.499236385094324,0.0250794683618434
0.398,1.22521423145682,20.0196719044242,-104.406921602676,8.12770566020528,4902.23004546982,153.767040854621,-33586.7908581053,-88375.2160261031,-6999821.57743394,-6999977.72871817,-66603074.2704691,14137903.6460793,133442223094.29,-28292459439.7776,0.0196719044241611,0.0666972562252633,0.294943233612507,0.495353825048149,0.0175113643214359
0.399,1.12325253504949,20.0278614728149,-99.5226532526742,8.23611878340089,4865.13780340325,61.8930134289565,-40597.6736021587,-95372.8402129049,-6999703.54015727,-6999986.05479197,66839148.8238207,-14154555.7936983,-133919786109.168,28323438753.2714,0.0278614728149016,0.0704014343401065,0.395751493929853,0.491014605260256,0.00982351367921059
0.4,1.02615539313626,20.0361123508869,-94.6789792343624,8.24915835863643,4821.04583789806,-36.9809987606952,-47586.2775322556,-102375.182972468,-6999824.28438803,-6999978.89120904,-67080637.285347,14168882.9595731,134467446416.43,-28352713891.9868,0.0361123508869419,0.0740193964201966,0.487876862463693,0.486285639254913,0.00187147197252472
0.401,0.933878713742999,20.0443256646286,-89.8828948470757,8.15982345933847,4769.95407092767,-142.854991061353,-54597.2308942169,-109372.802874513,-6999671.19846516,-6999986.36519546,67386809.1310831,-14183830.9324137,-135081727081.273,28382086600.0524,0.0443256646286159,0.077475934686097,0.572121715061671,0.481202827809794,-0.00652979443460892
0.402,0.846371405113882,20.0523955400471,-85.1414043213589,7.9611150479701,4711.86260716378,-255.728968503344,-61585.7223092968,-116375.150807408,-6999825.25287471,-6999979.15282784,-67694917.9501897,14198255.6676388,135796663083.784,-28410772041.309,0.052395540047069,0.0807157485213941,0.649136519290053,0.47576795338624,-0.0155874023598023
0.403,0.76357537577415,20.0602091031654,-80.4615029018746,7.64603219570846,4646.77134793602,-375.60292629339,-68596.7622439659,-123372.765961075,-6999621.83928301,-6999986.28318086,68101745.1335941,-14212516.3736703,-136608828688.88,28440781844.7959,0.0602091031653771,0.0837007317416484,0.719337835076749,0.469948933632969,-0.0255101289243595
0.404,0.685425534479406,20.0676464800252,-75.8501948395347,7.20757586687234,4574.68043302874,-502.476869116208,-75585.101348797,-130375.118372135,-6999824.50849386,-6999978.40863213,-68507083.5552855,14228265.4711257,137581557514.597,-28471153162.6865,0.067646480025239,0.0864074252686847,0.782878089642083,0.46368336436122,-0.0364880820574957
0.405,0.611849790300333,20.0745807966844,-71.3144753025472,6.63874513108674,4495.58973414333,-636.350791613129,-82596.2491394827,-137372.727840226,-6999540.81329184,-6999985.71974234,69074473.9593116,-14242887.6915608,-138711335872.194,28467112921.4994,0.0745807966844154,0.0888246461415657,0.839640797054807,0.456884969578259,-0.0486744410513515
0.406,0.542769052558766,20.0808781792198,-66.8613485609339,5.93254095503916,4409.49944737053,-777.224699998136,-89584.3712717736,-144375.090484994,-6999822.00726863,-6999995.05097316,-69636861.9128827,14224225.2299386,140140620780.456,199987288508.161,0.0808781792198232,0.0909513009595034,0.889247084611079,0.449452291201349,-0.0621710172005334
0.407,0.478097230948055,20.0863977540396,-62.4978096698979,5.08196430319349,4316.409398144,-925.089084500724,-96595.6549398686,-151334.642208601,-6999388.55879128,-6885777.18148914,70503758.8675729,214211513.738099,-141865764337.211,199995098583.299,0.0863977540396199,0.0927943890748121,0.93106657526421,0.441278749326376,-0.0770189886080459
0.408,0.417741235450711,20.0909916665157,-58.2308629085417,4.08007086016378,4216.3198884777,-1079.822580252,-103583.435913282,-158079.98111679,-6999817.68209231,-6571568.11845939,-71362005.4696382,414206612.321398,144345802843.82,199996428096.842,0.0909916665156807,0.09436719824288,0.964229819364655,0.432263072668463,-0.0931954695491146
0.409,0.36160097652715,20.0945052093364,-54.0675031448362,2.92013195324605,4109.23066446425,-1241.11097780813,-110594.876964302,-164411.113191073,-6999006.78614004,-6057363.29208957,72983797.3741819,614203040.41824,-147577941015.299,199996782644.07,0.0945052093363543,0.0956876929159627,0.987642260529294,0.422319085444612,-0.110615286136679
0.41,0.309569365012998,20.0967771369545,-50.0147346088097,1.59583311672691,3995.14229899223,-1408.44007227257,-117581.988175258,-170128.042165846,-6999811.95927351,-5343161.86034929,-74594143.6411166,814199823.06231,160033331225.489,199996686183.179,0.0967771369545005,0.0967770930631872,1.00000045352998,0.411383900345499,-0.129136978577567
0.411,0.261532312497474,20.0976401797924,-46.0795517137099,0.101474088026368,3874.05464053553,-1581.09566220282,-124592.424984481,-175030.771333633,-6994389.43730188,-4428963.69419539,85439187.5843726,1014196509.24549,-181891617295.254,199996137365.169,0.0976401797924282,0.0976586392069642,0.999810980219611,0.399423748956204,-0.148572260536167
0.412,0.21736873172634,20.0969217584434,-42.2689569730368,-1.56783119563661,3745.97168187961,-1758.16354945962,-131574.41009754,-178919.304083645,-6999896.05836513,-3314769.11626732,-96452429.7108818,1214192646.61066,199536772020.908,199994711672.552,0.0969217584433864,0.0983565374323742,0.985412469506927,0.386436906651201,-0.168697969944644
0.413,0.176950539336922,20.0944448978697,-38.5899415015939,-3.41595460067456,3610.8895623801,-1938.52953954731,-138589.27624209,-181593.644424662,-6996580.10206556,-2000579.11382039,103084342.310026,1414187358.28321,199856547826.095,199990003546.317,0.0944448978696677,0.0988950763190584,0.955001011020676,0.37245348699466,-0.189269317636359
0.414,0.140142654016255,20.090029341597,-35.0495067133663,-5.44555380122988,3468.82750416686,-2120.87944271902,-145501.004748363,-182853.798192083,-6793567.48584248,-486396.753764018,302940890.13612,1614177361.82952,199898544769.821,-75455741154.2085,0.0900293415970097,0.0992979063272746,0.906659011523196,0.357532096773232,-0.210033128844995
0.415,0.106803030624347,20.0834928655215,-31.654547684463,-7.65787458057834,3319.98853492996,-2303.7105537169,-152109.785365009,-182545.682221791,-6390677.32332145,1090052.7374884,502839434.905941,1538721620.67532,199908719262.969,-199990220071.191,0.0834928655215315,0.0995874703510924,0.838387251199173,0.341754113092742,-0.230739793372451
0.416,0.0767828637662121,20.0746527693475,-28.4116565375536,-10.0526138531342,3164.77554700574,-2485.46308889234,-158215.724851,-180719.60037731,-5787883.52878403,2528779.24812812,702748154.16891,1338731400.60413,199905284476.311,-199994936757.731,0.0746527693475052,0.0997845732146797,0.748139386104252,0.32521746540427,-0.251152993004215
0.417,0.0499269906867534,20.0633274202606,-25.3269225531777,-12.6279611651566,3003.79133446957,-2664.70351086785,-163618.916755287,-177554.78791834,-4985182.73237696,3767513.18035338,902653438.645221,1138736463.84639,199888429869.835,-199996379298.554,0.0633274202606486,0.0999080792504026,0.633856848573069,0.308030823950737,-0.271057508461184
0.418,0.0260744940651388,20.0493376810668,-22.4057322645777,-15.3807683704041,2837.83859727244,-2840.19308596784,-168119.45803003,-173251.239235946,-3982585.07879682,4806251.4545505,1102541868.51506,938740084.54784,199845500035.334,-199996956048.477,0.0493376810668238,0.0999747261223121,0.49350153764325,0.290308760493964,-0.290266001140873
0.419,0.00505950471389284,20.0325081487524,-19.6525695558764,-18.3067485865519,2667.91993057693,-3010.89307600225,-171517.46459123,-168008.95056513,-2780120.4602641,5644993.0610741,1302387368.55039,738743128.499362,199705025282.86,-199997098081.267,0.0325081487524379,0.0999990416719041,0.325084602901464,0.272168339968923,-0.308624842235006
0.42,-0.0132877958285499,20.0126681932226,-17.0708157806562,-21.4006761913387,2495.23779135972,-3175.96473939452,-173613.107196338,-162027.918789486,-1377880.57907228,6283737.64053283,1502092393.83325,538746030.418095,147489213705.11,-199996820891.996,0.0183588844297808,0.1,0.183588844297808,0.253727456631696,-0.326018533709974
0.421,-0.0291399729208004,19.9896527960426,-14.662550373398,-24.6565868194101,2321.19223799005,-3334.76933155954,-174215.360042877,-155508.140937226,197956.421613524,6722485.26050492,1649581607.53836,338749209.526099,-199701238672.74,-199995626609.711,0.0291399729208004,0.0999959989241294,0.291411388798765,0.235105053698358,-0.34237231038375
0.422,-0.042670941351209,19.9633031891826,-12.4283657543024,-28.067977359308,2147.34246554096,-3486.86810481603,-173225.896357273,-148649.613676393,1747687.40981551,6961236.65672617,1449880368.86562,138753582.916388,-199843820363.923,-199987090324.509,0.042670941351209,0.0999501181275648,0.426922370384282,0.216423135674436,-0.35765269270144
0.423,-0.0540544222303829,19.9334672937653,-10.3672862093883,-31.6280059500125,1975.22373279089,-3632.02230736234,-170786.576066418,-141652.33140993,3097645.86849917,6999996.6944803,1250036548.5017,-61233507.4081209,-199887215813.589,122394368104.601,0.0540544222303829,0.0998376838843394,0.541423039150269,0.197809872791369,-0.371865962028503
0.424,-0.0634624217947922,19.899999959266,-8.47688907118978,-35.3296892884072,1806.18599044948,-3770.17974624426,-167097.226459637,-134662.552407803,4247738.80909407,6999960.37112448,1050149332.68811,61160860.6964798,-199904403516.141,-122255007539.442,0.0634624217947922,0.09963749970977,0.636933102292302,0.179401851729768,-0.385054728303859
0.425,-0.071063881945784,19.8627630283506,-6.75350164714977,-39.166032121216,1641.37932893303,-3901.33721894836,-162357.730384785,-127652.38744092,5197935.94002411,6999993.72805123,850244929.171966,-61094146.8429618,-199908424248.202,122151807144.712,0.071063881945784,0.0993260345011676,0.715460778260997,0.161343808874965,-0.39729270155913
0.426,-0.07702353016181,19.8216253435489,-5.19240109978395,-43.1300303959212,1481.75394448877,-4025.49470222443,-156767.990050883,-120662.582151766,5948226.65707197,6999975.48478063,650336504.923764,61057660.3017502,-199899932293.057,-122077796667.342,0.07702353016181,0.0988777860582713,0.778977091137721,0.143785634761191,-0.408677068345146
0.427,-0.081500929303082,19.7764627473765,-3.78801434768951,-47.2146881998865,1328.06012802007,-4142.65220693195,-150527.911796731,-113652.424136279,6498613.1958492,6999994.24674871,450436572.630706,-61020136.3655922,-199865707345.919,122014829018.526,0.081500929303082,0.0982657900178899,0.829392704096148,0.126876970112622,-0.419318743804087
0.428,-0.0846497273204642,19.7271580823298,-2.53411797072553,-51.4130014788943,1180.84826784556,-4252.80972001638,-143837.391265791,-106662.604152877,6849116.91480695,6999981.52489238,250570865.284787,60994692.6529338,-199673910069.441,-121963189931.811,0.0846497273204642,0.0974622869524395,0.868538282523294,0.110759949109441,-0.429331410857143
0.429,-0.0866171068651742,19.673601190895,-1.4240381025236,-55.717974312314,1040.4688771018,-4355.96724942428,-136896.267903353,-99652.4524799799,6999850.82505702,6999994.6225794,50896955.2153464,-60968497.2788771,-102023601873.577,121917125783.692,0.0866171068651742,0.0964395591920864,0.898149137042942,0.0955608189446022,-0.438820427315508
0.43,-0.0875434346309046,19.6156889155436,-0.450849447059516,-60.1226026465858,907.076766453432,-4452.12478612894,-129887.972534334,-92662.622585076,6999735.97933557,6999984.68819237,-51126646.658231,60948628.5048153,100674049281.354,-121876839867.071,0.0875434346309046,0.0951709475051734,0.919854608215872,0.0813812665605315,-0.447872681049259
0.431,-0.0875621023207243,19.5533250987382,0.392448664463437,-64.6198905560068,780.684335553043,-4541.28233646683,-122897.020870114,-85652.4763892757,6998946.35731802,6999994.89676365,49547402.623123,-60928211.3622561,-97499686914.3932,121839750200.654,0.0875621023207243,0.0936320561185217,0.935172268457782,0.0682903791807613,-0.456548368809943
0.432,-0.0867995024250523,19.4864205829291,1.11285223261869,-69.2028339881963,661.29098327507,-4623.43989345336,-115889.550759304,-78662.6389731598,6999743.91648394,6999986.56050172,-47952284.2912703,60911538.8383977,94760667551.6335,-121806009278.155,0.0867995024250523,0.0918021526848852,0.945506176995602,0.056318566335513,-0.464875473763183
0.433,-0.0853750282379165,19.4148932105589,1.71736385616058,-73.8644370137788,548.897260787774,-4698.59746247352,-108897.989540374,-71652.4976447852,6999171.96596849,6999995.09470104,46808383.2603632,-60894470.4397571,-92473391115.2892,121774209935.302,0.0853750282379165,0.089665767723931,0.952147407032469,0.0454550848149117,-0.4728474458764
0.434,-0.0834010735224855,19.3386678240591,2.21297983057687,-78.5976955817101,443.502805569632,-4766.75503772395,-101890.825614627,-64662.6540836482,6999743.65367121,6999987.72922893,-45665007.8549261,60879739.495545,90334091512.4978,-121744472214.163,0.0834010735224855,0.0872144957871402,0.956275361908164,0.0356496006972745,-0.480424270137392
0.435,-0.0809830326924851,19.2576762658539,2.6067026973569,-83.3956137597358,345.108004867677,-4827.91262400607,-94898.8587829649,-57652.5172300405,6999245.69157253,6999995.2326174,44669083.6575717,-60864732.7186175,-88359823666.2377,121715917267.352,0.0809830326924851,0.084448998144958,0.958957885485823,0.0268175783541758,-0.487536777064818
0.436,-0.0782193005844007,19.1718573783576,2.90552893866164,-88.251187498216,253.712532118455,-4882.07021624537,-87892.0051868413,-50662.6683775712,6999734.86339698,6999988.45853245,-43690740.008666,60851184.5487342,86385165253.4818,-121688644054.731,0.0782193005844007,0.0813812041816979,0.961147004039929,0.0188489327689917,-0.494093735031598
0.437,-0.0752012726357017,19.0811570039775,3.11646099009279,-93.1574208625131,169.316711955197,-4929.22781888975,-80899.7181659064,-43652.5357674401,6999236.70601506,6999995.32105382,42694425.2448158,-60837459.505997,-84429071668.7361,121662037992.853,0.0752012726357017,0.0780367059328659,0.963665389725657,0.011619055477921,-0.499991000454555
0.438,-0.0720133447026053,18.9855279851114,3.24649545777482,-98.1073098044436,91.9202100018522,-4969.38542732167,-73893.2057592138,-36662.6821698072,6999716.5954255,6999988.88054425,-41734646.4239204,60824578.4868556,82341568045.5177,-121636184463.889,0.0720133447026053,0.074457337329269,0.967175933033225,0.00500111878045754,-0.505121809372266
0.439,-0.0687329132526901,18.8849301641504,3.30263463156577,-103.093858387314,21.5233376646158,-5002.54304579581,-66900.632892326,-29652.5536974301,6999152.73302434,6999995.36679916,40606921.6215973,-60811605.9770331,-80145086972.9931,121610605430.709,0.0687329132526901,0.0707039267483918,0.97212299816507,-0.00112156117094042,-0.509387195753693
0.44,-0.0654303751993317,18.7793303834765,3.29187520231907,-108.110062564459,-41.8742904195516,-5028.70066996894,-59894.5342129863,-22662.695699381,6999687.11115944,6999989.06353748,-39538165.3513957,60798999.4536757,77627738355.8873,-121585377993.411,0.0654303751993317,0.0668592084372986,0.978629222939323,-0.00684429921842249,-0.512705520811907
0.441,-0.06216912813263,18.6687024854651,3.22121925878582,-113.148926397354,-98.2723362820852,-5047.8583040274,-52901.6782281099,-15652.5713657823,6998962.81498599,6999995.37399445,38089573.0044915,-60786378.5397352,-74817667390.0504,121560088293.818,0.06216912813263,0.0630308752910847,0.986328174018289,-0.0122320384489573,-0.515020198174965
0.442,-0.0590055701514063,18.5530273124826,3.09766354077715,-118.203445840934,-147.671302243343,-5060.01594376559,-45896.1402378534,-8662.70916634207,6999643.55429545,6999989.03960162,-36728094.3855588,60773709.7540832,71276686958.2638,-121534809185.87,0.0590055701514063,0.0593547523701073,0.994117030149101,-0.0173134106698228,-0.51630488527009
0.443,-0.0559891001737145,18.4322927068888,2.92820983930906,-123.266624954995,-190.070772191156,-5065.17359341089,-38902.9812829243,-1652.58907339438,6998553.80338902,6999995.34476277,34548592.572705,-60761099.4317872,-67041873255.5982,121509141414.088,0.0559891001737145,0.055998067447919,0.999839864577239,-0.0220784075926064,-0.51656566828551
0.444,-0.0531621177495151,18.3064935110344,2.71985488295275,-128.331459696188,-225.471511885009,-5063.33124878092,-31898.3268287916,5337.27724522151,6999581.45933393,6999988.81603803,-32493280.6828932,60748041.9823011,60664065251.8458,-121483156955.886,0.0531621177495151,0.0531627918252378,0.999987320535669,-0.0264798352255606,-0.51584006499959
0.445,-0.0505600235476039,18.1756315672638,2.47959995621042,-133.390954122735,-253.872935861529,-5054.48891425222,-24904.8813322571,12347.3928894247,6997420.21127696,6999995.27954239,28170784.5689526,-60735114.9735852,-52188992108.1509,121456427823.342,0.0505600235476039,0.0510890216544224,0.989645562007495,-0.030438373615479,-0.514192982926682
0.446,-0.0482112191514323,18.0397157179118,2.21444155525906,-138.438104193155,-275.276586498724,-5038.64658555769,-17902.073894047,19337.2633494509,6999496.49979183,6999988.37848047,-24018207.5391983,60721312.8497569,-11481172569.5477,-121429028234.571,0.0482112191514323,0.0500583671203348,0.96310011542202,-0.0338506919833747,-0.511710063258626
0.447,-0.0461371081388152,17.8987618053066,1.9313794181282,-143.465913964162,-289.683393559655,-5015.80426734303,-10916.5000267864,26347.3742129838,6969737.70596786,6999995.17721294,-35499380.1087461,-60707715.3848145,130678512997.79,121400452041.256,0.0461371081388152,0.05,0.922742162776305,-0.0365998103966163,-0.508489091422314
0.448,-0.0443520995427305,17.752792671767,1.63739900735291,-148.467379396353,-297.115496358768,-4985.96195514184,-3942.7322587066,33337.2489411779,6999577.58235801,6999987.68784876,95179132.889044,60692736.6564412,-196957454955.734,-121370778919.457,0.0443520995427305,0.05,0.88704199085461,-0.0385666833542459,-0.504630333222572
0.449,-0.0428636232369267,17.6018381596046,1.3394810656136,-153.435504544969,-297.550783198103,-4949.11965401642,3071.60864760331,40347.3545342016,6996277.98776918,6999995.03504547,-101778322.066689,-60678042.263016,-199225584725.497,121339353767.88,0.0428636232369267,0.05,0.857272464738534,-0.0396419549291723,-0.500226750739511
0.45,-0.0416721152414096,17.445935111121,1.04462623209397,-158.36328537297,-291.006299676324,-4905.27735916533,9983.79321021823,47337.2337737435,6794886.87333975,6999986.66966639,-301003906.792187,60661311.5048638,-199457770727.049,-121306265395.027,0.0416721152414096,0.05,0.833442304828193,-0.0397363324242472,-0.495355050523857
0.451,-0.040771047858723,17.2851273686106,0.759730106190769,-163.243725934134,-277.683541087681,-4854.43507626589,16594.935168374,54347.3333882632,6394154.08118403,6999994.84847374,-500461677.519236,-60644953.8901627,-199496466847.139,121270589943.044,0.040771047858723,0.05,0.815420957174459,-0.0387893168074509,-0.490068425176527
0.452,-0.0401471317250537,17.1194657743567,0.491387209993685,-168.069822194183,-257.983251511087,-4796.59280000446,22705.6089996573,61337.2175247823,5793944.17024123,6999985.1895551,-699958144.366374,60625636.052881,-199453805017.042,-121232429913.61,0.0401471317250537,0.05,0.802942634501073,-0.0367766956472971,-0.484391672533
0.453,-0.0397807165683122,16.949008170635,0.24569159330641,-172.834578205429,-232.505640692246,-4731.75053696347,28116.3317968791,68347.3101273783,4994259.12336633,6999994.61065117,-899411949.383416,-60606793.8607291,-199323744679.45,121190360802.38,0.0397807165683122,0.05,0.795614331366244,-0.0337163456231547,-0.478319138226275
0.454,-0.0396463914178604,16.7738193997091,0.0280373585040683,-177.530989936923,-202.050386481276,-4659.90828106471,32627.6643214405,75337.1997345661,3995185.30164319,6999982.99719163,-1098735694.06287,60583566.9416511,-199013475187.352,-121144504862.304,0.0396463914178604,0.05,0.792927828357208,-0.0296718085341649,-0.471815645829127
0.455,-0.0397137842750276,16.5939713038342,-0.157080770699092,-182.15206143951,-167.616544352824,-4581.0660402581,36040.312863521,82347.2837644182,2796942.86998665,6999994.31170213,-1297749169.25022,-60560937.9206525,-198015741646.276,121092421878.765,0.0397137842750276,0.05,0.794275685500551,-0.0247533208443306,-0.464820287457081
0.456,-0.0399485611494045,16.4095427252518,-0.30626672448839,-186.690788686436,-130.40230223842,-4495.2238073099,38155.3785252749,89337.1796774731,1400185.82991329,6999979.58472086,-1495764910.89649,60531483.958112,-8055287613.82948,-121034262361.889,0.0399485611494045,0.05,0.79897122298809,-0.0191162274893287,-0.457252669725739
0.457,-0.0403136239300771,16.2206195061938,-0.417420363824538,-191.140175727117,-91.796460586988,-4402.38159235367,38806.3393518043,96347.2526271128,-99606.7247901142,6999993.93749803,-1503820198.51032,-60502778.4037765,197803495601.751,120965204451.296,0.0403136239300771,0.05,0.806272478601543,-0.0129569617102235,-0.449020977471324
0.458,-0.040770491208358,16.0272944888762,-0.489891266668896,-195.493218540407,-53.2823194850138,-4302.53938633736,37987.789777026,103337.156042817,-1504525.17549956,6999973.7613199,-1306016702.90857,60462426.0475191,198800933278.407,-120885439452.806,0.040770491208358,0.05,0.81540982416716,-0.0065068571048752,-0.440031047515992
0.459,-0.0412807656323823,15.8296675155035,-0.524483206149491,-199.74292117454,-16.2561783740024,-4195.69720323619,35863.3897389518,110347.213443919,-2711141.41176893,6999993.46764101,-1107215769.63016,-60423013.4052871,199109425094.93,120783000860.772,0.0412807656323823,0.05,0.825615312647646,-2.34818467132699e-05,-0.430195557821999
0.46,-0.0418075216105784,15.6278454282602,-0.523304021301171,-203.882279616577,18.0754009235055,-4081.85503093564,32631.8253465503,117337.125905001,-3718802.46885163,6999961.95466611,-908106344.535234,60359987.4554851,199240136427.065,-120658140151.474,0.0418075216105784,0.05,0.836150432211567,0.00622124690001194,-0.419442436151841
0.461,-0.0423165115347933,15.4219420693163,-0.489568685545751,-207.904297914719,48.7047756505586,-3961.01289147791,28492.1763948356,124347.158163369,-4527288.74517333,6999992.87204586,-708866208.108168,-60298152.6959889,199293430111.597,120463342796.878,0.0423165115347933,0.05,0.846330230695867,0.0119559613387824,-0.407721680569649
0.462,-0.042777173403901,15.2120782808134,-0.42740024513539,-211.801972070199,74.8234671977108,-3833.17076726468,23643.6701172934,131337.079182867,-5136508.2382257,6999926.39074831,-509572777.996571,60165190.1008893,199299965484.7,-120198950814.48,0.042777173403901,0.05,0.85554346807802,0.0169264337769597,-0.395009947680909
0.463,-0.0431634392945622,14.9983819048708,-0.341630598951441,-215.568306138248,95.8222585647872,-3698.32870564437,18285.5921509836,138347.055010196,-5546431.03347992,6999992.10544196,-310272812.511871,-60033760.7135912,199268909642.05,82933502842.3573,0.0431634392945622,0.05,0.863268785891245,0.0209122301364331,-0.381312490585196
0.464,-0.0434543445756769,14.7809877835035,-0.237601216943017,-219.196296461331,111.291225934847,-3556.48820464562,12617.2361961881,145330.852485755,-5757069.39117076,6981425.09614954,-111003902.869822,22899742.1287662,199198786429.49,-8667472499.61973,0.0434543445756769,0.05,0.869086891513538,0.0237418064987438,-0.366662291381329
0.465,-0.043634437833212,14.5600377558201,-0.120963849648003,-222.678954786957,121.019726734406,-3407.66318413279,6837.86465132065,152322.282874219,-5768473.90082584,6999991.1020285,88194883.559668,14232269.6291464,199078722608.74,-28472557724.9208,0.043634437833212,0.05,0.872688756664239,0.0253045999424848,-0.351116534164364
0.466,-0.0436939915170078,14.3356806482335,0.00251873087142907,-226.009289808729,124.996348529349,-3251.83972001919,1146.6679793761,159324.644684775,-5580739.6559618,6999987.09279519,287273606.168408,-14240288.0957744,198883804896.349,-199978110653.02,0.0436939915170078,0.05,0.873879830340157,0.0255589749641138,-0.334750835065434
0.467,-0.0436290133611866,14.108072283942,0.127171917213104,-229.18030280172,123.40881244031,-3089.02578759065,-4257.28757268544,166284.181948413,-5194024.14734522,6885757.7493729,486157411.064756,-214218398.748794,198560122111.25,-199988718753.222,0.0436290133611866,0.05,0.872580267223732,0.0245353037499,-0.317651564496391
0.468,-0.0434410586762652,13.8773754671204,0.247608326402325,-232.185049464385,116.643812367551,-2919.34276269729,-9175.13966081307,173029.499045286,-4608586.67522483,6571544.9912475,684717533.176006,-414207117.502016,197978071387.262,-199989779059.868,0.0434410586762652,0.05,0.868821173525305,0.0223339404794153,-0.299907465983481
0.469,-0.0431368436771184,13.6437598546094,0.358926650874743,-235.016801145272,105.286748044296,-2743.10485858342,-13408.3712242187,179360.608847939,-3824880.1063552,6057342.98421555,882695604.563268,-614196896.561883,196744915497.318,-199987641598.224,0.0431368436771184,0.05,0.862736873542368,0.0191183488734834,-0.281602244194647
0.47,-0.0427276601217098,13.4074016414629,0.456910151813689,-237.669243400368,90.1212504058056,-2560.8262772112,-16759.1127090427,185077.522110274,-2843812.04404327,5343152.26685455,1079440520.06059,-814184538.160107,192905563435.381,-199978104500.721,0.0427276601217098,0.05,0.854553202434196,0.0151041093497849,-0.262809546401131
0.471,-0.0422285917590512,13.1684830467463,0.538224461425663,-240.136675981987,72.1281761598945,-2373.22120881155,-19031.0535658164,189980.252423965,-1667918.74226499,4428978.67644408,1272346083.49597,-1014162642.66083,-18140653037.7156,-162564171417.012,0.0422285917590512,0.05,0.844571835181023,0.0105449217106538,-0.24359092799103
0.472,-0.0416575339707321,12.927191599399,0.600611987593643,-242.414212512952,52.474465042985,-2181.20226766361,-20065.8227085064,193875.05575051,-404642.985287884,3333533.94807475,1254205430.45825,-1176726814.07784,-191118641270.594,199979164371.468,0.0416575339707321,0.05,0.833150679414642,0.00571698895237839,-0.223996964481376
0.473,-0.0410340357282567,12.6837192276304,0.643036766689085,-244.49796902754,32.4073918035247,-1985.84823360956,-19875.2160854436,196653.556152274,754003.12453507,2256796.71618264,1063086789.18766,-976747649.706372,-194754898788.316,199988919256.292,0.0410340357282567,0.05,0.820680714565135,0.000903134624443763,-0.204071328611584
0.474,-0.0403780677963196,12.4382611962502,0.665674889962703,-246.385153381531,13.0782436244304,-1788.22073750251,-18622.1287161127,198455.310530146,1719712.46432857,1380043.52610441,868331890.39934,-776758730.450079,-195814504054.057,199991560283.298,0.0403780677963196,0.05,0.807561355926392,-0.0036228099640634,-0.183856965551161
0.475,-0.0397088788538435,12.1910150596916,0.669763236681032,-248.073947154865,-4.54746581545372,-1589.19653201604,-16500.8860572602,199480.306617739,2490137.10270088,703280.575795984,672517386.345283,-576767170.166781,-196157996842.907,199991960132.473,0.0397088788538435,0.05,0.794177577076871,-0.00761140515720272,-0.163402106977643
0.476,-0.0390440304101639,11.9421797857632,0.657406737595188,-249.563308685509,-19.6993703401744,-1389.45237997376,-13707.1832608605,199928.535601807,3064575.49062471,226509.38569544,476359389.502376,-376775210.034308,-196136657968.389,199989951445.736,0.0390440304101639,0.05,0.780880608203279,-0.0108521766697881,-0.142764034955431
0.477,-0.0383986265003873,11.6919550788862,0.631382752042101,-250.852773078502,-31.8030449848874,-1189.4650526328,-10437.1175184793,199999.98904106,3442866.55114289,-50270.848616,280222731.533987,-176785258.588572,-195823939872.786,199979297328.307,0.0383986265003873,0.05,0.767972530007746,-0.0131861116840012,-0.122009977960577
0.478,-0.0377847392744394,11.4405409033228,0.594945003470813,-251.942252214647,-40.4801847700343,-989.511330755094,-6886.77692488156,199894.655446038,3625177.31274048,-127066.458540418,84398791.6612007,23194038.739735,-195175631107.059,199926838199.609,0.0377847392744394,0.05,0.755694785488787,-0.0145148985577574,-0.101215082778237
0.479,-0.037211030678207,11.1881372063952,0.551627516609854,-252.831834762947,-45.5484388912316,-789.668012580279,-3251.92948816166,199812.507146567,3611988.28884815,-3909.00070087872,-110776839.445858,223120876.939344,-194024549429.806,-191126081505.948,0.037211030678207,0.05,0.74422061356414,-0.0148060539482706,-0.0804576960845425
0.48,-0.0366825700623976,10.9349438411415,0.505048878449794,-253.521589469468,-47.0209213977697,-589.828236707968,272.332956058597,199888.304237418,3404199.17468739,123648.835485492,-304801388.875664,31994795.4333967,-191953870614.009,-199393006866.851,0.0366825700623976,0.05,0.733651401247953,-0.0140934883671949,-0.0598124537240031
0.481,-0.0362008472208026,10.6811606574127,0.45871719038571,-254.01145327441,-45.105287163789,-389.881083628854,3492.13912453915,199994.718302809,3003420.85050472,55947.1274854628,-496755259.489673,-167398211.433455,-187806663831.134,197791017308.168,0.0362008472208026,0.05,0.724016944416052,-0.0124735072654606,-0.0393421803120975
0.482,-0.0357639799087457,10.4269875972604,0.415836279734598,-254.301333001033,-40.2020554349054,-189.87805017182,6215.88123466052,199999.931494129,2412762.25909948,-12555.5752939075,-684561923.320807,30392805.8747139,-177093953225.963,-15888923059.4388,0.0357639799087457,0.05,0.715279598174914,-0.0100966843997171,-0.019090999442343
0.483,-0.0353671140954085,10.1726246582643,0.379114292763791,-254.391212044095,-32.9012656392997,10.1200069638474,8256.8468732286,199999.92416793,1639653.35916569,9892.76905108699,-861655876.546769,14503882.815275,-115170774790.227,-179622900452.007,0.0353671140954085,0.05,0.70734228190817,-0.00715643253859036,0.000919367713675801
0.484,-0.0350030133158539,9.91827183982795,0.35057786403632,-254.281091318781,-23.9730001815289,210.119810542586,9446.4771649892,199987.131728313,720412.095223809,-65414.7983596413,-976826651.336996,-165119017.636732,148290333950.821,199612812397.955,0.0350030133158539,0.05,0.700060266317078,-0.00387538913290705,0.0206909141641498
0.485,-0.0346628254561402,9.66412913577869,0.331408705762134,-253.97099406136,-14.3229426469027,410.055032235963,9703.19099020298,199872.426223201,-182269.389137776,-130727.409797396,-828536317.386175,34493794.761223,172606241689.877,199291690818.167,0.0346628254561402,0.05,0.693256509122804,-0.000490854804168194,0.0402487843953052
0.486,-0.0343369752824994,9.41039647642175,0.321873896417599,-253.461021505908,-4.84178381076257,609.87614754051,9135.42114932043,199792.160992588,-924502.585679013,3412.23037291072,-655930075.696298,233785485.579389,178439823131.907,-199917939894.356,0.0343369752824994,0.05,0.686739505649989,0.00275979092584981,0.0596379754489237
0.487,-0.0340160434469876,9.15727369349584,0.321419895995922,-252.751240634087,3.72949935906614,809.700648981719,7912.69349631525,199879.146309101,-1491212.74980936,137238.746005122,-477490252.564391,33867545.6850331,179880697866.151,-199978637595.672,0.0340160434469876,0.05,0.680320868939752,0.00565363265632864,0.0789183729204255
0.488,-0.0336915058821785,8.90496062210006,0.32883881022347,-251.841577794168,10.8244998007937,1009.64572681154,6212.71573653473,199999.989055016,-1878762.65344067,71116.9728923191,-297609554.69824,-166111091.910639,179029580230.376,-199989813104.997,0.0336915058821785,0.05,0.67383011764357,0.00799653183315112,0.0981597315850542
0.489,-0.0333562998826365,8.65365720180199,0.342445632298681,-250.731928807877,16.0556921840013,1209.64525626213,4214.98656911666,199954.718846436,-2086857.41802372,-194989.025570818,-118579974.467864,-366100905.015635,176057311118.681,-199991886375.69,0.0333562998826365,0.05,0.66712599765273,0.00963614742349464,0.117435748384184
0.49,-0.0330052116025191,8.40356340995557,0.360257534509559,-249.422355611166,19.2148224363248,1409.43313078302,2098.18204904545,199543.347387294,-2117408.73693225,-661085.873774298,57477336.6508164,-566092791.391325,170086726536.198,-199991498283.782,0.0330052116025191,0.05,0.660104232050382,0.0104724653301017,0.136816193658885
0.491,-0.0326350844699379,8.1548789955939,0.380172358792667,-247.913286241464,20.2709666199516,1608.54325345576,37.8597681946478,198565.883201444,-1974888.03701333,-1327174.41430751,227564063.187015,-766084289.675107,158473159511.596,-199988848693.468,0.0326350844699379,0.05,0.652701689398758,0.010464848246473,0.156357582718192
0.492,-0.0322448504884066,7.90780301333231,0.400143909736175,-246.205714828896,19.3659127618171,1806.30953586641,-1796.83404397324,196822.335167517,-1668087.39407052,-2193253.12832935,386037222.69861,-966073138.368575,133229669108.376,-199979045669.381,0.0322448504884066,0.05,0.644897009768133,0.00963494444172723,0.176093307883994
0.493,-0.0318353891962536,7.66253315727997,0.418350586041849,-244.301401587173,16.8049257941378,2001.8658998198,-3249.69788184306,194112.715629058,-1215435.33681772,-3259315.78953262,519266891.806986,-1166052184.03796,65812035437.8914,137425112204.482,0.0318353891962536,0.05,0.636707783925071,0.00806517778616036,0.196024197636222
0.494,-0.0314092239881376,7.41926489543092,0.43335027489305,-242.203069989135,13.036796893997,2194.16034156976,-4194.53110018431,190293.277932874,-663262.42729179,-4356655.41746833,585078927.244877,-1028627071.83347,-54729942245.0958,199977982692.497,0.0314092239881376,0.05,0.628184479762752,0.0058929265890542,0.216110420506103
0.495,-0.0309700772396048,7.17819043133743,0.444203184704856,-239.914530310813,8.60586732044739,2382.11218636454,-4574.37572089451,185455.638643271,-105548.47116946,-5285293.49795556,530348984.999781,-828649089.140977,-108267412178.072,199987576159.309,0.0309700772396048,0.05,0.619401544792097,0.00330080251395591,0.236265766498638
0.496,-0.0305223336458427,6.9394976395447,0.450525468398934,-237.440604047859,4.06259771929403,2564.79540289298,-4432.79426826042,179789.351863438,370666.807741285,-6013948.79901688,422081572.82171,-628661512.981668,-125561347842.567,199989726353.846,0.0305223336458427,0.05,0.610446672916855,0.000503542790595442,0.256356258352619
0.497,-0.0300704968902229,6.70336914254798,0.452449987173024,-234.786940821483,-0.119747939118905,2741.48133634335,-3872.01356541538,173494.403928989,729967.706641711,-6542615.44882162,296520224.979142,-428671786.627822,-129935550286.76,199988661454.288,0.0300704968902229,0.05,0.601409937804457,-0.00226799493858964,0.276204803802471
0.498,-0.0296187194067567,6.46998158222518,0.45052716594876,-231.959818913836,-3.58277159497885,2911.64132011105,-3015.44167133189,166770.784030429,961520.156477473,-6871292.9047223,166584674.692382,-228683125.173534,-126885592619.994,199977999657.107,0.0296187194067567,0.05,0.592374388135134,-0.00478491744311714,0.295601875493913
0.499,-0.0291704449249018,6.23950509117025,0.445602810525701,-228.965945279174,-6.09497597531577,3074.94667625157,-1991.77677627822,159818.47922973,1064662.03485986,-6999987.03006728,39699082.0723883,-28705125.5164271,-117057255161.455,57402201006.5259,0.0291704449249018,0.05,0.583408898498036,-0.00683906101906576,0.314321157162729
0.5,-0.0287281770359955,6.0121029638168,0.438690068486016,-225.812256745507,-7.55268260611707,3231.26276953706,-926.77474290908,152813.706670406,1045832.48935152,-6999991.05508045,-77358173.0890666,28697075.4900987,-98791660454.4553,-36284755650.8521,0.0287281770359955,0.05,0.574563540719911,-0.00826073170036688,0.332138570987926
0.501,-0.0282933749767781,5.78793151592963,0.430844257402288,-222.505752894473,-7.97355045238417,3380.57975166102,63.9133831554962,145822.016693795,919078.486035225,-6989436.35741577,-176149833.543522,-7587680.16075332,-69135258622.4044,-5936042617.01558,0.0282933749767781,0.05,0.565867499535562,-0.00893371924967661,0.348852681351867
0.502,-0.027866470111371,5.56714006528244,0.423047927685601,-219.053427406145,-7.48233676757758,3522.90553822764,883.394409315226,138827.797155863,708361.023180501,-6999992.05888503,-245285092.165926,-13523722.7777689,-28019526806.2435,27178286162.3732,0.027866470111371,0.05,0.557329402227421,-0.00880609500837304,0.364303818927671
0.503,-0.0274469886875835,5.34987093687032,0.416114894584981,-215.462274971685,-6.28681017565002,3658.23221782885,1464.44296527839,131825.572949949,449066.167611453,-6999926.63858161,-273304618.97217,13654563.3846043,13814853315.9411,-27441494725.8498,0.0274469886875835,0.05,0.548939773751669,-0.00789565549229726,0.378389141351276
0.504,-0.0270337566715196,5.13625945734844,0.410623877684559,-211.73929628156,-4.64280927750643,3786.55895982446,1779.15929895641,124827.900010605,182668.975297254,-6999992.82255993,-259489765.656228,-13786931.3412455,43428854928.3955,27635386339.952,0.0270337566715196,0.05,0.540675133430393,-0.00628931359263686,0.391071873479975
0.505,-0.0266251521628136,4.92643395345392,0.406890642719302,-207.891490381361,-2.81375424955541,3907.88571707633,1839.32153391362,117825.619620098,-55106.362894777,-6999962.0607312,-216060910.727833,13848454.9987065,59390832652.708,-27759619755.4071,0.0266251521628136,0.05,0.532503043256271,-0.00413623653784158,0.402384044345969
0.506,-0.0262193658577488,4.72051575194613,0.404978857228546,-203.925858169129,-1.03552143084996,4022.21250709107,1686.08318776371,110827.955183574,-241471.857296256,-6999993.4156102,-156670078.075125,-13911164.7567006,65115855139.0162,27861511468.6371,0.0262193658577488,0.05,0.524387317154977,-0.00163509169715484,0.412422511713716
0.507,-0.0258146350238438,4.51861917961278,0.404740146794235,-199.849398697468,0.506427309217228,4129.53930793569,1377.12893395306,103825.64977083,-365584.007801873,-6999973.82463258,-91554222.9361087,13950346.7119365,63236282990.6961,-27940810661.5486,0.0258146350238438,0.05,0.516292700476875,0.00098362136062914,0.421338730829685
0.508,-0.0254094280496966,4.32085156325611,0.405870920112198,-195.669112878527,1.68814004723795,4229.86613165154,976.307195181584,96827.9943177765,-425520.089242633,-6999993.88325142,-28317939.9454127,-13990463.9496121,55262471276.4089,28009440335.4304,0.0254094280496966,0.05,0.508188560993932,0.0034785955370993,0.4293233397101
0.509,-0.0250025682309281,4.12731322969837,0.407975574348582,-191.391999764888,2.4492701441105,4323.19296434372,545.838547845646,89825.6734426062,-426206.793549841,-6999979.62703331,26944531.3309963,14018976.3858183,42384490433.5401,-28067209270.6919,0.0250025682309281,0.05,0.500051364618561,0.00562012072713509,0.436587125719161
0.51,-0.0245932945236274,3.93809750577325,0.410628205193917,-187.025060276863,2.78826207083779,4409.51981500182,140.168101700226,82828.025435554,-378070.017002075,-6999994.25528284,69329021.7645363,-14048232.8848736,26277684201.8422,28118923084.8419,0.0245932945236274,0.05,0.491865890472548,0.00721169357040307,0.44334026958521
0.511,-0.0241812639647265,3.75329071833035,0.413426647336046,-182.575293465872,2.75204490450614,4488.84667355938,-198.85779038594,75825.6935510095,-295602.153136618,-6999983.02662529,95606705.9663785,14070690.1999683,9421655295.08693,-28164430969.6388,0.0241812639647265,0.05,0.483625279294531,0.00810869450766675,0.449771907841149
0.512,-0.0237665059448515,3.57297219422903,0.416034058446379,-178.049700257799,2.42171305751692,4561.17354719415,-445.086314656854,68828.051797656,-195284.619522696,-6999994.55191014,105028361.261465,-14093740.7696705,-5515692029.48211,28206165564.7458,0.0237665059448515,0.05,0.47533011889703,0.00823225284077798,0.456031997352273
0.513,-0.0233493424802123,3.39721426034209,0.4182050111276,-173.455279702653,1.8962593394744,4626.50042801595,-588.776035553731,61825.7114029551,-93014.1042759714,-6999985.20989744,99512669.2319833,14112424.7950753,-16693212787.4395,-28244004024.4225,0.0233493424802123,0.05,0.466986849604246,0.00757687353778546,0.462217217685546
0.514,-0.0229302905382547,3.226082243551,0.419795387349696,-168.799032730486,1.27686614612187,4684.82732205126,-634.816007344951,54828.0750714511,-1848.04143770794,-6999994.78711457,82819456.4445437,-14131579.2293472,-23441201723.2083,28279366973.8772,0.0229302905382547,0.05,0.458605810765093,0.00621100562270195,0.468362231874085
0.515,-0.0225099619398966,3.05963447074912,0.420757792952577,-164.087958389851,0.653952644060354,4736.15422277291,-599.161187514255,47825.7277225509,69250.8141452316,-6999986.68285698,59378254.7213354,14147787.74453,-25911806165.0867,-28312151055.966,0.0225099619398966,0.05,0.450199238797932,0.0042704340329555,0.474437089111911
0.516,-0.0220889736865392,2.89792226883773,0.421125964967466,-159.329057614108,0.0982335808153921,4780.48113544569,-504.539880369204,40828.0962417235,115673.165784024,-6999994.97064043,33466448.5562487,-14164363.311436,-24665163148.292,28343278189.1842,0.0220889736865392,0.05,0.441779473730783,0.00194510242761312,0.480350945000117
0.517,-0.0216678776304162,2.74098996472893,0.420992396361391,-154.529329450357,-0.343919690366937,4817.8080544448,-376.244350831771,33825.7429691255,136807.032766126,-6999987.69485728,8801285.40795673,14178914.8777482,-20474414432.4916,-28372658439.9588,0.0216678776304162,0.05,0.433357552608324,-0.000539355926731651,0.485961658887518
0.518,-0.0212471141560914,2.58887488534222,0.420483351767841,-149.695774834695,-0.651146744515672,4848.13498452487,-238.449077767081,26828.1159553005,135371.110957837,-6999995.10919951,-11673129.0245349,-14193743.5622106,-14280833846.4893,28400946209.2918,0.0212471141560914,0.05,0.424942283121828,-0.00294356189892247,0.491090261026229
0.519,-0.0208269905958564,2.44160735760715,0.419734936948943,-144.835392812775,-0.824450823051528,4871.46192067441,-111.294670295926,19825.7574653547,116557.565010058,-6999988.37965707,-25953962.8710242,14207202.6470812,-7157086099.9517,-28428060387.2565,0.0208269905958564,0.05,0.416539811917128,-0.00503763790392574,0.495538821747784
0.52,-0.0204076818030889,2.29921070846035,0.418873123994075,-139.955184323032,-0.88209058324176,4887.78886731452,-8.90693440470628,12828.1346769567,87025.0590890575,-6999995.20720362,-33111048.9709759,-14220857.7401753,-197222542.451614,28454507407.8596,0.0204076818030889,0.05,0.408153636061779,-0.00662345623757951,0.499109941663087
0.521,-0.0199892478590307,2.16170126484797,0.417999702849584,-135.062148409661,-0.853011713869703,4897.1158198494,61.5297297751213,5825.77145878427,53815.3988468558,-6999988.81123986,-33308271.5134275,14233649.6676843,5645152750.39588,-28480211237.5061,0.0199892478590307,0.05,0.399784957180615,-0.00755368772394296,0.501625947036936
0.522,-0.0195716624345033,2.029088353723,0.417185084432036,-130.163286013151,-0.769890448558792,4899.44278250204,99.631851656996,-1171.84722949466,23329.7037086262,-6999995.26719093,-27663118.7630317,-14246561.5698218,9686038704.31624,28505601150.7062,0.0195716624345033,0.05,0.391433248690066,-0.00774577466030331,0.502945926509251
0.523,-0.0191548449349891,1.90137430204763,0.416467826280298,-125.265596176201,-0.662800679895308,4894.7697509454,110.744335768159,-8174.21484394539,509.604297752682,-6999989.0281854,-17977080.0587154,14259039.5808844,11555069746.6319,-28530602854.1269,0.0191548449349891,0.0503527718741878,0.380412919130841,-0.00718946539529266,0.502978979167251
0.524,-0.0187386901641862,1.77855443679075,0.415859829949582,-120.376079841144,-0.554316260748616,4883.09672931884,104.191244994326,-15171.829452816,-11689.9408876468,-6999995.29003158,-6422010.31208354,-14271563.2732425,11175068998.4201,28555618166.0025,0.0187386901641862,0.0517031891803189,0.362428129894146,-0.00594719709114759,0.501692432297061
0.525,-0.0183230906522362,1.66061708493028,0.415355486529661,-115.501736049119,-0.456574693375192,4864.42371344455,91.1528104503742,-22174.2012547899,-12524.4167005202,-6999989.04422182,4753058.6863366,14284054.89276,8726944158.65831,-28580571237.9651,0.0183230906522362,0.0538306488250347,0.340383982957211,-0.00414733155187032,0.499114292536341
0.526,-0.0179079487310393,1.5475435734508,0.414942671607374,-110.649565744145,-0.370528292154078,4838.75070748633,82.459413786132,-29171.811700105,-3407.88593485449,-6999995.27494804,13480002.8449949,-14296516.3452051,4625711503.67991,28605880347.1265,0.0179079487310393,0.0565190626735478,0.316847942692804,-0.00197096298954148,0.49532976372434
0.527,-0.0174931776035796,1.43930822934591,0.414613405255505,-105.826567965693,-0.287333416215221,4806.07770730771,86.5624811910549,-36174.1875865011,12384.9726619804,-6999988.85111968,18105714.3486748,14309364.0019213,-503796012.883458,-28631464456.9805,0.0174931776035796,0.0595857270364611,0.293579997654059,0.000366346034667019,0.490472244547545
0.528,-0.0170786927717303,1.33587837961588,0.41437216744846,-101.039743659359,-0.1915818211356,4766.40471721196,107.916345025225,-43171.7936663627,30238.7890042135,-6999995.21934625,17601918.3357914,-14322100.4550592,-5879807577.94722,28657809052.2261,0.0170786927717303,0.062878209258697,0.271615444731643,0.00263604723976964,0.484709750335027
0.529,-0.0166643970106691,1.23721435127017,0.414240268012872,-96.2960918627896,-0.0658574205347173,4719.73173299456,145.976125267677,-50174.1736344277,44900.8035510312,-6999988.41527519,11722110.7578441,14335708.5971669,-10656780333.2573,-28684823465.3899,0.0166643970106691,0.0662713143944595,0.25145716759863,0.00461914689319195,0.478228137239511
0.53,-0.0162501633882623,1.14326947132504,0.414255281737009,-91.6026135230671,0.104078759120897,4666.05875923629,194.961854142087,-57171.7749993152,51294.5241422467,-6999995.11841072,1065330.42458685,-14349114.868223,-14035639339.4231,28713135197.4047,0.0162501633882623,0.0696641544431696,0.233264345460746,0.00612755415232091,0.471212800312249
0.531,-0.0158358214468477,1.05399006680627,0.414465317935664,-86.9663076757872,0.324280612099062,4605.38579153925,244.44977027339,-64174.1591526272,45342.034897122,-6999987.66568024,-12970308.9148362,14364020.3291817,-15353028190.3675,-28742638007.2822,0.0158358214468477,0.0729773397087702,0.216996419848182,0.00702212593600739,0.463830645124163
0.532,-0.0154211514871357,0.969315464746684,0.414918712067276,-82.3941752694564,0.588599972160608,4537.71283494726,280.747812681366,-71171.7552478107,24695.211887102,-6999994.9643547,-28323337.1052037,-14378617.6781005,-14136625263.8755,28774234613.5843,0.0154211514871357,0.0761503089377629,0.202509375237589,0.00722564623158458,0.456214082931753
0.533,-0.0150058909104751,0.889177992189179,0.415650503870169,-77.8932153372842,0.876385808548663,4463.03988470743,288.92525180522,-78174.1438152355,-10696.4378500394,-6999986.46472601,-42459962.3690791,14395616.9354838,-10152919787.1693,-28807794629.9327,0.0150058909104751,0.0791388120126695,0.189614811352902,0.00672950207204514,0.448448581271217
0.534,-0.0145897548731112,0.813502976184129,0.416667715792215,-73.4704288291427,1.15246314270955,4381.36694660455,255.30667947278,-85171.7337705988,-58232.8601127031,-6999994.74510549,-52612882.1562484,-14412177.6944489,-3486294331.70643,28844773965.3725,0.0145897548731112,0.0819125561546601,0.178113778375615,0.00559346359630352,0.440564936295858
0.535,-0.0141724712442863,0.74220874379284,0.417935905542099,-69.1328147753486,1.36973931616945,4292.69401529736,170.186329226668,-92174.127142224,-112588.889434805,-6999984.53581725,-56099176.4879548,14432596.2709235,5349681189.13625,-28885004874.2989,0.0141724712442863,0.0844530238421224,0.167814846639246,0.00393867580756555,0.432536959898918
0.536,-0.0137538272559647,0.675206622084748,0.419369680322966,-64.8873741270619,1.4745042413136,4197.02109777807,30.4394650794085,-99171.7095473848,-166013.225328191,-6999994.44198347,-50749495.2988186,-14452408.6033754,15347876612.3063,28931185294.4003,0.0137538272559647,0.0867514680062791,0.158542876242385,0.00193465396160953,0.424284738678524
0.537,-0.0133337225690906,0.612400938141627,0.420829748762599,-60.7411059108883,1.41411833937129,4094.34818774098,-158.390528462808,-106174.108329454,-209088.782320857,-6999981.25793965,-35401618.6865122,14478776.6910249,25111235845.6499,-28983088399.2811,0.0133337225690906,0.0888070875377464,0.150142549866003,-0.000218326178423942,0.415683078469803
0.538,-0.0129122211317491,0.553689019054404,0.422128557900205,-56.7010110790984,1.14632945146054,3984.67529428332,-380.994914152646,-113171.680713782,-231934.783084544,-6999994.02544826,-10290382.8408624,-14504311.7082561,33129546572.618,29046822049.8925,0.0129122211317491,0.0906253837519069,0.142479078125585,-0.00230959854773091,0.406574247920029
0.539,-0.0124895926119647,0.498961191928718,0.423045581411012,-52.7740886531324,0.649032479732671,3868.00240945578,-612.553297562185,-120174.085758076,-225660.392639097,-6999974.92613157,22839163.7317557,14542510.3416363,38038252094.1805,-29129738865.8493,0.0124895926119647,0.092216696229451,0.135437432944773,-0.00413913180596135,0.396783728144307
0.54,-0.0120663337658892,0.448100783881128,0.42335199579378,-48.9673395858532,-0.0709595596898447,3744.32954624725,-820.45439965304,-127171.644385514,-183802.102860251,-6999997.28522286,60877415.8259362,-14587228.5242129,38671929268.8077,199990392074.516,0.0120663337658892,0.0935949143911518,0.128920826995595,-0.00553706205087363,0.386137398515857
0.541,-0.0116431610896734,0.400984122283985,0.422843034175524,-45.2877614692275,-0.971557444415821,3613.66380494737,-967.372473055523,-134145.603552987,-103588.722399911,-6914589.31770982,99549345.0947438,185403163.550303,33946012920.0702,199996669823.671,0.0116431610896734,0.0947763592859232,0.122848790324896,-0.00637976768452566,0.37447847164399
0.542,-0.0112209685024372,0.35748054883155,0.421374956480333,-41.7423135058389,-1.97271830395051,3476.10014045736,-1015.52885408805,-140934.158510617,12933.6291548677,-6629187.81924768,133495358.014814,385399833.373974,22816218592.6579,199997603762.191,0.0112209685024372,0.0957788281057421,0.117154998911127,-0.00660090515294793,0.361682665828685
0.543,-0.0108007474768661,0.317452523642802,0.418902381795937,-38.3377675843003,-2.95858044135063,3331.92395457617,-932.044842826999,-147337.313479218,157837.096466011,-6143789.18399261,156311576.607472,585397437.136165,4753270490.78749,199997845105.84,0.0108007474768661,0.0966207914309961,0.111784920376891,-0.00619636990811477,0.347670903212767
0.544,-0.0103834718403541,0.280755910981747,0.415510637708863,-35.0805101931191,-3.78545675357292,3181.62064598803,-695.259746308788,-153155.070970458,316525.308318876,-5458392.82430352,161064847.098259,785395282.242004,-18921003334.6926,199997777999.915,0.0103834718403541,0.0973207328252305,0.106693317435256,-0.00522279755973173,0.332419218930018
0.545,-0.009969955303164,0.247240464656162,0.411436858660457,-31.9763424233021,-4.29639807967818,3025.87561105988,-301.355514996565,-158187.43319064,468129.653749789,-4572998.65306156,142143843.763567,985393060.24192,-44095419716.6406,199997405798.37,0.009969955303164,0.0978966216911922,0.101841668598264,-0.00378991012118032,0.315965127777706
0.546,-0.00956069624077191,0.216750513413963,0.407073359630565,-29.0302799705905,-4.34183543632745,2865.57424394466,230.496824015568,-162234.402412615,588225.787655035,-3487606.88992045,98048424.0469261,1185390466.04029,-65898617950.0696,199996443703.928,0.00956069624077191,0.098365509426098,0.0971956155826638,-0.0020476701026339,0.29840987644738
0.547,-0.00915573014777002,0.189125846337349,0.402948346433373,-26.2463531377607,-3.80363009022446,2701.80193634991,856.763720702388,-165095.981328898,653324.902726927,-2202218.2020282,32149806.0968565,1385386909.74422,-81605670005.775,199993273578.782,0.00915573014777002,0.0987432375849292,0.0927226043190569,-0.000169755517859346,0.279916413610633
0.548,-0.00875451344598352,0.164202798234443,0.399682645215292,-23.6274068373771,-2.61824585339271,2535.84407679135,1512.56258147678,-166572.173863791,644671.873820896,-716834.655494592,-49455863.9089184,1585380183.323,-90548873095.6302,-17847494334.1241,0.00875451344598352,0.0990442456347845,0.0883899250266884,0.00166476042361503,0.260703328790641
0.549,-0.00835586150649779,0.141815534725087,0.397925310730002,-21.1749024111817,-0.795362848702615,2369.17697198477,2117.41504449395,-166499.293010013,549941.573364162,859621.780661345,-140004737.004549,1567532688.98887,-92411971834.6339,-199993428941.337,0.00835586150649779,0.099281465076849,0.0841633581860413,0.00328949809886559,0.241035396970016
0.55,-0.0079579593555086,0.121797519520307,0.398273708701967,-18.888768168155,1.56983836081288,2203.36041225372,2581.95225405006,-164889.237123014,363730.850442296,2327157.75517955,-232416708.839182,1367539260.04754,-85680498665.0501,-199996605526.743,0.0079579593555086,0.0994662864319353,0.0800065996326728,0.00456669244193628,0.221211519993734
0.551,-0.00755845730260505,0.103983058102053,0.401184746964521,-16.7674092006728,4.29134990116651,2039.8543440264,2815.19466696192,-161911.642505398,88473.8922705888,3594698.71246371,-318097207.504233,1167542654.52079,-65773992968.1193,-199997579757.308,0.00755845730260505,0.099608586065526,0.0758815841199957,0.00539930548911114,0.201550240069763
0.552,-0.00715465673732944,0.0882087500305029,0.40688463768096,-14.8078645804829,7.09502472997268,1879.92630808717,2733.65762331904,-157766.505395634,-262510.311717703,4662242.57710585,-383871200.472352,967545074.763485,-23122926063.4049,-199997972321.434,0.00715465673732944,0.0997167997806024,0.0717497628591287,0.00573814886665242,0.182372633717487
0.553,-0.0067437831466511,0.0743147562317057,0.415286552179569,-13.0060058369357,9.63248520876817,1724.6438482437,2275.3578903546,-152653.823276533,-657942.975221757,5529788.66570862,-406994126.535757,767547102.442052,42010380704.4831,-199998073664.18,0.0067437831466511,0.0997980295982387,0.0675743115750867,0.00558341447737446,0.163983372987702
0.554,-0.00632333187311269,0.0621458665413242,0.425930451168878,-11.3567369544073,11.5127896896186,1574.87451056402,1420.91958198238,-146773.594071881,-1043931.91140527,6197336.73131858,-364983745.831273,567549028.777872,95365878352.4778,-199997894240.728,0.00632333187311269,0.0998581710988634,0.0633231292294784,0.0049806753471559,0.146651675927894
0.555,-0.00589145461341026,0.0515523672506844,0.437965299057163,-9.85419437019695,12.3548862698578,1431.28584311701,210.390110720213,-140325.815808547,-1361232.71806031,6664886.81297609,-269617867.478796,367551134.537144,125505782342.692,-199997090521.418,0.00589145461341026,0.0999020508533064,0.058972309007561,0.00401212620700878,0.130593998235964
0.556,-0.00544733559673161,0.0423907086548475,0.450188320066412,-8.4919469725272,11.844953117899,1294.34539602527,-1264.73391068904,-133510.486276722,-1568097.69436776,6932439.40225252,-144112085.136103,167554044.015726,141632643928.934,-199990757773.767,0.00544733559673161,0.0999335657297922,0.0545095690016758,0.00278447210113494,0.115960128016883
0.557,-0.00499150193071733,0.0345239726027807,0.461134732215058,-7.26319609824441,9.77805303933381,1164.32072217543,-2881.28220697003,-126527.601645424,-1641393.45753939,6999998.06738136,-2479441.20716916,-32436713.7580415,149906827531.951,33355407442.2281,0.00499150193071733,0.0999558179403979,0.0499370825387441,0.00141522484395723,0.102823993771442
0.558,-0.00452602658953591,0.0278221403746235,0.469199724488162,-6.16097358411513,6.08190698120672,1041.28910325338,-4498.93091385768,-119538.262700348,-1568919.48498059,6984239.05734444,147427386.324782,918693.684186602,152872744283.97,29678435067.5008,0.00452602658953591,0.099971241523009,0.0452732858028398,1.91639546148661e-05,0.0911800241038698
0.559,-0.00405459966413652,0.0221621793571883,0.472778096178909,-5.17828928676984,0.829457253591378,925.244349798782,-5968.65791496188,-112548.617890317,-1345055.72651382,6999996.96856237,300300130.608752,30597128.7516874,150691968041.159,-61236873183.7718,0.00405459966413652,0.0999817174830381,0.040553410825578,-0.00130348594523069,0.0809455244977794
0.56,-0.00358245494784309,0.0174280459788013,0.470412816792443,-4.3081518151817,-5.75539967085757,816.198278377822,-7138.44824816446,-105543.528502909,-969409.611884487,6999975.66072217,450992098.649911,-30639744.4320843,140126638099.018,61322827222.3315,0.00358245494784309,0.0999886760397346,0.0358286066956168,-0.00247590699358924,0.0719697132720222
0.561,-0.00311614601144012,0.0135106942102166,0.460946583788284,-3.54355940407767,-13.2975487652685,714.152186199002,-7859.00737104082,-98548.6522431995,-448354.194185067,6999997.32990125,591118736.748929,30683082.7902472,104229115486.829,-61384233053.0961,0.00311614601144012,0.0999931856206571,0.0311635837192126,-0.00344968843725161,0.0640493216939973
0.562,-0.00266317164726893,0.0103080779608565,0.443670304161791,-2.87751411085211,-21.2778705641317,619.106088791508,-7994.43067760362,-91543.544077412,194879.100307276,6999988.29616495,695347852.235757,-30701150.262849,-43404244780.7337,61420977228.8515,0.00266317164726893,0.0999960290735781,0.0266327740405506,-0.0042055360546621,0.0569490454838658
0.563,-0.00223145882925787,0.00772515113269688,0.418456309234045,-2.3030138967564,-29.060778893075,531.059981211186,-7459.11169197525,-84548.6695268403,868524.830152666,6999997.63451653,651943607.455024,30719826.9660025,-140922012447.433,-61449927314.8951,0.00223145882925787,0.0999977678392649,0.0223150864011753,-0.00474975464429237,0.0504248345977282
0.564,-0.00182873466907939,0.00567386761884448,0.385836718600215,-1.81306081612615,-35.9828426525834,450.013870059127,-6288.10206016965,-77543.5536333933,1450007.43138397,6999992.49782508,511021595.007591,-30730100.3488925,-166338750907.219,61470991960.0835,0.00182873466907939,0.0999987950542034,0.0182875670460643,-0.00510720533670574,0.0442477421721181
0.565,-0.00146187294435193,0.00407318130778861,0.346971399232979,-1.40065282563,-41.4677015125142,375.967752282586,-4610.30695643308,-70548.681020416,1877859.65093795,6999997.89345623,344682844.100372,30740891.6111909,-176410764340.19,-61488393087.7486,0.00146187294435193,0.0999993786894933,0.0146188202717857,-0.00531229970943375,0.0382260067529904
0.566,-0.00113632290887375,0.00284904608214895,0.303524412546206,-1.05879197907484,-45.0889819513091,308.921631674455,-2589.50767750164,-63543.5607466688,2134337.11286823,6999994.58852355,168272079.760182,-30747501.4765576,-181122914824.633,61502056399.5597,0.00113632290887375,0.0999996958991894,0.0113632636445143,-0.00539997846010259,0.0322232413187964
0.567,-0.000855684490495348,0.00193441582108509,0.257501901587324,-0.78047623063772,-46.5908225138676,248.875506224152,-401.221677224091,-56548.6895661502,2212047.7352161,6999998.11524677,-12850835.064451,30754554.9230021,-183115898739.595,-61513670465.4813,0.000855684490495348,0.0999998597668101,0.00855685690450687,-0.00539817545933868,0.0261710088826514
0.568,-0.000621453063206791,0.00126924439940553,0.211077081440096,-0.558707634018234,-45.8957919584419,195.829378405176,1773.88132400318,-49543.5664518529,2107638.95078185,6999995.83493703,-195966733.804046,-30759115.5424792,-183011532732.225,61525624958.8049,0.000621453063206791,0.0999999396137587,0.00621453438479164,-0.00532270710386478,0.0200746310127306
0.569,-0.000432942299807766,0.00080048568913399,0.166409812925438,-0.386484141782768,-43.108377761879,149.783246919241,3753.03498576097,-42548.6959038606,1820166.45061169,6999999.53187395,-378978266.53627,30766509.4163257,-179932528565.242,-199998453111.341,0.000432942299807766,0.0999999759772615,0.00432942403812387,-0.00517513651891945,0.0140117492184853
0.57,-0.000287388737722042,0.000482093366752643,0.125464023532698,-0.256808960942695,-38.5159197839251,110.731345264008,5353.72354834365,-35566.6461927971,1351221.9197928,6930766.81473461,-558910795.101513,-169231943.695016,-167478948519.888,-199999443419.785,0.000287388737722042,0.0999999912858751,0.00287388762765458,-0.00494381852914907,0.00812386730167682
0.571,-0.000180238976109535,0.000275009397983897,0.0898254855685432,-0.162714528965646,-32.5867153643903,78.5935438444861,6397.57691249904,-28753.8285904799,708571.65043134,6661535.1493297,-726389743.621401,-369231387.114801,30722097370.5632,-199999598008.372,0.000180238976109535,0.0999999971641286,0.00180238981220881,-0.00460799293347403,0.00260167664771548
0.572,-0.000105617072163953,0.000147073545434524,0.0605256437136348,-0.0974046948626249,-25.9546374965554,53.1006109475682,6748.07404068144,-22310.2424010424,-2457.04450477909,6192303.96321071,-695667646.250838,-569230985.123172,176674694938.018,-199999627530.042,0.000105617072163953,0.0999999991888912,0.00105617073020622,-0.00414446610514783,-0.00233498965397168
0.573,-5.69497224175347e-05,7.2753773608507e-05,0.0379171198672,-0.054452539076319,-19.3163751402124,33.7833153794635,6427.22895554091,-16435.8872016483,-609787.343286607,5523073.16432252,-518992951.31282,-769230612.653215,188471651275.76,-199999575466.334,5.69497224175347e-05,0.0999999998015131,0.000569497225305724,-0.0035359798258125,-0.00646152940301519
0.574,-2.76490562755663e-05,3.26770177045316e-05,0.0216926738716662,-0.028000373042282,-13.2726856960638,19.9724263422232,5589.35707847718,-11330.7626062301,-1034544.46896155,4653842.76393613,-330521300.03706,-969230188.119548,192259458964.22,-199999319557.113,2.76490562755663e-05,0.0999999999599584,0.000276490562866374,-0.00277945692728223,-0.00957504537958698
0.575,-1.17067590755332e-05,1.29599528190865e-05,0.0110300730780039,-0.0129597387946857,-8.24767692461672,10.7987134482931,4421.59520265781,-7194.8681562799,-1268936.0395165,3584612.91603803,-138261841.07284,-1169229507.67666,193734390951.907,169230443721.041,1.17067590755332e-05,0.0999999999937015,0.000117067590762705,-0.00189190101276916,-0.0115203229791529
0.576,-4.11734736750711e-06,4.34027639038794e-06,0.00477755795800991,-0.00520833158098174,-4.4755211156063,5.20833143390781,3115.81730776354,-4166.6649201267,-1310330.68511338,2499998.63022189,55472549.8790663,-999999063.95562,193859577765.259,199999522496.692,4.11734736750711e-06,0.0999999999992936,4.1173473675362e-05,-0.000912607119608537,-0.0122127855852741
0.577,-1.11211267389026e-06,1.13777743417985e-06,0.00164548390149282,-0.00170666613374431,-1.99754624301272,2.13333263167015,1865.53282721724,-2133.33256813317,-1157928.34635169,1599999.32751461,249332127.644325,-799999541.458928,191563252569.711,199999794784.591,1.11211267389026e-06,0.0999999999999515,1.1121126738908e-05,9.86653527704028e-05,-0.0116559462735721
0.578,-2.00382942662201e-07,2.02499941542132e-07,0.000399701213453366,-0.000404999880825892,-0.661440432173539,0.674999795167155,864.19775344933,-899.999712217257,-812814.592422507,899999.68344798,440895380.214036,-599999746.674337,-46876765663.3806,199999880890.916,2.00382942662201e-07,0.0999999999999985,2.00382942662204e-06,0.00106736187640462,-0.00995019597099271
0.579,-1.76272395221811e-08,1.77777727973354e-08,5.28705603957974e-05,-5.33333182967092e-05,-0.132120610135764,0.133333295265287,264.01805685661,-266.666588624627,-395357.595040162,399999.8772191,394018614.550655,-399999865.783422,-195670326785.82,199999921456.032,1.76272395221811e-08,0.1,1.76272395221811e-07,0.00191304930021572,-0.00729055132761462
0.58,-2.75483733006715e-10,2.77777700454704e-10,1.65290239804029e-06,-1.66666620272824e-06,-0.00826451199020144,0.00833333101364124,33.0580479608057,-33.333324054565,-99174.1438824172,99999.9721636948,198348287.764834,-199999944.32739,-198348287764.834,199999944327.39,2.75483733013107e-10,0.1,2.75483733013107e-09,0.002560477484897,-0.00395330965562363
0.581,-6.57392531808662e-28,1.60837579736467e-25,6.57392531432504e-25,9.49018034648827e-23,0,-1.11811914083014e-18,0,8.60055730659308e-16,0,3.59472435046974e-12,0,-1.42351482630554e-10,0,0,1.60838923213335e-25,0.1,1.60838923213335e-24,0.00295058552838133,-0.000273018910927373
0.582,0,-1.13836468295755e-26,0,-5.98750276061617e-29,0,0,0,0,0,0,0,0,0,0,1.13836468295755e-26,0.1,1.13836468295755e-25,0.0030488025981241,0.00338787379133689
