time,x,y,vx,vy,ax,ay,jx,jy,snapx,snapy,cracklex,crackley,POPx,POPy,contour_error,allowed_error,error_utilisation,modal_x,modal_y
0,0,0,-2.01948391736579e-24,0,1.61558713389263e-23,-1.60328090377118e-22,3.961217703913e-18,0,0,0,-1.46049076903894e-13,1.98035641646683e-15,8.30994786584207e-12,-1.02919318706056e-12,0,0.1,0,-1.59660448994037e-22,6.88554085678539e-25
0.001,0,-7.88860905221012e-29,0,3.38026897887204e-25,1.64789887657048e-21,-1.60044100451239e-22,6.23352969862305e-16,-1.59674503339925e-18,-1.40413908980876e-16,-5.70919210600854e-17,-1.37001788954095e-13,9.51050707334452e-16,199999510466.803,-162565908212.42,7.88860905221012e-29,0.1,7.88860905221012e-28,1.328397335746e-22,8.59157878207067e-25
0.002,2.77777097870559e-10,-2.25785983628361e-10,1.66666258722336e-06,-1.35471590177017e-06,0.00833331293611678,-0.00677357950885083,33.3332517444671,-27.0943180354033,99999.7552334014,-81282.95410621,199999510.466803,-162565908.21242,199999314398.147,-136274339004.576,2.25785983628361e-10,0.1,2.25785983628361e-09,2.73182312433591e-09,-2.22051197148823e-09
0.003,1.77777339913982e-08,-1.44137868838709e-08,5.33332011572419e-05,-4.313181244658e-05,0.133332998808341,-0.107281790091286,266.665981277628,-212.372616081919,399998.922899277,-311986.031820918,399998824.864949,-298840247.216996,199998966109.149,-32614776045.0944,1.44137868838709e-08,0.1,1.44137868838709e-07,1.73606525287635e-07,-1.40753739386254e-07
0.004,2.02499486435578e-07,-1.62116982075823e-07,0.000404998953507892,-0.00032132104931673,0.67499820260098,-0.526813078955043,899.997477627571,-679.214567518851,899997.230818801,-627133.667060461,599997790.974098,-331455023.26209,199998225815.833,109192496468.673,1.62116982075823e-07,0.0999999999999985,1.62116982075826e-06,1.95674708834333e-06,-1.56626797551902e-06
0.005,1.13777476237109e-06,-8.8878803719949e-07,0.00170666199323151,-0.00130516437837329,2.13332718687596,-1.57028729652828,2133.32664156939,-1453.87699679891,1599994.13470082,-903992.442088214,799996016.789931,-222262526.793417,199995882475.879,142916837340.058,8.8878803719949e-07,0.0999999999999515,8.88788037199922e-06,1.08415249856741e-05,-8.46318768029015e-06
0.006,4.34026561711359e-06,-3.26072894050627e-06,0.00520831798972918,-0.00376112554528762,5.20831672703058,-3.50724940061436,4166.65143174449,-2445.18122939382,2499988.09272869,-1054796.5502116,999991899.26581,-79345689.4533586,169227804854.322,152551152622.429,3.26072894050627e-06,0.0999999999992936,3.26072894052931e-05,4.06438231278656e-05,-3.04736510144863e-05
0.007,1.29599183506242e-05,-9.22740858473677e-06,0.0129597016755966,-0.00866879979642286,10.7986786802193,-6.48669688866361,7194.84010824847,-3514.22543222837,3584593.89442165,-1057866.66335375,1169219704.12013,73205463.1690702,-199994107922.946,153294418306.2,9.22740858473677e-06,0.0999999999937016,9.22740858531795e-05,0.000118868932710976,-8.42418814671599e-05
0.008,3.26769231912462e-05,-2.17685158873952e-05,0.0280002835957828,-0.0170845928306417,19.9723525985352,-10.5112674746112,11330.7115034097,-4509.94029427988,4653816.54458031,-908013.991031576,969225596.197185,226499881.47527,-199996308908.586,146815258118.25,2.17685158873952e-05,0.0999999999599586,0.000217685158961116,0.000292592035574121,-0.000193136643888987
0.009,7.27535431335394e-05,-4.48961416782557e-05,0.0544523458007201,-0.029991505162019,33.7831767940634,-15.4313474817394,16435.8081279372,-5280.23513488744,5523043.9863232,-608106.480497181,769229287.288599,373315139.59352,-199996751543.041,128161999757.067,4.48961416782557e-05,0.0999999998015144,0.000448961417673681,0.000633866434908919,-0.000384913747604982
0.01,0.000147073037989506,-8.3505408578039e-05,0.0974043185705134,-0.0481476984771373,53.1003785983959,-20.94807658362,22310.1339659808,-5680.32371229502,6192274.89784028,-170710.341025128,569232535.745558,501477139.350587,-199996486492.342,73901400235.3224,8.3505408578039e-05,0.0999999991888968,0.000835054092553541,0.00124250682461198,-0.000687506799648198
0.011,0.000275008378805857,-0.000143076697279583,0.162713861353142,-0.0719428779146008,78.5931889156506,-26.6270967181927,28753.6923839452,-5587.97858360563,6661509.19033967,367717.49844312,369236049.253216,575378539.585909,-199995127767.428,-54262365132.673,0.000143076697279583,0.0999999971641497,0.00143076701337024,0.00224448150660931,-0.00112340975834863
0.012,0.000482091478759812,-0.000229244412298012,0.256807866201809,-0.101279155755416,110.730842105984,-31.937581061193,35566.4870776169,-4941.61554289167,6930747.67570917,915964.855462692,169240921.485787,521116174.453236,-199986398204.237,-122523490400.009,0.000229244412298012,0.0999999912859433,0.00229244432274502,0.00378584015068382,-0.00170336089030261
0.013,0.000800482427596163,-0.000347273623508923,0.386482461610963,-0.135514191633962,149.782577075111,-36.3394666260444,42548.5241477016,-3785.5131819357,6999995.39809284,1375819.28471592,-30745476.7184497,398592684.053227,61418078836.2679,-145671980763.657,0.000347273623508923,0.0999999759774572,0.00347273706932898,0.00602281852248786,-0.00242035383760713
0.014,0.00126923909400147,-0.000501528022232528,0.558705197415401,-0.173501717541526,195.828533762358,-39.3767077174784,49543.3831539079,-2234.67621865377,6999958.96079252,1701575.97838732,30672602.1178182,252920703.28957,-61295748572.4671,-155010102931.159,0.000501528022232528,0.0999999396142634,0.00501528325084102,0.00910913406194896,-0.00324536612333898
0.015,0.00193440762425243,-0.000695017748289418,0.780472849808695,-0.213702920760154,248.874454507491,-40.7249012506791,56548.4624576639,-432.474905776857,6999983.6886241,1876991.63021131,-30623146.4546489,97910600.3584107,61173164032.4527,-158138079412.494,0.000695017748289418,0.0999998597679982,0.00695018722928087,0.0131819438795625,-0.00412606007566296
0.016,0.00284903394081468,-0.000929076394555834,1.05878743330505,-0.254328465734333,308.920353833559,-40.2091509945994,63543.3301003994,1467.11567804491,6999947.12418568,1895833.19086347,30550017.5778038,-60227479.0540831,-61029939243.7865,-156977110150.877,0.000929076394555834,0.09999969590178,0.00929079219869204,0.0183488215866742,-0.00498902470621647
0.017,0.00407316394033643,-0.0012031866433776,1.40064687437742,-0.293491904312311,375.966206251513,-37.8106973472214,70548.3805768334,3306.67227768953,6999982.17214159,1757117.15673395,-30479921.6659826,-217204589.20496,60853833542.9889,-151079696589.985,0.0012031866433776,0.099999378694788,0.0120319411888537,0.0246776643856404,-0.00574548536969831
0.018,0.00567384347771278,-0.00151496159097353,1.81305317173124,-0.32936672184992,450.01203350387,-33.6679622433903,77543.2650937325,4930.00719038934,6999929.1672471,1464372.719234,30373911.8770062,-368284285.794945,-60645109086.6264,-137101962749.422,0.00151496159097353,0.0999987950644472,0.015149798455043,0.0321905838192347,-0.0062999510767576
0.019,0.0077251183763135,-0.00186028287000522,2.30300425284694,-0.360342106073175,531.057798620327,-28.0728619894643,84548.273698737,6187.38743960096,6999980.5245808,1027537.45206434,-30271197.2096202,-505386248.544367,60372735112.4741,-103167959144.855,0.00186028287000522,0.0999977678581701,0.0186032439508421,0.0408623266389327,-0.00656093236511454
0.02,0.0103080344048666,-0.00223359171661359,2.87750209354364,-0.385171935594177,619.103532912449,-21.4602355302196,91543.1807472317,6945.03710753564,6999895.69492741,470567.223947549,30101537.9028539,-608554207.689222,-60037313591.6185,-10810908206.4666,0.00223359171661359,0.0999960291070779,0.0223368041367104,0.050623322657844,-0.00645262374625765
0.021,0.0135106372914393,-0.00262832174312084,3.54354462003199,-0.403106671216193,714.149176875395,-14.3817909665004,98548.1209921786,7109.52540960417,6999978.57603446,-143392.437844906,-29935775.6887646,-619365115.895688,59511872031.5625,91744727448.6143,0.00262832174312084,0.0999931856779433,0.0262850085763454,0.0613670056088265,-0.00592629281683666
0.022,0.0174279726857056,-0.00303744539755632,4.30813376910776,-0.413982640557965,816.194777520978,-7.44336659815756,105543.050325707,6671.74120171952,6999798.73636147,-716885.190016287,29576096.3427978,-527620388.447074,-58797504134.5257,130520634172.798,0.00303744539755632,0.0999886761347012,0.0303778939273522,0.0729606410559437,-0.0049699989233097
0.023,0.0221620861750464,-0.00345407185032058,5.17826744727247,-0.418230513931166,925.240206668251,-1.21256636309683,112547.837526218,5712.7992565085,6999976.08063701,-1179245.26137696,-29221407.7917278,-397099754.274276,27729068076.1357,145856939223.237,0.00345407185032058,0.0999817176362055,0.0345470345177365,0.0852585649066286,-0.00361511085644446
0.024,0.027822023159245,-0.00387200875602864,6.16094724890084,-0.416798551891506,1041.28431737799,3.85050434281178,119537.824414305,4359.31360786494,6984619.20688334,-1503416.54603962,-1492339.7155921,-251242815.051039,33714208700.3325,152148364718.855,0.00387200875602864,0.0999712417641947,0.0387312259775833,0.0981165131526081,-0.00193817806604
0.025,0.0345238265977599,-0.0042862200282098,7.26316480045805,-0.41102816071669,1164.31560743115,7.42257539034502,126527.316486114,2755.63371508627,6999983.97151792,-1678585.17873123,32221868.9847404,-99094450.3321847,-199921564866.266,153381769802.171,0.0042862200282098,0.0999558183119217,0.0428811458962222,0.11140561547447,-5.7371735565122e-05
0.026,0.0423905287448601,-0.00469314818275143,8.49191040669234,-0.402510383419273,1294.33995614932,9.32879168141873,133510.091131313,1053.06493948931,6932245.05806952,-1700988.74416233,-167699695.881526,54287319.4699862,-199975484934.957,150362546598.06,0.00469314818275143,0.0999335662896559,0.0469626808788992,0.125024658654468,0.00187639595801766
0.027,0.0515521479797852,-0.00509088887280655,9.85415212863396,-0.39293504239927,1431.27988754848,9.54667524151346,140325.157093953,-595.719720505015,6664557.61972052,-1571520.15139331,-367675180.816482,204649866.068046,-199982026086.711,141929632903.46,0.00509088887280655,0.0999020516792468,0.050958802018919,0.138909555213323,0.00369286439258751
0.028,0.0621456019265639,-0.00547921344167142,11.3566883680166,-0.383938437218548,1574.86771167107,8.20521749102744,146772.546785584,-2041.26000004706,6196891.42586068,-1295905.46887354,-567657206.903193,346579498.971506,-199983278664.029,123741205432.042,0.00547921344167142,0.0998581722938906,0.0548699552155396,0.153038266768147,0.00521901030974043
0.029,0.0743144394371251,-0.00585944041618038,13.0059498494072,-0.376954361983187,1724.63576199849,5.57892388993187,152652.279061549,-3143.25218519618,5529242.57962547,-887455.367186011,-767640485.567222,470320704.403548,-199982056289.87,82644916376.1582,0.00585944041618038,0.0997980312983153,0.0587129860173835,0.16742981353252,0.00629716460826255
0.03,0.0882083729243923,-0.00623416213476596,14.807799639829,-0.373074688010064,1879.91638968324,2.07377434339228,157764.371055676,-3781.77304745105,4661611.06591331,-375812.204594384,-967622541.857092,552965620.779706,-199978123423.991,-5649716551.62056,0.00623416213476596,0.0997168021653701,0.0625186728754823,0.182137360152128,0.00680281837350008
0.031,0.103982610713431,-0.00660684128975408,16.7673331661275,-0.372931442404602,2039.84196342642,-1.80397927441566,161908.841163423,-3882.04406108085,3593999.46234423,174328.557909511,-1167600665.28108,547315904.228085,-199968613009.014,-85206059918.6081,0.00660684128975408,0.0996085893731803,0.0663280278470943,0.197236121185976,0.00666024602675229
0.032,0.121796989410371,-0.00698131002282538,18.8886782336131,-0.376625294171063,2203.34487218459,-5.51118999166702,164885.712190959,-3448.25856104373,2326414.49055864,679041.432178293,-1367569278.2901,462109844.309477,-199937782352.115,-119580854951.467,0.00698131002282538,0.099466290979482,0.0701876983054036,0.212807327409647,0.00585413530358415
0.033,0.141814906291943,-0.00736123364352859,21.1747950494402,-0.3837291818015,2369.15753266685,-8.54789206485967,166495.019078647,-2558.09234920261,858876.321092483,1081360.84901204,-1567507060.64221,342528989.358011,-17650630520.6644,-134209146260.493,0.00736123364352859,0.099281471286999,0.0741450901976364,0.22891986182957,0.00443553860451715
0.034,0.164202051977003,-0.00774961539537869,23.6272777778171,-0.393362739601121,2535.82000328633,-10.5138078724241,166567.200097665,-1327.83519655499,-717456.05481006,1356785.2652398,-1585157691.16288,208319843.097518,199933074686.678,-139840773404.683,0.00774961539537869,0.0990442540705462,0.0782439674880975,0.245611383425318,0.00252089452041769
0.035,0.189124958130514,-0.00814839827028734,26.246197423015,-0.404306819540599,2701.77261295285,-11.1343571614015,165090.487376388,109.803194666123,-2202647.2086296,1495184.72163498,-1385224616.4762,68479069.6928349,199963736655.55,-139754894490.117,0.00814839827028734,0.0987432489922491,0.0825210670445627,0.262870925410837,0.000283756853669686
0.036,0.216749453898457,-0.0085581912919579,29.03009212046,-0.415135388980612,2865.53923777787,-10.2713715482395,162228.555148963,1615.9349687325,-3487889.95677802,1493786.34408275,-1185260879.82065,-71275824.7972822,199972922780.169,-134299838752.619,0.0085581912919579,0.098365524783222,0.0870039712675599,0.280625554962951,-0.00206013980995714
0.037,0.247239198802149,-0.00897813158361293,31.9761166013906,-0.424353917645161,3025.83463667359,-7.92601853821319,158181.363572738,3051.70009395784,-4573164.37520858,1355360.59990916,-985287957.040478,-205575663.549901,199976304969.57,-121570956585.355,0.00897813158361293,0.0978966422622121,0.0917103117752024,0.298733972334106,-0.00427305201710392
0.038,0.280754397800968,-0.00940588530246562,35.0802403385924,-0.43053777144703,3181.57353574525,-4.23596621141681,153148.884603171,4284.01103599449,-5458464.17976427,1088999.45806658,-785311652.070907,-327146620.135255,199976583027.941,-96014218924.966,0.00940588530246562,0.0973207602149482,0.0966482925296847,0.316988612352956,-0.00611863915892281
0.039,0.317450716019007,-0.00983778453977652,38.3374475177619,-0.432464663458435,3331.87063534082,0.534019524466552,147331.094027875,5193.43481417261,-6143787.54032121,713845.728468843,-585335069.042966,-423160839.060221,199973554512.208,-46110716946.6691,0.00983778453977652,0.0966208276373194,0.101818466891053,0.335126107832749,-0.00738626887470625
0.04,0.357478393445579,-0.0102690904678147,41.7419370130117,-0.429232968196406,3476.04061198514,6.01192911649077,140927.967878785,5688.01500362023,-6629135.83210807,267629.530935287,-385361514.530758,-469271556.00689,199962857609.424,26292888681.3169,0.0102690904678147,0.0957788755647038,0.10721665301737,0.352844995663829,-0.00791374605444384
0.041,0.400981559611617,-0.0106943621918002,45.2873223625916,-0.420351760530377,3613.59811681451,11.7566424966059,134139.478432346,5725.39090466563,-6914515.91783411,-188495.580730944,-185398656.921334,-442978667.325573,199893552115.931,79014592995.7216,0.0106943621918002,0.0947764209033087,0.112837793302098,0.369828852814151,-0.00760607417615799
0.042,0.448097748240166,-0.0111078928349937,48.9668317401382,-0.405781637501091,3744.25776640979,17.3172481077266,127165.578778071,5328.57508910452,-6999967.79869748,-591966.951558657,14494895.1945973,-363964074.329852,-28574197997.2754,105179632184.41,0.0111078928349937,0.0935949935537142,0.11868041668937,0.385772543870016,-0.00644809906054181
0.043,0.498957611542418,-0.0115041553048335,52.7735060004729,-0.385913051680234,3867.9245865128,22.2935615266712,120168.096060638,4572.15603907834,-6999760.00250152,-903341.209796303,-14079302.8026781,-258784442.145442,27821074031.0528,116889913766.334,0.0115041553048335,0.0922167967879548,0.124751191816893,0.400408984814558,-0.00450932163167499
0.044,0.553684816116804,-0.0118781991831509,56.7003476535536,-0.361493777604797,3984.59161523314,26.3757866335674,113165.933252407,3558.9042605037,-6999928.76828867,-1103680.69505858,13741771.2283747,-141894528.379108,-27304845692.18,120145036313.456,0.0118781991831509,0.0906255099668533,0.131069046535522,0.413533636790014,-0.00193993992250756
0.045,0.612396028979742,-0.0122259589190108,60.7403559256516,-0.333527396686868,4094.2587366947,29.3642075016583,106168.324562117,2404.30047397448,-6999839.41990639,-1185502.70528096,-13563074.4638053,-21749492.0656512,26928449553.0291,116781122559.353,0.0122259589190108,0.0888072439740316,0.137668487072809,0.425023485576157,0.00104177227703158
0.046,0.6752009172589,-0.012544452910197,64.8865318439997,-0.30315855578525,4196.92600305318,31.1769975877547,99166.1916799041,1227.38654308726,-6999938.26959368,-1148861.63606693,13365375.0892238,95031630.4937019,-26618976200.4868,106222035483.118,0.012544452910197,0.0867516593691159,0.144601878528019,0.434847986737114,0.00416961265726774
0.047,0.742202148213353,-0.0128318653325385,69.1318746215804,-0.271554497030397,4292.5933440368,31.8502178360359,92168.4996018216,143.744394847697,-6999882.38260469,-1000718.98783167,-13253601.111263,201253665.97682,26380624332.5687,85682450741.6991,0.0128318653325385,0.0844532547390071,0.151940447673614,0.443070882226703,0.00715514882649601
0.048,0.813495389187979,-0.0130875106637589,73.4693852359595,-0.239790093905071,4381.26079270648,31.5307151167448,85166.3871893834,-742.067351538613,-6999945.67154967,-756624.096484,13127023.2213057,286936116.718519,-26174422499.1088,50602473025.7571,0.0130875106637589,0.081912830770949,0.159773634247304,0.449842822099782,0.00971639927236863
0.049,0.889169307626792,-0.013311688142586,77.8920628934879,-0.208744139121371,4462.92830429635,30.46026683946,78168.6426256945,-1346.78964415906,-6999905.85957792,-444386.743252602,-13047399.2778031,337538589.744276,26005271526.6024,1725107108.38425,0.013311688142586,0.0791391336837104,0.168206139276023,0.455385624902862,0.0116065991563875
0.05,0.969305571044178,-0.0135054423141251,82.3929085411894,-0.1790172530774,4537.59590297869,28.9476121347616,71166.5472783988,-1622.11957468813,-6999950.62309242,-105985.599954134,12957872.2487994,339263696.852661,-25850356187.5136,-43776777267.1758,0.0135054423141251,0.0761506796021698,0.177351566455886,0.45996981141755,0.0126400944757917
0.051,1.05397884703554,-0.0136702577640678,86.9649213838619,-0.15088459381575,4605.26355749275,27.3272196771857,64168.7671987329,-1565.76945576046,-6999917.92893738,211389.708264939,-12892483.9387143,295486919.585485,25714391613.9637,-72782593976.8647,0.0136702577640678,0.0729777592239966,0.187320875694588,0.463887681766562,0.0127126081031617
0.052,1.14325680325771,-0.0138077285404124,91.6011023490656,-0.124293321815034,4665.93128841267,25.9133602874062,57166.6887597618,-1218.76672003226,-6999953.21706911,470485.330861992,12821907.6752495,222704325.60862,-25582432018.441,-87565046537.6713,0.0138077285404124,0.0696646197455614,0.198202883915004,0.467424609944897,0.0118135825999401
0.053,1.23720010743904,-0.0139192469720637,96.2944506440478,-0.0989023810276548,4719.59907161384,24.9633050768007,50168.8827578606,-651.523400788899,-6999922.52540308,649407.133201776,-12760524.3431915,135139279.070949,25458681705.6404,-92394924283.8819,0.0139192469720637,0.0662718184833212,0.210032669852975,0.470831370754941,0.0100290632814843
0.054,1.33586242736494,-0.0140057482313215,101.037967183754,-0.074151742283456,4766.26692713335,24.6551586672793,43166.8230839035,50.0542179010371,-6999953.70889345,738348.950130783,12698157.3624489,42744354.7870669,-25331977947.8867,-89233747618.2639,0.0140057482313215,0.0628787399847449,0.222742189724531,0.474300177782146,0.00753460580775437
0.055,1.43929043088867,-0.0140675330550949,105.824651181467,-0.0493474609486517,4805.93483422329,25.0777933465595,36168.9964573666,794.903054155643,-6999921.54050495,736476.431108718,-12633820.5854378,-46489392.831197,25205865770.3018,-78089369934.1876,0.0140675330550949,0.0595862656730181,0.236086838069212,0.477946717275313,0.00457880487080645
0.056,1.54752378591966,-0.014104178944879,110.647503543969,-0.0237520578059471,4838.60281451804,26.2299326603837,29166.9589841974,1495.11989385973,-6999952.42820523,650942.353310427,12572045.184864,-124578762.765385,-25071325394.6369,-57830238502.6432,0.014104178944879,0.0565195822497446,0.249544996326343,0.481799850407425,0.00145906304636587
0.057,1.66059516043598,-0.0141145408455838,115.499523494149,0.00332825249314884,4864.27084799044,28.0273510105002,22169.1140243521,2074.13449270369,-6999916.04571769,497448.471293721,-12499280.2097729,-182409001.268028,24930902812.5092,-28235916016.7627,0.0141145408455838,0.0538311121988524,0.262200431479934,0.485799890148245,-0.00150795586087255
0.058,1.77853022247375,-0.0140968340607752,120.373711933431,0.0324677431541968,4882.93895956619,30.3186317421387,15167.1034889983,2475.67247736061,-6999949.87452121,300921.512017312,12431622.6027363,-210644917.28479,-24778309297.0897,5872988119.3636,0.0140968340607752,0.0517035468304792,0.272647331274866,0.489805512996158,-0.0040181779267537
0.059,1.90134764014216,-0.0140487835984915,125.263068097928,0.0640656367903661,4894.60712762547,32.9099021971321,8169.23970756228,2672.25036208875,-6999907.40656701,93213.0887922036,-12346686.6943534,-204771929.165427,24614435118.4604,35180360954.9307,0.0140487835984915,0.0503529593891018,0.279006115408822,0.493608525709813,-0.00581099375026868
0.06,2.02905908161234,-0.0139678154092346,130.160592884848,0.0983189606893007,4899.2753814501,35.5960962971292,1167.26136350116,2668.94087979073,-6999946.87570213,-93968.6598957578,12267748.424107,-169591568.210496,-24438535006.1403,54264776831.6669,0.0139678154092346,0.05,0.279356308184692,0.496954952187173,-0.0066959267375299
0.061,2.1616692151353,-0.0138512588301729,135.059285546669,0.135227251874141,4896.94369572819,38.1920486179716,-5830.62472715661,2499.22056526167,-6999898.3947811,-236427.83969042,-12170786.5820333,-115326791.378829,24249292752.5939,63105165964.4504,0.0138512588301729,0.05,0.277025176603459,0.499570310719516,-0.00657225490666497
0.062,2.29917570902887,-0.0136965297417994,139.952146975262,0.174625226728204,4887.61210372641,40.5564635134068,-12832.5669664366,2215.64685754258,-6999944.53498683,-320202.048087024,12078506.1705606,-52221625.4143787,-24053874130.403,62877274704.7367,0.0136965297417994,0.05,0.273930594835989,0.501186570044436,-0.00543946894962228
0.063,2.44156923169773,-0.013501270698441,144.832176440905,0.216234494738598,4871.28057533209,42.6059256291161,-19830.4812273599,1879.81354253248,-6999892.96588147,-340985.036149034,-11975367.9598424,10655649.2903579,23849268021.5082,54012971351.1594,0.013501270698441,0.05,0.270025413968819,0.501568141554402,-0.0033974328698462
0.064,2.58883345161722,-0.0132634339825255,149.692374826566,0.259724390393103,4847.94914544663,44.3192731355955,-26832.3869992177,1553.15849292049,-6999943.69983056,-303322.901183097,11873900.0616658,64668620.6415173,-23646917692.9868,36456784467.2733,0.0132634339825255,0.05,0.265268679650509,0.500534390807256,-0.00063622358999277
0.065,2.74094503735379,-0.0129813031447304,154.525741418918,0.304772687290692,4817.6177802926,45.7330673140508,-33830.3349019663,1288.2460328027,-6999893.25861539,-220425.888307943,-11773017.631321,101125405.108791,23443955356.694,11478791730.6883,0.0129813031447304,0.05,0.259626062894607,0.497976522555354,0.00258327631474136
0.066,2.89787365754594,-0.012653457541868,159.325277087707,0.351117449188237,4780.2865134232,46.9284329198731,-40832.2073435045,1120.29597900426,-6999944.29856836,-113561.087333808,11670937.725373,112604196.839479,-23247582226.3165,-16048966361.8938,0.012653457541868,0.05,0.253069150837361,0.493867266493628,0.00595598547560057
0.067,3.05958198092309,-0.0122786929758573,164.083981132634,0.398591661349872,4735.95531043743,48.0100470144186,-47830.1907702479,1060.36216236321,-6999897.15195614,-8981.37367527595,-11576644.5009435,96555230.477585,23056892204.3478,-39321278972.4459,0.0122786929758573,0.05,0.245573859517145,0.488262512046335,0.00916362456096458
0.068,3.22602567628565,-0.011855919188183,168.794854407942,0.447134088007138,4684.6242023543,49.0803726417333,-54832.0334290871,1093.10485743132,-6999945.35035491,67913.2173160861,11480247.7034043,57233951.5051391,-22870317722.2481,-54348188191.6697,0.011855919188183,0.05,0.23711838376366,0.481294833119308,0.0119068386751666
0.069,3.39715341252205,-0.0113840594985287,173.450896223781,0.496774263793551,4626.29315669475,50.2147085918988,-61830.0503752107,1180.5770191347,-6999900.26151263,97973.0747253904,-11390070.0188438,2885763.31346943,22689487620.1214,-60350681880.7815,0.0113840594985287,0.05,0.227681189970574,0.473159634550667,0.0139350566362608
0.07,3.57290685858986,-0.0108619770951636,178.045107419737,0.547595207058594,4560.96220323909,51.4422384972035,-68831.8640904628,1269.93452853669,-6999945.58772142,70683.4970984691,11299417.6012776,-57464918.567312,-22504838214.3772,-57248843517.4183,0.0108619770951636,0.05,0.217239541903271,0.464095359442527,0.0150709725098898
0.071,3.75322068353238,-0.0102884467263425,182.570487316602,0.599681321957612,4488.63131188945,52.7355519193816,-75829.9107757526,1302.34409243194,-6999898.58922733,-15405.8432275521,-11205420.6130996,-114713762.08473,22320256664.762,-44268488725.3083,0.0102884467263425,0.05,0.20576893452685,0.454359757399948,0.0152271528304964
0.072,3.93802255646164,-0.00966218223041864,187.020036742448,0.653060329638512,4409.30051425967,54.0092296094887,-82831.692032509,1222.2032867078,-6999943.88150804,-152253.849674936,11114836.0516624,-158982250.810039,-22118112771.5806,-20481052086.319,0.00966218223041864,0.05,0.193243644608373,0.444204570847109,0.0144131509437171
0.073,4.12723314657679,-0.00898192128263599,191.386755032179,0.707648490313858,4322.96978117105,55.1279555523871,-89829.7648481199,987.044802946794,-6999888.10184217,-321476.626528134,-11003276.7199182,-179463302.896358,21904388528.4481,11845928321.0907,0.00898192128263599,0.05,0.17963842565272,0.433851122066214,0.0127325416629505
0.074,4.3207661231488,-0.00824655918101307,195.663643006975,0.763209009908412,4229.63915107541,55.9248450719339,-96831.5038569006,577.810846357329,-6999939.18429786,-495016.965263947,10901111.8085299,-167617374.575267,-21646271457.6581,44406681346.5762,0.00824655918101307,0.05,0.164931183620261,0.423469163952489,0.0103703702164065
0.075,4.51852815554399,-0.00745531340760336,199.843700023419,0.819333643574385,4129.30859255035,56.2290614849528,-103829.600197204,6.3863073635118,-6999861.20821816,-640430.999165925,-10745159.6491282,-123210693.228691,21352235258.3186,69130380379.4298,0.00745531340760336,0.05,0.149106268152067,0.41316101156317,0.00757253384501392
0.076,4.72041891320954,-0.00660789178426826,203.919926902556,0.875454602020777,4021.97816056557,55.897577609711,-110831.27527937,-684.12830835352,-6999930.25023813,-729076.502204901,10607075.6091904,-54080312.8492608,-20943964412.1771,84001155841.1441,0.00660789178426826,0.05,0.132157835685365,0.402952431515199,0.00461946689193478
0.077,4.92633106570871,-0.00570463312701595,207.885323037869,0.930887049389208,3907.64781534183,54.8433977129402,-117829.392652539,-1426.24477434286,-6999795.15683503,-741156.237133589,-10336888.8029867,29920842.9918833,20433208971.9235,89883994893.4759,0.00570463312701595,0.05,0.114092662540319,0.392791091772742,0.0017970627452086
0.078,5.13615028270625,-0.0047465925935633,211.732889263931,0.984895794410536,3786.31765367978,53.0553067936498,-124830.950718947,-2137.45992416493,-6999915.44115205,-666293.396694968,10096320.1689368,119804837.885359,-19517308472.4161,87004692962.377,0.0047465925935633,0.05,0.094931851871266,0.382552627391103,-0.000632033918907649
0.079,5.34975523403245,-0.003735552032088,215.455625047714,1.03677703925001,3657.9876147391,50.6082928396584,-131829.07088476,-2729.35011975682,-6999577.77521932,-502986.21232842,-9420988.30347928,206809530.847736,18211312018.2638,73412194675.7963,0.003735552032088,0.05,0.0747110406417599,0.372053638168887,-0.00245378522721225
0.08,5.56701758967344,-0.00267394487048949,219.046531289935,1.08594605482647,3522.65794360668,47.6649767103235,-138830.323935461,-3116.69620088208,-6999893.10751367,-259470.584142786,8790323.71478447,280221725.523532,4766796056.3598,44058963114.7468,0.00267394487048949,0.05,0.0534788974097899,0.361070265969639,-0.00352224200558338
0.081,5.78780201996551,-0.00156469419157496,222.498607828709,1.13202148140226,3380.32933678792,44.4670846284204,-145825.027415108,-3228.71276174397,-6988719.38577071,42780.6229381195,13557119.7711443,324280688.638279,-49403387870.5159,-4873638204.91071,0.00156469419157496,0.05,0.0312938838314992,0.349360477494858,-0.0037713146904586
0.082,6.0119661971391,-0.000410972808556033,225.80486001841,1.17489481083533,3231.01015072539,41.3136058913266,-152815.202138972,-3024.60406752086,-6999863.95993482,364624.492473943,-35846268.0993716,319407050.433368,72034551486.3627,-58005752113.3868,0.000410972808556033,0.05,0.00821945617112067,0.336687850047004,-0.00321787041109367
0.083,6.23936080117284,0.000784092478396107,228.958295030766,1.21476971068748,3074.69204366808,38.5221316721102,-159820.983474375,-2509.94367518247,-6999692.95229101,655028.666850618,36188283.3869911,261401298.319981,199594729116.096,-94576108374.5836,0.000784092478396107,0.05,0.0156818495679221,0.32284455615838,-0.00195617922757176
0.084,6.46982951431978,0.00201773427082334,231.95191313834,1.252156145553,2911.38556154517,36.3793285422241,-166769.316496787,-1739.97704390096,-6863707.30434597,869141.910983307,235783012.503087,166825189.945398,199773337541.386,-115129062276.454,0.00201773427082334,0.05,0.0403546854164669,0.307671169596257,-0.000144729259267223
0.085,6.70320904160732,0.00328782752902821,234.778781579489,1.28781633419917,2741.23201245403,35.0969296078775,-173481.836738624,-806.610714991026,-6528037.62307219,978402.569790478,435556350.044473,51696127.6689441,199789904151.331,-125416953066.002,0.00328782752902821,0.05,0.0657565505805641,0.291071769688005,0.00201274382214531
0.086,6.93932925745914,0.00459309891629674,237.4322044804,1.32267413440856,2564.56707420821,34.7829104926822,-179758.797869316,176.737093122924,-5992586.32095205,967390.220926421,635346254.195803,-73720825.3970575,199745403623.107,-128479517356.31,0.00459309891629674,0.05,0.0918619783259348,0.273023907182211,0.00428967545708947
0.087,7.17801354155788,0.00593323347727571,239.905921528593,1.35770250278759,2381.92619694594,35.4257025788123,-185400.420162566,1085.8536484581,-5257367.36494469,829429.636851209,835091657.81891,-202200342.753368,199554984173.118,-124669515710.061,0.00593323347727571,0.05,0.118664669545514,0.253583139632783,0.00646003272459882
0.088,7.4190793142942,0.00730886250837402,242.194307746007,1.39379990653652,2194.04458983488,36.8873764254158,-190206.982534572,1793.40486131428,-4322498.21503922,564894.536242811,1034646641.99203,-326869858.463429,110709204046.026,-111083752375.659,0.00730886250837402,0.05,0.14617725016748,0.232881863535086,0.00832017565812468
0.089,7.66233877184309,0.00872142566300734,244.292572461059,1.4316635892066,2001.85341218329,38.9041217554253,-193993.705894608,2176.3505095961,-3232496.97102418,182482.801591552,1145355846.03805,-437953610.839087,-199596564863.34,-77355052805.5009,0.00872142566300734,0.05,0.174428513260147,0.211122628427379,0.00970704392195434
0.09,7.90759981330597,0.0101729078845757,246.196936330655,1.47166740732453,1806.42603392064,41.0954982701438,-196686.791036757,2126.96399696719,-2186939.4074178,-294148.335650286,945759281.174713,-515308663.644588,-199793074190.75,-434412579.991272,0.0101729078845757,0.05,0.203458157691513,0.188566578291277,0.01051095148762
0.091,8.1546670980031,0.0116654609840119,247.904692220851,1.51375588805612,1608.79507501561,42.9894852214876,-198434.149649286,1575.08892739795,-1341076.66333846,-809674.205584869,745966206.983963,-515743076.22458,-199847587217.996,84373803934.0768,0.0116654609840119,0.05,0.233309219680238,0.165517601827033,0.0106819076867743
0.092,8.40334306546381,0.0132009362124016,249.414076124793,1.55737718586057,1409.80638775302,44.0772954418862,-199435.551140335,521.605484356466,-695034.249963492,-1283230.37984241,546118619.765967,-431369272.290503,-199857436533.261,125244355283.489,0.0132009362124016,0.05,0.264018724248032,0.142302157993201,0.0102291872206246
0.093,8.65342878083761,0.0147803820915046,250.724069987398,1.60148448229794,1210.10601186447,43.8906093724099,-199890.835653171,-956.435472417281,-248844.348464155,-1651977.47449117,346261183.232707,-306124917.007013,-199813717865.415,143744944680.715,0.0147803820915046,0.05,0.295607641830092,0.119245459665351,0.00921480337970474
0.094,8.90472458093114,0.0164035812887867,251.834201869813,1.64460998702473,1010.1401386627,42.0631537159409,-199999.85169633,-2737.51791463184,-2490.02416415624,-1886229.91915782,146447465.367291,-162379972.326299,-199451112384.401,152469152558.414,0.0164035812887867,0.05,0.328071625775734,0.0966461365241084,0.00774231313461783
0.095,9.1570305204013,0.0180686868653666,252.744346107509,1.68498451487425,810.155139402162,38.3618103943657,-199962.359839875,-4679.52629452641,44231.8850109346,-1972375.31520491,-53003647.0171095,-9910819.76788463,-43480668804.4485,155675864717.585,0.0180686868653666,0.05,0.361373737307332,0.0747518562428928,0.00594268786775798
0.096,9.41014661835944,0.0197719903157104,253.454524868148,1.7206787172502,610.20424986909,32.7009311333054,-199951.876556506,-6630.91104216233,-30512.0964083991,-1904448.20261401,-96484315.8215579,145765044.949701,194504970657.926,154402846308.006,0.0197719903157104,0.05,0.395439806314209,0.0537382659497728,0.00395897597563147
0.097,9.66387291823454,0.0215078364238356,253.964745695084,1.74975414506258,410.229140918853,25.1485236159238,-199998.213315716,-8436.74291458349,-29743.9269009942,-1681481.7345103,98020654.8363677,300167891.257707,-122730056032.087,147319441527.022,0.0215078364238356,0.05,0.430156728476712,0.0336933865686751,0.00193141043345573
0.098,9.91800944487158,0.0232686913511575,254.274973833467,1.77041778492294,210.227278663158,15.9272061260251,-199999.401924537,-9943.58746321043,6911.69991932984,-1307654.12248908,-24709401.1957197,447487332.784728,38049856935.7715,127873302229.976,0.0232686913511575,0.05,0.465373827023151,0.0146097280046654,-1.5533230775879e-05
0.099,10.1723561992456,0.0250453648956408,254.385201850642,1.78117496588,10.2287997657539,5.4097008779605,-199998.503282393,-11006.1857022688,1227.2271914959,-796230.138589368,13340455.7400518,575360635.014704,-52291435333.3416,64545458356.6733,0.0250453648956408,0.05,0.500907297912815,-0.00361384032065031,-0.00178288489193578
0.1,10.426713182502,0.0268273820557387,254.295431723395,1.78097338012234,-189.769045303559,-5.89601706033569,-199999.321066554,-11503.9779469581,-11578.0347351231,-188596.774396327,-38950979.5932898,639906093.371378,189127350717.033,-82027118774.0317,0.0268273820557387,0.05,0.536547641114774,-0.0211608493456116,-0.003302872801961
0.101,10.6808803959382,0.0286034874580983,254.005661040989,1.76931992048736,-389.772766911133,-17.3910601755456,-199998.853365966,-11386.292861131,44034.6610301036,410295.759588035,150176371.123743,557878974.597346,-162936053720.895,-140595560754.989,0.0286034874580983,0.05,0.572069749161966,-0.0382783486686247,-0.00454021862890106
0.102,10.9346578403135,0.0303622356823975,253.515901086054,1.74632616983545,-589.731362553635,-28.4850834761479,-199906.886528328,-10720.4902077035,112743.005293399,897876.953807886,-12759682.5971515,417283413.842356,-196659816550.47,-160210426724.516,0.0303622356823975,0.05,0.607244713647951,-0.0552520880008106,-0.00548942094978315
0.103,11.187845562222,0.032092573228514,252.826232900251,1.71264653913644,-789.592198352105,-38.6937634057539,-199833.300000425,-9640.67328476185,1653.41442101314,1235055.15428798,-209419499.147621,257072987.11784,184992236664.325,-168755752247.139,0.032092573228514,0.05,0.64185146457028,-0.0723777862257544,-0.0061692585403419
0.104,11.4402436920537,0.0337843194755901,251.936717143258,1.66934758669054,-989.451866885316,-47.6810951051957,-199905.524296133,-8305.2075956228,-115269.966394445,1407750.26528225,-24427262.483296,88317234.8707015,199467571357.401,-172560895239.314,0.0337843194755901,0.05,0.675686389511802,-0.0899318733854016,-0.00661598347785605
0.105,11.6916523609467,0.0354285014660322,250.84729394699,1.61775075470908,-1189.41078622625,-55.2748980663339,-199999.763298543,-6882.05886211175,-39963.4431990408,1409787.0525333,175040308.874105,-84243660.3686122,199799943296.819,-173455115732.281,0.0354285014660322,0.05,0.708570029320644,-0.108145650238706,-0.00687632161391414
0.106,11.9418716162777,0.0370175255600846,249.557885576887,1.55926483610863,-1389.39303286395,-61.4733313087293,-199918.906596756,-5543.30282571814,234976.837323474,1238815.83429855,374840252.170924,-257698776.100893,199852625471.869,-171607482666.891,0.0370175255600846,0.05,0.740350511201692,-0.127184172376168,-0.00700112852722181
0.107,12.1907014987123,0.0385451790782275,248.068589537313,1.4952141551814,-1589.12365047395,-66.4473263250928,-199463.200862435,-4461.93762658119,709743.402230332,895313.316864208,574692877.642793,-429306258.767784,199853762313.267,-165519187882.79,0.0385451790782275,0.05,0.770903581564549,-0.147130270223021,-0.00704037679457262
0.108,12.4379423171969,0.0400064594112568,246.379878187959,1.42666581184181,-1788.1278702489,-70.5400549691983,-198432.802060998,-3808.86397041467,1384363.16102976,383247.464155029,774546639.956059,-594825446.650574,199817921916.283,-148383789384.302,0.0400064594112568,0.05,0.800129188225137,-0.167974841542069,-0.00703997005039655
0.109,12.68339512373,0.0413972311906294,244.4927985818,1.35425917853958,-1985.73107387598,-74.2626154398682,-196627.862593004,-3747.75986114898,2258818.76194396,-285769.877187696,974364561.872342,-743209236.034876,199675324849.722,-69199223769.1816,0.0413972311906294,0.05,0.827944623812587,-0.189614264520109,-0.00704066513357362
0.11,12.9268623879789,0.0427137162382069,242.409172308905,1.27804351114457,-2181.05881318916,-78.2800117466072,-193848.582329315,-4416.66756031564,3333020.98624116,-1063578.72510716,1174039886.72206,-812408459.804057,-159988329047.301,125973233353.379,0.0427137162382069,0.05,0.854274324764138,-0.211855093517236,-0.00707913486007824
0.111,13.1681488712215,0.0439518327213303,240.131792293142,1.19734510192141,-2373.05187789128,-83.3586211947207,-189955.206121221,-5865.4549764326,4427066.70843957,-1813000.56823453,1014051557.67476,-686435226.450678,-199700665662.527,164341393749.52,0.0439518327213303,0.05,0.879036654426605,-0.234425494878029,-0.00719088119705623
0.112,13.4070626710088,0.0451064399030929,237.664541244617,1.11072435452094,-2560.63286292641,-90.2381347682728,-185054.397078221,-7994.28292560089,5341267.93328307,-2417265.09781045,814350892.012236,-522093832.701158,-199840578991.005,176151649477.742,0.0451064399030929,0.05,0.902128798061859,-0.256992505843526,-0.0074141430209306
0.113,13.643416282484,0.0461706079842362,235.012303660423,1.01606591479428,-2742.88922758011,-99.5207262295009,-179339.260462097,-10643.2363315156,6055698.53579981,-2851283.10577273,614510313.021231,-345942183.223415,-199876051052.922,181338922777.27,0.0461706079842362,0.05,0.923412159684724,-0.279184864475443,-0.00779324345214002
0.114,13.877027508818,0.0471350182287392,232.180778024664,0.910735453448119,-2919.10654855759,-111.639705355991,-173009.619444962,-13637.2673751038,6570270.82329457,-3106555.82760751,414634261.968309,-164603260.446145,-199872041142.958,183807259709.663,0.0471350182287392,0.05,0.942700364574783,-0.300620748067531,-0.00838003588938894
0.115,14.1077201755708,0.0479875303953813,229.176277322348,0.791754028357953,-3088.7702548823,-126.850025885818,-166265.343497541,-16795.4902896495,6884969.0646914,-3179255.45819882,214762220.82535,19203999.2635171,-199775658467.6,184737204645.134,0.0479875303953813,0.05,0.959750607907626,-0.320938099772508,-0.00923297192521608
0.116,14.335324645261,0.0487129281100501,226.00552917419,0.655978721060952,-3251.56564412979,-145.224245854497,-159306.289265515,-19934.354214109,6999843.45628295,-3067682.85661274,14986562.3577505,203941203.908651,-29806589943.4914,184470930801.753,0.0487129281100501,0.05,0.974258562201002,-0.339824597264122,-0.01041380811276
0.117,14.5596781323086,0.0492928464514154,222.675477402055,0.500286052431218,-3407.37075584802,-166.650765007477,-152303.920293043,-22869.3213136338,6999926.72366896,-2771506.18730321,-14820027.5857409,388412134.710404,3597078161.1667,182880951155.868,0.0492928464514154,0.05,0.985856929028308,-0.357044351095263,-0.0119822598785234
0.118,14.7806248318911,0.0497058835791353,219.193120752989,0.321756416915913,-3556.17703290557,-190.833484019346,-145310.80407014,-25416.1412750558,6986905.2351638,-2291653.57701487,-11222949.4245742,571293085.866271,48512159209.6685,179223599416.124,0.0497058835791353,0.05,0.994117671582705,-0.372458644142206,-0.0139891304760739
0.119,14.9980159367552,0.0499278967546273,215.565452738899,0.117858217404776,-3697.99423350973,-217.292768918623,-138321.424949821,-27392.2777092349,6999938.36534406,-1630748.69144054,37289209.7850943,750516685.282395,-75278915142.7314,171091365101.102,0.0499278967546273,0.05,0.998557935092547,-0.386038048460232,-0.0164685990095471
0.12,15.2117096306768,0.0499324817520251,211.799465375702,-0.113369784527108,-3832.81261103004,-245.368206052485,-131315.388465441,-28619.2528305174,6999588.11755779,-794686.323607594,-37989705.3576371,921608050.383497,76694776589.4781,148144467713.754,0.0499324817520251,0.05,0.998649635040501,-0.397863986511368,-0.0194304379744456
0.121,15.4215710952883,0.0496916327628931,207.902160724677,-0.373140429842789,-3960.63134143857,-274.225028016921,-124322.012737797,-28928.4443843143,6999945.80049489,200993.96063278,38705071.231841,1069752518.09725,-77779720693.1805,12981102121.4794,0.0496916327628931,0.05,0.993832655257862,-0.408119360156923,-0.0228529464379585
0.122,15.6274725118858,0.0491765757190264,203.88053599905,-0.66175149986099,-4081.45017125261,-302.874142455314,-117315.677688469,-28190.4106476126,6999761.01138014,1277237.02979077,-39074649.4613394,1082733620.21873,78527182456.6694,-140015594466.006,0.0491765757190264,0.05,0.983531514380529,-0.417069474274782,-0.0266773462739968
0.123,15.8292930616264,0.0483587507926868,199.741593642071,-0.978464027697589,-4195.26920891103,-330.251312967764,-110322.366138076,-26395.1427401235,6999949.95314713,2289962.8527765,39452532.9953299,942718025.752724,-79191680355.5963,-164260232374.376,0.0483587507926868,0.05,0.967175015853737,-0.42503519828414,-0.0308044046225549
0.124,16.0269189254863,0.0472108649610119,195.492330892342,-1.32149334047748,-4302.08832430372,-355.351198786889,-103315.888531824,-23661.1975798664,6999806.64596466,3150550.76234203,-39739147.3602664,778457793.378347,79768587345.0062,-171756014163.201,0.0472108649610119,0.05,0.944217299220237,-0.432361060399688,-0.0350943536015798
0.125,16.22024328434,0.0457078900097577,191.139750267153,-1.68811904181931,-4401.90760901265,-377.314534520612,-96322.6566949821,-20150.0439231957,6999951.7922769,3843130.54863878,40029439.9847398,606701779.215146,-80329338358.0837,-173819214456.881,0.0457078900097577,0.05,0.914157800195153,-0.439381437477449,-0.0393712858116004
0.126,16.4091663189132,0.0438279203048963,186.690848986908,-2.07484424579606,-4494.72696529393,-395.449138673555,-89316.0784057725,-16032.5323540255,6999816.5630826,4362922.72062548,-40299898.3733439,432882564.758265,80871067331.2761,-172435016563.377,0.0438279203048963,0.05,0.876558406097925,-0.44638815602716,-0.0434323747203236
0.127,16.5935952098399,0.0415528645573461,182.152629613268,-2.4775658970448,-4580.54648244008,-409.235247365498,-82322.9332806547,-11481.9075204481,6999952.19837489,4709587.77710206,40571168.9579322,260447548.194888,-81423485018.2574,-166910093997.775,0.0415528645573461,0.05,0.831057291146922,-0.453602635611215,-0.0470612133290718
0.128,16.7734441376128,0.0388689655567658,177.532089334823,-2.89174770581061,-4659.36607040526,-418.325907659946,-75316.2660786372,-6669.91431824824,6999811.62482369,4886580.27829806,-40852316.0603251,93537454.1971128,81985548229.5815,-152799394756.759,0.0388689655567658,0.05,0.777379311135317,-0.461155230205127,-0.0500439807320283
0.129,16.9486342826336,0.0357671474195079,172.836230747683,-3.31259151651767,-4731.18582332632,-422.543308904793,-68323.2163538054,-1762.03187864442,6999952.08287816,4903718.03511679,41133232.1692564,-59261940.5596465,-82559822802.0362,-108633163645.242,0.0357671474195079,0.05,0.715342948390157,-0.46907368466,-0.0521868330463794
0.13,17.1190938251597,0.0322431942534139,168.072051000746,-3.73520192954648,-4796.00564809261,-421.867885137791,-61316.4576253096,3093.94965891834,6999805.4036464,4790139.51273452,-41426590.6327798,-167895104.204888,83147073800.7921,50596937695.4853,0.0322431942534139,0.05,0.644863885068278,-0.477281717849694,-0.053332773702922
0.131,17.2847579453556,0.0282977722998691,163.246552724859,-4.15473105725755,-4853.82564298646,-416.404740034136,-54323.5076713462,7808.57444249967,6999952.34991401,4647542.87737738,41720483.1680123,-117298166.509403,-83723507302.6018,129264052802.735,0.0282977722998691,0.05,0.565955445997381,-0.485607741288227,-0.0533762510447383
0.132,17.4455688232371,0.0239363331513368,158.36673302742,-4.56646072981404,-4904.64570954846,-406.286557845166,-47316.6489977319,12419.0122454228,6999811.07943072,4594876.73726934,-42003024.1345895,11965886.2933318,84291063600.6896,147076653964.328,0.0239363331513368,0.05,0.478726663026735,-0.4938027411695,-0.0522737252823977
0.133,17.6014756387274,0.0191689907351606,153.439594580852,-4.96577024452957,-4948.46594138285,-391.561984722811,-40323.7909197684,17044.3847014995,6999953.58709648,4680380.95054483,42288039.4661001,159042540.257659,-84819843913.6097,148383897626.174,0.0191689907351606,0.05,0.383379814703212,-0.501565467242857,-0.0500483252494939
0.134,17.7524345716051,0.0140104767763694,148.47213445811,-5.34802211010488,-4985.28624166265,-372.144719793595,-33316.8299535911,21829.0175717775,6999831.70460577,4913615.43961558,-42531804.4475096,307426437.883834,85311692750.4972,135152216446.949,0.0140104767763694,0.05,0.280209535527388,-0.50857238973963,-0.0467871978708616
0.135,17.8984088015611,0.00848022795953807,143.47135537886,-5.7084194495026,-5015.10668974415,-347.80202542001,-26324.0455357507,26918.8715997429,6999955.74653351,5288617.98572289,42779888.3029875,442578654.330783,-85756618111.9904,79282336552.9269,0.00848022795953807,0.05,0.169604559190761,-0.514509448095006,-0.0426313821792263
0.136,18.0393685081564,0.00260261813327797,138.444254393496,-6.04186150132839,-5037.92720061767,-318.161778287661,-19316.992614751,32441.99263539,6999857.3257805,5770837.80833013,-42976729.8090029,521860990.883709,86155283298.7396,-79122969734.558,0.00260261813327797,0.0500573577732778,0.0519927189338653,-0.519102483334189,-0.0377591566099433
0.137,18.175290870873,-0.00359267256789776,133.397834266722,-6.34281939214709,-5053.74783755437,-282.750686706698,-12324.2644399919,38460.5737775395,6999958.23762087,6253137.31434656,43178553.4897367,442738021.149151,-86517468968.633,-136024511121.095,0.00359267256789776,0.0510849315628767,0.0703274421240206,-0.522143407830145,-0.0323646402724815
0.138,18.3061600690815,-0.0100701931598199,128.339092034782,-6.60528028853268,-5062.5685313445,-241.095422289757,-5317.13650378758,44912.4093506071,6999878.05662629,6627863.07993516,-43338915.4788962,306713510.028056,86842445619.4067,-145605174042.503,0.0100701931598199,0.0531563044936151,0.189444944597861,-0.523509622300459,-0.0266341931123005
0.139,18.4319672820822,-0.0167882572432609,123.275030499427,-6.82280329594734,-5064.38933353733,-192.824029363096,1675.54583603582,51669.3616565492,6999960.36395709,6861774.00294197,43503530.1405105,161108335.985553,-87145566677.0126,-125938719078.037,0.0167882572432609,0.0559897993353412,0.299844926085742,-0.523174873486702,-0.0207238667016443
0.14,18.552710689079,-0.023698573918709,118.212646685302,-6.98864335212366,-5059.21018799623,-137.702176762373,8682.73370395033,58590.700040971,6999891.1107591,6959912.9793885,-43642036.5365022,35169616.907516,87425454115.1392,-43335993691.2625,0.023698573918709,0.0593452527910192,0.399333945078339,-0.521210605184867,-0.0147410140439092
0.141,18.6683954692125,-0.0307460130132749,113.158943422804,-7.09588908910156,-5047.0311396824,-75.6274642952938,15675.3747054604,65560.975163198,6999961.80128016,6973414.59945039,43783417.578637,-8166376.78374653,-87697974393.0022,12725344249.9918,0.0307460130132749,0.0630206270093816,0.487872216959979,-0.51777778810202,-0.00873217265204852
0.142,18.779033801536,-0.0378684984967677,108.120917724267,-7.13757406426985,-5027.85214092231,-6.58061267249078,22682.6118864644,72532.4274649649,6999896.2316623,6971610.89479164,-43914556.8143652,4558967.46624526,87961012852.3417,-766298406.551644,0.0378684984967677,0.0668486289207893,0.566481304225986,-0.513110143898919,-0.00267826123974977
0.143,18.8846448650437,-0.0449969836087486,103.105572441895,-7.10672634448956,-5001.67323497061,69.4383481386807,29675.2110085282,79506.1901270885,6999962.1812741,6975786.7130546,44046456.0379765,3792669.05969361,-88231273197.6226,-2182725053.75479,0.0449969836087486,0.0706933700458379,0.636509245203225,-0.507490501124379,0.00350298643839304
0.144,18.9852548386462,-0.0520554490611272,98.1199045728005,-6.99637213033,-4968.49437809849,152.432972786929,36682.4912056217,86483.509387164,6999893.00071327,6978488.01958742,-44184817.1596461,1609944.00593883,88506597901.8078,-634557526.440445,0.0520554490611272,0.0744470965228561,0.699227390891539,-0.501222670353686,0.00994824768651858
0.145,19.0808969011954,-0.0589609000039636,93.1709169856592,-6.79953425971987,-4928.31561675379,242.405968067991,43675.0428974054,93462.6966191667,6999961.48250453,6979780.68483014,44321780.7421617,975386.479498382,-88805596032.0148,-994556180.455783,0.0589609000039636,0.0780270161162283,0.755647248077973,-0.494601628766991,0.0168346656872024
0.146,19.1716112314576,-0.0656233633326041,88.2656066572954,-6.50923361420835,-4881.13690638485,339.358676154145,50682.364337609,100442.799237873,6999880.46523068,6980258.79321941,-44483815.2898531,-19169.700957401,89126360986.9281,673189763.130654,0.0656233633326041,0.0813722459053566,0.80645879442642,-0.48788493710753,0.0243621388389131
0.147,19.2574450081372,-0.0719458862973041,83.4109764690509,-6.11849015715856,-4826.95830218546,443.291629643251,57674.8572886926,107423.160644536,6999959.83043429,6980576.21840001,44642545.697075,654020.062173253,-89493254101.7601,-3107609470.75851,0.0719458862973041,0.0844409012701662,0.852026508659772,-0.481268152459712,0.0327336050954162
0.148,19.3384524098441,-0.0778245359210572,78.6140233698105,-5.62032351646921,-4765.77975344286,554.205057916603,64682.2228496251,114403.545938055,6999855.74908048,6979676.43372681,-44850708.4046851,-2453589.40858526,89904930169.5629,-15251048131.6561,0.0778245359210572,0.0872073436821115,0.892408054587048,-0.474866580283537,0.042135268980776
0.149,19.4146946151194,-0.0831483988726889,73.8817502508455,-5.00775363550292,-4697.601331798,672.097397679615,71674.6373995315,121379.453735722,6999957.50576058,6969597.32025239,45054221.7648778,-17704637.5402413,-90396254911.0659,76410802869.7367,0.0831483988726889,0.0896596017376419,0.927378632753626,-0.468705059897462,0.0527186988244108
0.15,19.4862398023921,-0.0877995835419203,69.2211540212887,-4.27380501233861,-4622.42297311925,796.961883085993,78682.0559736894,128352.933871016,6999813.60006993,6990098.08414702,-45342033.1461881,58706165.3294954,90966743726.1071,-140256336518.221,0.0877995835419203,0.0917969768277811,0.956453976764831,-0.462716678534791,0.0645864953039401
0.151,19.5531631500102,-0.0916532239085663,64.6392375805611,-3.41150036868233,-4540.24477707006,928.81380634595,85674.3596811405,135349.008981742,6999954.93878679,6978676.0812174,45624710.579919,-81550171.1887254,-91667095827.7166,-185696861348.115,0.0916532239085663,0.0936278418830339,0.978909927487868,-0.456750425571562,0.0777828850673989
0.152,19.6155468361799,-0.094577469365239,60.1429977796253,-2.41385389056295,-4451.06665526342,1067.63082430388,92681.8491259127,142255.960500473,6999746.10145285,6804277.47935462,-46042385.2477976,-267247032.53684,92497725287.949,-191418101928.28,0.094577469365239,0.0951676387540458,0.99379863368963,-0.450586932946193,0.0922902464220277
0.153,19.6734800390076,-0.0964335174982554,55.7394375256567,-1.27397377020615,-4354.88875274577,1213.23640661769,99673.9903222896,148894.711446572,6999952.57884903,6441321.39585364,46455340.0401514,-458665134.46512,-93536295423.9706,-192821715554.485,0.0964335174982554,0.0964370770486988,0.999963089399303,-0.443960667144938,0.108031275387154
0.154,19.7270589364105,-0.0970757929815375,51.4355535830052,0.0147628278059037,-4251.71094092303,1365.26730033497,106681.581188588,155074.5633226,6999639.77117719,5886245.40361128,-47080955.3838191,-651486850.019604,94783638857.7277,-192943218524.473,0.0970757929815375,0.0974605346231157,0.996052333972249,-0.436586336366021,0.124875508598011
0.155,19.7763867061775,-0.096352311179819,47.2383488674622,1.4585196975572,-4141.53343735646,1523.16836591693,113673.477755216,160602.908098114,6999950.63522224,5138286.94432944,47702683.4739086,-844430068.544077,-96425102427.7009,-192208689892.137,0.096352311179819,0.0982646574850533,0.980538818796319,-0.428186888127266,0.142649139007721
0.156,19.8215735258341,-0.0941052333565381,43.1548200114919,3.0628091123553,-4024.35605154899,1686.19167044704,120681.208881771,165286.945226523,6999440.76748229,4197752.53083929,-48722418.9537923,-1036638758.43621,98461078650.6774,-190344781225.818,0.0941052333565381,0.0988771545796778,0.951738890106365,-0.418520357982614,0.161147061414074
0.157,19.8627365727288,-0.0901716145814235,39.1919699282532,4.8322991013493,-3900.17914014169,1853.39678778003,127672.698619551,168934.65424794,6999948.88785384,3065941.38179017,49738659.6968851,-1226983539.66203,-102156345891.011,-185927006408.941,0.0901716145814235,0.0993257808617476,0.907836956317858,-0.40740296732906,0.180145937602813
0.158,19.9000000238072,-0.0843843440460134,35.3567950167105,6.77062153277772,-3769.00243381601,2023.65216850365,134680.490779605,171356.116025498,6998609.37460522,1745994.33892367,-52417686.1941259,-1412910546.07097,107565090650.141,-170455353121.737,0.0843843440460134,0.0996375001696262,0.846913500462724,-0.394726276115173,0.199417000317686
0.159,19.9334950556768,-0.0765732763375469,31.6562979754856,8.88018246661658,-3630.82689275136,2195.63869430122,141670.818826222,172367.245865865,6999974.23373616,247856.116291825,55147404.4560154,-1583365899.19271,-199900351739.24,114518775391.211,0.0765732763375469,0.0998378177795833,0.766976663157856,-0.380466789709177,0.218737367938161
0.16,19.9633598438565,-0.0665665493577925,28.0974737864919,11.1619810739474,-3485.65522475551,2367.87074552434,148665.050036896,171842.505495126,6955171.46232256,-1278250.39520528,-144752947.283224,-1468847123.8015,-199967117689.713,180392044636.404,0.0665665493577925,0.0999502710790144,0.665996686543943,-0.364687191008338,0.237898829891145
0.161,19.9897395558538,-0.0541920577437817,24.6873025842331,13.6155003317903,-3333.54504644191,2538.83683430309,155514.517172629,169859.896878793,6710434.95619448,-2656901.49668857,-344720064.972938,-1288455079.16509,-199976479554.384,188721761020.91,0.0541920577437817,0.0999960656255452,0.541941899461469,-0.347529234409548,0.256713583832209
0.162,20.012786281452,-0.0392789501912678,21.4326171723968,16.2387721846698,-3174.74109748866,2707.16140132705,162019.262683078,166590.221469358,6265726.65144435,-3850995.69534321,-544696544.527322,-1099733318.14418,-199978823889.863,191758722000.699,0.0413076859857646,0.1,0.413076859857646,-0.329199649371154,0.275017685397388
0.163,20.0326587875412,-0.0216590016252897,18.3399056318454,19.0285426398834,-3009.68808668828,2871.65082600913,167979.311258277,162221.318901943,5621040.69497209,-4854849.65248705,-744675368.417185,-907974596.143485,-199978050257.864,193108795178.704,0.0391881200756648,0.1,0.391881200756648,-0.309951606449238,0.29267335202654
0.164,20.0495220734082,-0.00116780626956862,15.415111346278,21.9804587606998,-2839.03070006268,3031.30143718527,173194.684593997,156944.666750581,4776376.30142597,-5666269.85104118,-944653418.675049,-714865800.964781,-199974151172.007,193541291366.102,0.0495358408239159,0.1,0.495358408239159,-0.290063838249906,0.309570435412183
0.165,20.0635467260511,0.0223542188711975,12.6634330242188,25.0892599797209,-2663.61360181071,3185.30188893065,177465.40516089,150953.220880952,3731735.80716492,-6284365.00632291,-1144627569.84706,-521324509.598678,-199964140073.974,193056193567.544,0.0635467260510545,0.0999814004668414,0.635585476441987,-0.269819479841896,0.325627031675713
0.166,20.0749080755146,0.0490610227407513,10.0891247217732,28.3489709718714,-2484.48143184705,3333.03408389823,180591.499826453,144440.369652091,2487126.16728088,-6709161.41913781,-1344591709.92103,-328268316.031134,-199931142972.745,190511582999.774,0.0749080755145961,0.0999112142154665,0.74974642338998,-0.249486690432331,0.340789206201292
0.167,20.0837851502514,0.0791003021301515,7.69529587011981,31.7530949567758,-2302.87879801957,3474.07309943738,182373.008281611,137598.826005437,1042568.88587348,-6942173.94366906,-1544522852.89377,-137756733.03136,-63594605230.7017,173173648166.03,0.0837851502513978,0.0997715543243862,0.839769920582655,-0.229302919053057,0.35502988025672
0.168,20.0903594327049,0.112613076609612,5.48371245264811,35.2948061434752,-2120.24457554572,3608.18509458415,182632.716640166,130616.635969947,-533751.269635648,-6993343.8526174,-1608117458.12448,35416915.1346697,199929879785.712,-48460279096.1972,0.0903594327049078,0.0995422876343613,0.907749207420428,-0.209464297354431,0.368346996828356
0.169,20.094813426293,0.149733453578216,3.45462993806578,38.9671350706047,-1938.13842370507,3735.30894226868,181328.228288099,123632.923861714,-2041903.78786727,-6982157.07703083,-1408187578.33876,-13043363.9615275,199962839955.126,13439272187.4651,0.0948134262929585,0.099201208983842,0.955768858708182,-0.190121017999597,0.380761124630637
0.17,20.0973291118541,0.190588557594024,1.60675830308135,42.7630963504785,-1758.05751345563,3855.44917366756,178615.557851055,116646.484981401,-3350109.94622847,-6988480.80489863,-1208224738.38364,395908.225937595,199972741393.552,-2350388632.85464,0.0973291118540516,0.0987243867947753,0.985866967767304,-0.171378312865848,0.392312488184695
0.171,20.0980864612813,0.235298528425501,-0.0625984593643744,46.6757040167455,-1581.31004916986,3968.60138629835,174694.664325866,109657.810399176,-4458348.31391533,-6989260.09098911,-1008251996.99009,-1954480.40691705,199976452016.196,1554562908.31109,0.0980864612813264,0.0980866400514366,0.999998177426506,-0.153301234701384,0.403056790406786
0.172,20.0972621296859,0.283976518203831,-1.55734457845306,50.6979693630796,-1409.00426864828,4074.76430567876,169765.519422125,102667.832161802,-5366612.08489731,-6990437.28994188,-808275544.973889,-399917.498605962,199976911390.468,-384064920.988567,0.0972621296859053,0.0972621579244126,0.999999709666041,-0.135921550759521,0.41305957319372
0.173,20.0950283471596,0.336728689753023,-2.88239253441121,54.8229024920939,-1242.04843548813,4173.93683653996,164028.099049973,95677.1309022902,-6074899.17417597,-6991029.23990097,-608298633.583421,-783982.419594529,199974013248.908,597897299.952512,0.0950283471596407,0.0962252719823787,0.987561221723985,-0.119245846590267,0.422389702755354
0.174,20.0915520105118,0.393654215553283,-4.04346308289634,59.0435126948615,-1081.15083688029,4266.11834707095,157682.379561213,88685.8093207294,-6583210.80113493,-6991514.27367059,-408324620.334513,-186085.119642017,199963564079.184,-28136162.1986798,0.0915520105117835,0.0949513895804373,0.964198743339358,-0.103264032936374,0.431112619098287
0.175,20.0869939749816,0.454845277075216,-5.04688527895902,63.3528086862259,-926.819785007861,4351.30836706832,150928.333710591,81694.1973151386,-6891553.63942985,-6991714.42687133,-208361056.255329,-214221.281840697,199898735549.997,299090893.409997,0.0869939749816169,0.0934180954362485,0.931232590167547,-0.0879574231732999,0.439284006692011
0.176,20.0815085459257,0.520387064321724,-5.89939650527271,67.7437988597805,-779.363625845713,4429.5066839286,143965.915998959,74702.4256261086,-6999965.32791018,-6991779.10270647,-8462320.70533238,84869.6115692996,17311817137.878,76747511.3639337,0.0815085459256615,0.0916064266276617,0.889768861489997,-0.0733056009430518,0.446944495161924
0.177,20.0752431702151,0.590357775604424,-6.60794404233848,72.2094914641808,-638.898381571779,4500.7132373461,136964.604813552,67710.7017494598,-6999771.74004658,-6991655.85933922,8849496.43254559,161617.122933233,-17929851181.4631,203017770.820264,0.0752431702151029,0.0895023242753209,0.840683980268992,-0.0592914276422587,0.454115892890369
0.178,20.0683383128078,0.664828617486871,-7.17952653081323,76.742894784851,-505.432934789311,4564.92814656115,129966.269513191,60719.1605349772,-6999887.16920476,-6991392.73333087,-9080354.74891753,364634.893753497,18431382395.2461,120329440.693296,0.0683383128077963,0.087098263035099,0.784611660742962,-0.0459038679910813,0.460799300101867
0.179,20.0609274391425,0.743863804900267,-7.62114320346074,81.3370172957532,-378.967354278914,4622.15167651567,122964.914063678,53727.970174,-6999751.83275606,-6990967.93371677,9351027.64632852,484964.334446793,-18962355159.0021,166735953.646214,0.0609274391424748,0.0843950572250599,0.721931368326429,-0.0331391584384702,0.466975261564428
0.18,20.0531370148095,0.827520561409916,-7.93979449440675,85.9848678176299,-259.501547725138,4672.38425049754,115966.677352219,46737.2725117761,-6999881.98268923,-6990399.6014055,-9611327.51267357,651700.288093007,19540733504.006,126569655.859004,0.0531370148094865,0.081403839973973,0.65275808643027,-0.0210010856884843,0.472605918372313
0.181,20.0450865056061,0.91584911963717,-8.14247958808543,90.6794556659921,-147.035599054953,4715.62643709906,108965.246494691,39747.2198554573,-6999722.9434499,-6989684.61628948,9929405.9913324,778269.943952011,-20167170057.5188,118431746.737564,0.045086505606065,0.0781482092189098,0.576935876800043,-0.00950052349864791,0.477638924578255
0.182,20.0368883774925,1.00889272182815,-8.23619893871811,95.4137907989976,-41.5693994297411,4751.87894929269,101967.127059227,32757.9441127642,-6999877.12248733,-6988847.13047216,-10237764.0661864,896701.690689574,20830074905.3256,62892129.4541122,0.0368883774924811,0.0746665317219558,0.494041662867729,0.00134571310421383,0.482012725563246
0.183,20.0286480966573,1.10668762056474,-8.22795167379487,100.180883950378,56.8969506940186,4781.142621911,94965.6027338572,25769.555815159,-6999699.84910085,-6987918.98271674,10592310.8391392,959593.820143687,-21534938681.5063,-1166432.92144063,0.0286480966573031,0.0710143935412789,0.403412536933807,0.011516578355889,0.48566266764421
0.184,20.0204641294635,1.20926307959674,-8.12473827648697,104.973746737006,148.363571599353,4803.4183781185,87967.609883729,18782.1164349468,-6999875.00760246,-6986959.97211306,-10942627.8423671,958427.387222246,22248466041.0337,-86034117.7105574,0.0204641294635053,0.0672671826045348,0.304221593221978,0.0209888952478743,0.488527334024153
0.185,20.0124279425194,1.31664137476008,-7.9335578163193,109.785391719231,232.830347227392,4818.70717072054,80965.9716398788,11795.6213375078,-6999693.40242431,-6986044.56178469,11305838.1986666,872393.269511688,-22976325383.7202,-159485717.212079,0.0124279425193841,0.0635227862163562,0.195645425203091,0.0297396373949639,0.490554487591025
0.186,20.0046240026137,1.42883779492342,-7.66141081923182,114.608832394881,310.297399125535,4827.00990853079,73968.1017689899,4809.98639140497,-6999875.7269175,-6985251.91137378,-11670487.1850537,712907.552299609,23696076762.6567,-199465741.646046,0.00462400261369922,0.0599043835116695,0.0771897203949766,0.0377481663706927,0.491706046830817
0.187,19.9971297767852,1.54586064289047,-7.31529630397927,119.437083115998,380.7646052864,4828.32737947336,66966.340144607,-2174.94231048293,-6999698.17572123,-6984638.7366923,12025589.577603,513441.810653563,-24408883333.3911,-186712450.89196,0.00287022321483832,0.0565633100673039,0.050743551100936,0.0449982101898574,0.491961622192001
0.188,19.9900157322527,1.66771123618323,-6.90221484732432,124.263158937697,444.23208357127,4822.66019558848,59968.5866164523,-9159.35544501172,-6999877.02781032,-6984218.6511071,-12383293.7557881,326729.359761603,25126515581.2355,-124558611.244922,0.00998426774726013,0.0536819691311592,0.185989223362242,0.0514793909169979,0.491320286153478
0.189,19.9833453364818,1.79438390765292,-6.42916542319907,129.080075431697,500.699714729674,4810.00878008287,52966.705694361,-16143.4314912075,-6999697.06377549,-6983954.20105296,12743221.8254474,202170.748516681,-25843945059.8028,-30332265.8663731,0.0166546635181994,0.0514767612473042,0.323537517020297,0.0571881612517664,0.489800426352682
0.19,19.9771750571165,1.92586600590629,-5.90314865619814,133.880848511839,550.167618931408,4790.37340392242,45969.0729173216,-23127.2896622638,-6999875.81447994,-6983767.19643737,-13100723.2343554,171838.482650307,26613648524.5119,76481653.1580947,0.0228249428834957,0.05020100147497,0.454671066569779,0.0621280635959169,0.487437719879836
0.191,19.9715543620482,2.06213789558305,-5.33116347086022,138.658494317528,592.635679389639,4763.75426248842,38967.0823493119,-30110.9581925177,-6999669.71345204,-6983557.11712814,13512925.2901565,248320.135808402,-27424627140.3801,188794181.527298,0.0284456379517763,0.05,0.568912759035527,0.0663092976382901,0.484281449598541
0.192,19.9665257193524,2.20317295755958,-4.72021052741484,143.406029186654,628.104036343642,4730.15157499045,31969.5983273149,-37094.359683881,-6999869.10173207,-6983214.39990157,-13911701.8502237,437114.317335699,28404793076.3378,297010296.339621,0.0334742806476029,0.05,0.669485612952059,0.0697476443963067,0.48038954225647
0.193,19.9621245973718,2.34893758917723,-4.07728867970546,148.116469733424,656.572565036161,4689.56569333443,24967.5075068371,-44077.3060249078,-6999578.40704413,-6982628.78043606,14493091.2261141,734124.61367532,-29536746274.8423,509311581.98705,0.0378754026281527,0.05,0.757508052563054,0.0724628622791288,0.47582282796976
0.194,19.9583794646566,2.49939120460361,-3.40939859957781,152.782833037115,678.041468156919,4641.99721649472,17970.2528543602,-51059.4828577734,-6999853.68895543,-6981640.00003139,-15043655.0487281,1243436.19566237,31282081975.7138,255017595.071541,0.0416205353434371,0.05,0.832410706868743,0.0744767148017341,0.470639090263867
0.195,19.9553117900907,2.65448623544421,-2.72353901341015,157.398136959449,692.510590311042,4587.44713150203,10968.0910182097,-58040.4586367744,-6999256.3030163,-6980269.05503819,16238426.9269857,1498453.79073391,-33614977314.8925,3049573633.96924,0.0446882099092782,0.05,0.893764198185565,0.0758108297897469,0.4648874892093
0.196,19.9529360428406,2.81416813173182,-2.02671052383086,161.955400571306,699.980358958176,4525.91691514561,3971.35143243772,-65019.4702026449,-6999825.36474676,-6977245.81443047,-17376550.3879068,4548027.42470314,68334372458.1186,-3740804781.58027,0.0470639571594091,0.05,0.941279143188183,0.0764845966883207,0.458603896716633
0.197,19.9512596926789,2.97837536349646,-1.32591128128708,166.447645035375,700.451748882029,4457.40942417345,-3025.77314542664,-71995.0654708267,-6983034.72890561,-6974568.18939656,50957822.0702118,807222.643122874,-135415425586.585,-14698837580.2226,0.0487403073211397,0.05,0.974806146422793,0.076513311619388,0.451807588338623
0.198,19.9502832122533,3.14703942344565,-0.628135263318546,170.867894409926,693.937309033095,4381.92659669347,-10005.8982008949,-78971.679855165,-6999784.61962869,-6981110.38554355,-84457603.5163737,-13891614.9370997,171044677212.695,121854155446.239,0.0497167877467177,0.05,0.994335754934355,0.0759067627102117,0.444499601574182
0.199,19.9500000858708,3.32008482838116,0.0596303721496601,175.209172084928,680.424569116683,4299.46712363285,-17019.4041760797,-85939.4270222694,-6998719.88453872,-6934074.92275753,86587073.6963211,107962540.509139,199095882906.741,164870945716.882,0.0499999141291632,0.05,0.999998282583263,0.0746684320614153,0.436662876418784
0.2,19.9503968013449,3.49742912299895,0.730384052791308,179.46451968826,659.928531839071,4210.0855225287,-23941.6478766191,-92792.0421838195,-6812584.86938902,-6743676.90938995,285682956.603062,272833486.22602,199305675769.384,169743008477.087,0.0496031986550669,0.05,0.992063973101338,0.0727951564133111,0.428264178250929
0.201,19.9514528781888,3.67898294163094,1.37721989421766,183.627098026132,632.636509757015,4113.97418676324,-30578.1736550784,-99371.0118486836,-6427249.07490127,-6385971.91892538,484988632.372446,442576494.703108,199111632440.742,162134622487.825,0.0485471218111968,0.05,0.970942436223936,0.070277793859626,0.419258134673947
0.202,19.9531410564917,3.86465020274631,1.99351797609127,187.690342170127,598.933839321233,4011.49070731348,-36729.7431417199,-105508.673083176,-5842704.62630845,-5862328.11297836,684100264.813187,604711117.190933,198164995930.512,125198466327.227,0.0468589435083082,0.05,0.937178870166164,0.0671040271046652,0.409593694366441
0.203,19.9554276822936,4.05432846644072,2.57314331528993,191.64812772583,559.405017451992,3903.15687196278,-42197.3701363001,-111047.779226504,-5059521.86353001,-5195017.76262381,882265260.743699,729909583.51816,-161393777332.013,-81344964272.8202,0.0445723177063755,0.05,0.89144635412751,0.0632633520287855,0.399222643149559
0.204,19.9582732915373,4.24790945414985,3.11064181013424,195.494924606911,514.818205853329,3789.6298460787,-46842.6583323469,-115891.399691415,-4257953.49145231,-4505780.66124206,720871483.411686,648564619.24534,-197500947676.53,-152583725801.683,0.0417267084627433,0.05,0.834534169254866,0.0587537591722887,0.388109315533447
0.205,19.9616333636588,4.44527969589844,3.60135741837673,199.225883541695,465.958486816338,3671.58729250463,-50773.0929067061,-120098.328664001,-3635832.48187889,-3933507.90489757,523370535.735156,495980893.443657,-198018595784.92,-166642652544.857,0.0383666363411805,0.05,0.767332726823611,0.0535891541825402,0.376240203866201
0.206,19.9654590907318,4.64632119670384,4.04134354361009,202.836785362399,413.44645531649,3549.59792992657,-54180.2432200149,-123811.619897601,-3211471.2440362,-3520848.33772634,325351939.950235,329338240.898799,-197106905744.511,-169954273052.454,0.0345409092681734,0.05,0.690818185363469,0.0478052865132564,0.363631476918645
0.207,19.9696979960888,4.85091200156765,4.42717654588252,206.323902980461,357.706489010043,3424.07369413887,-57261.8896450334,-127196.124827053,-2984672.75695822,-3276487.23335377,128245034.205724,159383967.846345,112571996530.275,-167576036894.245,0.0303020039112347,0.05,0.606040078224694,0.0414620147227304,0.350332530805514
0.208,19.9742943590946,5.05892660661619,4.75576092625361,209.683837775513,298.978327658753,3295.25890735491,-60163.6778854671,-130420.849415966,-2800141.72448735,-3200891.28395454,240817030.735999,-8192069.04790029,197736521764.573,-157477986250.595,0.0257056409054286,0.05,0.514112818108572,0.0346413126790416,0.336424766700177
0.209,19.9791894675139,5.27023620337969,5.02420240652951,212.913351122626,237.462954104572,3163.22968536937,-62810.4550076256,-133652.083065487,-2460456.43286907,-3287822.34612774,438553552.500572,-165670055.298495,198786984361.827,-123065044070.03,0.0208105324861236,0.05,0.416210649722473,0.0274414735854353,0.322015647390455
0.21,19.9843218344,5.48470875545372,5.22986998668102,216.009198867611,173.503645930277,3027.90095174477,-65018.5035001841,-137043.251279942,-1922509.38818758,-3515024.92346125,637340536.862399,-288735099.368525,199037249648.906,45203510307.4914,0.015678165600022,0.05,0.31356331200044,0.0199694559593124,0.307228662490869
0.211,19.9896275452754,5.7022089154526,5.37057217712929,218.967980702295,107.638404377545,2889.05394896613,-66589.169744999,-140695.109834703,-1185650.22650073,-3781158.26767603,836377786.511306,-243531589.061034,198995116397.734,141560790852.572,0.0103724547245712,0.05,0.207449094491423,0.0123337502804048,0.292190306634084
0.212,19.9950407963039,5.92259781456333,5.44475489563032,221.786047935823,40.6040972802308,2746.4335697657,-67323.4652255111,-144574.440431767,-249774.881790556,-3953909.46131078,1035372902.90904,-101970798.208461,198463775485.083,162220098883.972,0.00495920369611014,0.05,0.0991840739222027,0.00463904358090303,0.277015689579129
0.213,20.0004946311671,6.14573281817329,5.45170042555325,224.459532403513,-26.6634239117122,2599.87193864102,-67022.476359933,-148552.298609035,884829.908861024,-3974770.21007725,1233836678.39412,60249300.6755107,150437683817.248,169048835578.164,0.000494631167082815,0.05,0.0098926233416563,-0.0030167464658298,0.261795104836882
0.214,20.0059218768268,6.37146736295113,5.39172589862201,226.984469650276,-93.0315776339899,2449.34934017855,-65495.655164572,-152468.769362845,2193885.42916377,-3829996.49161266,1384274362.21137,229298136.253675,-198791171990.457,170383569128.224,0.00592187682677903,0.05,0.118437536535581,-0.0105428072981173,0.24658397303798
0.215,20.0112562736655,6.59965093837421,5.26636816248259,229.356957246977,-157.207860655778,2295.01088824132,-62642.764416301,-156155.719524809,3478764.20537991,-3515506.57079487,1185483190.22091,399681705.381899,-199429023647.584,167399636144.808,0.0112562736654667,0.05,0.225125473309333,-0.0178531813172077,0.231397708397188
0.216,20.0164337519874,6.83012923219579,5.07846644687729,231.573322406095,-217.921971980337,2137.17100403351,-58604.4967864186,-159443.485303556,4564532.88377703,-3032125.04734057,986054166.573329,567081341.526706,-199612535807.882,157504222935.048,0.0164337519874351,0.05,0.328675039748703,-0.0248626495300541,0.216212135652548
0.217,20.0213936881609,7.06274444479558,4.83204240413685,233.630291254227,-274.088177152764,1976.31253243917,-53580.2055753229,-162165.81897631,5450780.78244642,-2386291.59434634,786441630.765447,724585564.461754,-199678394992.419,125859626674.226,0.0213936881609413,0.05,0.427873763218827,-0.0314827948399658,0.200969395644077
0.218,20.0260799898345,7.29733577146373,4.53210369207482,235.525154401807,-324.820238664861,1813.07957607754,-47769.4837099924,-164168.84118398,6137383.21571565,-1598776.21654747,586763235.773028,850445191.13598,-199679452279.272,-31220420673.8992,0.0260799898344573,0.05,0.521599796689145,-0.0376200883774071,0.185588687232899
0.219,20.0304419821632,7.53374004460805,4.1844443932303,237.255918269636,-369.431556871545,1648.25178679961,-41371.9987851035,-165347.598208405,6624306.72534904,-763941.235748438,387083783.493756,819224770.462081,-199584066101.343,-140054514519.781,0.0304419821632393,0.05,0.608839643264787,-0.0431764326274615,0.169980662183799
0.22,20.0344350944062,7.77179250563952,3.79544535337753,238.821401901037,-407.435204332812,1482.6529198303,-34587.4141790245,-165725.269478009,6911598.47579213,-14743.7225462476,187499717.392413,679170255.9423,-198731963775.17,-163223892687.457,0.0344350944061773,0.05,0.688701888123546,-0.0480520840762683,0.154063732313963
0.221,20.0380213468581,8.01132761794096,3.37187453142303,240.221216667403,-438.543849819533,1317.02667253815,-27615.1878384987,-165427.632054699,6999732.21129695,582814.587052324,-11232246.3827576,515946363.254843,-31378231863.0237,-171464025488.103,0.0380213468581125,0.05,0.760426937162251,-0.0521506416997518,0.137779816420118
0.222,20.0411696384516,8.25217980501797,2.92068898022393,241.455646728576,-462.662351019774,1151.96929450312,-20626.3014557036,-164615.421623601,6972810.84898268,1013028.93756311,-42610478.2457813,344482337.76674,138816827833.268,-174484776036.621,0.0411696384516489,0.05,0.823392769032978,-0.0553855869669624,0.121106875371563
0.223,20.043855848911,8.49418404532808,2.44887499498811,242.525490049815,-479.803564762868,987.910530872264,-13651.6597078716,-163459.23231316,6999608.78465354,1270268.88731154,96206349.587487,169997561.73012,-193036482050.856,-174467563403.142,0.0438558489109511,0.05,0.877116978219021,-0.0576875840992587,0.104066390339933
0.224,20.0460628390309,8.73717630154014,1.96341460179596,243.431888305347,-489.947428873567,825.107496447906,-6636.12049543278,-162133.042572217,6999296.89321559,1353032.66734009,-96830132.4633688,-4470001.67302192,-199178031092.31,-171475339060.045,0.0460628390309239,0.05,0.921256780618478,-0.0590110070996502,0.0867249035921162
0.225,20.047780464452,8.9809937775209,1.4713099677511,244.176153170742,-493.108338362431,663.643080403286,281.564993035743,-160810.824128891,6802877.74520607,1262824.99613705,-296008163.555678,-175945340.733067,-199512153061.061,-163632596788.472,0.0477804644520177,0.05,0.955609289040353,-0.0593379479166109,0.0691894809519401
0.226,20.0490055478875,9.22547500135206,0.979462228567966,244.759592615253,-489.482982197096,503.427526524142,6903.1866309538,-159663.243902585,6407113.50511986,1005063.35700975,-495520316.616739,-339577937.521539,-199523758163.383,-143175916925.759,0.0490055478874964,0.05,0.980110957749929,-0.0586798843667532,0.0515975967502692
0.227,20.0497416817127,9.47045973603889,0.494476382559357,245.183340688172,-479.467139022942,344.204252313937,13029.2860180714,-158851.832167157,5811831.30942143,593897.461025327,-695044074.780122,-482753854.447298,-199361348982.586,-63159914181.1312,0.0497416817126819,0.05,0.994833634253638,-0.0570781190230899,0.0341025110470226
0.228,20.0499988321641,9.71578872418291,0.0224619035826642,245.448197366236,-463.656084752164,185.566278238461,18460.3683986057,-158509.838285719,5017106.56015001,79563.6494874642,-894405423.762708,-545913768.628429,-198497268672.112,105900764307.546,0.0499988321641176,0.05,0.999976643282352,-0.0546032412597136,0.0168556789429608
0.229,20.0497927440704,9.96130328529484,-0.431166733580067,245.554500122039,-442.844501363638,27.0096486812276,22997.1893687623,-158685.581393161,4023452.50205125,-413399.736987191,-1092902692.43482,-440013004.320883,197439972119.749,148472821314.184,0.0497927440704231,0.05,0.995854881408462,-0.0513536874718735,-1.18778325445786e-05
0.23,20.0491441467616,10.2068448219588,-0.8618859571214,245.502080983466,-418.009509527085,-131.949781713592,26507.0971866161,-159294.242162089,3029269.7956763,-779176.330650982,-895462720.315071,-291540183.006698,199284442632.038,161126562816.908,0.0491441467616127,0.05,0.982882935232254,-0.0474535444348383,-0.0164068645551786
0.231,20.0480777929334,10.4522543443396,-1.26617268999889,245.290343413163,-390.128717710906,-291.675488464724,29121.8496959069,-160192.334157107,2233449.29667725,-990153.232249226,-696178277.683033,-130413620.189791,199545385886.085,165067077398.963,0.0480777929334266,0.05,0.961555858668532,-0.043049508305812,-0.0322869416919711
0.232,20.0466214970622,10.6973721091723,-1.64139558586242,244.918402673739,-359.997858688529,-452.377757046429,31040.4674180569,-161220.183019885,1637043.71193726,-1038033.31373954,-496632891.796949,34653457.2091723,199627389559.011,164091340019.607,0.0466214970622438,0.05,0.932429941244877,-0.0383056843440958,-0.0476677172925573
0.233,20.0448053403071,10.9420374102023,-1.98561939969884,244.385244630953,-328.213323755238,-614.104344007815,32462.4659156889,-162213.54104835,1240224.51491982,-921334.186520559,-297005502.237938,198744797.22878,199641488365.329,157753815685.814,0.0448053403070787,0.05,0.896106806141574,-0.0333951384782967,-0.0626225419041087
0.234,20.0426610741347,11.1860885305575,-2.2974054979606,243.689889556371,-295.171928103781,-776.738854940901,33587.461260884,-163009.210533642,1043039.75686454,-643712.481448872,-97364013.8726091,356498612.914593,199601584106.601,140774573612.833,0.0426610741347488,0.05,0.853221482694977,-0.0284887496705622,-0.0772751139787993
0.235,20.0402217235088,11.4293628588296,-2.57561224896184,242.83155483798,-261.070857567439,-940.004639672548,34615.0859414966,-163451.211279698,1045476.53504523,-216826.581727863,102237570.233992,497273186.527426,199470732685.466,87763271804.3674,0.0402217235087896,0.05,0.804434470175792,-0.0237424729774929,-0.0917856876067792
0.236,20.0375213897026,11.6716971647106,-2.81919539531449,241.809809905981,-225.907682482852,-1103.4777285757,35744.9263837731,-163404.774056195,1247449.47162196,324328.240701747,301708302.919458,585036458.331794,199012706717.027,-61352555072.1725,0.0375213897025795,0.05,0.750427794051589,-0.0192842715490295,-0.106332344608483
0.237,20.0345952527215,11.912928019927,-3.02700847674168,240.624707710332,-189.480454450001,-1266.62538879161,37176.3987913076,-162798.153012173,1648664.12789993,878688.421497454,500721009.636485,523683903.259621,-108188973926.845,-128780895790.492,0.0345952527214592,0.05,0.691905054429185,-0.0152019930290611,-0.1210893532618
0.238,20.0314797728007,12.1528923227147,-3.19760599264076,239.276850440093,-151.400777967051,-1428.90228281315,39057.3919283713,-161679.086121677,2095290.65057299,1337981.87686183,392532035.70964,394903007.469129,-199039980818.184,-148045405326.765,0.0314797728007044,0.05,0.629595456014087,-0.0115333631166784,-0.136205161979989
0.239,20.0282130662828,12.3914278343335,-3.32911416270021,237.767346831779,-111.238612039976,-1589.85272938704,41315.7752666628,-160168.326975302,2388302.69587354,1658862.18166758,193492054.891456,246857602.142365,-199489223542.043,-153144254686.367,0.0282130662828308,0.05,0.564261325656616,-0.00825928464460552,-0.15178306344251
0.24,20.0248353196246,12.6283736310431,-3.41929043689879,236.097695425465,-68.7047488005421,-1749.15686334843,43767.5757860584,-158411.560035011,2482050.13899397,1829147.65646676,-5997168.65058694,93713347.4559975,-199622119354.958,-149573981720.448,0.024835319624632,0.05,0.496706392492641,-0.0053023789981391,-0.167867315561631
0.241,20.0213890745008,12.8635704228979,-3.46569963618282,234.269640298315,-23.7054650614017,-1906.6444629132,46213.3569875012,-156560.484701769,2376241.91066591,1848074.01306253,-205619288.005544,-55860634.2644501,-199669158110.751,-132658298838.928,0.0213890745008207,0.05,0.427781490016415,-0.00253246957506243,-0.184436473995769
0.242,20.0179193213775,13.096860723904,-3.46591261381201,232.285020172374,23.6534234518437,-2062.29574814327,48453.5110611459,-154762.450722312,2070788.04360499,1725884.22937862,-405288446.116295,-188518933.103378,-199670945095.729,-66974539581.6069,0.0179193213775406,0.05,0.358386427550812,0.000221004209696882,-0.201404644966248
0.243,20.0144733936887,13.3280888727083,-3.41770585443213,230.145622433165,73.066460837727,-2216.22946717889,50288.3763908435,-153141.988382749,1565664.12494083,1503878.02648443,-604959391.212024,-255493472.684985,-199628288921.437,94792187110.7145,0.0144733936887356,0.05,0.289467873774711,0.00315085998690879,-0.218630445558818
0.244,20.0111006623782,13.5571009174073,-3.31926113158853,227.853062762506,124.028524880467,-2368.65814911939,51518.2894386914,-151750.058394755,860890.589268085,1295780.64735481,-804587680.133461,-160701285.574271,-199503474378.481,147824614407.488,0.0111006623782046,0.05,0.222013247564092,0.00645016488372056,-0.235932571197314
0.245,20.0078520307791,13.7837444122758,-3.16936516723946,225.408740083615,175.834849022338,-2519.78094137913,51943.6356088297,-150509.990954453,-43448.8280546164,1208991.66898428,-1004091154.51194,-12876671.166783,-199080215435.039,164144297229.772,0.00785203077908392,0.05,0.157040615581678,0.010288536322907,-0.25310990782058
0.246,20.0047792298547,14.0078682273856,-2.96760923801729,222.813906476712,227.581116682412,-2669.68174326523,51364.9611676132,-149280.08023818,-1147080.09028408,1278187.14643238,-1203171369.94698,151267626.062989,-148420493240.315,170310718853.893,0.0047792298546625,0.05,0.0955845970932501,0.0147890778546143,-0.269963193310011
0.247,20.0019339139743,14.2293224677322,-2.71458818974397,220.069805446592,278.165825056007,-2818.29042237923,49591.5586434823,-147897.874158908,-2424461.70685121,1514610.13192232,-1351591863.18729,321578344.916882,199061399977.34,171581496433.697,0.00193391397427689,0.05,0.0386782794855378,0.0200081873466333,-0.286315162599607
0.248,19.9993665619508,14.4479585443488,-2.4120853198,217.177833351099,326.328181760531,-2965.37024585234,46524.4779050336,-146193.877938455,-3676522.87004984,1921979.22505605,-1152530463.20995,493159841.350579,199503822555.812,168400505700.321,0.000633438049192137,0.05,0.0126687609838427,0.0259202120340256,-0.30202682289651
0.249,19.9971252322858,14.6636294113567,-2.06315401246941,214.139708447812,370.830622479278,-3110.51392418364,42304.9404404715,-143997.252041773,-4729301.42198188,2499339.31925679,-953026640.654142,661560347.0509,199629490717.908,156697890054.314,0.00287476771424267,0.05,0.0574953542848533,0.0324088601160164,-0.317008188555143
0.25,19.9952543396891,14.8761899731702,-1.67199718253783,210.957641324991,410.620392330763,-3253.14471742919,37132.3972799488,-141141.016233982,-5582513.31727707,3239248.61133484,-753397149.936235,818258237.105214,199666000521.066,106762701473.482,0.00474566031091683,0.05,0.0949132062183367,0.0392677454595911,-0.331222459590555
0.251,19.9937936028299,15.0854976605695,-1.24377073811788,207.634500957996,444.844286177106,-3392.52528453875,31206.4630544572,-137474.844720516,-6236077.46695277,4110888.1991768,-553731149.415169,925020938.578696,199643306521.017,-108509111424.231,0.0062063971701285,0.05,0.12412794340257,0.0462113551310698,-0.344683331820541
0.252,19.9927771911383,15.2914131652559,-0.784383975095043,204.173961037427,472.848740444289,-3527.79503621623,24726.793897217,-132919.530903953,-6689986.96310743,4981654.58204338,-354087842.894151,816511827.154465,199515404426.288,-160545784394.188,0.00722280886168747,0.05,0.144456177233749,0.0528955132409421,-0.357445887317204
0.253,19.9922330712427,15.4938012896703,-0.300299926561081,200.580569194967,494.179839361321,-3658.09434393232,17893.0155800668,-127556.378039065,-6944317.10378844,5717893.51700075,-154572438.467863,655966042.760277,198672626848.256,-172543912170.629,0.00776692875732721,0.05,0.155338575146544,0.0589452375904532,-0.369592452725005
0.254,19.9921825530463,15.6925317957693,0.201664249493263,196.85967553832,508.583212342534,-3782.68963686876,10904.5243615192,-121539.258819379,-6999553.22883217,6287587.60367571,44100188.3803932,483422130.589647,-83534948001.0489,-175109259309.578,0.00781744695366271,0.05,0.156348939073254,0.0639871871076316,-0.381215995597068
0.255,19.9926400349262,15.8874801357142,0.714534273195033,193.017282886654,515.9918294982,-3901.01182775034,3913.0987355437,-115039.145026961,-6997220.5144523,6683455.10461057,-39434759.6206557,308312871.280069,77040814108.6168,-170023041634.685,0.00735996507384229,0.05,0.147199301476846,0.0676834813444627,-0.392403842085461
0.256,19.9936129255248,16.0785280203065,1.23131544753373,189.059876825085,516.402955550502,-4012.66494403985,-3090.99902303416,-108229.870660316,-6998134.86701865,6906756.45507329,37606054.4879611,138289829.645384,-71186452447.9223,-139162768360.053,0.00638707447524567,0.05,0.127741489504913,0.0697633649356567,-0.403223725128796
0.257,19.9951016359091,16.2655638150885,1.74500752146005,184.994252674178,509.816190667522,-4117.42418661637,-10082.1952715502,-101277.163085146,-6996122.03875465,6975464.90053865,-33580397.9599612,-872938.714668938,66394706600.2936,-11881710621.5043,0.00489836409087729,0.05,0.0979672818175459,0.0700486305389489,-0.413713589160997
0.258,19.9970995794673,16.4484827667628,2.24861574825797,180.827352348116,496.233104089709,-4215.21425781231,-17084.0417248514,-94304.1149390687,-6996505.08341446,6968651.10651323,32814308.6403324,-12754649.3361733,-57076542967.4142,15792381966.8358,0.00290042053266859,0.05,0.0580084106533718,0.0684697972872836,-0.423876070181646
0.259,19.9995931731005,16.6271870849056,2.73514163892969,176.566147074844,475.6539006853,-4306.0355149571,-24073.6524111069,-87339.2090935624,-6992229.04625784,6963792.64816047,-24262234.3270818,3037732.63066258,57418410635.8202,-523590409.458595,0.000406826899521207,0.05,0.00813653799042413,0.0650715232190156,-0.433677886310231
0.26,20.002561837949,16.8015859478707,3.19759280946205,172.217602709657,448.08248247912,-4389.89234325408,-31068.4428394223,-80373.9848441548,-6987782.07526701,6966568.5855864,33156176.3087384,2514142.22120399,29470064539.096,-1815779653.34067,0.00256183794903464,0.05,0.0512367589806928,0.0600068430616021,-0.443053466410848
0.261,20.0059780030856,16.9715954990367,3.6289780672668,167.78868455837,413.526902550805,-4466.78270043922,-38034.7351491118,-73406.4618174001,-6939890.86668872,6968174.83798094,62626240.8478343,698362.567863324,-33331792806.7648,-115877881.936063,0.00597800308557694,0.05,0.119560061711539,0.0535209643194285,-0.451911768126261
0.262,20.0098071167951,17.1371388481809,4.02233328542703,163.286360017628,372.031270850456,-4536.70496327211,-44948.8681941777,-66437.9571111155,-6893930.52224427,6968815.26160783,29294448.0410696,582484.685927261,-81426053840.6386,332526857.220093,0.00980711679506996,0.05,0.196142335901399,0.0459263739628704,-0.460145438696439
0.263,20.0140076871218,17.2981460730966,4.37074167581157,158.717597572052,323.63692705092,-4599.65840181636,-51841.7225013749,-59468.7951860219,-6905349.10112352,6969564.00972237,-52131605.799569,915011.543147353,-6552993949.41932,556101656.153219,0.0140076871218078,0.05,0.280153742436156,0.0375719957119013,-0.467641445600491
0.264,20.0185313188076,17.4545542204088,4.66730462333643,154.089366409403,268.333568356602,-4655.64223932469,-58774.2295710564,-52498.6809869186,-6960757.20389779,6970757.07209359,-58684599.7489883,1471113.19930057,66071717567.158,677793155.057805,0.0185313188076499,0.05,0.370626376152998,0.0288091524473972,-0.474292134737679
0.265,20.0233227040814,17.6063073063798,4.90508905611284,149.408636689375,206.071932405204,-4704.65526834865,-65753.3171219008,-45527.0753926995,-6986405.9448632,6972567.08187042,7387117.81816966,2148906.35435838,-30937904356.874,548645312.421497,0.0233227040814157,0.05,0.466454081628314,0.0199572713980114,-0.480005627413524
0.266,20.0283195791359,17.7533563181314,5.07711997894699,144.682380071954,136.825354417826,-4746.69567918913,-72741.1858252478,-38553.3424167665,-6994487.77922347,6974990.31088099,-23550786.5387043,2697551.66677987,47379104934.3941,233727897.372607,0.0283195791358892,0.05,0.566391582717785,0.0112727871500038,-0.484714548903157
0.267,20.0334526966936,17.8956592154541,5.17640840603209,139.917570334287,60.5849737012491,-4781.76106711985,-79739.5524802515,-31576.9643754026,-6994349.01329497,6977804.72649645,23828318.3956897,2931279.56415248,-53598925650.15,-97382963.2781351,0.033452696693633,0.05,0.669053933872661,0.00292471714234713,-0.488382258688483
0.268,20.038645816354,18.0331809331936,5.19595842484655,135.121183873759,-22.6500151878193,-4809.84864464304,-86730.9204886237,-24597.7102396179,-6997320.15772436,6980687.31457896,-29770607.2544603,2833896.60087435,61620265890.4231,-319901022.041176,0.0386458163540091,0.0500408298953397,0.772285680210276,-0.00502078165414154,-0.491006007625875
0.269,20.0438157029003,18.1658933840118,5.12877600244838,130.300199937295,-112.881990012102,-4830.95555223847,-93732.8559056602,-17615.6592935755,-6996280.63203361,6983361.26066882,31849658.6359628,2513995.57883317,-67495450722.3141,-412666949.991091,0.0438157029003392,0.0509749544580949,0.859553546759103,-0.0126055800347024,-0.492616755282478
0.27,20.0488721244251,18.2937754612235,4.96786230231846,125.461600550264,-210.110490267787,-4845.07912909691,-100724.460950163,-10631.1098129423,-6998178.6987588,6985668.92277265,-35645792.0863513,2101328.62884208,74611233290.7503,-413214855.154044,0.0488721244251025,0.05291947576369,0.923518680406796,-0.0199741728747034,-0.493275709822622
0.271,20.0537178522879,18.416813041444,4.70622235497807,120.612370228527,-314.336872731289,-4852.21707144431,-107728.027339416,-3644.45909499775,-6996518.87419978,6987563.64397392,38965441.204399,1688113.77368803,-81893470281.233,-373748866.715276,0.053717852287928,0.0556098138492775,0.965977919536336,-0.0273583422463515,-0.493067970526499
0.272,20.0582486602247,18.534998986889,4.33685632321251,115.759495588699,-425.560077495533,-4852.3674829379,-114718.712404728,3343.88631438523,-6998500.16813599,6989064.88331425,-42928029.076834,1314364.90697276,93307839602.9427,-313131513.683656,0.0582486602246703,0.0588192780356035,0.990298796075196,-0.0350535296680062,-0.492093929087855
0.273,20.0623533248914,18.6483331472722,3.85276946171737,110.909964945221,-543.781306829192,-4845.52885816818,-121723.125280801,10333.5561915673,-6994774.27741135,6990222.68246438,50379810.5261087,1001233.3932891,-109683743263.601,-269153809.718044,0.0623533248914221,0.0623561241517895,0.999955108493264,-0.0433892968250725,-0.490459294637529
0.274,20.0659136253307,18.7568223613149,3.24696198166246,106.070767941738,-668.99799276958,-4831.70003497789,-128710.990276827,17324.2346317601,-6999236.33851705,6991089.33895281,-59303932.7374925,732079.583571057,196689489044.812,-209821814.819863,0.0659136253307402,0.0660605935264318,0.997775251661449,-0.0526968468285028,-0.48826472985825
0.275,20.0688043446284,18.8604804579128,2.51244112244659,101.248895234387,-801.210289809078,-4810.88014240597,-135707.097000205,24315.6550402022,-6960195.52673213,6991716.50762897,137385556.30732,522257.768751195,198879349823.384,-200188387.78542,0.0688043446284397,0.069801965245688,0.985707843414767,-0.0632767698764865,-0.485596110747569
0.276,20.0708932741694,18.9593282570108,1.64222463327571,96.4513382256783,-940.366300340356,-4783.06855041017,-142565.45319048,31307.5993119842,-6723370.29551312,6992138.67120383,336264906.130704,322069.380965775,199147935996.68,-138520088.116067,0.070893274169439,0.0734756506231309,0.96485398316597,-0.0753701441772293,-0.482516349214694
0.277,20.0720412776821,19.0533935702361,0.629470715228089,91.6850888436345,-1086.2290966969,-4748.26483385603,-149087.499710262,38299.8759311972,-6287531.42138407,6992391.48054073,535412842.127383,183549.292849708,199169786407.125,-178859168.735872,0.0720412776820538,0.0770003561550275,0.935596681358339,-0.0891352034409491,-0.479059553970851
0.278,20.0721025286902,19.1427112013264,-0.532326084610868,86.9571393524816,-1238.36282790307,-4706.46873904548,-155074.129746181,45292.3293765229,-5652533.68605313,6992485.60024921,734582628.534508,4690.12411383639,199054679460.53,-78124900.1434291,0.0721025286902375,0.0803153384769353,0.89774294745634,-0.10463066746709,-0.47522806814668
0.279,20.0709249463791,19.2273229463844,-1.84913579993618,82.2744821919354,-1396.13250010921,-4657.68016934235,-160326.196338056,52284.8043010175,-4818423.71778836,6992451.22792325,933637307.995038,-73434.7760295927,198757877867.94,-205218684.635393,0.070924946379133,0.0833777720222788,0.850645737573579,-0.121807031010686,-0.47099263556971
0.28,20.0683508305851,19.3072775939769,-3.3261939109639,77.6441098285116,-1558.70402050992,-4601.89916021728,-164644.675088869,59277.1846084386,-3785407.47085935,6992275.18380491,1132395185.86298,-278653.460664985,198039892812.962,25481718.400607,0.0683508305851319,0.0861602472384307,0.793298914242726,-0.140506551994574,-0.466295640286393
0.281,20.0642176958711,19.3826309250986,-4.96780233679821,73.0730146283977,-1725.04441514104,-4539.12588339744,-167830.878317995,66269.3247124662,-2553992.33858989,6992009.27120344,1330435078.67594,-253171.742264378,195560813328.497,-310091297.188018,0.064217695871104,0.0886484143689787,0.724408849591066,-0.160471831962872,-0.461057065628721
0.282,20.0583593044559,19.453445713004,-6.77713079201963,68.5681887291021,-1893.92240208133,-4469.36060916513,-169687.059648359,73261.1557159157,-1125776.8532497,6991601.05381258,1525995892.00444,-563263.039452396,-143357661931.242,316929778.25789,0.0583593044559123,0.0908387849873101,0.642449196827819,-0.181362049068332,-0.455182559163842
0.283,20.0506068968964,19.5197917229336,-8.75602196488569,64.136623943809,-2063.92399074356,-4392.60373359408,-170073.731499262,80252.5279598383,328540.207789118,6991196.25566225,1382638230.07319,-246333.261194506,-194595182922.678,-675301000.370681,0.0506068968963973,0.0927367006936781,0.545705168696466,-0.202775179751453,-0.448572792465337
0.284,20.0407905922551,19.5817457117288,-10.9048720763778,59.7853116576794,-2233.61112056653,-4308.85567669949,-169086.304706923,87243.4884987032,1613880.84640097,6990612.27190088,1188043047.15052,-921634.261565187,-196379564514.185,1251024282.01996,0.0407905922551137,0.0943544756865389,0.432312213684773,-0.224274248994154,-0.441133189124267
0.285,20.0287408104403,19.6393914273991,-13.2227095038595,55.5212427992984,-2401.70066015759,-4218.11698354454,-166911.132264366,94233.8484575203,2703734.1112944,6990316.14978032,991663482.636332,329390.020454771,-196629126438.755,-2171623619.42097,0.0287408104403184,0.095709717316778,0.30029145677228,-0.245416439151035,-0.432783069487714
0.286,20.0142895527307,19.6928196086109,-15.7073754270617,51.3514077883019,-2567.10284099947,-4120.38801259811,-163744.337932826,101223.967365041,3597083.03071135,6989559.72799106,795034356.197577,-1842233.5989662,-196179105187.377,4486528911.5226,0.0142895527306948,0.09682382624423,0.147583020471124,-0.265783783528032,-0.423463330165254
0.287,19.9972714913914,19.7421279842767,-18.3557194315835,47.2827966466357,-2728.92430582029,-4015.6693854693,-159782.434241547,108213.353731051,4294027.83431524,6989960.75884786,598855251.0102,2644295.3125564,-194803472283.404,-8430327484.02176,0.00272850860858753,0.0977206754720024,0.0279215078631877,-0.285012916376439,-0.41314192784023
0.288,19.9775248630389,19.7874212730482,-21.163795954279,43.322398971418,-2886.46803374752,-3903.96096190658,-155221.446027108,115203.231582975,4795481.34918374,6988389.8904184,404051778.726796,-5786032.17146535,-191024871481.648,16598490630.9405,0.022475136961063,0.0984254653332637,0.22834676864329,-0.302821049120272,-0.401816663271093
0.289,19.9548921657403,19.828811183235,-24.1270602205316,39.4772042541873,-3039.23235650656,-3785.26380811332,-150255.776267141,122191.494872412,5104020.69216971,6990903.10356241,213026907.245148,10812458.4594752,-174396502477.393,-37318562078.1161,0.0451078342597135,0.0989637494989123,0.455801588845513,-0.319025693249161,-0.389515023337979
0.29,19.9292206609127,19.8664164121602,-27.2405623722395,35.7542014835586,-3186.90788446401,-3659.5766145528,-145074.308205095,129181.584444858,5229849.34817616,6983056.28098282,38630404.7677547,-26506103.6186409,136374263038.121,81865065505.7601,0.0707793390873377,0.0993606252190441,0.71234796410854,-0.333556279048195,-0.376291142809237
0.291,19.9003626839685,19.9003626464541,-30.4991330231956,32.1603790817296,-3329.35514733326,-3526.90450860699,-139802.414610695,136165.031851616,5336666.88446297,6997482.71011706,175004667.805876,55358961.8871192,170829791759.928,-191935486841.2,0.0996373160314619,0.0996400794168438,0.999972266326983,-0.346456602675109,-0.362220202823789
0.292,19.868175797026,19.93078255921,-33.8974912179107,28.7027240433278,-3466.4529431491,-3387.23950621862,-134349.773760369,143158.20479487,5597086.44814881,6956873.92858358,345834459.565804,-136576524.954081,159613495119.726,-197271252403.374,0.0692174407900197,0.0993769741187682,0.696513869574012,-0.357877652759719,-0.347390882442725
0.293,19.8325229240231,19.9578158116586,-37.430170460317,25.3882157838791,-3597.93988404651,-3240.63384684914,-128553.167833251,150013.911918909,6022727.65527448,6721661.77742781,505447954.68553,-333847777.357455,-87785799725.3937,-198114773601.591,0.042184188341384,0.0990068972464924,0.426073228376809,-0.368060268701755,-0.331896547923063
0.294,19.7932726131299,19.9816089898497,-41.0913628115545,22.2236936086718,-3723.40110446799,-3087.32300011997,-122292.347167254,156535.630678725,6484282.71009731,6288756.61326956,417662154.960136,-531962550.959046,-171571376443.439,-198356750236.432,0.0183910101502605,0.0985078263510598,0.186695928958162,-0.377308036843608,-0.315826729858934
0.295,19.750299441129,20.0023153685531,-44.8748134029928,19.2156627319142,-3842.38884872839,-2927.73991642437,-115627.828609084,162525.346558142,6816159.17683572,5657615.6871923,246090778.516697,-730319301.195478,-174406349752.68,-198348955984.975,0.00231536855314829,0.0978564726838587,0.0236608625842101,-0.385953041498105,-0.299260760708049
0.296,19.703484447812,20.0200944782571,-48.7738713391001,16.3700963418379,-3954.57484955055,-2762.515746446,-108717.691767949,167784.744435406,6975046.78047608,4828121.90800433,71684428.7640167,-928668257.180453,-105291508109.136,-198115313200.268,0.0200944782571142,0.0970288208244451,0.20709803629863,-0.394318981340991,-0.28226439914799
0.297,19.6527154605109,20.0351114740075,-52.7816404173159,13.6922373091226,-4059.79745766963,-2592.47997390417,-101724.351357776,172115.512995953,6994085.45518553,3800395.99422374,-33607079.3451189,-1126783570.38072,55430479742.3839,-197471023968.163,0.0351114740074863,0.0960008142068351,0.365741418940865,-0.402686631386885,-0.264889744556798
0.298,19.5978872585234,20.0475363059342,-56.8911353081295,11.1863998961415,-4158.02805787639,-2418.66028813217,-94737.8310289723,175319.605367658,6988193.6157116,2574876.91185894,21823400.397265,-1324254594.34888,-31696064678.0762,-195356473389.96,0.0475363059341944,0.0947491938897207,0.50170670570055,-0.411265468795624,-0.247178410336543
0.299,19.5389016108604,20.0575426916003,-61.0953669374099,8.85577175159976,-4249.26947553347,-2242.28209326069,-87744.0083905085,177199.795570111,6994168.98376983,1152944.08081508,-9872664.2808112,-1519611067.73884,17477003517.4388,-93077642460.6799,0.0575426916002506,0.0932524968782814,0.617063280089526,-0.420173819696001,-0.229167605385522
0.3,19.4756672765495,20.0653068908511,-65.3873429880273,6.70221762069608,-4333.51731666766,-2064.76297239657,-80751.8629049595,177577.421176647,6993034.82124774,-413205.808154102,7604339.23662761,-1612688710.19952,-12584061045.5594,195221243694.542,0.0653068908511187,0.0914922207130537,0.713797198736057,-0.429428484221584,-0.210898489212493
0.301,19.4081000076817,20.0710062928376,-69.7600705183636,4.72610892273392,-4410.771919108,-1887.65280135721,-73757.123257601,176390.407887342,6994347.12996158,-1928283.89650635,-4979721.80893176,-1417467466.50498,8448701487.16572,197545388351.882,0.0710062928376374,0.089454159447074,0.793772958982959,-0.438944340576353,-0.192425865030504
0.302,19.3361225497512,20.074817881878,-74.2065554116613,2.9262725297381,-4481.03234672502,-1712.45454893802,-66763.8578716294,173786.314488975,6993591.75889623,-3246978.66883539,3468979.67823395,-1219922078.1531,-6545504880.03607,198242983055.443,0.0748178818779834,0.087129913399789,0.858693403431807,-0.448543894638873,-0.173827601464982
0.303,19.259664642276,20.0769167463375,-78.7198039987007,1.30012079687136,-4544.29910328329,-1540.48678400553,-59769.622540374,169962.415278239,6993787.98613445,-4367779.25546076,-3076525.20180212,-1021679095.09765,4230483463.18409,198515259454.672,0.0769167463375453,0.0845185731211212,0.910057322280134,-0.457975693139088,-0.155211272754634
0.304,19.17866301851,20.0774747605825,-83.2928223748577,-0.156153658372767,-4600.57216831466,-1372.87026673506,-52776.6677362633,165116.882351805,6992826.70266424,-5290200.72083108,1153958.26138197,-823163835.642981,-3491227540.509,198574631364.355,0.0774747605825468,0.0816285755907525,0.94911322440525,-0.466939710006831,-0.136716142762861
0.305,19.0930614053122,20.0766594642623,-87.9186173869354,-1.44737982775662,-4649.85237584102,-1210.52740477331,-45783.8459257251,159448.195485047,6992235.04715536,-6014077.24079188,-2337269.27912703,-624589204.278626,1778245405.46196,198431203103.038,0.0766594642622636,0.0784797283075107,0.976805933398308,-0.475117139113788,-0.118510122119251
0.306,19.0028105224225,20.0746331399155,-92.5901963957989,-2.57920985195102,-4692.14041969449,-1054.18207814257,-38792.4831389751,153154.895509299,6990786.90057897,-6539450.84351899,-559023.873665065,-426158001.175588,-1667550678.13793,197869527490.328,0.0746331399155089,0.0751053943133393,0.993712110799123,-0.482201647538304,-0.10078204756836
0.307,18.9078680816788,20.0715520890868,-97.3005679631017,-3.55792049848352,-4727.4376720351,-904.359689824917,-31802.2536754459,146435.343919774,6989394.10136623,-6866674.08094941,-2226574.551803,-228288473.68526,608287288.737885,194797908046.775,0.0715520890867865,0.0715548285938983,0.999961714573765,-0.487929025806659,-0.0837300911617878
0.308,18.8081987857111,20.0675661068908,-102.042741950663,-4.39021485073254,-4755.74557441032,-761.387614445063,-24813.8714801408,139486.99191999,6987471.6704588,-6997563.60061128,-1618287.26306511,-33490565.6384851,-173050405.913279,73299584969.617,0.0675661068907729,0.067895653547216,0.995146277571157,-0.49210237541365,-0.0675474757142225
0.309,18.703774326459,20.0628181543224,-106.809729951072,-5.08302601442807,-4777.06598698021,-625.401931936944,-17827.2377950479,132484.899634055,6985766.85799277,-6994404.37376496,-1791337.66897839,39809019.3311319,845348946.756374,-63969761734.8299,0.0628181543223718,0.0642164584806481,0.978225143656939,-0.494610435890305,-0.0524069265484869
0.31,18.594573383368,20.057444216968,-111.594545330068,-5.64335010498249,-4791.40060467967,-496.410265059956,-10842.2257143985,125499.738142999,6984398.19479717,-6986580.23530124,-945988.722222018,-24160742.403698,795156599.396328,37879616626.5972,0.0574442169679621,0.060629505296161,0.947463065835034,-0.495437355723522,-0.0384454986005662
0.311,18.4805816217077,20.0515732870972,-116.390203014029,-6.07817562204429,-4798.75075582993,-374.406265507649,-3858.16798786251,118507.390805934,6983849.78437465,-6991801.16939164,-150832.12282569,13718874.2228992,738490596.889819,-20286781721.7741,0.0515732870972414,0.0572735197639989,0.900473505203698,-0.494663059223182,-0.0257518638796584
0.312,18.3617916912813,20.0453273683353,-121.189718879019,-6.39449308978063,-4799.11699329385,-259.393334089945,3125.72946221687,111519.067943367,6984068.19755027,-6988225.68602963,587658.474064128,-6567907.49887486,73500564.3831794,11416557399.1994,0.0453273683353359,0.0543165450168568,0.834503894186732,-0.492454288446325,-0.0143582448960057
0.313,18.2382032258684,20.0388214738749,-125.986108971117,-6.59929177270473,-4792.49912872725,-151.368997950951,10110.1037390982,104529.461063154,6984692.60630652,-6989085.3148289,661159.038447308,4848649.90032454,321507942.433951,-5905880361.03911,0.03882147387489,0.0519588311795868,0.747158336582096,-0.489047304697064,-0.00423800243209029
0.314,18.109822843385,20.0321636280004,-130.772388902313,-6.69956073486516,-4778.89655509567,-50.3335175152432,17095.180509581,97541.815759882,6985514.51931619,-6987189.6051091,982666.980881258,-1057230.46071457,-1523989021.29806,2407954096.80618,0.0321636280003581,0.0504357323902666,0.637715097532028,-0.484724036631924,0.00469105285901947
0.315,17.9766641464711,20.0254548663377,-135.54157358649,-6.7022879000863,-4758.30851704814,43.7146275684282,24080.9323642175,90554.4988652254,6985735.19178642,-6987042.85852141,-541322.040416797,1350723.63609161,2474294191.39537,-1740106865.99689,0.0254548663376681,0.05,0.509097326753363,-0.479784079792241,0.012557974294277
0.316,17.838747723186,20.0187892370499,-140.286677350093,-6.61446048844909,-4730.73470421278,130.775757620546,31066.8092773489,83567.841350711,6986431.0168417,-6986562.18831831,1932972.15097857,-389383.229905283,-9132679042.26978,-38949434.262358,0.0187892370498979,0.05,0.375784740997958,-0.47451532621646,0.0195255519499663
0.317,17.6961011473901,20.0122538013038,-145.000714240063,-6.44306525373345,-4696.17473779328,210.850251357,38052.6846670924,76581.0779792054,6983797.64947154,-6986971.04626535,-7199706.89129121,-428332.664167641,20752578792.5478,-481185638.016664,0.0122538013037534,0.05,0.245076026075068,-0.469166102328763,0.0257740605850677
0.318,17.5487589788556,20.0059286335607,-149.676698796297,-6.1950889804183,-4654.63048956181,283.937752374894,45036.3412262504,69593.8125690016,6986974.23197652,-6987639.97174853,13552871.9012566,-909518.302184305,-28915278064.4632,-156771990.749025,0.00592863356066786,0.05,0.118572671213357,-0.463921506133477,0.0314835079828833
0.319,17.3967627620681,19.9998868212657,-154.307646295798,-5.8775189676239,-4606.09960721084,350.037586839471,52025.2726811668,62605.6917094369,6986069.46484554,-6988627.87604608,-15362406.1632065,-1066290.29293333,-158019889662.187,302073833.213696,0.000113178734263641,0.05,0.00226357468527283,-0.458886203117566,0.0368161250905279
0.32,17.2401610275863,19.9941944641722,-158.88657087869,-5.49734334815386,-4550.59044436035,409.148799482246,58977.3242946537,55616.5810338832,6891697.11385124,-6989543.12942241,-173382295.825394,-764216.459719633,-173323896740.729,-282705586.972871,0.00580553582781107,0.05,0.116110716556221,-0.454075236179364,0.0419008005028983
0.321,17.0790092765079,19.9889106734162,-163.406532713346,-5.06155121620781,-4488.20339038711,461.270469802608,65753.4429444688,48626.6086786331,6631652.86965549,-6990448.69867561,-346706192.566122,-1046922.0466925,-158698450841.647,1026190524.45082,0.0110893265837753,0.05,0.221786531675505,-0.449413833443843,0.0468209502611126
0.322,16.9133698742157,19.9840875705937,-167.860769875361,-4.57713255191916,-4419.19851780869,506.401722402834,72185.2929760343,41635.8075506882,6205597.45166854,-6990982.52546008,-505404643.407769,-20731.5222416837,117307359762.353,-1100485406.76917,0.0159124294062956,0.05,0.318248588125911,-0.444746838471391,0.0516069624681105
0.323,16.7433117904814,19.9797702869116,-172.242861561405,-4.05107809952975,-4343.9897724074,544.54198938198,78157.739332626,34644.6312452326,5758846.48814195,-6991553.49968571,-388097283.645416,-1121216.92901085,178304467331.36,2444203093.71245,0.0202297130883942,0.05,0.404594261767883,-0.4398573366395,0.0562338952487123
0.324,16.5689101972891,19.9759969625913,-176.546827341248,-3.49037907979078,-4263.0098633585,575.690758849677,83752.2545901671,27652.9245042646,5459901.43816221,-6991452.61506786,-209792816.314056,1322986.1647016,186291496502.383,-3307372623.25171,0.0240030374087041,0.05,0.480060748174083,-0.434492439254488,0.0606245881017441
0.325,16.3902460497317,19.9727987464076,-180.767058282676,-2.9020270732285,-4176.55486137295,599.848039736909,89138.3082029227,20661.5821535086,5343254.37009935,-6991783.31521478,-23501319.8116731,-1984386.45855012,187995712892.999,6403440287.52071,0.0272012535924162,0.05,0.544025071848324,-0.428392407844544,0.0646578152610088
0.326,16.2074057931039,19.9701997956193,-184.898152860144,-2.29301356895481,-4084.74100971691,617.013666311746,94501.1445319317,13669.8738851124,5413750.90673417,-6990565.98152957,164494393.081326,4419053.82897059,186119728475.557,-10345783639.5374,0.0298002043806953,0.05,0.596004087613906,-0.42131885301134,0.0681806274726323
0.327,16.0204812471319,19.9682172759447,-188.934732600846,-1.67032996211838,-3987.49781901075,627.188562640747,100028.162589952,6679.79313322409,5671305.16405327,-6991319.81952037,350614121.556883,-5926729.81056679,174002101670.483,26799360576.6629,0.0317827240553008,0.05,0.635654481106016,-0.413078781278369,0.0710236259775421
0.328,15.8295696764498,19.9668613622456,-192.871255062095,-1.04096674650001,-3884.56831806427,630.372824715933,105903.775165063,-310.023491105453,6108920.3364454,-6983846.8690426,524616223.227366,20872630.7660961,-149109832515.302,-60098080397.4723,0.033138637754405,0.05,0.662772755088099,-0.40354211406795,0.0730176527618591
0.329,15.6347740465609,19.9661352393377,-196.70183272276,-0.411912539132194,-3775.52885960347,626.571852475418,112250.151974369,-7293.45039149792,6558981.64341511,-6993023.27847524,375506390.712064,-39225449.6313762,-188114538267.904,140764262888.51,0.0338647606622828,0.05,0.677295213245657,-0.392651063707115,0.0740102502326273
0.33,15.4362034339259,19.9660351056424,-200.420129264291,0.209846622909518,-3659.9444705147,615.781218047364,118965.534390096,-14282.6256843074,6840430.76499322,-6961866.59666236,187391852.44416,101538813.257134,-193472471540.163,181225182671.196,0.0339648943575845,0.05,0.679297887151691,-0.380420862386746,0.0738803183593231
0.331,15.2339734463262,19.9665501734568,-204.019444700093,0.817331958009025,-3537.53555011969,598.042133249546,125867.415669388,-21163.5186772294,6931086.3816673,-6769715.19206963,-6080619.09600315,282763995.92833,-195472784756.99,183249654015.262,0.0334498265431797,0.05,0.668996530863595,-0.366933281135354,0.0725495059068045
0.332,15.0282065002268,19.9676627197678,-207.492893243613,1.40367735496823,-3408.21174939535,573.548519711187,132762.882944047,-27761.3102623323,6827269.3701928,-6395326.36913367,-201553403.852993,466013649.943591,-196366224945.031,175655464377.942,0.0323372802322446,0.05,0.646745604644892,-0.352325148581384,0.0699897940146071
0.333,14.8190319107728,19.969348282153,-210.833595707752,1.96230021285101,-3272.07700592622,542.674534183628,139456.647908156,-33894.3538957645,6527532.85386729,-5841484.98700111,-397919628.798024,641669114.321533,-196665962881.99,116822114810,0.0306517178469825,0.05,0.61303435693965,-0.336773480017106,0.0662275006557042
0.334,14.6065857877282,19.9715760326883,-214.034874686449,2.48708169898631,-3129.43110594438,505.971250234867,145752.443287144,-39395.5339731365,6031280.24362827,-5141404.81527457,-594585591.680013,758491229.131533,-196502756106.71,-154198305388.749,0.0284239673117384,0.05,0.568479346234767,-0.320478770746749,0.0613436810213455
0.335,14.3910107356382,19.9743093259714,-217.090450769299,2.97252860024739,-2980.77030774887,464.125004129557,151453.680275581,-44183.3928914101,5338443.27389491,-4460012.73883741,-791088347.786724,604292923.742784,-195650740722.042,-174229926466.669,0.0256906740285672,0.05,0.513813480571343,-0.303648118453482,0.0554708917708849
0.336,14.172455357566,19.9775063721349,-219.994639088802,3.41384229943054,-2826.78740600851,417.805060775749,156363.970918796,-48370.2974894539,4449529.55574716,-3942834.77832796,-986739088.508766,430062997.276115,-192533275621.529,-174987538175.579,0.0224936278651455,0.05,0.449872557302911,-0.286479824821943,0.0487862002946865
0.337,13.9510735623429,19.9811208943045,-222.742545639664,3.80682153339391,-2668.37114904641,367.52773191592,160288.042051018,-52127.2653588397,3366523.82942763,-3600265.55013964,-1179272364.13029,255075459.100536,-47261250381.6349,-159194469255.048,0.018879105695536,0.05,0.377582113910719,-0.269150956381066,0.0414997985501663
0.338,13.7270236761813,19.9851026437197,-225.330261210572,4.14769488989561,-2506.59835969346,313.636213255642,163057.052823317,-55626.5255909716,2163620.84010652,-3424787.32566662,-1226533614.51193,95880989.8454881,193347176312.599,108134515438.889,0.014897356280283,0.05,0.29794712560566,-0.251809029328954,0.0338391521111395
0.339,13.5004673721646,19.9893977438784,-227.755019934722,4.43295193863036,-2342.65586258683,256.317779771621,164639.631385553,-58985.3500024757,1033760.81375089,-3274839.07810169,-1033186438.19933,204015505.284377,196744488865.517,178921153356.163,0.0106022561216363,0.05,0.212045122432727,-0.23456844366097,0.0260300038245219
0.34,13.2715684989739,19.9939488893122,-230.015225098044,4.65924122854339,-2177.66335084706,195.736467862365,165189.589728349,-62128.3611357092,98946.6199843162,-2981362.99613923,-836441949.333813,382936658.64054,197797495864.679,188083969024.54,0.0060511106877783,0.05,0.121022213755566,-0.217511161546806,0.0182763693627602
0.341,13.0404919712259,19.9986955232767,-232.110310366359,4.82343414506573,-2012.55545323795,132.189084837069,164903.281622977,-64886.9084743574,-638596.581417157,-2504384.35298642,-638644453.469134,571020627.66508,198258626814.76,190987310051.813,0.00130447672325573,0.05,0.0260895344651146,-0.200689931828278,0.0107426928169281
0.342,12.8074028353583,20.0035741381539,-234.04054556958,4.92278776236052,-1848.06964987181,66.1531120954149,163978.405919294,-67073.9512951693,-1178111.72147891,-1837870.07029544,-440385826.654374,762007937.716893,198468856355.563,191692192689.06,0.00357413815389762,0.05,0.0714827630779524,-0.184132608240545,0.0035412686505268
0.343,12.5724655322159,20.0085187535188,-235.806839063948,4.95513093489565,-1684.74542791535,-1.70478573725387,162613.179427214,-68498.8686978247,-1519263.1199555,-980016.036234013,-241916970.29881,953700130.405953,198528071238.17,190585456968.586,0.00851875351880693,0.05,0.170375070376139,-0.167846921969816,-0.00327337815024197
0.344,12.3358433575917,20.0134615829609,-237.410539538142,4.91905470452102,-1522.9239275402,-70.5267713707542,161006.045833982,-68970.2704260277,-1661916.05463523,68976.8226562334,-43388899.0606404,1144285587.37454,198453998809.615,184854926595.714,0.0134615829609253,0.05,0.269231659218505,-0.151825226417144,-0.00970258613023315
0.345,12.0976981210983,20.0183338919012,-238.853237582862,4.81410351309822,-1362.74780230009,-139.264136832283,159355.510996285,-68298.3416552516,-1606077.95429106,1305689.87332863,155065099.748975,1329140513.97025,198198238928.857,-26269054249.7494,0.0183338919011788,0.05,0.366677838023577,-0.136048749332427,-0.0157943832194848
0.346,11.8581900035137,20.0230670457324,-240.136567196625,4.64096298236316,-1204.1612278377,-206.689204675803,157859.99863169,-66332.4597006461,-1351913.73507766,2621695.86017401,353263338.677832,1302871459.7205,197558351141.597,-188513059671.7,0.0230670457323576,0.05,0.461340914647153,-0.120490943439557,-0.0216280341669369
0.347,11.6174776125914,20.0275937285352,-241.262007378478,4.40159721251572,-1046.91007725248,-271.501525913894,156717.642957808,-63090.7469538904,-899871.220829026,3830310.79005866,550821689.819429,1114358400.0488,195491339286.351,-194344494887.587,0.0275937285351979,0.05,0.551874570703959,-0.10511962097986,-0.0272940840263049
0.348,11.3757182371485,20.0318492284729,-242.23068403279,4.09923351031911,-890.542420817643,-332.499488760034,156125.76447177,-58735.6477129553,-251303.861366422,4847496.94266367,746313029.105779,920013905.161215,84920619453.7381,-196111031685.62,0.031849228472943,0.05,0.636984569458861,-0.0898976815441354,-0.032872906835367
0.349,11.1330682987323,20.0357726323377,-243.0431736513,3.73821081351382,-734.414384412562,-388.666223643785,156261.770561532,-53460.8289896586,537469.477466226,5669455.33198207,831233648.559517,723902873.475595,-195424085913.262,-196755144861.66,0.0357726323377072,0.05,0.715452646754144,-0.0747823867808245,-0.0384153963086345
0.35,10.8896839905673,20.0393078418878,-243.699334565985,3.32378760759073,-577.753482841117,-439.179872619576,157182.286182292,-47462.2147450824,1270991.08306911,6294980.63302683,635809562.646255,527147728.613935,-197654973934.975,-196754750517.065,0.0393078418877977,0.05,0.786156837755954,-0.059723371323722,-0.0439284989492972
0.351,10.6457220342895,20.0424043956004,-244.198260228947,2.86194611590322,-419.837968480763,-483.41493720798,158738.239551029,-40936.4527061681,1807973.15874788,6723750.98638224,438154588.711281,330392978.09687,-198337160820.882,-195748380729.8,0.0424043956004425,0.05,0.84808791200885,-0.0446602764664705,-0.0493670955845759
0.352,10.4013403901576,20.0450180941433,-244.538411145161,2.35919571264413,-260.130980633943,-520.942605107138,160732.233810662,-34080.1299608591,2146959.16704872,6956269.7741142,239817427.890399,134644597.36707,-198623480275.86,-187196028638.67,0.0450180941433196,0.05,0.900361882866392,-0.0295218397050063,-0.0546329582647639
0.353,10.156698793407,20.0471114292384,-244.717809845165,1.8223764710769,-98.2935736467861,-551.529959249239,162965.997778277,-27087.7372261678,2287464.85480119,6997316.35716194,41193947.6145387,-52551431.2715998,-198733144785.672,86827429578.142,0.0471114292383632,0.05,0.942228584767264,-0.0142277476060394,-0.0595807988037194
0.354,9.91195909315292,20.0486538173445,-244.734239115475,1.25846739652638,65.8147416691274,-575.124179059139,165240.937416087,-20102.2253463786,2229292.23002289,6988178.64067941,-157539197.171133,34275998.3065422,-198723783737.107,-55313733160.7537,0.0486538173444586,0.05,0.973076346889172,0.00130673335277085,-0.0640307180818631
0.355,9.66728539286286,20.0496216636635,-244.585440576558,0.67445776845299,232.135788509709,-591.728907157675,167358.339416902,-13106.1276620727,1972391.1409832,6994797.77240558,-356262980.90824,-21037734.8542115,-198590008421.195,39392203957.6838,0.049621663663487,0.05,0.992433273269739,0.01716382357878,-0.067785516047633
0.356,9.42284399217541,20.0499983639531,-244.26931338569,0.0773410487890938,400.412671749933,-601.339500880855,169119.500732694,-6115.28338976796,1516833.15586436,6993456.1395302,-554852989.329435,18354469.1034724,-198255124739.624,-35201335865.2139,0.0499983639530583,0.05,0.999967279061167,0.0334146958111887,-0.0706500724312494
0.357,9.17880313001131,20.0497743075356,-243.784112929049,-0.52589004633831,570.18985293214,-603.956463845002,170325.864873104,881.483095003113,862852.604165117,6994209.94070107,-753108114.069059,-16846866.7617415,-197422783673.253,34700200093.6824,0.049774307535575,0.05,0.9954861507115,0.0501101888801786,-0.0724502718668285
0.358,8.93533252905496,20.0489468775044,-243.128649359607,-1.12824047976347,740.813400138995,-599.579237749105,170779.259622956,7873.05296900559,11033.0982594315,6994713.17398617,-950530897.742312,17853333.3319409,-194170545675.009,-39320790721.1794,0.0489468775043775,0.05,0.978937550087551,0.0672716832460979,-0.0730496764928564
0.359,8.6926027418743,20.0475204511218,-242.302485714349,-1.72271698928345,911.431664055387,-588.207491003831,170282.665514731,14870.1393445375,-1036583.07232038,6992906.11195752,-1144701443.41732,-21467457.3892385,183526406635.679,48242660382.104,0.0475204511217839,0.05,0.950409022435679,0.0848830264821289,-0.0723623235564106
0.36,8.45078429996099,20.0455064000028,-241.306131647888,-2.30232441871824,1081.01290139366,-569.84246640203,168704.319455142,21860.3521711974,-2089521.31241987,6995559.98475933,-961175036.781642,26775202.9928656,196396480798.291,-72039290307.1926,0.0455064000027505,0.05,0.91012800005501,0.102884293574819,-0.0703604552488724
0.361,8.21004669734997,20.0429230893476,-240.141153252642,-2.8600702670645,1248.52044753983,-544.482873341717,166166.943371131,28857.2932090687,-2952498.10880236,6986315.5425986,-764778555.983351,-45264087.314327,197840218699.71,111624722403.694,0.0429230893476031,0.05,0.858461786952063,0.121168275502965,-0.0670764994842764
0.362,7.97055736969253,20.039795878067,-238.810071633539,-3.38896106367554,1413.09192210634,-512.135315345801,162865.02935412,35839.5808284107,-3618356.55543586,6996863.81648612,-566938337.283641,66360635.0893669,198334155234.519,-129712047695.54,0.0397958780670464,0.05,0.795917561340929,0.139581569220978,-0.0625991626922508
0.363,7.73248083297772,20.036157114518,-237.316172225828,-3.88200876054499,1574.061547383,-472.791647171953,158996.259322581,42848.0062878256,-4086127.81510224,6998368.42772771,-368604182.049122,-63351412.6061731,198523212927.938,-197011845092.447,0.0361571145180086,0.05,0.723142290360173,0.157931700700782,-0.0570641396116092
0.364,7.49597801785084,20.0320461420654,-235.663307274233,-4.33221429124264,1730.96158056823,-426.46322406591,154758.916618609,49781.8637017348,-4355470.39068739,6836511.09257531,-170080969.121184,-260363257.69862,198545452792.166,-198760551646.305,0.0320461420653899,0.05,0.640922841307798,0.175999862298052,-0.0506402726922559
0.365,7.26120580190015,20.0275092755483,-233.855697579249,-4.73265966974925,1883.52268789051,-373.314780383823,150351.49665216,56455.0664068531,-4426278.63341249,6476767.55905354,28464483.6709825,-459123809.344925,198417762221.895,-199111170318.408,0.0275092755482795,0.05,0.550185510965591,0.193557978376844,-0.0435129445467444
0.366,7.02831674033213,20.0225996334288,-231.897734016637,-5.07668824508828,2031.67405671333,-313.706147131097,145972.51988762,62669.0868661811,-4298605.26863056,5918088.16454941,226882245.892877,-658234979.663333,198069333885.804,-199223639889.562,0.0225996334288112,0.05,0.451992668576224,0.210388389177748,-0.0358674731757679
0.367,6.79745899515439,20.017376777783,-229.793779030186,-5.35810258741335,2175.5433405632,-248.196022997581,141820.367297583,68224.8536009173,-3972688.35579478,5160241.3649413,424951579.77868,-857458619.552894,197209706017.352,-199229247379.893,0.0173767777829816,0.05,0.347535555659633,0.226304206652553,-0.0278745900686547
0.368,6.56877646280885,20.0119061555809,-227.54796827097,-5.57136353106919,2315.45640601726,-177.542259702759,138093.023016014,72923.1607815188,-3449131.92300742,4203168.12169845,622161285.796032,-1056687866.93279,194146086485.136,-199136336434.392,0.0119061555808599,0.05,0.238123111617199,0.241168353210725,-0.0196794514936293
0.369,6.34240909998522,20.0062583408298,-225.164012667494,-5.7117893704915,2451.93664603967,-102.701926852231,134987.329416986,76564.7955803451,-2729897.59396882,3046912.08654847,816307372.281168,-1255824203.36718,-166700588650.418,-198862106099.136,0.00625834082976695,0.05,0.125166816595339,0.254909445210686,-0.0113952119253851
0.37,6.11849344635428,20.0005080775084,-222.645004716043,-5.77575506406516,2585.68813203053,-24.8312651835939,132637.802077716,78950.6518808601,-1996940.51601286,1691656.83013172,649606783.63075,-1454686309.46632,-195303331339.129,-197902947099.533,0.000508077508385441,0.05,0.0101615501677088,0.267533003212769,-0.0031017284798286
0.371,5.89716331394088,19.9947331233422,-219.993305066971,-5.76089132162409,2717.4275940087,54.7145214379586,130933.114398295,79881.9817317421,-1444985.39805168,138019.047115642,454303452.291621,-1652589256.56585,-197256535145.505,160885554393.805,0.00526687665784209,0.05,0.105337533156842,0.279126660945033,0.00515054218367303
0.372,5.67855048816082,19.9890128951475,-217.210634461157,-5.66628032331848,2847.70571392772,134.396784715264,129682.404637198,79220.5204096405,-1089310.21333281,-1434127.4322533,257046917.146116,-1491703702.17204,-197869596112.886,198285493197.558,0.0109871048524539,0.05,0.219742097049078,0.289857432947378,0.0133319055391398
0.373,5.46278527677004,19.9834269447259,-214.298260035238,-5.49257280157892,2976.87806004461,212.659886020632,128688.63961642,77073.5887085007,-931198.094243133,-2826688.38782657,59177321.0332303,-1293418208.97448,-198068095397.787,199128793983.569,0.0165730552741259,0.05,0.331461105482518,0.299959814895896,0.0214212322366234
0.374,5.24999686528956,19.9780534191848,-211.257192039913,-5.24189946895409,3105.10271066344,288.112857866807,127754.01883346,73633.3793485175,-971054.820908796,-4020542.19980927,-138890774.364556,-1094289414.99092,-198022285786.689,199394462944.611,0.0219465808151753,0.05,0.438931616303506,0.309715585822732,0.0293929310432243
0.375,5.04031347504838,19.97296767201,-208.088381599605,-4.91768394555143,3232.33980269547,359.561892648877,126680.514911071,69098.9248517036,-1208956.7381667,-5015134.38332787,-336913060.151246,-894894952.046305,-197710305516.702,199502396945.303,0.0270323279900389,0.05,0.540646559800777,0.319427343069098,0.037205985237053
0.376,4.83386232331387,19.9682410693539,-204.792918717873,-4.52444407097695,3358.35144913137,426.012413750115,125270.149925243,63669.5933918434,-1644724.95107629,-5810278.13690153,-534623365.667948,-695392555.101002,-196883993177.89,199528418764.292,0.0317589306460917,0.05,0.635178612921834,0.329388417450361,0.0447965253960284
0.377,4.63076938542003,19.963939995476,-201.372230231278,-4.06759255217337,3482.70192918709,486.669282998439,123325.299292469,57544.8737138521,-2277790.31333319,-6405906.48262038,-731507358.845838,-495864136.33671,-194252543366.54,199463776477.523,0.0360600045240318,0.05,0.721200090480636,0.339852139455891,0.0520746551481935
0.378,4.43115895909628,19.9601250576096,-197.828277382408,-3.55323748220599,3604.75832157377,540.936870438945,120649.379875819,50924.2791258096,-3106423.94386229,-6802038.73071833,-925759902.212378,-296400359.859187,-139480155193.389,199097393255.856,0.0398749423903553,0.05,0.797498847807105,0.351003456177204,0.0589257882449475
0.379,4.23515303176192,19.9568504903308,-194.163751843884,-2.98798283619597,3723.69438448749,588.419025864138,117056.829288318,44007.2231140377,-4101923.92367136,-6998890.39394959,-1065240057.40577,-97302966.6033303,192590155639.634,193239818121.836,0.0431495096692487,0.05,0.862990193384974,0.362935638019544,0.0652163112647169
0.38,4.04287045705881,19.9541637593818,-190.382255478824,-2.3787291244656,3838.53073639423,628.918638279189,112454.383695217,36991.8878731401,-5070868.90325731,-6999573.451492,-872649901.766132,95936851.518506,195931743883.023,-161318527575.333,0.0458362406182324,0.05,0.916724812364649,0.375634338754279,0.0708029666583387
0.381,3.85442599105931,19.9521053638176,-186.488377423048,-1.73247848477734,3948.31240781018,662.42000729652,106979.845131724,30013.3964261448,-5845552.93308193,-6984295.86376116,-676718157.883109,-65381676.0568267,196665340366.023,100236387203.236,0.0478946361823844,0.05,0.957892723647689,0.38897095961899,0.0755449858327472
0.382,3.66992935088347,19.9507088061513,-182.487575909206,-1.05621771751165,4052.2648845049,688.934535360909,100828.710676428,23013.1157888891,-6423938.42078203,-6999559.34621637,-480052817.517086,34854711.1464098,196417770528.021,-67231049862.9032,0.0492911938487346,0.05,0.985823876974692,0.402707430092579,0.0793174614117042
0.383,3.4894844408099,19.9500005997695,-178.385985691152,-0.356942325459783,4149.80980124179,708.45087930147,94197.4821419757,16019.7786232688,-6805782.3530351,-6998320.16000141,-283635046.989064,-32376338.7164933,194185453532.848,62148013261.5182,0.0499994002304973,0.05,0.999988004609946,0.416513207188641,0.082023371107597
0.384,3.31318877393153,19.9500002610666,-174.190221645813,0.358351225345984,4240.56521075998,720.968691288837,87282.2465077015,9015.62829611938,-6992324.67325774,-6999622.49208714,-89449593.4562161,29771674.5450249,171275617039.731,-58506253159.9561,0.0499997389333622,0.05,0.999994778667244,0.429992959828744,0.0836025910448453
0.385,3.14113309007779,19.9507203077582,-169.907182999015,1.08266187996853,4324.34352314952,726.487032524122,80273.7429738889,2021.14059911142,-6996136.45819409,-6999103.94412209,81826023.5835152,-28734578.6149312,-123535480990.998,56324956510.8889,0.049279692241754,0.05,0.98559384483508,0.442722118885071,0.0840372669813803
0.386,2.97340116680214,19.9521662582207,-165.543866247166,1.80899223756872,4401.1276882532,725.006178927925,73297.9302806548,-4982.94314156632,-6976078.17510608,-6999676.04448158,-41709457.4074833,27590377.8959577,56511837202.2594,-54630590233.6718,0.0478337417793107,0.05,0.956674835586213,0.454286705287146,0.0833530169077062
0.387,2.8100697897818,19.9543366315581,-161.10725354043,2.53034102659594,4470.93298252995,716.52571988584,66310.4160163787,-11977.9290954722,-6989531.71391243,-6999400.96170246,14802379.7947761,-27040212.3377141,-16978748069.0276,53444856534.5346,0.0456633684419252,0.05,0.913267368838504,0.464323180015665,0.0816158967475718
0.388,2.65120876333792,19.9572229473303,-156.604329796568,3.23971053380538,4533.75039230484,701.045810476483,59325.4557010188,-18981.9426872544,-6983218.70815217,-6999718.7457729,-2176368.27425148,26404644.1968205,10131258432.8897,-52479285882.6202,0.0427770526697131,0.05,0.855541053394262,0.472553279180107,0.0789254672757694
0.389,2.49688090534194,19.9608097256044,-152.042080552452,3.9300994160134,4589.5842980595,678.566222553463,52342.8373518016,-25977.205658576,-6980329.44720997,-6999553.74451739,7954890.15863822,-26074641.6857997,6326597390.75353,51751967137.7208,0.0391902743955761,0.05,0.783805487911522,0.478809967776536,0.0754046914002308
0.39,2.34714204997276,19.965074486804,-147.427487839783,4.59450978826981,4638.43856011095,649.087050580978,45367.5397825694,-32981.17139608,-6969211.25835596,-6999752.40263433,14281487.5493918,25677325.4519211,14896394975.4025,-51139764204.7899,0.0349255131960469,0.05,0.698510263920937,0.483052325718989,0.071187679391675
0.391,2.20204105242556,19.9699877517422,-142.767526325792,5.22594027147617,4680.32449519539,612.608151714315,38407.9520004841,-39976.6084300225,-6947481.57331886,-6999644.95928481,29177882.5247943,-25462438.7528688,-127640586.970984,50657160340.4949,0.0300122482577905,0.05,0.600244965155809,0.485367999314011,0.0664065044056992
0.392,2.06161980043727,19.9755130415278,-138.06915455351,5.81739287269031,4715.26356407128,569.129587779872,31475.0380949965,-46980.541748627,-6918367.51108755,-6999778.81786743,29050241.9378233,25194721.5876261,-25866080754.0699,-50239985291.4951,0.0244869584722309,0.05,0.489739169444618,0.485963182219219,0.06117837973934
0.393,1.92591323544633,19.9816068775868,-133.339305536767,6.36186619090641,4743.28318236435,518.651262409855,24566.8846914188,-53976.0965365826,-6902250.30952677,-6999704.08892555,3184161.18375341,-25045263.703869,-29292282703.0097,49900212144.1306,0.0183931224132117,0.0502007486875765,0.366391396424802,0.485141283584952,0.0555944426641179
0.394,1.79494937837362,19.9882187815991,-128.584889398538,6.85236215998227,4764.39825208276,461.173218793699,17661.3444153668,-60980.006555336,-6913712.28969452,-6999799.24655735,-26108121.5192562,24854948.4402616,-5910200878.03706,-49599125313.0274,0.0117812184009303,0.0514689470448807,0.228899541905474,0.483272450759345,0.0497112141877796
0.395,1.6687493433614,19.995291275514,-123.812813896719,7.28187936458735,4778.59814274132,396.695388476269,10733.5930314329,-67975.6448485587,-6942775.51165279,-6999743.8607736,-32018322.3972933,-24744176.8727658,14283159205.8383,49347241480.712,0.00470872448603998,0.0536604231573734,0.0877504165822622,0.480756863358412,0.0435455333511265
0.396,1.54732732793893,20.002759881505,-119.030007301784,7.64341968688218,4785.8556067615,325.217803802907,3777.18888511581,-74979.5362575219,-6967652.25444716,-6999814.41690601,-17735163.191455,24603064.6079462,10764042864.3678,-49118128233.0602,0.00275988150498918,0.0565247416679592,0.0488260790505056,0.477985335096658,0.0370734143994555
0.397,1.43069058752032,20.0105531219823,-114.243425025221,7.92998170263014,4786.14646216064,246.740414259023,-3197.53694378302,-81975.2354968295,-6980005.39620643,-6999770.41641459,-6971120.32708722,-24515063.625114,2800474355.66346,48921648949.4181,0.0105531219822694,0.0598477365235158,0.176332850585299,0.475301166484184,0.0302328898320259
0.398,1.31883941191559,20.0185925195593,-109.460040932891,8.13456725695743,4779.4578773518,161.263246112088,-10180.5611544271,-88979.1098368984,-6985576.27935569,-6999824.655565,-4170645.97142376,24406585.3243041,1675753529.81168,-48737561765.2749,0.0185925195593306,0.0634486815389568,0.293032402066779,0.472967115413007,0.022930512325538
0.399,1.21176711206308,20.026792597064,-104.686837758642,8.25017492150319,4765.7839027731,68.7862609798881,-17167.9434645135,-95974.8541267621,-6988909.04856221,-6999786.85112333,-2494892.44161208,-24330976.4409708,968872724.907109,48575755425.0804,0.0267925970640448,0.0671774428193303,0.398833238355052,0.471140714329942,0.0150508379115587
0.4,1.10946001370793,20.0350608775139,-99.9308027416556,8.26980651528512,4745.12112933859,-30.6905177453665,-24157.938480509,-102978.710506868,-6990919.50464136,-6999829.94985176,-1526019.71670497,24244778.9841096,579774037.311055,-48418740179.5181,0.0350608775139349,0.0709116431679936,0.494430476401087,0.469860198909788,0.00646793026056212
0.401,1.01189745390763,20.0432978841271,-95.1989257935607,8.18646061067096,4717.4675009264,-137.167119878171,-31149.5243660025,-109974.487857258,-6992155.63733941,-6999794.54095741,-946245.679393914,-24173961.1954085,403397307.386647,48277248181.4835,0.0432978841271421,0.0745538665294333,0.580759739805693,0.469042244468931,-0.00294225787424914
0.402,0.919051778929999,20.0513971403041,-90.4981984501555,7.99313900950269,4682.82175784233,-250.643522447433,-38142.0858932971,-116978.323170783,-6992900.18436511,-6999829.87806207,-542848.372007267,24103286.9860751,293419272.137278,-48133820930.4836,0.0513971403040614,0.0780289280090416,0.658693405324058,0.468491568907154,-0.0132898417111392
0.403,0.830888342969492,20.0592451696396,-85.8356132387974,7.6828402903453,4641.18314360793,-371.119748918621,-45135.2085986361,-123974.12370884,-6993296.32310105,-6999793.50154124,-249429.099869989,-24030533.9444085,260018060.453085,48001408955.4258,0.0592451696395777,0.0812812323582486,0.728891134160633,0.467921314290051,-0.0246604669790207
0.404,0.747365507378668,20.0667214959099,-81.218163257102,7.2485662460615,4592.55125611031,-498.595774408516,-52128.5862999437,-130977.932242528,-6993415.74317069,-6999823.33100793,10588.9605830959,23970875.0110173,241905138.686564,-47859138152.3401,0.0667214959098636,0.0842722410849892,0.791737528880649,0.466982086912686,-0.0371072843889198
0.405,0.668434640260007,20.0736986430873,-76.6528418609751,6.68331546827019,4536.92597378299,-633.071617301469,-59121.956431111,-137973.746659056,-6993284.20164077,-6999782.02507308,252494.09926966,-23888263.1413228,286815201.1987,47451277715.3058,0.073698643087333,0.0869780655813706,0.847324467320852,0.465296721359277,-0.0506461851496461
0.406,0.594040116342178,20.0800421353318,-72.1466423998639,5.9800897473847,4474.30742928404,-774.54725921368,-66115.0665831686,-144977.564269414,-6992888.2999409,-6999944.64935675,539309.300468359,23563014.5739831,336569086.111137,199844280298.801,0.0800421353317589,0.0893872008858192,0.895454097885922,0.462497314683853,-0.0652547204517731
0.407,0.524119317113809,20.0856104973317,-67.7065579599788,5.13188969575603,4404.6960224595,-923.012541793664,-73107.6291336116,-151932.420031434,-6992180.70609737,-6876459.49463337,875878.386579495,223407294.872784,506332948.819209,199941975012.918,0.0856104973317109,0.0914984119439198,0.935650089579504,0.458260899620284,-0.0808747606675043
0.408,0.458602631227343,20.0902552743068,-63.3395810748228,4.13177584218463,4328.09247004977,-1078.33762610764,-80099.2875116909,-158663.852216128,-6991051.66123638,-6553081.21225412,1382211.3353987,423349269.885703,685910781.918791,199957907694.832,0.0902552743068412,0.093318781526389,0.967171590011797,0.45234030384678,-0.0974183997974575
0.409,0.397413455224946,20.0938211681212,-59.0527033604976,2.97303341563569,4244.49791565564,-1240.19912913876,-87089.5337487959,-164971.93247549,-6989326.49451002,-6029752.98852101,2068122.11731749,623307177.580534,1294620193.10487,199962108931.607,0.0938211681211811,0.0948619263284823,0.989028704691308,0.444587254106296,-0.114775552281393
0.41,0.340468194697079,20.0961463608824,-54.8529150025052,1.64937099891106,4153.91411728911,-1408.07372182438,-94077.6104122151,-170656.704857066,-6986611.06229615,-5306464.75647467,3362742.31042236,823269286.512142,1488215985.73915,199960947788.929,0.0961463608824111,0.0961463852351639,0.999999746711718,0.434965575662753,-0.13282178864188
0.411,0.287676266072779,20.0970630382719,-50.7472039730832,0.155120483093577,4056.3438238118,-1581.23811580577,-101062.292067358,-175518.208145653,-6982504.21199286,-4383214.99606806,4850958.29616151,1023230234.30107,6781623903.09007,199954427451.342,0.0970630382718731,0.0971941813121391,0.998650710994265,0.423553328746926,-0.151425525708888
0.412,0.238940099408425,20.096398112833,-46.7425547873703,-1.51456297173771,3951.79137069916,-1758.7690616426,-108041.240529553,-179356.482286662,-6974262.44174515,-3260007.54804132,11632582.1992516,1223184661.75241,5321904480.04926,199937519935.499,0.0963981128330431,0.098029556793893,0.983357631981546,0.410533815892262,-0.170453877840418
0.413,0.194155142943044,20.0939741472207,-42.8459458849694,-3.3635009769414,3840.26515945845,-1939.54335286299,-115008.799696118,-181971.574583838,-6959968.90730587,-1936854.12632116,16954486.6793008,1423122181.68791,-24255327749.2286,199881708946.276,0.0939741472206919,0.0986778782037224,0.952332467330523,0.396176481382743,-0.189776616665089
0.414,0.153209871613416,20.0896104774063,-39.0643446158677,-5.39429196367889,3721.77819041781,-2122.23783907517,-121964.333914709,-183163.554001157,-6955142.08450119,-413791.09016011,-7300841.06992773,1623003890.63419,-10544418134.0534,-93567146257.2612,0.0896104774062643,0.09916470677001,0.903652925774241,0.380809708367727,-0.20926787782676
0.415,0.1159857988307,20.0831245354178,-35.4047081748265,-7.60811369950044,3596.33462930324,-2305.34168660406,-128924.883822768,-182781.437670377,-6967715.13463814,1162429.22734544,-17845259.2039812,1529436744.37692,140168828795.744,-199884071151.298,0.0831245354178307,0.0995150275775774,0.83529631093184,0.364788254034743,-0.228805480991191
0.416,0.082357480214392,20.0743333482043,-31.8739968487693,-10.0045903059047,3463.92875407116,-2487.29533203967,-135878.160115542,-180887.604082701,-6915475.97944425,2591923.93614672,122323569.591763,1329552673.22563,177208115051.087,-199939857328.48,0.0743333482043198,0.0997526293366454,0.745176830912992,0.348458447591775,-0.24826818792561
0.417,0.0521925145032919,20.0630550810971,-28.4791531805362,-12.5818437208005,3324.62062689895,-2666.67371286948,-142702.939624348,-177664.227119496,-6704548.35232694,3821506.6807081,299531684.64285,1129612815.89715,186203898717.25,-199956917620.063,0.0630550810971258,0.0998996249969488,0.631184362294169,0.332124615890932,-0.267532471490295
0.418,0.0253516112114671,20.0491104581805,-25.2269874159888,-15.3366672285566,3178.62309354166,-2842.24724938421,-149226.688151234,-173311.240183776,-6311914.71832546,4851141.03779522,485735583.3601,929655898.277082,189629954421.429,-199963716998.526,0.049110458180543,0.0999761022626715,0.491221972742176,0.316020664368557,-0.286470745703973
0.419,0.00168880554228215,20.0323239917209,-22.1240078330769,-18.2647245052282,3026.32930520992,-3012.98630822092,-155264.130085476,-168028.598483009,-5731364.15775465,5680815.07757303,675365537.781529,729692181.278556,191079694793.965,-199965336742.84,0.032323991720876,0.0999998931078013,0.323240262727384,0.300290295826965,-0.304951870131653
0.42,-0.0189481479066093,20.0125250117988,-19.1762360877078,-21.3607495727146,2868.32001562248,-3178.06121569062,-160625.964858541,-162016.264870921,-4960458.77257614,6310524.59048017,866445232.575493,529726844.535716,191387359179.882,-199961897429.534,0.0227136133111965,0.1,0.227136133111965,0.284977989908576,-0.32284393724191
0.421,-0.0367171941802384,19.9895484959826,-16.389018100864,-24.6187467611396,2705.36620338972,-3336.84226220461,-165121.303121633,-155474.203841078,-3998319.8604107,6740270.48630112,1057832591.75538,329764947.106181,190534682856.025,-199947159560.303,0.0367171941802384,0.0999959179981281,0.367186930379755,0.270031568669569,-0.340019044666335
0.422,-0.0517812069133522,19.963235699038,-13.7668332715315,-28.0321906728706,2538.42998471496,-3488.89970110966,-168558.95090569,-148602.375407817,-2845219.92722732,6970061.85362715,1248367274.6114,129817787.545878,187377605665.401,-199835864528.881,0.0517812069133522,0.0999499356207723,0.518071438383104,0.255315981533979,-0.356359563400422
0.423,-0.0643070262385334,19.9334345826755,-11.3131033888074,-31.5942261409329,2368.66429245832,-3634.0037357871,-170748.757594667,-141600.710637838,-1503163.84978321,6999961.70890858,1435744880.2768,-70018076.983003,173180435534.957,134282800113.05,0.0643070262385334,0.0998375260500446,0.644116784367221,0.240636837818003,-0.37176527351396
0.424,-0.0744643060341354,19.9000000458163,-9.03000273658106,-35.2978653701507,2197.41045960363,-3772.11054013331,-171505.18559839,-134613.377500735,19171.248261066,6997085.0319821,1608925315.81176,64264723.1300466,-156868217457.408,-122831279577.92,0.0744643060341354,0.0996375003264414,0.747352209661711,0.22577127228299,-0.386160657692345
0.425,-0.082424173749874,19.8627939815234,-6.9182759432489,-39.1361147640929,2026.17647767294,-3903.21978230085,-170707.696395132,-127604.631987118,1549662.45534412,6999934.11532319,1452057098.35435,-58566556.4478735,-188343185057.066,116179504813.098,0.082424173749874,0.09932633120271,0.829832057137585,0.210503018112422,-0.399501385576146
0.426,-0.0883577363288619,19.8216852807667,-4.97713610384508,-43.101971678812,1856.47777438916,-4027.32936751034,-168463.395921454,-120614.617899217,2907547.96116994,6999457.31128186,1263713913.29728,57612948.3652242,-193294962526.321,-114263486472.285,0.0883577363288619,0.0988785162791213,0.893598929816456,0.194657895735858,-0.411778199637117
0.427,-0.0924345793678502,19.7765498339333,-3.20435439213475,-47.1884403307096,1689.67071747707,-4144.43941557446,-164956.206830723,-113605.398028164,4074614.39320406,6999938.51641094,1070418950.77096,-56650538.107061,-195096692643.182,112780751008.401,0.0924345793678502,0.0982670866430371,0.940646380447057,0.178134828184408,-0.423017363257257
0.428,-0.0948214126775948,19.7272705310104,-1.59643970069033,-51.3885172094783,1526.92209197255,-4254.54958690281,-160378.899077574,-106614.987988972,5047484.99765343,6999678.35380808,875322258.127779,56130212.9013397,-195831925387.444,-111733744746.164,0.0948214126775948,0.0974642737492167,0.972883796595847,0.160927933710008,-0.433277660413559
0.429,-0.0956809038145735,19.6737372618087,-0.148830970928911,-55.6952062696723,1369.20466277327,-4357.66003625209,-154926.391605088,-99605.8668195043,5824891.29308748,6999941.69433634,679490332.740335,-55603531.8448244,-195943379640.114,110841145703.219,0.0956809038145735,0.0964423461103316,0.992104689211034,0.143137253931667,-0.442644269413698
0.43,-0.0951707054253036,19.6158469158979,1.14390799049303,-60.1015039755227,1217.29580089603,-4453.77058109867,-148794.41237557,-92615.2533668065,6406409.93600776,6999758.73534312,483546953.100221,55237613.8583941,-195326022919.174,-110104953285.953,0.0951707054253036,0.0951746259304122,0.999958807244364,0.124967159052822,-0.451220148044011
0.431,-0.0934426779110727,19.5535033827202,2.28789284026346,-64.6004141728229,1071.77704606303,-4542.88133653521,-142178.783300166,-85606.2266500818,6792293.87764839,6999943.87255854,288220930.181047,-54867339.4275586,-192607451201.856,109442850823.582,0.0934426779110727,0.0936366941719174,0.99792798899448,0.106712724508939,-0.459115795467087
0.432,-0.0906423078650854,19.4866175515338,3.28972294779934,-69.1849333394864,933.034421212914,-4624.9921756868,-135274.480199294,-78615.4759720998,6984211.08222851,6999797.95854277,95613478.9791907,54575511.3960234,-170391091455.808,-108856470143.308,0.0906423078650854,0.0918077906590298,0.987305186350982,0.0887355500700727,-0.46643840965932
0.433,-0.0869083218844597,19.415107311489,4.15628672806218,-73.8480652533238,801.260882505754,-4700.10319244732,-128270.860892818,-71606.5330028829,6994629.0154798,6999945.23486714,-74777612.4766169,-54280958.7472849,105392087429.85,108309944760.698,0.0869083218844597,0.0896724137495639,0.969175672321883,0.0714315093058644,-0.47328150044651
0.434,-0.0823724922258533,19.3388975515798,4.89457571415765,-78.5828064138572,676.47926452224,-4768.21428674486,-121296.055335672,-64615.6765899293,6972547.44671811,6999819.24850021,30614474.9532329,54028986.0134129,-35397238514.1595,-107804602348.344,0.0823724922258533,0.0872221218186375,0.944399087161992,0.0551937018165999,-0.479715964609011
0.435,-0.0771596021598891,19.2579201607028,5.5115700228793,-83.3821605495195,558.673110437481,-4829.32554073797,-114314.100191229,-57606.8102821471,6985463.30241426,6999945.93333945,-4782763.5609266,-53775616.3349315,4431186514.63282,107321360589.339,0.0771596021598891,0.0844575363555504,0.913590491617724,0.0403745856883814,-0.485783471425098
0.436,-0.0713874569045539,19.1721140276132,6.01425016474965,-88.239124184049,447.851129402971,-4883.43686893281,-107330.28973951,-50615.8652635436,6982896.13211065,6999830.99729918,-351577.046293787,53545744.254407,-1968297758.12694,-106861286904.843,0.0713874569045539,0.0813905438493765,0.877097676563822,0.0272520939028404,-0.491492774547501
0.437,-0.0651668786083841,19.0814250409745,6.40959993425336,-93.1467010065521,344.012147120935,-4930.54834696062,-100347.897445549,-43607.0716086013,6981560.40618529,6999946.09810117,-2319874.80442073,-53315542.6504358,-756869207.060531,106412906443.097,0.0651668786083841,0.078046690898312,0.83497298678929,0.0160035778463003,-0.496819271233538
0.438,-0.0586017063721778,18.9858060893172,6.70460162308385,-98.0978875663407,247.154611696462,-4970.65989757284,-93367.6231216333,-36616.0477974182,6978862.09677734,6999837.00867228,-3076744.01148126,53097363.7926612,-1848119069.55799,-105977075766.644,0.0586017063721778,0.0744677640944685,0.786940592144497,0.0066898113730571,-0.50170781233595
0.439,-0.0517887979560517,18.8852170610826,6.90623542330364,-103.085687519063,157.275829827587,-5003.77159301678,-86390.6074167066,-29607.3249528107,6974861.29323108,6999945.83458162,-4924863.08103925,-52879711.9739832,-2404179626.71635,105546126885.048,0.0517887979560517,0.0707145432824231,0.732364172235619,-0.000749481768068222,-0.506078448109946
0.44,-0.0448180324775628,18.7796248445832,7.02147820106762,-108.103097440687,74.3717320728315,-5029.88336058234,-79418.6092516205,-22616.2279530686,6968734.34033668,6999839.18605016,-7329042.7077556,52666414.9110646,-630679627.542686,-105120780412.147,0.0448180324775628,0.0668697137407284,0.67022916609654,-0.00648827920782082,-0.509834515202526
0.441,-0.0377723145433545,18.6690033280437,7.05730177360558,-113.143120956954,-1.56375779405645,-5048.99527123909,-72453.644545909,-15607.5756896316,6961089.95781515,6999945.21075515,-7959722.33529829,-52454365.5010826,-5453123832.83055,104695050701.922,0.0377723145433545,0.0630409197658841,0.599171374460112,-0.0107959567075266,-0.512872248020582
0.442,-0.0307275802845601,18.5533333995612,7.02067099810041,-118.198754671643,-70.5384111949401,-5061.10725442381,-65497.4433032336,-8616.40848650997,6950403.67356344,6999838.37060503,-13412846.1681288,52240685.2008396,-36629147127.08,-104269597694.58,0.0307275802845601,0.0593639390250872,0.51761356791999,-0.0140099521873192,-0.515090961381137
0.443,-0.0237528052951022,18.4326029471447,6.91854140175463,-123.2630021828,-132.564414350217,-5066.21938151072,-58559.8509106088,-1607.82803958696,6918676.25383177,6999944.25695857,-50041993.2952088,-52028912.4937407,-74787738024.9751,103841708364.084,0.0237528052951022,0.0560059539629651,0.424112145483839,-0.0165021689307478,-0.516402805932261
0.444,-0.0169100183183857,18.3068068586748,6.75784746634388,-128.328860123478,-187.676383621877,-5064.3315821694,-51678.6602764287,5383.40871251876,6831240.39152407,6999836.19864688,-124829731.320184,51812795.8703437,-89572586214.9491,-103411457155.741,0.0169100183183857,0.0531688934796324,0.318043450064716,-0.0186425018111649,-0.516741153584545
0.445,-0.0102543386835366,18.175947021943,6.54546434497202,-133.38933206482,-235.963960848856,-5055.44392870229,-44924.7635149339,12391.9160662415,6661624.36709641,6999943.26593935,-214402317.535133,-51598661.2853969,-82469569327.6481,102975733731.125,0.0102543386835366,0.0510928151156869,0.200700209223513,-0.0207632457199864,-0.516066813508808
0.446,-0.00383406811311995,18.0400323246105,6.28813865241724,-138.437414670092,-277.597082131886,-5039.55635012439,-38384.0852348264,19383.2226238267,6405987.26489745,6999832.47151951,-296871886.862781,51377072.4457279,-58233414387.64,-102535273097.105,0.00383406811311995,0.0500592950719703,0.0765905334385494,-0.0231281351580777,-0.514371502003394
0.447,0.00230913901201611,17.8990786542479,5.99240433727168,-143.466111483908,-312.83007877434,-5016.66892072244,-32136.2394824249,26391.6544193862,6079998.67084085,6999941.90741669,-355105301.250421,-51158200.6513767,-23062977144.1912,102083902013.59,0.00230913901201611,0.05,0.0461827802403223,-0.0259092028832533,-0.511678262113055
0.448,0.00814002261202208,17.7531088982924,5.66450448362224,-148.468419201329,-341.986464095601,-4986.78156822021,-26237.6372917333,33383.0312101461,5713361.88101833,6999825.6577721,-378168278.394612,50925701.3622132,9211427977.3542,-101622376458.476,0.00814002261202208,0.05,0.162800452240442,-0.0291736528405569,-0.508038831171039
0.449,0.0136293958421843,17.6021529440882,5.31033574761124,-153.437341341283,-365.430064683725,-4949.89437082997,-20711.824311916,40391.3826558563,5339799.3166124,6999940.17090508,-368956850.417258,-50696675.0962624,28963297594.4621,101143693779.43,0.0136293958421843,0.05,0.272587916843685,-0.0328817556125876,-0.503528249530517
0.45,0.0187537840439596,17.4462476788407,4.93542460548304,-158.365874633587,-383.532275341671,-4906.00725321393,-15551.6762042465,47382.8317715098,4985324.11499237,6999815.34269853,-339993552.822796,50447018.6831673,37147616737.161,-100648713675.979,0.0187537840439596,0.05,0.375075680879191,-0.0368955606298662,-0.498237270319651
0.451,0.0234950555058902,17.2854369896588,4.54493352255719,-163.247022571805,-396.646407263195,-4855.12029963103,-10730.1575962094,54391.0958379372,4663904.37053815,6999938.0045437,-302845936.085635,-50201694.9928117,37805953244.1249,100127682152.603,0.0234950555058902,0.05,0.469901110117803,-0.0409971333892769,-0.49226333502684
0.452,0.0278400693233573,17.1197717635046,4.14368705035992,-168.073781924523,-405.093511748764,-4797.23342975323,-6211.37520150668,61382.62094201,4379961.41107458,6999800.15062719,-265039982.84151,49925987.1597917,34176503007.2527,-99581709339.5887,0.0278400693233573,0.05,0.556801386467146,-0.0449141788426983,-0.485701011715216
0.453,0.0317803547258355,16.9493098872381,3.73620708605048,-172.839156160045,-409.157655554248,-4732.34673697594,-1958.23769801831,68390.7871346605,4132009.6797367,6999935.28311719,-230863479.834257,-49655722.179797,27965088066.5421,98995129360.5156,0.0317803547258355,0.05,0.635607094516711,-0.0483503265483673,-0.478632831588296
0.454,0.0353118268932073,16.7741162475617,3.32674959365792,-177.536142091602,-409.087200447035,-4660.46013335636,2063.00108981235,75382.3937449145,3915128.74393571,6999777.12561765,-202898391.767715,49339407.1807186,19154375785.879,-98369456664.4237,0.0353118268932073,0.05,0.706236537864146,-0.0510170246148318,-0.471121411488343
0.455,0.0384345381863044,16.5942627310677,2.91933812073326,-182.157743162502,-405.099653284891,-4581.57372654147,5879.87303382852,82390.4456646784,3721807.54006093,6999931.80446616,-183744015.981836,-49030049.4837051,6290611742.56194,97676886530.7839,0.0384345381863044,0.05,0.768690763726087,-0.0526639303730418,-0.463203611268994
0.456,0.0411524600120851,16.4098282241737,2.51779110164306,-186.696956239855,-397.389238374873,-4495.6874167792,9510.85700118896,89382.1419254912,3541208.82995038,6999740.19824784,-177453404.239274,48646837.0470789,-12403203117.6085,-96919492864.1871,0.0411524600120851,0.05,0.823049200241703,-0.0531049068321053,-0.454887270373981
0.457,0.0434732876917372,16.2208986131758,2.12573999598857,-191.146784743016,-386.137869326212,-4402.80133526061,12961.2719285001,96390.0522934519,3357553.8241523,6999927.28886283,-189856607.356882,-48272655.8171083,-36826765157.6923,96041820692.434,0.0434732876917372,0.05,0.869465753834743,-0.0522372252703277,-0.446150807316134
0.458,0.04540825722984,16.0275667841686,1.74663413734895,-195.500225608594,-371.530997702077,-4302.91536302283,16217.759654781,103381.850224522,3149283.83421657,6999675.54339194,-226683372.514575,47769164.8753257,-63119943888.9189,-95046673027.7804,0.04540825722984,0.05,0.908165144596801,-0.0500522989204439,-0.436945687010061
0.459,0.0469719580717455,15.8299326231061,1.38372692897325,-199.750282235588,-353.779006689936,-4196.02967377718,19243.1818120921,110389.56923818,2891040.48975754,6999921.37175337,-289803316.403493,-47277508.1524547,-85802097219.4783,93798978706.5793,0.0469719580717455,0.05,0.939439161434909,-0.0466371642423532,-0.427201478167511
0.46,0.0481821206201656,15.6281030156948,1.04003856311532,-203.889951659422,-333.142180273083,-4082.14411514703,21975.0202941114,117381.485018975,2558336.1247443,6999543.35295421,-375605413.622972,46521470.5541246,-101689530004.526,-92302480635.1051,0.0481821206201656,0.05,0.963642412403312,-0.0421668877811484,-0.416832978771015
0.461,0.0490593539225847,15.4221918474658,0.718293784705101,-207.912237272293,-309.95482988262,-3961.25895080985,24328.6054570434,124388.905360434,2131885.94611907,6999913.58319078,-477294943.627497,-45781010.0809805,-109938808033.942,90048492744.6196,0.0490593539225847,0.05,0.981187078451694,-0.0368889897278728,-0.405748687975588
0.462,0.0496268097583551,15.2123200036089,0.420837768429305,-211.810136275297,-284.644411393456,-3833.37396680564,26203.5207966764,131380.936520708,1599621.5984746,6999156.81948211,-587233751.661439,44267482.6636391,-109590888466.293,-87041828156.5951,0.0496268097583551,0.05,0.992536195167102,-0.0311017302504301,-0.393859786913018
0.463,0.0499097541796296,14.9986153690525,0.149536339703543,-215.576652128576,-257.743518376505,-3698.48970070425,27491.2603712426,138387.720110162,957592.402580015,6999903.38806745,-696824640.127732,-42774345.4929559,-96139935546.5951,56293403655.2928,0.0499097541796296,0.05,0.998195083592591,-0.0251286316433742,-0.381088744400402
0.464,0.0499350345961572,14.781212828078,-0.0943317852797126,-219.204782631813,-229.893605074642,-3556.60681239915,28084.4171311676,145375.618559426,212697.794678986,6985275.74440214,-792964575.674327,13519058.1623369,-51954724763.8513,2191249900.68873,0.0499350345961572,0.05,0.998700691923143,-0.0192918774187305,-0.367376721379819
0.465,0.0497304389267393,14.5602542624786,-0.310181205303017,-222.687536840754,-201.837164588946,-3407.73621148908,27891.9735172155,152368.019041226,-606244.143377267,6999890.42751482,-844919300.438178,15710308.0630256,50899899938.399,-31521439279.851,0.0497304389267393,0.05,0.994608778534786,-0.0138872236676912,-0.352689079199258
0.466,0.0493239555709222,14.3358885439512,-0.498208204628937,-226.0179220024,-174.387012197661,-3251.86694224273,26871.7530402755,159370.511049559,-1425713.49384625,6999840.01593792,-794019400.499779,-15811131.2168254,124461940797.808,-199730229997.81,0.0493239555709222,0.05,0.986479111418443,-0.00916275893318965,-0.337018520568308
0.467,0.0487429666370077,14.1082715414803,-0.659429006180948,-229.188939372331,-148.355266556859,-3089.00746846665,25069.773502979,166329.157128222,-2157501.92394712,6884163.76972218,-669557459.701971,-215541361.214636,154252390316.331,-199860618162.849,0.0487429666370077,0.05,0.974859332740154,-0.00530321472452963,-0.32038538625958
0.468,0.0480134430318126,13.8775661046664,-0.795635582431211,-232.193645548001,-124.469409742874,-2919.28048053953,22603.2015809003,173072.24011431,-2749933.18849092,6568692.09942612,-515305069.385641,-415401979.377484,168049152925.749,-199873575769.629,0.0480134430318126,0.05,0.960268860636251,-0.00242061596213902,-0.302835494518936
0.469,0.0471592213034166,13.6439419342077,-0.909281784216666,-235.025314100495,-103.320056886411,-2743.00145610439,19623.6240498709,179399.918961419,-3181213.68141369,6053353.33216382,-347255916.459892,-615275555.147113,175243889826.331,-199847087541.106,0.0471592213034166,0.05,0.943184426068332,-0.000551324845951531,-0.284436627836094
0.47,0.0462014148937899,13.4075752661838,-1.00333323998915,-237.677634006771,-85.3376138345812,-2560.68573336473,16297.9897251983,185112.326668086,-3440847.65296042,5338154.23324616,-172012026.633561,-815122642.688219,179114864143.706,-199729604356.06,0.0462014148937899,0.05,0.924028297875799,0.000340826022803607,-0.265274738324979
0.471,0.0451579846251892,13.1686483567178,-1.08110100811387,-240.144909512286,-70.7812534876294,-2373.04850542065,12800.9885362784,190009.631312595,-3523302.24752213,4423166.78837991,7102837.5101449,-1014852247.04428,180945826554.704,-161154104595.055,0.0451579846251892,0.05,0.903159692503785,0.000355933420626273,-0.245450374844821
0.472,0.0440434799946646,12.9273487668424,-1.14606718054116,-242.422259636047,-59.7331928594206,-2181.0031475094,9311.39534527044,193898.51296002,-3425726.49673463,3327737.4890381,188048664.064849,-1176006351.63933,181157150192.717,199739436940.709,0.0440434799946646,0.05,0.880869599893292,-0.000355026431484581,-0.225075678347193
0.473,0.0428689571969933,12.6838684511845,-1.20170628514014,-244.505806239931,-52.0957711039153,-1985.62844438692,6009.88603893369,196671.537179396,-3147099.25757342,2251600.85586912,369205814.257566,-976266914.698624,179524622340.622,199861655191.384,0.0428689571969933,0.05,0.857379143939865,-0.00160631496075678,-0.204272195269643
0.474,0.0416420768708935,12.4384026952706,-1.25130475015341,-246.392762661193,-47.5904201987945,-1787.98549036308,3077.31045887916,198468.314853781,-2688131.13214554,1375264.76876619,548730436.598188,-776405259.507239,174650515344.538,199894607965.464,0.0416420768708935,0.05,0.832841537417869,-0.00319498029807049,-0.183169274194074
0.475,0.0403673826055771,12.191149069027,-1.29778021778897,-248.081315467765,-45.7584431284157,-1588.9506150595,692.652964256799,199488.692760787,-2052075.43787509,698806.813241682,723380951.942725,-576510651.541776,160249944567.655,199899451820.621,0.0403673826055771,0.05,0.807347652111542,-0.00491810326844318,-0.161901563927934
0.476,0.0390467593559853,11.9423065509575,-1.34350287071903,-249.570427624091,-45.9645873100824,-1389.20027485686,-971.023673552315,199932.560823562,-1248569.51364853,222245.887610217,883630896.51038,-376611199.721155,67843866937.383,199873751462.59,0.0390467593559853,0.05,0.780935187119707,-0.00658807481609115,-0.140604366881328
0.477,0.037680067788421,11.6920748516889,-1.39012368146525,-250.859638604073,-47.4097970965848,-1189.2110315498,-1766.47042778943,199999.813403222,-331016.683669462,-54428.4363796423,951474763.447763,-176737448.258564,-150816897918.488,199735603464.91,0.037680067788421,0.05,0.75360135576842,-0.00804448211068874,-0.119407047564176
0.478,0.0362659387237961,11.440653937408,-1.43843349524868,-251.948864499924,-49.189480776381,-989.259566289332,-1646.88587938809,199890.305509957,545049.630819057,-131298.082905752,800657865.529275,22998155.2063453,-176484821549.797,199011629967.325,0.0362659387237961,0.05,0.725318774475922,-0.00916164386795091,-0.0984251565638834
0.479,0.0348026651446117,11.1882437531732,-1.48832368732207,-252.838198179786,-50.4377523970026,-789.422784643711,-730.921452729362,199803.675109649,1257465.08557343,-8794.11271574383,624173043.979478,222009785.173671,-184291503920.776,-183406481692.741,0.0348026651446117,0.05,0.696053302892234,-0.00985172544755924,-0.0777520523553587
0.48,0.0332890581007092,10.9350441454425,-1.53889285148354,-253.52771287054,-50.4435912789453,-589.594146896295,807.914904180348,199875.318142571,1789492.37759252,121512.431611556,439881540.058702,38603303.4809291,-187717562447.378,-193247692207.909,0.0332890581007092,0.05,0.665781162014184,-0.0100644861154171,-0.0574508486467733
0.481,0.0317251560732133,10.6812549531679,-1.58861747249632,-254.017349108219,-48.6754381610609,-389.65969064118,2786.06179139432,199983.924277222,2135515.13642754,63491.8889885304,252163977.611324,-154644388.72698,-189322486882.123,171027673661.136,0.0317251560732133,0.05,0.634503121464265,-0.00978479825860961,-0.0375477661470388
0.482,0.0301127560434842,10.4270761064627,-1.63553503142727,-254.307011273026,-44.7874799088044,-189.662668331182,5016.10516881384,199998.598584124,2293017.8705978,-5638.66290788189,62841490.7292009,16383284.9341555,-189860604236.696,-15577732296.6229,0.0301127560434842,0.05,0.602255120869685,-0.00902851638564832,-0.0180290846367365
0.483,0.0284557590920258,10.1727075968352,-1.67743125288282,-254.39667502902,-38.6223030814133,10.3351923967977,7308.90035073678,199998.555274967,2260929.05920865,2955.75587796218,-127019113.507495,805552.637532651,-189498884467.709,-153197360758.039,0.0284557590920258,0.05,0.569115181840516,-0.0078371881220168,0.00115673356616936
0.484,0.0267603277213527,9.91834942241205,-1.71202915589943,-254.286341309439,-30.2120038401763,210.328976585112,9474.7367057804,199976.380913704,2039160.5034673,-72837.3718635244,-316517997.975204,-152391808.120506,-187973558803.485,194568207026.337,0.0267603277213527,0.05,0.535206554427053,-0.00627216342642923,0.0200930260717996
0.485,0.0250348537526141,9.66420157095313,-1.73717868599904,-253.976041010216,-19.7782721139416,410.251647186823,11324.3092837928,199859.775672285,1628655.72609035,-127945.076470862,-504491556.77869,42176398.9058308,-184115555852.353,189334438390.709,0.0250348537526141,0.05,0.500697075052281,-0.00440869374382392,0.0388862608507024
0.486,0.0232897367162816,9.41046396101251,-1.7510459156279,-253.465877464236,-7.73138837472716,610.062368655623,12670.0333055185,199784.474534998,1032106.39138549,8898.54163032333,-688607112.631042,231510837.29654,-172309448512.371,-199016112286.014,0.0232897367162816,0.05,0.465794734325631,-0.00233059598736138,0.0576548183143012
0.487,0.0215369738054056,9.15733641416864,-1.75230039749307,-252.755913387405,5.33275071402419,809.881585262974,13329.1178991697,199875.959143229,257344.554498258,140901.322783856,-860916561.143413,32494725.0105253,-37425590421.0338,-199741435374.298,0.0215369738054056,0.05,0.430739476108112,-0.000125982943142319,0.0765170588423184
0.488,0.0197895647993245,8.90501876009798,-1.74029638047368,-251.846070649582,18.6454953973182,1009.82508829529,13149.7665746928,199999.817589289,-622284.801855671,73525.3301072319,-898342151.564446,-167246710.363773,170637669362.185,-199876806738.578,0.0197895647993245,0.05,0.39579129598649,0.00211557111073242,0.0955808320303657
0.489,0.0180607496165907,8.65371093668771,-1.71521572486506,-250.736242032523,31.3415057820458,1209.82546589762,12106.7503086152,199956.406763092,-1435308.11873902,-193659.78362583,-727704482.202261,-367123517.102351,184862154417.664,-199902034562.626,0.0180607496165907,0.05,0.361214992331813,0.00430434410270838,0.114934088842583
0.49,0.0163631568243788,8.40361292204976,-1.67808884245064,-249.426487602538,42.6170205406919,1409.61552626461,10338.4003078447,199545.868215154,-2070581.52373245,-660734.318009493,-542842327.784597,-567025551.664976,189343290715.348,-199897449620.254,0.0163631568243788,0.05,0.327263136487575,0.00635091329054193,0.134635911329747
0.491,0.014708009023977,8.15492446732162,-1.63066875924621,-247.917234556429,51.8375456691527,1608.72819400175,8027.95483533915,198568.304879709,-2518752.20615938,-1327708.5944846,-353499037.06925,-766923001.28523,191270633816.664,-199865557723.394,0.014708009023977,0.05,0.29416018047954,0.0081671222534078,0.154708524746454
0.492,0.0131044894018577,7.90784462958986,-1.57525016339835,-246.209477115424,58.5551775049763,1806.49649635243,5364.33154961459,196823.823858294,-2776615.92632029,-2194564.37463152,-162228403.252586,-966788559.008624,192059968677.49,-199747288976.527,0.0131044894018577,0.05,0.262089788037154,0.00966848051998043,0.175131050350706
0.493,0.0115592941049864,7.66257110491908,-1.51448074845668,-244.304976415289,62.5121655229169,2002.0535837932,2538.61141644759,194112.573989329,-2842814.34523413,-3261226.57812841,29831565.4249043,-1166535847.98515,192099714348.085,138716969972.668,0.0115592941049864,0.05,0.231185882099729,0.0107779842558677,0.195835584670138
0.494,0.0100763746059978,7.41929936197844,-1.45117023580357,-242.20645753195,63.6423458490828,2194.34690172588,-257.270527016082,190291.198982204,-2716932.92263519,-4358403.94112723,221931279.772989,-1027818878.01248,191383535552.554,199736660351.954,0.0100763746059978,0.05,0.201527492119955,0.0114310091126797,0.216705962412287
0.495,0.00865687157439692,7.17822160320927,-1.38809850537231,-239.917732592704,62.0715717213593,2382.29591795204,-2831.34055383935,185452.175045462,-2399309.87508592,-5286354.48896373,413314815.325542,-828082217.660529,189480746670.695,199851316718.386,0.00865687157439692,0.05,0.173137431487938,0.0115808006385393,0.237579553237121
0.496,0.00729924070100602,6.9395257003835,-1.32782368845019,-237.443624484309,58.1173570636425,2564.97522918827,-4992.41289681738,179785.088000455,-1891254.68642503,-6014511.04826507,602795561.996237,-628230900.942142,184700271958.827,199877147150.612,0.00729924070100602,0.05,0.14598481402012,0.0112040250533813,0.25825330905887
0.497,0.00599957009981742,6.70339427213284,-1.27249109129868,-234.789783640273,52.2874785952769,2741.6566847289,-6551.48642358449,173489.774359577,-1196108.98844938,-6542803.3756319,787495833.955064,-428353753.791531,166253114928.736,199864580623.914,0.00599957009981742,0.05,0.119991401996348,0.0103058360206588,0.278495048921222
0.498,0.00475208778891032,6.47000395588849,-1.22364450964423,-231.962488718129,45.276114196249,2911.81199279922,-7326.13864256822,166766.104870487,-325486.597029949,-6871224.83911147,953748948.8838,-228489173.167617,-132578667027.111,199737694577.763,0.00475208778891032,0.05,0.0950417557782063,0.00892395599622979,0.298059327964169
0.499,0.00354985451508644,6.23952487958988,-1.18204707781813,-228.968446732936,37.9406663021869,3075.11272612523,-7196.84720966079,159813.925060554,561973.018340295,-6999845.16499021,821170281.856689,-28751478.5898536,-180950423479.066,57406930931.4745,0.00354985451508644,0.05,0.0709970903017288,0.00713134127294552,0.316706341704725
0.5,0.00238560830319255,6.0121203330541,-1.14757846544283,-225.814594404728,31.1541277143608,3231.42432864565,-6254.44745430532,152809.271978091,1292668.08845745,-6999893.17811432,640219858.377623,28655452.3416209,-188400545232.364,-41512614042.8885,0.00238560830319255,0.05,0.0477121660638509,0.00503686098022495,0.33422198774886
0.501,0.00125262342836626,5.78794662754462,-1.11931101095132,-222.507931240918,25.6448675912958,3380.73670025116,-4673.06952753112,145816.78775714,1838687.67421889,-6991994.03279415,451819313.145259,-12857161.7012676,-191107352801.859,9891474412.05517,0.00125262342836626,0.05,0.0250524685673252,0.00278261256005764,0.350437006936512
0.502,0.000145436118009817,5.5671530760253,-1.09567899693465,-219.055451932413,21.9584823133649,3523.05576027638,-2640.32342220658,138820.013722564,2194953.31096322,-6999905.45728939,260711960.343401,-2965687.28921242,-192225792673.36,7240373504.26555,0.000145436118009817,0.05,0.00290872236019635,0.000536741714970126,0.365242696100424
0.503,-0.000939610329664493,5.34988199696459,-1.07466558966382,-215.464152879419,20.4510781320025,3658.37562867132,-347.051763183882,131819.832150548,2359552.37496994,-6999250.95782646,68486167.6700403,4274686.21505313,-192487541036.927,-9877392621.48824,0.000939610329664493,0.05,0.0187922065932899,-0.00151793849039789,0.378600762720171
0.504,-0.00200400960416629,5.13626871025798,-1.05399352915677,-211.741033780698,21.287196603372,3786.69613623263,2014.66243878159,124821.072303725,2331794.77212152,-6999914.96792215,-124001373.366887,-5602706.4064351,-192025510248.804,11847460911.2125,0.00200400960416629,0.05,0.0400801920833259,-0.00319845339799887,0.390546130943981
0.505,-0.00304692789987962,4.92644153636409,-1.03131713580846,-207.893093895526,24.4390884697262,3908.01681091219,4252.45227251153,117820.330559418,2111780.64363023,-6999593.94387298,-316026883.615691,6244754.50477743,-190582180034.325,-13146189970.6641,0.00304692789987962,0.05,0.0609385579975924,-0.0043378695118908,0.401182621654309
0.506,-0.00406523165680248,4.72052179597981,-1.00441461373353,-203.927333367678,29.6868189926154,4022.33783753418,6174.45577766153,110821.667961136,1700462.66999737,-6999922.28435354,-506609063.650016,-6901435.46588662,-187061329011.247,14218915302.9312,0.00406523165680248,0.05,0.0813046331360496,-0.00480160436693942,0.410671989808496
0.507,-0.0050537074140151,4.5186238101077,-0.971379823962474,-199.850751518946,36.6192770392919,4129.6589865687,7590.43702766535,103820.664778267,1100322.94184173,-6999714.26216796,-693670392.661263,7317479.83704453,-175912889436.966,-15062345589.5615,0.0050537074140151,0.05,0.101074148280302,-0.00450225455182927,0.419217467012119
0.508,-0.00600547270474081,4.32085489991147,-0.930812310126149,-195.670348639656,44.6369341020413,4229.98038619812,8314.60595827029,96822.0988650856,318696.104461988,-6999927.95512569,-869583282.098229,-7744865.75251695,10211349691.8691,15796673689.8512,0.00600547270474081,0.05,0.120109454094816,-0.00341150756809036,0.427043472893327
0.509,-0.00691257473349679,4.12731538677512,-0.882001104569735,-191.393124049749,52.9663830384301,4323.30188846942,8200.21231329848,89820.9312560319,-545781.502790306,-6999774.48403328,-859371932.40636,8051807.93733425,176362271492.246,-16419416758.3781,0.00691257473349679,0.05,0.138251494669936,-0.00156798344594506,0.434373520802274
0.51,-0.00776675560187622,3.93809859221184,-0.825059916436709,-187.026078126068,60.7578243729112,4409.62359030906,7254.13855622037,82822.4461065076,-1316972.29945054,-6999932.38447514,-683009660.914114,-8367608.82104384,187081672407.723,16980079666.7521,0.00776675560187622,0.05,0.155335112037524,0.000919913129802716,0.441408486070945
0.511,-0.0085602878887911,3.75329083791195,-0.760921417890864,-182.576210175253,67.2474369056042,4488.94538312518,5626.84170504739,75821.1599308997,-1906441.12416079,-6999809.95346281,-495927988.50639,8612470.84570828,190500095339.963,-17476776350.7385,0.0085602878887911,0.05,0.171205757775822,0.00387728195818829,0.448307349155189
0.512,-0.00928673108447493,3.572971445677,-0.691197376485489,-178.050520633942,71.8463408877927,4561.26734529214,3504.18660252339,68822.7434168013,-2307119.0649972,-6999935.87079247,-305427893.166427,-8864305.50503021,191882477880.81,17934576324.1177,0.00928673108447493,0.05,0.185734621689499,0.00707321466403234,0.455172253396902
0.513,-0.00994151966810614,3.39721273745998,-0.617994589282167,-173.456008792811,74.1540584122014,4626.58939066331,1076.33400392311,61821.3644893104,-2516605.71922323,-6999832.88813544,-113545415.285618,9070270.81908749,192277862948.764,-18352030588.3099,0.00994151966810614,0.05,0.198830393362123,0.0102382370448395,0.462039279266994
0.514,-0.0105223633769124,3.22608003531365,-0.543724926897987,-168.799675133723,73.9611768982548,4684.91158575242,-1464.99811245146,54823.0080648197,-2534012.20303446,-6999938.6326105,78732447.6631463,-9281759.76922241,191912670657.925,18743597172.1501,0.0105223633769124,0.05,0.210447267538248,0.0130871119958256,0.468875759101528
0.515,-0.011029456542906,3.05963166142538,-0.470913704632223,-164.08851893092,71.2502911201741,4736.23385852418,-3927.6586465447,47821.5524851866,-2359323.42004235,-6999848.59379365,270645118.321071,9461837.40292771,190592705167.139,-19108132072.4051,0.011029456542906,0.05,0.22058913085812,0.015344748301579,0.475584313709374
0.516,-0.011465495496807,2.89791893807442,-0.402007598252855,-159.329540702577,66.1960196460437,4780.5562675132,-6119.89405656532,40823.2501214157,-1993381.94913771,-6999940.82242692,461237823.48821,-9646294.66947736,187378089484.142,19454885891.9978,0.011465495496807,0.05,0.22930990993614,0.0167726659668542,0.482013132539078
0.517,-0.0118355040212649,2.74098618766306,-0.339182976233226,-154.529739706612,59.164115005886,4817.87875012787,-7851.42741237824,33821.7286326361,-1438455.08090743,-6999859.6741504,648615912.972352,9808591.22252041,177852941609.929,-19782906515.6022,0.0118355040212649,0.05,0.236710080425299,0.0171934369001162,0.487971421032302
0.518,-0.0121464677947084,2.58887073267972,-0.284155809676126,-149.696116491613,50.7089732444499,4848.20135940087,-8935.9323798645,26823.476103011,-700912.697130113,-6999942.53618568,826468854.58228,-9974315.29308174,78500323242.4316,20098760397.398,0.0121464677947084,0.05,0.242929355894168,0.0165107396069694,0.493248446500964
0.519,-0.0124067806482526,2.44160289572769,-0.237996531032829,-144.835670299357,41.5636001719192,4871.52403929825,-9210.5272624964,19821.8962025783,164806.319073383,-6999867.47128006,904969177.824712,10124445.1043162,-172203350921.041,-20401593053.1369,0.0124067806482526,0.05,0.248135612965053,0.0147231043495566,0.497634286335506
0.52,-0.0126255162979081,2.29920599949223,-0.200974454751161,-139.955401704697,32.5791291256419,4887.84683910633,-8621.9369129975,12823.6906883416,983673.821437575,-6999943.82270231,732765826.903671,-10277147.9488206,-185776635627.508,20696621406.3415,0.0126255162979081,0.05,0.252510325958163,0.0119299571942801,0.500940237654165
0.521,-0.012811591342814,2.16169636676765,-0.172513364674287,-135.062309933293,24.5634160680293,4897.16970738456,-7302.84295071268,5822.05772856591,1623551.33052749,-6999872.65994796,546989191.276164,10419473.4575209,-189792329906.349,-20983015628.7651,0.012811591342814,0.05,0.256231826856279,0.00832883011769474,0.503016908588562
0.522,-0.0129729681973311,2.02908332042733,-0.151309568579639,-130.163395583201,18.1556056340469,4899.49269106974,-5437.4290795315,-1176.10236392475,2075644.35685048,-6999944.69430483,357196861.369815,-10563542.1712443,-191407176623.482,21265420827.0715,0.0129729681973311,0.05,0.259459363946622,0.00420267274890286,0.503768259073293
0.523,-0.0131160170052949,1.90136918344974,-0.135513448616464,-125.265657863698,13.807556244143,4894.8157418275,-3215.08748810002,-8177.78459251069,2337137.62990855,-6999875.52606253,165789684.746333,10701878.6558272,-191929545122.192,-21542980457.9114,0.0131160170052949,0.0503528078698921,0.26048233574552,-0.000102533061178456,0.503160277136938
0.524,-0.0132450640279575,1.77854927889064,-0.122918604687398,-120.376097393701,11.7806721207416,4883.13890549422,-827.043273338668,-15175.8996759883,2406962.54209379,-6999945.13763566,-26139860.3758595,-10841101.8020842,-191668202778.606,21820279905.4632,0.0132450640279575,0.0517032653606346,0.256174613645233,-0.00420782449547664,0.501223512504289
0.525,-0.0133621303310622,1.66061192990866,-0.111152980175516,-115.501713365445,12.144767299938,4864.46213557744,1534.90463810409,-22177.6286512074,2284988.58032863,-6999876.09948501,-217808063.154465,10979178.103379,-190503055786.892,-22096402089.4508,0.0133621303310622,0.0538307577741884,0.248224823197069,-0.00773599309844709,0.49804929894088
0.526,-0.0134668619819453,1.54753845973886,-0.0978705919879007,-110.649506416881,14.7779272570229,4838.78547805609,3679.23867755767,-29175.6978953223,1971928.98928072,-6999945.12242636,-408311118.941357,-11117223.9860718,-187708811241.777,22376296659.0027,0.0134668619819453,0.0565191969466159,0.238270582553838,-0.0103475785896264,0.493780110459349
0.527,-0.0135566519034499,1.43930319171874,-0.0809429677639351,-105.826475722041,19.3672573755956,4806.10888707458,5415.72730549408,-36177.4722469652,1469763.46471847,-6999874.19808293,-596019930.183134,11259072.6729309,-180272087559.833,-22658961388.9675,0.0135566519034499,0.0595858794896353,0.227514505442653,-0.0117746055864936,0.488595063893527
0.528,-0.0136269525983747,1.33587344926246,-0.0586492225892933,-101.039621936486,25.4110184214368,4766.4324101173,6557.43545719434,-43175.4934022765,783607.49075542,-6999944.60610448,-776292017.742967,-11399888.7160365,-139588985491.811,22950201267.5681,0.0136269525983747,0.0628783732892199,0.216719229292005,-0.011848802038792,0.482692037526146
0.529,-0.0136717774185054,1.23720955588798,-0.0298623939330852,-96.2959442142483,32.2250594133228,4719.7560006889,6929.63210816298,-50177.3129191944,-62479.0197334517,-6999869.39418673,-915881003.234777,11550312.5515316,158396463913.18,-23248902061.4737,0.0136717774185054,0.0662714841025235,0.20629955106113,-0.0105216006925481,0.476268188590956
0.53,-0.0136843823596862,1.14326483519133,0.00578022662642809,-91.6024432273959,38.9774050304097,4666.07970942045,6435.61199746434,-57175.2819741156,-899161.791011639,-6999943.53266594,-757484539.321598,-11698589.5099421,182102264592.105,23562488250.04,0.0136843823596862,0.0696643247297266,0.196433144407512,-0.00787400236482707,0.469500783619215
0.531,-0.013658084353071,1.05398561087591,0.0477955330201345,-86.9661181073051,44.8447763035059,4605.40348768543,5188.05831422391,-64177.1477201615,-1565595.19803718,-6999860.87805086,-575382274.729492,11863898.7400979,187816811219.495,-23889690437.8962,0.013658084353071,0.0729775063191218,0.187154714403995,-0.00411503871096029,0.462530203639593
0.532,-0.0135870715226423,0.969311206725974,0.0949509968263927,-82.393969541711,49.1619656733905,4537.72739143893,3366.0747806919,-71175.0582639153,-2047069.06715693,-6999941.82452971,-387565463.509997,-12025791.6977983,190026608764.59,24240984423.7231,0.0135870715226423,0.0761504684631774,0.178424004432912,0.000432279937733474,0.455446749005634
0.533,-0.0134670667908465,0.889173946639483,0.145440256706363,-77.8929966354413,51.4478294519508,4463.05136800515,1156.89408324074,-78176.9728202233,-2339621.22628463,-6999847.12401564,-197538854.745407,12215192.7259248,190821735397.228,-24614868431.5728,0.0134670667908465,0.0791389618575089,0.170169869237029,0.00535735527646261,0.448282481226268
0.534,-0.0132958086690783,0.813499154599883,0.197069955724401,-73.4702000911911,51.4099406852332,4381.37548186886,-1249.69294785039,-85174.8148259479,-2441749.21333142,-6999939.3655055,-6717119.34817937,-12399675.7056479,190707992357.387,25027945480.6411,0.0132958086690783,0.0819126944795025,0.162316827123852,0.0101983606119045,0.441008831157888
0.535,-0.0130733435558236,0.742205154714446,0.247449401086784,-69.1325789813831,48.946199777174,4292.6996735786,-3663.016055463,-92176.7827050594,-2353112.33650091,-6999825.06847083,183990873.009208,12628269.7749931,189662473822.111,-25478344570.3466,0.0130733435558236,0.084453149488051,0.154799952814943,0.0144849631805477,0.433540135605052
0.536,-0.0128021278071942,0.675203271183206,0.2941811542538,-64.8871340228101,44.145195302038,4197.02402145324,-5892.52254315562,-99174.5400294045,-2074290.22658064,-6999935.97098101,373653346.831318,-12850074.7953535,187126704303.65,25996509549.506,0.0128021278071942,0.0867515804091095,0.147572271845895,0.0177831908194043,0.425742682799061
0.537,-0.0124869391974632,0.612397828346141,0.33505150152515,-60.7408642461489,37.2856001494099,4094.34845494711,-7748.79831227,-106176.568286192,-1607073.5275975,-6999787.79100161,560780051.134967,13146434.7541525,180976979469.963,-26579960628.6317,0.0124869391974632,0.0888071866351618,0.140607305225895,0.0197380555383056,0.417448319659935
0.538,-0.0121345983991217,0.553686150647563,0.368219730907452,-56.7007703803749,28.8342691226749,3984.67307633952,-9045.31898438835,-113174.212853254,-955804.986727552,-6999931.33656177,741757030.60493,-13433525.8744791,158455420541.986,27297339462.0067,0.0121345983991217,0.0906254698907266,0.133898322554942,0.0201098096827629,0.40847123850993
0.539,-0.0117535025106392,0.498958562698711,0.392404266711591,-52.7738513979372,19.4412761258795,3867.99779628615,-9603.83621905644,-120176.311396176,-134820.245851629,-6999716.19270525,900212451.146916,13863813.5875276,-111116845974.289,-28232416746.316,0.0117535025106392,0.0922167700738863,0.127455152693182,0.0188003676471798,0.398626272537724
0.54,-0.0113529765153033,0.448098389235163,0.407057737565382,-48.9671080343258,9.91543532383947,3744.32276107852,-9307.06971366366,-127173.801084879,709833.782308142,-6999968.58749088,789095605.172627,-14368603.1587884,-173659442308.762,199891663767.869,0.0113529765153033,0.093594976838065,0.121298993801193,0.015867388436061,0.387746899347836
0.541,-0.010942476327351,0.400981955440393,0.412469375484304,-45.2875377681489,1.08756262542912,3613.65490975203,-8231.631369154,-134147.638696654,1412099.66632639,-6914391.35876573,615436162.863865,185523060.60908,-183504256932.953,199962430200.696,0.010942476327351,0.0947764113859452,0.11545569374632,0.0115244748495696,0.375701209730725
0.542,-0.0105307713978617,0.357478600911448,0.409700586340855,-41.7420996798239,-6.34309222745658,3476.08932765402,-6542.39766421784,-140935.941453415,1935783.70072378,-6628887.0830563,431931905.930912,385485490.809776,-186993082291.49,199972979644.715,0.0105307713978617,0.0957788709965688,0.109948794429191,0.006126397831841,0.362404443344416
0.543,-0.0101252487598712,0.317450783858367,0.400425364785138,-38.3375654090735,-11.8534007687529,3331.91152244836,-4421.81352424385,-147338.756961126,2274219.06550894,-6143415.10242417,244938823.639422,585458470.454491,-188303421587.989,199975717872.249,0.0101252487598712,0.0966208262785144,0.10479364697922,0.000139591492503928,0.347827660525691
0.544,-0.00973139052563904,0.280754366931959,0.38674873035432,-35.0803211070555,-15.1051275988685,3181.60696666934,-2056.5089505132,-153156.113542011,2425006.17835437,-5457968.77303355,56635402.0514336,785434188.32674,-188374624711.429,199974982595.836,0.00973139052563904,0.0973207607736993,0.0999929557503924,-0.00589953273012355,0.332002642735388
0.545,-0.00935243585832154,0.247239102696977,0.371020305996467,-31.9761674657366,-15.9475431692256,3025.86110672981,365.419158081651,-158188.036057115,2387454.26805009,-4572547.09340889,-131739222.659995,985409170.922576,-187312588894.168,199970819636.004,0.00935243585832154,0.0978966438239851,0.0955337741213775,-0.0114343528455772,0.315022767225883
0.546,-0.00898923030143874,0.216749319078614,0.355646331378439,-29.0301197430787,-14.4181581054328,2865.5593641053,2655.78504998605,-162234.550095123,2162058.75094301,-3487152.51266831,-319051811.554163,1185379990.55858,-184613478868.093,199960039053.47,0.00898923030143874,0.0983655267373605,0.0913859824635546,-0.0159409701064065,0.297039824316945
0.547,-0.00864026324766277,0.189124804783773,0.342901576652017,-26.2462077889398,-10.7422112101871,2701.78713275389,4627.54898200729,-165095.685939337,1750700.1999548,-2201792.502583,-503665290.422256,1385340029.61205,-178366276122.308,199924501854.573,0.00864026324766277,0.0987432509616901,0.0875023170040752,-0.0189791287545743,0.278257137559371
0.548,-0.0083018930175522,0.164201894694373,0.334742450860091,-23.6272760760339,-5.33068827144457,2535.82977075578,6096.68882406391,-166571.487676805,1157851.77147139,-716490.222043659,-682031566.544564,1585264531.46662,-159409836463.514,-17905622214.245,0.0083018930175522,0.0990442558484788,0.0838200352603256,-0.020236188513929,0.258919702161039
0.549,-0.00796875745719895,0.141814754921013,0.332623335898681,-21.1747855606782,1.2246124340783,2369.1635026556,6886.95650618577,-166498.329903484,396115.286695069,859821.498315842,-841441403.008077,1567358909.25238,11545889451.9601,-199926372449.094,0.00796875745719895,0.0992814727828363,0.0802642953799591,-0.0195599388159533,0.239302335125815
0.55,-0.00763436448017099,0.121796849999557,0.337322481957588,-18.8886642788232,8.16986742850409,2203.34797972063,6864.27540628546,-164888.150012617,-439553.171587028,2327217.22134367,-829895513.556117,1367432536.80328,158953320672.036,-199961980680.545,0.00763436448017099,0.0994662921754143,0.0767532830791296,-0.0169771477919636,0.219696843362254
0.551,-0.00729183802834103,0.103982486437189,0.348817973858577,-16.7673171945661,14.682673385098,2039.8430119923,6036.26669803238,-161910.543519652,-1189972.02480713,3594668.76780668,-670942192.884081,1167470556.12274,176145588597.94,-199972905532.981,0.00729183802834103,0.0996085902919828,0.0732049114134278,-0.0126959805823971,0.20039844004212
0.552,-0.00693472760204622,0.0882082648870788,0.366293963877092,-14.8077833647067,20.0194697714377,1879.91604907817,4540.18117488287,-157765.468291373,-1772841.42339224,4662152.87116293,-494796604.286141,967497650.589758,181759674922.342,-199977312348.341,0.00693472760204622,0.0997168028485817,0.0695442232797665,-0.00709135892125877,0.181691109306485
0.553,-0.00655774494567461,0.0743143473432997,0.388268948804185,-13.0059343783712,23.5983374536986,1724.6345744428,2550.23472850129,-152652.896146973,-2176758.19021721,5529661.86557852,-313036929.363799,767520338.241417,183899145181.938,-199978458943.591,0.00655774494567461,0.099798031792535,0.065710163095272,-0.000673572810295336,0.163832446599647
0.554,-0.00615734484050569,0.0621455246236248,0.412768099877918,-11.3566743281641,25.0156827299132,1574.8660968492,247.607931132508,-146772.803855431,-2397845.54699004,6197192.97434814,-129137784.18186,567541879.297826,184244821080.033,-199976467908.667,0.00615734484050569,0.0998581726429976,0.0616609004304412,0.00595740032048222,0.147039312575376
0.555,-0.00573212836175803,0.0515520838780539,0.4375041002814,-9.85413978663911,24.0505217910654,1431.27814744133,-2184.09903776845,-140325.169352752,-2434860.92063188,6664746.61969163,55107036.8981726,367565411.389159,183112512854.532,-199967508882.765,0.00573212836175803,0.0999020519207018,0.0573774837608737,0.0121674573141933,0.131475683370068
0.556,-0.00528306375607751,0.0423904761199983,0.460060584464287,-8.49189978394131,20.6658064871663,1294.33828032078,-4560.88768780882,-133509.967945513,-2288197.62730644,6932328.2766394,238219549.752704,167597902.506394,180072140369.25,-199896852119.816,0.00528306375607751,0.0999335664534193,0.0528657581588468,0.0173483308140108,0.117243851643807
0.557,-0.0048135235226223,0.0345237837809193,0.478076007252074,-7.26315578210834,15.0080262498451,1164.31408046184,-6699.96351684403,-126527.15685964,-1959942.00736911,6999977.75308589,418291690.121954,-32298949.6134215,173421750806.196,33996304335.997,0.0048135235226223,0.099955818420873,0.048156511533471,0.0209760767093117,0.104379792467931
0.558,-0.00432913810045413,0.0278219886233641,0.489426268743947,-6.16093967960451,7.40503291728708,1041.28294583315,-8421.8560540178,-119537.662530638,-1454939.44184406,6984676.95564047,591713440.92815,1697354.72257549,156701001305.446,27182564035.6878,0.00432913810045413,0.0999712418352565,0.0433038343925761,0.022662412637624,0.0928530961237102
0.559,-0.00383746843181833,0.0221620585530258,0.492403844295634,-5.17826115496626,-1.63914474244367,925.239037279621,-9554.82194184688,-112547.606470297,-784875.500263184,6999965.59238088,748414442.233597,28879918.7582633,85193516008.1762,-58224551067.1554,0.00383746843181833,0.0999817176816089,0.0383817013830341,0.0221939807850235,0.0825715985666599
0.56,-0.00334750297825206,0.0174279508073192,0.48588836987995,-4.30812854186437,-11.4581189642162,816.193800902346,-9951.29130165857,-105542.905010382,6135.69997450051,6999733.23560557,833607958.241773,-29344632.3088921,-117384712538.596,59162162341.276,0.00334750297825206,0.0999886761630492,0.0334788208696089,0.0195558121949322,0.0733911490668706
0.561,-0.00286899517705166,0.0135106201749201,0.469489383340556,-3.54354030093627,-21.2722987858697,714.148336827813,-9547.91574131962,-98547.9837305405,781051.301946975,6999969.68446731,716223245.703177,29817530.0323839,-157648185004.336,-59834172531.525,0.00286899517705166,0.0999931856951702,0.0286919069245159,0.014936751578894,0.0651303615014907
0.562,-0.00241169496901878,0.0103080212092226,0.44360183080138,-2.87749855058067,-30.3168870096404,619.102814437323,-8435.02751402177,-91543.0776431456,1418450.45514798,6999870.12823393,558575060.698841,-30016642.4991411,-168938007574.701,60239279495.9721,0.00241169496901878,0.0999960291172269,0.0241179073840173,0.00871601769465274,0.0575887450106776
0.563,-0.00198459389738287,0.00772510838103572,0.409325704588053,-2.30300137864299,-37.9566325362874,531.057179054523,-6765.44586312015,-84548.1759562452,1892556.51205947,6999973.12548278,389637053.12414,30222636.996831,-173050078754.808,-60558868753.0527,0.00198459389738287,0.0999977678639389,0.0198463819720776,0.00143127963893863,0.0505664468018561
0.564,-0.00159529222022404,0.00567383606255327,0.368316567998772,-1.81305087075971,-43.7180710544719,450.011503480987,-4706.91250429108,-77543.1846570562,2195668.52580621,6999916.32810308,216586974.369332,-30336231.7562216,-173822900281.383,60791893467.6615,0.00159529222022404,0.0999987950675937,0.0159531144264859,-0.0062694686029851,0.0438836845076081
0.565,-0.00124952612351055,0.00407315857423614,0.322618561379552,-1.40064506429645,-47.2982940876433,375.965753944918,-2431.92097468043,-70548.3044625866,2325344.05003485,6999976.04308069,42764074.0879487,30455661.7114399,-172032125656.509,-60984514358.0674,0.00124952612351055,0.099999378696424,0.0124953388690927,-0.0136877218874359,0.0373979843452067
0.566,-0.000950865022568073,0.00284903017093332,0.274492212381615,-1.05878603912736,-48.5675836968607,308.919972426059,-113.866908544362,-63543.2646743765,2282092.06129454,6999939.4476131,-129268051.56856,-30528852.6466276,-167094662998.31,61135884084.8024,0.000950865022568073,0.0999996959025845,0.00950867914132825,-0.0201400987072199,0.0310175740474636
0.567,-0.000700581801993442,0.00193440506855409,0.226241265283024,-0.78047180503371,-47.5689115276442,248.874136661884,2075.74201646618,-56548.4003390726,2069276.67822683,6999978.53700887,-296362714.56687,30607031.4381749,-156503795655.409,-61264597021.9183,0.000700581801993442,0.0999998597683686,0.0070058278443211,-0.0250233674595655,0.0247096771756677
0.568,-0.000497695502665574,0.00126923743420273,0.180041451565246,-0.558704440697192,-44.5144459493114,195.82827407168,3970.75337146701,-49543.329052515,1694662.06583225,6999953.26993608,-452866510.22228,-30657565.5837434,-131718075792.629,61396901682.3882,0.000497695502665574,0.0999999396144213,0.00497695803202065,-0.0278725415800868,0.0185029645099506
0.569,-0.000339182827756353,0.000800481403545966,0.13777485889075,-0.386481938031166,-39.77732754979,149.782370264106,5417.02916955601,-42548.4717484237,1175936.51771366,6999994.15519353,-584584586.014908,30739336.0986447,-54976188819.748,-199982980164.502,0.000339182827756353,0.0999999759775187,0.00339182909236504,-0.0284064435863597,0.0124839980462106
0.57,-0.000220349744984702,0.000482090883518911,0.100877219519366,-0.256807523667903,-33.8720515602471,110.730686191789,6291.51069612559,-35566.4384218749,563863.837288876,6930742.00120992,-639560774.834656,-169243644.065857,81640032813.845,-199993865160.89,0.000220349744984702,0.0999999912859648,0.00220349764186058,-0.0265563773485613,0.00678808575022542
0.571,-0.000135341688087074,0.000275008055993682,0.0702189325813852,-0.16271365145423,-27.4018007399156,78.5930784187926,6549.20081813278,-28753.6505535581,-34876.9211388577,6661501.42456362,-557920742.020811,-369237509.226748,129517693232.129,-199995564757.302,0.000135341688087074,0.0999999971641563,0.00135341691925153,-0.0224751210353927,0.00158539849769015
0.572,-7.77380450648376e-05,0.000147072876465085,0.0460637520468722,-0.0974041996007129,-20.9576286021377,53.1003058441136,6256.94980818887,-22310.1004777341,-528038.816543604,6192266.13295822,-428403048.788682,-569233073.98405,145010901414.841,-199995890057.641,7.77380450648376e-05,0.0999999991888986,0.00077738045695372,-0.0165250828479424,-0.00293690088740561
0.573,-4.11356525897356e-05,7.275346941466e-05,0.0281299501765506,-0.0544522843171398,-15.0300565894598,33.7831330917756,5538.87795082007,-16435.7835301108,-883936.414624865,5523035.11394535,-283392147.37384,-769228964.041691,149692920912.568,-199995319472.882,4.11356525897356e-05,0.0999999998015148,0.000411356526713837,-0.00924610505223013,-0.00659570061302251
0.574,-1.96365687611144e-05,3.26768928388266e-05,0.015711449261597,-0.0280002549725927,-9.97414166547646,19.9723291529858,4538.19428266038,-11330.6954514318,-1092482.10154242,4653808.49016722,-133699226.461272,-969224283.514572,147909921990.719,-199992511450.191,1.96365687611144e-05,0.0999999999599587,0.000196365687689771,-0.00130547874828149,-0.00923426794981324
0.575,-8.20225343581643e-06,1.29599072515055e-05,0.00781998616877441,-0.0129596897463701,-5.99830872458123,10.7986675447415,3403.51422155244,-7194.83118826355,-1152226.36700833,3584587.95092755,14210695.529447,-1169216794.96476,138916427500.447,169227158058.395,8.20225343581643e-06,0.0999999999937016,8.20225343633304e-05,0.00656511431260539,-0.0107436778715112
0.576,-2.86186732908719e-06,4.34026214184562e-06,0.00333314657634425,-0.00520831361074555,-3.16275105279886,5.20831199769999,2281.54594022557,-4166.64710847531,-1068557.45772866,2499984.73499199,153127123.029894,-999989636.906367,115986538324.555,199994743381.926,2.86186732908719e-06,0.0999999999992936,2.8618673291074e-05,0.0136395550990064,-0.0110812640311855
0.577,-7.72924698070544e-07,1.13777389933155e-06,0.00114042243531568,-0.00170666065679414,-1.38512988183578,2.13332543154385,1308.88313373261,-2133.32473470619,-857437.065536492,1599992.46977658,269113661.354448,-799994893.52444,53126694163.9173,199997729882.504,7.72924698070544e-07,0.0999999999999515,7.72924698070919e-06,0.019267262174539,-0.0102840482680042
0.578,-1.40330158194825e-07,2.0249933927779e-07,0.000278483734431257,-0.000404998653788449,-0.457899391722179,0.674997688216988,594.857347900666,-899.99675671141,-561760.057100085,899996.441193393,322240355.518366,-599997163.641936,-62111218817.5002,199998674334.839,1.40330158194825e-07,0.0999999999999985,1.40330158194827e-06,0.0229363222708247,-0.00847437403579183
0.579,-1.24608266394209e-08,1.77777214352185e-08,3.72954284658496e-05,-5.33331632605577e-05,-0.0928033139025572,0.133332902925904,183.865598756847,-266.665784949844,-270575.310990469,399998.614718877,260129136.700865,-399998489.307097,-119618394060.829,199999119241.769,1.2460826639421e-08,0.1,1.2460826639421e-07,0.0243235392577408,-0.00585566309590547
0.58,-1.95153809222271e-10,2.77776902868464e-10,1.17092285533363e-06,-1.66666141721102e-06,-0.00585461427666817,0.00833330708605536,23.4184571066727,-33.3332283442213,-70255.3713200182,99999.6850326642,140510742.640036,-199999370.065329,-140510742640.036,199999370065.328,1.95153809240594e-10,0.1,1.95153809240594e-09,0.0233262494426116,-0.00269842199191465
0.581,4.89093761237027e-28,-4.8467614016779e-26,1.74732690506454e-24,1.56308055204112e-22,1.64871929191191e-24,-3.14829464781657e-19,-7.08807300559184e-21,3.03815684172484e-16,2.94305449729469e-17,-5.19647268515e-14,-3.17791037946474e-14,3.59665885156299e-10,0,1.1445307491976e-09,4.8467614016779e-26,0.1,4.8467614016779e-25,0.0200722469880096,0.000682047420473702
0.582,0,0,0,0,0,0,6.45268498948157e-21,0,-2.3491162505377e-18,0,0,0,0,1.1445307491976e-09,0,0.1,0,0.0149063600743862,0.00395395928648941
