time,x,y,vx,vy,ax,ay,jx,jy,snapx,snapy,cracklex,crackley,POPx,POPy,contour_error,allowed_error,error_utilisation,modal_x,modal_y
0,6.87560612461947e-15,3.35852465600644e-16,5.23391338258806e-13,1.56352090827793e-14,5.20896368044387e-12,-1.0588039783337e-12,6.38800691475464e-11,2.00701755040578e-12,6.03113993052024e-10,1.86660272159953e-11,0.0019551148960363,3.82154832468403e-05,1.71950529005756e-06,3.09480269205851e-08,3.35852465600644e-16,0.1,3.35852465600644e-15,1.91236517456954e-16,1.19469651160715e-16
0.001,1.42772130582038e-14,6.8681139202109e-16,1.03174651462515e-12,3.00043053280747e-14,1.10755648004707e-11,-1.82826434726173e-12,1.1037896762523e-09,2.35112261858097e-11,1.9562450251661e-06,3.82501335861924e-08,0.00344948274928669,6.22633620085797e-05,199999588194.104,-180352517354.689,6.8681139202109e-16,0.1,6.8681139202109e-15,3.13643536943776e-16,1.71362183150373e-16
0.002,2.77799396205967e-10,-2.50488555677005e-10,1.66666474867216e-06,-1.50293760121024e-06,0.00833331619439076,-0.00751468822529802,33.3332647038615,-30.0587528923526,99999.794102458,-90176.2586772437,199999588.198648,-180352517.354614,199999423114.771,-158621216415.936,2.50488555677005e-10,0.1,2.50488555677005e-09,2.73182456537685e-09,-2.46346179397618e-09
0.003,1.77777715341152e-08,-1.6001151083605e-08,5.33332241106228e-05,-4.79129103971281e-05,0.133333051952139,-0.119329540699369,266.666090091496,-236.848139649557,399999.093858492,-349839.384239826,399999011.314175,-338973733.770547,199999129863.521,1982250049.48634,1.6001151083605e-08,0.1,1.6001151083605e-07,1.73606593623789e-07,-1.56255423885482e-07
0.004,2.02499607419292e-07,-1.80452190435836e-07,0.000404999122050286,-0.000358080471769811,0.674998487943214,-0.587510401011445,899.997877917717,-755.844015766406,899997.670104428,-687821.99298563,599998141.178169,-336991483.721064,199998506533.547,145337722348.183,1.80452190435836e-07,0.0999999999999985,1.80452190435839e-06,1.95674787709169e-06,-1.74346856169809e-06
0.005,1.13777528977075e-06,-9.89527519127622e-07,0.00170666273781287,-0.00145098004361629,2.13332816222257,-1.73737492212553,2133.32770303354,-1587.93879688787,1599995.06454937,-952144.615532602,799996647.711962,-191653761.372889,199996533361.595,163070263085.602,9.89527519127622e-07,0.0999999999999515,9.89527519128102e-06,1.08415295528393e-05,-9.42252621292205e-06
0.006,4.34026760545957e-06,-3.61489481013426e-06,0.0052083204274783,-0.0041476417879583,5.20831936104741,-3.8265337260455,4166.65384699921,-2608.73191592598,2499989.97894213,-1062263.24536269,999993181.073625,-28583498.2872957,169228271850.739,166619151855.698,3.61489481013426e-06,0.0999999999992936,3.61489481015979e-05,4.06438412509496e-05,-3.37771911617084e-05
0.007,1.29599245930684e-05,-1.01548598623209e-05,0.0129597083270567,-0.00945538783234291,10.7986849056985,-6.96421871637207,7194.84512845332,-3657.5170517897,3584597.29594112,-1007537.16772214,1169221452.9243,138035653.568394,-199995038993.698,163889969375.562,1.01548598623209e-05,0.0999999999937015,0.000101548598629605,0.000118868989657289,-9.26520786726814e-05
0.008,3.26769401964766e-05,-2.37425460210635e-05,0.0280002996152455,-0.0184091707005727,19.9723657976598,-11.0956696610361,11330.7206443577,-4568.72139783171,4653821.22936858,-787556.529465961,969226413.930462,301925622.943949,-199996892142.011,153471054592.903,2.37425460210635e-05,0.0999999999599586,0.000237425460305704,0.000292592188694566,-0.00021037678637169
0.009,7.27535844893657e-05,-4.84910907724178e-05,0.0544523804001805,-0.0319066013223443,33.7832015885255,-16.0014537591674,16435.8222653345,-5179.73660672688,5523049.19722803,-408895.37922556,769229521.788265,455396677.536849,-199997264768.984,122469219011.816,4.84910907724178e-05,0.0999999998015142,0.000484910908686657,0.000633866800391527,-0.00041478347241563
0.01,0.000147073128923494,-8.92747806474818e-05,0.0974043859074973,-0.0505460771763433,53.1004201534142,-21.3046357251242,22310.1533459952,-5340.52211068205,6192280.08663181,107735.907817197,569232257.019093,577865896.548665,-199997041472.982,-3395744330.97367,8.92747806474818e-05,0.0999999991888958,0.000892747813715933,0.00124250760981455,-0.000732325127087617
0.011,0.000275008561304323,-0.000151353962875513,0.162713980784092,-0.0744789685243389,78.5932523755072,-26.4951203884857,28753.7167208911,-4944.41921197901,6661513.82291441,683903.932200375,369235215.545956,574470152.217694,-199995897101.113,-122669821058.965,0.000151353962875513,0.0999999971641459,0.00151353967167691,0.00224448303854535,-0.00118186951393577
0.012,0.000482091816667197,-0.00023987144858873,0.256808061992411,-0.103309400522267,110.730932048073,-31.0069538515384,35566.5155020617,-3993.72517384629,6930751.08990981,1197039.17388859,169239318.444753,451800331.158735,-199988543693.84,-151983347393.137,0.00023987144858873,0.0999999912859311,0.00239871469491295,0.00378584289231707,-0.00176805910253609
0.013,0.000800483011135398,-0.000359296516351716,0.38648276204061,-0.136096151945831,149.782696792182,-34.3331920227218,42548.5548272449,-2596.11639227719,6999996.13650764,1572847.83135075,-30749225.2490808,299816983.765606,61436931148.4649,-162230292217.118,0.000359296516351716,0.0999999759774222,0.00359296602664022,0.00602282306995969,-0.00247562918518989
0.014,0.00126924004297473,-0.000512924141892631,0.558705633026241,-0.171454120404232,195.828684688941,-36.0996745975385,49543.4158396528,-900.398451079822,6999965.37683279,1791549.6690078,30687705.8993824,137586691.548497,-61333567285.8003,-165757000756.807,0.000512924141892631,0.0999999396141731,0.00512924451626302,0.00910914111603889,-0.00326627146949034
0.015,0.001934409090095,-0.000702502601763228,0.780473454072862,-0.207701051145322,248.87464226936,-36.088273640555,56548.502808221,932.318396909423,6999986.29908927,1846257.86017789,-30645861.3864119,-28170309.2083018,61229958383.2896,-165291110028.964,0.000702502601763228,0.0999998597677857,0.00702503586899563,0.0131819541962267,-0.00407902738740464
0.016,0.00284903611153268,-0.000928015940241728,1.05878824546863,-0.243018007132847,308.92058183183,-34.2444084946766,63543.3711696809,2736.942584145,6999955.4168945,1735441.99595511,30584096.9968757,-193461419.237258,-61108951115.5624,-160782387557.718,0.000928015940241728,0.0999996959013169,0.00928018762334563,0.0183488359508543,-0.00483438629094055
0.017,0.00407316704458869,-0.00118762951992842,1.40064793721792,-0.275614104748478,375.966481853163,-30.6786877485761,70548.433809888,4348.85680588853,6999985.0383336,1461589.38293899,-30524854.118681,-354243806.79497,60960338278.521,-149514187064.496,0.00118762951992842,0.0999993786938416,0.0118763689878961,0.0246776835742542,-0.00544172352364646
0.018,0.00567384779137833,-0.0014778004192159,1.81305453628333,-0.303890771973784,450.012360720628,-25.6643066434792,77543.316477542,5608.40525425262,6999940.35335418,1032588.48261177,30435484.1598379,-503757993.859463,-60784332863.0812,-120672463507.223,0.0014778004192159,0.0999987950626168,0.0147781822600016,0.0321906085896089,-0.00580933023510862
0.019,0.00772512422749619,-0.00179354995136586,2.3030059735777,-0.326600773429963,531.058187275007,-19.6285948328777,84548.3438508323,6369.00266268346,6999983.67108247,468494.256998698,-30348848.7032376,-624430457.366686,60554961503.0976,-24525270395.817,0.00179354995136586,0.0999977678547932,0.0179358998689878,0.0408623577040433,-0.00585600036424605
0.02,0.0103080421825434,-0.00212888923882412,2.87750423681297,-0.342993006868298,619.103987943327,-13.1304386708566,91543.245591147,6521.19414593284,6999912.30313078,-168198.835565896,30206112.7998577,-648955727.762506,-60272728480.4078,101657911762.351,0.00212888923882412,0.0999960291010959,0.0212897377822055,0.0506233607016925,-0.00552293991481754
0.021,0.0135106474519516,-0.00247737287439419,3.54354725591802,-0.352917074278163,714.149712674488,-6.7972674843443,98548.215495931,6045.46043177942,6999982.05169044,-766325.607447226,-30066615.6805445,-547297816.00016,59830923410.456,140761531202.836,0.00247737287439419,0.0999931856677172,0.0247754170231823,0.061367051283374,-0.00478459277438731
0.022,0.0174279857652586,-0.00283271730122221,4.30813698583146,-0.356840963544088,816.195401048796,-1.22032109515538,105543.13606035,5028.94617153259,6999830.89771512,-1243242.65784597,29764307.729909,-406536284.797331,-59230469825.7681,154830635573.736,0.00283271730122221,0.0999886761177539,0.028330381111219,0.0729606950397705,-0.00365672661726988
0.023,0.0221621027996901,-0.00318938524215552,5.17827133998596,-0.355769667419677,925.240945339719,3.12569897647024,112547.977366959,3608.24047721691,6999979.97053214,-1572363.62485643,-29466162.0958538,-251705649.223603,28083739424.4055,160405295668.911,0.00318938524215552,0.099981717608879,0.0318996844466321,0.0852586279356676,-0.00220006690747431
0.024,0.0278220440678666,-0.00354305807658674,6.16095194361231,-0.351111059833318,1041.28517182074,5.91249025370816,119537.90487968,1936.7582436935,6984555.67814849,-1743866.62624558,-1382422.67145087,-91300353.5547013,33626615937.9908,161478146888.861,0.00354305807658674,0.0999712417211726,0.0354407729221629,0.0981165861715928,-0.000518421968303217
0.025,0.0345238526398794,-0.00389096329592275,7.26317038310709,-0.344523293425634,1164.31652524472,6.96882671480734,126527.373782483,174.154465152046,6999986.56344603,-1754427.90635585,32244193.266545,70177793.3341521,-199934063422.638,158815008611.241,0.00389096329592275,0.0999558182456552,0.0389268315163023,0.111405699520063,0.00124876922628881
0.026,0.0423905608383684,-0.00423204544601787,8.49191693706146,-0.337755546596173,1294.34093575517,6.2840808176967,133510.160098658,-1518.71537643485,6932263.72500126,-1604842.60871608,-167689870.156115,228992801.945386,-199979399992.597,151278368755.076,0.00423204544601787,0.099933566189784,0.0423485882409199,0.125024754342821,0.00293878466499124
0.027,0.0515521871058212,-0.0045669768214941,9.85415967658085,-0.332487495214982,1431.28094692964,4.00741286926037,140325.248988583,-2983.84852271906,6664584.15484885,-1300210.62239315,-367669270.148751,380271170.700457,-199984891134.783,134387355374.042,0.0045669768214941,0.0999020515318687,0.0457145449113949,0.138909662635772,0.00438163636565637
0.028,0.062145649146711,-0.00489800873822831,11.3566970259372,-0.33017174385073,1574.86887708016,0.442437036936303,146772.667693168,-4071.52566719964,6196922.4391327,-852745.774005674,-567654161.283579,514658526.074497,-199985937269.903,92254919493.2414,0.00489800873822831,0.0998581720806399,0.0490496534852746,0.153038385656239,0.00541814493846653
0.029,0.0743144959193694,-0.00522866896529247,13.0059597384646,-0.331884981046802,1724.63706421863,-3.96584114127403,152652.432062114,-4651.56635825252,5529275.30921417,-291959.788184556,-767640098.553525,606913445.567738,-199984900832.856,-15521731031.0218,0.00522866896529247,0.0997980309952041,0.0523925062764389,0.167429943541185,0.00591823339615594
0.03,0.0882084399736741,-0.00556331925690638,14.8078109130545,-0.338200106619417,1879.91786121473,-8.66288189148313,157764.556505246,-4642.65637882505,4661642.76024422,307192.791867671,-967624999.386418,591391714.536719,-199981580115.258,-102674562969.242,0.00556331925690638,0.0997168017413603,0.0557911922540014,0.182137501191403,0.00579752218002807
0.031,0.103982689803915,-0.00590660699517395,16.7673460087607,-0.349109332201578,2039.84363570104,-13.0576546954081,161909.056502445,-4056.88015685056,3594026.97080017,847247.224919768,-1167606579.5017,488717151.567481,-199973555013.41,-133740640259.708,0.00590660699517395,0.0996085887884459,0.059298169635941,0.197236273740467,0.00503030109697676
0.032,0.121797082216611,-0.00626288211255596,18.888692860488,-0.36403497039527,2203.34677236084,-16.6150309078814,164885.951257658,-2987.564462857,2326433.61379176,1269094.05635739,-1367580134.51513,354976511.307779,-199947542213.418,-146156449193.411,0.00626288211255596,0.0994662901833452,0.0629648708221816,0.212807492787358,0.00365696898116062
0.033,0.141815014715691,-0.00663566689175378,21.1748116986784,-0.38191869514095,2369.15967925539,-18.9149754427248,166495.270213824,-1565.34155904462,858879.708169926,1550992.34306847,-1567527676.72855,208820062.114374,-17652576596.4027,-150736385119.001,0.00663566689175378,0.0992814702155618,0.0668369120375261,0.22892004228502,0.00178443470092067
0.034,0.164202178165112,-0.00702723780938354,23.627296698901,-0.401350397939965,2535.82239918649,-19.676298169263,166567.44398753,64.9380842278644,-717474.256856827,1684444.21262334,-1585180253.32495,58083676.9953794,199943497050.333,-150410132210.978,0.00702723780938354,0.0990442526441068,0.070950485482831,0.245611582102498,-0.000421046727653283
0.035,0.189125104477381,-0.00743834507309057,26.2462188580573,-0.420712319629562,2701.77524031574,-18.7657244547334,165090.703520186,1753.3557799804,-2202682.76165661,1667322.82351323,-1385236756.2746,-92326455.2155924,199969364546.519,-145356008351.535,0.00743834507309057,0.0987432471127065,0.0753301647514221,0.262871146049742,-0.0027480609368224
0.036,0.216749623028504,-0.00786807952846999,29.030116284553,-0.438328537292749,2865.54206171924,-16.2001515058809,162228.730607816,3350.28937449391,-3487934.83565795,1502318.36412187,-1185267391.72807,-237682463.567123,199977111546.633,-133500875756.628,0.00786807952846999,0.0983655223317747,0.0799881842942077,0.280625801357791,-0.00495987025541622
0.037,0.247239393535591,-0.00831388932945951,31.9761436694385,-0.452614173660635,3025.83761272359,-12.1438792297444,158181.491594885,4711.51636087278,-4573213.6716127,1197885.46267643,-985290280.181413,-371183339.323748,199979960198.881,-108328715080.457,0.00831388932945951,0.0978966390976623,0.0849251762480377,0.298734247630426,-0.00681792215508565
0.038,0.280754621109758,-0.00877174352176464,35.0802704384191,-0.462219015844586,3181.57661493431,-6.89979772388307,153148.962776548,5705.7553680406,-5458513.97169467,772537.765812458,-785310319.982512,-479512054.404203,199980187157.324,-52384686465.1954,0.00877174352176464,0.0973207561728978,0.0901322992823953,0.316988918321163,-0.0081066696769672
0.039,0.317450970978196,-0.00923643335685956,38.3374807276516,-0.466157595798127,3331.87376817948,-0.889874843940254,147331.123676055,6229.80632557343,-6143834.19809852,266833.368175658,-585330132.825169,-531896740.869399,199977618459.778,38046654085.8502,0.00923643335685956,0.0966208225305507,0.0955946463190072,0.335126444239913,-0.00865718364018602
0.04,0.357478683184128,-0.00970199085059832,41.7419733630277,-0.463909940559996,3476.04375213512,5.38628398616254,140927.954014621,6237.03243232869,-6629175.5216938,-246040.045650816,-385352514.365378,-493850086.78355,199968562610.555,95540440713.6334,0.00970199085059832,0.0957788691850284,0.101295733945822,0.35284535984293,-0.00836707537112105
0.041,0.400981887266382,-0.0101621823781504,45.2873618396333,-0.455465927948547,3613.60122499327,11.4219688995647,134139.430329513,5759.99075007171,-6914543.7547539,-692119.912077549,-185383951.754816,-398309646.06992,199909952049.98,120297465920.126,0.0101621823781504,0.0947764130251312,0.107222694484711,0.369829239506356,-0.00721442715877233
0.042,0.448098116917037,-0.0106110093136874,48.9668742974174,-0.44129491074899,3744.26081570145,16.7745271469992,127165.512924223,4888.76559261255,-6999972.73048373,-1030280.82518741,14526000.2951635,-278012180.149797,-28705213470.354,130671552936.646,0.0106110093136874,0.0935949839394863,0.113371559746706,0.385772945390693,-0.00526378872942421
0.043,0.498958024290118,-0.0110431472302448,52.7735515734994,-0.422258209187774,3867.92756720992,21.1072616116988,120168.018991642,3741.25726950636,-6999799.33692374,-1242957.22886888,-14179213.1751905,-147340627.213155,28077683000.6797,133296744505.747,0.0110431472302448,0.0922167851955735,0.119752030032542,0.400409391576404,-0.0026630896481028
0.044,0.553685275912925,-0.0114542810983368,56.7003961601627,-0.399492506866057,3984.59449323437,24.2080375265899,113165.809661964,2446.84585111519,-6999939.70859859,-1323649.48382916,13898469.8254888,-14043882.7074119,-27649529636.519,129907341302.83,0.0114542810983368,0.0906254961591245,0.126391375316996,0.413534038123437,0.000368532322855407
0.045,0.612396538701253,-0.0118413168674648,60.7404072503003,-0.37428115726181,4094.26149738994,25.9961307945606,106168.210933339,1137.82564948279,-6999866.00359136,-1272739.69588516,-13751059.8110303,115863458.595415,27338273141.4129,119650920874.009,0.0118413168674648,0.0888072277311819,0.133337310148992,0.425023870493746,0.0035608801661121
0.046,0.675201479664371,-0.0122024622208307,64.8865858636813,-0.347922412190034,4196.9286225729,26.5218826275702,99166.0257786986,-57.0404969589883,-6999947.92683168,-1097050.77685274,13587213.330382,235514379.469422,-27082651067.3115,98842013849.8789,0.0122024622208307,0.0867516405038065,0.140659728737871,0.434848344833708,0.0066188343139847
0.047,0.742202765921424,-0.0125371768090048,69.1319311816011,-0.321601254824486,4292.59581047994,25.9596875560074,92168.3576833543,-1019.86041510204,-6999902.03903496,-812115.390458378,-13495437.7369298,334356393.319299,26886364367.3128,59760012813.5606,0.0125371768090048,0.0844532331144276,0.148451117223871,0.443071204474617,0.00925185686696514
0.048,0.813496064663514,-0.0128459991656248,73.4694441823262,-0.296272420524605,4381.26308816934,24.5919855117637,85166.1889861787,-1654.83760676517,-6999954.29458823,-447878.990732298,13390926.6303822,394116406.132859,-26716604337.5676,-1016162371.38012,0.0128459991656248,0.0819128063217029,0.156825284622451,0.449843101575384,0.0112038811114924
0.049,0.889170043164485,-0.0131302667783935,77.8921240412567,-0.272566087265772,4462.93041863749,22.7788521372228,78168.4773875161,-1905.82775482627,-6999921.67012663,-54270.6657851291,-13325677.7071859,393100243.76148,26577637139.8721,-56492459710.897,0.0131302667783935,0.0791391064398546,0.165913760832926,0.455385857273999,0.0122805136554715
0.05,0.969306368757095,-0.0133917601414536,82.3929717112202,-0.250733285710595,4537.59782164521,20.9090519043098,71166.3224847258,-1772.96370868248,-6999958.52926388,310583.348120902,13251959.4326852,336607784.050585,-26450287126.4598,-87946002477.7539,0.0133917601414536,0.0761506497161184,0.17585877719201,0.459969995221529,0.0123706366126572
0.051,1.05397970884165,-0.0136323187712727,86.964986366099,-0.230645659328287,4605.26527142991,19.3438167502598,64168.5815539906,-1308.73413561591,-6999931.71339442,603218.13093261,-13198327.6937754,248661781.572833,26338619712.7979,-102649227719.079,0.0136323187712727,0.0729777270004336,0.186801087559109,0.463887818385182,0.0114599115741805
0.052,1.14325773086984,-0.0138534835808796,91.6011689425787,-0.21184616779334,4665.93278484842,18.3738582592173,57166.4404467014,-598.293318516729,-6999960.7312318,800555.298645903,13140292.0190214,146012553.853756,-26230086925.3377,-107095957648.859,0.0138534835808796,0.0696645856739963,0.198859771386693,0.467424703337194,0.00963444390320496
0.053,1.23720110235296,-0.0140562081105984,96.2945186164569,-0.193632838920172,4719.60034205788,18.195715684097,50168.6781803249,257.418930781242,-6999935.48267544,893019.873675229,-13089794.9063171,38916596.2048993,26128292863.5129,-103620368184.717,0.0140562081105984,0.0662717832732226,0.212099439857353,0.470831426923686,0.00707396059738677
0.054,1.33586349085005,-0.0142406627989719,101.038036314019,-0.175158819103293,4766.26795954325,18.9018131357421,43166.5525156735,1152.6270411948,-6999961.13115,880126.28578777,13038497.9571946,-64703771.9798157,-26023852240.2126,-91850823935.8878,0.0142406627989719,0.0628787046027521,0.226478310724433,0.474300204074077,0.00403506119226756
0.055,1.43929156397673,-0.0144061426018403,105.824721216037,-0.155537466146684,4805.93562024917,20.4798922401698,36168.7733247954,1985.09297033668,-6999934.55931291,769497.10184001,-12985354.2830188,-156554595.915702,25919795719.7492,-69396333128.8152,0.0144061426018403,0.0595862313819459,0.241769654964372,0.477946721539734,0.000826194757687475
0.056,1.54752498939563,-0.0145510786116644,110.647574242131,-0.133943879315307,4838.60334206008,22.8207498148932,29166.6660542942,2664.74671869737,-6999960.01573606,578244.339359901,12934441.4367293,-225950929.044517,-25808515833.6085,-33838577843.2562,0.0145510786116644,0.0565195506487048,0.257452128416698,0.481799840137874,-0.00222310584996726
0.057,1.66059643482675,-0.0146731458280271,115.49959458108,-0.109704078694694,4864.27110849192,25.7355502743526,22168.8718399709,3124.37583056114,-6999929.83221613,335374.121393756,-12874074.39688,-259789506.887773,25692181959.3827,9555636128.41022,0.0146731458280271,0.0538310852639729,0.27257755915702,0.485799871647486,-0.00479559159680899
0.058,1.77853156803871,-0.0147694495799984,120.373783148202,-0.0823611897506438,4882.93894024429,28.9847130659678,15166.7870008829,3331.44780453241,-6999957.81563332,80362.4325701875,12818107.5625018,-250233870.759364,-25565493444.115,45897280366.4869,0.0147694495799984,0.0517035269553253,0.285656519965456,0.489805490687099,-0.00661881809145266
0.059,1.90134905686128,-0.0148367618450164,125.263139143353,-0.0517074029775898,4894.60681945972,32.3165488283405,8168.97732345682,3294.34284845066,-6999922.45479287,-146922.798005933,-12747385.8816138,-204336590.392878,25429185419.2801,68006798298.5121,0.0148367618450164,0.0503529494240152,0.294655268752542,0.49360850161227,-0.00749338691835193
0.06,2.02906056917624,-0.0148717696465724,130.160663478501,-0.0177761171593021,4899.27477054086,35.5062077959851,1166.91937329301,3056.58622163138,-6999955.24796485,-317255.989249555,12681799.5376656,-136329792.094367,-25282724934.7381,77776095642.3871,0.0148717696465724,0.05,0.297435392931447,0.496954925655143,-0.00731384587498007
0.061,2.16167077293235,-0.0148712974758553,135.059355367239,0.0192004754754201,4896.94277247655,38.3846850616278,-5830.90876239213,2684.1280189417,-6999914.81089455,-414697.733522728,-12600925.3970729,-58553696.4519814,25124930483.8626,77582922935.3796,0.0148712974758553,0.05,0.297425949517105,0.499570278411162,-0.00607993664741906
0.062,2.29917733613448,-0.0148324749624446,139.952215717202,0.058856315044607,4887.61085302658,40.8549378861886,-12832.9365475712,2253.08392434888,-6999953.27104969,-434459.96850702,12524005.0867891,19029226.4833972,-24962089727.1613,67888202894.2923,0.0148324749624446,0.05,0.296649499248892,0.501186526177743,-0.00389693658048644
0.063,2.44157092686042,-0.0147528335141019,144.832243756893,0.100766743517683,4871.27898709059,42.896792039152,-19830.7881643654,1839.45326956594,-6999910.31082648,-381486.640576476,-12438084.6403725,86917429.3776888,24791561695.3738,47675770176.2732,0.0147528335141019,0.05,0.295056670282037,0.501568078363551,-0.000965039241806625
0.064,2.58883521324736,-0.0146303269037679,149.692440386526,0.1445236999425,4847.94720373844,44.5619747170835,-26832.7855905629,1509.37130537436,-6999952.61461917,-270731.326110651,12353477.0550007,134593199.553962,-24623229879.6426,16928105367.8549,0.0146303269037679,0.05,0.292606538075357,0.500534299213869,0.00244110508850859
0.065,2.74094686350888,-0.014463280789933,154.525804848234,0.189800987542114,4817.61547478551,45.9591178970521,-33830.6653383011,1308.75792993533,-6999910.75250399,-127674.073872761,-12269752.8246423,151521304.921817,24454610956.6038,-18356716035.1194,0.014463280789933,0.05,0.28926561579866,0.497976392924353,0.00600052732947192
0.066,2.89787554591906,-0.0142502861996914,159.325338031108,0.236399365806896,4780.28382805427,47.2285274777034,-40832.6351987247,1253.78505585096,-6999953.19985033,14668.873031496,12184858.1319609,133164588.886699,-24291799562.1082,-47721493123.6063,0.0142502861996914,0.05,0.285005723993829,0.493867089465716,0.00937877662164961
0.067,3.05958392882809,-0.0139900619513414,164.084039187967,0.284262381470126,4735.952234907,48.5098526726711,-47830.5446027694,1327.08264113853,-6999914.24149942,123972.715356392,-12106941.4301477,85443095.7630936,24134036680.9487,-66047646416.5524,0.0139900619513414,0.05,0.279801239026827,0.488262279300043,0.012261960531587
0.068,3.22602768064562,-0.0136813176772717,168.79490919486,0.333459447314531,4684.62072094477,49.910410202181,-54832.4899755371,1482.76896330705,-6999954.16458909,176391.987911209,12027095.2508002,19395449.3465425,-23979888072.6228,-73621783820.0583,0.0136813176772717,0.05,0.273626353545434,0.481294538056312,0.0143883541870003
0.069,3.39715546985479,-0.0133226484876529,173.450947313086,0.384140835291877,4626.28925924081,51.4815401600088,-61830.4272405129,1656.58837858818,-6999917.0133746,158976.545347722,-11952792.8218232,-54226334.4735147,23830776256.8984,-71152557643.1173,0.0133226484876529,0.05,0.266452969753057,0.473159272773978,0.0155742320724084
0.07,3.57290896499658,-0.0129124847109041,178.045154406428,0.43647431336349,4560.95787431049,53.2056143989565,-68832.3488542556,1776.59299709196,-6999954.41806797,69173.9320526488,11877983.4350742,-125378892.116631,-23678561554.24,-57659368252.3054,0.0129124847109041,0.05,0.258249694218081,0.464094929047285,0.0157312539945396
0.071,3.75322283468336,-0.0124491097341674,182.570529744837,0.490574048634429,4488.62654130437,54.9934954063779,-75830.3107075317,1773.46758837758,-6999915.71541002,-85034.6441901349,-11800578.1191664,-183038260.368936,23526581237.9589,-30716353639.9412,0.0124491097341674,0.05,0.248982194683348,0.454359258987747,0.0148736929005463
0.072,3.93802474758492,-0.0119307484709888,187.020074182532,0.546432222830503,4409.29528625034,56.6926594478636,-82832.2056151283,1591.79442172965,-6999953.00291021,-283431.081379042,11726003.1187915,-213754614.008878,-23359996177.9574,8774743590.76454,0.0119307484709888,0.05,0.238614969419776,0.444204007326633,0.0131149038431996
0.073,4.12723537244354,-0.0113557181980935,191.386787001058,0.603864707656283,4322.96408513443,58.1074781742183,-89830.1889491755,1202.9484906113,-6999906.99788039,-492798.323592537,-11633993.0591666,-204979870.418114,23183914738.672,49123292444.8526,0.0113557181980935,0.05,0.227114363961871,0.433850498198588,0.0106535923792897
0.074,4.32076837806147,-0.0107226214331371,195.663669049001,0.662483395554712,4229.63296968392,59.0319109951486,-96832.0489577957,615.847447217179,-6999949.03357022,-673216.547788225,11549921.6795044,-155856577.973263,-22970796874.4275,78325689649.9498,0.0107226214331371,0.05,0.214452428662742,0.423468485750313,0.00775154339023667
0.075,4.5185304333203,-0.010030548681552,199.843719625857,0.721705186205504,4129.30191407975,59.2884376425447,-103830.051496672,-122.243107949351,-6999884.51032793,-789910.280936513,-11420875.1949236,-77530888.3233153,22727877771.7427,95131681572.5254,0.010030548681552,0.05,0.200610973631041,0.413160285533629,0.00470539641177259
0.076,4.72042120716916,-0.00927925307726814,203.9199395803,0.780798412890918,4021.97096384362,58.7622813994721,-110831.858464969,-935.063552785434,-6999941.44663698,-819875.328473565,11307002.5768183,17600793.2492079,-22389288840.7481,101995485158.401,0.00927925307726814,0.05,0.185585061545363,0.402951663892015,0.00181565672335884
0.077,4.92633336865388,-0.00846926324074109,207.885328242551,0.838958099954682,3907.64008626872,57.4244634598732,-117829.877958457,-1729.13923710799,-6999829.08848054,-751276.792645156,-11082286.2639302,119596278.407607,21965092162.9092,99919617585.354,0.00846926324074109,0.05,0.169385264814822,0.392790287724003,-0.000643681381587536
0.078,5.13615258690518,-0.00760191126671591,211.73288647294,0.895398596838974,3786.30936193048,55.3437818569102,-124831.587341376,-2403.96462095179,-6999928.82866301,-581720.705444872,10882805.8989784,219515895.99296,-21198945666.931,86944111985.5507,0.00760191126671591,0.05,0.152038225334318,0.382551790369188,-0.00245172744172411
0.079,5.34975753119208,-0.00667926372802632,215.455613663187,0.949453313964434,3657.97874068635,52.6891655372346,-131829.607924701,-2861.43669306925,-6999645.4955975,-318732.753459137,-10316139.7679527,306460007.97851,20103786788.4932,56291011902.9495,0.00667926372802632,0.05,0.133585274560526,0.37205276932975,-0.00346084649981665
0.08,5.56701987091436,-0.00570395338592461,219.046510730021,1.00067187728832,3522.648428315,49.7217845942619,-138831.060859051,-3017.55760722198,-6999909.7419712,15872.7604708477,9787647.02054021,362751019.88146,3247387437.20958,-1001714460.72641,0.00570395338592461,0.05,0.114079067718492,0.361069363846401,-0.0036084674280085
0.081,5.78780427577157,-0.00467891985970791,222.498577411163,1.04890263481726,3380.31917916728,46.7725801324869,-145825.535546272,-2820.47628922052,-6988498.40123206,378122.923121944,13035034.4577499,361749305.420735,-48842736521.6285,-64872798472.4773,0.00467891985970791,0.05,0.0935783971941583,0.349359537681677,-0.00291958386568163
0.082,6.01196841736975,-0.00360708233460752,225.804819208927,1.0943425295734,3230.99953181211,44.1987538224615,-152815.656886362,-2272.29084646696,-6999884.73503512,707435.82930644,-35807702.0638787,296876506.94826,71912248350.7841,-104862460302.967,0.00360708233460752,0.05,0.0721416466921503,0.336686865788206,-0.00150004543328476
0.083,6.23936297520806,-0.0024909873384423,228.958243372122,1.1375345399448,3074.68096095156,42.3252910392936,-159821.460097704,-1433.89384040355,-6999736.31292361,951881.106103217,36104546.2869056,192014046.645298,199655182656.386,-125627600296.751,0.0024909873384423,0.05,0.049819746768846,0.322843520441692,0.000478174415386351
0.084,6.46983163107314,-0.00133248804793737,231.951850148455,1.17930848460351,2911.37396908772,41.3941056097037,-166769.868273708,-406.943644360473,-6863804.17530851,1081081.35260014,235759728.943289,66386446.3485513,199806845386.696,-135678706814.135,0.00133248804793737,0.05,0.0266497609587473,0.307670075965434,0.00279765147770194
0.085,6.70321108947843,-0.000132504924635442,234.778706704422,1.22068093406251,2741.21981729974,41.5331137699174,-173482.491443647,684.717813611585,-6528141.02367187,1079628.44554162,435566574.32998,-69292260.4655792,199820996930.724,-138809763793.111,0.000132504924635442,0.05,0.00265009849270885,0.291070612400302,0.00521955546028613
0.086,6.93933122424431,0.00110910090023954,237.432117066279,1.26273230088794,2564.55417564819,42.740313356064,-179759.545680666,1706.56516828823,-5992663.95087653,940931.303179488,635387571.260699,-208102024.258686,199783272446.226,-135637204793.678,0.00110910090023954,0.05,0.0221820180047908,0.273022680889337,0.00750837970835628
0.087,7.17801541435219,0.00239352506823617,239.905820831104,1.30647291748429,2381.91252022365,44.877008955032,-185401.218633838,2520.83925853943,-5257384.74339272,665010.676523963,835170843.706922,-343739229.052362,199621614901.739,-123410374492.959,0.00239352506823617,0.05,0.0478705013647234,0.253581838943457,0.00945478221458732
0.088,7.41908107941962,0.00372288130295591,242.194192973519,1.35270583029368,2194.03012192602,47.6679215813869,-190207.747686227,2993.41192478839,-4322403.09223492,259566.260225122,1034792458.60866,-467149603.545319,110608896099.918,-90853537581.0898,0.00372288130295591,0.05,0.0744576260591181,0.232880482841769,0.0108942720074751
0.089,7.66234041483959,0.00509992679218995,244.29244285918,1.40189349720121,2001.83824680745,50.7094728049637,-193994.319733141,3004.26112697733,-3232306.18557631,-253010.112110743,1145401354.70858,-558003141.12641,-199658625915.076,-3377744915.73417,0.00509992679218995,0.05,0.101998535843799,0.211121162368821,0.011719977173811
0.09,7.90760131902384,0.00652766053917616,246.196791289658,1.45403965393889,1806.41035509789,53.4940876129923,-196687.201679015,2471.68648681743,-2186734.14382527,-812702.125695019,945742728.793506,-561380886.042147,-199825228589.74,95294026221.4348,0.00652766053917616,0.05,0.130553210783523,0.188565023170139,0.011888413100887
0.091,8.15466845078051,0.00800882077625972,247.904531328962,1.50861153768764,1608.77908408391,55.4698301403804,-198434.368663209,1394.17625580491,-1340904.02932663,-1326435.99862645,745917500.20377,-466086859.820717,-199871505689.604,135726106867.986,0.00800882077625972,0.05,0.160176415525194,0.165515957675894,0.0114180314093885
0.092,8.40334424932412,0.00954534062801174,249.41389915901,1.56453909405455,1409.79025501,56.1287625080208,-199435.625860048,-142.682154920565,-694922.281967662,-1724659.80501317,546045994.514171,-330360752.952737,-199879991549.409,152663960502.91,0.00954534062801174,0.05,0.190906812560235,0.142300430444433,0.0103813569825928
0.093,8.65342977965734,0.0111378459211631,250.723876866959,1.62029657935257,1210.08984734174,55.0750513234554,-199890.838476684,-2007.07834299295,-248816.283228195,-1978688.57771445,346166002.964767,-177696792.449835,-199843263299.168,160437631045.667,0.0111378459211631,0.05,0.222756918423262,0.119243660966161,0.0088923739824727
0.094,8.90472537854804,0.0127852618097865,251.833992583905,1.67403224302215,1010.12396825463,52.0556974608237,-199999.878968979,-4047.87571175805,-2571.91191301148,-2076166.55464146,146322739.665602,-17259161.4041765,-199536152546.267,163329863925.342,0.0127852618097865,0.05,0.255705236195729,0.0966442853130414,0.00709109528287293
0.095,9.15703110063798,0.0144845608316682,252.744120618003,1.72371861681846,810.138876446608,46.9736673558412,-199962.545536484,-6105.45020311403,43982.7514794576,-2011760.78408296,-53213412.8806634,146070702.521158,-43054598174.0733,162389397073.005,0.0144845608316682,0.05,0.289691216633363,0.074749975885863,0.00512716857057931
0.096,9.41014696493266,0.0162306663265615,253.454282976126,1.76731170513297,610.187659442123,39.893448102651,-199952.345257807,-8017.11073642424,-30757.9604882425,-1784495.3830253,-96268011.0547373,308460099.594157,195182066018.182,156525713358.403,0.0162306663265615,0.05,0.324613326531231,0.0537363813241199,0.00314426128333178
0.097,9.66387301453491,0.0180165170045467,253.964486951963,1.80291333885534,410.212023121642,31.0420215960371,-199998.706879486,-9621.2884507594,-29434.9385338886,-1397772.42675194,98914054.9634446,464985812.952557,-124991842794.964,139943887163.943,0.0180165170045467,0.05,0.360330340090933,0.0336915194812485,0.00126678986417416
0.098,9.91800927380486,0.0198332936348556,254.274697795642,1.8289322947628,210.209876455262,20.8051755626933,-199999.516764338,-10763.2439898411,6983.19503207395,-862814.670217412,-26077787.8315195,604929700.116499,40543065219.2579,80391700050.7452,0.0198332936348556,0.05,0.396665872697111,0.0146078935694749,-0.000409735643652855
0.099,10.1723557434159,0.0216708038455263,254.384908328865,1.84423792122054,10.2111942848483,9.71469550859942,-199998.815285685,-11310.1951933251,1176.93981018338,-217689.120075541,14465277.3877386,685321400.167247,-54398703500.8896,-91603333377.8464,0.0216708038455263,0.05,0.433416076910526,-0.00361563328713015,-0.00182389666638075
0.1,10.4267124243001,0.0235180105953739,254.295120461061,1.84828902930969,-189.786888264017,-1.5939408169586,-199999.472157764,-11200.4908355467,-11557.1345525228,421830.613402783,-39933426.1131518,593718066.789407,191549313327.573,-149750937791.119,0.0235180105953739,0.05,0.470360211907478,-0.021162598246173,-0.002948772984766
0.101,10.6808793175234,0.0253636582217414,254.005331842881,1.84118863850549,-389.790813338691,-12.4908029570793,-199999.071119819,-10506.759678381,44284.0959981119,940673.211296631,151615887.21442,443967128.998298,-164855302893.013,-167175300632.492,0.0253636582217414,0.05,0.507273164434828,-0.0382800574772659,-0.00378804060941698
0.102,10.9346564236607,0.0271968929944108,253.515553818199,1.82361834008064,-589.749342066931,-22.4601971458379,-199906.454964029,-9371.96545269067,113472.331766026,1301052.68997868,-13239415.6785915,276791828.365818,-197235207058.573,-174557130883.893,0.0271968929944108,0.05,0.543937859888216,-0.0552537663318793,-0.00436919684685974
0.103,11.1878437894091,0.0290077755163634,252.825867965436,1.79669908067354,-789.609485567986,-31.1427774959312,-199832.474874612,-7961.60970367639,1615.31255814799,1490565.95290255,-210474622.737164,102234697.48194,186109518040.994,-177869117863.103,0.0290077755163634,0.05,0.580155510327269,-0.07237944553146,-0.00473560528014767
0.104,11.4402415457912,0.0307876389851686,251.936335292786,1.761826703521,-989.468477326858,-38.3494763201535,-199905.078620416,-6449.57125501005,-115804.551158519,1503866.09145294,-24365104.6961715,-75634420.3811493,199553295753.303,-178787324066.775,0.0307876389851686,0.05,0.615752779703373,-0.0899335206715648,-0.00493859623352238
0.105,11.6916498245811,0.0325292778044718,250.846895623122,1.72049844459336,-1189.42720435298,-44.0671697380037,-199999.806841297,-5013.32026109215,-40393.0079780391,1338838.00903841,175188191.057128,-254421744.447911,199832548089.931,-177560298684.113,0.0325292778044718,0.05,0.650585556089437,-0.108147287408319,-0.00503054124475249
0.106,11.9418686733553,0.0342269605289438,249.55747074796,1.67413567381781,-1389.40968331025,-48.4608729644305,-199919.300329065,-3831.28650739172,234711.457124054,995636.115248438,375020739.147053,-431982043.132014,199876783658.454,-173188242150.052,0.0342269605289438,0.05,0.684539210578877,-0.127185800355893,-0.00505962155016075
0.107,12.1906981325607,0.0358762648629769,248.068157824565,1.62390565446507,-1589.14079625491,-51.8735545981439,-199463.765705091,-3080.5061207343,709670.588100334,477059.951041398,574897522.805502,-605170285.28206,199877882116.244,-161094181151.994,0.0358762648629769,0.05,0.717525297259539,-0.147131892952415,-0.00506680047278698
0.108,12.4379385106642,0.0374737349331267,246.379429043602,1.57054479891834,-1788.14558216706,-54.8231047151204,-198433.333375235,-2932.88034252593,1384507.05196396,-208657.424816659,774775404.921741,-766264466.434053,199848155315.238,-108368990783.935,0.0374737349331267,0.05,0.749474698662533,-0.167976468085536,-0.00508526453449665
0.109,12.6833908591163,0.0390163641361881,244.492331493632,1.51418764703346,-1985.74920577568,-57.9925398890777,-196628.130594924,-3542.73149902361,2259206.53454332,-1029106.38664268,974623560.236977,-874633457.217993,199729673178.772,123308319697.286,0.0390163641361881,0.05,0.780327282723763,-0.189615908787939,-0.00514232465413443
0.11,12.9268576471848,0.0405009150612441,242.40868703071,1.45421680817237,-2181.07697377358,-62.1904589776396,-193848.324001399,-4988.60322765907,3333694.93136968,-1842085.68401203,1174353233.41575,-751325137.520718,-160370848674.715,167843757460.135,0.0405009150612441,0.05,0.810018301224881,-0.211856771405428,-0.00526344968901364
0.111,13.1681436361422,0.0419231224245599,240.131289105719,1.38919512678415,-2373.06940688909,-68.2183324136652,-189954.180928101,-7178.37752085477,4427862.74044807,-2509488.94280268,1013982384.74103,-583481380.060599,-199750756869.15,179405313185.834,0.0419231224245599,0.05,0.838462448491198,-0.23442721885979,-0.00547756553961012
0.112,13.407056924181,0.0432769028136739,237.664021170165,1.31694654077302,-2560.64898233104,-76.7412260812162,-185052.618788094,-9949.70626815677,5341969.74675453,-3003267.66627036,814231627.871884,-404076066.874786,-199867448023.358,184243595374.336,0.0432769028136739,0.05,0.865538056273477,-0.256994277503173,-0.00582188401783681
0.113,13.6434100078466,0.044553692209469,235.011768467487,1.23471461580719,-2742.90323878478,-88.2522353771806,-179336.84446874,-13124.3047019688,6056267.65061473,-3315221.93545798,614364179.848527,-219832471.500475,-199897039244.467,186537793980.187,0.044553692209469,0.05,0.891073844189381,-0.279186667092183,-0.00634462207496296
0.114,13.8770206924072,0.0457419536163666,232.180230117108,1.13934008588508,-2919.11788444154,-103.063017384046,-173006.710901409,-16518.353240847,6570683.31084102,-3441785.50996836,414467140.60406,-33294677.520314,-199893793105.233,187475999428.777,0.0457419536163666,0.05,0.914839072327331,-0.300622541711825,-0.0071049617403258
0.115,14.107712806085,0.0468268657098845,229.175719594784,1.02744443598404,-3088.77850473882,-121.300000992821,-166262.10965245,-19945.5400896707,6885203.55489247,-3381342.18777429,214573347.498826,154181321.908437,-199813974529.93,187424007159.245,0.0468268657098845,0.05,0.93653731419769,-0.320939819984689,-0.00817018306071837
0.116,14.3353167144699,0.0477901965445884,226.004964844584,0.895616094003562,-3251.57057597151,-142.902705955761,-159302.921752896,-23218.5542819642,6999869.91512633,-3133448.86228623,14759372.9688952,341605329.067658,-29379890412.1564,186347612542.582,0.0477901965445884,0.05,0.955803930891769,-0.3398261576553,-0.00961024492841198
0.117,14.559669635283,0.0486103640717254,222.674909822864,0.740597655881916,-3407.37232703345,-167.6232859635,-152300.568799688,-26150.1425442929,6999939.34288914,-2698669.72694728,-14620517.4432595,527952941.610221,1672435490.40476,183771049088.028,0.0486103640717254,0.05,0.972207281434508,-0.357045649788036,-0.0114903558116078
0.118,14.7806157670588,0.0492626839378087,219.192553272736,0.559473049823083,-3556.1752932298,-195.027114087285,-145307.660976272,-28554.2072922537,6986155.04319109,-2078831.26079304,-12948081.9528557,711723990.698235,53484001969.9313,178161819140.99,0.0492626839378087,0.05,0.985253678756174,-0.372459573334326,-0.0138622775935361
0.119,14.9980063057976,0.049719803956551,215.564888414388,0.349853500060973,-3697.98980619805,-224.494692935686,-138319.065973729,-30247.4829211741,6999948.9622232,-1278026.36052431,40535920.0170776,889885809.839217,-81658029308.1472,163534417729.561,0.049719803956551,0.05,0.994396079131021,-0.386038505994907,-0.0167552301785719
0.12,15.2116994380202,0.0499523232547398,211.798906741877,0.110060502633499,-3832.80554412189,-255.226060801409,-131312.458723048,-31053.3106404906,6999655.8675862,-306373.341820313,-41122109.2910704,1053420227.56878,82842647954.2225,88337593813.1315,0.0499523232547398,0.05,0.999046465094797,-0.397863890690457,-0.0201673060722997
0.121,15.4215603480049,0.0499295913108272,207.901610554639,-0.160698647055694,-3960.62157681903,-286.253307341804,-124319.556802115,-30818.2509362243,6999955.08227224,791215.682655029,41720538.6631545,1141757821.38191,-83749814775.3031,-135115761618.76,0.0499295913108272,0.05,0.998591826216545,-0.408118658387864,-0.0240582702815234
0.122,15.6274612197412,0.0496206719292513,203.87999689904,-0.46218276330729,-4081.43769223252,-316.49128728987,-117312.699752974,-29478.6756364814,6999800.71354774,1865415.62322756,-42029276.1121495,1006642059.76316,84374097202.2854,-166629502319.776,0.0496206719292513,0.05,0.992413438585026,-0.417068147367447,-0.0283445744312389
0.123,15.8292812371028,0.0489954162925974,199.741068442281,-0.793061930971558,-4195.25398092069,-344.87642433404,-110319.851327949,-27137.7105670923,6999958.48603673,2788742.93183083,42344821.0901388,840012557.4434,-84929156118.6943,-175085255659.206,0.0489954162925974,0.05,0.979908325851949,-0.425033261670443,-0.0328975867174526
0.124,16.0269065838126,0.0480255161522503,195.491822252068,-1.15100887862107,-4302.07033425028,-370.487056561296,-103312.87529072,-23958.1422324829,6999838.72906752,3541212.86144463,-42584335.0285567,664927301.78421,85411166719.3455,-177703972595.756,0.0480255161522503,0.05,0.960510323045005,-0.432358561911645,-0.0375464240855031
0.125,16.2202304435087,0.0466854235664286,191.139261057373,-1.53285857971723,-4401.88682876702,-392.571175478284,-96320.0935347135,-20114.0830489122,6999959.97739864,4117288.17693096,42826831.6907921,487223329.18847,-85879740614.2973,-177198519788.608,0.0466854235664286,0.05,0.933708471328573,-0.439378452118989,-0.0420861574484527
0.126,16.4091529997054,0.0449531024195567,186.690381910621,-1.9347817577061,-4494.70338283028,-410.552793822192,-89313.0334315718,-15782.7162940184,6999846.93878228,4515912.24622513,-43052908.9235067,310024809.399878,86332517633.6678,-173448788499.002,0.0449531024195567,0.05,0.899062048391135,-0.446384778103253,-0.0462908626535282
0.127,16.5935814358404,0.042810604317873,182.152187577798,-2.35246178534044,-4580.52007108904,-424.033110224386,-82320.3241943123,-11140.6997745098,6999960.28867561,4739212.6613755,43279608.7101646,136576020.900889,-86794023501.2868,-163625922651.199,0.042810604317873,0.05,0.856212086357461,-0.453598969159238,-0.0499302591416529
0.128,16.7734299352338,0.0402444675721941,177.531675084693,-2.781271049557,-4659.33681828854,-432.788258744837,-75313.1897718651,-6360.47008979242,6999842.88563513,4793975.72095079,-43514414.7911241,-27049901.7503015,87263419211.3163,-134272820487.351,0.0402444675721941,0.05,0.804889351443882,-0.461151378529602,-0.0527882854869405
0.129,16.9486196811297,0.0372459416519989,172.835847226094,-3.21644279341265,-4731.15370304425,-436.761843991968,-68320.5601904237,-1602.39812313134,6999960.18044966,4699789.40895681,43749004.4201958,-161322722.237649,-87742281605.912,9989640856.86289,0.0372459416519989,0.05,0.744918833039977,-0.469069740140726,-0.0546817574640165
0.13,17.119078856652,0.0338110453643135,168.071700994674,-3.65322917676444,-4795.97064757211,-436.04081829596,-61313.3492213649,3018.39486484945,6999838.0440669,4543461.50714759,-43993277.1857186,-151333081.380787,88231277839.4528,130239398815.964,0.0338110453643135,0.05,0.676220907286271,-0.477277752862544,-0.0554772122420676
0.131,17.2847426448472,0.0299404870748871,163.246239214373,-4.08700877426019,-4853.78773368107,-430.770488216151,-54320.8026029176,7507.89639777598,6999960.40580091,4457248.12517479,44238000.653738,-21093682.564828,-88710075685.357,152734571364.455,0.0299404870748871,0.05,0.598809741497742,-0.485603801259179,-0.0551040468201648
0.132,17.4455532286381,0.0256395301276077,158.366458843457,-4.51328204570526,-4904.60487933413,-421.031119429076,-47313.508209404,11980.0534435624,6999843.36861197,4512521.72829219,-44472075.0316217,131640888.799619,89180309220.8982,156615478821.071,0.0256395301276077,0.05,0.512790602552153,-0.493798840253678,-0.0535619094853692
0.133,17.6014597908706,0.0209179185340294,153.439362740746,-4.92756426129182,-4948.42216202551,-406.766339328284,-40321.0374934377,16584.4981960579,6999961.44819079,4722470.35650234,44708234.1892805,288256367.62068,-89617313937.0279,148799493740.385,0.0209179185340294,0.05,0.418358370680587,-0.501561587181545,-0.0509205782005005
0.134,17.7524185142706,0.0157899345645066,148.471947836247,-5.32523802245156,-4985.23950147724,-387.766363247132,-33313.6581471418,21475.896651994,6999861.02541156,5085126.47099321,-44909079.7477504,437055861.361056,90022624320.3179,113120467821.415,0.0157899345645066,0.05,0.315798691290133,-0.508568481805018,-0.0473117354365356
0.135,17.8983925814914,0.0102746083560537,143.471217028177,-5.70139976296274,-5015.05696301562,-363.670347363255,-26321.247890884,26798.4044649713,6999963.25782397,5578742.56626498,45113544.5725719,550176329.182464,-90388596475.3342,-51345435716.9518,0.0102746083560537,0.05,0.205492167121075,-0.514505438060605,-0.0429133452639448
0.136,18.039352175079,0.00439607678125011,138.444167228251,-6.05071862153071,-5037.87447654502,-333.993014953441,-19313.792626853,32643.677623208,6999882.50415887,6103246.17758896,-45275051.9027655,498830893.46551,90715768064.8521,-138042145517.475,0.00439607678125011,0.0500573105065073,0.0878208744490704,-0.519098278797968,-0.0379282718017043
0.137,18.175274477514,-0.00181593946769713,133.397801371981,-6.36735295570693,-5053.69209393811,-298.220327515256,-12321.428353968,38973.3322232768,6999965.33628853,6533055.99829574,45440716.1620915,360788747.948037,-91012659720.7806,-153409463719.291,0.00181593946769713,0.0510847349401092,0.0355475949875458,-0.522138907293088,-0.0325595934796354
0.138,18.3061436711851,-0.00832563202762033,128.33911635968,-6.64498401999186,-5062.5097583654,-255.926727895826,-5313.91143621858,45661.2143515934,6999899.72259023,6817140.01438413,-45571943.5586925,207379284.228753,91278646418.6704,-144073793380.577,0.00832563202762033,0.053155985611038,0.156626425639853,-0.523504724966507,-0.0269859456616708
0.139,18.4319509384232,-0.0150906836336093,123.275115157374,-6.87693651052092,-5064.32751198732,-206.828383397724,1678.41542232876,52558.0317091951,6999967.10224087,6952482.40192259,45706702.8599833,63305490.848184,-91526763842.5989,-75813585221.1902,0.0150906836336093,0.0559893842087223,0.269527587182472,-0.523169488936572,-0.02134035317329
0.14,18.5526944614796,-0.0220619845548617,118.212794656004,-7.05632512504815,-5059.14530884522,-150.786718471808,8685.98141535921,59529.5312590049,6999910.42317956,6977881.10016018,-45820060.9826191,-12508094.3730061,91755802099.0517,17036074441.2311,0.0220619845548617,0.0593447660086666,0.371759567670043,-0.521204661879596,-0.0156951031151212
0.141,18.6683794225533,-0.0291834907861297,113.159157845066,-7.17618447691041,-5046.96318573668,-87.7696215086821,15678.2744417306,66503.9976577188,6999968.26324646,6973891.04300779,45935741.1164385,4527980.06822466,-91979058484.4362,-708011631.448745,0.0291834907861297,0.0630200914322031,0.463082330141098,-0.517771239995223,-0.0100540933956283
0.142,18.7790180037716,-0.0363921854586415,108.121201605425,-7.22953960165066,-5027.78110366725,-17.7779531665981,22685.8807324546,73480.0346888221,6999914.47512068,6978065.01726029,-46043317.3680014,3819968.43677553,92194750202.7397,-2286370429.87145,0.0363921854586415,0.0668480654320383,0.544401475546663,-0.513102974451844,-0.00435293263210013
0.143,18.8846293872128,-0.0436180765830607,103.105928944354,-7.20941438652437,-5001.59909813554,59.1916554268264,29678.1393405917,80459.6286285625,6999968.53285405,6980741.80048213,46151432.8347446,1533598.00690387,-92416728784.0032,-543511068.726637,0.0436180765830607,0.0706927973517327,0.617008779070355,-0.50748272444245,0.0015339654624257
0.144,18.9852397548862,-0.0507841943275,98.1203367301476,-7.10882940044586,-4968.41713332008,143.141887909003,36685.7808017325,87441.04664287,6999911.60129679,6982003.64295467,-46265295.9492626,990086.938176901,92643168391.9041,-614321065.973734,0.0507841943275,0.074446531004963,0.682156624922047,-0.501214329293653,0.00778042802217092
0.145,19.0808822887526,-0.0578065883520016,93.1714279834675,-6.92080328580731,-4928.23524746833,234.074075791128,43678.00028312,94423.4429424494,6999967.88954348,6982686.56935985,46377872.4426481,375765.872202915,-92889639334.7894,-819715495.067181,0.0578065883520016,0.0780264717350372,0.74085867355763,-0.494592790307134,0.0145910375749255
0.146,19.1715971707019,-0.0645943264121563,88.2661995557865,-6.63835369862411,-4881.05340399667,331.988890491089,50685.675502329,101406.180775496,6999900.94231873,6982652.47748452,-46511766.8921458,-443949.622864525,93154520013.2981,232309432.838408,0.0645943264121563,0.0813717341543098,0.793817743759305,-0.487875685390694,0.0221808608911387
0.147,19.2574315825726,-0.0710494936949292,83.4116544779952,-6.25449795889435,-4826.871648546,436.886333193282,57677.8463145372,108388.649996408,6999966.43543324,6982324.68257808,46642753.1211591,-211640.190026218,-93458347487.4235,-1448913901.01291,0.0710494936949292,0.0844404311779519,0.841415571945598,-0.481258580288436,0.0307544040015461
0.148,19.3384397061248,-0.0770671927858084,78.6147895783074,-5.76225360081506,-4765.68993931936,548.766049886199,64685.5577352832,115370.627373241,6999880.01481068,6981388.58543754,-46815594.3662695,-1660554.09103935,93799974076.5835,-17576992006.6818,0.0770671927858084,0.0872069218610208,0.883727932842627,-0.474856779831084,0.0404858511712731
0.149,19.4146827230616,-0.0825355440708442,73.8826078955412,-5.15463888814268,-4697.50833584348,667.626362418474,71677.6632819235,122348.256182965,6999964.4074827,6970939.53534316,46984379.7103209,-19237546.0977213,-94208876818.9314,78194386353.3778,0.0825355440708442,0.0896592324743924,0.920547073547804,-0.46869511363417,0.0515024959456165
0.15,19.4862288149923,-0.0873356879976426,69.2221062246816,-4.42467672432137,-4622.32678499773,793.460140210857,78685.4183997915,129322.609342985,6999844.34878356,6990799.18242213,-47224497.1086161,58956840.2556579,94684647942.5347,-147594846153.213,0.0873356879976426,0.0917966622133961,0.951403742704901,-0.46270665114723,0.0638729222335427
0.151,19.5531531634591,-0.0913417893140212,64.6402876109597,-3.56538891966399,-4540.1453699794,926.281825499837,85677.4312746779,136318.287804509,6999962.17564621,6975958.59960118,47460150.8339257,-88638005.8975605,-95269717388.3835,-186735046025.325,0.0913417893140212,0.0936275819770282,0.975586332416789,-0.456740357759401,0.0776010249484464
0.152,19.6155379498852,-0.0944210279393635,60.144148800572,-2.56979053987093,-4450.96401716331,1066.06553897625,92685.2452395096,143218.804893491,6999787.46778594,6793953.07069096,-47809566.5544639,-275373051.922899,95964454366.6757,-191799314155.012,0.0944210279393635,0.095167431778615,0.992156940401756,-0.450576837538419,0.0926265275853146
0.153,19.6734723556107,-0.0964336353887155,55.7406928449114,-1.43099634514093,-4354.78284793207,1212.62743325834,99677.1219997461,149843.104885861,6999960.12841482,6422680.36169055,48154887.8122191,-467172366.077931,-96830886491.7765,-193085339648.828,0.0964336353887155,0.096436919607308,0.999965944385139,-0.443950528039075,0.108831291023725
0.154,19.7270525618172,-0.0972330807160046,51.43691641753,-0.14239798727247,-4251.60175467375,1365.59597104155,106685.021090985,156000.018174571,6999699.57298115,5858965.3257882,-48675998.679564,-660257705.726782,97869716773.2398,-193201162533.861,0.0972330807160046,0.0974604219386476,0.997667348261779,-0.436576110159135,0.126049717343831
0.155,19.7763817495787,-0.0966664423616559,47.2398225774113,1.3021453663299,-4141.42091855786,1524.40737887962,113676.694284089,161496.654453741,6999958.4326882,5102107.03879449,49193718.0936835,-853458868.260665,-99212075445.3079,-192524326070.542,0.0966664423616559,0.098264583651396,0.983736344974405,-0.428176508472042,0.144081831836653
0.156,19.8215700997496,-0.0945749719885711,43.156407888705,2.90811425845396,-4024.24017994088,1688.30482186113,120684.714229916,166139.944670726,6999546.11305923,4152386.00749855,-50018357.3516315,-1045983194.33123,100858153800.443,-190793990159.88,0.0945749719885711,0.0988771128217343,0.956490023723493,-0.418509741906056,0.162707678068529
0.157,19.8627347930384,-0.0907948512938445,39.1936754132841,4.68013594440202,-3900.05982662426,1856.33867925363,127676.0608566,169737.540082699,6999956.83260782,3011005.81808739,50839796.44882,-1236777184.49112,-103538941802.981,-186646076716.55,0.0907948512938445,0.0993257637975997,0.914111785526874,-0.407392023205974,0.181701599736568
0.158,19.9000000098266,-0.085158141526935,35.3586215320603,6.62179214023335,-3768.87962817452,2027.36781579476,134684.181097131,172099.049629088,6999027.15815515,1680905.59523799,-52699145.3541689,-1423423261.20768,107300587634.675,-171568763467.799,0.085158141526935,0.0996375000700144,0.854679628323624,-0.394714911954741,0.200845024096735
0.159,19.933496930244,-0.0774939243662851,31.6582491973343,8.73542889273296,-3630.70024583139,2200.06293231279,141674.742113882,173039.648799811,6999978.30661832,171697.952296411,54601442.2805152,-1594992024.67548,-199916507584.043,129691883057.195,0.0774939243662851,0.0998378268186457,0.776198028699603,-0.38045492125841,0.219936535305606
0.16,19.9633637336185,-0.0676296300233221,28.0995535947,11.0219748885357,-3485.5247441783,2372.9280019131,148668.70172371,172435.466053613,6954621.49510681,-1358448.13085047,-145315065.303543,-1465300141.61828,-199972370383.866,183076405593.786,0.0676296300233221,0.099950281571754,0.676632711382319,-0.364674747071414,0.238798331924524
0.161,19.9897455912452,-0.0553925204480564,24.6895145837351,13.480834686918,-3333.41128306669,2544.44765539459,155517.336957768,170374.880586219,6709320.24461133,-2732210.06967185,-345287435.68744,-1282223736.02448,-199980220658.839,190307333706.367,0.0553925204480564,0.0999960702448009,0.553946973240545,-0.347516163818761,0.257278799257549
0.162,20.0127945961434,-0.0406111903829802,21.4349641357096,16.1099625741662,-3174.60516640175,2713.25065646221,162020.683447759,167033.276537486,6264042.69859447,-3919280.13884315,-545267656.346321,-1091916402.31809,-199982180344.897,192974405515.83,0.0425789910025454,0.1,0.425789910025454,-0.32918593109037,0.2752523306187
0.163,20.0326695173232,-0.0231169357357842,18.3423889321443,18.9060327671439,-3009.55167213827,2878.15034746345,167978.761954789,162600.200598403,5618783.9520757,-4914709.33840332,-745249836.691264,-898941996.802241,-199981516575.052,194164768206.548,0.0400211204233925,0.1,0.400211204233925,-0.30993726210045,0.292617911998238
0.164,20.0495353545074,-0.00274493976254294,15.4177303863862,21.8646282588067,-2838.89605907674,3038.15145992519,173191.590735757,157268.381056299,4773543.35709691,-5716568.95110229,-945231353.266359,-704777228.595672,-199978216330.239,194548690331.452,0.0496113499158393,0.1,0.496113499158393,-0.29004894586947,0.309297104464112
0.165,20.0635626928723,0.0206647318297574,12.666184662112,24.9804334032894,-2663.48356764699,3192.45219982994,177459.188713499,151231.848272621,3728322.89566543,-6324071.83453223,-1145209569.59663,-510228538.264204,-199969752705.505,194121621357.439,0.0635626928722601,0.0999840966382405,0.635728030851154,-0.269804187548882,0.325231714527957
0.166,20.0749268578076,0.0472663291557213,10.0920026924911,28.247427873441,-2484.35941782029,3340.44506249647,180581.578532248,144685.015772516,2483128.44971605,-6737239.56211772,-1345179322.30216,-316106916.906755,-199941859835.561,191815055528.823,0.0749268578075792,0.0999175410045992,0.749886927302688,-0.249471228714524,0.340381405292532
0.167,20.083806869697,0.0772078106435747,7.69829020335798,31.6590809979007,-2302.76880252772,3481.71676629575,182358.793677507,137821.691927867,1037978.19749611,-6957438.95126006,-1545121182.13773,-124291861.377931,-62444282618.153,173990038418.089,0.0838068696970176,0.0997822137654946,0.839897878934398,-0.229287610530586,0.354721489700808
0.168,20.0903841989177,0.110630429619207,5.48680889361709,35.2085453080913,-2120.15114179359,3616.04627302269,182613.803903498,130831.105385654,-538365.125950699,-6994735.79342895,-1607565464.75587,49698177.0401558,199940655295.657,-73763349097.9067,0.0903841989176932,0.099557959251603,0.907855078560561,-0.209449563137546,0.368241117018095
0.169,20.0948413323238,0.147668512112417,3.45780961053214,38.8888428005707,-1938.06611716989,3743.38522006826,181304.979487719,123848.924789229,-2045960.26305874,-6981919.29093774,-1407624809.46019,-24065172.0577498,199968505680.278,30209407131.676,0.0948413323237816,0.0992225261201452,0.955844766630326,-0.190107379244062,0.380941996022612
0.17,20.0973602296714,0.188449397938595,1.60999800509959,42.692988078848,-1758.01038992753,3863.7404330753,178588.53490421,116860.007813451,-3353600.8196788,-6990879.75942965,-1207656303.77988,6144235.07392593,199976861612.527,-10968515424.1098,0.097360229671434,0.0987519113725916,0.985907293521573,-0.171366382778668,0.39283749959898
0.171,20.0981208377179,0.233093441651259,-0.0593257033843911,46.613993533809,-1581.29159911456,3977.10556802674,174664.435409577,109870.372085654,-4461268.69265241,-6990219.78206778,-1007679442.1673,-4824280.35018353,199979978314.747,6393180682.8222,0.0981208377179108,0.0981208363005369,1.00000001444519,-0.153291697166532,0.403951227243068
0.172,20.097299782948,0.281714008407274,-1.55406894971937,50.644869103513,-1409.0174121259,4083.48029255716,169732.656992227,102878.805693525,-5368958.14566234,-6991847.47207655,-807699463.852507,1568900.33263879,199980335730.51,-3246194897.5472,0.0972997829479567,0.0973033657498377,0.999963179054975,-0.135915126874341,0.414314541610462
0.173,20.0950692639087,0.33441747280627,-2.87914684734782,54.7786235293242,-1242.09551826982,4182.86330073992,163993.179170593,95887.2016391322,-6076667.44164959,-6991901.66919269,-607719128.121948,-1677294.56490808,199977830663.778,2312607237.60348,0.0950692639087123,0.0962736806892451,0.987489656862498,-0.119243252452124,0.423963409468288
0.174,20.0915961435177,0.391303217846236,-4.04028220908725,59.0082650633233,-1081.2336269318,4275.25436835399,157645.981803326,88894.8467571966,-6584397.65443965,-6992422.66013879,-407741297.458131,635312.672695621,199968867700.139,-1173729645.83885,0.0915961435177373,0.0950070127840867,0.964098763171293,-0.103265932856714,0.432934835412591
0.175,20.0870412413555,0.45246363455425,-5.04380556753953,63.3268014679695,-926.939468802448,4360.65306076116,150891.041644774,81902.5461317865,-6892154.51804771,-6992374.21228902,-207772429.757969,-538416.973142957,199913386891.796,1008928207.55822,0.0870412413555108,0.0934807480622643,0.931114086694467,-0.0879643828926702,0.441263245704769
0.176,20.0815588259337,0.517984121624946,-5.89645519917853,67.7272403920682,-779.520803430538,4439.05937208932,143928.319809663,74910.0708657122,-6999970.25435978,-6992408.16515838,-7859042.86617489,470511.234415456,16059815788.1734,-413272379.699362,0.0815588259336586,0.0916757049997222,0.889644927561842,-0.073318045361448,0.448977168163034
0.177,20.0752963066775,0.587943085367877,-6.60517869804123,72.2025894143902,-639.093109429543,4510.47330007131,136927.096669835,67917.8290774411,-6999799.38933187,-6992144.29011381,8200772.92199893,57238.8547162448,-16606241047.76,499003330.33731,0.0752963066774903,0.0895775903642562,0.840570798693146,-0.0593096070860487,0.456096530277429
0.178,20.0683941109945,0.662411939732309,-7.17697468905351,76.7458562781619,-505.665237585599,4574.89508733531,129928.629960123,60925.7965739764,-6999901.73693375,-6991837.54959393,-8405468.1257625,556242.185053624,17057236652.0376,-91229422.7931557,0.0683941109945181,0.0871786340216406,0.784528362506121,-0.0459278370577362,0.462630828416976
0.179,20.0609856667494,0.741455106531512,-7.61884247003239,81.3500489799425,-379.237248687106,4632.3250540403,122927.368361901,53934.2219405712,-6999778.58673349,-6991326.92212027,8651768.52627558,465012.762260467,-17539498899.0955,268670339.356247,0.0609856667494348,0.0844794015946211,0.721899843018275,-0.0331687733611034,0.468578336518115
0.18,20.0531974019401,0.825130015774426,-7.93778244997482,86.0081759454138,-259.809058469606,4682.76370121654,115928.992409614,46943.1723032219,-6999896.56765676,-6990727.57418833,-8887730.3728212,733683.101616636,18069374135.4669,20204528.448373,0.0531974019401176,0.0814907814250442,0.652802697554801,-0.0210360209764703,0.473926417358113
0.181,20.0451487447484,0.913487106158326,-8.14079388141124,90.7132461422581,-147.380742741628,4726.21163285504,108927.663539127,39952.8149380058,-6999749.61096185,-6989983.78882249,9181643.76264629,753887.630064871,-18647917043.68,111590763.687947,0.0451487447483565,0.0782361397179005,0.577082981230303,-0.00954030609337053,0.478652892883465
0.182,20.0369521235006,1.00656982567661,-8.234877190149,95.4582692176259,-41.9522007305653,4762.66958619619,101929.396763873,32963.226691459,-6999891.92572104,-6989174.10581058,-9466273.28103492,865478.393752632,19261340799.2381,-26580110.492998,0.0369521235005799,0.0747536350817622,0.49431875065558,0.00130165579257227,0.482728326626144
0.183,20.0287129667286,1.10441463235004,-8.22703157506854,100.236255590657,56.4764749140997,4792.13836897364,94927.9819249778,25974.4808948269,-6999727.52860246,-6988321.91747207,9795067.51820382,838898.283259424,-19915301330.5733,-65321570.081882,0.0287129667285981,0.0710986809331336,0.403846686770489,0.0114688612826814,0.486118984875975
0.184,20.02052970312,1.20705099503216,-8.12425748827951,105.040216514168,147.905395781807,4814.61882600438,87929.832713246,18986.5675395681,-6999890.11174954,-6987515.67997385,-10120233.8123707,773576.71317733,20573347070.172,-158380039.539588,0.0205297031199905,0.0673465414347122,0.304836784230302,0.0209381152052215,0.488790179608643
0.185,20.0124937615839,1.31450139424699,-7.93355407472467,109.863164068908,232.334453956339,4830.11175803424,80928.3113757686,11999.4122512775,-6999723.67202683,-6986821.29328044,10453113.2578019,615196.673637552,-21241183001.8182,-191805494.208523,0.0124937615839045,0.0635950438075227,0.196458101699217,0.0296863149539013,0.49070966281118
0.186,20.0046895711905,1.42678132298427,-7.66192182715573,114.698111086887,309.763760632346,4838.61785417976,73930.2740632037,5012.86658875155,-6999891.15026993,-6986301.99935391,-10788069.7440175,423391.179428879,21894830281.5336,-189482658.505944,0.00468957119053925,0.0599673870226112,0.0782020265243675,0.0376926960070718,0.491850740655134
0.187,19.9971945612345,1.54389928738336,-7.31635984506265,119.538071006757,380.193203393388,4840.13763243892,66928.638016442,-1973.25529545573,-6999731.80487318,-6985973.34950373,11106760.5375167,233908.520922841,-22535548102.6821,-133981847.880632,0.00280543876554518,0.0566150240616947,0.0495529024678683,0.0449408232361823,0.492194807417602
0.188,19.9900791611699,1.66585680724999,-6.90386866964291,124.376057691287,443.62288765298,4834.67142387088,59930.7036671538,-8959.13402100698,-6999892.81838701,-6985806.43190675,-11428787.5651668,99926.6730421801,23174056209.101,-50074262.2948364,0.00992083883010508,0.0537205921650517,0.184674785408623,0.0514201348982578,0.491733059365528
0.189,19.9834068006695,1.79264841638971,-6.43144736204164,129.205085250821,500.05270569869,4822.21940120194,52928.9587976857,-15944.8988352876,-6999734.57784762,-6985731.54236485,11745268.6439347,49852.4107473847,-23805775991.571,44652385.1994453,0.0165931993305328,0.0515008627856603,0.322192647521101,0.0571268972838044,0.490467231971661
0.19,19.9772339095627,1.92426166278632,-5.90609650836892,134.018167916465,549.482762844894,4802.78164676472,45931.1292248281,-22930.5980093829,-6999892.19719947,-6985659.36376151,-12060507.3476377,94504.7959469369,24478276639.5326,140474078.099312,0.0227660904373472,0.0502096803708973,0.453420341837965,0.062064482011107,0.488409301221508
0.191,19.9716099178953,2.06067710869168,-5.33481512814656,138.808319992772,591.912955814758,4776.35824067734,38929.2864867281,-29916.1867084001,-6999713.56622734,-6985494.62192651,12417769.2918953,234978.874046413,-25181569223.7641,231591180.310993,0.0283900821047354,0.05,0.567801642094707,0.0662429499393495,0.485580191647276
0.192,19.9665772558732,2.20186833071368,-4.72460384045544,143.568555902712,627.343405914537,4742.94935547075,31931.5848769427,-36901.5252423595,-6999886.58154733,-6985143.84746231,-12763799.9318703,466570.054357614,26028005219.8169,348196587.341693,0.0334227441267529,0.05,0.668454882535059,0.0696779883859289,0.48200763001461
0.193,19.9621713539344,2.34780191999663,-4.08246160479094,148.291890327263,655.774004700934,4702.55535057453,24929.6543962994,-43886.37777203,-6999636.37886929,-6984503.17911428,13264205.2879469,814766.641699518,-27001842735.5981,481735472.549706,0.0378286460655595,0.05,0.756572921311189,0.0723893156251002,0.477723365027081
0.194,19.958420642696,2.49843748258938,-3.41538905129512,152.971338443051,677.204926531898,4655.17687707969,17932.1498129515,-50870.393278578,-6999873.09494914,-6983447.5447363,-13737637.4476526,1296502.11424952,28505653353.4458,434332694.35963,0.0415793573040482,0.05,0.831587146080963,0.0743987119145873,0.472760032345799
0.195,19.9553465530633,2.65372764010652,-2.73038503022702,157.599916273208,691.636037926688,4600.81499420963,10930.1588415041,-57853.1201834748,-6999357.90572007,-6981933.87627487,14768015.9057936,1730834.80860912,-30515872768.788,3916694948.9229,0.0446534469366746,0.05,0.893068938733492,0.0757278761842318,0.467147975331963
0.196,19.952963516186,2.81361803079608,-2.0344501114955,162.170641156437,699.067707656616,4539.47135875611,3933.09896494213,-64833.5358598539,-6999847.82619867,-6978244.6939918,-15747856.8629957,5647529.75753323,68037382717.2419,-12336914500.5193,0.0470364838139901,0.05,0.940729676279801,0.0763963158263261,0.460912332428485
0.197,19.9512789637478,2.97804731131232,-1.33458258484334,166.676532838987,699.501092956592,4471.14912776612,-3063.28322590183,-71811.0129413837,-6981576.99170304,-6978765.62148453,52289525.8542468,-6689384.74298833,-141075892830.255,11768533375.2355,0.0487210362521928,0.05,0.974420725043856,0.0764194793622665,0.454070674089125
0.198,19.950293330503,3.14694715939174,-0.637775726567254,171.110613152026,692.94985799361,4395.84810747209,-10042.2281034828,-78791.1618330105,-6999825.41226392,-6979570.7395399,-88786366.9760087,5079148.63224682,196166773241.26,138184735005.518,0.0497066694969632,0.05,0.994133389939265,0.0758073291333918,0.446631414135436
0.199,19.950000063874,3.320242274156,0.0489843150969654,175.465903779962,679.401093071715,4313.57376449138,-17053.7522370278,-85745.1622090667,-6990528.3926193,-6905399.22340489,107380406.26525,143263883.637758,199359233505.808,166645844623.557,0.0499999361260066,0.05,0.999998722520132,0.0745635339420131,0.438593108595398
0.2,19.9503856163433,3.49785038765819,0.71869957949518,179.735461421522,658.878280007482,4224.40672356141,-23957.3638875969,-92551.1551832155,-6783468.36960114,-6678812.41745535,306739639.771054,309909728.261311,199404003543.658,167332375003.458,0.04961438365671,0.05,0.9922876731342,0.0726851167705595,0.429944832221454
0.201,19.9514294823574,3.6796823517801,1.36448304201553,183.912493739431,631.588613708525,4128.57478597314,-30554.2284367219,-99047.1240073729,-6377026.72805826,-6285236.50169231,506143643.314705,477242103.264768,199106838598.017,152167728336.077,0.0485705176425952,0.05,0.971410352851905,0.0701631882564274,0.42066820642392
0.202,19.9531044061198,3.86564236736202,1.97975445225972,187.990518577135,597.938525299934,4026.47092438748,-36644.9988700231,-105068.378169377,-5771329.66544455,-5731910.5342595,705250481.912712,629409831.600849,196974636083.845,57898121670.2841,0.0468955938801869,0.05,0.937911877603739,0.0669859085797824,0.410741510664904
0.203,19.9553767880135,4.05562837650088,2.55843961673903,191.96352670191,558.533610620677,3918.64390501131,-42030.8741884973,-110475.934100891,-4967591.86548991,-5073551.64182351,902225117.996545,687307953.271138,-197316920927.292,-133477584842.306,0.0446232119864902,0.05,0.892464239729804,0.0631436315141567,0.400145654743116
0.204,19.9582072895513,4.24953260664381,3.09516580669337,195.826114573448,514.161089814062,3805.74018484901,-46580.2396484769,-115228.078030219,-4164025.20795701,-4452982.48097353,704908197.069242,553830368.42884,-198724557419.932,-162553105975.609,0.0417927104486502,0.05,0.835854208973004,0.0586357019608537,0.388871296724066
0.205,19.9615516046269,4.44724220547856,3.58537048761868,199.573520277192,465.608042071226,3688.37114759363,-50424.9315174692,-119431.237511308,-3558479.28959774,-3980428.66553249,506183639.649299,391277262.453238,-198795738067.887,-169805681532.503,0.0384483953731447,0.05,0.768967907462894,0.0534779100860684,0.376925805627433
0.206,19.9653612306524,4.6486398432969,4.02519241840332,203.201527289424,413.479951693148,3567.0078333899,-53763.4516102536,-123244.328492536,-3151693.51898238,-3674054.2438455,307387901.581406,221471580.920741,-198129015637.149,-170017398056.112,0.0346387693476231,0.05,0.692775386952462,0.0477082492712422,0.364338193951488
0.207,19.9695840734372,4.85360418230548,4.4112765187922,206.706308427365,358.183629264683,3441.95630564734,-56794.4726810515,-126835.98317893,-2943370.12521955,-3537591.36195282,109258885.944255,51454182.864633,100737725690.149,-164037704021.099,0.0304159265628208,0.05,0.608318531256415,0.0413888249339198,0.351160588725399
0.208,19.9741648544351,5.06201018235645,4.74057774196337,210.084257919805,299.939878740584,3313.35326758024,-59666.4237423505,-130375.187066787,-2783742.37643022,-3568156.03109873,209996611.634406,-112583521.156464,198446157378.283,-144059650604.469,0.0258351455648658,0.05,0.516702911297315,0.034603471643346,0.337465844473261
0.209,19.9790453437488,5.27372923790075,5.01023085534676,213.331823009703,238.924851835183,3181.16923609227,-62312.0934534005,-134023.644800232,-2474522.68610667,-3752769.37755743,408442769.012697,-256643171.760934,199173068963.679,-43556451655.3772,0.0209546562511669,0.05,0.419093125023338,0.0274515925623892,0.323341527979867
0.21,19.9841645522564,5.48862914968979,5.21760591823177,216.445343905397,175.45186971144,3045.22461788915,-64549.1992435069,-137911.995172279,-1966493.38261213,-4031190.77514605,607615837.976388,-300199623.416314,199356952432.532,128073847873.929,0.0158354477436049,0.05,0.316708954872098,0.020040165891771,0.308880939699269
0.211,19.9894590493127,5.70657395028154,5.3604824180588,219.420929219535,110.028999622642,2905.25233046905,-66178.6585483921,-142071.940117821,-1259199.06841948,-4267353.4746254,806972790.408937,-172125775.542391,199362419114.251,160299377262.422,0.0105409506872682,0.05,0.210819013745365,0.0124763364621006,0.294172267979107
0.212,19.9948634709892,5.92742364799149,5.43724750711553,222.254428518287,43.3635437725713,2761.02470512538,-67001.1441517547,-146398.63991734,-352545.068453418,-4359329.56153658,1006335209.52321,-11826398.2799748,199163445802.113,170062046970.985,0.00513652901078387,0.05,0.102730580215677,0.00486193711135286,0.279287583957107
0.213,20.0003112273842,6.15103400758793,5.44709531162985,224.941528272944,-23.6378519015813,2612.45151527952,-66817.3277078128,-150735.539003522,753371.863970844,-4286124.93633106,1205498655.32534,158235648.691004,197791083587.841,173159223090.08,0.000311227384219848,0.05,0.00622454768439695,-0.00270946834967644,0.264273900268967
0.214,20.0057354092596,6.37725646199927,5.39022623522129,227.477905700711,-89.8693359397056,2459.60650138357,-65428.2413355813,-154913.686244992,2057766.0610901,-4041309.67609502,1403289738.9132,331394871.781078,-198257325104.292,172414320900.373,0.00573540925963556,0.05,0.114708185192711,-0.0101527619477819,0.249148053656321
0.215,20.011069893279,6.60593818661615,5.26804255788532,229.859397052265,-154.04307334347,2302.7345767092,-62701.873292552,-158760.562765047,3361927.13745116,-3623707.64386375,1205032413.80892,503809192.681446,-199416790599.682,167317823339.846,0.0110698932789646,0.05,0.221397865579291,-0.0173886927635329,0.233896168532019
0.216,20.0162506138332,6.83692234430596,5.0832574169624,232.082169782682,-214.871453364605,2142.25309989698,-58770.666079963,-162104.47950868,4467251.15596024,-3036239.53951238,1005615623.20925,671127016.021289,-199637624524.878,152771873435.969,0.016250613833229,0.05,0.32501227666458,-0.0243391407458781,0.218477775382885
0.217,20.0212168346508,7.07004850252027,4.83978540942117,234.142893839626,-271.249209497077,1978.74872061594,-53833.880049819,-164779.693561275,5373047.96690705,-2288726.58677311,805977998.684386,823898889.457256,-199710730650.221,96332968160.1656,0.0212168346508115,0.05,0.42433669301623,-0.0309223340791441,0.202834138653236
0.218,20.0259122534582,7.30515321907395,4.54254668605413,236.038906390926,-322.27055717744,1812.96599411653,-48091.1282053448,-166640.415208627,6079170.60026633,-1416661.21323577,606267268.034171,920231857.617422,-199717701482.24,-100543024318.929,0.0259122534582481,0.05,0.518245069164962,-0.0370501056184027,0.186899898100503
0.219,20.0302859077513,7.54207078356081,4.19726735669599,237.768353572371,-367.229377108877,1645.76643098487,-41742.1102546417,-167613.717663773,6585579.01755938,-546700.867777813,406549566.551933,819688833.298494,-199638128594.501,-154166770357.902,0.0302859077512885,0.05,0.60571815502577,-0.0426277403684857,0.170616722796009
0.22,20.0342928809108,7.78063406856648,3.81027979687686,239.330254896691,-405.619257849006,1478.00955407733,-34986.5294752388,-167776.268576628,6892309.51981406,195904.580341731,206911437.957432,665522062.940596,-198897155004.888,-168482942149.729,0.0342928809108116,0.05,0.685857618216232,-0.0475564039431242,0.153947177768594
0.221,20.0378948086181,8.02067537900348,3.38832295637709,240.724435293305,-437.133434706138,1310.4351380121,-28023.9137622802,-167275.683455175,6999772.38026905,777185.172207462,8014282.95254437,497039120.79087,-57199323253.5634,-173881135882.795,0.0378948086180984,0.05,0.757896172361967,-0.0517378839867694,0.136886365194616
0.222,20.0410601858494,8.26202718886843,2.93834405078723,241.951381381405,-461.658509869595,1143.62364194917,-21029.6674610771,-166278.958911886,6979187.00159481,1187283.72505693,-49185040.3010195,323157984.908079,139282703019.434,-175461880973.1,0.0410601858493536,0.05,0.821203716987071,-0.0550811517099188,0.119469159656306
0.223,20.0437644862837,8.50452272083043,2.46733301633315,243.012075427253,-479.200977890632,977.984873652256,-14051.8591957962,-164959.339841203,6999643.3128035,1422710.76947846,90097662.7184154,147696103.934981,-180524756069.973,-174345168488.095,0.0437644862836635,0.05,0.875289725673269,-0.057509966849732,0.101771955239417
0.224,20.0459901689864,8.74799635573947,1.98227496575968,243.907822450574,-489.745521017743,813.754240831093,-7037.25451097851,-163491.838547839,6999478.59748693,1483234.2891694,-90427093.3515546,-26649064.5531122,-199163872004.463,-170043974334.313,0.0459901689864068,0.05,0.919803379728137,-0.0589700440775511,0.0839086975386098
0.225,20.0477266889307,8.99228386801389,1.49017196975815,244.640075450436,-493.306405906869,650.992492751483,-116.183438834765,-162050.269453335,6809469.56813315,1371563.23744913,-289590965.35602,-196693038.887425,-199538416416.515,-159803198571.406,0.0477266889306733,0.05,0.954533778613467,-0.0594339570122797,0.0660216186529202
0.226,20.0489704693711,9.23722248661987,0.997928654616142,245.210261875097,-490.074433823212,489.588564277117,6515.23424388429,-160803.686601758,6420109.39456887,1094968.599276,-489129381.77254,-356496237.458832,-199546807083.757,-132453988506.914,0.0489704693710706,0.05,0.979409387421413,-0.0589037412607768,0.0482676398047375
0.227,20.0497247098325,9.4826507846316,0.512159812866283,245.619615133046,-480.438980895966,329.267427019232,12657.5211463863,-159909.041785963,5831206.60925445,672245.36756371,-688676188.856302,-488950225.965748,-199357852916.336,-23158789464.5041,0.0497247098324785,0.05,0.994494196649569,-0.0574121983151505,0.0308018474790347
0.228,20.0499989966928,9.72840840587466,0.0389911041550257,245.869019514151,-464.988942386965,169.612051263163,18111.1633523932,-159485.131329626,5042851.49393998,171715.74686571,-888034041.772642,-512109015.430255,-197918689552.336,113701630754.602,0.0499989966928425,0.05,0.999979933856849,-0.055023110686708,0.0137597698036174
0.229,20.0498087142967,9.97433565360439,-0.41614043204762,245.958897228679,-444.512605573294,10.1321638723463,22677.0113771881,-159550.519818683,4055858.10739117,-283542.453187243,-1085952731.32498,-398407384.675655,198701880625.633,146365874971.083,0.0498087142966597,0.05,0.996174285933193,-0.0518303810169201,-0.00275956464421344
0.23,20.0491742572842,10.2202730102307,-0.848682147762598,245.889191494974,-419.98037801927,-149.620429825585,26223.0100990211,-160008.871651713,3069256.316379,-608766.900377356,-887250850.699343,-252041509.704573,199487617042.606,156309549459.651,0.0491742572841787,0.05,0.983485145683574,-0.0479561856172593,-0.0187074755459132
0.231,20.0481200762181,10.4660606961169,-1.25507478440164,245.659455969022,-392.362302919798,-309.969178947876,28881.8889262242,-160717.607715366,2281749.27420096,-782653.635352104,-687763233.656733,-95731960.2449234,199652577815.347,157977975478.492,0.0481200762180762,0.05,0.962401524361525,-0.0435480207626272,-0.034094027955181
0.232,20.0466737235492,10.7115383480396,-1.63264284434258,245.268994871596,-362.445847704673,-471.08748639198,30853.0320132326,-161521.797668261,1693812.3294519,-799396.607857781,-488110655.841379,62246015.2335694,199707329388.574,153432141710.298,0.0466737235491799,0.05,0.933474470983597,-0.0387733172728646,-0.0489894458634391
0.233,20.0448650667383,10.956544846292,-1.97939854770202,244.717017125787,-330.818940163963,-632.992215022392,32336.0735696619,-162264.499244883,1305555.33830481,-660434.521769063,-288403326.452796,215678156.943869,199714089581.954,139526214875.983,0.0448650667382822,0.05,0.897301334765643,-0.0338105570914945,-0.0635182101811375
0.234,20.0427257003382,11.2009182977001,-2.29384221104599,244.00279273803,-297.869834725825,-795.545171576382,33530.7129263373,-162793.840319034,1117009.05664299,-374993.257387203,-88689236.8708341,355204371.819855,199679118088.861,101220632180.009,0.0427257003382451,0.05,0.854514006764902,-0.0288374904381615,-0.0778464359908561
0.235,20.0402885577423,11.4444961730215,-2.57476255252478,243.125803791105,-263.787078847392,-958.463090269133,34636.6572175597,-162974.361285148,1128159.37881659,30821.4305226573,110989881.218034,456425003.999869,199570618373.338,-10341794313.3275,0.0402885577422865,0.05,0.805771154845729,-0.0240176290383233,-0.0921638558170072
0.236,20.0375877226353,11.6871155879473,-2.82103698853342,242.085877588626,-228.559528184456,-1121.34640091312,35853.5733067142,-162717.050985011,1338934.56922129,482075.537365862,310560499.591377,446083209.686546,199193605426.891,-103874041872.617,0.0375877226352728,0.05,0.751754452705455,-0.0194863504626152,-0.106662333875676
0.237,20.0346584401318,11.9286136964866,-3.03143197433547,240.883270729326,-191.976427776308,-1283.75239501291,37380.987059969,-162029.246183114,1749091.87152611,876221.7261161,509754105.018269,342209167.813933,-139101581389.618,-132578811204.114,0.0346584401317926,0.05,0.693168802635853,-0.0153379702855824,-0.121513348758371
0.238,20.0315373270417,12.1688281253209,-3.20440631269536,239.518662902068,-153.641731662298,-1445.2920195888,39361.772387106,-161004.016341625,2189295.18584957,1152141.48832798,370652523.628649,209630356.609822,-199214793640.698,-140202394430.976,0.0315373270416615,0.05,0.630746540833229,-0.0116150330191848,-0.136847342811252
0.239,20.0282627541912,12.4075973577685,-3.33798849190128,237.993068464135,-113.131836878066,-1605.69086855993,41703.1913691631,-159770.426740731,2460340.31265787,1291670.64772231,171437729.987945,69427962.1788474,-199580519226.892,-135514694873.848,0.0282627541912461,0.05,0.565255083824923,-0.00830110047500573,-0.152737812040532
0.24,20.0248752539784,12.6447610066039,-3.42985319630825,236.307709424188,-70.1782182525443,-1764.80953509539,44215.9871269438,-158466.627894398,2531987.78303237,1293341.26246423,-28142789.2389555,-66086732.6950012,-199688738288.779,-111534393671.632,0.0248752539784221,0.05,0.497505079568441,-0.00531912444725952,-0.169192215501567
0.241,20.0214177859918,12.8801599533394,-3.47750425972253,234.463878448956,-24.7092480630534,-1922.64515408041,46700.6220589752,-157224.919063893,2404000.62464903,1171487.33293342,-227831527.527745,-177621126.366637,-199726778123.558,-20630540829.0776,0.0214177859917868,0.05,0.428355719835736,-0.00253711665581975,-0.186150720927628
0.242,20.0179358085357,13.1136363523613,-3.47847368735546,232.462808510431,23.147080437903,-2079.31479260476,48957.4191235065,-156145.680717615,2076305.7080595,983550.93615224,-427558305.651315,-198251667.19572,-199727585073.436,107827364929.582,0.0179358085357393,0.05,0.358716170714786,0.000219019794474177,-0.203492826249001
0.243,20.0144771506308,13.3450335186743,-3.43052132573041,230.305577440698,73.0630707151196,-2234.99724699196,50786.6577478948,-155243.284387572,1548883.60987147,839212.951421311,-627285890.724762,-90424302.2661465,-199691481087.69,148268257638.795,0.0144771506307997,0.05,0.289543012615994,0.00314678223002548,-0.221050931707895
0.244,20.0110916843155,13.5741957580304,-3.33183457988083,227.993095888227,124.511302141118,-2389.8298177768,51988.6164988892,-154424.572211011,821751.978602863,822922.777974562,-826977371.812461,57843955.3726391,-199586578858.988,162604169974.066,0.0110916843154669,0.05,0.221833686309338,0.00644437502474395,-0.238628883300354
0.245,20.007830797227,13.8009682365773,-3.18122813143915,225.526194703341,176.764648959888,-2543.82651276585,52363.615361776,-153545.626760354,-105018.682639092,962068.818334234,-1026563950.67145,220448125.346696,-199229559956.163,168145647679.204,0.00783079722704727,0.05,0.156615944540945,0.0102862880528106,-0.256022676885143
0.246,20.0047466654821,14.0251969692433,-2.97834361165642,222.90576630855,228.896359756903,-2696.84735769416,51712.1097771418,-152445.309604733,-1231197.41328863,1266589.76752053,-1225793510.62762,388593773.025892,-113398939756.341,168803393759.499,0.0047466654821271,0.05,0.094933309642542,0.0147995443519029,-0.27304051203281
0.247,20.001891327063,14.2467289605687,-2.72384841630059,220.13292499245,279.783846953141,-2848.58757331155,49849.1157852467,-150956.28905174,-2513690.39379442,1739585.23742617,-1339192450.38396,557397166.785386,199224817434.891,164368367111.916,0.00189132706296746,0.05,0.0378265412593493,0.0200429211593931,-0.289519925298559
0.248,19.9993155631358,14.465412509749,-2.41961309933241,217.209173800104,328.161219833821,-2998.57432153481,46699.0333024994,-148910.610503069,-3753270.43546093,2379166.58776752,-1139967632.94906,721765533.897301,199587896072.234,148808375550.73,0.000684436864229809,0.05,0.0136887372845962,0.0259912010627914,-0.305340258409615
0.249,19.9970676482098,14.6810976833066,-2.0687737433388,214.136572014716,372.801939475436,-3146.16885413937,42409.0436999093,-146145.759752428,-4793444.12037387,3175336.30944018,-940379736.876816,870573909.448034,199691376005.513,73954309016.6586,0.00293235179022489,0.05,0.0586470358044977,0.0325265162557222,-0.320429273584904
0.25,19.9951921363241,14.8936369529308,-1.67560370776103,210.917896393618,412.665851633014,-3290.57876865595,37178.691607098,-142522.810770094,-5633978.16924793,4082887.37339654,-740688360.87129,944528218.464699,199721129855.162,-123986322485.673,0.00480786367586461,0.05,0.0961572735172922,0.0394391657115383,-0.334763369602872
0.251,19.9937288213467,15.1028859839574,-1.24531670435828,207.556775022928,446.912427809088,-3430.90788046637,31207.6561123903,-137988.323674546,-6274805.96519164,4965422.43061841,-540967231.016115,820541895.979037,199701434924.411,-162408625480.009,0.00627117865331783,0.05,0.125423573066357,0.0464390489453899,-0.348361599151628
0.252,19.9927118964513,15.3087045204911,-0.783867125609842,204.05773338687,474.900840626835,-3566.28350296901,24695.650104178,-132639.698400185,-6715922.47874555,5704760.01385744,-341265796.091693,658133270.499039,199592822267.707,-172662483381.568,0.00728810354869935,0.05,0.145762070973987,0.0531767153030252,-0.361274672901629
0.253,19.9921693132909,15.510957248453,-0.29775033647867,200.426106811402,496.189968226553,-3695.96832675399,17842.3601977645,-126634.648831642,-6957391.86370339,6276562.04266569,-141672973.823981,485470787.117482,198868515056.374,-174700752673.309,0.00783068670908804,0.05,0.156613734181761,0.0592718661789903,-0.37357123743086
0.254,19.9921223408695,15.7095145306526,0.206197000733225,196.667886026016,510.538306518289,-3819.39106196447,10847.2765996585,-120144.468187529,-6999630.57999918,6674682.45344652,57195541.2323905,310770034.44418,-109676251059.461,-169316968899.905,0.00787765913048588,0.05,0.157553182609718,0.0643464445865116,-0.385323825017101
0.255,19.992585323576,15.904252977536,0.7209938096335,192.78954671481,517.890730574359,-3936.15344879324,3857.96441509896,-113342.620211677,-6997273.16429652,6900794.00344074,-52480709.8270696,141453065.544277,102442524995.905,-139038093376.974,0.00741467642403748,0.05,0.14829352848075,0.0680590307478516,-0.396596199415951
0.256,19.9935656138968,16.0950558456084,1.23964597721286,188.797876823472,518.245580060879,-4046.02788974617,-3148.47534994512,-106394.272691027,-6998532.61162564,6972728.02229653,49961815.1688348,2414972.16730085,-95415803298.3386,-18006910250.7419,0.00643438610315883,0.05,0.128687722063177,0.0701369422766701,-0.407433388900577
0.257,19.9950635665965,16.2818132666337,1.75515218410747,184.699813869284,511.602189715844,-4148.93614621861,-10137.9296878694,-99423.3383343556,-6996278.69810597,6966139.53933846,-45453988.1295041,-15591938.0834388,88929124639.5892,17132911012.2179,0.00493643340351468,0.05,0.0987286680702937,0.0704018440426843,-0.417855312191521
0.258,19.9970725384536,16.4644223320232,2.2605182096896,180.502326570264,497.962250394426,-4244.87829956836,-17142.1138592669,-92462.1392788902,-6997268.12391568,6959114.05676113,43475136.5100854,1540972.92877946,-77377465273.8288,1020498294.78527,0.00292746154638479,0.05,0.0585492309276958,0.0687859150758457,-0.427854334468995
0.259,19.9995788894715,16.6427870990644,2.74874435845226,176.212377126111,477.325524268232,-4333.86058246928,-24130.5406591398,-85502.0846526155,-6992481.72004251,6961165.2788373,-33902328.7637442,2561471.22356438,70355047875.0845,-1952919045.283,0.000421110528495916,0.05,0.00842221056991832,0.0653370773381388,-0.437396293615268
0.26,20.0025619832971,16.8168185856191,3.21283837246599,171.836925785982,449.696023821272,-4415.88173894224,-31128.2477022517,-78539.964124674,-6991206.52486871,6962750.29053822,36452719.1113404,608552.178281409,-7782039612.30772,-156534970.243032,0.00256198329709889,0.05,0.0512396659419778,0.0602128930355932,-0.446424206059969
0.261,20.0059941906329,16.986434770661,3.64580652536167,167.382934547411,415.07792405812,-4490.94023301858,-38102.5248741667,-71576.9356472083,-6958644.82556352,6963280.57523138,28670679.4990319,452017.208038581,-9812198000.73087,729728641.159358,0.00599419063288309,0.05,0.119883812657662,0.0536639017221428,-0.454864089573965
0.262,20.0098408959812,17.1515605957441,4.04067452568849,162.857366418246,373.500446376171,-4559.03542263661,-45048.4697263142,-64613.3074419328,-6934880.24506485,6964097.45676,18858481.4983012,1181745.84919821,-53205148883.1238,1028283133.90693,0.00984089598121685,0.05,0.196817919624337,0.0460081540697351,-0.462632357866135
0.263,20.0140605237817,17.3121279657485,4.39049526622121,158.267185082607,324.985462726371,-4620.16644154739,-51982.7882554438,-57648.4477317258,-6942624.33800811,6965793.34417615,-34346667.3848223,2210028.98310547,-5365407776.96758,1011334988.16195,0.0140605237817191,0.05,0.281210475634381,0.0375996847695936,-0.469644064068694
0.264,20.0186045584116,17.4680757497969,4.6883307549407,153.619355483263,269.525414298702,-4674.33158212991,-58943.4801617738,-50681.3808172268,-6979653.70928142,6968509.04065334,-39712075.1617903,3221363.97126779,60200209386.6262,625361349.666252,0.0186045584115675,0.05,0.37209116823135,0.0287938189051812,-0.475821171968318
0.265,20.0234175368941,17.6193497829745,4.92722000053898,148.920844768333,207.087996945152,-4721.52814547609,-65932.956540405,-43711.1568676962,-6989265.67974989,6972043.08529944,20488134.2248355,3846725.32093444,-53924555487.2407,63360915.351814,0.0234175368940583,0.05,0.468350737881167,0.0199125205173696,-0.481100043902742
0.266,20.0284370209434,17.7659028690113,5.10017704590166,144.178623212412,137.661575397432,-4761.75263704021,-72920.965578957,-36737.1798595837,-6995739.82326868,6975921.49107805,-33436421.2624053,3910086.23628662,68189501394.3907,-379322647.997268,0.0284370209434073,0.05,0.568740418868146,0.0112132185699156,-0.485437425176097
0.267,20.0335935836097,17.9076947837373,5.2002113569341,139.399664798783,61.240008399189,-4795.00122027832,-79922.0586959578,-29759.3665458289,-6995081.49383389,6979641.91599033,34753080.131986,3530763.58828964,-75120824098.0908,-580841841.347293,0.0335935836096546,0.05,0.671871672193092,0.00286444180940388,-0.48881436348087
0.268,20.0388108033512,18.0446922788785,5.22032531110787,134.590947311159,-22.1769288980003,-4821.2702016073,-86912.2837870754,-22778.056055018,-6997888.82575095,6982882.25865795,-40367743.9661059,2949921.74694251,83402536404.3915,-600211161.685498,0.0388108033512111,0.0500737866378195,0.775072267490517,-0.00506952231439167,-0.491237712074911
0.269,20.044005263018,18.1768690857234,5.15352493854392,129.759452013146,-112.591409949594,-4840.55634988816,-93916.4560620753,-15793.7988706802,-6996555.30151486,6985532.07482405,43034792.4382867,2349710.58525702,-90078188480.0401,-531880286.776348,0.0440052630179686,0.051103938532446,0.861093377177369,-0.0126335892390476,-0.492739105216668
0.27,20.0490865482192,18.3042059183445,4.99281025047789,124.91216311264,-210.002724454874,-4852.85701326467,-100906.506998784,-8807.18058727794,-6998559.60331659,6987615.84526591,-47043396.0417554,1817830.29848052,98199253696.3205,-442012679.629615,0.0490865482192326,0.0531184016142318,0.924096861492931,-0.0199761604373303,-0.493371540166701
0.271,20.053957247494,18.4266904762522,4.73118670410876,120.056067183782,-314.412260185752,-4858.17010137479,-107912.221757839,-1818.72949564273,-6996503.37251018,6989212.66922458,51155857.6545668,1375817.61885059,-106964795426.348,-352507379.26688,0.0539572474940186,0.0558563623417851,0.966000026350701,-0.02733339365839,-0.493203929322565
0.272,20.0585129514545,18.5443174464919,4.36165348926953,115.198152640826,-425.818664520046,-4856.49400992068,-114900.974667426,5171.11233116139,-6998829.91256879,6990412.2331538,-55808937.7717839,1023310.23958326,128287530633.113,-287868212.492237,0.0585129514545031,0.0590946658454875,0.990156228440221,-0.0350051433779499,-0.4923141776642
0.273,20.0626422535442,18.6570885052551,3.8772166094541,110.345409296015,-544.22301031961,-4847.82753291575,-121906.327793776,12161.9882413996,-6990495.08502402,6991291.60928713,72478592.8613304,735442.027090465,-162172359435.313,-225004906.416004,0.0626422535442437,0.06264484866451,0.999958574083558,-0.0433249896659875,-0.490781476615594
0.274,20.0662267500354,18.7650123190924,3.27087702122855,105.504828001257,-669.619263072064,-4832.16978567123,-128887.612308942,19153.6100708825,-6999102.67188034,6991914.54886101,-89693766.5739809,510437.120673848,180902898325.383,-200113002.067931,0.0662267500353586,0.0663501598927312,0.998140021703458,-0.0526273683287944,-0.488678572883889
0.275,20.0691410440309,18.8681045458029,2.53564520517399,100.683400359313,-802.013838057279,-4809.52014159111,-135901.411381055,26145.7464861368,-6998344.98929163,6992324.92948065,91209131.751388,310324.118605298,198137503144.584,-150895009.393221,0.0691410440308715,0.0700826018114692,0.986565028177312,-0.0632149891222314,-0.486064763885522
0.276,20.0712527415194,18.9663878350651,1.66451972212105,95.888118490126,-941.390964681724,-4779.87818720684,-142821.12888728,33138.2014285085,-6808067.10596795,6992559.80609456,289346634.895965,159429.109211511,198946618688.447,-165295900.400059,0.0712527415193556,0.0737400184933416,0.966269645372945,-0.0753298245303751,-0.482980291442347
0.277,20.0724224812557,19.0598918288529,0.650597229143034,91.1259748355332,-1087.55961324039,-4743.2436861911,-149451.364906018,40130.813399841,-6419247.16172776,6992636.58725357,488293253.58441,-5866.7911890189,199065385591.99,-100203230.427388,0.0724224812557424,0.0772432581587782,0.937589674258349,-0.0891300380042548,-0.479442661190247
0.278,20.0725041269944,19.1486531616739,-0.51273593664682,86.4039619943937,-1240.13092512728,-4699.61655965057,-155593.287876689,47123.4303531605,-5831421.21534735,6992580.61884717,687358639.176401,-106070.021616724,198981498427.352,-165696145.560929,0.07250412699441,0.0805334322845485,0.900298483966652,-0.104673773303649,-0.475445221338775
0.279,20.071345156409,19.23271546065,-1.83160511112583,81.7290725742224,-1398.51707294268,-4648.99686357033,-161047.866189377,54115.9303209726,-5044571.82695728,6992391.70075277,886340137.603754,-271766.167177818,198694670014.594,-24517639.1164266,0.0713451564090306,0.0835692916306298,0.853724556196683,-0.121910962377356,-0.470958110606817
0.28,20.068787248922,19.3121293454615,-3.31144829250633,77.1082990629015,-1561.93122274468,-4591.38478371492,-165616.152169196,61108.1820523686,-4058884.35434623,6992107.67576603,1085034807.61835,-296283.806294195,197978778307.018,-197756141.535316,0.0687872489220496,0.0863247364963622,0.796842848456866,-0.140683826909417,-0.465931453342152
0.281,20.0646670725229,19.3869524281646,-4.95681721245449,72.5486337074989,-1729.38772884069,-4526.78060544515,-169099.522656682,68100.1086268746,-2874860.15757437,6991712.51388897,1283013585.92537,-494039.947829341,195573846173.311,178787816.591841,0.0646670725229015,0.0887864756653146,0.72834372620744,-0.160735915413516,-0.460300462864643
0.282,20.0588172693698,19.457249312905,-6.77117875730162,68.057068422691,-1899.70269706825,-4455.18471545183,-171300.280380265,75091.6039187591,-1494059.64856234,6991307.86784944,1478587432.09868,-315252.1312371,-30718389034.2688,-337851226.143669,0.0588172693698361,0.0909518456778704,0.646685825136004,-0.181728692204144,-0.453991932548121
0.283,20.0510676392437,19.5230915955387,-8.7567192526783,63.6405947112255,-2071.50485596699,-4376.59752421831,-172060.166044284,82082.6978520052,-30831.4109807958,6990823.69010513,1447869043.06441,-653103.35738041,-193806960284.176,752195474.682332,0.0510676392436871,0.0928267993042932,0.550138964463092,-0.203263979360964,-0.446931465791581
0.284,20.0412465013805,19.5845578632173,-10.9142006174171,59.3062036522705,-2243.3472014996,-4291.01949203033,-171399.36409378,89073.3203563441,1320134.15194153,6990546.68448509,1254062082.78023,99092.1173025562,-195901365456.557,-1045129313.26633,0.0412465013804528,0.0944240694055468,0.436821899756312,-0.224910185880401,-0.439050731806848
0.285,20.0291821257856,19.6417336939491,-13.2429768585295,55.0608859069519,-2413.88565072717,-4198.45092536344,-169484.849128024,96063.7423986689,2476245.55199348,6990123.21194576,1058160717.32368,-946037.195963562,-196128823316.41,2376209245.92595,0.0291821257856348,0.0957615117822242,0.304737521813558,-0.246230785611804,-0.430294040984233
0.286,20.0147040703494,19.6947116562677,-15.7411497706057,50.9116318537066,-2581.96418899395,-4098.89218002294,-166512.211354588,103053.788626891,3436341.85765895,6990365.27937275,862031894.007263,1430172.0499632,-195477655879.824,-3873428013.26794,0.0147040703494028,0.0968606281521208,0.151806473176179,-0.266813836979748,-0.420623607430074
0.287,19.9976443365421,19.7435913089346,-18.4057630526188,46.8654316561888,-2746.6227023397,-3992.34313178719,-162677.433159239,110044.223420953,4200634.9237263,6989858.73741608,666554238.127438,-2443255.96330534,-193528733684.553,7283340924.16249,0.00235566345790161,0.0977452680714679,0.0241000255498735,-0.286300507427254,-0.410023003884934
0.288,19.9778383295451,19.7884792009627,-21.2329982053637,42.9292755714605,-2907.09678936129,-3878.80408273431,-158175.775905396,117034.074420542,4770424.79501146,6991057.15191486,473025504.442883,4840084.96085867,-187730777156.419,-12802101443.953,0.0221616704549241,0.0984405064629566,0.225127554207207,-0.30440997784065,-0.398498492729993
0.289,19.9551256227646,19.8294888714884,-24.2183696669057,39.1101537971144,-3062.81633740082,-3758.27420647787,-153200.126821023,124025.417931363,5149584.91087614,6989496.18615374,285294727.286463,-7962016.48309719,-154048483178.423,21590912146.5127,0.0448743772354341,0.0989716914171915,0.453406187091184,-0.320958350097693,-0.386078134710346
0.29,19.929350528304,19.8667408502779,-27.3569172000222,35.4150570638068,-3213.40054133199,-3630.75446783483,-147933.5692937,131014.531594633,5357855.39657339,6992329.6257439,131246244.10804,13628895.6634198,144956136568.6,-16495254364.4782,0.0706494716959654,0.0993636551644754,0.711019251244534,-0.335869778051737,-0.37280878221378
0.291,19.9003624797775,19.9003626573008,-30.6433848735404,31.8509756804504,-3358.62726871436,-3496.24218724697,-142485.931418977,138010.926459148,5561579.70896573,6997710.89422508,276202380.676639,-2866358.70106676,156147330158.34,-194368318317.359,0.0996373426991788,0.0996400782333532,0.999972545844775,-0.34917877404491,-0.35875129119521
0.292,19.8680162678654,19.9304888049858,-34.0723153683525,28.4249035024146,-3498.27987040999,-3354.74098174708,-136760.225964647,144974.809454303,5915855.75472153,6897660.37636533,432349710.834979,-197234677.018387,26284092714.0471,-197841202490.455,0.0695111950141936,0.0993755000138303,0.699480203918668,-0.361023182601085,-0.3439744046006
0.293,19.8321722693243,19.9572607859493,-37.6379711421803,25.1437896686696,-3632.0090150416,-3206.3584579342,-130623.814672389,151740.87895841,6361347.51191354,6601505.09810171,458633803.549026,-395075879.508768,-164401402322.556,-198450237429.477,0.0427392140506591,0.0990028577376558,0.431696771459994,-0.371627252178277,-0.328548087212255
0.294,19.7926967916886,19.98082695803,-41.3342141002427,22.014383785818,-3759.38256704921,-3051.39094116655,-124060.550492421,158111.771077186,6737780.61430128,6107204.09987821,294232401.226471,-593526116.938147,-175128729992.806,-198619920991.21,0.0191730419700384,0.0984998114513737,0.194650544884582,-0.381275388412881,-0.312537824868294
0.295,19.749462492496,20.0013422475516,-45.1544931788252,19.04304021212,-3880.03248553136,-2890.33276488896,-117204.841799172,163889.10879843,6944448.65053135,5414368.02244445,119103671.233665,-792146037.92925,-139731018224.179,-198589896135.584,0.00134224755161227,0.0978427358937387,0.0137184180241036,-0.390279659967558,-0.296001198818958
0.296,19.7023487390846,20.018967654954,-49.0919668789199,16.235519735301,-3993.75107451915,-2723.87677099797,-110224.129816062,168874.305485887,6993686.81265292,4522927.03644741,-20627346.9905132,-990735934.064731,34342512608.3686,-198364150128.546,0.0189676549540252,0.0970072746629297,0.195528170644232,-0.398945598522227,-0.278987194237422
0.297,19.6512418172596,20.0338695619447,-53.1396649771636,13.5967910045215,-4100.48036788203,-2552.91438982246,-103235.032924803,172868.803863614,6990230.72196659,3433009.02731841,13715165.6178551,-1189100084.19319,-19524523599.2209,-197763879858.095,0.0338695619447016,0.0959690429921564,0.352921743186183,-0.407540531795443,-0.261538284234973
0.298,19.5960349976065,20.0462188400795,-57.2905974142936,11.1308319909345,-4200.21881310673,-2378.53550495423,-96241.1987072935,175674.302202193,6994183.62578484,2145027.00319617,-5809357.98136547,-1386863964.05123,10978701015.4485,-195769902843.265,0.0462188400794581,0.0947044869937503,0.488032209947013,-0.416267412126144,-0.243695052900985
0.299,19.536628541977,20.0561897609149,-61.5377712800506,8.84043172416928,-4292.96343078159,-2202.02799032374,-89248.0899769968,177093.268906223,6993863.61831119,660278.087723308,5169343.03408313,-1582633866.89447,-8280958787.73183,30699682280.0115,0.0561897609149398,0.0931919075203836,0.60294678379289,-0.425245815116153,-0.225502874560364
0.3,19.4729297057425,20.063958708554,-65.8741929655031,6.72699472740149,-4378.71407243221,-2024.86707553139,-82253.0218469665,176967.346674212,6994892.48195141,-907005.938031159,-3111615.75364847,-1551934184.61448,5600421428.69749,195842863214.421,0.063958708554015,0.0914126559225993,0.699670170486786,-0.434501327298199,-0.207019965822039
0.301,19.4048527383395,20.0697027138484,-70.2928678164257,4.7903971256526,-4457.46993328993,-1848.60372740434,-75258.7517693205,175317.014121076,6994581.07691211,-2361018.69103843,2488805.6750492,-1356091321.40012,-4583481035.53418,197797272973.137,0.0697027138483719,0.0893525065931854,0.780086832546541,-0.443964225596124,-0.188325821732055
0.302,19.3323188838864,20.0735979192105,-74.7868012965831,3.02900354670162,-4529.23117069822,-1674.68499629598,-68263.6902030768,172310.9159815,6994778.14206939,-3618211.37595197,-2094675.36048475,-1158294048.42707,3126081285.81557,198390390230.874,0.0735979192104885,0.0870032092046768,0.845921890505762,-0.453477443830938,-0.169528149746038
0.303,19.2552563811588,20.075818138609,-79.3489985772535,1.43982436417097,-4593.99769068944,-1504.36796874428,-61269.43838514,168146.622646373,6994246.50735181,-4677310.22926361,1031405.92533103,-959903658.196316,-2678795588.78466,198613736324.555,0.075818138608966,0.0843642213077562,0.898700153141762,-0.462812942198394,-0.150766045832294
0.304,19.173600463595,20.0765336008142,-83.9724652587325,0.0187118141766047,-4651.7699455364,-1338.71170958323,-54275.122640757,163022.462877399,6993938.51548275,-5537907.01929765,-1647389.66345341,-761289921.871894,1667339309.28121,198642190408.225,0.0765336008142334,0.0814446196576839,0.939701126187442,-0.471694775985346,-0.132208294992374
0.305,19.0872933589124,20.0759098903694,-88.6502071639169,-1.23944171352984,-4702.54830401189,-1178.5768051112,-47281.7299302211,157137.0179289,6993124.79547394,-6199875.84596543,19949.6458279916,-562647731.463799,-1421512596.64797,198468793082.606,0.0759098903694166,0.0782651861243698,0.969906214096132,-0.479826539902652,-0.11404688165749
0.306,18.9962842886866,20.0741070870147,-93.3752308231096,-2.34050511206311,-4746.33352744912,-1024.62523019415,-40288.8320786903,150688.896349383,6992433.98882144,-6663289.18088792,-1401562.95081978,-364178938.381302,933298372.520995,197839899978.095,0.074107087014724,0.0748606614670083,0.989933638876322,-0.486920460371054,-0.0964863939634881
0.307,18.9005294676354,20.0712791037062,-98.1405434115545,-3.2909099677324,-4783.12633723979,-877.320431595779,-33296.9433216155,143876.491015968,6991499.07505688,-6928548.16928018,-468264.578298637,-166339038.403275,-428832510.006807,194042993214.639,0.0712791037061642,0.0712821575353696,0.999957158575006,-0.492725287716982,-0.0797304025079723
0.308,18.7999921028723,20.0675732231422,-102.939152993694,-4.09745222561975,-4812.927626936,-736.927852712804,-26305.7498509328,136897.113826355,6990816.39422358,-6997865.71107613,-897097.088305298,27703954.8113629,859397709.756937,-37631749858.0026,0.0675732231421904,0.0675997157038699,0.999608096551833,-0.497050287525322,-0.0639661773214859
0.309,18.6946423930512,20.0631298317765,-107.764068389707,-4.7670969916406,-4835.73808229776,-603.526622405763,-19315.2387723018,129906.828134375,6990348.99599015,-6988977.63119377,-37699.3785482575,-9927795.04663649,-99071919.0125258,16518434639.1474,0.0631298317765427,0.0639049965046412,0.987870045059119,-0.499783046858454,-0.0493492598053362
0.31,18.584457527678,20.0580823313444,-112.608299035621,-5.30683530559168,-4851.55815698329,-477.115249451382,-12324.9251379874,122915.639678098,6990261.7606521,-6990646.20892083,-136771.297560687,6590639.59251257,913354772.713433,-8736947299.78196,0.0580823313443588,0.0603140825806807,0.962997841617891,-0.500899437789115,-0.0359895889566786
0.311,18.4694216866707,20.0525571331197,-117.464854609634,-5.72365764110611,-4860.38793597972,-357.694198477282,-5334.57953718861,115926.83263109,6990581.66674089,-6988424.04297821,776583.475152805,-2146307.70726783,-939909595.695327,4844777980.21602,0.0525571331196844,0.0569703742077222,0.92253445497924,-0.50046486623566,-0.0239414321194611
0.312,18.3495260402759,20.0466736583224,-122.326744713913,-6.02455320966728,-4862.22713441586,-245.261733719883,1656.23376969057,108938.142897255,6990888.29541819,-6988147.96169537,-163326.120542441,2698470.27295057,1560075704.63226,-2593000104.87383,0.0466736583224474,0.0540475537866028,0.863566527112959,-0.498626792368647,-0.0131987974691574
0.313,18.2247687493216,20.040544339449,-127.186978577199,-6.21651047244005,-4857.07541871632,-139.817323100103,8647.30041466594,101950.912004012,6991505.00714997,-6986745.99147485,1396749.58408982,105470.168078035,-2831895749.38654,533272241.200845,0.0405443394489602,0.0517525929015875,0.783426243513231,-0.495599359360432,-0.00369675644943522
0.314,18.0951549655722,20.0342746210207,-132.038565060275,-6.30651678836725,-4844.93225100214,-41.3597442937938,15639.031813983,94964.3076263276,6991485.80885936,-6986373.88518617,-1435146.16529659,638742.409281267,3999356358.67637,-1104704790.91168,0.0342746210206677,0.0503287728109805,0.68101443977966,-0.491641726542667,0.00468151164728767
0.315,17.9606968321972,20.0279629606495,-136.874512574205,-6.30155875708929,-4825.79754883491,50.1114368176375,22630.4666091529,87978.0689948809,6992050.3408734,-6986287.49517235,2564210.1933797,-465962.381628826,-7335999497.52846,-492983351.182238,0.0279629606494609,0.05,0.559259212989218,-0.48703229310648,0.0120927183393567
0.316,17.8214134839396,20.0217008295222,-141.687829502303,-6.20862269054887,-4799.6709353536,134.596263863555,29622.57638854,80991.4663546259,6990946.55131802,-6986999.94922957,-4771789.30414853,-958945.732808421,11378006724.7897,-159001295.523286,0.0217008295222314,0.05,0.434016590444628,-0.482041375062006,0.0187177284871965
0.317,17.6773310473312,20.015572712408,-146.471524095712,-6.03469523478269,-4766.553206904,212.094063794214,36613.0333796601,74003.9604323141,6991863.76537626,-6988038.39561014,6606217.42064092,-1117947.02832971,-24561273342.8692,-354244647.728727,0.0155727124079661,0.05,0.311454248159322,-0.47690500923594,0.024743665195351
0.318,17.5284826401528,20.0096561070202,-151.218605404717,-5.78676391337338,-4726.44416399181,282.603803944015,43604.1067081896,67015.3040224152,6986189.34612547,-6989333.46496233,-17955055.9222278,-1472191.67605495,47953372817.8522,846200632.322646,0.00965610702024122,0.05,0.193122140404824,-0.47180242622638,0.0303456231502797
0.319,17.3749083710254,20.0040215229927,-155.922083498979,-5.47181740062049,-4679.34795706268,346.124231127019,50589.3107551569,60025.3754950536,6992210.97661216,-6990382.55632222,29998316.8956236,-625991.043730035,-94118453740.2631,-910022542.686188,0.00402152299268721,0.05,0.0804304598537442,-0.466839329226849,0.0356697766121239
0.32,17.2166553365611,19.9987324806643,-160.574970966559,-5.09684557917356,-4625.26146270197,402.654273094456,57580.8344812602,53034.5282727858,6975150.06663766,-6991463.55863729,-64120136.844636,-1536013.58641153,-169181013518.943,2068887366.85842,0.00126751933570901,0.05,0.0253503867141802,-0.462038557664931,0.0408195097235727
0.321,17.0537776215309,19.9938455099886,-165.170283568523,-4.66883933263064,-4564.21078908576,452.192899789291,64495.727643889,46042.6415219165,6826439.42303355,-6991965.12854027,-233301150.363577,532873.780449116,-167459076783.901,-2544302977.08798,0.00615449001136525,0.05,0.123089800227305,-0.457338898787603,0.0458458836126398
0.322,16.886336264114,19.9894101495483,-169.701119870257,-4.1947904386028,-4496.34770271695,494.739541546605,71177.6066456101,39050.5187797703,6509408.73427802,-6992704.40624837,-400760227.147478,-2011429.19663287,-48355271103.2258,4438017647.23162,0.0105898504516588,0.05,0.211797009033177,-0.452602430989883,0.0507433132595073
0.323,16.7143991011453,19.9854689459269,-174.160810969498,-3.68169113522819,-4421.98419987836,530.293557802452,77478.5760544639,32057.5483285315,6084470.87157893,-6992496.82662139,-449115498.250705,2426588.45060031,169541108762.92,-6054914623.48611,0.0145310540731423,0.05,0.290621081462845,-0.447630405025506,0.0554508120502641
0.324,16.5380404611844,19.9820574531529,-178.543059103174,-3.13653416875034,-4341.53117675828,558.855009860974,83366.7460283779,25065.2556436982,5720125.92770968,-6993097.69548253,-279574389.487787,-3628326.17287838,182888266339.419,10093067813.0034,0.0179425468471379,0.05,0.358850936942758,-0.442186323691174,0.0598586106581821
0.325,16.3573407672133,19.9792042326362,-182.841963677461,-2.56631211442268,-4255.3433431532,580.4235324804,88977.5661390669,18072.0259630982,5531995.6713916,-6991679.4877489,-96686123.1483699,6464741.64012442,185274896039.696,-15281427362.2945,0.0207957673638077,0.05,0.415915347276155,-0.43602328271875,0.0638194433647505
0.326,16.17238619141,19.9769308530048,-187.051898722897,-1.97801770685746,-4163.60817374496,595.000159430434,94492.0978982243,11081.031941609,5527946.99626308,-6992855.45978993,88588772.891324,-8816685.72215962,182821614016.043,30731601903.2659,0.0230691469951623,0.05,0.461382939903245,-0.42891147467118,0.06716333992188
0.327,15.9832684686065,19.9752518908164,-191.167334308481,-1.37864261863242,-4066.32971998587,602.584574677953,100094.809549936,4088.89007260855,5707946.57616243,-6986306.34456045,271410386.907366,21914916.1811053,169634070302.128,-57641914217.7438,0.0247481091835837,0.05,0.494962183671674,-0.420662142535798,0.0697144497718492
0.328,15.7900848922348,19.9741749309731,-195.182652576879,-0.775177550537612,-3963.3286339971,603.181562317901,105966.733664602,-2896.06579956427,6064173.99822085,-6993212.38548822,441044457.209493,-35726998.036663,-25547012750.2503,90080178890.6618,0.0258250690269008,0.05,0.516501380538017,-0.411145465890399,0.0713082253176431
0.329,15.592938492777,19.9737005699695,-199.091968984417,-0.174610294474637,-3854.25737038272,596.786689166724,112247.172055969,-9892.12832092235,6492444.94905522,-6983899.29407955,415497444.459243,54353180.8540089,-163957349073.428,177709039119.67,0.0262994300305444,0.05,0.525988600610887,-0.400300715480843,0.0718073186101594
0.33,15.3919383767227,19.9738224140353,-202.889004748531,0.416070092939778,-3738.70155783436,583.419074605551,118920.039502409,-16819.2328513883,6825963.71897775,-6840691.5936657,251540095.385816,232062219.973661,-164711012005.87,183253122523.342,0.0261775859647031,0.05,0.523551719294062,-0.388137999733521,0.071114584132396
0.331,15.1872001274844,19.9745271076195,-206.567099517749,0.989950632221954,-3616.33347608206,563.22580854078,125844.321433745,-23513.3511479799,6995148.30836063,-6517002.81243037,86829083.3799479,415315342.496973,-188805187217.452,177160531510.009,0.0254728923805487,0.05,0.509457847610975,-0.374732497751619,0.0691823048574527
0.332,14.978846127208,19.9757944844292,-210.119342930561,1.54035237919655,-3486.98497586304,536.530556899162,132851.416752593,-29793.1695339101,6987574.79813185,-6013107.20417839,-101976103.837504,592475874.006954,-195681780831.802,127111444173.106,0.0242055155708485,0.05,0.48411031141697,-0.360213204975256,0.0660176876963704
0.333,14.7670057237197,19.9775978911261,-213.538743481934,2.06100991255114,-3350.66492113622,503.834876052349,139755.389868667,-35488.8535603895,6787757.80387844,-5357075.60808489,-297657884.669306,719587318.180039,-197070986505.461,-154765439481.18,0.0224021088739192,0.05,0.448042177478385,-0.344748090995364,0.0616846271543625
0.334,14.5518152204112,19.9799046862377,-216.818413459838,2.54623620898126,-3207.57347330416,465.780967347643,146361.473565793,-40511.9297492979,6391564.42595641,-4714871.00964544,-494728871.174766,564821878.69885,-197314122937.44,-175151725822.622,0.0200953137623117,0.05,0.401906275246233,-0.328527374038786,0.0563016368264949
0.335,14.3334176757121,19.9826768689525,-219.951763193609,2.99099747426638,-3058.10689375904,422.998441084734,152472.787869006,-44973.5817738977,5798178.49331292,-4237624.9938579,-692042994.112205,389670152.876227,-196898284710.271,-175316143519.969,0.0173231310474939,0.05,0.346462620949879,-0.311746692385854,0.0500357557019525
0.336,14.1119625067532,19.9858716964862,-222.932697806295,3.3908176289203,-2902.8585612376,375.963687000074,157892.128484478,-49045.5910485708,5007686.35684558,-3935612.91274165,-888941278.822476,214354009.356262,-194969438320.039,-153646495957.676,0.0141283035137683,0.05,0.282566070275365,-0.294591863428776,0.0430916973657847
0.337,13.887604895996,19.9894421592823,-225.755814352863,3.74161023594026,-2742.6188701811,324.979613226025,162422.849295526,-52899.6347059606,4021260.35886308,-3798082.15136423,-1083910717.14251,60707513.3985901,-139717938879.456,148158799366.77,0.0105578407176807,0.05,0.211156814353615,-0.277226705023886,0.0356960868151416
0.338,13.6605050010088,19.9933372851772,-228.416597915599,4.03951078225794,-2578.37186407312,270.197228646584,165878.867972671,-56642.6699673977,2867490.67228084,-3663295.23828225,-1223628656.02197,208866312.76536,195226779338.83,184159893441.743,0.00666271482283065,0.05,0.133254296456613,-0.259785063776672,0.0280780990934053
0.339,13.4308269731921,19.9975023034876,-230.911601788212,4.28078636414351,-2411.2550544245,211.76539544106,168167.082113497,-60170.8387337237,1741475.40592829,-3362348.97879602,-1028401876.68314,393026206.207096,197742021064.595,190609145059.665,0.00249769651237841,0.05,0.0499539302475682,-0.242367716471798,0.0204487303841397
0.34,13.1987378359898,20.0018788075183,-233.238524257906,4.46192391322307,-2242.38039566995,149.986828633345,169427.313584595,-63304.9064185729,811944.539777442,-2874018.20005909,-830659855.618548,583635351.266747,198489362603.467,192781706024.107,0.00187880751827763,0.05,0.0375761503655525,-0.225043892239596,0.0129820828392283
0.341,12.9644063866042,20.0064050594085,-235.396088629443,4.5798052102681,-2072.67728273462,85.3502182443661,169857.009756997,-65854.9766586613,80529.3654606278,-2193991.99578029,-632170493.015082,776417057.290834,198810461454.257,193307136740.697,0.00640505940852876,0.05,0.128101188170575,-0.207855613878661,0.00580185689704465
0.342,12.7280022671985,20.0110164792206,-237.383848669422,4.6318962364546,-1902.87708627451,18.5357028947247,169654.588952859,-67628.5422696727,-452235.896827326,-1320921.37011911,-433360031.560827,969724194.03151,198954494022.102,192409498276.859,0.0110164792205971,0.05,0.220329584411942,-0.190822982653788,-0.00102529267316477
0.343,12.4896952335726,20.0156463251945,-239.201990232583,4.61643952324071,-1733.5125521714,-49.5836622985737,169018.832122588,-68432.5332930632,-786118.681377101,-254992.426949169,-234405537.538727,1162133692.30835,198992973969.357,187829304079.359,0.0156463251944992,0.05,0.312926503889983,-0.173949608589564,-0.00748890908735811
0.344,12.2496546224373,20.0202265667848,-240.851132497096,4.53264708303994,-1564.91755560518,-117.942176635386,168148.676168103,-68075.153989845,-921027.731931149,1001055.91739886,-35412563.5693717,1349962996.38771,198938253045.676,-3853194152.39075,0.0202265667848387,0.05,0.404531335696774,-0.157227645275524,-0.0136265545433933
0.345,12.0080490175468,20.0246889498754,-242.332129036944,4.38089038841165,-1397.22700630309,-185.291969383549,167243.098529895,-66399.7587732777,-856971.168977683,2349092.31671038,163525689.476303,1346109802.23533,198755367840.934,-190486692250.027,0.0246889498754044,0.05,0.493778997508088,-0.140641941828846,-0.0195091929848942
0.346,11.7650461147881,20.0289662364844,-243.645868852645,4.16284455554789,-1230.37685760245,-250.300767310265,166501.016100296,-63409.3593374913,-594067.795580912,3599958.77282069,362281057.317236,1155623109.98534,198297764863.949,-195380696998.916,0.0289662364843579,0.05,0.579324729687158,-0.124172918202842,-0.0252218097316132
0.347,11.5208127862176,20.0329935217866,-244.793077465971,3.88148562448922,-1064.10423281685,-311.725684272043,166121.138460851,-59264.1524591778,-132637.855831702,4657891.53430657,560578822.181184,960242412.986479,196792807824.359,-196853721928.948,0.0329935217866364,0.05,0.659870435732728,-0.107797900188742,-0.0308421589675024
0.348,11.2755153429099,20.0367094690175,-245.774118238476,3.54094254889736,-897.947783779893,-368.509052800301,166301.588817414,-54158.9486720328,526337.370261662,5519707.08632858,757371630.005543,763388691.057604,-30543540888.0248,-197406343424.562,0.0367094690174987,0.05,0.734189380349974,-0.0914908047967228,-0.0364212800023562
0.349,11.0293199959107,20.0400573666236,-246.588796202331,3.14630413575267,-731.258070319885,-419.789141744953,167201.52141253,-48290.4482974129,1268437.22982319,6184392.6056739,726828089.117518,565982347.63312,-196888431294.298,-197455569131.767,0.0400573666235751,0.05,0.801147332471501,-0.0752202341452884,-0.0419685846836249
0.35,10.7823934962285,20.0429859899055,-247.236213461972,2.70342243909611,-563.309395962228,-464.901290663621,168800.557948363,-41855.9737794444,1896821.10329356,6651647.16874114,529939657.823221,368526778.50142,-198374152795.48,-196802286071.701,0.0429859899055387,0.05,0.859719798110774,-0.0589463695106062,-0.0474430821280833
0.351,10.5349038446697,20.0454502656532,-247.714786014409,2.21871548466912,-393.480369775614,-503.378219824184,170929.286521769,-35052.8636024645,2327573.68471904,6921772.8042067,331565505.027742,171724492.42975,-198832826723.295,-191810511786.927,0.0454502656531908,0.05,0.909005313063815,-0.0426180458737172,-0.0527515323224746
0.352,10.2870209061539,20.0474117394557,-248.022401653687,1.69897001861228,-221.340320195094,-534.949568380454,173389.504154548,-28077.1969706741,2559722.77638514,6997592.04074299,132732678.304448,-20086019.3572052,-199022207844.366,33129517766.8372,0.0474117394556899,0.05,0.948234789113798,-0.0261718969266337,-0.057753624753756
0.353,10.0389168400757,20.0488388466021,-248.156616729332,1.15114755625018,-46.6571251312965,-559.529936604069,175982.422902111,-21084.1263533153,2592944.3507674,6994070.7802692,-66289529.5399173,13043498.4096455,-199087724887.523,-24565058544.588,0.0488388466020808,0.05,0.976776932041616,-0.00953448707707737,-0.0622735816370239
0.354,9.790766332398,20.049707006663,-248.114854906749,0.582241573704941,130.602426369405,-577.115877194952,178509.041200627,-14087.6280002654,2427110.95878372,6994831.74940655,-265377254.427439,-11521560.1349567,-199064733137.201,24178843126.0172,0.0497070066629988,0.05,0.994140133259975,0.00737267504357271,-0.0661167805239473
0.355,9.54274662885297,20.0499986337488,-247.894606157544,-0.00075259077128964,310.272499143139,-587.707002128743,180770.286076675,-7094.52722373872,2062201.33778768,6995399.6108346,-464441987.56464,12657282.991065,-198940306881.982,-26611757125.5544,0.0499986337488352,0.05,0.999972674976704,0.0246257591512424,-0.0690888216001931
0.356,9.29503736910441,20.0497031367795,-247.493625824725,-0.590840650952809,491.988189711326,-591.302828823121,182567.109702866,-97.23426426288,1498289.19678205,6994751.01526289,-663382294.446622,-13954474.134498,-198631850828.147,30417271213.7937,0.0497031367794953,0.05,0.994062735589907,0.0422896177219881,-0.0710144324640784
0.357,9.04782022185081,20.0488169198825,-246.910133661491,-1.18102663302967,675.185603969724,-587.903745939152,183700.602443954,6895.60905913503,735590.976921354,6996005.17673529,-862014145.274769,16462797.0792962,-197781870838.677,-37180733818.6829,0.0488169198825439,0.05,0.976338397650878,0.0604080672704541,-0.0717542748885316
0.358,8.80127832094986,20.0473433822307,-246.143012723241,-1.76431619746448,859.102091966641,-577.508939689394,183972.222703098,13893.6488454402,-225314.103772754,6993877.60690524,-1059796016.11345,-20717936.7393907,-192298981972.551,46594259173.3418,0.047343382230693,0.05,0.94686764461386,0.0789944017069383,-0.0712180517625976
0.359,8.55559550282291,20.0452929184754,-245.192007832932,-2.33371314142378,1042.77701249092,-560.119863602509,183184.96076094,20884.9331938379,-1381259.61087248,6996456.79975252,-1252094998.086,25876322.433949,195165636468.314,-63967925893.2623,0.0452929184753614,0.05,0.905858369507229,0.0980230601989513,-0.0693726740365244
0.36,8.31095534660748,20.0426829178704,-244.057919094241,-2.88222391718073,1225.07079284826,-535.735054618652,181210.181257102,27883.6668338252,-2535771.79072432,6990349.15923984,-1056929361.61768,-38091603.4593124,198069097353.297,89697125720.5068,0.0426829178703656,0.05,0.853658357407312,0.117423259982953,-0.0662447735974932
0.361,8.06754005041673,20.0395377647756,-242.742708227543,-3.40285291986218,1404.84518619545,-504.358824425561,178178.956301795,34869.9197122888,-3493666.60366535,6997106.11864078,-858860264.264388,51605522.2611897,198716997123.473,-99989230288.3452,0.0395377647755808,0.05,0.790755295511616,0.137075514943214,-0.0619173619692967
0.362,7.82552930882439,20.0358888359343,-241.249389970834,-3.88860928309094,1581.14244569292,-465.985916951518,174288.979065518,41876.1637203454,-4253168.369368,6998717.0257578,-660143267.140916,-48383708.0271501,198966500093.073,-197406699550.088,0.0358888359342515,0.05,0.71777671868503,0.15681294944836,-0.0565210778536902
0.363,7.58509935579937,20.0317745039893,-239.581837744918,-4.3324943263874,1753.20310696673,-420.62668394879,169738.900145928,48817.7877754979,-4813828.38646238,6851629.9679556,-461176767.047843,-245790407.577255,199061938525.176,-198959152043.325,0.0317745039893467,0.05,0.635490079786933,0.176428815117731,-0.0502208502814607
0.364,7.34642220528178,20.0272401157791,-237.744585049459,-4.72758207737957,1920.46652437236,-368.43233622192,164727.660365696,55513.362680991,-5175474.18424763,6506359.98435668,-262114828.522668,-444749559.620616,199063208270.815,-199258718204.709,0.0272401157791435,0.05,0.544802315582871,0.195689714862447,-0.0431996395113723
0.365,7.109665090552,20.0223378368763,-235.742626536525,-5.06719353065057,2082.57105614152,-309.748220921949,159454.305968565,61764.13809917,-5338057.40863489,5961981.06563371,-63051620.251853,-644008277.825375,198973701159.895,-199354897519.811,0.0223378368763107,0.05,0.446756737526215,0.214353187780618,-0.0356419287371561
0.366,6.87499010259307,20.0171263060307,-233.581218972671,-5.34509451398051,2239.35411537328,-245.118733456995,154117.885033331,67370.8892096377,-5301622.1783068,5218295.33904843,135922080.908041,-843363175.345241,198747740796.879,-199361753155.94,0.0171263060306792,0.05,0.342526120613584,0.232187891831646,-0.0277191229900561
0.367,6.64255402750006,20.0116700907558,-231.265682198826,-5.55569488842268,2390.85212415347,-175.287563846768,148917.348518945,72134.2760021542,-5066326.22700032,4275251.28712522,334669821.70492,-1042724928.50123,198213973098.786,-199288038387.919,0.0116700907557608,0.05,0.233401815115215,0.248994389112281,-0.0195783369127483
0.368,6.41250838288868,20.0060389436343,-228.801200191759,-5.69424787999257,2537.30034677808,-101.197753357395,144051.39286498,75854.9501519641,-4632549.418746,3132882.33943003,532883794.803706,-1242012966.8892,196482001856.106,-199068927364.014,0.00603894363426249,0.05,0.12077887268525,0.264624503866533,-0.011335623880177
0.369,6.18499965312649,20.0003068592797,-226.192622399276,-5.75704942066526,2679.13246564957,-23.9916587354963,139718.032343945,78333.6478533889,-4001424.62301424,1791334.90885882,729365796.659811,-1441081894.25324,-35798493801.0353,-198314390938.717,0.000306859279657345,0.05,0.00613718559314691,0.278997386290564,-0.00307425025020725
0.37,5.96016972260106,19.9945509319923,-223.444267729638,-5.74163739735474,2816.96985504421,54.9892131569983,136075.324203627,79371.3894166313,-3289958.07325495,251095.819136228,693567302.858776,-1639396285.19196,-196248886661.448,132639000866.723,0.00544906800769596,0.05,0.108981360153919,0.292110752989665,0.00515188076155496
0.371,5.73815648744522,19.9888500147515,-220.559781275607,-5.64698784303987,2951.50761772474,134.218444394041,133099.441634025,78824.893593316,-2694515.2137269,-1321980.96562238,497318416.197328,-1506757284.32523,-197921033927.788,198565631429.025,0.0111499852484549,0.05,0.222999704969098,0.304046079532229,0.013310059238334
0.372,5.51909453481671,19.9832832062501,-217.542153950676,-5.47363840885024,3083.33444144485,212.139494858472,130620.598789409,76782.6282574359,-2296157.31449346,-2729455.4342331,299397382.26954,-1308191652.89619,-198404845033.435,199287201412.273,0.0167167937499002,0.05,0.334335874998004,0.314966235690751,0.0213769677953665
0.373,5.30311572473275,19.9779283103415,-214.393881081205,-5.22361535636129,3212.84859427218,287.347667090034,128441.072691878,73432.2915303234,-2095962.35474064,-3938003.48642315,100992537.236105,-1108904451.48389,-198553673812.828,199513719108.916,0.022071689658528,0.05,0.44143379317056,0.325104283726571,0.0293258483629608
0.374,5.0903495880282,19.9728604344869,-211.117158724237,-4.90025241915879,3340.25024480649,358.63445254019,126362.514326786,68973.0881046764,-2094246.65441095,-4947151.07835258,-97561136.5767234,-909390732.374942,-198509818491.982,199609842981.985,0.0271395655131315,0.05,0.542791310262629,0.334743799916273,0.0371155165197936
0.375,4.88092352649643,19.9681507813766,-207.714081982672,-4.50799217561174,3465.5411043742,424.990717060411,124186.402134338,63604.5099673,-2291062.70023366,-5756736.88923653,-296070955.068706,-709780889.39293,-198252630279.216,199643869671.234,0.0318492186234494,0.05,0.636984372468987,0.344192603834806,0.0446827954393948
0.376,4.67496281459608,19.9638656398097,-204.186843509409,-4.05218657022142,3588.52436947298,485.606880262751,121714.261851524,57526.1566116456,-2686259.97044197,-6366695.84379384,-494323585.347922,-510137019.721675,-197566934631.821,199623472723.483,0.0361343601902604,0.05,0.722687203805208,0.35375252718776,0.0519391218974518
0.377,4.47259040266046,19.9600655751197,-200.537931962213,-3.53889731980788,3708.80488211945,539.87298376056,118747.912265969,50937.6628367782,-3279367.02310581,-6777021.12715377,-691890519.979743,-310513546.998175,-195266083460.097,199487833400.959,0.0399344248802613,0.05,0.798688497605227,0.36368821175743,0.0587716051785201
0.378,4.27392652178077,19.9568048192161,-196.77033014112,-2.97469628381695,3825.78965970039,587.378695768969,115090.05563563,44038.6329083588,-4068890.5848156,-6987790.75745147,-887156603.439839,-111025713.597196,-9337493524.56102,198222236124.148,0.0431951807839397,0.05,0.863903615678794,0.37419798542043,0.065048380967913
0.379,4.07908809120239,19.9541308602446,-192.887710644703,-2.36646587760724,3938.69702154748,627.913188272823,110576.030500174,37028.3663334628,-4960715.93501772,-6999705.35298659,-896494096.9644,87196522.5269637,194607871003.7,-147519961050.488,0.045869139755375,0.05,0.9173827951075,0.385389631506123,0.0706276858071468
0.38,3.88818794450988,19.9520842312231,-188.894588126083,-1.72120271987232,4046.65138705861,661.450088018485,105199.502161841,30047.6725815646,-5759906.09648027,-6986268.81098487,-701886225.9607,-60323438.523529,196777885661.252,93957700844.9629,0.0479157687768925,0.05,0.95831537553785,0.397263506476581,0.0753697166271118
0.381,3.70133396975585,19.9506984700261,-184.796324577737,-1.04589490419533,4148.86215421312,687.998487192322,99121.4492666575,23046.9016681255,-6363403.37961034,-6999613.39908592,-505108340.299447,33634262.3214429,197109618582.696,-64981537091.0294,0.0493015299738566,0.05,0.986030599477132,0.409705483111585,0.0791498169370636
0.382,3.51862832741949,19.9500001240555,-180.598981669721,-0.347538708488821,4244.72592996736,707.548480307233,92538.3433199946,16053.2751440185,-6769956.91061844,-6998469.90530999,-307998721.716749,-31347274.769589,196266628596.532,60292379750.5384,0.0499998759445006,0.05,0.999997518890012,0.422491876498442,0.081870458565374
0.383,3.34016684739637,19.9500087433522,-176.30912609197,0.366869194038347,4333.83613948795,720.099808135283,85647.0981532838,9049.18033128222,-6979822.31803692,-6999670.99020431,-111732093.120216,28945104.980959,187656261293.049,-56938980240.4541,0.0499912566477647,0.05,0.999825132955294,0.435306707266696,0.0834703231428981
0.384,3.1660386223941,19.9507368791561,-171.933632798827,1.09032771206093,4415.98252347759,725.651604698113,78642.6858322357,2054.49206352837,-6997726.28051061,-6999195.37534357,75924168.1728337,-27993875.2594969,-123535533039.17,54942371331.0099,0.0492631208438539,0.05,0.985262416877077,0.447769637661068,0.0839298004908269
0.385,2.99632579686052,19.9521900832957,-167.479493086103,1.81583932166875,4491.13385288372,724.204122693566,71662.3323803049,-4949.54318755641,-6983569.87885736,-6999718.06493757,-47611364.8663366,26948496.0715227,73541159157.5234,-53384783892.9624,0.0478099167043027,0.05,0.956198334086054,0.459471721133049,0.0832723695512837
0.386,2.83110352314622,19.9543669082503,-162.953693366306,2.53640273107079,4559.29952931208,715.756987523563,64667.213678874,-11944.6844684403,-6994410.66414493,-6999461.96081252,25929794.2911868,-26436287.8214414,-41654970233.5613,52286889794.8369,0.045633091749739,0.05,0.912661834994779,0.470015113911373,0.0815617768897112
0.387,2.67043996613797,19.9572589069023,-158.363225231982,3.24502013357774,4620.47212366751,700.310344647164,57678.8254168357,-18948.650091531,-6989308.35497053,-6999754.80373655,-15725175.9423745,25850601.9734047,28644046670.6434,-51386432062.1526,0.0427410930976713,0.05,0.854821861953425,0.479051681096553,0.0788953306165586
0.388,2.51439629879295,19.9608506325874,-153.715078996847,3.93469017626572,4674.65486754614,677.863984486104,50686.4284816725,-25944.0439996245,-6990711.50757758,-6999597.41779422,12918870.7282691,-25535830.0887501,-14648194379.4486,50699766364.3768,0.0391493674126089,0.05,0.782987348252178,0.486316197339444,0.0753940160755102
0.389,2.36302670377562,19.9651196389562,-149.016245617426,4.59841489768662,4721.84748307771,648.417998296181,43699.7350437291,-32947.9593714024,-6985116.73403903,-6999783.36470078,-1729323.65117967,25163936.275635,12243068850.6227,-50117070497.7612,0.034880361043804,0.05,0.69760722087608,0.491651126967763,0.0711904301294173
0.39,2.21637837414497,19.9700364800088,-144.273712422979,5.22919291659058,4762.05488166168,611.972253020551,36715.7941593396,-39943.5136130483,-6980724.5232649,-6999677.96367402,10513745.1994431,-24953134.2221293,6523502553.66431,49650954163.0853,0.0299635199911705,0.05,0.599270399823411,0.495020610168778,0.0664157381098314
0.391,2.07449151769501,19.9755647100073,-139.494462605889,5.82002617385391,4795.28233766286,568.526810359733,29741.4137591,-46947.3929848062,-6966949.02678862,-6999805.62081461,17037247.7531074,24697819.9409632,2510554340.52148,-49244780325.7156,0.0244352899926596,0.05,0.488705799853193,0.496512473973989,0.0611869318882006
0.392,1.93739936301616,19.9816608834996,-134.685469988711,6.36391327215304,4821.54322105629,518.081579002007,22783.4017819114,-53943.0571590379,-6948656.50186525,-6999730.1910365,19547802.0936289,-24546960.3847563,-16802796617.7783,48908686287.8717,0.0183391165003641,0.0501438899673464,0.365729832932916,0.496328203413721,0.0555956266930078
0.393,1.80512817248382,19.9882745552596,-129.853692501713,6.85385608565874,4840.85485243776,460.636603449323,15841.71871499,-60946.9093825521,-6937510.09808051,-6999822.80827732,2745005.47585064,24361725.9031218,-20206502378.4461,-48608668148.7809,0.0117254447403852,0.0513315603018275,0.228425644407457,0.494762049225089,0.0496994656826829
0.394,1.67769725862667,19.9953482803049,-125.006073095613,7.28285320728115,4853.22743166702,396.191817589114,8902.21336925097,-67942.6527725693,-6944868.34379389,-6999765.41644859,-17461496.9025955,-24246942.2456635,-2282125094.70659,48353507004.8134,0.00465171969510436,0.0534769583302092,0.0869854950683798,0.492171405494749,0.0435169370608061
0.395,1.55511899343092,20.0028176138536,-120.149552781898,7.64390646357066,4858.65420552635,324.747255680738,1948.23392282334,-74946.4827423066,-6963470.90324383,-6999835.60519184,-19743621.997302,24106564.759156,9592776226.03923,-48119937792.4096,0.00281761385361534,0.0563213359642382,0.0500274683719224,0.488941346139403,0.0370260642643946
0.396,1.43739880216161,20.0106111113387,-115.291085780606,7.93001444205295,4857.11781309289,246.302867899216,-5023.50999538147,-81942.2850547509,-6978418.13712812,-6999789.00932889,-10150845.7712628,-24013373.0332579,5423245721.45465,47916204024.5401,0.0106111113387151,0.0596435716454273,0.177908717502644,0.485446761142579,0.0301670490937594
0.397,1.32453514719141,20.0186503283757,-110.437643169958,8.1341789346673,4848.60362818989,160.858682619454,-12006.0996811083,-88946.0947165923,-6985857.36003865,-6999844.28034988,-4727600.04980809,23902830.9912885,1788855611.0929,-47724309899.927,0.0186503283756778,0.0632571949222191,0.294833313405854,0.482015859210225,0.0228485606267289
0.398,1.21651951370463,20.0268498207752,-105.596207083245,8.2493985274634,4833.10388643107,68.4146610549296,-18994.02269857,-95941.9416330965,-6989690.53228291,-6999803.60430855,-2938744.43871518,-23821478.9086421,1264409896.21545,47552609476.4869,0.0268498207751655,0.0670074005651522,0.4006993339349,0.478898685392324,0.0149570132028278
0.399,1.11333640163431,20.0351171445185,-100.773765268496,8.26867498747755,4810.61458135937,-31.0291712680893,-25984.9718680896,-102945.730541947,-6991997.07177352,-6999848.77847895,-1674334.54249971,23731130.5678517,599609954.50641,-47385293577.728,0.0351171445185052,0.0707680827129478,0.496228570455253,0.476243695774456,0.00636789316407907
0.4,1.01496332148152,20.0433528557701,-95.9773085706835,8.18500690339481,4781.13335688338,-137.472845398091,-32977.7061721419,-109941.611304071,-6993371.60133876,-6999810.29469996,-1074724.58799328,-23654163.0098791,445177208.344569,47231549995.8139,0.0433528557700811,0.0744389173232242,0.582395033794445,0.474084544453477,-0.00304199263453499
0.401,0.921370791906094,20.0514505108585,-91.2138296698901,7.9913960253015,4744.65880433885,-250.916336228774,-39971.5409395733,-116945.376755277,-6994223.73732258,-6999848.68271193,-629547.379648703,23577386.9859424,272822470.77475,-47075273807.8412,0.0514505108585261,0.0779425186885651,0.660108394291272,0.472338220044338,-0.0133825498680009
0.402,0.832522338284028,20.0592966662902,-86.4903223639349,7.68084094934501,4701.19005797366,-371.359669230658,-46966.0339801739,-123941.282623464,-6994716.87346684,-6999808.93262991,-356724.908873942,-23497886.8219009,227124339.964403,46927663178.1033,0.0592966662902228,0.0812216930400953,0.730059471438879,0.470814563431869,-0.0247398716000715
0.403,0.748374491827557,20.0667708787351,-81.8137811220677,7.24634341596568,4650.72661556612,-498.802817315611,-53960.8913620385,-130945.019222308,-6994960.03620574,-6999842.98786276,-129600.568909529,23429776.3562104,207655339.94177,-46769050647.6673,0.0667708787350776,0.0842368094466541,0.792656787141999,0.469236094880863,-0.0371681610499151
0.404,0.668876789073919,20.0737457050426,-77.1912007825249,6.68090203503951,4593.26823123819,-633.245801779568,-60955.8815893054,-137940.942163767,-6994985.80910467,-6999797.73683038,78054.7710322487,-23339274.2914588,191162449.567193,46374085725.4347,0.0737457050425938,0.0869633053670611,0.84800945331278,0.467266091204436,-0.0506848571550336
0.405,0.59397177163659,20.0800867022313,-72.6295763182043,5.97751854320291,4528.81487771856,-774.688600437222,-67950.7965106163,-144944.680523456,-6994812.17310886,-6999949.96825912,269217.220599451,23034811.4339838,282001112.66147,199858129732.771,0.0800867022312914,0.0893893413621016,0.895931226373772,0.464542077741678,-0.0652693973350615
0.406,0.523594986176621,20.0856524278324,-68.1359026272025,5.12919356944424,4457.36673174097,-923.121089387486,-74945.4270749294,-151899.803397709,-6994401.95533193,-6876986.09195875,551218.33326093,222892941.166685,292239682.061198,199947275896.952,0.0856524278323825,0.0915136166490485,0.935952822855385,0.460711409198639,-0.0808656889592837
0.407,0.457674984582362,20.0902944598172,-63.7171743172555,4.12898736744257,4378.92420773475,-1078.41390587114,-81939.504714481,-158632.018473102,-6993704.61715763,-6554119.51284359,843458.01532214,422840217.06352,603187606.219657,199961764306.522,0.0902944598172013,0.0933433544121076,0.967336779205024,0.455465452045384,-0.0973878144963179
0.408,0.396133324388363,20.0938575322749,-59.3803854391435,2.97018438377337,4293.48801642084,-1240.24417899096,-88932.6870713633,-164941.390916696,-6992559.5653392,-6031298.41362681,1446645.62154181,622801981.369907,718147227.601901,199965579676.527,0.0938575322749458,0.0948924630904809,0.989093645777238,0.448569061157245,-0.114727439741046
0.409,0.338884569499323,20.096179858501,-55.1325291265911,1.64649190938445,4201.05932059721,-1408.08908688507,-95924.4036226871,-170627.960743025,-6990753.84610386,-5308513.64241864,2164792.84914373,822767561.046304,2008819187.72319,199964519821.171,0.0961798585009532,0.0961798772756155,0.999999804796359,0.439882542780324,-0.132761487027816
0.41,0.285836291371845,20.0970936538195,-50.9805970265064,0.152240038207113,4101.63998455108,-1581.22584466745,-102913.740269168,-175491.76318495,-6987584.64366085,-4385763.82146175,4173612.03686694,1022732080.86737,1812475059.4377,199958587485.614,0.0970936538195062,0.0972280793807746,0.998617420377688,0.429374062700986,-0.151359203882186
0.411,0.236889070935506,20.0964258583685,-46.9315783205261,-1.5174183685312,3995.23322308188,-1758.7317028085,-109898.936027634,-179332.834534731,-6982504.79409426,-3263052.44685157,5986087.09630467,1222690668.3529,13657921464.8438,199943209757.508,0.0964258583685123,0.0980618009204718,0.983317229169733,0.417121414680334,-0.17038794484121
0.412,0.191936501868336,20.0939990598491,-42.9924579530207,-3.36630771904335,3881.84460141845,-1939.48395082151,-116876.171457936,-181951.217779113,-6969689.74626554,-1940390.17361992,19644008.5611485,1422633878.11036,35027971691.9347,199892454133.499,0.0939990598490965,0.0987069000711055,0.952304851853137,0.403303115982591,-0.18971712006949
0.413,0.150865196662725,20.089632616235,-39.1702119418889,-5.39702973493439,3761.48831858762,-2122.15992918881,-123830.201204639,-183146.975604655,-6932531.75185842,-417810.068442805,54671980.2530833,1622526332.24385,38983735678.7081,-92566750455.9976,0.0896326162350007,0.0991894101948065,0.90365106576361,0.388179843465445,-0.209219949601906
0.414,0.113554802167517,20.0831439780233,-35.4717915429986,-7.61076595306243,3634.20258782608,-2305.24924572025,-130728.899677091,-182768.950298719,-6858367.90376598,1158432.88857305,93655715.9317915,1529959581.78786,58651480880.4077,-199894520267.071,0.0831439780232834,0.0995347521879692,0.835326116714169,0.372068201792402,-0.228772884094469
0.415,0.0798780388650796,20.0743501866957,-31.9040920752445,-10.0071445192555,3500.0625572948,-2487.19231524939,-137530.664476078,-180878.85337263,-6735386.44739399,2588445.21022737,152307196.812199,1330065061.52082,119944236281.851,-199945263088.988,0.0743501866957246,0.0997671019829436,0.745237510341191,0.355309609899496,-0.248253005649965
0.416,0.0497007770857832,20.0630694182013,-28.4739100689271,-12.5842911004889,3359.19458180434,-2666.56359955929,-144169.906619019,-177658.699842157,-6523107.13244086,3818537.6402037,272251433.09405,1130119798.43187,160327559727.22,-199960777699.71,0.0630694182013478,0.0999089033437839,0.631269247189388,0.338237521627429,-0.26753496386817
0.417,0.0228821666852964,20.0491224037635,-25.1878749450817,-15.3390022050438,3211.81517717294,-2842.13300898068,-150530.166774958,-173308.42909902,-6170691.9194832,4848677.04978571,432578992.821269,930159020.73219,177142016057.418,-199966957562.971,0.0491224037634517,0.0999805150037287,0.491319771273629,0.321146350916764,-0.286489380814246
0.418,-0.000725142293636277,20.0323336598175,-22.0523337996413,-18.2669442254976,3058.27914185438,-3012.87040500793,-156455.045528688,-168028.000365129,-5649541.91863322,5678852.59173642,609721008.878685,730192063.169243,184353552316.861,-199968423589.461,0.0323417901258233,0.1,0.323417901258233,0.304265468216957,-0.304983524377539
0.419,-0.0212746424237973,20.0125325181489,-19.0731968295494,-21.3628533969902,2899.10862693254,-3177.94561241766,-161769.001350829,-162017.379812406,-4947644.1335961,6309060.44311093,794074561.195546,530223639.579794,187486434275.161,-199965283020.192,0.0246915860448986,0.1,0.246915860448986,0.287741177159524,-0.322884243042653
0.42,-0.0389254457142592,19.9895539560674,-16.2557626618209,-24.6207357629657,2735.00596120987,-3336.72842328872,-166288.360464781,-155476.535096676,-4059826.35526298,6739301.44118063,981560995.470706,330258356.559604,188318540108.939,-199951854754.446,0.0389254457142592,0.0999959222546131,0.38927033059554,0.271628611302735,-0.340062849935998
0.421,-0.0538415808404228,19.9632392266156,-13.6045350508733,-28.0340671423962,2566.85912767254,-3488.78859593267,-169826.019898958,-148605.429786341,-2984106.0897378,6969583.87036301,1169879535.57964,130306501.805155,186805623820.312,-199850706868.005,0.0538415808404228,0.099949945168195,0.538685446498431,0.25589434760906,-0.356401456753761
0.422,-0.0661911049934156,19.9334362888113,-11.123035982471,-31.5959930918951,2395.74381821897,-3633.89584314632,-172194.051950269,-141604.00111622,-1720823.742248,6999965.01873416,1356685159.39996,-69544205.0628456,178902665441.99,134373998665.581,0.0661911049934156,0.0998375342841726,0.662988178424084,0.240429404888351,-0.371800123322251
0.423,-0.0761450282222398,19.9000000384032,-8.81361797478038,-35.2995260526548,2222.92292286854,-3772.00585353741,-173206.71600191,-134616.412533573,-274687.250127049,6997607.8130041,1535587824.84195,64829793.6027336,-45643252177.7042,-124995955220.57,0.0761450282222398,0.0996375002736231,0.764220579732845,0.225071253766743,-0.38618411242544
0.424,-0.0838760512337171,19.8627923652887,-6.67728058865555,-39.1376721848815,2049.83289274353,-3903.11786536368,-172721.216548312,-127607.222482971,1238078.94862605,6999939.62899655,1489944572.66424,-60166161.6178317,-185186219430.529,119469858338.519,0.0838760512337171,0.0993263157118318,0.844449435505697,0.209632575179676,-0.39951028728504
0.425,-0.0895571384998016,19.8216821576294,-4.71354141988938,-43.1034285162229,1877.9713236725,-4027.23016781499,-170769.029683259,-120617.454291727,2635430.41157502,6999508.39654798,1304758353.23371,59303696.7206855,-192769859133.941,-117736758714.777,0.0895571384998016,0.0988784782351091,0.905729336639429,0.1939336722194,-0.411770872762615
0.426,-0.0933600353479516,19.7765453030971,-2.92046261414069,-47.1897993366031,1708.7294368431,-4144.34288965726,-167513.348404923,-113607.916839938,3843803.83524176,6999943.71391127,1111988494.09977,-58433061.9940871,-195175431477.736,116392546481.256,0.0933600353479516,0.098267019194653,0.950064793997859,0.17783427882561,-0.422993758204897
0.427,-0.0954538829810853,19.7272646890019,-1.29480451113552,-51.3897809921675,1543.31518946184,-4254.45572379446,-163146.079561211,-106617.790899276,4858204.61360267,6999706.92515781,916813062.622037,57959484.487167,-196177579796.039,-115439499456.381,0.0954538829810853,0.0974641705468159,0.979374086349352,0.161260182123376,-0.43323933770008
0.428,-0.0960040111179185,19.6737302024932,0.167783905045754,-55.6963775406079,1382.74284031871,-4357.56881129621,-157862.164679597,-99608.3441484511,5676928.88632668,6999946.65991679,720635482.825998,-57480014.9692107,-196517105783.875,114627129357.746,0.0960040111179185,0.0964422015489123,0.995456445166574,0.144221359133094,-0.442594227609345
0.429,-0.0951709238824357,19.6158387305009,1.47257020667495,-60.102585305976,1227.83105778334,-4453.6819859868,-151857.670902821,-92618.0329744593,6299305.81626074,6999780.20962645,524118377.042123,57147114.3885321,-196288913093.421,-113957253655.217,0.0951709238824357,0.0951744353935185,0.999963104471613,0.126819817626378,-0.451162513919962
0.43,-0.0931094811925817,19.5534941598385,2.62554251583436,-64.6014082469289,1079.20221414678,-4542.79535255627,-145329.020716888,-85608.6720832478,6725279.73675616,6999948.69718737,327829463.948703,-56810139.2666823,-194902487172.569,113355349076.256,0.0931094811925817,0.0936364542712374,0.994372137617158,0.109246485105887,-0.45905540837118
0.431,-0.0899682763919237,19.4866073771519,3.63321313495242,-69.1858426998717,937.282350605291,-4624.90879550791,-138472.30999602,-78618.2358975144,6955657.95711857,6999816.23245882,132926976.776135,56545209.8095702,-184824500987.983,-112822897419.581,0.0899682763919237,0.091807499465048,0.979966526875895,0.0917675780681004,-0.466380341710587
0.432,-0.085889210129896,19.4150962689885,4.50242260530574,-73.8488925614298,802.302323063086,-4700.02240004161,-131480.992634011,-71608.9508763874,6996172.68340072,6999949.9935586,-51897524.2118477,-56277687.6100093,76483800350.8229,112327226787.474,0.085889210129896,0.0896720710080817,0.957814503048058,0.0747019087943874,-0.473230560151217
0.433,-0.0810072586808881,19.3388857217535,5.24014893580055,-78.5835541874206,674.313954008421,-4768.13607523469,-124498.021412658,-64618.4185221692,6982517.05936428,6999835.91934233,24586276.1389751,56049539.1774606,-34124011940.131,-111869551570.97,0.0810072586808881,0.0872217291486435,0.928750891223852,0.0583914679936731,-0.479676232267397
0.434,-0.0754504113426171,19.2579076217636,5.85337837200727,-83.3828314294451,553.309867004305,-4829.24989543864,-117508.898550547,-57609.2027585,6990041.32953319,6999950.6827343,-9537735.80115607,-55820012.3935081,13653349592.616,111432382923.819,0.0754504113426171,0.0844570974235142,0.893357854394016,0.0431684765038836,-0.485757911234337
0.435,-0.0693396716623291,19.1721008552068,6.34909851299682,-88.2397206650464,439.294968385457,-4883.36378317522,-110521.350530649,-50618.5900181419,6987330.26852834,6999846.8618027,4115613.79146003,55612370.5303062,-7570547442.37395,-111016708707.387,0.0693396716623291,0.0813900645158686,0.851942704245062,0.0293231790125235,-0.491482960069135
0.436,-0.062789054727685,19.0814113081881,6.73429746955772,-93.147225710044,332.267653485227,-4930.47780673024,-103533.224213132,-43609.4397558586,6987660.60859861,6999950.87797931,-3454933.65091397,-55404338.1770789,2562493609.35092,110611926991.731,0.062789054727685,0.0780461793325765,0.804511575898204,0.0170761610744746,-0.496825249614226
0.437,-0.0559055878414606,18.9857918666912,7.01596299843635,-98.0983429649204,232.227790524687,-4970.59189627319,-96546.8639890908,-36618.7557258025,6985486.92175237,6999852.5032981,-892440.041563017,55207588.814648,-2393734939.24499,-110218840435.579,0.0559055878414606,0.0744672308535569,0.750740791629561,0.00655775512272237,-0.501728118658692
0.438,-0.0487893110405669,18.8852024166197,7.20108154765399,-103.086076215147,139.173421517509,-5003.70611693424,-89562.2222431824,-29609.6692348364,6983397.61424119,6999950.67189496,-3286174.98080802,-55011251.6209286,-1436262853.49848,109830313773.824,0.0487893110405669,0.0707140013513379,0.689952627601433,-0.00220351557333489,-0.50611026669931
0.439,-0.0415332788736739,18.77960984376,7.29663760875947,-108.103421885136,53.102290541332,-5029.820403112,-82580.7070935739,-22618.9191364563,6979393.30783363,6999854.57716094,-4722437.83430649,54819062.1528917,-1891057194.06158,-109447025205.868,0.0415332788736739,0.0668691785311481,0.621112443520261,-0.00928245741710101,-0.509873970264168
0.44,-0.034223562804752,18.6689880338189,7.30961256544494,-113.143383733317,-25.9895857653471,-5048.93481874224,-75603.9901808564,-15609.8961990865,6973725.34140229,6999950.1267109,-6613495.02836808,-54627963.0529732,-657604450.752252,109063429929.23,0.034223562804752,0.0630404090709887,0.542882943005865,-0.0148486627744261,-0.512914793819988
0.441,-0.0269392551813567,18.5533178723876,7.24698299110373,-118.198958209108,-98.1078429248591,-5061.04930022892,-68633.6811877101,-8619.08281558059,6966783.04414854,6999853.87862254,-7271099.47912039,54435466.8762539,-24174779529.492,-108680143142.36,0.0269392551813567,0.0593634729292197,0.453801872634321,-0.0191488679170439,-0.515131832672299
0.442,-0.019752474870122,18.4325872449779,7.1157189336734,-123.263149045954,-163.260351722888,-5066.16391186668,-61674.5628232227,-1610.12456071031,6947424.55490468,6999949.27392761,-31445879.0086124,-54244676.2661026,-65948615806.0246,108294431733.128,0.019752474870122,0.0560055547049458,0.352687782027765,-0.0224820433594239,-0.516437484159612
0.443,-0.0127283760837354,18.3067910369848,6.92277734481463,-128.32895271963,-221.469191107485,-5064.27859030182,-54753.85264379,5380.75144703978,6883004.36799305,6999851.81352807,-97394494.8146371,54049755.4670236,-79897463513.9369,-107906415154.64,0.0127283760837354,0.0531685852697687,0.239396553794946,-0.0251697453392448,-0.516765803220057
0.444,-0.0059251731073229,18.175931133723,6.67507367086377,-133.389372939386,-272.801103044061,-5055.39340075607,-47932.8617671233,12389.6437357756,6745661.14142145,6999948.36141777,-177291958.328574,-53856659.6876125,-58551312021.0993,107513109957.32,0.0059251731073229,0.0510926239067603,0.115969246718192,-0.0275247954917058,-0.516078646544451
0.445,0.000605790712184016,18.0400164203889,6.37942253870052,-138.437406208299,-317.393122538196,-5039.50827923662,-41285.6051568696,19380.5826190091,6539093.52708232,6999848.25670882,-235843270.349673,53656450.2697053,-8628547555.13177,-107115176742.121,0.000605790712184016,0.05005924828565,0.012101474411426,-0.0298216321669864,-0.51436903594848
0.446,0.00681990624030797,17.8990627820968,6.04246656379758,-143.466056211791,-355.448847666064,-5016.6232928799,-34865.8713562213,26389.4065713958,6298935.98295508,6999947.11860747,-244471817.904804,-53458726.472412,36677295818.9824,106707105876.067,0.00681990624030797,0.05,0.136398124806159,-0.0322714246109817,-0.511661447821816
0.447,0.0126790978710544,17.7530931038402,5.67062472243562,-148.468319481753,-387.204468113133,-4986.73837640753,-28683.0583995821,33380.4088444131,6072802.81295977,6999841.94507309,-207794522.085822,53248379.4036525,52698882250.3135,-106289578707.264,0.0126790978710544,0.05,0.253581957421087,-0.0350042742079767,-0.508009039598922
0.448,0.0181515912247223,17.6021372705279,5.27008263997713,-153.437199680478,-412.883561739823,-4949.85360059311,-22705.3697006236,40389.1600494035,5891357.7319991,6999945.53512311,-155095639.835508,-53041199.3036083,41992548698.3257,105856261941.904,0.0181515912247223,0.05,0.363031824494446,-0.0380598309091822,-0.503488120561608
0.449,0.023211692094644,17.4462321669432,4.84682217396191,-158.365693371372,-432.667352158224,-4905.96889729844,-16884.5610304258,47380.2276951984,5757258.36651275,6999832.46679045,-113103091.137182,52815062.6382932,7746824799.51211,-105407937282.509,0.023211692094644,0.05,0.464233841892879,-0.0413867156940452,-0.498190439998299
0.45,0.0278396054530204,17.2854216777812,4.40666743627764,-163.24680419385,-446.691811736216,-4855.08434285678,-11182.5630720151,54388.8997037609,5648028.68777533,6999943.56078749,-105356266.33767,-52592874.6442131,-36982031271.4964,104935694016.45,0.0278396054530204,0.05,0.556792109060408,-0.0448504153097927,-0.492214069340779
0.451,0.0320212976281135,17.1197566876044,3.95532098309202,-168.0735287465,-455.069460760036,-4797.19986453114,-5593.37618928717,61380.0361095624,5524181.40580191,6999818.5331515,-142338297.609167,52342819.3722333,-70212546510.3577,-104440547026.352,0.0320212976281135,0.05,0.64042595256227,-0.0482487455183094,-0.485653783622061
0.452,0.0357483805420157,16.9492950808819,3.49836901527135,-172.838870645941,-457.927394818795,-4732.31554704123,-152.066023374905,68388.6192945622,5346736.83493756,6999941.07901055,-212550844.119524,-52097727.6541167,-86668059873.857,103908112516.529,0.0357483805420157,0.05,0.714967610840313,-0.0513334896959094,-0.478591883239168
0.453,0.0390179814046122,16.77410174194,3.04124713172769,-177.535826531326,-455.445128734549,-4660.43131065708,5073.95071285725,75379.8295284985,5090851.96088111,6999797.4076147,-299218903.993382,51810384.8624079,-89913130193.4246,-103339776117.717,0.0390179814046122,0.05,0.780359628092245,-0.053836386872643,-0.471090344312712
0.454,0.041832561130886,16.5942485550047,2.58917423694597,-182.157399996717,-447.879368239008,-4581.54725318463,10000.2077000428,82388.3088325247,4746676.49179102,6999937.90441825,-389132034.186806,-51529391.255308,-82025691454.6501,102709942840.87,0.041832561130886,0.05,0.836651222617721,-0.0554972441069426,-0.463185043555211
0.455,0.0441996568064912,16.4098144041435,2.14706918792344,-186.696587730309,-435.574095369245,-4495.66328405082,14538.6472261646,89379.6003651221,4316531.61187688,6999763.48458337,-471157725.641457,51180551.5855581,-63241195347.7673,-102020506177.81,0.0441996568064912,0.05,0.883993136129824,-0.0560916519201306,-0.454882594695876
0.456,0.0461315378959352,16.2208851733129,1.71946367952073,-191.146393304578,-418.958343674555,-4402.77952270591,18609.0597759961,96387.950707802,3813753.28856154,6999933.78308003,-534398920.989224,-50839954.5922505,-35520852214.8904,101220271507.57,0.0461315378959352,0.05,0.922630757918705,-0.0554557118627769,-0.446160070274718
0.457,0.0476447783173093,16.0275537462862,1.31042292865346,-195.499813471128,-398.532953776618,-4302.89586092103,22149.6934620272,103379.334558837,3261593.94146487,6999703.96424156,-569919773.204114,50380316.9153158,-7548893704.99054,-100311788763.72,0.0476447783173093,0.05,0.952895566346186,-0.053505387389367,-0.43696760132936
0.458,0.0487597575245828,15.8299200067086,0.923484611033436,-199.749851784194,-374.847764509964,-4196.01245731846,25125.0693679392,110387.510050076,2687899.72140826,6999928.38677502,-577468666.909104,-49931471.8484022,9228698076.70697,99169681309.5107,0.0487597575245828,0.05,0.975195150491656,-0.0502485349067069,-0.427233564453137
0.459,0.0495001129613229,15.6280908379994,0.56162338020571,-203.88950508582,-348.474605530052,-4082.12917291692,27525.7728722391,117379.000981145,2115045.40353751,6999581.75558137,-568239968.832397,49238209.4611053,9835779071.68438,-97797346878.2437,0.0495001129613229,0.05,0.990002259226458,-0.045788318492204,-0.416871821363667
0.46,0.0498921700727954,15.4221801234177,0.227240573978496,-207.911776924673,-319.985606793388,-3961.24624957921,29358.3375878723,124386.902283644,1551723.32424096,6999921.29160335,-558404189.760713,-48559137.4171354,-4416491793.93588,95720126982.4493,0.0498921700727954,0.05,0.997843401455907,-0.0403175290262351,-0.40579027875547
0.461,0.0499643708952832,15.2123087459103,-0.0778305471122538,-211.809664295192,-289.944658928847,-3833.36349150072,30630.1227352673,131378.497361036,991110.888583276,6999222.21767744,-562820681.554648,47160989.5653114,-26408288438.3331,-92942484047.6494,0.0499643708952832,0.05,0.999287417905663,-0.0341042695977532,-0.39389992230179
0.462,0.0497467096085996,14.9986045881838,-0.352318630456171,-215.576170810455,-258.913884541565,-3698.48139546943,31335.4219016668,138385.809659488,415086.062809461,6999911.96521892,-589228969.992981,-45781494.4823343,-44072296328.0944,60847197977.319,0.0497467096085996,0.05,0.994934192171993,-0.0274704260273828,-0.381123436498446
0.463,0.0492701689299896,14.7812025323432,-0.595520541512654,-219.204294049603,-227.470960782506,-3556.6007247765,31448.5480967584,145372.972077128,-196179.055347567,6984554.06972525,-633301266.321075,15065703.4949828,-46475056262.4728,560651121.954845,0.0492701689299896,0.05,0.985403378599791,-0.0207651665462729,-0.367402582748759
0.464,0.048566140816582,14.5602444579093,-0.807326699600905,-222.687043563586,-196.227988885153,-3407.73294135347,30927.9725655399,152365.152440455,-852717.849799878,6999900.09878121,-679776322.583548,15626354.6169416,-21814451264.0621,-31345033627.8182,0.048566140816582,0.05,0.97132281633164,-0.0143362713619677,-0.352703645820874
0.465,0.0476658135596219,14.3358792338163,-0.988261327645456,-226.017426888813,-165.840580233746,-3251.86654051425,29731.7308125709,159367.641544273,-1543401.39801546,6999853.93658424,-701590773.84761,-15718679.0108783,42600410707.0082,-199753933152.503,0.0476658135596219,0.05,0.953316271192438,-0.00850228231031452,-0.337020484758844
0.466,0.0465995171345142,14.108262726183,-1.13952215398474,-229.188445285794,-136.995706898711,-3089.00991486207,27844.6340960828,166326.34381916,-2223691.96650956,6884258.29099711,-658990363.140602,-215472612.163406,108854667714.689,-199872838746.208,0.0465995171345142,0.05,0.931990342690285,-0.00352825041889335,-0.320374710437433
0.467,0.0453960399051983,13.877557781768,-1.26299270997273,-232.193155295997,-110.368214901919,-2919.28568203438,25309.5893926221,173069.553664284,-2828254.99579282,6568849.2594606,-550135695.425912,-415345450.909648,144719976676.812,-199884652567.794,0.0453960399051983,0.05,0.907920798103965,0.000392732140146242,-0.302813398763987
0.468,0.0440819591252511,13.6439340985198,-1.36119922233181,-235.024830364755,-86.558412290736,-2743.00925650937,22230.3865452291,179397.416089529,-3306030.70288032,6053561.48226705,-405415718.749101,-615230103.477476,162553302592.756,-199860475620.356,0.0440819591252511,0.05,0.881639182505021,0.00315090457049448,-0.284405454607985
0.469,0.042681044857223,13.4075679099233,-1.43720898417783,-237.677159286397,-66.0418373291306,-2560.69592554909,18748.740200073,185110.052440787,-3630169.77033305,5338401.1409794,-242862416.156346,-815090579.097855,171944707405.687,-199753221028.409,0.042681044857223,0.05,0.853620897144459,0.00472367666021207,-0.265237709075316
0.47,0.0412137867022988,13.1686414697131,-1.49449016609676,-240.14444607892,-49.1414947207749,-2373.06084401853,15025.7966728961,190007.616088713,-3787059.83278655,4423433.95136734,-70917708.7506608,-1014843800.12627,177021699117.178,-161158766236.038,0.0412137867022988,0.05,0.824275734045976,0.00517213550400021,-0.245411263670271
0.471,0.03969707194901,12.9273423367771,-1.53675141884359,-242.42180950405,-36.0136716782673,-2181.01736653608,11232.7816022538,193896.768345644,-3769466.69197862,3328010.76812305,106103990.366516,-1176002566.3623,179521978543.338,199762478011.458,0.03969707194901,0.05,0.7939414389802,0.00463092925340332,-0.225038435592537
0.472,0.0381440298970181,12.6838624638624,-1.56777102715331,-244.505371153372,-26.6404593411692,-1985.64426979751,7546.28723521561,196670.071576921,-3573601.71234043,2251889.44076647,285625968.909853,-976240088.35082,180065596818.018,199873869617.205,0.0381440298970181,0.05,0.762880597940363,0.00329273812092964,-0.20424055848256
0.473,0.0365640500849696,12.4383971348904,-1.59122054153358,-246.392344083529,-20.8258659007714,-1788.00263210369,4145.50944013311,198467.153285115,-3197942.94502157,1375586.28722426,465691565.72787,-776366218.73358,178442123429.772,199903914657.3,0.0365640500849696,0.05,0.731281001699392,0.00138898595195615,-0.183146404541489
0.474,0.0349629784097023,12.1911439184737,-1.61048575237219,-248.080914557335,-18.1942775837181,-1588.96875071497,1210.15263188043,199487.873782082,-2643030.31757882,699172.025819327,644133689.157641,-576462304.076239,172877932781.633,199908336960.262,0.0349629784097023,0.05,0.699259568194046,-0.000831245654803896,-0.161889743057109
0.475,0.0333434926922693,11.9423017921259,-1.62848717913974,-249.570045195848,-18.1910812485682,-1389.21903845662,-1081.99785232262,199932.132712024,-1912457.66203036,222663.890223219,817011621.939273,-376553967.115937,153894996036.184,199884913555.777,0.0333434926922693,0.05,0.666869853845386,-0.00312201200444374,-0.140604782811423
0.476,0.0317056569759672,11.6920704658503,-1.64750267764893,-250.859275081341,-20.0867270367479,-1189.23000425595,-2560.30053737731,199999.833770948,-1018498.54207299,-53947.620114829,970906617.975456,-176669053.560127,-29497459716.7832,199758925096.579,0.0317056569759672,0.05,0.634113139519344,-0.00525899657168223,-0.119419689211288
0.477,0.0300476498305242,11.4406499056299,-1.66899909608113,-251.948519856535,-22.9956881363207,-989.278265848777,-3098.26201374871,199890.844778236,-62340.6539559286,-130737.211126667,941409158.258673,23089871.5364731,-164572305230.642,199098605105.713,0.0300476498305242,0.05,0.600952996610485,-0.00705397498280445,-0.0984488257101712
0.478,0.0283666415323491,11.1882400568028,-1.6935164513876,-252.837871868296,-25.9750761300554,-789.440645588978,-2717.32680611374,199804.835603729,796782.351687423,-8098.03703733685,776836853.028031,222188476.642196,-181346126471.183,-184619193112.251,0.0283666415323491,0.05,0.567332830646981,-0.00836414020695896,-0.0777844903229974
0.479,0.0266597240761309,10.9350407666753,-1.72068653687761,-253.527403726396,-28.1720950400904,-589.610520057383,-1562.35038232417,199877.061939494,1482946.14147986,121780.843048733,595490726.556848,37569283.5299447,-187189785579.201,-193773253389.843,0.0266597240761309,0.05,0.533194481522618,-0.00909638104723278,-0.0574889637238044
0.48,0.0249247575918623,10.6812518756507,-1.74936939721989,-254.017055468067,-28.9015234716476,-389.674380034678,187.142824837586,199985.331882076,1984841.97524711,62463.4998837563,408300940.977648,-156203969.859903,-189878350406.919,174392860727.899,0.0249247575918623,0.05,0.498495151837247,-0.00920748713884904,-0.037587938871168
0.481,0.0231610544639143,10.4270733154245,-1.77783111206362,-254.306731826802,-27.6618211002904,-189.676584028448,2344.48887883903,199998.758873818,2298203.7410213,-6544.03961219677,218422590.570729,18188890.8679949,-191164287022.526,-15567862790.8621,0.0231610544639143,0.05,0.463221089278286,-0.00870107621280047,-0.0180675252070166
0.482,0.0213698805026185,10.1727050782894,-1.80393014686211,-254.396409493929,-24.1397917644716,10.3212856464177,4720.04320064194,199998.714635841,2421044.18808076,3860.91986036708,27258303.5482041,2621028.0771337,-191596327626.697,-156603909626.999,0.0213698805026185,0.05,0.42739761005237,-0.00762178421067843,0.00112360675290234
0.483,0.0195547679716286,9.91834716252262,-1.82530687053499,-254.286089403301,-18.2126665995157,210.315842417295,7122.78381922569,199977.785418135,2352504.32781562,-71820.0068759987,-164338024.078492,-153982881.549865,-191286672449.266,195087681705.205,0.0195547679716286,0.05,0.391095359432573,-0.00604736811174303,0.0200682344694121
0.484,0.0177216382842846,9.6641995566667,-1.83957450264353,-253.975801428399,-9.94899056508068,410.240182671803,9361.23802292718,199861.488584102,2092522.96751249,-128259.047573262,-355624696.527757,41104800.1553359,-189994424212.079,190650721126.035,0.0177216382842846,0.05,0.354432765685692,-0.00407953699064443,0.0388719850029417
0.485,0.0158787334537324,9.41046218084095,-1.84451052135179,-253.465648576487,0.391321724505924,610.052336312191,11244.2829048071,199785.557056794,1641901.0588787,8171.11314509208,-545619120.739835,231755521.281362,-186676693678.908,-199096626422.602,0.0158787334537324,0.05,0.317574669074648,-0.00183442798616391,0.0576522038445626
0.486,0.0140363562468386,9.1573348580207,-1.83824769776755,-252.755694102452,12.3578404430591,809.872309153005,12582.2616210361,199876.423159509,1002943.59129941,140378.321215153,-732295814.418742,32658894.8587435,-176046385311.063,-199763504544.218,0.0140363562468386,0.05,0.280727124936772,0.000566341462199034,0.076526116293791
0.487,0.0122064199552384,8.90501741865383,-1.81946354862756,-251.845860489241,25.3121892912871,1009.81604114291,13189.7162409076,199999.83701073,182624.584225134,73155.4638017877,-908342199.729805,-167104609.6855,3538950468.10906,-199887415628.494,0.0122064199552384,0.05,0.244128399104768,0.00300319081643475,0.0956004439325876
0.488,0.0104018108320512,8.65370980086932,-1.78756388188552,-250.736040965436,38.4419749139551,1209.81627647495,12918.7595503459,199956.125600417,-723948.140270617,-193892.85369796,-904803249.261696,-366992025.314027,177586760875.587,-199910481439.738,0.0104018108320512,0.05,0.208036216641023,0.00536397943423965,0.114962127349207
0.489,0.0086355836063297,8.40361198264827,-1.74281940546548,-249.426295898892,50.8553593009918,1409.60596070758,11772.0075789237,199545.418320489,-1539958.00909452,-660840.119731855,-727216488.386108,-566902506.753795,188240345766.396,-199906296784.541,0.0086355836063297,0.05,0.172711672126594,0.00754699545537777,0.134669454197343
0.49,0.00692008391816834,8.15492371476262,-1.68636343406068,-247.917052655868,61.7440284750441,1608.71814578805,9899.81471659715,198567.80923125,-2173054.32459743,-1327695.77487792,-538976142.619712,-766808803.53836,191686272570.96,-199877166624.237,0.00692008391816834,0.05,0.138401678363367,0.00946218377672371,0.154744147233022
0.491,0.0052661476982975,7.90784405382619,-1.62005253390178,-246.209305504103,70.475473600263,1806.48597744934,7489.22003278503,196823.396193499,-2616187.33093166,-2194443.1617284,-347289870.048752,-966685970.162611,193183298950.759,-199769151399.354,0.0052661476982975,0.05,0.10532295396595,0.0110319743733912,0.175165163588754
0.492,0.00368246947095708,7.66257069544188,-1.54628134205737,-244.304815512409,76.606767626697,2002.04271401897,4731.58498332078,194112.315188122,-2866885.55150503,-3261013.70759068,-154106571.097994,-1166455121.56197,193802402399.278,138550980429.959,0.00368246947095708,0.05,0.0736493894191417,0.0121925291144616,0.195864786930628
0.493,0.00217515964159421,7.41929910793541,-1.46779140228471,-242.206307590786,79.8873005058489,2194.33588612389,1819.94654666663,190291.165749822,-2924090.92140339,-4358193.33893767,39695831.3012839,-1027904141.13201,193840592016.918,199759328660.955,0.00217515964159421,0.05,0.0435031928318842,0.0128954756108788,0.216727368820156
0.494,0.000747493976886786,7.17822149360217,-1.38747820766119,-239.917593652022,80.2598942550315,2382.28496115275,-1051.98969374996,185452.313561762,-2787474.79409364,-5286217.8157392,233536423.318202,-828144812.471041,193292143390.185,199864148956.568,0.000747493976886786,0.05,0.0149498795377357,0.0131099845423922,0.237591071862961
0.495,-0.000600143545447428,6.93952572426697,-1.30819754593321,-237.44349641089,77.8611437407624,2564.9644693441,-3690.4809189528,179785.33403128,-2457292.29908035,-6014430.55373196,426828566.708386,-628280663.514463,191822832659.072,199887766802.541,0.000600143545447428,0.05,0.0120028709089486,0.0128249955490901,0.258253836441731
0.496,-0.00187012416351723,6.70339441875377,-1.23257180832122,-234.789666192252,73.0211473847483,2741.64620331155,-5902.38846256911,173490.077773591,-1934552.31604243,-6542767.33384515,618651399.367457,-428392896.711913,188110745148.945,199876307344.371,0.00187012416351723,0.05,0.0374024832703445,0.0120513767427676,0.278484566418561
0.497,-0.00306724431920976,6.4700042147685,-1.16279693582258,-231.962381595344,66.2624292784338,2911.80182678156,-7496.26328806965,166766.426709281,-1221845.5441005,-6871222.07688488,806762144.516402,-228516589.367538,173599187239.394,199760507929.185,0.00306724431920976,0.05,0.0613448863841951,0.010823805827533,0.298038890820058
0.498,-0.00419820336371095,6.23952524056322,-1.10045121736295,-228.968349615741,58.2969368752016,3075.10287970867,-8285.79456203872,159814.239755701,-328283.805964398,-6999858.41228782,980361331.755796,-28756081.4383551,-144437751754.961,57423885077.3066,0.00419820336371095,0.05,0.0839640672742191,0.00920218205537198,0.316677963359635
0.499,-0.00527089278781879,6.01212078627332,-1.04631224699554,-225.814506978861,50.0043757258169,3231.41479023985,-8147.97066075104,152809.573950206,579858.649913918,-6999902.55118752,835923580.000835,28667803.6389538,-185142543665.521,-41072853726.9553,0.00527089278781879,0.05,0.105417855756376,0.00727240039216638,0.334188432072127
0.5,-0.00629352997239705,5.78794716347116,-1.00025192619714,-222.507853199854,42.2779407140369,3380.72747951283,-7181.00731144763,145817.159825217,1323210.95808199,-6991771.17441205,650781036.335314,-12405050.0880028,-191032301443.312,8524956194.29937,0.00629352997239705,0.05,0.125870599447941,0.00514609836149019,0.3504015099102
0.501,-0.00727377947114651,5.56715368545571,-0.96131843003848,-219.05538288146,35.8590427084594,3523.04704144899,-5564.2445521052,138820.606951794,1878475.84369565,-6999913.7464029,459748734.892002,-3880093.89370071,-193155397670.298,8971944041.81846,0.00727377947114651,0.05,0.14547558942293,0.00295802121468863,0.365208645401631
0.502,-0.00821801392112789,5.34988267117986,-0.927910883729818,-215.46409227573,31.3026127257811,3658.36741867626,-3488.08690724193,131820.248482451,2241646.8797525,-6999307.86827569,266593337.221704,5091850.14811695,-194034960876.202,-11412761309.8707,0.00821801392112789,0.05,0.164360278422558,0.000859813629925281,0.378571367743981
0.503,-0.00913075949224123,5.13626944104364,-0.897969215546656,-211.74098116707,28.9716966912492,3786.68838633454,-1145.48251902461,124821.584412364,2411222.7365361,-6999922.39878251,72558376.3455023,-6320911.16175074,-194250850132.097,13233616355.7856,0.00913075949224123,0.05,0.182615189844824,-0.000989550084801339,0.390524113031026
0.504,-0.0100143329707211,4.92644231596942,-0.869166985150233,-207.893048795354,29.0358248177946,3908.009507463,1269.64426399556,117820.707160727,2386655.68781556,-6999626.50176637,-121692473.786595,6912705.19403435,-193911470481.383,-14430510159.3622,0.0100143329707211,0.05,0.200286659414422,-0.00243579339639261,0.401169955073201
0.505,-0.0108686722755236,4.72052261709879,-0.839105248701133,-203.927295370952,31.4704352021301,4022.33095221912,3563.13513650425,110822.131926531,2168007.47878827,-6999929.05165201,-315603944.267978,-7517804.9653247,-192824569496.546,15418682766.9826,0.0108686722755236,0.05,0.217373445510471,-0.00334263939769037,0.410669718852568
0.506,-0.0116913610149674,4.51862466585433,-0.80550666838671,-199.850720192365,36.0569390635881,4129.65250909745,5541.20321490911,103821.013752857,1755991.24977202,-6999737.51523384,-508428513.764523,7900877.80165734,-190157279569.408,-16195137296.2885,0.0116913610149674,0.05,0.233827220299347,-0.00360508316063155,0.419225615790825
0.507,-0.0124778470146627,4.32085578380643,-0.766409231672776,-195.670323605067,42.3834765977738,4229.97429610827,7011.28732787064,96822.527486975,1152484.09622279,-6999934.20608033,-698585793.333931,-8294259.4946281,-181661522196.438,16871048913.9104,0.0124778470146627,0.05,0.249556940293254,-0.00316134322092354,0.427061055595876
0.508,-0.0132218540138339,4.12731629272772,-0.72035865231577,-191.393104905918,49.8470057781086,4323.296177076,7784.20160706039,89821.257992633,363067.541790642,-6999792.941118,-880247315.530369,8576789.41928154,1533717387.57092,-17444159862.7973,0.0132218540138339,0.05,0.264437080276677,-0.00200233829249797,0.434398650028939
0.509,-0.013915984001776,3.93809951450922,-0.666595698667669,-187.026064520004,57.6660971750337,4409.61824122299,7707.40111065044,82822.8460862475,-516412.915045942,-6999938.23163012,-878713598.142798,-8867370.44351303,181679408911.209,17960098680.9655,0.013915984001776,0.05,0.278319680035519,-0.000177773621278809,0.441438567581737
0.51,-0.0145524906724899,3.75329177120447,-0.605197068827999,-182.576201731917,64.9764095371753,4488.9403886358,6781.9112980183,75821.4675191759,-1304286.80873313,-6999825.55273315,-697034189.231589,9092728.23745142,190132878486.101,-18417152811.9759,0.0145524906724899,0.05,0.291049813449799,0.00220190335870194,0.448339342909001
0.511,-0.0151241291078282,3.57297238496892,-0.537074543427168,-178.050517021726,70.9979272692254,4561.26269145195,5160.79620775039,68823.1188050928,-1906254.55872167,-6999941.40090168,-506901310.745488,-9324424.57452206,192784572986.384,18838379108.9879,0.0151241291078282,0.05,0.302482582156564,0.00496874073521295,0.455202974745408
0.512,-0.015624927938614,3.39721367809697,-0.463833441497027,-173.456009659303,75.1291453363651,4626.5850704183,3033.22175582037,61821.6549217553,-2316763.58297397,-6999846.63592171,-314116737.759104,9513954.53446441,193854469039.399,-19222463186.76,0.015624927938614,0.05,0.312498558772279,0.00790682834686926,0.462065710424624
0.513,-0.0160507901506966,3.22608097297434,-0.387585285290079,-168.799680166302,76.9597097806153,4684.90758674522,591.708882140082,54823.3615192364,-2533953.08621337,-6999943.91298063,-120262268.719705,-9708508.65229337,194166711205.247,19582686386.81,0.0160507901506966,0.05,0.321015803013933,0.0107680568748133,0.468895340533012
0.514,-0.0163999032768376,3.0596325921103,-0.310755439454699,-164.088527797449,76.272488687829,4736.23017416845,-1970.01421989893,47821.8271329941,-2557131.99933045,-6999861.07843951,73904442.485541,9874177.73451502,193899771156.031,-19918010732.4807,0.0163999032768376,0.05,0.327998065536751,0.0132926665030024,0.475595187277022
0.515,-0.0166729564696427,2.89791985809821,-0.235889451360178,-159.329553107786,73.0443050324773,4780.5528865414,-4457.87736946061,40823.5834749664,-2386277.6712669,-6999945.90607124,267804213.641572,-10043832.9979635,192907878078.532,20236933092.0404,0.0166729564696427,0.05,0.333459129392854,0.0152325508312552,0.482014313417486
0.516,-0.0168731636766552,2.74098709364427,-0.16545903188309,-154.52975533701,67.4459606912434,4817.87566629671,-6678.10162089364,33821.9884745782,-2022019.51858606,-6999871.27252318,460712091.720103,10193100.0940753,190470170304.578,-20538587836.206,0.0168731636766552,0.05,0.337463273533103,0.0163750223271902,0.48796288250242
0.517,-0.0170060928921334,2.58887162153361,-0.101668341666817,-149.696135068131,59.8415709167729,4848.19856221055,-8438.02006523555,26823.7906541294,-1466072.34171367,-6999947.46634721,651182262.024681,-10345487.7421284,183132858007.921,20829012785.229,0.0170060928921334,0.05,0.340121857842668,0.0165647220222569,0.493231110513386
0.518,-0.0170793021904969,2.4416037646566,-0.046261467471547,-144.835691525991,50.7866755934349,4871.52152275907,-9547.97913293555,19822.141946042,-723323.650685024,-6999878.44769672,834315120.032603,10483525.0430993,91724690511.6554,-21107428432.4833,0.0170793021904969,0.05,0.341586043809938,0.0157215585028933,0.497609921889244
0.519,-0.0171017847084913,2.29920684597876,-0.000333807883938512,-139.955425317749,41.019909017267,4887.84459325925,-9838.85777518566,12823.9873561281,156853.814603406,-6999948.63686986,926039810.544258,-10623903.3893815,-179156150201.015,21378639761.9874,0.0171017847084913,0.05,0.342035694169825,0.0138529596551033,0.50091127807259
0.52,-0.0170832343677497,2.16169718856551,0.0358299065723571,-135.062335653425,31.4063532782154,4897.16772642303,-9248.84341367696,5822.28987419052,993315.550047156,-6999883.22037825,746883660.343243,10754736.3726049,-189413147241.846,-21641887238.6399,0.0170832343677497,0.05,0.341664687354994,0.0110592013079217,0.502986206435514
0.521,-0.0170331954093359,2.02908411555471,0.062806932445029,-130.163423161504,22.7707560351508,4899.49096539779,-7913.65489133183,-1175.82295920786,1645492.63676948,-6999949.42762497,557470513.101397,-10887150.8660321,-192424410995.142,21901454678.9919,0.0170331954093359,0.05,0.340663908186719,0.00753076619644938,0.503738803370548
0.522,-0.0169602491008305,1.90136995018055,0.0819167342085962,-125.265687036943,15.7647415305958,4894.81426576023,-6021.49773317751,-8177.56571981933,2106750.9443733,-6999885.8511515,365046102.106255,11014303.8129591,-193634486142.352,-22156556533.5,0.0169602491008305,0.05035280247787,0.336828304805568,0.00353659783295796,0.50313490081994
0.523,-0.0168713630244088,1.77855001574798,0.0950354486635353,-120.376127927393,10.8493921830334,4883.13766964228,-3764.49615210814,-15175.6371784866,2374979.80340838,-6999949.82560529,171411615.963903,-11142252.7205379,-194029515237.853,22411422525.6777,0.0168713630244088,0.0517032544774235,0.326311432325324,-0.000596712824241817,0.50120461873506
0.524,-0.0167714301792426,1.66061263565625,0.104403947975787,-115.501745012143,8.29286997215512,4864.46113431815,-1336.14879325745,-22177.4228933645,2449376.66175336,-6999886.36706299,-22617899.27395,11269169.8051392,-193841910197.68,-22665211255.7595,0.0167714301792426,0.0538307428584402,0.31155858694625,-0.00451293484428671,0.498038632625643
0.525,-0.0166630008880927,1.54753913337462,0.112434415233218,-110.649538956328,8.1695631136371,4838.78470205242,1069.61193382598,-29175.4522107342,2329837.80738056,-6999949.80288573,-216459809.47163,-11396041.4506172,-192982273170.899,22922485245.5683,0.0166630008880927,0.0565191792585931,0.294820291212196,-0.00785861376278115,0.49377859667068
0.526,-0.0165462084179344,1.43930383246625,0.12151646327066,-105.826508922496,10.3599763881926,4806.10833070355,3259.05612427558,-36177.2796201376,2016886.86132348,-6999884.60171356,-409442082.64253,11526443.7949504,-190903685386.545,-23182325657.3126,0.0165462084179344,0.0595858600987155,0.277686826883466,-0.0103166974784836,0.488602728039786
0.527,-0.0164188884306578,1.3358740565645,0.133823464580389,-101.039655591954,14.5512812757984,4766.43206392629,5039.40466338004,-43175.2647208966,1511992.93598768,-6999949.32074727,-600345768.029074,-11655881.8623592,-185296204802.231,23450077685.6563,0.0164188884306578,0.0628783530845356,0.261121477030159,-0.0116380866844481,0.482708014051526
0.528,-0.0162768916851938,1.23721012939795,0.151119888468501,-96.2959781088525,20.2389041039673,4719.75585898462,6220.34201455281,-50177.1336362941,818999.065557492,-6999880.1637668,-785641972.831306,11794195.8232963,-152431529522.806,-23724721040.8842,0.0162768916851938,0.0662714638060455,0.245609358091605,-0.0116680610609918,0.476290816214662
0.529,-0.0161145882547701,1.14326537476665,0.174571458079057,-91.6024771696614,26.7314540087635,4666.0797624357,6621.11483877418,-57175.0708223227,-42858.6720352168,-6999948.32846394,-938073502.354112,-11930525.2175853,169221193289.837,24013086008.8388,0.0161145882547701,0.0696643049109546,0.231317721110802,-0.0103650577109379,0.469527776808425
0.53,-0.0159255569185746,1.05398611656916,0.204568650175881,-86.9661518976879,33.1818448108482,4605.40372957354,6137.42294777689,-64176.982232394,-896321.57774441,-6999872.31067711,-768852309.064275,12082560.7912525,186941430091.798,-24314011474.1458,0.0159255569185746,0.072977487410894,0.218225612905895,-0.0078100088261683,0.462558882642888
0.531,-0.0157034179363628,0.969311678778127,0.240639341863367,-82.3940030037926,38.750754144496,4537.72781186213,4887.83212051564,-71174.8655979211,-1571703.17176279,-6999946.75562293,-581910878.972477,-12231450.6828909,191148245403.568,24637131071.0883,0.0157034179363628,0.0761504507778932,0.206215692434503,-0.00420504037451547,0.455474305381204
0.532,-0.0154426586501462,0.889174385470513,0.281549408154914,-77.8930295868566,42.7637140428599,4463.05196085841,3057.03155016721,-78176.8218903737,-2058039.92803348,-6999859.64077027,-390762633.56891,12405680.388196,192774170613.69,-24981071815.0236,0.0154426586501462,0.0791389456034661,0.19513348999522,0.000139673755052551,0.448306252547787
0.533,-0.0151393066199886,0.813499560801642,0.325483955993209,-73.4702323714892,44.7346307805245,4381.37623588306,835.73933378489,-85174.642202919,-2352415.47629554,-6999944.49628959,-197988462.95522,-12575391.4268255,193366742692.762,25361104512.0325,0.0151393066199886,0.0819126797767629,0.184822504418703,0.00483088707615445,0.441026558107617
0.534,-0.0147914154573666,0.742205529040475,0.370237749064809,-69.132610426756,44.3692212466146,4292.70058224612,-1583.44258353947,-92176.64754417,-2453720.56790438,-6999839.3354604,-4621720.26245786,12785713.0852054,193301458748.423,-25775518133.9525,0.0147914154573666,0.0844531363837119,0.17514347116917,0.00942684679129453,0.433550176615154
0.535,-0.0143993590131728,0.675203614541032,0.413407713865482,-64.8871644902293,41.5662023198604,4197.02507200648,-4007.25710178367,-99174.3899427768,-2361691.55879263,-6999941.38144217,188679738.485965,-12989805.0487451,192568027016.15,26252330127.766,0.0143993590131728,0.0867515688915078,0.165983845562272,0.0134780110834193,0.42574416594472
0.536,-0.0139659326383593,0.612398141785811,0.45258613876398,-60.7408935925638,36.4175697295538,4094.34964025256,-6242.51412016396,-106176.450838389,-2076727.80679859,-6999805.02142703,381247765.502115,13262525.0790193,190772903860.431,-26789270377.6801,0.0139659326383593,0.0888071766470382,0.157261306638162,0.0165698923079651,0.41744121775303
0.537,-0.0134962612220487,0.55368643535301,0.48555380523008,-56.7007984825396,29.2081818712351,3984.6743811047,-8096.82256023475,-113174.089475672,-1600093.58936626,-6999937.13153685,572020669.362546,-13526745.2986588,186414848860.624,27449565007.4552,0.0134962612220487,0.0906254613409784,0.148923503641753,0.0183638348521756,0.408456361110657
0.538,-0.0129975144411276,0.498958819974137,0.510472281207934,-52.7738781372295,20.4144165799135,3867.99921233759,-9379.83667344297,-120176.215052357,-934865.495573398,-6999739.09433178,758435518.22317,13922819.7087948,170484537677.881,-28309891816.1604,0.0129975144411276,0.0922167628480716,0.140945247259884,0.0186317825768127,0.398605176623712
0.539,-0.0124784306533908,0.448098620494815,0.526073990719604,-48.967133311399,10.700656600791,3744.32426862919,-9907.0703202918,-127173.711052137,-91187.7085112877,-6999971.22053106,928920055.901051,-14387072.1073635,-122475778820.876,199900676397.633,0.0124784306533908,0.0935949708073501,0.133323730385852,0.0172817149627518,0.387721728426641
0.54,-0.0119486537413502,0.400982162191508,0.531843598579669,-45.2875614937885,0.897709278109488,3613.65650331628,-9554.21063065604,-134147.559029323,776494.457979325,-6914407.95443961,806444277.080175,185513604.290254,-180271848941.49,199965561841.871,0.0119486537413502,0.0947764064147888,0.126072027768777,0.0143713522012492,0.375674477841121
0.541,-0.0114179148326427,0.357478784746224,0.528125717864918,-41.7421217751997,-8.14135807108276,3476.0909911422,-8404.53934229354,-140935.882587977,1492802.81058876,-6628911.56922842,626172428.138685,385479166.132098,-187911985483.993,199975232060.876,0.0114179148326427,0.095778866948759,0.119211212205624,0.0101086308731124,0.362378785799228
0.542,-0.0108951933931386,0.317450946438257,0.516055415175746,-38.3375858158544,-15.7029636027873,3331.91323159863,-6629.96898188278,-147338.725368796,2025019.24598544,-6143444.78706588,438260442.654692,585454398.192937,-190556764970.938,199977741718.902,0.0108951933931386,0.0966208230220797,0.112762374117315,0.00483776017304593,0.347805575895775
0.543,-0.0103880066912845,0.280754509963647,0.497391643168418,-35.0803397939904,-21.2553194197754,3181.60869197524,-4417.57897539848,-153156.113333145,2368001.30615467,-5458001.51801349,247703677.683754,785432139.911799,-191554255146.452,199977067221.485,0.0103880066912845,0.0973207581847231,0.106739886587887,-0.000989052772590983,0.331986251276202
0.544,-0.0099018785061177,0.247239227903045,0.474330925846413,-31.9761844327869,-24.4555952231137,3025.86281561754,-1957.65153959301,-158188.069269999,2519927.85626519,-4572580.84449095,56149422.5373025,985409207.133245,-191636515435.132,199973250409.33,0.0099018785061177,0.0978966417893031,0.101146253080151,-0.00685177359453402,0.315013609069707
0.545,-0.00943999645439541,0.216749428165143,0.449317235417857,-29.0301350234513,-25.1519094522943,2865.56102301192,558.411608701646,-162234.616635855,2480259.02108493,-3487185.01215304,-135487092.89783,1185382457.54254,-190895112965.281,199963366664.341,0.00943999645439541,0.0983655251562121,0.0959685462910299,-0.0122106423921164,0.297038716586516
0.546,-0.00900306015516758,0.189124899406969,0.424850672185282,-26.2462214489625,-23.3839034782401,2701.78870941986,2939.11123117678,-165095.78319146,2249324.37170446,-2201820.87127833,-326382205.863111,1385345824.20686,-188970187769.901,199930785947.872,0.00900306015516758,0.098743249746439,0.0911764619686548,-0.0165574499223185,0.278264103586811
0.547,-0.00858932084331105,0.164201976428551,0.403296037707772,-23.6272882124512,-19.3824008533454,2535.83123721288,4993.7494686547,-166571.609352977,1828457.0719564,-716509.654097529,-515352393.633011,1585276610.15473,-184465605509.277,-17903345154.8264,0.00858932084331105,0.0990442549245507,0.0867220501568129,-0.0194649666982067,0.258933978819491
0.548,-0.00819481207954603,0.141814825231024,0.3866922442043,-21.1747962941932,-13.5680009812142,2369.1648398285,6533.78607620971,-166498.464592856,1220871.87556875,859815.283479783,-699817999.142288,1567373264.99991,-170480137849.711,-199932495023.923,0.00819481207954603,0.0992814720880377,0.0825412023733823,-0.020629736433278,0.239322456615177
0.549,-0.00781377007041945,0.121796910222048,0.376564035156005,-18.8886737429989,-6.54751863948757,2203.34918123426,7376.33559589903,-164888.28475938,435813.807501604,2327222.30096773,-870298136.991999,1367440769.97601,11525791943.405,-199965141184.422,0.00781377007041945,0.0994662916587973,0.0785569657831751,-0.0199041395065298,0.219720792386844
0.55,-0.007439239482885,0.103982537774085,0.373741153574942,-16.7673255234385,0.902154411994563,2039.84408253949,7378.92130022853,-161910.669596955,-428721.433518692,3594680.50035152,-858772345.048594,1167475628.79162,169829745136.34,-199975156901.92,0.007439239482885,0.0996085899124376,0.0746847183503408,-0.0173147013739324,0.200423850865669
0.551,-0.00706384221584198,0.0882083084098971,0.378226948131631,-14.8077906839228,7.93066251066967,1879.91700016597,6549.11865170827,-157765.580475025,-1202578.90599912,4662168.55069219,-688942599.912253,967500471.889754,182855942595.294,-199979196655.095,0.00706384221584198,0.0997168025733501,0.0708390364868141,-0.013064816799636,0.181715502271266
0.552,-0.0066806140113559,0.0743143840044285,0.389204558008346,-13.0059407998764,13.7712869403345,1724.63542157842,5032.54443618558,-152652.991554497,-1800093.53461372,5529679.4242544,-506086657.316959,767521275.234715,186993906572.388,-199980247141.513,0.0066806140113559,0.0997980315957938,0.0669413404706618,-0.00752089340591713,0.163853470866298
0.553,-0.00628376401404369,0.0621455552716576,0.405172572916171,-11.356679947287,17.8272282457676,1574.8668574383,3010.57322400877,-146772.881533816,-2212683.23864449,6197210.57591835,-319092750.744572,567541028.093258,188563067561.032,-199978420431.077,0.00628376401404369,0.0998581725045884,0.0629268877693006,-0.00118206071669824,0.147054973340145
0.554,-0.00586927065714869,0.0515521092750412,0.424124583061785,-9.8541446811306,19.6861345198117,1431.27883892961,669.770787918839,-140325.230180589,-2437494.45560854,6664762.39379607,-130529683.18354,367562607.662226,188825388365.28,-199970203597.996,0.00586927065714869,0.0999020518250378,0.05875025137049,0.00536424525025384,0.131484531630079
0.555,-0.00543529376612121,0.042390496958736,0.443735488707725,-8.49190401486896,19.1232708572442,1294.33891828871,-1801.51761122059,-133510.014850228,-2473611.44460944,6932339.8996593,58295705.1817406,167592404.064256,188012528929.239,-199905405874.564,0.00543529376612121,0.0999335663885713,0.0543890702848249,0.0114965204777391,0.117245118500421
0.556,-0.00498239921513755,0.0345238007003282,0.461549727944047,-7.2631593968839,16.1024973299546,1164.31467606375,-4214.64578175096,-126527.196316183,-2321309.47496308,6999979.60078627,246308234.110979,-32313001.8103122,185791180790.069,33941451035.4473,0.00498239921513755,0.0999558183778201,0.0498460149293633,0.016617891467442,0.104373455577563
0.557,-0.00451359509010835,0.0278220022191118,0.47516982857356,-6.16094271924137,10.7759894822735,1041.28349827479,-6381.8359428602,-119537.716307796,-1982105.65045707,6984637.32449368,432099414.901048,1628449.22513724,180814492405.12,27405326976.7578,0.00451359509010835,0.0999712418072816,0.0451489349187978,0.020213518384366,0.0928398726517304
0.558,-0.00403417964189321,0.0221620693744841,0.482444060072385,-5.17826367667023,3.48265122051853,925.239513926068,-8117.75613713256,-112547.697204193,-1459598.98935346,6999968.4372072,612913907.306168,29033776.2018906,167565513585.427,-58494672463.055,0.00403417964189321,0.0999817176638212,0.0403491731904201,0.0219011323692971,0.0825528661607684
0.559,-0.00355140269184554,0.0174279593313056,0.481651501184863,-4.30813062765527,-5.255770197007,816.194202625161,-9242.97058723536,-105542.960990962,-762902.325254576,6999754.87717756,780479420.891595,-29460896.2611624,92792980544.7139,59356404566.7669,0.00355140269184554,0.0999886761520046,0.035518048928327,0.0214698605775274,0.0733688033439327
0.56,-0.00307394472557963,0.0135106268048554,0.471680388557404,-3.54354201261364,-14.7462456691984,714.148682106936,-9600.16770528669,-98548.0438278208,63973.5859093759,6999972.18319978,873272401.436309,29895508.3056,-143873780223.424,-59973854173.833,0.00307394472557963,0.0999931856884975,0.0307415420802343,0.0189036672546927,0.0651066251763269
0.561,-0.00261122774479632,0.0103080262906694,0.452179908701772,-2.87749994452631,-24.1748759221336,619.103108044844,-9123.53688202973,-91543.1195328305,865309.097233973,6999880.76441846,729398621.212885,-30078345.868231,-171557807725.022,60345832522.4032,0.00261122774479632,0.0999960291133186,0.0261133143780859,0.0143871855603561,0.057565947748714
0.562,-0.00217261396894313,0.00772511220844173,0.423616444482316,-2.30300249983657,-32.7513400606661,531.057430246269,-7922.12144214348,-84548.2203025925,1508928.81458435,6999975.33481143,557840813.487863,30267486.6541675,-179155091247.875,-60639254285.8897,0.00217261396894313,0.0999977678617299,0.0217266246577351,0.00829304614763999,0.0505467973322855
0.563,-0.00176662627618397,0.00567383888733038,0.387177282244477,-1.81305176136793,-39.8334884220714,450.011715556599,-6164.13140268985,-77543.217766835,1977192.08244827,6999923.19432266,378685722.239988,-30371767.6317204,-181907122382.715,60853163217.0194,0.00176662627618397,0.0999987950663951,0.0176664756311414,0.0011508636382834,0.0438690573590271
0.564,-0.00140030780731531,0.00407316060900529,0.344605522813875,-1.40064575920995,-44.9534889599297,375.965932974124,-4027.91431285204,-70548.3382624587,2264924.2434969,6999978.00829944,196778599.857273,30481395.585294,-182388051737.825,-61029971129.7524,0.00140030780731531,0.0999993786958036,0.0140031650754053,-0.00640001411398804,0.0373897417165957
0.565,-0.00107875458968514,0.00284903159490915,0.298022243279332,-1.05878657089091,-47.8237442198795,308.920121032953,-1694.99877804947,-63543.2912182216,2370508.81748526,6999944.41831986,14390548.1194473,-30548575.5444568,-181074161486.135,61168903319.0805,0.00107875458968514,0.0999996959022806,0.0107875787016322,-0.013669524050763,0.0310164397510955
0.566,-0.000804828078682025,0.00193440603074015,0.249745175128168,-0.780472201180773,-48.3386349212284,248.874259298943,652.526286581157,-56548.4262704541,2294362.28486164,6999980.29443494,-166683613.366688,30620327.7746185,-177427958090.205,-61287034404.9604,0.000804828078682025,0.0999998597682291,0.00804829207308275,-0.0199818523886914,0.0247156742317859
0.567,-0.000579049503662675,0.00126923805739693,0.2021067733475,-0.558704726513253,-46.5741009260313,195.828372937241,2833.97543841108,-49543.350317866,2038964.69244985,6999957.10500708,-344111571.456893,-30666706.6303406,-169169278482.991,61408477535.2782,0.000579049503662675,0.099999939614362,0.00579049853325623,-0.0247399702396208,0.0185154216977061
0.568,-0.000399675597230036,0.000800481786918051,0.157273739863284,-0.386482135259884,-42.7850437899082,149.782448740675,4672.68946538532,-42548.4918199183,1610268.48175146,6999994.63714438,-513280849.939884,30741770.9049321,-146805410446.531,-199984367190.847,0.000399675597230036,0.0999999759774957,0.00399675693242147,-0.0274834639395925,0.0125016238909434
0.569,-0.000262952984400895,0.000482091105599455,0.117070808805859,-0.256807652285896,-37.3988837840724,110.730745185853,6001.84995375909,-35566.4570251866,1023584.92658831,6930744.22445389,-660086260.386414,-169242596.285831,-34553410982.7627,-199994365060.75,0.000262952984400895,0.0999999912859568,0.00262953007314733,-0.0279340918776942,0.00680910192561741
0.57,-0.000163544208499195,0.000275008175959084,0.082815655947157,-0.162713729970098,-30.9966954692079,78.5931200749735,6689.63284832373,-28753.6664930524,346221.960710515,6661504.44563768,-694639671.369177,-369236961.346437,129672216248.686,-199995926119.537,0.000163544208499195,0.0999999971641539,0.00163544213137057,-0.0260247211610209,0.00160771890375493
0.571,-9.51031441271918e-05,0.000147072936221765,0.0551936178443912,-0.0974042439071383,-24.2443219100801,53.1003331475995,6710.1470093911,-22310.1131824413,-283581.602534319,6192269.52123148,-564967455.120491,-569232887.4658,159123160806.149,-199996224851.964,9.51031441271918e-05,0.099999999188898,0.000951031448985754,-0.0219088199833408,-0.0029154633363166
0.572,-5.09296323607896e-05,7.27534965471711e-05,0.0342348915542944,-0.0544523071030628,-17.7634968127759,33.7831494018332,6170.60220609756,-16435.7928090847,-768987.477251735,5523038.52133969,-405844294.314343,-769229112.317594,168129294843.01,-199995700644.868,5.09296323607896e-05,0.0999999998015147,0.000509296324618775,-0.015949141907867,-0.00657721995080155
0.573,-2.45832451796347e-05,3.26769039398546e-05,0.0194130221635526,-0.0280002655297279,-12.0380236737382,19.9723378471775,5226.71413082916,-11330.701460678,-1090767.12414457,4653811.55869966,-237714999.471332,-969224812.96233,170679385539.104,-199993121109.6,2.45832451796347e-05,0.0999999999599587,0.000245832451894782,-0.00868579465132457,-0.00922050478736356
0.574,-1.03653083649517e-05,1.29599112692468e-05,0.00979807857110652,-0.0129596941299864,-7.38920063049574,10.7986716503149,4045.53607120544,-7194.83449531116,-1243142.43084635,3584590.18518253,-67035613.9322282,-1169217934.07188,168986161170.436,169227453719.326,1.03653083649517e-05,0.0999999999937016,0.000103653083656046,-0.0007861738159179,-0.0107359120155967
0.575,-3.6396956256311e-06,4.34026336729193e-06,0.00422307063850177,-0.0052083152152697,-3.96936728698675,5.20831373582688,2797.04019358804,-4166.64870154471,-1225684.96419336,2499985.97797032,101950547.238207,-999990480.352611,161141932573.103,199995171041.784,3.6396956256311e-06,0.0999999999992936,3.63969562565681e-05,0.00701842844076342,-0.0110801759669808
0.576,-9.85132075738612e-07,1.13777417485862e-06,0.00145353340984995,-0.00170666114448082,-1.7614635704318,2.13332607534077,1649.18749177597,-2133.32543524378,-1043163.4506686,1599993.0831386,263092479.81131,-799995309.311046,132945572501.748,199997914637.628,9.85132075738612e-07,0.0999999999999515,9.8513207573909e-06,0.0140032776196352,-0.0102896604279435
0.577,-1.78553928965393e-07,2.02499360305882e-07,0.000354873076624442,-0.000404998761846342,-0.584469658500679,0.674997876563153,759.727876429977,-899.997020987809,-713598.184606419,899996.73114637,396038052.313058,-599997394.673841,-58601269791.0799,199998782270.848,1.78553928965393e-07,0.0999999999999985,1.78553928965396e-06,0.0195207767343516,-0.00848605682240321
0.578,-1.58087001006391e-08,1.77777005354764e-08,4.73475671692319e-05,-5.33331758560505e-05,-0.117976251896363,0.133332937969683,234.381839681574,-266.665856799933,-346860.767188901,399998.727607954,337436782.521978,-399998612.403664,-159294406594.066,199999190992.209,1.58087001006392e-08,0.1,1.58087001006392e-07,0.0230642433448053,-0.00587220426151408
0.579,-2.47419948426401e-10,2.77758429090548e-10,1.48451979907321e-06,-1.6666609457273e-06,-0.00742259899699613,0.00833330920337521,29.6903959879844,-33.3332368951613,-89071.1879639555,99999.7107003941,178142375.927913,-199999421.412424,-178142375927.914,199999421417.18,2.47419948426458e-10,0.1,2.47419948426458e-09,0.0243184668979708,-0.00271815183235129
0.58,1.19493580222197e-17,-1.19588511519175e-14,-2.19823427727013e-16,5.70771599321218e-13,-2.00273027361535e-16,-1.22623923215703e-11,-2.70210156606012e-13,1.83104183819042e-09,5.12753686849236e-10,-3.43945583798939e-06,-5.12575196771149e-07,0.00343840575440322,2.20982188624299e-10,-1.51388114650547e-06,1.19588511519175e-14,0.1,1.19588511519175e-13,0.0231913124958432,0.000661087934885536
0.581,5.86470325994866e-18,-5.69699676685003e-15,-1.10047352091472e-16,2.72213042273675e-13,-1.49767586647254e-16,-5.78900541985924e-12,-6.87201565625889e-15,5.53943125445511e-11,8.93002845834097e-14,-5.25420263370324e-10,-2.56287487894482e-07,0.00171920212026103,2.20982188624299e-10,-1.51388114650547e-06,5.69699676685003e-15,0.1,5.69699676685003e-14,0.0198223080678145,0.00393382433463579
