time,x,y,vx,vy,ax,ay,jx,jy,snapx,snapy,cracklex,crackley,POPx,POPy,contour_error,allowed_error,error_utilisation,modal_x,modal_y
0,6.18759084878738e-31,0,7.19685377607825e-23,0,-2.08731672506313e-19,0,-3.07797284232989e-17,0,0,0,0,0,0,0,0,0.1,0,1.10928642300781e-24,1.82829463843517e-26
0.001,-3.75266344705004e-26,0,8.67322485763707e-23,0,-2.39511400929608e-19,1.30426738706203e-24,-5.78937982611465e-18,0,1.79193661097013e-13,0,-2.20976164751065e-11,0,199999944318.106,-198347608161.426,3.75266344705004e-26,0.1,3.75266344705004e-25,-1.62972429186108e-25,5.91541154845817e-26
0.002,2.77777700441817e-10,-2.75482789113092e-10,1.66666620265088e-06,-1.65289673467855e-06,0.00833333101325442,-0.00826448367339276,33.3333240530178,-33.0579346935711,99999.972159053,-99173.8040807132,199999944.318106,-198347608.161426,199999921443.067,-195668476867.553,2.75482789113092e-10,0.1,2.75482789113092e-09,2.73182905037628e-09,-2.70925954452272e-09
0.003,1.77777727965052e-08,-1.7627177487552e-08,5.3333318294203e-05,-5.28703694155981e-05,0.133333295258944,-0.132120108303706,266.666588611635,-264.016955666256,399999.877198693,-395355.650675916,399999865.761173,-394016085.02898,199999880871.42,-46818001224.4765,1.7627177487552e-08,0.1,1.7627177487552e-07,1.73606904251329e-07,-1.72136024683482e-07
0.004,2.02499941532396e-07,-2.00382071487818e-07,0.000404999880806057,-0.00039969905088483,0.674999795133097,-0.66143498686377,899.999712169484,-864.183649060742,899999.683395575,-812780.736317134,599999746.632592,-440834086.253456,199999794751.233,191559710757.568,2.00382071487818e-07,0.0999999999999985,2.00382071487821e-06,1.95675148758172e-06,-1.93622669722458e-06
0.005,1.13777743412271e-06,-1.11210265022615e-06,0.00170666613365578,-0.00164546107433607,2.13333263155377,-1.99749969717709,2133.33256800656,-1865.45481004501,1599999.32740378,-1157834.96719181,799999541.383825,-249274375.495889,199999522419.5,193856828034.814,1.11210265022615e-06,0.0999999999999515,1.11210265022669e-05,1.08415504743148e-05,-1.05933058756474e-05
0.006,4.34027639015763e-06,-4.11727387265924e-06,0.00520833158069128,-0.00477743162981301,5.20833143359367,-4.47534035223253,4166.66491983884,-3115.61749364562,2499998.62999736,-1310180.92867029,999999063.803325,-55417547.4610749,169230443668.331,193731424404.986,4.11727387265924e-06,0.0999999999992936,4.11727387268832e-05,4.06439242901971e-05,-3.84996401534243e-05
0.007,1.295995281835e-05,-1.17064288743634e-05,0.012959738793893,-0.0110296388529209,10.7987134475513,-8.24721242543994,7194.86815568258,-4421.21862531228,3584612.91563485,-1268732.76392887,1169229507.47166,138313876.943911,-199999319447.242,192255546727.734,1.17064288743634e-05,0.0999999999937015,0.000117064288751008,0.000118869250631203,-0.000106940088185675
0.008,3.26770177025135e-05,-2.76479879388195e-05,0.0280003730403739,-0.0216915508439097,19.9724263406529,-13.2717344721124,11330.7626051454,-5588.75185964791,4653842.76338288,-1034291.11362109,969230188.024441,330569423.671645,-199999575397.661,188465262537.333,2.76479879388195e-05,0.0999999999599584,0.000276479879498902,0.000292592890571144,-0.000245421145281143
0.009,7.27537736035912e-05,-5.69469436226213e-05,0.0544525390722027,-0.0379146988282754,33.7833153765189,-19.3146842653531,16435.8871999742,-6426.34738434362,5523073.16370848,-609489.05868078,769230612.626751,519034686.208978,-199999627469.75,176659285316.748,5.69469436226213e-05,0.0999999998015131,0.000569469437356535,0.000633868476199146,-0.000488294179228486
0.01,0.000147073545423715,-0.000105610867209239,0.0974046948546239,-0.0605210396896108,53.1006109426405,-25.9519095944475,22310.2423987511,-6746.87588570046,6192303.96260035,-2124.72981342799,569230985.157001,695693971.525726,-199999597943.325,30532637232.7828,0.000105610867209239,0.0999999991888912,0.00105610868065858,0.00124251121136555,-0.000869075305232903
0.011,0.000275009397962216,-0.000180226589684562,0.162714528951472,-0.0898174996610869,78.5935438369703,-32.5826266565823,28753.8285876061,-6396.06485687889,6661535.14878569,708835.560328689,369231387.213676,726226608.758509,-199999443329.846,-167471203396.251,0.000180226589684562,0.0999999971641286,0.00180226594795557,0.00224449006763919,-0.00141307587877995
0.012,0.000482093366712529,-0.000287366059378894,0.256808960919482,-0.125451155637384,110.731345253366,-38.5102139319786,35566.6461894436,-5352.02785940366,6930766.81433444,1351326.56738907,169231943.88383,558755405.362257,-199998452861.942,-179924700050.208,0.000287366059378894,0.0999999912858751,0.00287366084420333,0.00378585547600891,-0.00212926213632015
0.013,0.00080048568906477,-0.000432903614952232,0.386484141747181,-0.166390380301776,149.783246905088,-43.1009494692961,42548.695900243,-3751.31103934182,6999999.5317873,1820119.62272623,-30766508.9781117,378830705.312049,61525622891.1872,-183003646886.898,0.000432903614952232,0.0999999759772615,0.0043290371894756,0.00602284394820558,-0.00300294639543529
0.014,0.00126924439929304,-0.000621390947426787,0.558707633966672,-0.211049372437959,195.829378387349,-45.8866873983431,49543.5664480231,-1772.27667177406,6999995.83425478,2107448.50459483,30759113.9130755,195827058.425151,-61513666471.8897,-183107063018.659,0.000621390947426787,0.0999999396137587,0.00621391322661651,0.00910917351080876,-0.0039914328641921
0.015,0.00193441582091145,-0.000855589855078066,0.780476230566267,-0.25746432318618,248.875506202049,-46.580231435708,56548.6895614891,402.5675181969,6999998.11493191,2211722.03151065,-30754552.5588142,12719995.4064915,61502050534.681,-181111883811.931,0.000855589855078066,0.0999998597668101,0.00855591054900695,0.0131820015855794,-0.00502397736397247
0.016,0.00284904608189202,-0.00113618518985541,1.05879197897895,-0.303475629790094,308.921631647683,-45.0772292310135,63543.5607418974,2590.46423344214,6999994.58764044,2133886.08501117,30747497.9758668,-168391888.405439,-61488385021.4738,-176395194944.539,0.00113618518985541,0.0999996958991895,0.0113618864501429,0.0183489019543691,-0.00600622876860786
0.017,0.00407318130742156,-0.00146168042656096,1.40065282550473,-0.346910465512193,375.967752250354,-41.4552370695894,70548.6810143555,4610.75517509316,6999997.89310556,1877296.59913346,-30740887.045607,-344787083.349978,61470981090.3303,-166312732485.351,0.00146168042656096,0.0999993786894934,0.0146168950819145,0.0246777717835174,-0.00682868778014478
0.018,0.00567386761833504,-0.00182847493493607,1.81306081596566,-0.385763194295624,450.013870020967,-35.9702278060081,77543.5536274533,6287.93944380408,6999992.49660512,1449353.14954081,30730094.0447233,-511099815.835329,-61449913051.6089,-140863760138.285,0.00182847493493607,0.0999987950542036,0.0182849696733341,0.0321907225192272,-0.00737830107829301
0.019,0.00772515113200679,-0.00223111931832207,2.30301389655443,-0.418370363211801,531.059981166019,-29.0486644134119,84548.6695189055,7458.26539207084,6999997.63412404,867821.453636337,-30719819.0068856,-651963575.973614,61420958302.4171,-43197170696.2292,0.00223111931832207,0.0999977678392653,0.0223116912160313,0.0408625006749525,-0.00755198846246386
0.02,0.0103080779599405,-0.0026627403033072,2.87751411060111,-0.443572783145659,619.106088738749,-21.2669487726308,91543.5440699098,7992.905529271,6999988.29426836,194259.292314609,30701139.2955315,-695160746.669843,-61384208208.6806,104260809157.56,0.0026627403033072,0.0999960290735788,0.0266284604296428,0.0506235359110677,-0.00727068006287408
0.021,0.0135106942090219,-0.00311561196398,3.5435594037696,-0.46083899879597,714.152186137,-13.2884295212659,98548.6522324578,7856.96124977695,6999997.32945955,-448771.049776454,-30683068.9131491,-590899937.512282,61322792494.5171,140118782761.045,0.00311561196398,0.0999931856206583,0.0311582428806661,0.061367261782448,-0.00649226556644969
0.022,0.0174280459772658,-0.00358180911234544,4.30815181480647,-0.470297196041517,816.198278305722,-5.74849883668088,105543.528492877,7136.09336170453,6999975.65679366,-969611.595908213,30639723.5813695,-450781154.751237,-61236824625.5018,150676229552.382,0.00358180911234544,0.0999886760397365,0.0358221476092151,0.0729609439939721,-0.00522158461253097
0.023,0.0221621793552395,-0.00405383515663192,5.17828928631637,-0.472656777042866,925.244349713233,0.833936710842351,112548.617874023,5966.20389334609,6999996.96806228,-1345054.63588326,-30597101.0441324,-300104925.198856,29678237868.3242,152852285342.474,0.00405383515663192,0.0999817174830414,0.040545764352563,0.0852589187515889,-0.00351547600300232
0.024,0.0278221403721758,-0.00452513893052651,6.1609735835674,-0.469075144760836,1041.28910314769,6.08396464393628,119538.262664542,4496.57217575382,6984238.9859523,-1568733.41841088,-918863.175808469,-147252639.856382,33355888563.7221,149880590229.494,0.00452513893052651,0.099971241523014,0.045264406659237,0.0981169231676252,-0.0014816253426129
0.025,0.0345239725997226,-0.00499048904709969,7.26319609755812,-0.4610092361205,1164.32072199004,9.77787302843482,126527.601533667,2879.19253578633,6999998.06705836,-1641045.76315251,32437025.3879136,2627950.37311224,-199990756282.509,141597395232.999,0.00499048904709969,0.0999558179404057,0.0499269492254574,0.111406087344063,0.000728905025789912
0.026,0.0423907086509944,-0.00544619763962751,8.49194697161259,-0.450063984975139,1294.34539577995,11.8428805658418,133510.486320705,1263.06031369254,6932439.71430501,-1567619.1151629,-167553730.894595,144225345.606111,-199997090051.744,125455432665.069,0.00544619763962751,0.0999335657298042,0.0544981818656675,0.125025195465702,0.00293473733541573
0.027,0.0515523672458171,-0.00589019361560904,9.85419436912408,-0.437843789253638,1431.28584312391,12.3513961892483,140325.816321221,-211.536889889789,6664887.43838455,-1360666.05322425,-367550820.946339,269680778.27118,-199997893900.696,95292076725.94,0.00589019361560904,0.0999020508533247,0.0589596866660622,0.138910157012404,0.00494148932145591
0.028,0.0621458665355015,-0.00632195127764533,11.356736953715,-0.425812908385138,1574.87451144859,11.5084435723218,146773.595366816,-1421.4805411908,6197337.67048786,-1043339.2365901,-567548714.847034,364972854.99712,-199998073353.079,41924108467.6317,0.00632195127764533,0.0998581710988897,0.0633093036661435,0.153038932411386,0.00656154077221363
0.029,0.0743147562258905,-0.00674228725046764,13.006005837945,-0.415173538386315,1724.64385094511,9.62786905985496,152653.825667654,-2275.34599887107,5529789.91896429,-657404.327359169,-767546788.200112,406896963.464752,-199997971993.967,-23174748267.8514,0.00674228725046764,0.0997980295982699,0.0675593223394114,0.167430543990951,0.00763417628612214
0.03,0.0882087500275011,-0.00715305011188327,14.8078645856112,-0.406776148796547,1879.92631385872,7.0906714433706,157766.509197186,-2733.16430254251,4662244.14476719,-262094.738028343,-967544760.194076,383722215.1969,-199997579366.486,-65785719585.8035,0.00715305011188327,0.0997167997806214,0.0717336509757643,0.182138162707563,0.00804390265405023
0.031,0.103983058107766,-0.0075567442666399,16.7674092137478,-0.401080301749482,2039.85435443578,4.28767240269734,161911.648031962,-2814.36221957003,3594700.59488987,88734.617375655,-1167542339.56056,317936495.611097,-199996604978.705,-85668188088.2426,0.0075567442666399,0.0996085860654837,0.075864386446285,0.197237013944018,0.00773477759640235
0.032,0.121797519545303,-0.00795614356479503,18.8887681947295,-0.398172487901257,2203.36042918339,1.5670973999133,164889.244689575,-2580.93738573687,2327159.95283995,363837.01894263,-1367538944.53927,232268307.522854,-199993427880.695,-92386336999.1417,0.00795614356479503,0.0994662864317208,0.0799883442944919,0.212808343533498,0.00671886597230951
0.033,0.141815534786477,-0.00835394569309663,21.1749024588486,-0.39782631173105,2369.17699763246,-0.797059522473407,166499.302932165,-2116.363935866,859624.294360338,549912.157965913,-1567532372.41996,139881970.523712,-17848122899.3066,-90515101920.71,0.00835394569309663,0.0992814650762423,0.0841440613983817,0.228921052907981,0.00507757806515195
0.034,0.164202798358084,-0.0087524993089373,23.6274069160796,-0.399584827072206,2535.84411364462,-2.61892518018253,166572.186353166,-1511.59664295835,-716832.139509277,644536.57752927,-1585380495.31927,49366868.6030022,199993272492.938,-81567550470.9762,0.0087524993089373,0.0990442456333869,0.0883695892978453,0.245612821406136,0.00295553786121982
0.035,0.189125846560304,-0.00915361837758039,26.2463532599675,-0.402850750587675,2701.8019868985,-3.8034243708787,165095.996178079,-855.971222872744,-2202215.99858208,653119.670896784,-1385387222.82634,-32200681.867974,199996443129.651,-65861140761.1631,0.00915361837758039,0.0987432375820658,0.0927012178426172,0.262872702421549,0.000547530517817722
0.036,0.216750513786963,-0.00955848664871719,29.0302801511247,-0.406975197829425,2865.57431039194,-4.34094675281277,162234.419308605,-229.928749703474,-3487604.99984358,587988.418648229,-1185390779.69668,-98061822.6291371,199997405379.342,-44064666975.0556,0.00955848664871719,0.0983655094206914,0.0971731525105744,0.280627780054418,-0.00192014335310542
0.037,0.247240465245811,-0.00996764702024664,31.9763426790336,-0.411337564002149,3025.8756952959,-4.29506095808761,158187.45181981,301.684646467677,-4572997.0768506,467894.262531564,-985393374.317342,-142126489.604193,199997777640.943,-18899685353.5314,0.00996764702024664,0.09789662168161,0.10181808982811,0.298736764926102,-0.00421197182592603
0.038,0.280755911872414,-0.0103810635489961,35.0805105426508,-0.415409879694359,3181.62074958897,-3.78390441551125,153155.091018741,695.365716638222,-5458391.56234747,316317.930250605,-785395596.676399,-161026174.957724,199997844757.681,4766440315.05068,0.0103810635489961,0.0973207328091089,0.106668571529956,0.316992093305545,-0.00610685978458661
0.039,0.317452524938192,-0.0107982376419631,38.3377680476542,-0.41880005130013,3331.92407880396,-2.95701882789422,147337.334632182,931.964966129141,-6143788.23664502,157674.975450407,-585397751.918718,-156259734.642673,199997603375.059,22821062639.5714,0.0107982376419631,0.0966207914050496,0.11175894427003,0.335130389335453,-0.007420586399043
0.04,0.357480550655971,-0.0112183555758607,41.7423141041418,-0.42127112912914,3476.1002862593,-1.971308785537,140934.180453473,1015.31358469814,-6629187.18687621,12825.7721275191,-385400148.543659,-133438672.003102,199996669285.767,33942097915.2522,0.0112183555758607,0.0957788280655705,0.117127718123473,0.352850171171051,-0.00802469972563037
0.041,0.40098412478329,-0.0116404436708918,45.2877622243961,-0.42273792058749,3613.6639729558,-0.970407839362486,134145.625970539,967.077037143316,-6914589.00077699,-103641.850917957,-185403479.257892,-99496574.0878497,199990390523.559,38661117882.4787,0.0116404436708918,0.0947763592258294,0.122820118497646,0.369834988217952,-0.00785982470373319
0.042,0.448100787223353,-0.0120635107097454,48.9673405202787,-0.423245887064706,3744.32973677901,-0.0701236101143527,127171.666961887,820.130418828515,-6999997.2847731,-183807.866064567,14586911.2656673,-60835456.205371,-29129097153.7368,38023949127.7272,0.0120635107097454,0.0935949143039941,0.128890664620552,0.385779670982611,-0.00694196131837
0.043,0.498961196304395,-0.0124866630830242,52.77408978937,-0.422938798054182,3868.00262253801,0.649547964194639,120174.108283221,612.242149515884,-6999974.9220843,-225631.347706074,-14542185.8880704,-22811507.0776438,29046167002.9985,33115392220.5562,0.0124866630830242,0.0922166961065557,0.135405665245217,0.400417098085694,-0.00536110665266521
0.044,0.553689024676616,-0.0129091846121464,56.7010124396896,-0.422021408757707,3984.6755299195,1.1465523300204,113171.703296027,380.724280307747,-6999994.02447087,-231885.15867344,14503981.1149281,10303885.1429124,-28982423104.7032,25099916609.613,0.0129091846121464,0.0906253835830705,0.142445572109644,0.413542693677308,-0.00327235249207459
0.045,0.61240094524601,-0.0133305788318473,60.7411075183987,-0.420722503319459,4094.34844593251,1.41409717504065,106174.130858263,158.174383640699,-6999981.25490829,-209031.315225721,-14478441.9897747,35403801.7525254,28930511649.7126,15340339583.0844,0.0133305788318473,0.0888070873113565,0.150107150627635,0.425033409567808,-0.00088039689600814
0.046,0.675206630929494,-0.0137505763174824,64.8873760040371,-0.419262554510566,4197.02137852764,1.47429571550987,99171.7321343011,-30.5983074449122,-6999994.44107321,-165957.343681653,14452069.6599379,50744141.3356098,-28884323798.1548,5345478693.67455,0.0137505763174824,0.0867514677095899,0.158505402623434,0.434858674243654,0.00158091620297987
0.047,0.742208754658699,-0.0141691133084503,69.1328169443585,-0.417829058621181,4292.69431860619,1.3693988213923,92174.1496740915,-170.292667343148,-6999984.53331234,-112540.462999206,-14432254.1382168,56089620.0292843,28844086413.0799,-3487869600.61239,0.0141691133084503,0.0844530234617318,0.167775086404938,0.443082211859722,0.00387191617291667
0.048,0.813502989374409,-0.0145862902763888,73.4704313127363,-0.416561254875372,4381.36727247487,1.1520388646544,85171.7563614456,-255.369631927814,-6999994.74424402,-58194.7777702281,14411832.2748631,52601750.4286719,-28807101123.6593,-10152184207.2835,0.0145862902763888,0.0819125556772285,0.178071483129707,0.449854665958065,0.00577089542743713
0.049,0.889178008029751,-0.0150023200739719,77.8932181580351,-0.415544492818244,4463.04023314036,0.87591579457095,78174.1663498184,-288.955565184921,-6999986.46253099,-10669.1194451979,-14395268.8487962,42449566.2213885,28773535702.6153,-14133735439.4498,0.0150023200739719,0.0791388114259436,0.189569691579343,0.455397860249384,0.00709595600136778
0.05,0.969315483585981,-0.0154174748785841,82.3941784499165,-0.414813182042042,4537.71320594476,0.588111691723685,71171.7778421468,-280.755524092666,-6999994.96352847,24713.5790564656,14378266.8538191,28315830.7819387,-28741934006.892,-15348470977.4454,0.0154174748785841,0.0761503082319544,0.202461096173405,0.459982331950666,0.00772272249241755
0.051,1.05399008901529,-0.0158320395529873,86.9663112385334,-0.414360277260165,4605.38618510237,0.323792742665515,64174.1816897107,-244.442108141472,-6999987.6636781,45355.1743496816,-14363667.1530728,12967359.8044932,28712426443.9565,-14030426444.0377,0.0158320395529873,0.0729773388783595,0.216944599465,0.463900407071449,0.0075961758515953
0.052,1.14326949729735,-0.0162462766958539,91.6026174906541,-0.414150722989407,4666.05917536682,0.103604847231131,57171.7975968634,-194.941658296883,-6999995.11760919,51307.320932156,14348759.2908836,-1063066.63954443,-28684110150.0074,-10652265497.0534,0.0162462766958539,0.0696641534891998,0.233208556799195,0.467437492470111,0.00673547904973367
0.053,1.23721438142189,-0.0166604059925447,96.2960962577971,-0.414136170814491,4719.7321716935,-0.0663041727686417,50174.1961738747,-145.941248267342,-6999988.41339331,44918.1215440849,-14335350.8591237,-11715332.1365978,28657091383.2298,-5877291706.08799,0.0166604059925447,0.0662713133273947,0.251396949238635,0.470844399427337,0.00523138735646493
0.054,1.33587841438572,-0.0170745978731893,101.039748504345,-0.414268496374073,4766.40517848101,-0.191983802774461,43171.816266949,-107.860341409237,-6999995.21856082,30264.1435544431,14321740.5241061,-17592623.8426858,-28630742541.6316,-504141158.229182,0.0170745978731893,0.0628782081019231,0.271550325440446,0.474313378144793,0.00323658770218367
0.055,1.43930826919513,-0.0174889792244877,105.826573283239,-0.414510103550796,4806.07819114783,-0.28766518226185,36174.2101282266,-86.4765333025084,-6999988.84930753,12419.4491326427,-14309002.0175255,-18096765.0009149,28605154307.3682,4622258293.30521,0.0174889792244877,0.059585725830512,0.293509544118571,0.477960147975228,0.000950017096457043
0.056,1.54754361886325,-0.0179036472002947,110.649571556811,-0.414839652604576,4838.75121389916,-0.370755524402635,29171.8343036282,-82.3350902881056,-6999995.27417137,-3366.18672161963,14296152.2898421,-13474506.7076097,-28579841117.4741,8720665359.48808,0.0179036472002947,0.0565190614811376,0.316771841766513,0.481813596600078,-0.00140320080864824
0.057,1.66061713641237,-0.0183186861936098,115.50174237949,-0.415252625470811,4864.42424243104,-0.456656098112841,22174.2237987489,-90.9850861369488,-6999989.04244026,-12480.3607494853,-14283688.827632,-4753841.34812166,28554884021.5997,11166573292.0176,0.0183186861936098,0.0538306477369897,0.34030216918646,0.485814054301659,-0.00359414659935885
0.058,1.77855449487146,-0.018734182855432,120.376086711784,-0.415756959194063,4883.09728088059,-0.554208397628718,15171.8520592317,-103.981272011825,-6999995.2892571,-11650.9154515982,14271195.1939678,6412731.94389591,-28529864675.1243,11545168827.2025,0.018734182855432,0.0517031883224966,0.362340959295938,0.48982020421038,-0.00541256655310951
0.059,1.90137436727852,-0.0191502346650173,125.265603609697,-0.416364736640035,4894.77032508337,-0.662465290007893,8174.23739012576,-110.501626686942,-6999989.02640069,534.400905898948,-14258669.4811565,17957900.7710984,28504858938.7262,9675804426.52646,0.0191502346650173,0.0503527714154736,0.380321363187813,0.493623848395876,-0.00668717513938493
0.06,2.02908842667822,-0.0195669488658856,130.163294032067,-0.417081534798999,4899.44337921784,-0.769303574262264,1171.8698388076,-99.375641324406,-6999995.26641248,23330.2038902606,14246189.4575697,27633705.1976248,-28479464929.2566,5636109165.35866,0.0195669488658856,0.05,0.391338977317712,0.49697099543362,-0.00730181964359595
0.061,2.16170134612423,-0.019984430404878,135.062157036589,-0.417895439454649,4897.11643914398,-0.852173658226712,-5825.7489103643,-61.2892333077732,-6999988.80941954,53781.9636705647,-14233275.4716869,33269814.3629835,28453756952.1207,-202969826.556485,0.019984430404878,0.05,0.39968860809756,0.499587139125857,-0.00720597294732374
0.062,2.29921079867695,-0.0204027596281523,139.955193580538,-0.418767909518068,4887.78950918953,-0.881035397714812,-12828.1120646943,9.09380923985719,-6999995.20641517,86950.29312027,14220481.4804338,33066844.536427,-28427305663.4017,-7157078773.30931,0.0204027596281523,0.05,0.408055192563045,0.501204217161497,-0.00641861196954816
0.063,2.44160745740595,-0.0208219626511888,144.835402723453,-0.419628588152777,4871.4625851308,-0.823253512774303,-19825.7349146465,111.384678166122,-6999988.37776643,116438.598270042,-14206824.1829678,25909765.7631177,28400187109.0629,-14272996509.002,0.0208219626511888,0.05,0.416439253023776,0.501586606249585,-0.00502521548989596
0.064,2.58887499538769,-0.0212419792542855,149.695785421114,-0.420375782261488,4848.13567156437,-0.649925949367182,-26828.0933399863,238.399326566223,-6999995.10839487,135211.865778659,14193362.9260951,11636769.2541157,-28371894773.1728,-20457965692.8452,0.0212419792542855,0.05,0.424839585085711,0.500553637190377,-0.0031683065206088
0.065,2.74099008570811,-0.0216626345639136,154.529340735115,-0.42088365885427,4817.8087640684,-0.342833643606479,-33825.7204160469,376.019916023132,-6999987.69285536,136619.652186352,-14178531.8470778,-8821196.43872951,28342509778.8658,-24641032311.8435,0.0216626345639136,0.05,0.433252691278273,0.497996483106813,-0.00103260073219328
0.066,2.89792240146024,-0.0220836213848518,159.329069619775,-0.421016285489622,4780.48186765519,0.0989991894237146,-40828.073623196,504.122131271479,-6999994.969813,115477.939591701,14163977.931788,-33462228.750573,-28311377619.2584,-25882291285.7021,0.0220836213848518,0.05,0.441672427697037,0.493887848399156,0.00117366025423077
0.067,3.05963461574716,-0.0225044996536103,164.087971139028,-0.420647588856589,4736.15497756934,0.654204823562378,-47825.7051669797,598.55524127361,-6999986.68069084,69074.5651982766,-14147399.6874704,-59344520.0362751,28278588242.584,-23409301336.4796,0.0225044996536103,0.05,0.450089993072205,0.488283605750469,0.00323926434314801
0.068,3.22608240167939,-0.0229247180297919,168.799046245747,-0.419685261750703,4684.82809943658,1.27643120654006,-54828.0524494738,634.055996231002,-6999994.78625702,-1974.60550623839,14131188.5551136,-82753821.3727547,-28243219581.1965,-16662265938.7465,0.0229247180297919,0.05,0.458494360595838,0.481316322577365,0.00497040132440482
0.069,3.39721443237819,-0.0233436601949724,173.4552940066,-0.418095718575072,4626.50122799125,1.89501333537503,-61825.6888447168,587.927435715262,-6999985.2074925,-93059.5598483663,-14112031.026083,-99416087.3115012,28205375009.1017,-5489871084.55077,0.0233436601949724,0.05,0.466873203899448,0.473181407842555,0.00620884772987624
0.07,3.57297238097284,-0.0237607151325477,178.049715373012,-0.415926439534377,4561.17436976158,2.41961289865234,-68828.0291718875,444.244853697053,-6999994.55101404,-195220.582702143,14093343.9830187,-104905958.396052,-28163633671.3664,9436239995.85403,0.0237607151325477,0.05,0.475214302650954,0.464117319017053,0.00684622968890179
0.071,3.75329092060442,-0.0241753667201252,182.575309414954,-0.413321533418927,4488.84751872011,2.74915631126547,-75825.6709898553,198.14399846286,-6999983.0238667,-295408.421100268,-14070289.6883476,-95469718.4001979,28118118433.7832,26273707639.1543,0.0241753667201252,0.05,0.483507334402504,0.454381828662128,0.00683307080336481
0.072,3.93809772442275,-0.0245872937191627,187.025077082398,-0.41052629880265,4409.52068275831,2.78477921726313,-82828.0028054938,-140.620330564315,-6999994.25433815,-377741.285680889,14047828.7454355,-69196010.7610436,-28066396263.6341,42357692859.54,0.0245872937191627,0.05,0.491745874383253,0.444226708547611,0.00618189680358329
0.073,4.12731346559105,-0.024996467322102,191.392017449484,-0.407877316817957,4323.19385469726,2.44552047926735,-89825.6508781699,-545.900006149135,-6999979.62372453,-425758.450012162,-14018567.5181986,-26838317.9015035,28008617993.7929,55214743990.8708,0.024996467322102,0.05,0.499929346442039,0.433873313615661,0.00496429412724681
0.074,4.32085181728233,-0.0254032307489156,195.66913146477,-0.405776364223812,4229.86704460506,1.6845688094615,-96827.9716826545,-975.875157780236,-6999993.88224584,-424989.39591823,13990050.4755944,28376426.0893672,-27939977231.3872,63173295020.5528,0.0254032307489156,0.05,0.508064614978311,0.423491429638928,0.00330243491129344
0.075,4.51861945268549,-0.0258083448582749,199.849418207972,-0.404648855764015,4129.54024349064,0.503560578696233,-103825.627202534,-1376.14745815036,-6999973.82038593,-365026.322318586,-13949926.7557928,91549721.10992,27860665227.2501,65043338929.615,0.0258083448582749,0.05,0.516166897165498,0.413183401390571,0.0013561178610497
0.076,4.72051604500088,-0.026212985647837,203.925878626483,-0.404889850035243,4022.21346525117,-1.0371316146397,-110827.932542094,-1684.55836342571,-6999993.4145281,-240954.931743859,13910738.4714573,156593060.039535,-27758757061.4085,59313465937.3391,0.026212985647837,0.05,0.52425971295674,0.402975019297436,-0.000693221048229983
0.077,4.92643426744887,-0.0266186834758737,207.891511808185,-0.406802400997168,3907.88669784335,-2.81359720618336,-117825.597046896,-1837.33118749358,-6999962.05458735,-54705.1387356543,-13848018.5899512,215906525.976874,27634503592.9488,43352132252.3537,0.0266186834758737,0.05,0.532373669517473,0.392813966717186,-0.00265983599486181
0.078,5.13625979326437,-0.0270271993172869,211.739318700449,-0.410534423947203,3786.55996320371,-4.64049020320478,-124827.87736018,-1776.85770786541,-6999992.82138082,182877.453367397,13786485.0029976,259258658.229228,-27440580761.215,13751024985.0079,0.0270271993172869,0.05,0.540543986345739,0.382575884387153,-0.0043705891092698
0.079,5.3498712957106,-0.0274403403298057,215.462298405268,-0.416021946392811,3658.23324382281,-6.28212644864058,-131825.550369186,-1462.0590878859,-6999926.62675843,449011.624089128,-13654095.7582174,273009683.214235,27177329871.2178,-28041105879.8892,0.0274403403298057,0.05,0.548806806596114,0.372077367146899,-0.00567984031896445
0.08,5.56714044807307,-0.0278597260709851,219.053451877026,-0.422949125387129,3522.90658684636,-7.47534649002453,-138827.774488845,-881.216139836299,-6999992.05758104,708000.754363419,13523234.1130004,244968577.334346,-5935631446.78759,-69101535749.7541,0.0278597260709851,0.05,0.557194521419702,0.361094541919947,-0.00648099659558593
0.081,5.78793192371922,-0.028286528293512,222.505778425289,-0.43073744864342,3380.5808228831,-7.96461338711297,-145821.994201277,-62.2480194306668,-6989436.63919143,918418.563822888,7587602.66621286,175867041.584592,-36284034174.9598,-98728723087.0327,0.028286528293512,0.05,0.565730565870239,0.349385350744676,-0.00671386203030857
0.082,6.01210339767655,-0.0287212188276432,225.812283358748,-0.438573611225571,3231.26386312791,-7.54245464783005,-152813.684378165,927.649278003345,-6999991.0536127,1044921.24386396,-28696431.5087472,77138318.4975595,57400914352.2362,-116984348571.764,0.0287212188276432,0.05,0.574424376552865,0.336713339399873,-0.0063674619541501
0.083,6.23950555219376,-0.0291633650392535,228.965972997168,-0.445475848466722,3074.94779218912,-6.08436270933563,-159818.456828473,1991.64228968746,-6999987.02794533,1063567.38807564,28704482.843489,-39846030.0742044,199977996074.695,-126807737631.891,0.0291633650392535,0.05,0.58326730078507,0.322870642325821,-0.00547850698142867
0.084,6.46998207152838,-0.0296115073215576,231.959847758941,-0.450389845782268,2911.64245834365,-3.57286138635738,-166770.761948984,3014.15203978735,-6871293.54706449,960317.48918549,228682478.918185,-166653767.706096,199988659607.865,-129850347126.522,0.0296115073215576,0.05,0.592230146431151,0.307697794975785,-0.00412603590873687
0.085,6.70336966126905,-0.0300631427952601,234.786970815728,-0.452303604227082,2741.48249622844,-0.111736661058568,-173494.382813322,3869.50092059871,-6542616.73834237,728738.547916134,428671138.52605,-296504114.832617,199989724680.8,-125460393416.23,0.0300631427952601,0.05,0.601262855905202,0.291098830334793,-0.00242304135055807
0.086,6.93949818884342,-0.0305148296320096,237.440635212306,-0.450372533844585,2564.7965831409,4.06748866463376,-179789.332361621,4429.07734552916,-6013950.73747592,369504.236375402,628660863.206849,-421964508.248847,199987574136.224,-108130343914.181,0.0305148296320096,0.05,0.610296592640192,0.273051189914057,-0.000506070541958169
0.087,7.17819101239389,-0.0309624185125064,239.914562664908,-0.4440474054085,2382.11338503666,8.60648527931272,-185455.621405137,4569.57760379444,-5285296.08720096,-106525.443830536,828648437.343073,-530094852.163028,199977979108.047,-54517338003.7394,0.0309624185125064,0.05,0.619248370250127,0.253610202583509,0.00147609856386701
0.088,7.41926550944356,-0.0314014100107437,242.203103550063,-0.433196427164585,2194.16155607661,13.0321794634146,-190293.263610482,4188.91851088177,-4356658.66030386,-663878.964995434,1028626416.45112,-584612190.166767,137426225271.796,65884728654.1212,0.0314014100107437,0.05,0.628028200214874,0.232907874464824,0.00337360468669682
0.089,7.66253380546304,-0.0318274246369767,244.30143636921,-0.418204244741747,2001.86712696477,16.7944683237981,-194112.704691682,3243.71423891197,-3259319.13121684,-1215548.79083514,1166052641.72292,-518727461.512646,-199979042256.001,133206323055.848,0.0318274246369767,0.05,0.636548492739533,0.211146179711495,0.00504552123625355
0.09,7.90780369691267,-0.032236745814103,246.205750843008,-0.40001101435517,1806.31077235434,19.3495038538344,-196822.327342413,1791.00277116315,-2193256.01062193,-1667673.09081986,966073599.466914,-385521138.456799,-199988846877.305,158439286191.297,0.032236745814103,0.05,0.644734916282061,0.188585520417779,0.00636817145982296
0.091,8.15487971580782,-0.0326268560550698,247.913323495516,-0.380058697684275,1608.54449640457,20.2490181934361,-198565.878027781,-43.0243411865627,-1327176.83459367,-1973974.58618101,766084752.589609,-227081852.265502,-199991496899.559,170053403037.179,0.0326268560550698,0.05,0.652537121101396,0.165529022039818,0.00724172890898068
0.092,8.40356416804577,-0.0329968813194855,249.42239411037,-0.360168232057948,1409.43437777256,19.1882451422413,-199543.34440223,-2102.1976196608,-661087.830453835,-2116029.73692793,566093255.69005,-57028449.2283231,-199991885055.597,176024721314.897,0.0329968813194855,0.05,0.659937626389709,0.142302611821727,0.00759530916753671
0.093,8.65365799901531,-0.0333478941939062,250.731968555256,-0.342384666661065,1209.64650533584,16.0258622759666,-199954.717585681,-4217.4041276504,-194990.517291584,-2085045.8254988,366101370.634453,118996272.086574,-199989811451.017,178995731968.222,0.0333478941939062,0.05,0.666957883878125,0.119231447761205,0.00739055617113115
0.094,8.90496145968545,-0.0336830544667859,251.841618791021,-0.328808564277404,1009.64697647781,10.7932261030799,-199999.989052898,-6213.11919511121,71115.9476173609,-1876551.68742811,166111559.183436,297992004.054796,-199978634156.565,179841959811.923,0.0336830544667859,0.05,0.673661089335718,0.0966147759327754,0.00662360139589344
0.095,9.15727457270288,-0.034007577394484,252.751282880457,-0.32142074136995,809.70189821549,3.69898981325596,-199879.147098048,-7910.70122054327,137238.189722515,-1488638.70346736,-33867074.9731287,477833963.866718,-199917927198.219,178388326705.619,0.034007577394484,0.05,0.680151547889681,0.0747016769504834,0.00532531999935794
0.096,9.41039739849963,-0.0343285248880522,253.461065001044,-0.32190381229966,609.877395786175,-4.86895891809714,-199792.162100345,-9130.691554293,3412.15115027641,-921610.576247829,-233785002.171348,656222290.572337,199291544655.728,172516470433.208,0.0343285248880522,0.05,0.686570497761043,0.0536700497315189,0.00355992663988171
0.097,9.66413010197564,-0.034654417654052,253.971038804193,-0.331462938524917,410.056279408737,-14.3438971924839,-199872.427192838,-9695.43824018246,-130727.078693207,-179130.050458887,-34493457.51562,828738761.005546,199612742183.062,147974412925.199,0.034654417654052,0.05,0.693088353081039,0.033610842031548,0.001422087407635
0.098,9.91827285139118,-0.0349946687996222,254.281137308371,-0.350648645944086,210.121056964557,-23.984611730523,-199987.132209925,-9435.53650798437,-65414.165117296,723595.917009257,165119284.667442,976713173.930744,-179624537215.599,-115899605229.595,0.0349946687996222,0.05,0.699893375992444,0.014519305453658,-0.000967157664393814
0.099,10.1726257164403,-0.0353588442127149,254.391259279969,-0.379190696056896,10.1212531971343,-32.9003939012322,-199999.924155578,-8242.90060488134,9892.85094234706,1642359.2883252,-14505252.5481562,860813568.701149,-15885307267.8673,-177138744076.554,0.0353588442127149,0.05,0.707176884254298,-0.00370433723886948,-0.00346530181853168
0.1,10.4269887032954,-0.0357557835634325,254.301381483134,-0.415904422636686,-189.876803962867,-40.1860267148373,-199999.931482121,-6199.65765621832,-12555.0552397427,2414603.48498807,-30390559.8160234,683674824.624595,197790881413.182,-187814275666.606,0.0357557835634325,0.05,0.71511567126865,-0.0212436582377139,-0.00591395107788101
0.101,10.681161812553,-0.0361927082307871,254.011503002905,-0.458760922933406,-389.879836779185,-45.0722624192769,-199994.716670367,-3474.51913819572,55949.8256508248,3004371.17177937,167400321.597159,495860548.957989,-199392942375.58,-191954075525.374,0.0361927082307871,0.05,0.723854164615742,-0.0383465587495568,-0.00814575410483466
0.102,10.934945046634,-0.0366744553237526,253.521640446167,-0.50505065515424,-589.826986522392,-46.9699506332369,-199888.29884098,-254.210037858256,123653.676060194,3404254.68297467,-31992620.7784209,303906473.432615,-191135456071.579,-194022543793.812,0.0366744553237526,0.05,0.733489106475053,-0.0553002786123093,-0.00999334390132315
0.103,11.1881384634906,-0.0372028892155398,252.831886993349,-0.551569289110716,-789.666754606141,-45.4794665233604,-199812.497384654,3269.66079120042,-3906.67275401666,3611149.88451038,-223128076.849999,109883929.638803,199926825121.855,-195172766334.313,0.0372028892155398,0.05,0.744057784310796,-0.0724024411783857,-0.0112998962126939
0.104,11.4405422132793,-0.0377765021852424,251.942305707992,-0.594809114867042,-989.5100630556,-40.394049000229,-199894.646958313,6903.22384614114,-127071.337043089,3623447.43098202,-23201251.728145,-85288836.69551,199979293817.048,-195820591170.318,0.0377765021852424,0.05,0.755530043704847,-0.0899316175776518,-0.0119303701075337
0.105,11.691956442971,-0.0383902077930389,250.852827842676,-0.631152829578825,-1189.46378008715,-31.7014754360115,-199999.989038917,10451.3900935804,-50282.9418627096,3440248.29870135,176778042.088903,-281109427.865828,199989949762.921,-196132846347.937,0.0383902077930389,0.05,0.767804155860778,-0.108121395026149,-0.0117823640498959
0.106,11.9421812052479,-0.039035328733293,249.563364719914,-0.657068582584811,-1389.45111467541,-19.5849849663226,-199928.551301441,13718.3948706241,226490.075107654,3061072.44766155,376767991.851825,-477242274.213765,199991958790.438,-196153515822.091,0.039035328733293,0.05,0.780706574665859,-0.127139100764161,-0.0107955532067535
0.107,12.1910165358399,-0.0396997801139849,248.0740044432,-0.669305711081935,-1589.1952932757,-4.42376731406257,-199480.345237276,16508.1539285418,703254.046354698,2485753.41553674,576759950.642262,-673395790.035856,199991558876.273,-195808806449.129,0.0396997801139849,0.05,0.793995602279698,-0.147069598474233,-0.00895881691982641
0.108,12.4382627302986,-0.0403684486602651,246.385211884574,-0.665090799093776,-1788.21955184974,13.2068719903062,-198455.379289121,18624.5746479858,1380009.7764351,1714453.22227632,776751509.518535,-869204596.484985,199988917410.239,-194746434137.163,0.0403684486602651,0.05,0.807368973205301,-0.167905368639325,-0.00631439670411536
0.109,12.6837208207618,-0.0410237680058909,244.49802867593,-0.642323737320902,-1985.84713479417,32.5356913819269,-196653.662271692,19871.9678329967,2256755.74465875,747875.408722757,976740426.928773,-1063951030.62215,199979160902.858,-191099902970.808,0.0410237680058909,0.05,0.820475360117818,-0.189543753911547,-0.0029587189775895
0.11,12.9271932527087,-0.0416464898730818,242.414273199968,-0.599773339913157,-2181.20129665734,52.5963092515576,-193875.206453418,20056.0177425799,3333485.75203895,-411625.573384795,1176719587.83163,-1255050933.59296,-162547531638.284,-16149367298.0113,0.0416464898730818,0.05,0.832929797461635,-0.211791547958722,0.000960157804350968
0.111,13.1684847612014,-0.0422166500209984,240.136737556463,-0.537270054419501,-2373.22041311725,72.2366661615422,-189980.452162736,19014.1751411823,4428931.57405144,-1674751.19062676,1014172056.19335,-1271200300.89097,-199978100847.959,192899979098.79,0.0422166500209984,0.05,0.844333000419968,-0.234376394677667,0.00524819206015148
0.112,13.4074034178551,-0.0427147128198657,237.669305663211,-0.455856785065183,-2560.82570323779,90.2096364897251,-185077.764244063,16735.9737966266,5343114.57982081,-2849501.50196833,814193955.345388,-1078300321.79218,-199987639536.929,196740571520.251,0.0427147128198657,0.05,0.854294256397314,-0.256964085004136,0.00967367361349515
0.113,13.6437616935096,-0.0431228028995344,235.016863855132,-0.357797368269451,-2743.1045440177,105.349340338882,-179360.883959825,13380.1122290155,6057314.71539773,-3829431.53800038,614206315.808459,-881559750.271926,-199989777354.889,197974802523.39,0.0431228028995344,0.05,0.862456057990688,-0.27918150396643,0.013978253428708
0.114,13.8773773688408,-0.0434258622099432,232.185112346936,-0.246431292271969,-2919.34273580792,116.676059123957,-173029.797716083,9142.89661629974,6571526.14252874,-4612003.88701061,414216538.45357,-683584947.748536,-199988716871.059,198557472206.728,0.0434258622099432,0.05,0.868517244198865,-0.300644555222035,0.0178911537306738
0.115,14.1080742485078,-0.0436126292441461,229.180365559077,-0.125979280214918,-3089.0260672262,123.407296200136,-166284.494757139,4222.19316744932,6885748.32254678,-5196310.09865578,214227821.582511,-485027475.541807,-199978107000.837,198881517453.828,0.0436126292441461,0.05,0.872252584882922,-0.320988716185686,0.0211461396643672
0.116,14.3356826753645,-0.0436764214559918,226.009352128867,-0.0013454912463355,-3251.84031560626,124.958783135561,-159324.962208301,-1183.48374940173,6999987.09062888,-5581896.81547067,14249714.5816739,-286145958.087979,-28491409360.8721,199076640123.101,0.0436764214559918,0.05,0.873528429119836,-0.339899252430384,0.0234997515256565
0.117,14.5600398449205,-0.0436157194900502,222.679016352982,0.12208097010236,-3407.66409645887,120.944954845414,-152322.598828608,-6875.27410389588,6999991.10053011,-5768504.4534971,-14241694.7791982,-87069317.9648785,-8687581690.76854,199196796617.908,0.0436157194900502,0.05,0.872314389801004,-0.357138154693534,0.0247490217377397
0.118,14.780989933661,-0.0434345527248101,219.196356956492,0.238624902571966,-3556.48943533558,111.179216828301,-145331.176505749,-12654.1137502724,6981405.61490553,-5755975.37315303,-22929276.4699667,112127478.653029,83031531361.9844,199266916396.595,0.0434345527248101,0.05,0.868691054496202,-0.372565086098424,0.0247469644492193
0.119,14.9983841148532,-0.0431426858539343,215.568365237049,0.342524065832186,-3698.33027093282,95.6741060927442,-138347.396940519,-18320.8142313662,6999992.10411655,-5544214.4363017,60102254.8920176,311394395.049624,-120335964752.677,199297867501.084,0.0431426858539343,0.05,0.862853717078686,-0.386149660132642,0.0234143615019114
0.12,15.2120805490554,-0.0427556063412733,211.802029434457,0.428128364651887,-3833.17266877733,74.6413877868814,-131337.409703081,-23676.1151588929,6999926.37663223,-5133171.10750153,-60233709.8606595,510692262.550707,120600408185.961,199291095487.891,0.0427556063412733,0.05,0.855112126825466,-0.397973115514467,0.0207467461418361
0.121,15.4219443939163,-0.0422943126514885,207.90435321049,0.490099105944807,-3961.01512922673,48.4921062469748,-124347.500113349,-28520.7249525377,6999992.87086455,-4522833.29720688,60366698.3253013,709983358.038598,-120795244025.33,199237355663.474,0.0422943126514885,0.05,0.845886253029771,-0.408218924443783,0.0168159660600365
0.122,15.6278478069805,-0.0417849032047199,203.882332505337,0.523608287117194,-4081.85760492342,17.8365967619927,-117337.456433992,-32655.3603447814,6999961.94717719,-3713231.26133654,-60428545.7000284,909220713.702072,120920130187.838,199105791640.605,0.0417849032047199,0.05,0.835698064094397,-0.417153641698648,0.0117662419123657
0.123,15.8296699457701,-0.0412579660438733,199.742971322333,0.524537875241241,-4195.70011346935,-16.5155463531882,-110347.555404634,-35880.7969506601,6999993.46657108,-2704457.65181417,60491584.4878096,1108326505.34268,-121022589965.189,198795424846.844,0.0412579660438733,0.05,0.825159320877465,-0.425099937140965,0.00580517357347468
0.124,16.0272969677788,-0.0407477692482102,195.4932656087,0.48967902437035,-4302.54263281787,-53.5555679028297,-103337.48657748,-37997.9587789952,6999973.75607629,-1496733.43404807,-60531005.4773792,1307121930.18952,121102371831.753,197791897718.098,0.0407477692482102,0.05,0.814955384964205,-0.432404507676675,-0.000809368249735201
0.125,16.220622030486,-0.0402912521974205,191.140219381947,0.416931133185254,-4402.38517508606,-92.0757984147457,-96347.5945955034,-38808.1659316621,6999993.93651479,-90715.5549994986,60571366.3543742,1504913827.90762,-121171444563.276,-10319931234.9603,0.0402912521974205,0.05,0.80582504394841,-0.439404052110448,-0.00778513956563721
0.126,16.4095452913509,-0.0399268182442974,186.690828589264,0.305498751288913,-4495.22772629577,-130.678933149724,-89337.5102165719,-38148.144561247,6999979.58058753,1409038.30729064,-60600078.2089022,1494593896.67266,121229616817.478,-198002973208.367,0.0399268182442974,0.05,0.798536364885947,-0.446392644047008,-0.0148126340138533
0.127,16.5939739078212,-0.0396929460938024,182.152097256367,0.156041210297365,-4581.07029550105,-167.881709698431,-82347.6257389526,-36024.8098011547,6999994.31078736,2804630.71735911,60629538.6085759,1296590923.46429,-121281711382.557,-199005787793.664,0.0396929460938024,0.05,0.793858921876047,-0.453593658038026,-0.0215818966302041
0.128,16.7738220373287,-0.0396267224851804,177.531021329265,-0.0293330996085045,-4659.91287256615,-202.296397561487,-75337.5302774247,-32605.0512533624,6999982.99370466,4001718.74692657,-60652172.7739807,1097585135.67063,121327577720.489,-199317293620.418,0.0396267224851804,0.05,0.792534449703609,-0.461138924050672,-0.0277984077220592
0.129,16.9490108372957,-0.0397624623507842,172.834604839282,-0.247220997935645,-4731.75546472645,-232.725963472675,-68347.6521071537,-28087.7594875372,6999994.60979092,4999645.23578699,60675404.9465086,898267842.050209,-121369656521.782,-199447197624.063,0.0397624623507842,0.05,0.795249247015685,-0.469057046698918,-0.0331981190189305
0.13,17.1194684651308,-0.0401305120965973,168.069843730998,-0.493121801179352,-4796.59806403024,-258.172499335211,-61337.5480709764,-22672.2215303292,6999985.18647654,5798189.47902516,-60694251.5752736,698820644.426146,121407825511.437,-199488262991.126,0.0401305120965973,0.05,0.802610241931946,-0.477271912032454,-0.037561119330423
0.131,17.285130078234,-0.040756251713366,163.243742039935,-0.761636591241898,-4854.44067655717,-277.837468029582,-54347.6753727023,-16557.8697729228,6999994.84765698,6397265.99195575,60713573.9361637,499332381.43502,-121443509476.75,-199444482434.861,0.040756251713366,0.05,0.81512503426732,-0.485611398934236,-0.040722770251106
0.132,17.4459378339934,-0.0416592962467382,158.363295709202,-1.04666763968074,-4905.28329572328,-291.121792929722,-47337.56432299,-9944.17833732201,6999986.66685477,6796876.13217333,-60729935.5405867,299887899.000159,121476605898.058,-199188513443.986,0.0416592962467382,0.05,0.833185924934765,-0.493825321259947,-0.0425812654289398
0.133,17.6018408897895,-0.0428528967203528,153.435508777653,-1.34161787366558,-4949.12592684353,-297.625851405851,-40347.6965229227,-3030.5563412226,6999995.03426321,6997169.7744515,60746670.3574715,100699385.556173,-121508038822.088,-196605285017.818,0.0428528967203528,0.05,0.857057934407056,-0.501610739186128,-0.0431009236477661
0.134,17.7527954029915,-0.0443435404976056,148.467377186931,-1.63959025084928,-4985.96856423921,-297.149231515798,-33337.5794932842,3984.19557850402,6999987.68520964,6999566.51749876,-60761368.4646165,-95905899.4616455,121537719425.202,131354807990.072,0.0443435404976056,0.05,0.886870809952112,-0.508642086531613,-0.0423109485254014
0.135,17.8987645309617,-0.0461307502997901,143.46590497865,-1.93358369161199,-5015.81121271299,-289.675763878122,-26347.716205736,10957.7016142703,6999995.17645762,6969338.02203215,60776350.9605852,35448908.5284264,-121566302948.889,-10576825005.605,0.0461307502997901,0.05,0.922615005995801,-0.514603122362254,-0.0402998244200716
0.136,18.0397184310521,-0.0482070549199369,138.438088092993,-2.21661765944832,-5038.65386720129,-275.227925802456,-19337.5939042897,17943.0012863991,6999988.37594376,6999498.51805777,-60789951.988304,24872083.5228214,121593709703.921,-53910704187.777,0.0482070549199369,0.0500583750416907,0.963016775510353,-0.519217576943316,-0.0372056846774918
0.137,18.1756342606076,-0.0505580042639091,133.390930573935,-2.48170691444029,-5054.4965321717,-253.783276189115,-12347.7348860559,24945.9507288536,6999995.27880742,6997415.24948671,60803757.7156166,-29038620.6649556,-121620445954.636,62413205014.2034,0.0505580042639091,0.0510890540168582,0.989605410333614,-0.522275526358672,-0.0332024004280927
0.138,18.3064961769639,-0.0531621537543239,128.331428360186,-2.72185166922255,-5063.33920297732,-225.34085705542,-5337.60780271649,31939.2488688435,6999988.81354572,6999583.23132885,-60816688.2390196,33374584.3492478,121646437471.061,-68817555530.9611,0.0531621537543239,0.0531628437159483,0.999987021732169,-0.523652984469243,-0.0284820695867338
0.139,18.4322953374496,-0.0559910608120864,123.266585497801,-2.93005548751027,-5065.1818838864,-189.899121538334,1652.24707295489,38944.0497997585,6999995.34404223,6998549.03791262,60829749.2320421,-35442971.1817133,-121672112349.094,73078161077.4834,0.0559910608120864,0.0559981343013146,0.999873683483988,-0.523322890205898,-0.0232360688704562
0.14,18.5530298993844,-0.05900928377305,118.203397923981,-3.09931702711487,-5060.02457052124,-147.458659458105,8662.37860622165,45937.0570455932,6999989.03709972,6999645.14726965,-60842363.1170517,37635189.8957701,121697398600.177,-76644173673.2615,0.05900928377305,0.0593548299981716,0.994178296439695,-0.521356529770105,-0.0176364361088256
0.141,18.6687050200811,-0.0621743820946622,113.148869686649,-3.22263962109417,-5047.86726706538,-98.0187008144639,15652.2293615293,52942.7457588652,6999995.37328276,6998958.25032878,60855035.483125,-39008983.7774914,-121722695593.129,79478623008.3728,0.0621743820946622,0.0630309599069722,0.986410205182116,-0.517915373943451,-0.0118193789605212
0.142,18.7793328568437,-0.0654369158666312,108.10999672143,-3.29302141903994,-5028.70996929028,-41.5796658184386,22662.3651366215,59935.4459544733,6999989.06096932,6999688.57805548,-60867660.1100037,40469639.2308813,121747930463.2,-82020541821.3328,0.0654369158666312,0.0668592966720879,0.978725758776183,-0.513234245120972,-0.00587246795070097
0.143,18.8849325669694,-0.0687404460005677,103.093783077965,-3.30346574438768,-5002.55268140275,21.8589518423584,29652.2116892797,66941.6992618407,6999995.36609091,6999147.94637569,60880270.353196,-41550902.5904514,-121773517201.94,84241902068.8044,0.0687404460005677,0.0707040156610344,0.972228314868558,-0.507597558860242,0.0001732725772038
0.144,18.9855303077466,-0.0720215339172476,98.1072246902002,-3.24697044752843,-4969.39539921525,92.296810006208,36662.3516043468,73934.1120739326,6999988.87784314,6999717.99481964,-60893246.8487441,42690999.478353,121799378698.351,-86355724002.6059,0.0720215339172476,0.0744574244098519,0.967284787085894,-0.501311038419281,0.00634567936996573
0.145,19.0811592364571,-0.0752097417170244,93.1573256093764,-3.11653890265884,-4929.23812707235,169.734298088963,43652.1937552153,80940.7829478243,6999995.32034357,6999231.13229669,60906131.8496072,-43664724.5242529,-121825993165.091,88339704276.0906,0.0752097417170244,0.0780367890994301,0.963772889491857,-0.494671709371379,0.0127280056306957
0.146,19.1718595103734,-0.0782276319466955,88.2510817676072,-2.90516875777324,-4882.08086071803,254.17109996986,50662.3378092895,87932.9050019049,6999988.45561063,6999736.25991048,-60919861.3154837,44674979.7518377,121853275208.501,-90345870607.9096,0.0782276319466955,0.0813812817709214,0.961248462108241,-0.487939115432339,0.0194501329792313
0.147,19.2576782867613,-0.0809907677678283,83.3954972176529,-2.6058634740172,-4827.92360477136,345.607554520404,57652.1752134438,94939.92110659,6999995.23189939,6999238.30435837,60933413.8930175,-45670890.8560719,-121881839668.683,92355419465.6386,0.0809907677678283,0.08444906889711,0.959048676623123,-0.481310539315731,0.0266753532255756
0.148,19.3386697228774,-0.0834077127617908,78.5975678895704,-2.2116205525514,-4766.76635478297,444.043331106508,64662.3235123449,101931.716535431,6999987.72595807,6999745.12323511,-60948425.7756651,46684528.6095666,121911587573.135,-94538731106.829,0.0834077127617908,0.0872145588257816,0.956350796068403,-0.474902589883386,0.034584069059627
0.149,19.4148949759711,-0.0853800311155857,73.8642978375768,-1.71544358162404,-4698.60911582912,549.478761844529,71652.155623344,108939.047467787,6999995.09396897,6999160.28629126,60963161.7974704,-47854202.4972624,-121943398186.57,96878949322.0229,0.0853800311155857,0.0896658225309023,0.952202619745783,-0.468740866286261,0.0433560298436328
0.15,19.4864222032818,-0.0868022874409285,69.2026829893451,-1.11032995593176,-4623.45188310675,661.913450377933,78662.308398514,115930.427144383,6999986.55667316,6999745.55845501,-60980236.3890995,49024746.8247605,121977151452.405,-99696781213.8985,0.0868022874409285,0.0918021990711809,0.945536036382139,-0.462758604556403,0.0531528566476749
0.151,19.5533265620417,-0.0875620470076771,64.6197274004968,-0.389283455830622,-4541.29466242132,781.347767060131,85652.1343622346,122938.068946048,6999994.89601026,6998921.91467282,60996915.0633052,-50672034.3891379,-122014255301.014,102976121508.853,0.0875620470076771,0.0936320941916962,0.935171297444318,-0.456804325218419,0.0641025446036441
0.152,19.615690209472,-0.0875398755593181,60.1224269958252,0.454698579487891,-4452.13744838588,907.78114229618,92662.2920065597,129928.817530444,6999984.68342306,6999737.94103811,-61017340.2377086,52304087.1197154,122054557221.314,-104382905679.113,0.0875398755593181,0.0951709776339582,0.919816920406236,-0.450657626519771,0.0762874341011518
0.153,19.6736023027861,-0.0866093396591217,55.7177858322887,1.42861206301888,-4355.98024798776,1041.21419685726,99652.1104460675,136937.310364096,6999994.621796,6999850.57531827,61037216.983605,-52078818.5593977,-122100640844.356,-199674679632.494,0.0866093396591217,0.0964395819689251,0.898068385313295,-0.444051484354544,0.0897367677714769
0.154,19.7271589991849,-0.084637006663489,51.4127998310063,2.5394577229143,-4252.823054888,1181.6344329276,106662.273569548,143877.842416862,6999981.51835743,6847934.41694262,-61063423.8607512,-251753498.191892,122152302855.634,-199865832107.956,0.084637006663489,0.0974623031546604,0.868407619397017,-0.436698809349328,0.104424509376794
0.155,19.7764634558608,-0.0814824691286446,47.214473050116,3.79416024417547,-4142.6658781173,1328.88595589357,113652.082093118,150566.589112691,6999994.24592449,6496248.00269675,61088878.994883,-451619330.299848,-122215301414.255,-199899985855.025,0.0814824691286446,0.0982658005682412,0.829204755443464,-0.428320623673961,0.120272327968152
0.156,19.8216258299913,-0.0769985048391368,43.129801405662,5.19939171932052,-4025.50870972561,1482.61706995315,120662.251561637,156803.710785929,6999975.47421225,5944678.67946939,-61126422.419372,-651519316.154872,122289350758.774,-199908449919.971,0.0769985048391368,0.0988777919855356,0.778723950979817,-0.41867309742992,0.137156311839591
0.157,19.8627632787434,-0.0710314286450753,39.1657889564399,6.76137261190462,-3901.35156277432,1642.27620400737,127652.045383099,162389.311732334,6999993.72717226,5193205.13835453,61162928.3394021,-851427766.074843,-122392618052.626,-199904408730.116,0.0710314286450753,0.0993260369015561,0.715134025889666,-0.407570827923313,0.154916166650008
0.158,19.8999999592655,-0.0634216440352073,35.3294316104952,8.48567186394089,-3770.19442639867,1807.11188433084,134662.221804766,167123.485586196,6999960.34648535,4241825.16791463,-61229689.7132242,-1051332174.80496,122532073991.268,-199887195438.516,0.0634216440352073,0.0996374997097666,0.63652384112355,-0.394904145275681,0.173365894865691
0.159,19.9334670286914,-0.0540043946108438,31.6277334249202,10.3770069906922,-3632.03732386586,1976.17273183871,141651.989318727,170806.330134135,6999996.69376776,3090549.39539041,61302384.2780434,-1251219370.24347,-199987086701.453,-199843748924.602,0.0540043946108438,0.099837682605632,0.540921956533848,-0.380648834528366,0.192304897580328
0.16,19.9633026440189,-0.0426107154640406,28.0676896495363,12.4390441796589,-3486.88345193148,2148.30747328597,148649.306023517,173237.962552916,6961305.53469508,1739408.15068464,-138684702.423409,-1451063119.16808,-199995625488.344,-199700981644.289,0.0426107154640406,0.0999501166546518,0.426319817227121,-0.364867425400122,0.211528413481044
0.161,19.9896519554477,-0.0290685844481954,24.6562836230462,14.6741984104416,-3334.78494040875,2322.16497518679,155507.936602752,174218.555647076,6722623.0195275,188494.540694417,-338680327.911752,-1650764100.81237,-199996820075.266,149857113669.147,0.0290685844481954,0.0999959982751426,0.290697477395167,-0.347702091451954,0.230836287908189
0.162,20.0126670415992,-0.0132042728185126,21.4003573097883,17.0834365461805,-3175.98047221839,2496.20889480049,162027.886654978,173606.644322976,6283944.28157811,-1387341.00328337,-538677147.987018,-1500906987.14322,-199997097324.912,199704722377.831,0.0182977256384644,0.1,0.182977256384644,-0.329360457750063,0.250039244992009
0.163,20.0325066703849,0.00515613257972291,18.3064139934207,19.6661566660568,-3010.90872615968,2668.88003848739,168009.159513008,171502.133946517,5645268.58492863,-2788395.62923768,-738674245.31193,-1301202264.76539,-199996955239.598,199845240827.704,0.0325066703848798,0.0999990047496234,0.325069939108591,-0.310096915093821,0.268962355912172
0.164,20.0493358603279,0.0261851862050739,15.3804182803801,22.4202704875286,-2840.20837793489,2838.7794344602,173251.758149407,168096.444725035,4806595.86199691,-3989675.27358921,-938671200.551528,-1101357023.93768,-199996378314.672,199888159188.608,0.049335860327929,0.099974512028864,0.493484382436246,-0.290191559554512,0.287446867001955
0.165,20.0633252418872,0.0500526873471309,12.6275961028938,25.342388974331,-2664.71810023701,3004.70581071775,177555.685681409,163589.405632675,3767926.47228804,-4991088.21793259,-1138667578.8662,-901468864.749076,-199994935347.521,199904955476.113,0.0633252418871635,0.0999076197629954,0.633837959881198,-0.269928840003508,0.305351858361099
0.166,20.0746502187845,0.0769244789311557,10.0522347221359,28.4280217445007,-2485.47656237157,3165.65775680381,180720.94587504,158180.900474947,2529261.42574808,-5792604.60494361,-1338662514.21372,-701563909.272963,-199990217273.837,199908251055.423,0.0746502187844911,0.0997837883080915,0.748119710127679,-0.249577994328487,0.322556046544571
0.167,20.0834899293357,0.10696144611023,7.65748273208292,31.6717769515137,-2303.72242912841,3320.83375716854,182547.544340802,152070.83195721,1090603.80289744,-6394214.38868886,-1538652731.48756,-501655658.21754,-75593506752.1392,199897711899.246,0.0834899293356948,0.0995862683300582,0.838367886815325,-0.229377155054318,0.338959598035447
0.168,20.0900260079587,0.14031871475056,5.44515110194902,35.0675611857579,-2120.88917473753,3469.63220172636,182856.222860164,145459.106024729,-485845.681966187,-6795921.19095678,-1614246238.2397,-301757946.318294,199990000506.777,199854247107.997,0.0900260079586701,0.0992961844749397,0.906641160833232,-0.209522622952618,0.354485777991382
0.169,20.0944411570925,0.177145049821061,3.41554347068466,38.6087793791691,-1938.53658284137,3611.65138142485,181596.585725829,138545.614901797,-2000096.9199525,-6997752.01372107,-1414256237.73292,-101903699.210296,199994710009.595,199521331763.11,0.0944411570925361,0.0988927221368027,0.954985918598655,-0.190164187444731,0.36908227604882
0.17,20.0969176035243,0.217582453681675,1.5674145704989,42.2885346927328,-1758.16742183555,3746.68944975875,178922.693138678,131530.164593765,-3314355.80268062,-6999895.04704981,-1214261527.72332,97617632.5528137,199996136105.372,-183616305691.559,0.09691760352435,0.0983534305385584,0.98540135299454,-0.171406152409217,0.382722084196576
0.171,20.0976356068935,0.26176596368955,-0.101892824996949,46.0998251128794,-1581.09595034716,3874.72828575501,175034.539261487,124548.475645376,-4428619.26235126,-6994085.56734278,-1014265391.61795,-85998673.1387454,199996685058.155,160543808368.061,0.0976356068935473,0.097654653952929,0.999804954924209,-0.153312264562064,0.395403841209116
0.172,20.0967721458163,0.309823619110671,-1.5962502033427,50.0356597101163,-1408.43643175358,3995.77207482987,170132.120084169,117538.148042859,-5342886.31144013,-6999812.33629749,-814268706.559797,74545135.2293154,199996781501.068,-147488837482.649,0.0967721458163453,0.0967721019180015,1.00000045362602,-0.135912797598653,0.407151323435387
0.173,20.0944998036224,0.361876463307059,-2.92054331732903,54.0890361005518,-1241.10313307699,4109.81659552556,164415.432216366,110551.026801262,-6057156.62724939,-6999011.6198095,-614271925.058729,-72943702.2533338,199996426755.98,144274543041.683,0.0944998036224085,0.0956815706782232,0.987648958441652,-0.11921286223042,0.41801083893517
0.174,20.0909858540879,0.41803854084354,-4.08047218842903,58.2529598705083,-1079.81032464398,4216.8619706725,158084.47236438,103539.5890875,-6571430.33893013,-6999818.05054199,-414275498.302749,71330840.7883491,199995096587.979,-141806573065.942,0.0909858540878901,0.094359827137525,0.964243543550398,-0.103201114710586,0.428046413678926
0.175,20.0863915471651,0.478416897035951,-5.08235111013393,62.5204267897797,-925.072280236423,4316.90763060098,151339.236792397,96551.8020285076,-6885708.28893889,-6999390.49628661,-214280401.71477,-70475732.2775926,199987281921.668,140087685797.65,0.0863915471650714,0.092785664776309,0.931087225309504,-0.0878580117517985,0.437333337551253
0.176,20.0808715947085,0.543111577574033,-5.9329086518117,66.8844419872208,-777.203278185368,4409.95382841288,144379.719516254,89540.5216137151,-6999995.04969282,-6999822.38566538,-14293119.793102,69611953.5200578,28604934964.3945,-138663070877.778,0.0808715947085368,0.0909411395725653,0.889274041304555,-0.0731628145089985,0.445950696482748
0.177,20.0745738559584,0.612215628623976,-6.63908909325276,71.3380011843487,-636.324746508302,4496.00026319806,137377.345395825,82552.3946929968,-6999985.70200373,-6999541.96758421,14311815.1712925,-69051117.3577203,-28609065316.8437,137536375229.183,0.0745738559583806,0.0888129921600476,0.839672824264191,-0.0590986782937617,0.453973632759206
0.178,20.0676392091296,0.685815096640387,-7.20789147343006,75.8741093235719,-502.446200705339,4575.04710907001,130379.747423855,75541.2498959386,-6999978.41949086,-6999824.89732734,-14297250.1455504,68485257.8714622,28578808602.1154,-136566032585.04,0.0676392091295597,0.0863942605208914,0.782913225042346,-0.0456554902809108,0.461466083248421
0.179,20.0602015327685,0.763989028448474,-7.6463148210554,80.4857621356092,-375.567634582562,4647.09417047557,123377.383514058,68552.9066221161,-6999986.26533535,-6999622.65574839,14281558.4565641,-68080774.7135778,-28548905634.4877,135755550908.723,0.0602015327684633,0.0836860853169344,0.719373269050275,-0.03283095040174,0.468474700470192
0.18,20.0523877054406,0.846809471124024,-7.9613600711011,85.1659644502171,-255.689053479164,4712.14157545531,116379.779877012,61541.8695041624,-6999979.15969603,-6999825.65500761,-14267347.1779236,67674776.1951454,28520321477.1528,-135041907718.35,0.052387705440637,0.080699707658592,0.649168466164317,-0.0206307006091435,0.475024529401831
0.181,20.0443176057277,0.934341472057216,-8.1600262546385,89.9077120172485,-142.810452726468,4770.18918451518,109377.42043064,54553.3742526327,-6999986.34613537,-6999671.83267164,14252974.2992292,-67367131.5232042,-28491046408.0414,134428520382.224,0.0443176057276915,0.0774586565892198,0.572145292458627,-0.00906767686448366,0.481116841462161
0.182,20.0361041122299,1.02664307886808,-8.24931430509212,94.7040095901917,-36.9318371001133,4821.23709618457,102379.812063919,47542.4236075965,-6999978.89504016,-6999824.70400373,-14238072.1088122,67061388.8590199,28461867399.1672,-133881493404.145,0.0361041122298644,0.0740011209510322,0.487886018020661,0.00183924026477128,0.486729307117676
0.183,20.0278531035633,1.12376533945717,-8.23622325538022,99.5478529392748,61.9467984154094,4865.28520594275,95377.4577773912,40553.8160157882,-6999986.03344939,-6999704.06184678,14223795.290355,-66820104.545125,-28430983053.8663,133404292941.948,0.0278531035633307,0.0703824975209804,0.395739062186987,0.012067136458599,0.491818462966482
0.184,20.0196634583631,1.22575230194287,-8.12775403668175,104.432246763413,153.82544918433,4902.33359175573,88379.8451444113,33542.9359504925,-6999977.72968597,-6999822.01992093,-14207187.7635113,66584188.3968232,28399133469.0159,-132976306781.993,0.0196634583630804,0.0666781044684567,0.294901280110363,0.0215913429768324,0.496324203147911
0.185,20.0116270552805,1.33264101470241,-7.93090568318687,109.350186852346,238.704120896499,4932.38217338155,81377.4970097551,26554.243306973,-6999985.35071497,-6999725.9849151,14191945.7055046,-66392118.3851701,-28364311775.6303,132601224393.947,0.0116270552804885,0.0629860462378261,0.184597319167906,0.03038785823037,0.500175834112273
0.186,20.0038287729867,1.44446152632432,-7.65267912304881,114.294677865056,316.582808708857,4955.43101339402,74379.880246597,19543.421466931,-6999975.56089728,-6999817.4911033,-14172366.0701257,66209106.0087765,28327300040.2749,-132265319489.003,0.00382877298673279,0.0594302129901311,0.0644246889602867,0.0384356741786085,0.503299083275996
0.187,19.9963464901703,1.56123688564196,-7.30007339126456,119.258715609436,387.461519418162,4971.48004991142,67377.539719338,12554.6643089173,-6999984.27694727,-6999741.04483902,14154933.9701491,-66056213.4802265,-28285441804.054,131972719557.06,0.00365350982966106,0.0561633947148375,0.0650514422821357,0.0457187825167464,0.505623368649206
0.188,19.9892510855414,1.68298314169735,-6.88008941195598,124.235304715425,451.340247594613,4980.52933319232,60379.9186690751,5543.89061059763,-6999972.06387915,-6999810.89854072,-14130507.8339048,65916506.0768333,28239638491.614,-131713578364.015,0.0107489144586026,0.0533704871231505,0.201401842816234,0.0522276694339821,0.507088618444258
0.189,19.982606437829,1.80970934376872,-6.39972622047832,129.217441007681,508.219001798713,4982.57881637222,53377.5879576943,-1444.91429796534,-6999982.75246724,-6999751.18164589,14109130.6577091,-65797072.287182,-28185855373.2222,131492743841.136,0.0173935621710157,0.0512717634412274,0.339242518758964,0.0579601599849754,0.507650983328194
0.19,19.9764694257865,1.94141754134356,-5.86598473549452,134.198129095936,558.09777549131,4977.62853916905,46379.9621279937,-8455.64855844797,-6999966.54949614,-6999801.88201251,-14076724.715513,65695671.5539545,28125195025.381,-131302670875.255,0.0235305742134564,0.0501261832998179,0.469426807796513,0.0629215380162427,0.507286899219801
0.191,19.970889928189,2.07810278414101,-5.28586399218436,139.170364820309,600.976580106896,4965.67846800357,39377.6447486441,-15444.4863831627,-6999980.67669896,-6999757.54589618,14048470.309868,-65606999.3213004,-28050693984.6225,131149328784.226,0.0291100718110329,0.05,0.582201436220657,0.0671239390574251,0.505995126155772
0.192,19.9659108238399,2.21975312209312,-4.66636490155212,144.12715277815,636.855407149993,4946.72863290293,32380.0131914359,-22455.1892072555,-6999957.55338141,-6999789.88082536,-14002223.6747545,65542329.4629252,27963750297.6963,-131026565235.558,0.0340891761601227,0.05,0.681783523202455,0.0705850843059551,0.503796590165594
0.193,19.961567991568,2.36634960536248,-4.01448649779337,149.061488823844,665.734273017054,4920.77901303663,25377.7151512668,-29444.045684222,-6999977.90190731,-6999760.83398022,13961526.6229418,-65484235.7726331,-27850389909.0719,130942082069.119,0.0384320084319789,0.05,0.768640168639578,0.073326487065689,0.500732070852983
0.194,19.9578903102378,2.51786628433136,-3.33722968054064,153.966377549907,687.613165705559,4887.8296288162,18380.0762810194,-36454.7249557437,-6999941.57023891,-6999774.02871829,-13888863.2861301,65457846.2964862,27712410231.9748,-130890552038.254,0.0421096897621531,0.05,0.842193795243062,0.075371312752509,0.496857986766008
0.195,19.9548996587447,2.67427020961462,-2.64159348138883,158.834814823897,702.49211107467,4847.88047271415,11377.8090141761,-43443.5851533201,-6999974.22840905,-6999761.45844093,13823546.9458447,-65432705.7417676,-27514607134.6396,130882406350.146,0.045100341255278,0.05,0.902006825105559,0.0767421048591298,0.492240711924729
0.196,19.9526109160318,2.83552143205713,-1.93457878148574,163.659805241448,710.371090457169,4800.93155481425,4380.1607913842,-50454.2492302402,-6999907.98503052,-6999752.96100762,-13691060.1887949,65449700.6083781,27259258617.5897,-130912757231.963,0.0473890839682376,0.05,0.947781679364752,0.0774585999317817,0.486949995192001
0.197,19.9510319610832,3.00157300274166,-1.22318460526407,168.434344682285,711.250151215116,4746.98288268872,-2622.04951397112,-57443.0961338156,-6999969.41591052,-6999759.63901523,13568198.4287948,-65463056.6235848,-26805653063.8451,130996511366.866,0.0489680389167617,0.05,0.979360778335234,0.0775358427425138,0.481052133204229
0.198,19.9501636729558,3.1723709729957,-0.514411798414103,173.151437754311,705.129261457383,4686.03445441394,-9619.70243951122,-64453.7545492482,-6999804.04401365,-6999724.43995538,-13237454.6350503,65533454.7432812,26156484062.1337,-131128935075.127,0.0498363270442255,0.05,0.996726540884509,0.0769827816632752,0.474603564792523
0.199,19.9499999307719,3.34785439439359,0.18474064422628,177.804080348529,692.008540606929,4618.08629618154,-16621.765796832,-71442.5670843444,-6999963.25661763,-6999755.45274966,12919029.4270834,-65595480.3318457,23838345252.0959,131332734313.909,0.0500000692281368,0.05,1.00000138456274,0.0758014743314428,0.467645503830451
0.2,19.9505276138677,3.527955318775,0.867272378337792,182.385277096554,671.889939617744,4543.13839098803,-23611.2964811941,-78453.2314882077,-6975125.0545645,-6999684.56592455,36757374.6791793,65737253.9820638,-123207731656.046,-131603101871.572,0.0494723861322726,0.05,0.989447722645451,0.0739869749429632,0.460200120696082
0.201,19.9517266055048,3.71259879823997,1.52619465369869,186.888023900064,644.792073182895,4461.19078996328,-30588.5774703617,-85441.9812774531,-6999971.54571334,-6999748.86287827,-86450356.9768667,-65865847.889508,199839416935.108,131977577346.503,0.0482733944952294,0.05,0.965467889904588,0.071527939132943,0.452268623206047
0.202,19.9535698059905,3.90170288518302,2.15452383945239,191.305325429981,610.69742818922,4372.24345567879,-37598.4676250743,-92452.6668013851,-6986502.19422266,-6999625.92209452,113389059.958241,66111729.4569952,199951977859.269,-132451096247.935,0.0464301940095275,0.05,0.928603880190551,0.0684079347164035,0.443831401448587
0.203,19.9560231222511,4.09517863227893,2.74526400760735,195.630177598835,569.632938976105,4276.29647574226,-44494.9499596746,-99441.3120414591,-6773137.14533478,-6999739.7407615,313341037.81751,-66339366.7909395,199964470347.572,133093266375.31,0.0439768777488894,0.05,0.879537554977787,0.0646070023397874,0.434850194939717
0.204,19.9590455075781,4.29293009253983,3.29153533765989,199.855585140236,521.811975802997,4173.34978282205,-51078.089174376,-106452.039254554,-6359813.87234348,-6999532.47436478,513305508.165082,66753899.5843702,199966494513.786,-133898656780.446,0.0409544924219283,0.05,0.819089848438566,0.0601040296434907,0.425272048068134
0.205,19.9625891754518,4.49485431928806,3.78677135401393,203.974543980276,467.647862547748,4063.40352386955,-57147.9225435513,-113440.511221923,-5746525.11692151,-6999727.90317063,713272002.678868,-67144757.1960756,199963528474.306,135021723359.018,0.0374108245481999,0.05,0.748216490963998,0.0548809013719377,0.415034644353601
0.206,19.9666000128664,4.70084136625107,4.22491888713327,207.9800589547,407.753887926535,3946.45758380831,-62504.4844043877,-120451.307883132,-4933271.35000549,-6999361.7986872,913235531.153173,67876966.1629428,199954899764.006,-136456813007.622,0.0333999871335564,0.05,0.667999742671128,0.0489282467402594,0.404072486287863
0.207,19.9710181936185,4.91077428751573,4.60063803873724,211.865126015334,342.943305223161,3822.51222215299,-66947.8121721893,-127439.474000905,-3920058.36897031,-6999713.23902806,1113190430.91718,-68579846.8446788,199934384004.305,138684882993.698,0.0289818063814842,0.05,0.579636127629684,0.0422522095557496,0.392323305633779
0.208,19.9757789915597,5.12452913769621,4.9095021438673,215.622750179827,274.229326204306,3691.56724009489,-70277.9529283669,-134450.36301619,-2706900.74605098,-6998950.64437589,1313124814.92148,70105036.1490195,199868156100.848,-141701911763.624,0.0242210084403247,0.05,0.484420168806494,0.0348815697623691,0.379734082061326
0.209,19.9808137938073,5.34197497186671,5.148197722585,219.245927486834,202.825104878571,3553.62318168288,-72294.979907607,-141437.878127785,-1293841.85307907,-6999696.56410868,1512992971.02233,-71596875.6146043,126349787180.053,150426559360.281,0.0191862061927388,0.05,0.383724123854776,0.026874519212805,0.366266084316109
0.21,19.9860513137927,5.56297384592295,5.31472379148961,222.72766338371,130.140634114061,3408.67979023374,-72811.2669773116,-148448.302036475,282326.011533286,-6996080.16004315,1639342758.20238,78829683.7456772,-199853374200.921,-165087017296.832,0.0139486862073497,0.05,0.278973724146994,0.0183244356995793,0.351898463080528
0.211,19.9914189978372,5.7873808167424,5.40857248695374,226.060954918411,57.7354267116249,3256.73970777215,-71742.5784823773,-155432.481857528,1821742.08263521,-6999793.98494588,1439489384.00146,-86257333.5511546,-199919222158.439,198835059613.781,0.00858100216276725,0.05,0.171620043255345,0.0093640443751168,0.336630057129299
0.212,19.9968445685651,6.01504394400032,5.43079856083543,229.238809815826,-12.8646957996911,3097.80123749404,-69234.4115781011,-162442.265332647,3161271.85555745,-6986633.78869015,1239570161.84302,112577726.062627,-199938532459.934,199643088894.975,0.00315543143486963,0.05,0.0631086286973925,0.000167029057054455,0.320479278294553
0.213,20.0022575374812,6.24580429082969,5.38389352049159,232.25423183612,-80.3202071952254,2931.89273668343,-65486.6777303654,-169339.336410157,4300872.7511705,-6774234.51818003,1039631629.38309,312220814.957602,-199945045776.944,199723375296.885,0.00225753748118862,0.05,0.0451507496237724,-0.00905466268769215,0.303482082369502
0.214,20.0075905440407,6.47949596643088,5.27158843833222,235.100340539074,-143.491507655349,2759.22664162398,-60699.3133387995,-175924.173291642,5240531.85766512,-6362152.01557399,839686583.606145,511944190.254486,-199944362049.968,199714169831.146,0.00759054404071335,0.05,0.151810880814267,-0.0180588907856239,0.28568866885261
0.215,20.0127804952482,6.71594633904913,5.09865401672172,237.770567730676,-201.438938316467,2580.21503778,-55072.262249673,-181997.067517117,5980246.26024628,-5750350.74040393,639742221.556177,711658360.085632,-199935461966.359,199628631688.3,0.0127804952481796,0.05,0.255609904963592,-0.0265861704044997,0.267160493726391
0.216,20.0177695053158,6.95497644806391,4.8707006447875,240.258857158911,-253.422784376673,2395.46972247902,-48805.467455643,-187358.317638863,6520020.75081928,-4938878.06447415,439806759.589817,911286991.773932,-199906841893.85,199307202522.129,0.0177695053157976,0.05,0.355390106315951,-0.0343759913714935,0.247968161412308
0.217,20.0225056353787,7.19640161578208,4.59397845619945,242.559864207411,-298.903269782054,2205.80215143999,-42098.8611320112,-191808.334340363,6859874.08946217,-3927937.47143915,239899917.695968,1110594194.29606,-199732097899.305,-30169216661.0255,0.0225056353787494,0.05,0.450112707574988,-0.0411849784773888,0.228190395749274
0.218,20.0269434332731,7.44003225855847,4.27517739959539,244.669153558784,-337.540532720463,2012.21369034559,-35152.3257666842,-195186.002917431,6999907.95820848,-2832427.8854736,40167819.7966627,1080424977.63503,-83401688070.3304,-199278199714.938,0.026943433273054,0.05,0.538868665461081,-0.0468051030854899,0.207914172921578
0.219,20.0310442735671,7.68567487867088,3.92122833396304,246.583345533412,-369.189684941747,1815.78324105671,-28146.2341799225,-197511.431347373,6998374.93396998,-1851642.00769604,-43233868.2736677,881146777.920096,89081084724.614,-199591505948.259,0.0310442735670549,0.05,0.620885471341097,-0.051080172001752,0.18723580732273
0.22,20.0347765073819,7.93313312716686,3.53913086868485,248.30009950298,-393.840225587533,1617.48453018906,-21154.6293326352,-198955.7652171,6999681.60805862,-1070290.98275007,45847216.4509463,681555271.971836,-108884480956.697,-199658834460.608,0.0347765073819204,0.05,0.695530147638408,-0.0539189179495519,0.166261803855834
0.221,20.0381154842505,8.18220877044759,3.13588094496236,249.817954503043,-411.49190976677,1418.09889290781,-14150.1715298439,-199718.555036275,6991086.58403121,-488565.128008539,-63037264.5057509,481896437.511228,143461720572.386,-199611198614.596,0.0381154842504827,0.05,0.762309685009654,-0.0553028543428694,0.145107770862843
0.222,20.0410435518479,8.43270247135294,2.71847769948965,251.136131106503,-422.151066643659,1218.20805424717,-7166.69329130352,-199999.44047863,6999780.17981166,-106474.289804609,80424456.0666354,282285238.896632,-198810985115.887,-199287435448.297,0.0410435518478565,0.05,0.820871036957129,-0.0552871672278564,0.123894656617274
0.223,20.0435500516167,8.68441437088565,2.2939116104911,252.254331795952,-425.812749560092,1018.19412052031,-159.83604764453,-199997.986721561,6980799.14332035,76167.2313678739,-118386529.049251,82997803.4483348,-199637170610.253,-197658147497.994,0.0435500516167338,0.05,0.871001032334675,-0.0539944697001737,0.102742574107903
0.224,20.0456313198159,8.93714447033483,1.86917581301595,253.172541428741,-422.510235339694,818.239814625533,6728.49696938282,-199913.263613052,6762594.02896597,60335.9610672117,-318023699.659504,-114660344.049659,-199728160594.419,15004980087.077,0.0456313198159073,0.05,0.912626396318146,-0.0516020225884316,0.0817628425838256
0.225,20.0472906407746,9.19069281437295,1.45114200977695,253.890830015081,-412.461767312462,618.338234143177,13298.7911217533,-199907.756993995,6344706.24900925,-46821.8929389089,-517751860.253923,-99655363.9625821,-199736562882.114,182667890898.909,0.0472906407745697,0.05,0.945812815491394,-0.0483242657206194,0.0610490479095468
0.226,20.0485380281366,9.44485949301793,1.04636385160133,254.409203937003,-396.0852373997,418.398068137506,19351.3320134886,-199973.961920432,5727086.10731427,-55143.3114520364,-717488423.136038,83012526.9363269,-199697791498.434,-60983626089.684,0.0485380281366261,0.05,0.970760562732522,-0.0443936241037969,0.0406681784624623
0.227,20.0493898069637,9.69944456530478,0.660877235060364,254.727608784287,-373.998264477723,218.407828998084,24686.3909439851,-199997.762906098,4909748.78842902,-2622.59756055152,-917186214.634471,22028900.846643,-199584218913.124,-32240262367.1837,0.0493898069636884,0.05,0.987796139273769,-0.040041741421239,0.0206536992830747
0.228,20.0498679961174,9.95424804507261,0.300000578225271,254.846017943935,-347.018179517751,18.4110829324151,29104.2825886113,-199994.744430296,3892770.46433798,3286.17210249962,-1116770433.54759,-10211361.5205408,-199202405136.247,-5491421086.1018,0.0498679961174453,0.05,0.997359922348906,-0.0354829666557178,0.00100257798123378
0.229,20.0499994909354,10.2090699361448,-0.0318648570422243,254.764431731112,-316.161940202775,-181.583949114628,32405.4674353195,-199997.479175802,2676398.82822226,-9670.89996109203,-1315972838.68384,-15702782.6066426,-9896780860.11246,123425964570.045,0.0499994909353632,0.05,0.999989818707263,-0.0309016718969354,-0.0183236227331498
0.23,20.0498150465559,10.4637102426258,-0.331432911730755,254.48284780486,-282.638014525661,-381.583738122321,34422.2303807231,-199994.430472971,1355477.59910837,36339.2997172877,-1325869619.54395,107723181.963402,199185519034.137,-158104764459.736,0.0498150465558922,0.05,0.996300931117844,-0.0264445836490273,-0.0373944640093549
0.231,20.0493480773813,10.7179689683487,-0.596687482821026,254.001276078977,-247.750724218682,-581.548632780292,35147.9707565652,-199930.580376349,129200.739081481,65010.0994508217,-1126684100.50982,-50381582.496334,199570575559.818,-94668162326.6959,0.0493480773812571,0.05,0.986961547625143,-0.0222186595846889,-0.0563034806075138
0.232,20.048633368803,10.9716461505054,-0.826887970287637,253.319770102892,-212.717618335346,-781.459049544095,34747.0912079851,-199906.5390952,-897698.073648427,-32705.5642088603,-927113524.949999,-145049744.82303,199690326119.787,196561457105.73,0.0486333688029674,0.05,0.972667376059348,-0.0182937118317577,-0.0751584557702515
0.233,20.0477058683527,11.2245418710285,-1.02241862500875,252.438347927145,-178.565574654755,-981.397926318157,33419.1180928816,-199979.00928897,-1724966.43553853,-79474.5804790249,-727423198.830211,51511712.2827006,199742071806.186,199107945236.301,0.0477058683526934,0.05,0.954117367053868,-0.0147078369301263,-0.0940706492353178
0.234,20.0465996591353,11.4764561875519,-1.18459077980568,251.356951055973,-146.121854393122,-1181.3997914476,31363.730403229,-199999.543355768,-2352518.59846565,71591.104421826,-527681127.024025,250619657.519001,199764259069.489,199576749957.948,0.0465996591353282,0.05,0.931993182706563,-0.0114740898957437,-0.113144602464534
0.235,20.0453471325752,11.7271891108036,-1.31544317744173,250.075575530324,-116.014006632835,-1381.31345361032,28780.6652844296,-199769.379630927,-2780317.59595493,421999.136919801,-327916867.954537,450196407.47695,199768186474.241,199645968650.545,0.0453471325752233,0.05,0.906942651504465,-0.00858757203729928,-0.132468271288362
0.236,20.0439783608703,11.9765407563227,-1.41754223616628,248.594468141988,-88.6698292832725,-1580.78848235618,25869.6839522431,-199089.00796216,-3008350.37067234,972018.528722023,-128148681.480295,649842376.127494,199756140199.548,199584972604.536,0.0439783608702626,0.05,0.879567217405253,-0.0060322340518193,-0.152103199293786
0.237,20.0425206691951,12.2243116949156,-1.49378229009577,246.914325898712,-64.3173554574373,-1779.27485795077,22830.5519308639,-197758.804083274,-3036620.98205287,1721653.39115179,71607458.7192527,849427348.73203,199724257305.286,199276765702.229,0.0425206691950528,0.05,0.850413383901056,-0.00378673578532747,-0.172075449950056
0.238,20.0409984076675,12.4703035026755,-1.54718582507186,245.036495634398,-42.9848575970923,-1976.02296091511,19863.0220543882,-195579.224223472,-2865151.39468097,2670719.12273493,271331716.024538,1048704114.43426,199658543162.629,89255316667.7104,0.0409984076674661,0.05,0.819968153349322,-0.00182880429530174,-0.192368162026369
0.239,20.0394329230744,12.7143195104352,-1.58070372756485,242.963172621024,-24.5008701814087,-2170.08832258661,17166.8129415799,-192369.277157409,-2493990.40707512,3764050.89550304,470990259.187168,1137959431.10197,199513349218.789,-199314154518.058,0.0394329230743615,0.05,0.788658461487231,-0.000137685080383644,-0.212916433511173
0.24,20.037842730333,12.9561657433904,-1.59701556913794,240.697572755699,-8.49424101061767,-2360.39421914753,14941.5698889682,-188069.465572108,-1923243.47327856,4802353.24934598,670503608.405956,938645276.583911,199057683848.614,-199636035423.894,0.0378427303329509,0.05,0.756854606659019,0.00130552792400921,-0.233605093155937
0.241,20.0362438836338,13.1956519817684,-1.59832996931857,238.24398164256,5.60575181327262,-2545.91438538367,13386.7545005341,-182831.062357041,-1153211.02294829,5641180.50821795,869561292.25457,739009241.160016,96545923957.9159,-199723041979.599,0.0362438836338086,0.05,0.724877672676172,0.00251968866893152,-0.254270214095563
0.242,20.0346505469961,13.4325927753047,-1.58618600582231,235.607621050443,18.5648504312065,-2725.81001107316,12684.4151110394,-176853.664401906,-235376.768714764,6280328.22838816,966107216.212486,539286199.180418,-199042089684.524,-199736619723.36,0.0346505469961258,0.05,0.693010939922516,0.00352731770664304,-0.27470580229364
0.243,20.0330757554518,13.6668082816359,-1.56127958151377,232.794451734326,31.2843016068538,-2899.44195268683,12898.9182688168,-170336.982510548,631209.40265546,6719746.1177069,767065126.527961,339549579.457057,-199505932965.973,-199673234229.607,0.0330757554517902,0.05,0.661515109035804,0.00435977167837708,-0.294676206459084
0.244,20.0315323002563,13.8981249054385,-1.5234103207079,229.810973732026,44.618356017546,-3066.37079026004,13880.4092459085,-163480.740475484,1298521.56270043,6959459.08004915,567559193.561988,139876345.22745,-199652389964.576,-199145397751.483,0.0315323002563019,0.05,0.630646005126039,0.00506269341193997,-0.313933196109892
0.245,20.0300335710726,14.1263757378518,-1.47161335527714,226.664026650011,59.2343003941499,-3226.35678619621,15429.4350070625,-156484.534122447,1766254.56128013,6999762.72640086,367906803.597412,-59269052.5240329,-199718203209.771,117638857420.91,0.0300335710725719,0.05,0.600671421451437,0.00569958397876595,-0.332235992737161
0.246,20.0285942228224,14.3514007966793,-1.40435629648745,223.360592734655,75.5998588906517,-3379.34641551181,17346.3566029398,-149494.799446071,2034302.26327266,6999313.10258728,168188600.387641,58369804.8968774,-199749674718.673,-116271054399.29,0.0285942228224343,0.05,0.571884456448686,0.00635188736385742,-0.349372263802863
0.247,20.0272306434016,14.5730470923692,-1.31973886564039,219.907666934753,93.9830751555125,-3525.33667473304,19431.4615539531,-142485.679950102,2102616.02630096,6999547.38028451,-31561074.3310313,-57901249.5024125,-199760866745,115723760208.288,0.0272306434015555,0.05,0.544612868031109,0.00711539160588416,-0.36517778099528
0.248,20.025961221719,14.7911686346793,-1.21569260342218,216.312252563088,114.452261174113,-3664.32740937791,21485.0035652977,-135495.795901201,1971174.51859743,6999508.01088624,-231321941.076032,57822510.7058751,-199755497717.15,-115460346805.739,0.0259612217189655,0.05,0.519224434379311,0.00809333723535464,-0.379551729731294
0.249,20.0248064160072,15.0056264328727,-1.09018061442234,212.581345287529,136.875975196125,-3796.31862503633,23307.2245304043,-128486.620026096,1639974.82866283,6999600.34818925,-431077438.793182,-57637836.0998643,-199730883300.164,115303075479.222,0.0248064160072019,0.05,0.496128320144038,0.00938694397824629,-0.392465722232744
0.25,20.0237886223804,15.2162884957409,-0.941397323806879,208.721948511821,160.923018780925,-3921.31024689954,24698.3721591205,-121496.62141671,1109031.94821956,6999614.04982899,-630808322.093346,57665239.3793577,-199674726975.049,-115280690427.47,0.0237886223803656,0.05,0.475772447607312,0.0110843092531904,-0.403965654072822
0.251,20.0229318436369,15.4230298316634,-0.767968227924503,204.7410579986,186.062452413516,-4039.3022537802,25458.7208251309,-114487.388195596,378386.262638692,6999638.94399461,-830483049.068395,-57615451.0481122,-199545528254.961,115312416761.639,0.0229318436369113,0.05,0.458636872738225,0.0132487786589382,-0.414166311685553
0.252,20.0222611583236,15.6257324486354,-0.569149617061095,200.645677217506,211.563638131444,-4150.29462039495,25388.6079751929,-107497.338240998,-551869.550557184,6999679.70132732,-1030028577.32336,57696965.7135272,-199130923678.069,-115418119914.474,0.0222611583235874,0.05,0.445223166471749,0.015907926459262,-0.423239345822532
0.253,20.0218019901055,15.8242853542935,-0.345028230482234,196.442801983497,236.496342779984,-4254.28731171266,24288.5356486943,-100488.046410133,-1681463.58971957,6999667.60708361,-1229159501.00142,-57721154.2009464,-46778373453.905,115555154776.624,0.0218019901055477,0.05,0.436039802110955,0.0190442108047321,-0.43139586414624
0.254,20.0215791777668,16.0185845559457,-0.0967194686085097,192.139435817758,259.737337618091,-4351.2803297135,21984.6959128984,-93497.9801876874,-2934012.27744795,6999724.03027098,-1275937874.45533,57834000.5756773,199121226387.848,-115738016317.056,0.0215791777667818,0.05,0.431583555335635,0.02258819496337,-0.438865402628181
0.255,20.0216158584762,16.2085330605783,0.17346971018524,187.742574563889,280.050667797623,-4441.2736313033,18445.9015692874,-86488.6288265148,-4110389.53870936,6999689.02268813,-1076816648.06748,-57904015.7413787,199532711694.512,115941402540.395,0.0216158584761885,0.05,0.43231716952377,0.0264150854477501,-0.445873367549177
0.256,20.0219322478746,16.3940408748872,0.46201505925665,183.259221786521,296.270219019198,-4524.26723539599,13830.3591584934,-79498.5682446073,-5087439.83092958,6999755.70821694,-877283936.372969,58037386.7990158,199649574945.163,-116176451533.141,0.0219322478746307,0.05,0.438644957492613,0.0303456963702138,-0.452619160290259
0.257,20.0225444840932,16.5750250052735,0.764317661465715,178.696373343041,307.418963005121,-4600.26109357417,8337.5522885349,-72489.156584913,-5864898.97982997,6999704.86924939,-677634361.427806,-58139064.7341251,199677687113.572,116426844651.244,0.0225444840931885,0.05,0.450889681863771,0.0341533161186981,-0.459257105645384
0.258,20.0234636510878,16.7514094578752,1.07490134666746,174.061032836415,312.719446647132,-4669.25523645006,2167.11574250996,-65499.1167739221,-6442694.49770099,6999779.22684088,-477956674.314234,58287779.9171187,199627937413.263,-116701601845.394,0.0234636510877948,0.05,0.469273021755896,0.0375768556893595,-0.46588200235177
0.259,20.0246950011924,16.923125238555,1.38761231747428,169.360196127594,311.593873525798,-4731.24961154731,-4481.28576944594,-58489.6439240969,-6820837.20330859,6999716.20583531,-278328736.900971,-58413821.928275,199280819069.894,116989512790.221,0.0246950011924341,0.05,0.493900023848681,0.0403391147535037,-0.472520645255268
0.26,20.0262373773215,17.0901103529334,1.6958188055576,164.600866854455,303.664084399342,-4786.24425844245,-11408.07387136,-51499.6363770941,-6999525.53067461,6999797.14030214,-79047917.8310772,58575690.8619461,157745924332.996,-117298304691.141,0.0262373773215288,0.05,0.524747546430575,0.0421683289205941,-0.479130067552652
0.261,20.0280828347371,17.2523098063694,1.99261028631894,159.790040873849,288.74964585652,-4834.23912106361,-18420.8323735613,-44490.1011088095,-6999700.48633919,6999723.67881851,78698006.5019189,-58722613.8291952,-99186530521.2015,117619875148.659,0.0280828347370985,0.05,0.56165669474197,0.0428208603944821,-0.485602591910795
0.262,20.0302164585715,17.409675603995,2.27098535177014,154.934721856234,266.837946802101,-4875.23424660718,-25397.7149450698,-37500.1354243808,-6970595.74509787,6999811.00256365,-20488524.0192825,58897261.3194634,-17309348307.8404,-117961266627.56,0.0302164585714877,0.05,0.604329171429754,0.0421027732717346,-0.491777112285026
0.263,20.0326163393079,17.5621667506911,2.52396167720912,150.041905648124,237.950798007633,-4909.22957537284,-32381.4398435619,-30490.536002262,-6999738.94327107,6999727.63056933,-37797872.327123,-59064005.3080963,78571059520.997,118316362823.663,0.0326163393078929,0.05,0.652326786157857,0.0398878399608434,-0.497455433063168
0.264,20.0352535876158,17.709749251123,2.74455421198524,145.118595950991,202.066462841195,-4936.22516171225,-39386.9825464097,-23500.6209805428,-6998251.2858377,6999821.80667307,40773187.193874,59252357.5155672,-84596450347.4209,-118692033886.772,0.03525358761582,0.05,0.7050717523164,0.0361291181032958,-0.502422011067379
0.265,20.0380923191906,17.8523961097111,2.9257618022513,140.171788595504,159.183625330967,-4956.22094189795,-46378.9466470417,-16490.9550007597,-6999776.32381753,6999728.14724525,-43823263.1535468,-59439676.3712045,89114272688.4296,119083476776.411,0.0380923191906177,0.05,0.761846383812355,0.0308623794660142,-0.506465139518163
0.266,20.0410896510823,17.9900873306686,3.06058824152109,135.208487313173,109.30119973952,-4969.21697762628,-53385.7822236546,-9501.09944557068,-6999042.45062687,6999830.20926225,45291009.5348827,59643800.4052061,-92104816198.2023,-119497900676.63,0.0410896510823235,0.05,0.821793021646471,0.0242015617684188,-0.509397493238824
0.267,20.0441957009161,18.122809917967,3.14203116265894,130.235687913535,52.4196070914661,-4975.21320041302,-60377.5299722138,-2491.36365288527,-6999803.84919108,6999725.05932914,-46813806.6633195,-59854100.2714236,94613036305.3979,119931388022.428,0.0441957009160845,0.0505424321847611,0.874427664156015,0.0163267016214452,-0.511074046672242
0.268,20.0473535870434,18.2505578753761,3.16309420865613,125.260394157646,-11.4616848966076,-4974.20968007845,-67384.9718853523,4498.42292097856,-6999311.1377017,6999836.65306893,47799229.6420783,60077287.7510047,-96622507548.3869,-120392097966.57,0.0473535870434283,0.0521575988939196,0.907894305865921,0.00746559774098714,-0.511405652363153
0.269,20.0504994282072,18.3733322064241,3.11677467240756,120.289601828423,-82.3423717503516,-4966.20634228706,-74376.487159491,11508.2328682619,-6999823.16183382,6999717.89183664,-48823277.9063086,-60314810.215565,98436252009.641,120876710943.623,0.0504994282071536,0.0545762113735877,0.925301096140084,-0.00212894790262445,-0.510367015518239
0.27,20.0535623436831,18.4911409144404,2.99607620588268,115.330314716407,-160.222806193244,-4951.20326641162,-81384.3159182764,18497.9394734814,-6999428.31373531,6999841.43709289,49612974.1033323,60561900.7280578,-100040969442.737,-121395193489.6,0.0535623436830512,0.0575648184734676,0.930470122262938,-0.0122040319742405,-0.507998356562705
0.271,20.0564644530648,18.6039990025096,2.79399590387719,110.389528571758,-245.102735813097,-4929.20037070254,-88375.6112398671,25507.82932869,-6999835.82435334,6999705.74107615,-50427995.3394048,-60833292.7615425,101585392976.586,121944619330.068,0.0564644530648373,0.0609262076599678,0.926767892398099,-0.0225312543301157,-0.50440068121923
0.272,20.0591208763933,18.7119284735178,2.50353746851857,105.474247214828,-336.982436906324,-4900.19774635963,-95383.7301630607,32497.4425266071,-6999471.12320445,6999844.75797964,51157397.6371811,61111326.5685251,-103058104991.294,-122538134576.708,0.0591208763933011,0.0644961386881441,0.916657610762811,-0.0329286281231263,-0.499725195514728
0.273,20.0614397339936,18.8149583300991,2.11769786075087,100.591466355679,-435.861670485755,-4864.19530198855,-102374.798938279,39507.4199254415,-6999842.77806292,6999687.01725981,-51900707.3541133,-61426808.0081826,104577302136.478,123173050646.804,0.0614397339935522,0.0681401361839763,0.901667320236443,-0.0432777046280138,-0.494157971113055
0.274,20.0633221466052,18.9131245746866,1.62948085928101,95.7481898451475,-541.740683543368,-4821.19314414537,-109383.162519662,46496.9223804717,-6999454.83434879,6999846.73457503,52676594.7823645,61746242.638621,-106132251953.517,-123868151035.616,0.0633221466051914,0.0717503675298851,0.882534107979541,-0.0535343004040041,-0.487901409207048
0.275,20.0646622352432,19.0064702094495,1.03188332909477,90.9514133438403,-654.619216224906,-4771.19116853013,-116373.967765279,53506.9975445268,-6999844.36554318,6999658.90169584,-53455657.171153,-62121908.3969949,107892806113.327,124620857557.39,0.0646622352432331,0.0752426294685276,0.859382981429164,-0.0637318693295232,-0.481154348931507
0.276,20.0653471213471,19.0950452363499,0.317909160047303,86.2081407339937,-774.497519915564,-4714.18950265042,-123382.557825055,60496.3656349503,-6999353.61965767,6999847.42207754,54437148.9421744,62498949.1603953,-109847664535.489,-125460522621.832,0.0653471213471271,0.0785534638586514,0.831880838058424,-0.0739772772601511,-0.474092769119539
0.277,20.0652569266489,19.178906657067,-0.519444844900062,81.5253676140163,-901.375258678313,-4650.18802433468,-130373.000814331,67506.5524445044,-6999840.30298324,6999616.10992702,-55410515.5933151,-62961573.4614365,110681209729.657,126384566547.997,0.0652569266489209,0.0816374199990723,0.799350673375794,-0.0844394914090869,-0.466852956458512
0.278,20.0642647733732,19.2581184730625,-1.48717463046411,76.9100978983947,-1035.252803013,-4579.18689140718,-137382.099506823,74495.7518621254,-6999910.21371173,6999846.81973958,55270694.1363424,63422993.0865605,199802082962.157,-127444257563.057,0.0642647733731678,0.0844644779774898,0.76084970761667,-0.0953323665242356,-0.459518743103707
0.279,20.0622367843998,19.3327516854856,-2.59228116696985,72.3693271046444,-1176.11732075753,-4501.18595581374,-144321.074026306,81506.0694688144,-6844738.47809431,6999547.68404461,255072777.098499,-64021264.4764962,199918422469.163,128636912982.984,0.0622367843997722,0.0870176445489781,0.715220283453456,-0.106893280280459,-0.45211400810735
0.28,20.0590321082659,19.4028842952502,-3.84168752046765,67.9100591792674,-1323.8099219591,-4416.18542284227,-151004.956378773,88495.0460061179,-6489706.48976122,6999844.87605961,454991199.567662,64615648.5064873,199938965034.526,-130067355442.844,0.0590321082659173,0.0892907302130591,0.661122471784688,-0.119359504100624,-0.444601102325156
0.281,20.0545030819566,19.4686013029104,-5.24206091423974,63.5392895286649,-1477.97556892595,-4324.18510459652,-157233.844107911,95505.520813857,-5934745.8076763,6999426.84684467,654930164.602188,-65451706.9363567,199943819175.795,131732722793.043,0.054503081956593,0.0912863133696296,0.597056447398673,-0.132943538461253,-0.436885280480292
0.282,20.0484955860716,19.5299947087539,-6.79961357456556,59.2640221262347,-1638.05929991779,-4225.18529011361,-162807.800863424,102494.177261032,-5179843.73348621,6999841.50130483,854873983.777983,66281015.8566865,199940908433.534,-133912431165.351,0.048495586071585,0.0930138948143785,0.521380017129315,-0.147809294431054,-0.42882462934843
0.283,20.0408495997884,19.5871635126244,-8.51990279628042,55.0912522107739,-1803.30621277948,-4119.18572495058,-167526.884120282,109504.840531738,-4224999.29549146,6999166.30157884,1054814892.21152,-67631415.3086642,199929625943.355,136603510924.649,0.0408495997884089,0.0944882432955197,0.432324682560225,-0.164051355655796,-0.420244463253926
0.284,20.0313999557646,19.6402137140375,-10.4076310009686,51.0279837541931,-1972.76146366439,-4006.18688135765,-171191.154365344,116492.958377483,-3070219.59030827,6999836.6417325,1254744518.15487,68972095.6159844,199901430090.253,-141203058178.458,0.0313999557645595,0.0957279305324994,0.328012478593165,-0.181679298204583,-0.410954724445957
0.285,20.0199772949807,19.6892583118826,-12.4664457982138,47.0812116886096,-2145.27027451228,-3886.18839277079,-173600.68479156,123503.747223994,-1715524.35710827,6998207.20825926,1454645948.24512,-72230962.5624739,199808869103.132,147708811541.46,0.0199772949807233,0.096754051881053,0.206475021896581,-0.200608530379136,-0.4007686659474
0.286,20.0064092215172,19.7344173045279,-14.6987400605263,43.2579397586022,-2319.47795512147,-3759.19142590261,-174555.584696362,130490.457086229,-160973.974311578,6999830.65146751,1654454817.34826,75477848.9789862,-157019907342.487,-150871118239.231,0.00640922151716694,0.0975891268761656,0.0656755698337156,-0.220658462196358,-0.389520974694754
0.287,19.9905216567434,19.7758176890621,-17.1054550098735,39.5651620873356,-2493.84482683157,-3625.19476014575,-173915.501246556,137502.881475813,1414970.88936543,6999872.94132688,1497434910.00577,-75393269.2602437,-199803920023.101,-199751214930.747,0.00947834325657837,0.0982561720453747,0.0964656271384282,-0.241558096184631,-0.377083592209947
0.288,19.9721403645615,19.8135934616719,-19.6859610307582,36.0098806074383,-2666.81159531178,-3484.21283071144,-171785.113555525,144431.765913354,2812503.83935965,6824604.06460126,1297630989.98267,-275144484.190992,-199894780245.553,-199892500702.089,0.0278596354384995,0.0987779368686923,0.28204309911366,-0.262958680219254,-0.363377702344199
0.289,19.9510924946044,19.847885589613,-22.4381440300398,32.59900796357,-2836.98251406514,-3336.42294903401,-168357.110017882,151085.482319076,4010187.43921954,6449513.33005923,1097736209.73711,-475036984.893081,-199921576370.515,-199918173244.472,0.048907505395551,0.0991762920305125,0.493137063245964,-0.284453593485745,-0.348381057458215
0.29,19.9272079757603,19.8788418315092,-25.3585926615451,29.3391812153914,-3003.15990439413,-3182.2002128046,-163831.374736522,157264.157461148,5007962.8607714,5874517.25854391,897814633.366599,-674955158.137553,-199930457199.979,-199923526125.276,0.072792024239682,0.0994717576492962,0.731785845147344,-0.305605069572949,-0.332131186205398
0.291,19.9003207137867,19.9066163621803,-28.4427978499748,26.2365623783662,-3164.34599236376,-3022.11961938746,-158407.826301934,162767.876552936,5805812.26553801,5099600.33734372,697884176.16662,-874878684.262827,-199928318266.797,-199917972156.875,0.0933836378196702,0.0996397816138828,0.937212389540796,-0.32597552123082,-0.314724647997426
0.292,19.870269589083,19.9313691976435,-31.6853527076739,23.2966385113831,-3319.74292885016,-2856.9560856954,-152286.39333469,167396.717886122,6403732.28257123,4124762.66700245,497955857.899823,-1074796656.4197,-199909506288.533,-199899063957.048,0.068630802356541,0.0993961677701044,0.690477348334784,-0.345160400478378,-0.296312498393635
0.293,19.8368992545395,19.9532654201958,-35.0801524622294,20.5240217960557,-3468.75279296334,-2687.68444837952,-145667.001374217,170950.765714255,6801733.38732678,2950016.47860423,298046351.61129,-1274695720.37675,-199811034482.654,-199848204970.453,0.0467345798041912,0.0990566652821666,0.471796417445166,-0.362819379230956,-0.277092454725546
0.294,19.800060733459,19.9724742035793,-38.6205943801426,17.9222496222231,-3610.97757871173,-2515.47945072123,-138749.546650165,173230.126298509,6999874.22169675,1575396.65574225,98235317.1286368,-1474543925.3472,-196454491713.567,-199617666734.423,0.0275257964207185,0.0986008197910371,0.279163971243377,-0.378702838373292,-0.257298565253531
0.295,19.7596118175723,19.9891676382403,-42.2997776304584,15.4935846979496,-3746.21900130201,-2341.71570081852,-131733.29718519,174034.981380456,6999882.2929686,1043.8970278367,-98219174.5849303,-1674161592.08162,188021761478.74,199367202766.357,0.0108323617597215,0.0980066468965363,0.110526807137448,-0.392671146953792,-0.237189417820627
0.296,19.715417265996,20.0035193572871,-46.1106991589217,13.2388185664645,-3874.46089296309,-2167.95091745478,-124751.187519267,173232.17234857,6995673.99912304,-1573434.09367061,89802586.8938098,-1474794389.31527,-171209493665.895,199824871940.029,0.00351935728709662,0.0972510699877634,0.0361883657171016,-0.404704937831727,-0.217036047322043
0.297,19.667348836523,20.0157029948514,-50.0463673849493,11.1571617116094,-3995.70641011388,-1995.7429351816,-117739.147142308,170954.645205565,6999871.8391839,-2948316.04701586,-81406906.7720856,-1274969517.37524,161548123177.833,199891444363.502,0.0157029948513845,0.0963104965304428,0.163045518578766,-0.414905185888847,-0.197110412094773
0.298,19.6152852839491,20.0258906443426,-54.0997787690479,9.24635325505493,-4109.95245798259,-1826.46661410893,-110753.054069314,167402.159640589,6999238.99400073,-4123339.84220935,80141216.4057472,-1075078073.01174,-159012612085.222,199914704673.029,0.025890644342649,0.0951615452762539,0.272070448913881,-0.423481898838381,-0.177673923098188
0.299,19.5591123621907,20.0342514841634,-58.2639392001205,7.50285736849542,-4217.19916121101,-1661.29697428892,-103740.246569125,162774.599879319,6999873.90436386,-5098460.56288457,-78871395.679475,-875163368.338707,157047627726.731,199922100253.958,0.0342514841634411,0.0937819356656123,0.365224751657588,-0.430732306975293,-0.158965513237569
0.3,19.4987228245912,20.0409506026936,-62.5318438165433,5.92206315159618,-4317.44607240941,-1501.20913516492,-96753.6337579796,157271.877982308,6999526.32254775,-5873662.8810963,78176232.047256,-675241268.084748,-155654377584.237,199917766018.598,0.0409506026935524,0.0921515488830983,0.444383227302035,-0.437010857779865,-0.141190103846851
0.301,19.434016424215,20.0461480231719,-66.8964981578881,4.49848454253744,-4410.69339923317,-1346.97829892759,-89740.9617156723,151093.914094839,6999875.36580289,-6448945.26617175,-77478145.5369807,-475323502.066151,154490508226.993,199892831013.689,0.0461480231719307,0.0902536685936928,0.511314652257311,-0.442694020114006,-0.124508579162777
0.302,19.3648999137609,20.0499979284946,-71.3508973329199,3.22596023707392,-4496.94089918569,-1199.17974918155,-82754.0770046,144440.62254947,6999642.47437941,-6824322.35273105,77012362.6900125,-275430671.052462,-153558025724.107,199751398776.361,0.0499979284945695,0.088076407591031,0.567665392606918,-0.448143388985724,-0.109030225008335
0.303,19.2912870457125,20.0526480859296,-75.8880467343306,2.09785360042534,-4576.18871781039,-1058.18886994534,-75741.521353163,137511.876761009,6999875.82420736,-6999877.32439533,-76545663.0340946,-75679272.2761009,152749087050.22,151457339186.768,0.0526480859295617,0.0856143246528611,0.614944825448697,-0.453670696114114,-0.0948083364262784
0.304,19.2130985722681,20.0542394716593,-80.5009414833404,1.10725213148125,-4648.43669431666,-924.183234336111,-68754.4601792976,130499.40269034,6999704.70469838,-6999827.92707805,76203424.0161252,75778066.910667,-152065782685.091,-149122623243.235,0.0542394716592689,0.0828702337152365,0.654510904912489,-0.45950810948561,-0.0818393828375067
0.305,19.1302622454391,20.0549060908389,-85.1825868823682,0.247153875233395,-4713.68493764722,-797.177329374128,-61741.9980597054,123512.610026176,6999875.23737196,-6998611.171789,-75862358.6689661,-73344556.3325681,151459793179.797,144254336719.738,0.0549060908389087,0.0798572051704283,0.687553373821814,-0.465786642204664,-0.0700658096711803
0.306,19.0427128169946,20.0547749494648,-89.925978071939,-0.48943543822665,-4771.93333098997,-677.170238429204,-54754.8107028046,116501.368965674,6999742.77529289,-6999828.5597617,75597434.5108307,70909780.3871695,-150933283684.522,-140387314580.752,0.0547749494648073,0.0766007565796547,0.715070606487399,-0.472524671737416,-0.0593825848760838
0.307,18.9503920385317,20.0539660545386,-94.7241202923688,-1.10951984558642,-4823.18195961953,-564.162814918121,-47742.424757537,109513.597410343,6999873.56796146,-6999112.4366649,-75335849.1736907,-69477534.1935827,150460159624.752,137531737027.3,0.053966054538602,0.0731412274787481,0.737833591243494,-0.479627558387561,-0.049648007424257
0.308,18.8532486614313,20.0525924135341,-99.5700087039314,-1.62009412933826,-4867.43073439463,-458.1546228261,-40755.1424208916,102502.668162752,6999767.79860014,-6999824.10234483,75124310.451061,68054202.8337177,-150042729155.925,-134923307167.41,0.0525924135341427,0.0695363301821489,0.756330013338035,-0.486898262834029,-0.0406979540536128
0.309,18.751238436911,20.0507600345918,-104.456648501747,-2.02816234420248,-4904.6797239782,-359.146146151846,-33742.819588592,95514.3839439631,6999870.74447324,-6999231.55309482,-74918418.7048639,-66869104.3336919,149665080928.764,132573723366.039,0.0507600345918,0.0658638656525915,0.770681072069793,-0.494057791506904,-0.0323621226300182
0.31,18.6443241159889,20.0485679262308,-109.377034864787,-2.34071951840618,-4934.92885855263,-267.136998930013,-26755.4638733164,88503.8134592624,6999784.86623276,-6999813.79574549,74746662.2239001,65704619.0323468,-149329772152.839,-130222294094.408,0.0485679262307599,0.0622245905579409,0.780526248469815,-0.500773359074779,-0.0244806779243926
0.311,18.532475449524,20.0461080975562,-114.324172954435,-2.56476959373251,-4958.17819428963,-182.127567527705,-19743.1939713305,81515.1482573507,6999866.64238024,-6999220.32376035,-74583109.9289392,-64517675.0620614,149026190072.83,127882846529.123,0.0461080975562247,0.0587452186659031,0.78488255901219,-0.506691431557328,-0.0169196670107768
0.312,18.4156691881867,20.0434655580426,-119.291057967015,-2.70730774639824,-4974.42767603351,-104.117453926139,-12755.7811855692,74504.9829038142,6999796.62748771,-6999796.57555785,74443080.1438909,63365171.4670621,-148757286274.279,-125336152626.972,0.0434655580425591,0.0555815367048784,0.78201432740783,-0.511472375316047,-0.00958372814126477
0.313,18.29388908249,20.0407183177621,-124.270695038719,-2.77533774588753,-4983.67734994557,-33.1070307878855,-5743.55589905527,67515.9795552187,6999861.06449446,-6999099.48040427,-74314206.1303877,-61970981.1599094,148515444227.82,122599561224.095,0.0407183177621242,0.0529216118171072,0.769408118234256,-0.514823321097242,-0.00242488309174825
0.314,18.1671258827649,20.0379373871888,-129.2560793819,-2.77585486393907,-4985.92717286989,30.904178845322,1243.90063641197,60506.3278444385,6999804.58047798,-6999770.68095213,74201238.0974326,60628580.0641858,-148304213492.932,-119297847477.643,0.0379373871888049,0.0509890647361933,0.744029869641362,-0.516526068759824,0.00455338580253465
0.315,18.0353773391842,20.0351867774847,-134.240216114505,-2.71586261757625,-4981.17718241245,87.9157553689836,8256.08846702318,53516.9884789389,6999853.71182895,-6998791.02462677,-74102975.3954991,-58669267.4134569,148117762128.574,115453792275.706,0.0351867774847037,0.0500463798957203,0.703083371025456,-0.516457380141858,0.0112971195877245
0.316,17.898648201742,20.032523500298,-139.216100463708,-2.60235631557644,-4969.42734601199,137.928380699052,15243.5769848425,46508.105119318,6999809.61749774,-6999733.39590237,74014786.7330744,56784524.8622493,-147960537316.063,-109868247274.578,0.0325235002980371,0.05,0.650470005960742,-0.51459978108997,0.0177077601090573
0.317,17.7569502202715,20.0299975681887,-144.176737535346,-2.44233905409724,-4950.677693443,180.941505364259,22255.7339061541,39518.452611301,6999844.13557278,-6997882.99467741,-73945750.5829882,-53083722.4123291,147827794591.197,102570118395.735,0.0299975681887155,0.05,0.599951363774309,-0.511041940564015,0.0236522980780096
0.318,17.6103021444277,20.0276519944177,-149.115122570322,-2.24280599333056,-4924.92820226938,216.956442946086,29243.2431322006,32511.12277515,6999812.28228539,-6999681.65789187,73882044.0082086,49486395.9834061,-147725344731.253,-57831395270.3258,0.0276519944177025,0.05,0.55303988835405,-0.505968719843988,0.0289766398622634
0.319,17.4587297236994,20.025522793845,-154.024260668271,-2.01075902260167,-4892.17889454474,245.973562983484,36255.3755457015,25526.5457493715,6999831.65392797,-6979110.95954363,-73843300.7230448,-8344999.28691977,147649096298.139,-24568678651.0874,0.0255227938449742,0.05,0.510455876899485,-0.499641989146157,0.0335208686952916
0.32,17.3022657073958,20.0236389851282,-158.897147082829,-1.75318592435072,-4852.42975834318,268.008138724926,43242.8937319843,18539.1675104092,6999812.90135399,-6999740.29815609,73805795.5750938,-32913677.9380072,-147606992442.1,198370557029.676,0.0236389851282048,0.05,0.472779702564097,-0.49237419254886,0.0371348949311616
0.321,17.1409498446517,20.0220226014799,-163.726786913639,-1.47707454356889,-4805.68080748594,283.050215913143,50255.0083657188,11556.0321327891,6999815.20070804,-6933468.69757926,-73801196.8670066,165456879.091668,147595301988.394,199513474549.84,0.0220226014798506,0.05,0.440452029597012,-0.484497323790473,0.0396930374893512
0.322,16.974828884418,20.020688690811,-168.506175426164,-1.1893933330567,-4751.93204191509,291.175402905098,57242.5221849914,4738.54412051395,6999811.65483522,-6668255.08121267,73794105.1213869,364970353.641508,-147625456921.292,199619271158.998,0.0206886908109709,0.05,0.413773816219418,-0.476330387463078,0.0411059466644906
0.323,16.80395657546,20.0196454004114,-173.228317727169,-0.896943163346216,-4691.18346594587,292.64896534691,64254.6266495672,-1713.95590535147,6999793.03149596,-6203475.09199166,-73831351.7999049,564589624.800506,147693873231.396,199604490841.203,0.0196454004114308,0.05,0.392908008228616,-0.468148530469522,0.0413296675724611
0.324,16.6283936663522,20.0188942425755,-177.886209093142,-0.606159900528857,-4623.43509409447,287.935687020148,71242.1196507017,-7601.86876980268,6999808.61631176,-5539083.22177055,73862521.4314906,764194115.641709,-147818068951.845,199487228808.144,0.0188942425754561,0.05,0.377884851509123,-0.460156824734926,0.0403719348684124
0.325,16.4482079054675,20.0184305593905,-182.472854646854,-0.322914824615513,-4548.68691880158,277.699954293268,78254.2231829039,-12725.6070622843,6999762.10326732,-4675145.49172477,-73955547.5203542,963681344.449853,147994442455.543,199058587305.347,0.0184305593905236,0.05,0.368611187810473,-0.452471194367797,0.0382952981301175
0.326,16.2634740409778,20.018244187118,-186.981249675241,-0.0523150525577624,-4466.93897405653,262.805682150334,85241.6732528203,-16885.7354505666,6999803.77697474,-3611934.85362225,74038894.9351892,1162739931.7552,-148252128244.091,130383666150.127,0.0182441871179684,0.05,0.364883742359368,-0.445108252205796,0.0352168176362549
0.327,16.0742738208306,20.0183203199905,-191.404399329189,0.201495306752725,-4378.19123627141,244.313201914338,92253.787789222,-19894.5697272863,6999716.60778788,-2384003.08879198,-74213233.3089022,1293123597.90533,148587382094.522,-199067781739.465,0.0183203199905435,0.05,0.36640639981087,-0.437984924453465,0.0313044012489112
0.328,15.8806959927574,20.0186405673027,-195.735298906121,0.435516111207019,-4282.44376790959,223.433856751401,99241.1623440378,-21665.1889807488,6999797.06552624,-1190413.38175639,74374148.7856198,1094055816.16586,-149054613451.3,-199519829581.163,0.018640567302711,0.05,0.37281134605422,-0.4309277761835,0.0267701207868751
0.329,15.682836304232,20.0191841487169,-199.966953603213,0.647962894231513,-4179.69652195022,201.347490389569,106253.304048382,-22341.8277593525,6999643.90758621,-196117.480381109,-74680464.6656805,894535986.584698,149649877865.035,-199659687456.268,0.0191841487169278,0.05,0.383682974338555,-0.423691011182751,0.0218606586143011
0.33,15.4807975024892,20.019929060724,-204.092358730425,0.838142392996721,-4069.94960728057,179.048374067479,113240.549369946,-22123.9538610173,6999788.38185304,598588.662475455,74969413.1993547,694876299.12843,-150495212327.289,-199720668642.755,0.0199290607239924,0.05,0.398581214479847,-0.415981284863562,0.0168442242673511
0.331,15.2746893344536,20.0208530704328,-208.104519562025,1.006255843751,-3953.20293945135,157.331205559694,120252.739923011,-21211.2138270847,6999510.18888875,1193604.62728251,-75525799.1279346,495155630.485675,151586629329.936,-199747972500.494,0.020853070432814,0.05,0.417061408656281,-0.407486833914812,0.0119938606688665
0.332,15.0646285467726,20.0219345102594,-211.996431430169,1.15319934341986,-3829.45671595753,136.790997152478,127239.751650557,-19803.3227133095,6999777.70442579,1588886.27151793,76060830.2020015,295407657.98518,-153312611309.769,-199755056867.141,0.0219345102594382,0.05,0.438690205188763,-0.397908032367238,0.00756855191085294
0.333,14.850738885688,20.0231528729355,-215.761099749088,1.28036413762121,-3698.71078667519,117.823029057222,134252.007668199,-18100.0251222768,6999182.2289729,1784416.40106954,-77251781.1077675,95652601.1180391,155670845030.409,-199745101256.395,0.0231528729355368,0.05,0.463057458710736,-0.386986387481968,0.0037939921413861
0.334,14.6331510970852,20.0244892067872,-219.391519923125,1.38943687783334,-3560.96557690415,100.622831523114,141238.509147456,-16301.0732708576,6999765.87038034,1780196.45155938,78419063.9226414,-104092500.138355,-163522468235.633,-199714676350.142,0.0244892067872016,0.05,0.489784135744031,-0.374529170119224,0.000844890005759332
0.335,14.4120029262085,20.0259263112653,-222.880697713036,1.48219987065315,-3416.22092841369,85.1861862831649,148250.230805092,-14606.2088487591,6996423.70018516,1576246.61324596,-85103404.3129912,-303807176.488497,177040139818.046,-199650018871.397,0.0259263112652839,0.05,0.518526225305678,-0.360427344143832,-0.00116948938805395
0.336,14.1874391174574,20.0274487327289,-226.221629526072,1.5603313378983,-3264.47929298674,71.3091474608277,155233.60949309,-13215.1408269026,6999840.36578119,1172614.42732176,91936735.5050546,-503457195.359894,-199063683748.326,-199505555806.847,0.0274487327288639,0.05,0.548974654577279,-0.344665129472297,-0.00221517899661707
0.337,13.9596114127027,20.0290425605034,-229.407323202418,1.62520571075412,-3105.73873484166,58.588091583534,162246.240945999,-12327.5059232286,6992245.25941209,569404.454058445,-107126948.243272,-702962751.166741,-199719428989.357,-199049259449.151,0.0290425605033882,0.05,0.580851210067763,-0.327320389123612,-0.00233785954322953
0.338,13.7286785513465,20.0306950232663,-232.430779570528,1.67769400125992,-2940.0225474002,46.419833709663,169151.636159792,-12142.7577213284,6785258.59667414,-233082.926832871,-306846377.232628,-902012010.615891,-199783599007.463,-26617654224.5048,0.0306950232663183,0.05,0.613900465326367,-0.308555885004299,-0.00166134950936125
0.339,13.4948062323262,20.0323938861259,-235.285109873544,1.71796580330689,-2767.53774732157,34.0090901208895,175750.174301348,-12831.2829291733,6378520.41993778,-1148403.76456102,-506629976.240091,-928629664.840396,-199776817320.729,199059712396.768,0.0323938861259485,0.05,0.64787772251897,-0.288602756654404,-0.000380451890099838
0.34,13.258166906547,20.0341266626149,-237.963732221368,1.745330817264,-2588.69107517368,20.4571278533121,181842.083596946,-14410.8249074217,5772002.03503732,-1977503.57320303,-706406793.560819,-729569952.443627,-199710340696.387,199518268360.782,0.0341266626148915,0.05,0.68253325229783,-0.267739204544965,0.00125121501907462
0.341,13.018939370138,20.0358797319933,-240.460571352273,1.75822421263895,-2404.08904628901,4.94426942839665,187227.59717842,-16719.8604121198,4965740.07112831,-2607314.39146626,-906117134.257206,-530051684.082846,-199460108812.742,199663879400.966,0.0358797319933046,0.05,0.717594639866093,-0.246266799206596,0.00293803690634366
0.342,12.7773081579399,20.0376375289194,-242.770258393676,1.75435357784153,-2214.53790943527,-13.159270798495,191707.035330951,-19558.923332394,3959892.88246473,-3037534.13584863,-1105577243.06995,-330387804.68188,18124268104.5672,199729918629.805,0.0376375289193653,0.05,0.752750578387307,-0.224486756129769,0.00436380315238323
0.343,12.5334627375717,20.0393819140015,-244.888328717981,1.73089648794499,-2021.03443535909,-34.2837037529841,195117.160303232,-22728.3630508119,2863377.77344706,-3268056.9812156,-1087452974.96538,-130657886.052075,199437806447.787,199762287305.67,0.0393819140015026,0.05,0.787638280030052,-0.202678481304976,0.00521660238777766
0.344,12.287596521685,20.0410917435967,-246.811370992119,1.68470014711021,-1824.65851842303,-58.659548180108,197470.051223604,-26028.4552605026,1875643.70170558,-3298833.72361484,-888015168.517594,69104401.2535948,199682425172.173,199775097857.648,0.0410917435966525,0.05,0.821834871933049,-0.181082273853197,0.00521492710495405
0.345,12.0399058041379,20.0427426392957,-248.537017214258,1.61248110982178,-1626.39032777561,-86.3175789397984,198934.967745246,-29259.4409338477,1087469.74577407,-3129841.77343242,-688332743.34542,268879499.111243,199735473467.471,199772381893.544,0.0427426392957315,0.05,0.85485278591463,-0.159886786857724,0.00413243720939454
0.346,11.7905887874403,20.0443069571506,-250.063785829272,1.5110250382018,-1427.01802496997,-117.088803661265,199711.560364925,-32221.5475607422,499004.739162383,-2761076.08337441,-488597269.877949,468651881.004787,199700350413.977,199752195239.162,0.0443069571506456,0.05,0.886139143012912,-0.139220779647439,0.00181899092437203
0.347,11.5398447948561,20.0457539566671,-251.390883600653,1.37738647317627,-1227.13007426585,-150.604457608725,199999.549860884,-34715.0056710744,110257.644491422,-2192548.10475004,-288896919.463973,668404076.243949,199459610155.476,199704072624.712,0.0457539566671237,0.05,0.915079133342473,-0.119149002922733,-0.00178405587450348
0.348,11.2878736819403,20.0470501695684,-252.518005898923,1.20908860241833,-1027.1152342522,-186.296015649775,199998.602314003,-36540.0677255983,-78909.4698948124,-1424291.99219373,-89437309.3084969,868108148.868661,198250908658.032,199592218285.523,0.0470501695684433,0.05,0.941003391368866,-0.0996724216919425,-0.00663569850496209
0.349,11.0348754477668,20.0481599683177,-253.44513705806,1.00432300534841,-827.162732436838,-223.395228337563,199908.016007564,-37497.0402736435,-69221.3248742931,-456387.734182312,108813599.349535,1067700367.15418,6821463741.81747,199234153839.818,0.0481599683176981,0.05,0.963199366353962,-0.0807326976501105,-0.0125949842607003
0.35,10.7810500453772,20.0490463343602,-254.172352728635,0.762149340051579,-627.270907264164,-260.934210994029,199894.338392988,-37386.3721319421,43003.0063461511,710929.709891781,115635063.091353,1266934520.994,-187461184325.62,139005792454.787,0.0490463343602201,0.05,0.980926687204402,-0.062220446419971,-0.019428496556263
0.351,10.5265973754131,20.0496718259057,-254.699666043584,0.48269437859654,-427.343605740168,-297.748170609507,199963.915400159,-36018.8075294775,64907.4772746938,2047367.12711317,-71826121.2342674,1405940313.44879,31981484729.0178,-199241769012.108,0.0496718259056728,0.05,0.993436518113455,-0.043986576042631,-0.0268247989891548
0.352,10.2717173670362,20.0499997398108,-255.027019599954,0.167334952575132,-227.357875059714,-332.517272930229,199998.240064271,-33301.677207142,9072.09840493525,3353686.55605591,-39844636.5052496,1206698544.43668,51031356073.0902,-199608987387.734,0.0499997398107865,0.05,0.999994796215731,-0.0258564991759032,-0.0344144005534532
0.353,10.0166100016555,20.0499954153629,-255.154378077897,-0.181225595501535,-27.3596134124883,-363.949307476411,199995.895070436,-29377.9095434323,-5256.86006376928,4460580.60679872,11186719.5678405,1007089557.04895,10515562197.1832,-199717943767.264,0.0499954153628899,0.05,0.999908307257797,-0.00764720452883088,-0.0417937401297412
0.354,9.76147527630892,20.0496275127679,-255.081740066174,-0.559080129899849,172.635955829601,-390.937400037926,199997.984163855,-24447.0704820704,11187.6406026629,5367811.19196403,21702281.7650238,807371613.281682,-143804018801.928,-199755880510.927,0.0496275127679411,0.05,0.992550255358822,0.0108144797402318,-0.0485524336668361
0.355,9.50651318766529,20.0488691195357,-254.809103547761,-0.961314454128601,372.637159026602,-412.574326150155,199996.055608873,-18708.8661302173,-39012.0870332776,6075304.86499025,-122101737.036905,607615732.770754,157406168104.418,-199750042639.822,0.0488691195357234,0.05,0.977382390714467,0.0296750084100913,-0.0543025190330948
0.356,9.25192373294858,20.0476986576979,-254.336478638799,-1.38220700979452,572.59991689279,-428.152593477526,199922.227014672,-12363.045072615,-82410.7400179732,6583045.57644109,35304431.0675133,407865690.130932,135428633734.078,-199669974202.733,0.0476986576978966,0.05,0.953973153957932,0.0490402150298701,-0.0587070919648176
0.357,8.99790687168792,20.046100591299,-253.663928743932,-1.81542862105831,772.492465469037,-437.164457729157,199880.039929144,-5609.34498014221,20608.0079165791,6891076.27947066,170733064.801591,208195715.928199,-197031777203.983,-198942130490.737,0.0461005912989805,0.05,0.92201182597961,0.0689651520206713,-0.0615055606228694
0.358,8.74466250452449,20.0440659341451,-252.791487351884,-2.25424222159389,972.403055255556,-439.301854539013,199953.175839927,1352.67213554409,92825.1841161786,6999800.93015349,-26298712.4023922,9253585.43746215,-199263061525.816,-39220498879.2429,0.0440659341450598,0.05,0.881318682901195,0.089449164846411,-0.0625331045068916
0.359,8.49239054760135,20.0415925581226,-251.71909499415,-2.6917010478482,1172.38995794124,-434.449373861606,199999.641157588,8350.56310860309,-33105.0590491217,6989444.26615132,-225561773.928208,-29966913.4417807,-199657126897.699,80502708365.1943,0.0415925581225665,0.05,0.831851162451329,0.110437374988494,-0.0617325141806287
0.36,8.24129097732333,20.0386853152372,-250.446721795356,-3.1208108105433,1372.32713389337,-422.605728825985,199820.479023758,15338.4410360944,-358495.396426179,6999728.70689214,-425218900.825907,50535794.9234135,-199714698425.81,-104813938827.554,0.0386853152372346,0.05,0.773706304744692,0.13182712882962,-0.0591572267031934
0.361,7.99156370374991,20.0353560499,-248.974563552927,-3.53457946519146,1571.88917395634,-403.763368051409,199216.088393848,22345.9686506436,-883571.646464991,6997857.53240178,-624933599.251717,-54278143.90414,-199666170855.109,112367681722.013,0.035356049900038,0.05,0.707120998000761,0.153477346220874,-0.0549646263108336
0.362,7.74340824516479,20.0316236043601,-247.3032412995,-3.92600486452079,1770.55100150329,-377.922835005143,197986.772252615,29335.415058047,-1608338.33114426,6999763.22935864,-824599770.106826,58089537.8178732,-199419218339.323,-115886946986.134,0.0316236043600746,0.05,0.632472087201492,0.175219556191083,-0.049399383969184
0.363,7.49702320299868,20.0275138192938,-245.434000988409,-4.28809191011917,1967.58786216122,-345.082685365572,195932.897500027,36344.9085651502,-2532647.71042075,6999909.29368345,-1024018988.44615,-57797409.1682608,-137314089794.714,-199806203161.68,0.0275138192938229,0.05,0.550276385876458,0.196869517218976,-0.0427685615367219
0.364,7.25260553717307,20.0230595344295,-243.368912597192,-4.61383956293029,2162.07804455422,-305.255780313573,192865.354613751,43282.6181203893,-3625323.74376425,6842208.78293434,-1161333078.24086,-257603612.329941,199444583870.905,-199924253567.453,0.0230595344295139,0.05,0.461190688590278,0.21823828508154,-0.035410957153423
0.365,7.01034964736801,20.0183005634138,-241.111052822795,-4.89632606557247,2352.94549197405,-258.603321914337,188692.605094845,49962.7043882307,-4686934.53006966,6484643.04382068,-961888494.369957,-457527865.897394,199705209491.185,-199946103612.552,0.0183005634137778,0.05,0.366011268275557,0.239141712378125,-0.0276639984534682
0.366,6.7704463130314,20.0132835289077,-238.664580598505,-5.12888799133067,2539.14263610519,-205.482881736162,183558.010519172,56185.2591485006,-5548970.41969403,5927142.12611701,-762183284.878772,-657473969.509946,199775070117.187,-199952842665.738,0.0132835289076709,0.05,0.265670578153419,0.259407990435572,-0.0198325426997346
0.367,6.53308165947154,20.0080615048929,-236.034613878389,-5.30531944749398,2719.80745482829,-146.451961887966,177661.244302058,61750.3388160851,-6211266.16951421,5169691.73527419,-562408214.761586,-857426812.175684,199784828524.048,-199952891183.92,0.00806150489292534,0.05,0.161230097858507,0.278884152492031,-0.0121631101747131
0.368,6.29843629631594,20.0026934591685,-233.22703278124,-5.42007201707596,2894.27765571099,-82.2680130434056,171202.071496584,66457.9916634074,-6673781.97001377,4212288.47750655,-362623386.237538,-1057379703.3596,199728968386.804,-199946763135.027,0.00269345916851549,0.05,0.0538691833703098,0.297442339624862,-0.00482605767490122
0.369,6.06668465522243,19.9972434958997,-230.248279831675,-5.46845470991874,3062.09072103187,-13.8884382069355,164380.265994849,70108.2658287116,-6936540.8720579,3054935.39257943,-162894417.850734,-1257326466.49463,199216748792.403,-199929307446.418,0.00275650410032213,0.05,0.0551300820064426,0.314985484285449,0.00209267163758093
0.37,5.83799452735897,19.9917798982152,-227.105160194919,-5.44683391399289,3222.98386821892,57.5294105191732,157395.480705331,72501.2164368027,-6999826.91551243,1697644.27236159,36322330.9416689,-1457255773.94105,-70768072033.9246,-199870179380.963,0.0082201017848007,0.05,0.164402035696014,0.331451870884303,0.00858953904312413
0.371,5.61252680022322,19.9863739708563,-223.80464430047,-5.35283333911866,3376.88254051865,130.628245205692,150402.020276617,73436.9211256303,-6998888.62058773,140453.408730056,-34445741.0922556,-1657125953.32201,67203698572.0921,162430576989.427,0.0136260291436798,0.05,0.272520582873597,0.346818139605818,0.0147314653253005
0.372,5.39043537238232,19.9810986833951,-220.353728106458,-5.18553091777528,3523.78217568223,203.865973317508,143397.109401912,72775.8833205309,-6999732.51239394,-1435457.25609724,32757957.4798365,-1494695376.33258,-64725351001.4868,199880423388.678,0.0189013166048966,0.05,0.378026332097932,0.361100251326575,0.0206352411876608
0.373,5.1718671434095,19.976027142789,-216.759413172623,-4.94557685897734,3663.6821815979,275.68334046491,136402.968309758,70626.3917801655,-6999337.23041484,-2830212.42073549,-31967393.5216503,-1294814952.94391,63083590936.9119,199939329643.639,0.0239728572110316,0.05,0.479457144220632,0.374351346013739,0.0264406850406055
0.374,4.9569620133379,19.9712310502276,-213.028696869354,-4.63510430915443,3796.58278187648,344.687154347952,129398.161314405,67182.0951045653,-6999762.82846803,-4025057.70885757,31116197.4152616,-1094875623.30027,-61746206245.5969,199957234424.264,0.0287689497724308,0.05,0.575378995448617,0.386656104081398,0.0322817454414289
0.375,4.74585288273646,19.9667793099545,-209.168580852002,-4.25754090371302,3922.48367505096,409.682572878973,122403.66555027,62642.925789795,-6999519.73417557,-5019954.71494571,-30630008.8303352,-894918388.876003,60728375822.2471,199964129051.444,0.0332206900455425,0.05,0.66441380091085,0.39812211590315,0.0382600140457137
0.376,4.53866565251535,19.9627368344801,-205.186062700978,-3.81740914895677,4041.38500608167,469.674700085193,115398.95220765,57208.8392352532,-6999785.55509478,-5814891.03929599,30098366.9919118,-694954259.824558,-59861636031.0012,199965011845.211,0.0372631655198887,0.05,0.745263310397775,0.408869128134807,0.0444236272127719
0.377,4.33551922398606,19.9591635496871,-201.088144094467,-3.3201264678129,4153.28658767143,523.868599966321,108404.238896713,51079.7985680191,-6999618.00611837,-6409862.79319794,-29763269.0390894,-494989247.979348,59156661730.1364,199958160222.642,0.0408364503129484,0.05,0.816729006258967,0.419017244093679,0.0507535753586931
0.378,4.13652549874196,19.9561135998942,-196.881822737512,-2.7718052372621,4258.18852188115,571.669300519754,101399.598699697,44455.7675108686,-6999802.94429239,-6804872.96106596,29393392.691047,-295031087.756706,-58538481675.9444,199916851866.024,0.0438864001058228,0.05,0.877728002116456,0.428675235256333,0.0571586599557187
0.379,3.94178937870369,19.9536347528845,-192.574100313201,-2.17905282546865,4356.09067890408,612.681789570957,94404.736038137,37536.6984812353,-6999678.79243931,-6999945.62288966,-29145088.9848975,-95114235.8906825,58014930391.0201,190190277798.648,0.0463652471155456,0.05,0.927304942310911,0.437930102417367,0.0634794807841063
0.38,3.75140876603703,19.9517680048773,-188.171974610331,-1.54877172243507,4446.99313531994,646.710587463007,87400.1538562704,30520.8941200334,-6999816.4162287,-6999964.71988102,28869841.4061227,95076041.9079658,-57545932110.6221,-135576012194.091,0.0482319951226806,0.05,0.964639902453612,0.446838883898809,0.0695009526274452
0.381,3.56547456318831,19.9505473842031,-183.682447310792,-0.887964516997045,4530.89579486116,673.741696229577,80405.1813720597,23545.871419074,-6999719.54087789,-6972676.6840701,-28676090.7044995,-40499970.2861256,57137472095.5301,26412773990.2854,0.0494526157968949,0.05,0.989052315937897,0.455423481585481,0.0749720151696502
0.382,3.38407067282392,19.9499999240171,-179.11251626386,-0.203613465230922,4607.79871784233,693.795579843818,73400.6466978455,16557.3468788592,-6999826.89553462,-6999970.26736108,28461381.3910306,-14087196.2958402,-56765430243.0929,28442276578.7206,0.0500000759828829,0.05,1.00000151965766,0.463668968714327,0.079630239214916
0.383,3.20727399785898,19.9501456761563,-174.469183147639,0.497293776393558,4677.70182942971,706.851778817805,66405.5895879658,9555.07339278002,-6999748.22926514,-6999836.32536756,-28304048.8520622,14355080.2828803,56434559280.6723,-28987763203.7564,0.049854323843693,0.05,0.997086476873861,0.47152550195662,0.0832276304910388
0.384,3.03515444141066,19.9509976967539,-169.759445857167,1.20775680908384,4740.60517900154,712.908118737815,59401.0950941548,2557.58331368662,-6999834.99847686,-6999975.12668655,28130510.4286101,-14632682.9208761,-56129029984.4882,29369321963.0513,0.0490023032461409,0.05,0.980046064922817,0.478913605573499,0.0855544331895182
0.385,2.86777490682218,19.9525620421394,-164.990306065422,1.92077669200661,4796.50870630528,711.96449942942,52405.9705125615,-4444.81326746653,-6999769.0030405,-6999923.1486259,-27998519.5558781,14736639.0421752,55852766335.8686,-29584881352.3252,0.0474379578605806,0.05,0.948759157211612,0.485732272558858,0.0864590165299873
0.386,2.70519129762554,19.9548377686972,-160.168761703193,2.62935249843014,4845.41245309499,704.020947990757,45401.5110441324,-11442.2989101301,-6999841.13942844,-6999978.95025989,27854246.7799905,-14848242.31015,-55594628405.4388,29752076721.0874,0.0451622313028182,0.05,0.903244626056363,0.491869058653571,0.0858618972889807
0.387,2.54745251756226,19.9578169328716,-155.301814437461,3.32648526306467,4887.31636950102,689.077424568309,38406.331256693,-18444.7433020915,-6999784.20685117,-6999951.1542095,-27740381.6254483,14903834.4109374,55357991279.1121,-29869128442.8583,0.0421830671284127,0.05,0.843661342568254,0.497211163237669,0.0837625706335972
0.388,2.3946004705528,19.9614845911411,-150.396462227565,4.00517402953993,4922.22049184032,667.133945114496,31401.903190909,-25442.2207271694,-6999845.59283706,-6999981.88401999,27617609.6536638,-14965294.0319208,-55134512958.9167,29965414893.3555,0.0385154088588706,0.05,0.770308177177412,0.501656406199716,0.0802385726637687
0.389,2.24667006071502,19.9658188000241,-145.459706733782,4.65841982680138,4950.12477789838,638.190487788599,24406.6773174056,-32444.6910223897,-6999795.23966285,-6999964.47060523,-27516903.3052529,15000120.8614347,54927227414.8241,-30039516854.9481,0.0341811999758974,0.05,0.683623999517948,0.505123034916187,0.0754369636766592
0.39,2.10368919233859,19.9707906160644,-140.498545938576,5.27922168300941,4971.02926007988,602.247062904514,17402.2781639926,-39442.1620187067,-6999848.52926069,-6999984.10817127,27410324.1095711,-15039395.9935134,-54729499897.3177,30103087399.7966,0.0292093839356191,0.05,0.584187678712382,0.507557421446746,0.0695591545630523
0.391,1.9656787699018,19.9763640958356,-135.519981494818,5.8605806251041,4984.93390197077,559.303656561031,10407.0132134705,-46444.6486436415,-6999802.95509978,-6999971.96046488,-27319175.7877465,15063691.4062832,54544191781.0766,-30155013694.5428,0.023635904164351,0.0500436676490247,0.472305593788981,0.508938928023286,0.0628406360382075
0.392,1.83265269804981,19.9824962959324,-130.53101140383,6.39549567171193,4991.83873318538,509.360276093488,3402.64136910699,-53442.114594019,-6999850.03499699,-6999985.77590587,27225015.9933301,-15091322.2882597,-54365685485.4335,30201101762.1811,0.0175037040675896,0.0509916097153242,0.343266356275262,0.509281502485174,0.055527645684651
0.393,1.70461788161041,19.9891372729732,-125.538637310305,6.87696784908318,4991.74372180276,452.416911770374,-3592.65710547424,-60444.6125141086,-6999807.86174637,-6999976.54731304,-27140669.4921035,15109779.4739215,54196822670.1978,-30240467972.9001,0.0108627270268187,0.0529497440219476,0.205151643836391,0.50863188967638,0.0478530811918754
0.394,1.58157422557526,19.9962300835943,-120.549857230919,7.29799616940885,4984.64889552244,388.473569259689,-10597.0024981883,-67442.0742496802,-6999850.11990338,-6999987.00182557,27056153.1780943,-15130688.4989786,-54032515653.2327,30276478249.2465,0.00376991640570878,0.0556497793458738,0.0677436002446307,0.507064674711887,0.0400140118261312
0.395,1.46351463511503,20.0037107844525,-115.571672801264,7.65158165890203,4970.55422596834,317.530241247607,-17592.3299607782,-74444.580516047,-6999810.2245519,-6999979.45119992,-26976362.4751384,15145789.7502679,53875744317.2646,-30308405625.946,0.00371078445245132,0.0588630034388978,0.0630410314740951,0.504674680142997,0.0321529561080863
0.396,1.35042501556302,20.0115084322202,-110.611082050364,7.93072332515427,4949.45973965756,239.586932454017,-24596.6490758481,-81442.0384733094,-6999848.7148684,-6999987.86426263,26899381.8421262,-15162615.8756781,-53721553753.0505,30338469824.4953,0.0115084322202037,0.0623969542034658,0.184439006152074,0.50156748935277,0.0243446995166714
0.397,1.24228427243015,20.0195450835881,-105.675086603569,8.12842219477251,4921.36541105651,154.64363704884,-31592.0016920876,-88444.5512338725,-6999810.1099028,-6999981.24522606,-26822171.9109242,15175853.9488172,53573248209.7994,-30366036261.334,0.0195450835881275,0.066092120922412,0.295724865768374,0.497849041662407,0.0165898656742501
0.398,1.13906431139063,20.0277357952613,-100.770684499523,8.23767727194049,4886.27126616616,62.7003592498352,-38596.2940132442,-95442.0055581677,-6999845.65770883,-6999988.4094079,26751076.2988752,-15190182.3125168,-53425618375.1912,30392787412.5347,0.0277357952612931,0.0698187051779274,0.397254506376345,0.493615322642849,0.00881578171328653
0.399,1.04073003829701,20.0359886239614,-95.9048773518921,8.2514895840253,4844.17728176935,-36.2429058439464,-45591.6684025328,-102444.523594163,-6999807.39059755,-6999982.19801415,-26674542.076316,15202605.100018,53282539601.1146,-30418119154.9372,0.0359886239613694,0.0734734681704572,0.489817955481241,0.488943151523929,0.000884462871576242
0.4,0.947239359167679,20.0442046264237,-91.0846632063072,8.16285813264216,4795.08348402032,-142.186154191231,-52595.9326409017,-109441.974176153,-6999840.6628733,-6999988.6524916,26607997.5247985,-15215514.0549192,-53138091421.5215,30443549958.493,0.044204626423717,0.0769766881685102,0.574259915247956,0.48388294795412,-0.00739314959017768
0.401,0.858543180202511,20.0522778593995,-86.3170436628687,7.96478394630394,4738.98985162709,-255.129390131391,-59591.3256535828,-116444.496660679,-6999801.71105926,-6999982.39156727,-26530093.896723,15228035.9035737,52997080914.6292,-30468434014.2249,0.0522778593995277,0.0802692487990061,0.651281283700951,0.478454157189287,-0.0162381599248548
0.402,0.774585407771965,20.0600953796533,-81.6090167714651,7.65026602470816,4675.89641164737,-375.072609499954,-66595.5595647713,-123441.94310663,-6999833.26449867,-6999988.57267081,26466987.0179063,-15240398.1106511,-52852238649.1337,30494477812.9095,0.0600953796533155,0.0833098758674334,0.721347607682696,0.472643745348027,-0.0258818099927038
0.403,0.695302948433829,20.0675372439652,-76.9675841161218,7.21230539799684,4605.80314443824,-502.015816356029,-73590.9680422026,-130444.469465388,-6999792.39680533,-6999981.73187501,-26385251.6312274,15254079.7022584,52709876152.526,-30520886328.3267,0.0675372439652477,0.0860725373885481,0.784654966779607,0.466407872941597,-0.0365428586569893
0.404,0.620625708923901,20.074476509129,-72.3997437479073,6.64390106453207,4528.71007890054,-635.959006044334,-80595.1680854648,-137441.910971799,-6999822.7103603,-6999988.09533691,26324624.5212986,-15266806.6260683,-52560355751.3946,30518109238.5253,0.0744765091289779,0.0885440185531979,0.841124113699807,0.459676544028115,-0.0484064580822845
0.405,0.550476596174521,20.0807792319543,-67.9124972313115,5.93805405651992,4444.61719688249,-776.902183943688,-87590.5885428563,-144444.44611891,-6999778.26371469,-6999995.84734372,-26235731.230096,15251302.6124571,52412476904.4364,199989329137.514,0.0807792319543239,0.0907216804639554,0.890407139078715,0.452360741759937,-0.0616065627460246
0.406,0.484771517306963,20.0863044695829,-63.5128426147959,5.0877652855909,4353.52453043911,-924.835753213786,-94594.7492593686,-151403.484760091,-6999807.75649257,-6884749.8801625,26176745.6743404,215240631.749971,-52252409319.3439,199995881812.422,0.0863044695828776,0.0926114086805586,0.931898896825603,0.444361324994507,-0.0762135353738948
0.407,0.423419379652754,20.0909042982846,-59.2077814383515,4.08609096667571,4255.43206290872,-1079.63740631359,-101590.177377911,-158147.28167741,-6999757.2154779,-6569511.30750632,-26075663.6450035,415236513.562393,52093276872.0419,199996998159.312,0.090904298284606,0.0942257549326709,0.964750012876646,0.435578798748534,-0.0922279127232822
0.408,0.366322090748131,20.0944239426763,-55.0043117427097,2.92630396913522,4150.33983153233,-1240.9919043509,-108594.290212399,-164475.841895108,-6999786.24068688,-6054276.29486427,26017613.2270384,615233511.721705,-51913403403.931,199997295691.533,0.0944239426762827,0.0955822728174644,0.987881328754404,0.425922996974376,-0.109579966372129
0.409,0.31337455835977,20.0967020911961,-50.9094350358682,1.6020923991614,4038.24782140998,-1408.38401225417,-115589.719880373,-170189.168551496,-6999725.32916181,-5339044.13529679,-25895790.1768925,815230807.413239,51733975351.8581,199997214222.319,0.0967020911961356,0.0967020459078861,1.00000046832773,0.415321737082739,-0.128134292154627
0.41,0.264464690482126,20.0975714113389,-46.9301493431614,0.107759596536028,3919.15607848231,-1581.09849785482,-122593.770775398,-175087.26441405,-6999754.13166277,-4423814.7207724,25838185.1749655,1015228021.63556,-51517953515.3436,199996752416.333,0.097571411338933,0.0976084044848843,0.999621004501133,0.403727616955808,-0.147698787703822
0.411,0.21947339537042,20.0968592648882,-43.0734561284806,-1.56157586817211,3793.06459042388,-1758.22013176097,-129589.192140059,-178970.132331935,-6999674.92324548,-3308588.32292867,-25679768.3403781,1215224774.05189,50900308647.1671,199995553146.438,0.0968592648881952,0.0983258250757712,0.985084689739996,0.391122316746556,-0.168037087712768
0.412,0.178274581542037,20.0943886231456,-39.3463533924351,-3.409780196491,3659.973401707,-1938.63368764397,-136593.2235627,-181637.775675646,-6999904.53726227,-1993365.77230356,25220540.306789,1415220327.19833,199717969812.836,199991593087.715,0.0943886231455622,0.0988790051566801,0.954587103662677,0.377518017860567,-0.188883204099913
0.413,0.140735158138063,20.089979182157,-35.7558405380934,-5.43950436549127,3519.89275088113,-2121.02394316819,-143547.231501507,-182890.19935217,-6874825.01204906,-478149.648561377,224938510.119625,1615211920.28604,199893910716.344,-77518144862.126,0.0899791821569949,0.0992921037559944,0.906206825651659,0.362955840590734,-0.209956919432687
0.414,0.106715055137902,20.0834486775496,-32.3088561689112,-7.65198644543151,3372.95392553823,-2303.88724528063,-150276.27160671,-182573.662731398,-6549939.54657126,1098303.1992936,424832420.835969,1537693775.42392,199921659773.962,-199991773784.154,0.083448677549562,0.0995881371632446,0.837937930426122,0.347501680520141,-0.230978430615734
0.415,0.0760673607902837,20.0746143768367,-29.0121126684027,-10.0469150675688,3219.48181963086,-2485.66380710706,-156580.474666235,-180739.84460669,-6025146.29584832,2536001.08782544,624754080.60993,1337702001.63976,199928163929.623,-199995741050.567,0.0746143768366814,0.0997885176766228,0.747725074727321,0.331240828033728,-0.251681044213515
0.416,0.0486386467221184,20.0632946230946,-25.8718975796662,-12.622472059179,3060.00122783697,-2664.9210339921,-162259.922561123,-177568.325141553,-5300428.13327357,3773705.21893992,824682244.539553,1137706260.5892,199924597412.874,-199996954391.826,0.0632946230945741,0.0999127238931872,0.633499124318139,0.314272594072154,-0.271821940395104
0.417,0.0242694927347967,20.0493102622384,-22.8938736900002,-15.3755025670858,2895.23686844152,-2840.42122202052,-167114.688805891,-173259.099618051,-4375783.59002758,4811413.0023332,1024606841.95243,937709306.19737,199910426003.462,-199997439502.551,0.0493102622383681,0.0999780908762413,0.493210680522068,0.296705581601155,-0.291191613246884
0.418,0.00279521152261051,20.0324858805557,-20.0828791053546,-18.3017140321725,2726.11338524869,-3011.12666347968,-170944.850570609,-168012.164869203,-3251221.53507342,5649123.5887793,1224517267.95589,737711866.694818,199875046304.782,-199997558963.493,0.0324858805556794,0.099999707277715,0.324859756493696,0.278654056984945,-0.309621798343908
0.419,-0.0159532266841974,20.0126508424143,-17.4427273284689,-21.3958761861405,2553.7553382488,-3176.19964780834,-173550.500963987,-162027.51827357,-1926766.74396514,6286836.67599237,1424392314.26067,537714307.731326,199759374815.23,-199997325825.245,0.0203604826914274,0.1,0.203604826914274,0.26023576052539,-0.326991233372498
0.42,-0.0321480695616039,19.9896401279725,-14.9760073541515,-24.6520210488546,2379.48717593916,-3335.00246191453,-174731.778321686,-155505.157331349,-402494.742296859,6724552.32081107,1624151689.0759,337716981.906081,-96392211899.7964,-199996321500.81,0.0321480695616039,0.0999959891381022,0.321493590279956,0.241571351077773,-0.343228720170737
0.421,-0.0459634586607344,19.9632949708927,-12.6838862801116,-28.0636429258097,2204.82082585235,-3487.09739010189,-174338.262588095,-148645.079239835,1173460.84082914,6962271.14196674,1527759477.1761,137720660.40527,-199756871857.988,-199989149230.657,0.0459634586607344,0.0999500959212682,0.459864077538658,0.222785514022419,-0.358313224030862
0.422,-0.0575739295569273,19.9334632960565,-10.5659770167422,-31.6238984052233,2031.3155970612,-3632.24671320856,-172434.214820654,-141647.279292538,2601341.88207625,6999997.22775669,1328002605.31812,-62268488.8253865,-199871837110.727,124476763433.652,0.0575739295569273,0.0998376645990109,0.576675443963636,0.20400937280644,-0.372271037600928
0.423,-0.0671528686326086,19.8999999577354,-8.62039130226775,-35.3258036490875,1860.39505895593,-3770.39918543688,-169202.18360877,-134657.670181955,3829408.568839,6999967.12064812,1128130768.20739,62208274.6082652,-199906793995.467,-124361346959.263,0.0671528686326086,0.0996374996988644,0.673971836262106,0.185382663817401,-0.385170317479882
0.424,-0.0748710940872014,19.8627668035595,-6.84391376079602,-39.1623634527617,1693.28727197653,-3901.55168573553,-164842.027454827,-127647.325815162,4857585.94004866,6999994.72177676,928223974.211921,-62153072.3509972,-199920366531.96,124275801507.847,0.0748710940872014,0.0993260706917405,0.753790959068185,0.167053837171228,-0.397113310019865
0.425,-0.0808956280263049,19.8216326810307,-5.23220089489436,-43.1265736896975,1531.02041147215,-4025.7041948768,-159553.649588761,-120657.694995976,5685849.7309946,6999979.55017968,728303607.67996,62122729.1568501,-199922901618.435,-124214237176.046,0.0808956280263049,0.098877875463404,0.818136793971119,0.149177449878857,-0.408225916118082
0.426,-0.0853886682884631,19.7764734376387,-3.77998098663528,-47.2114385154855,1374.4227405626,-4142.85672190271,-153536.968537529,-113647.356454081,6314191.88786534,6999995.16074851,528380706.061526,-62091508.0191961,-199914305406.244,124161806800.565,0.0853886682884631,0.0982659492081754,0.868954800483004,0.13190905458636,-0.418645147947958
0.427,-0.0885067601827309,19.7271719208577,-2.48125401511659,-51.4099538022196,1224.12260165729,-4253.00925595247,-146991.905347534,-106657.713412875,6742615.44122374,6999984.55612959,328466400.655282,62070298.7813684,-199880661870.27,-124118752357.461,0.0885067601827309,0.0974625314953453,0.908110622870061,0.115398110670973,-0.42850566224496
0.428,-0.0904001681459921,19.6736179781528,-1.32949157646502,-55.7151236988463,1080.54842006957,-4356.16180365216,-140118.370149628,-99647.3801660813,6971141.51094389,6999995.47873223,128585738.785012,-62048453.5760929,-199651233155.699,124080322672.49,0.0904001681459921,0.0964399030686503,0.937373071410505,0.0997796318718928,-0.437926691194611
0.429,-0.0912124473156298,19.6157084569772,-0.317836790572932,-60.1199440780179,943.928732830495,-4452.31435747436,-133116.210974817,-92657.7288603583,6999901.63315105,6999987.18649238,-71065494.3706873,62031869.0963971,140236171485.252,-124046689760.89,0.0912124473156298,0.0951714025141126,0.958401840322824,0.0851653987491939,-0.447000636624923
0.43,-0.0910802145098219,19.5533472047764,0.560698694614843,-64.6174190844525,814.306471597003,-4541.4669227087,-126128.469393604,-85647.4001876113,6998954.22452299,6999995.71070833,69170677.1145648,-62014820.6644929,-136688970851.064,124015711888.141,0.0910802145098219,0.0936326312782065,0.972740093559897,0.0716356011991565,-0.455784416876683
0.431,-0.090133091981305,19.4864450689858,1.31310916692259,-69.2005445917898,691.683312388061,-4623.61949352307,-119117.711325666,-78657.7426019205,6999780.41621202,6999988.74598791,-67518293.7364996,62000891.2236485,134035799076.998,-123987517991.785,0.090133091981305,0.0918028536439597,0.981811440533967,0.0592319789689607,-0.464294373029931
0.432,-0.0884937028290503,19.4149198970342,1.94639855741994,-73.8623247416817,576.059823046506,-4698.77207441671,-112129.350756476,-71647.4179966527,6999280.02201402,6999995.87821567,66517505.3404982,-61986626.7681364,-132037776136.534,123960937544.175,0.0884937028290503,0.0896665961914293,0.986919394599578,0.0479542864679651,-0.472505186223411
0.433,-0.0862776705776388,19.338696536341,2.46756192300646,-78.5957554088854,467.435696977922,-4766.92466053965,-105118.818277814,-64657.7552755637,6999778.63928625,6999989.72021962,-65520270.7960361,61974310.7760385,130271153948.003,-123936071976.77,0.0862776705776388,0.0872154489929602,0.989247565355112,0.0377608448178338,-0.480352860590337
0.434,-0.0835936193168165,19.2577068343199,2.88360319620036,-83.3938407326471,365.811275939366,-4828.07725590631,-98130.0879149347,-57647.4344119522,6999393.94546421,6999995.99500727,64750883.1519671,-61961761.200731,-128750745088.733,123912188719.717,0.0835936193168165,0.0844500683412951,0.989858515910049,0.0285731124234078,-0.487741431589939
0.435,-0.0805431734951143,19.1718896383758,3.20151761887042,-88.2495765888987,271.186312196644,-4882.22985627309,-91119.7769854093,-50657.767266092,6999769.45607181,6999990.3281664,-63999861.9367661,61950427.5189863,127316764914.274,-123889371338.672,0.0805431734951143,0.0813823781957368,0.989688127586981,0.0202837871821379,-0.494552699942112
0.436,-0.0772209580490858,19.081190795908,3.42830906512917,-93.1559671148937,183.561058160819,-4929.38246536099,-84130.7879994868,-43647.4499527226,6999427.97659218,6999996.07001605,63316902.9775081,-61938943.819686,-125986939534.001,123867106668.585,0.0772209580490858,0.0780379647804414,0.9895306504513,0.0127676023592691,-0.500658007245559
0.437,-0.0737145982573848,18.9855631543078,3.5709728889328,-98.1060081877828,102.935287510977,-4969.53507930656,-77120.6993946616,-36657.7788368383,6999751.40980269,6999990.67953065,-62670036.5564932,61928162.8488989,124663910175.939,-123845466766.795,0.0737145982573848,0.0744586558985899,0.990007103509652,0.00589373738563941,-0.505930881584353
0.438,-0.0701047198673929,18.8849665609609,3.63651287959581,-103.0927039431,29.3092131447149,-5002.68770167094,-70131.5056847745,-29647.464987011,6999413.32833416,6999996.10899615,61993873.619446,-61917303.917896,-123370516404.121,123824051877.344,0.0701047198673929,0.070705273562031,0.991506239006186,-0.000461388299225617,-0.510259312898899
0.439,-0.0664649489780158,18.7793678632453,3.63192446377663,-108.109050259267,-37.3173940018061,-5028.84032881861,-63121.6571723646,-22657.7901879942,6999721.94375155,6999990.83101693,-61376642.7846752,61906747.9594477,122018281322.577,-123802927031.339,0.0664649489780158,0.0668605454997417,0.994083259136325,-0.00640218349459411,-0.513556467926185
0.44,-0.0628619121743567,18.6687409085335,3.56421132097149,-113.148051270284,-96.9443355477039,-5047.99296425507,-56132.287169785,-15647.4798041695,6999354.44162816,6999996.11546071,60641638.5379018,-61896179.0718913,-120639389531.993,123781745667.171,0.0628619121743567,0.0630321580279616,0.997299063542623,-0.0120039694366831,-0.515768822645087
0.441,-0.0593552364247933,18.5530665441904,3.44036892231919,-118.202702855915,-149.571865198149,-5060.14560445861,-49122.7184738098,-8657.80148730017,6999676.38540007,6999990.8092224,-59997750.9940911,61885566.5952798,119120849429.204,-123760569201.977,0.0593552364247933,0.0593559296640585,0.999988320640093,-0.0173060154089307,-0.516880952655413
0.442,-0.0559975492361717,18.4323326175755,3.26740080338249,-123.266009148755,-195.199781735698,-5065.29825297059,-42133.187489002,-1647.4946563138,6999239.05912057,6999996.09121669,59123098.4351126,-61875002.6066974,-117512419575.537,123739062907.549,0.0559975492361717,0.055999081774659,0.999972632792562,-0.0223081703529061,-0.516916557985942
0.443,-0.0528344785571303,18.3065339760405,3.05230245193775,-128.330966030005,-233.828392196216,-5063.45090628744,-35123.9722839264,5342.18711075081,6999605.94776792,6999990.62006377,-58389321.1404239,61864060.3008513,115633308827.736,-123717287427.852,0.0528344785571303,0.0531635794919761,0.993809654316157,-0.0269713690978971,-0.515935668924869
0.444,-0.0499046529723994,18.1756724669319,2.80207720531339,-133.390577630942,-265.457475005248,-5054.60356807691,-28134.2887785908,12352.4902130604,6999033.28104136,6999996.03665069,57243987.6873124,-61853227.127001,-113565457997.389,123694883637.756,0.0499046529723994,0.0510895131412394,0.976808153063342,-0.0312219200426945,-0.514028353106652
0.445,-0.0472397016070282,18.0397569375881,2.52372053025303,-138.437839834333,-290.087438372786,-5038.75623476323,-21125.5610800386,19342.1754500872,6999494.53972998,6999990.25134257,-56321470.3100767,61841656.5107545,110967297634.808,-123671914033.747,0.0472397016070282,0.0500584875235447,0.943690150143057,-0.0349591051441011,-0.511305578945207
0.446,-0.0448642543924268,17.8988032353422,2.22423547176306,-143.465756770193,-307.718015457277,-5015.90891024114,-14135.7327258579,26352.4745440128,6998656.71823731,6999995.95083645,54645827.3247317,-61830257.5229929,-108006971885.436,123647953625.447,0.0448642543924268,0.05,0.897285087848536,-0.0380653171027369,-0.507888160419405
0.447,-0.0427959419677779,17.7528342075189,1.9106174095806,-148.467324323032,-318.349812476624,-4986.06159076656,-7127.75425593913,33342.1633583587,6999299.05961932,6999989.67012618,-53361144.5607046,61817696.1024536,107153549323.695,-123623069474.205,0.0427959419677779,0.05,0.855918839355557,-0.0404177097002038,-0.503894881822445
0.448,-0.0410453960818693,17.6018797014374,1.5898689393845,-153.435546621629,-321.982345995625,-4949.21428058502,-137.276843712887,40352.4580316237,6999514.68972046,6999995.83149153,53792404.7629907,-61805373.3717509,-198747276228.722,123596711258.814,0.0410453960818693,0.05,0.820907921637385,-0.0419002167401747,-0.499430968610656
0.449,-0.039616249376279,17.4459765644083,1.26898512587153,-158.363419552478,-318.619181230193,-4905.36697567024,6856.00950235095,47342.1506283058,6953933.45636909,6999988.81374918,-144954871.465731,61791337.8870626,-199469729113.381,-123568953696.702,0.039616249376279,0.05,0.792324987525579,-0.0424147557474786,-0.494578020788978
0.45,-0.0385051429105433,17.2851686437359,0.954945236267857,-163.243947243133,-308.318675383615,-4854.51968078515,13704.2205681349,54352.4402853824,6709243.72034667,6999995.67478789,-344424600.579112,-61777615.8096398,-199582348130.196,123539020443.149,0.0385051429105433,0.05,0.770102858210867,-0.0418906177491092,-0.489386370523729
0.451,-0.037701796570787,17.1195067867157,0.654580864243775,-168.070125582406,-291.325552986576,-4796.67239147249,20207.9882635037,61342.136989006,6265027.94570246,6999987.56919983,-544006948.709308,61761404.6335095,-199593540728.117,-123506997704.965,0.037701796570787,0.05,0.754035931415739,-0.0402916904616277,-0.483870576393927
0.452,-0.037189254252766,16.9490488406363,0.374379146477533,-172.834958696622,-268.084034972536,-4731.82511325635,26167.7471447301,68352.4207609051,5621224.22662909,6999995.47498085,-743600489.437425,-61745593.071455,-199547756942.672,123471688147.458,0.037189254252766,0.05,0.743785085055319,-0.0376219261168316,-0.478008454125753
0.453,-0.0369443280887282,16.7738596527766,0.1202832095301,-177.531442477388,-239.23792361927,-4659.97784103646,31383.9131671501,75342.1220540415,4777849.85872033,6999985.72598313,-943148246.380097,61726095.0760025,-199430934852.954,-123433194555.378,0.0369443280887282,0.05,0.738886561774564,-0.0339287799325448,-0.471743693219334
0.454,-0.0369382422482919,16.5940110704081,-0.102507408963865,-182.152581049799,-205.630586519442,-4581.13058148669,35656.9504135382,82352.3986284701,3734986.14491375,6999995.22378144,-1142579181.23305,-61707099.4793753,-199160057376.901,123389465452.57,0.0369382422482919,0.05,0.738764844965838,-0.02930431525972,-0.464991760862342
0.455,-0.0371374762991282,16.4095819407909,-0.289736289718748,-186.691370308984,-168.30487123271,-4495.28332853518,38787.4536249393,89342.1052134206,2492826.93499225,6999982.85702835,-1341739238.60995,61682365.9731951,-198291949144.143,-123340627342.881,0.0371374762991282,0.05,0.742749525982565,-0.0238838969022484,-0.457648477084218
0.456,-0.037504808037636,16.2206581111772,-0.438289521217675,-191.140814378843,-128.502889511257,-4402.43609069172,40576.3622824358,96352.3724822117,1051941.72181023,6999994.9093301,-1540031187.7541,-61658261.3696859,54618539609.5166,123282625619.235,0.037504808037636,0.05,0.75009616075272,-0.0178426289596448,-0.449600394333191
0.457,-0.0380005552033913,16.0273324288056,-0.546392618779072,-195.493909159214,-87.6549524600582,-4302.58886035567,40867.3915003039,103342.085365127,-460780.196139111,6999977.96077003,-1485412648.14458,61624364.2495487,198113677790.922,-123215621027.105,0.0380005552033913,0.05,0.760011104067827,-0.0113899061222856,-0.440735948606776
0.458,-0.0385839953689394,15.8297047409053,-0.613750913434692,-199.743658773009,-47.25726509594,-4195.74164926699,39696.923926391,110352.339571184,-1847136.00538823,6999994.51450603,-1287298970.35366,-61591256.777556,198964280981.947,123129547795.256,0.0385839953689394,0.05,0.771679907378788,-0.00476242956757114,-0.43095628843046
0.459,-0.0392148461760867,15.6278818946884,-0.641519551989758,-203.883059126961,-8.69016882226112,-4081.89444725019,37239.2991493229,117342.0600486,-3034952.83525091,6999968.0316261,-1088334689.37171,61538291.0176996,199228274386.399,-123024617165.095,0.0392148461760867,0.05,0.784296923521734,0.00178476117973507,-0.420184731700409
0.46,-0.0398546395117473,15.4219777373551,-0.632139583753004,-207.905114343958,26.8585659726405,-3961.04727282966,33693.3836817839,124352.293122874,-4023673.38742942,6999994.01406125,-889106414.98531,-61486326.1473952,199340160035.005,122860830416.87,0.0398546395117473,0.05,0.797092790234946,0.00798996086446719,-0.408373948209925
0.461,-0.0404679090339836,15.2121131160816,-0.589140323103334,-211.802820342647,58.4002343982136,-3833.20011121951,29258.3804468677,131342.020778931,-4813109.72239722,6999938.10312229,-689766254.950305,61374504.2694745,199385610629.652,-122638474857.598,0.0404679090339836,0.05,0.809358180679673,0.0135987894295362,-0.395510197041966
0.462,-0.0410231788605128,14.9984158780254,-0.516940162149286,-215.569181251843,85.1454066751672,-3698.35300224143,24133.6185321002,138352.206388379,-5403183.1720327,6999993.36996296,-490380644.320653,-61263970.5881233,199390835829.86,84709647464.5231,0.0410231788605128,0.05,0.820463577210257,0.0183792298548455,-0.381614243909703
0.463,-0.041493752991775,14.781020870247,-0.420647247673289,-219.19719333208,106.504011465357,-3556.50748026119,18518.4768438789,145335.686047625,-5793868.39843843,6981084.2231071,-290989808.490793,23445676.8763997,199363668503.579,-9074747321.88073,0.041493752991775,0.05,0.8298750598355,0.0221362411997804,-0.366738910834143
0.464,-0.0418583053801127,14.5600699368504,-0.305860105730515,-222.679868554,122.085362628123,-3407.67772260367,12612.340819279,152326.980651283,-5985176.37267743,6999992.52632256,-91626139.9872146,14370929.554519,199302826922.698,-28748607308.6471,0.0418583053801127,0.05,0.837166107602253,0.0247245315374951,-0.350963565752816
0.465,-0.0421012706168164,14.3357119090114,-0.178468258987141,-226.01021576164,131.698148522187,-3251.84954839294,6614.56851442838,159329.367207832,-5977151.09920329,6999989.15222276,107676686.935484,-14377677.7541281,199198971260.373,-199981586631.447,0.0421012706168164,0.05,0.842025412336329,0.0260582715534187,-0.334386167131162
0.466,-0.0422130352474483,14.1081026146387,-0.044452871537558,-229.181236227153,135.350387558639,-3089.03091545473,724.455587236227,166288.837256739,-5769874.92663762,6885620.6811529,306875658.195857,-214359264.385575,199030719390.373,-199990510110.469,0.0422130352474483,0.05,0.844260704948965,0.0261168420251727,-0.317113409137027
0.467,-0.0421899297603352,13.8774048625968,0.0903125430686789,-232.185985718757,133.24934457223,-2919.3433273394,-4858.80972373841,173033.946554014,-5363483.90874658,6571266.16171209,505906377.58623,-414349774.496043,198751846719.419,-199991401963.061,0.0421899297603352,0.05,0.843798595206704,0.0249461051914755,-0.299250388401929
0.468,-0.0420340213331665,13.6437883142776,0.220261304492037,-235.017735792961,125.801391950663,-2743.10113897536,-9936.2151359053,179364.705928151,-4758201.60780064,6056920.68623452,704658224.305649,-614341176.459104,198251367754.263,-199989603650.93,0.0420340213331665,0.05,0.84068042666333,0.0226551314080829,-0.28089165202583
0.469,-0.0417527074794544,13.4074291690072,0.340332568127525,-237.67017235632,113.611779521898,-2560.81869580032,-14309.0457369274,185081.124425547,-3954417.69961786,5342584.70794995,902909592.059911,-814330780.110035,197193457249.198,-199981579617.934,0.0417527074794544,0.05,0.835054149589089,0.019408754877037,-0.262115194536338
0.47,-0.0413581108317999,13.1685096497009,0.446170019676169,-240.137595656085,97.4842262612235,-2373.2103333833,-17779.1430643071,189983.213480173,-2952911.37893335,4428263.13803095,1100103049.30911,-1014312359.72797,193910434840.799,-162301843941.402,0.0413581108317999,0.05,0.827162216635997,0.0154167323659104,-0.242980083030908
0.471,-0.0408662754906325,12.92721728858,0.534319976056094,-242.415119954403,78.4200576171196,-2181.1888029709,-20149.6845127791,193877.270131016,-1755853.11220384,3332799.85633228,1294013484.14991,-1176614203.66937,-4609117473.37616,199982474265.981,0.0408662754906325,0.05,0.817325509812649,0.0109205977444165,-0.223527898007594
0.472,-0.0402961661500221,12.6837440164418,0.602426428050651,-244.498862014737,57.6079234157022,-1985.8329026759,-21259.2990691535,196655.093297891,-464144.18679062,2256176.8897959,1289404366.67653,-976631729.403389,-192345284540.123,199990679366.554,0.0402961661500221,0.05,0.805923323000443,0.00617950800379018,-0.203787767930055
0.473,-0.0396684878382261,12.4382850999711,0.649379466871885,-246.386030367682,36.3234385940769,-1788.20415994304,-21110.7986200293,198456.28610288,729087.537615849,1379540.50007579,1097059082.13641,-776641050.036834,-195521158878.819,199992900930.802,0.0396684878382261,0.05,0.793369756764522,0.00145629587101292,-0.183784028693622
0.474,-0.0390044258692446,12.1910380948577,0.675313102197649,-248.074807154593,15.7518802082584,-1589.17921072759,-19865.7684011583,199480.838228092,1728386.04031285,702895.900504352,901537923.257589,-576648149.106033,-196452512297.944,199993237340.952,0.0390044258692446,0.05,0.780088517384892,-0.00299588672217903,-0.163544097766152
0.475,-0.0383244685322927,11.9422019696639,0.681456089521246,-249.564151157285,-3.10762437354636,-1389.43469952254,-17719.3554845997,199928.742260267,2531697.70742146,226244.370068795,705085410.959644,-376654911.765081,-196769455965.026,199991547914.506,0.0383244685322927,0.05,0.766489370645854,-0.00694662267976385,-0.143104289162173
0.476,-0.037647408391047,11.6919764291797,0.669938475836628,-250.853597805641,-19.4518154966073,-1189.4472779147,-14867.9099810259,199999.991099106,3138398.39039859,-50414.7677390325,508315954.994619,-176663363.850575,-196781439650.343,199982587965.274,0.037647408391047,0.05,0.75294816782094,-0.0102006467397988,-0.122512749894406
0.477,-0.0369895390786972,11.4405614377719,0.643595311734035,-251.94305918492,-32.6740061832535,-989.493605485606,-11508.1505197384,199894.575080769,3548323.62556804,-127086.837606971,311534515.344276,23319224.1146986,-196559944736.253,199938504892.794,0.0369895390786972,0.05,0.739790781573943,-0.0126085897138079,-0.10182926328751
0.478,-0.0363640486252026,11.1881569427234,0.605769960167107,-252.832624046216,-42.3642624686812,-789.650356515251,-7836.8196272876,199812.470939368,3761578.16854419,-3798.36104587497,114974570.608023,223257729.007493,-196082575917.043,-191398361355.952,0.0363640486252026,0.05,0.727280972504052,-0.014075035796643,-0.0811219774236633
0.479,-0.0357806095146662,10.9349627970138,0.560117374165182,-253.522361092903,-48.3093006905919,-589.810550066628,-4050.4346027589,199888.401715934,3778511.45119369,123760.187283642,-81108005.3090202,31859367.6515415,-195240701838.681,-199483818404.134,0.0357806095146662,0.05,0.715612190293324,-0.0145631446520527,-0.0604614207795686
0.48,-0.0352451653723707,10.6811788505246,0.510407601575673,-254.012207150305,-50.4921325978821,-389.863270188211,-345.017271192838,199994.844283976,3599783.09496533,55877.6457331164,-276348707.147701,-167624450.752593,-193769081905.973,198199515262.742,0.0352451653723707,0.05,0.704903307447413,-0.0140954305814399,-0.0399127242492449
0.481,-0.0347599139210398,10.4270050454199,0.460329794919542,-254.3020690181,-49.0913901511963,-189.860166176691,3084.29662321431,199999.942956876,3226549.84686464,-12647.0473881056,-470117789.053674,30575064.5101488,-190986727092.01,-15882472081.1795,0.0347599139210398,0.05,0.695198278420796,-0.0127506674626798,-0.019528426986825
0.482,-0.0343234855150893,10.1726413793483,0.413297131590493,-254.391930179032,-44.4801293496875,10.1378873309059,6043.95645437011,199999.936363063,2660938.69426496,9986.78108145338,-661104516.145684,14692592.4289693,-184650628691.886,-179978797822.117,0.0343234855150893,0.05,0.686469710301785,-0.0106572621810507,0.000656118679326853
0.483,-0.0339313160153158,9.91828785172429,0.372253385473623,-254.281791546688,-37.2235814104046,210.137766733338,8343.56778578025,199987.272974055,1907508.86377333,-65310.0254006357,-845755144.837569,-165286205.393147,-161269321305.321,199676994906.401,0.0339313160153158,0.05,0.678626320306316,-0.00798377320127099,0.0206254499628949
0.484,-0.0335762116183251,9.66414445645182,0.339482922391359,-253.971676251422,-28.0739379385984,410.073156868582,9801.32085691725,199872.599345109,981119.058283105,-130757.733340582,-1007024466.14289,34390789.5132538,113455452833.876,199417673350.687,0.0335762116183251,0.05,0.671524232366503,-0.00492750900124387,0.0403851778887363
0.485,-0.0332490994657597,9.41041112399404,0.316432150833617,-253.461685493073,-17.9451676530286,609.894418214996,10297.8369242679,199792.273285417,30822.3185571523,3341.8928480148,-893569013.309014,233808462.863941,170370906864.784,-199930755721.59,0.0332490994657597,0.05,0.664981989315194,-0.00170227923458926,0.059960614567669
0.486,-0.0329399295181175,9.15728768623226,0.303605226411151,-252.751886305304,-7.77374895058098,809.719000075826,9910.26988731467,199879.197617077,-777561.24131947,137184.97785116,-723198106.44423,33877707.1423508,179098401586.663,-199982016801.287,0.0329399295181175,0.05,0.658798590362349,0.00147383611102661,0.0793937249917597
0.487,-0.0326385976308219,8.9049739783472,0.300628378096252,-251.842205097202,1.63466973173268,1009.66410388232,8800.95932637086,199999.991112365,-1411210.14697037,71071.6765928678,-544099704.857567,-166104309.658936,181550049286.886,-199991428823.241,0.0326385976308219,0.05,0.652771952616438,0.0043907758055872,0.0987398284015984
0.488,-0.0323357481737395,8.65366993993314,0.30640716789605,-250.732537740092,9.64690528586238,1209.66361380517,7147.95766851952,199954.678729325,-1864534.82718449,-195028.347477689,-362549655.57068,-366095738.482177,181503141511.361,-199993174109.075,0.0323357481737395,0.05,0.64671496347479,0.00685902517146019,0.118063032020186
0.489,-0.032023406685033,8.40357554832499,0.319303702502172,-249.422946212246,15.8097332290909,1409.45142935542,5132.39853713492,199543.270316921,-2136332.91199949,-661120.673014403,-181046514.059319,-566088912.591252,179582464028.929,-199992847925.867,0.032023406685033,0.05,0.64046813370066,0.00872164218214996,0.137429234697642
0.49,-0.0316954329893323,8.15489055249728,0.337317532430279,-247.913858588156,19.851273493884,1608.56145814841,2935.47277877725,198565.77304629,-2227588.19404435,-1327206.00956859,-1464050.03038982,-766081760.517119,175366390685.299,-199990619131.484,0.0316954329893323,0.05,0.633908659786646,0.00986471133329828,0.15689710372894
0.491,-0.0313477931595027,7.90781400697167,0.358266677999048,-246.206269031148,21.6800151002459,1806.32761495403,736.380291498599,196822.194386608,-2141369.04873209,-2193283.07965145,173902340.654909,-966072379.648603,167227366166.811,-199982372780.807,0.0313477931595027,0.05,0.626955863190054,0.0102252437669455,0.176507922390024
0.492,-0.0309786512861689,7.66254360573192,0.379966627895834,-244.301937785716,21.3816623977446,2001.88382313867,-1290.16635921156,194112.544721669,-1883853.02499377,-3259346.64569045,341129706.82172,-1166054752.42941,150419642949.876,137427483502.169,0.0309786512861689,0.05,0.619573025723378,0.00979577765893207,0.196275309858411
0.493,-0.030588284297013,7.41927481661619,0.400404698844616,-242.203588355043,19.212691962296,2194.1780782239,-2978.38459030283,190293.075280347,-1467513.49669711,-4356687.65636878,491549349.771596,-1028627268.92724,108018095152.714,199981477328.387,0.030588284297013,0.05,0.611765685940261,0.00862524100799034,0.216175819725514
0.494,-0.030178826549745,7.17819984299001,0.417904994302677,-239.915031046746,15.5869762692379,2382.12970435946,-4182.12039625536,185455.404235736,-921955.099349159,-5285324.18663182,599567444.92431,-828645791.598854,-9701870064.76988,199989548588.861,0.030178826549745,0.05,0.603576530994899,0.00681597410512513,0.236141582679669
0.495,-0.029753858519249,6.93950655918003,0.431272152318517,-237.441087387961,11.0434019862093,2564.81267176781,-4805.90875148649,179789.088744736,-327238.589457233,-6013975.20393625,589865574.85954,-628656243.009993,-98942083254.4819,199991357618.49,0.029753858519249,0.05,0.595077170384979,0.00451710981132482,0.256057109256082
0.496,-0.0293178745075436,6.70337758743274,0.439881813378999,-234.787407028437,6.16806228233521,2741.49832984331,-4854.70490072303,173494.117312232,213155.943775066,-6542635.76813699,490923491.605058,-428664885.391503,-125830088604.284,199990461929.521,0.0293178745075436,0.05,0.586357490150872,0.00191466084283995,0.275762141885355
0.497,-0.0288757049827441,6.46998956935118,0.443677455763014,-231.960268273682,1.49651301507537,2911.65801805982,-4417.05889257948,166770.480845054,641164.391077982,-6871305.42256374,365093403.000775,-228674423.461983,-134074561073.953,199981493428.128,0.0288757049827441,0.05,0.577514099654883,-0.000781416338797569,0.295060717906273
0.498,-0.0284319858755424,6.2395126372344,0.443086395000762,-228.966378094359,-2.54470122150974,3074.96306635191,-3615.69356018011,159818.168459664,939220.51354178,-6999989.09931165,231018841.926822,-28692930.0338541,-133884814884.551,57379084282.959,0.0284319858755424,0.05,0.568639717510847,-0.00335278265009577,0.313735537139935
0.499,-0.0279907335733518,6.01211008520901,0.438898893829709,-225.812673326006,-5.65785991855134,3231.27884890209,-2583.27776148901,152813.396076049,1103296.94802633,-6999992.48720403,97134027.0422703,28686154.2491048,-127285450735.359,-36184744785.2923,0.0279907335733518,0.05,0.559814671467035,-0.00558992698370812,0.331566169086645
0.5,-0.0275550475524039,5.78793822872924,0.432136264394121,-222.506153550764,-7.67860376196744,3380.59552206255,-1452.62804173077,145821.715875172,1136788.24970092,-6989398.70534757,-30151423.6930884,-7498590.53618744,-113360953817.73,-6192071411.89645,0.0275550475524039,0.05,0.551100951048077,-0.00730954479209158,0.348349169021827
0.501,-0.0271269457370949,5.56714638526278,0.423918610335636,-219.05381243459,-8.57258628920568,3522.92103081698,-349.808996179354,138827.535862654,1049956.34909896,-6999993.3315897,-143512377.510818,-13690661.9480839,-89134587128.2222,27491518153.1995,0.0271269457370949,0.05,0.542538914741898,-0.00837044149203295,0.363917468232898
0.502,-0.0267073292929565,5.34987687952395,0.415339389802568,-215.462644642745,-8.42504978155103,3658.24743371677,613.53539964283,131825.279119783,861876.678024034,-6999938.23446119,-232646964.63904,13800856.2051156,-51262936999.3467,-27713190990.8182,0.0267073292929565,0.05,0.534146585859131,-0.00868640000731777,0.378156221976718
0.503,-0.0262960662705398,5.13626503789034,0.407354633019175,-211.739650881748,-7.421486492711,3786.57388914573,1350.54477251412,124827.622448259,603598.244885321,-6999993.97375148,-283909901.638387,-13912334.7857026,-4493621072.0789,27876451048.8413,0.0262960662705398,0.05,0.525921325410796,-0.0082346956466397,0.391013274529337
0.504,-0.0258921745122017,4.92643918681327,0.400697151594124,-207.891830194418,-5.81664814890528,3907.90035740345,1811.4391297349,117825.31838229,317441.532710894,-6999968.08301276,-288403522.710466,13964116.2631387,34357120853.8184,-27981011386.9816,0.0258921745122017,0.05,0.517843490244034,-0.00705929373213967,0.402503434353861
0.505,-0.0254940729070743,4.72052065276278,0.395827399428099,-203.926183490507,-3.89312395989777,4022.22685322147,1990.40508789953,110827.66885551,46216.5704273379,-6999994.47244311,-254046401.856647,-14016895.1238429,57335428419.1196,28066759527.3707,0.0254940729070743,0.05,0.509881458141486,-0.00526818449322256,0.412706196802237
0.506,-0.0250998604471752,4.51862376223277,0.392927073302382,-199.849709818751,-1.91956267757655,4129.55335813988,1919.15436213507,103825.34372876,-179162.117219749,-6999977.98780327,-196710973.437527,14049864.4035278,67593836720.2074,-28133484579.808,0.0250998604471752,0.05,0.501997208943504,-0.0030247932436082,0.42175720354727
0.507,-0.0247075823066173,4.3208558417293,0.391929594444416,-195.669410100779,-0.119958126427605,4229.87988229028,1652.90239764992,96827.7017590619,-342076.172297173,-6999994.86568964,-129117136.71732,-14083620.1762803,68858696221.1945,28191228210.2201,0.0247075823066173,0.05,0.494151646132345,-0.000533978841070108,0.429834346807158
0.508,-0.024315452441016,4.1273172177753,0.392574268763202,-191.392283385311,1.34325577463006,4323.20641398098,1257.74410636429,89825.3636213191,-436763.960903896,-6999982.87176081,-60258440.4961256,14107608.0339399,63203980434.4383,-28239829627.7439,0.024315452441016,0.05,0.486309048820321,0.00197624656557783,0.437139937447056
0.509,-0.0239220155332165,3.9381012169033,0.394471618529013,-187.025330600846,2.37520832631114,4409.53296077486,801.3849219514,82827.727915304,-465420.411182803,-6999995.17854074,2945539.93831264,-14132221.5938041,51829269933.1869,28283334628.1863,0.0239220155332165,0.05,0.478440310664331,0.00427561181078128,0.443880720241362
0.51,-0.0235262420423566,3.75329416565921,0.397170503889183,-182.575550795125,2.94653351890808,4488.8595142029,346.075492393285,75825.380515071,-436560.236277896,-6999985.73282046,54774809.8714995,14151113.0343823,36070412917.5039,-28321616392.4484,0.0235262420423566,0.05,0.470524840847131,0.00615309052860214,0.45024770759328
0.511,-0.0231275582759145,3.57297539059713,0.400219897985427,-178.049944901337,3.08496096201256,4561.18608030305,-57.0856034626107,68827.750069369,-363750.219947645,-6999995.4279823,90845222.7890034,-14170503.3580661,18154344296.3649,28356722478.3609,0.0231275582759145,0.05,0.46255116551829,0.00743689638697991,0.456397795264747
0.512,-0.0227258197857166,3.39721721828244,0.403219627612869,-173.455511966036,2.86189755005331,4626.51265243797,-372.38748796636,61825.3955101208,-263827.825010459,-6999987.57010118,108999567.085368,14186219.1202946,1050803568.39577,-28388549574.0843,0.0227258197857166,0.05,0.454516395714332,0.00801096275203724,0.462438926536885
0.513,-0.0223212413569469,3.22608497528785,0.405855910520096,-168.799252925917,2.37580652757797,4684.83923567666,-581.540395506068,54827.7696246507,-154302.856140893,-6999995.62576793,110050370.653764,-14202330.4537898,-12682085404.7357,28418293233.7083,0.0223212413569469,0.05,0.446424827138938,0.00782621852338997,0.468420203302206
0.514,-0.0219142999963755,3.05963698819601,0.407919709455296,-164.08816682631,1.73492801221855,4736.1658245289,-682.931747220868,47825.4092158615,-50593.5281894964,-6999988.80960487,97368285.2490284,14215962.7799185,-21787436760.5836,-28445866528.8117,0.0219142999963755,0.05,0.43828599992751,0.00690546867266725,0.474327844571585
0.515,-0.0215056279717936,2.89792458359625,0.409308614789119,-159.329254606692,1.04201973857941,4780.49242342265,-688.472372245948,40827.7874098918,35881.0386792402,-6999995.78008935,75580848.4884448,-14229903.7488932,-26164629657.3066,28472045213.1393,0.0215056279717936,0.05,0.430112559435872,0.00534131874206387,0.480087312199644
0.516,-0.0210959110039867,2.74099208808698,0.410015309678128,-154.529515311173,0.382994500852103,4817.81902762709,-619.161680932036,33825.4220187969,98379.5723390317,-6999989.66123168,49416218.8311382,14242141.4642461,-26326940513.3527,-28496753642.3842,0.0210959110039867,0.05,0.421918220079733,0.00328728520314066,0.485571320334932
0.517,-0.0206858029162861,2.58887682827283,0.410106959551851,-149.695949881531,-0.179838313293284,4848.14564114078,-500.461822596328,26827.8039693569,134632.320913494,-6999995.89658862,23089278.3177855,-14254612.1781381,-23066351698.6917,28520542392.0283,0.0206858029162861,0.05,0.413716058325722,0.000942931582682297,0.490612875712627
0.518,-0.0202758635161406,2.44160913076685,0.409700098881077,-144.835557360659,-0.610096860367346,4871.47225974908,-358.129254473723,19825.4341904112,146188.423381933,-6999990.23757074,22926.6190938148,14265930.2138904,-17359782837.1494,-28543343233.8503,0.0202758635161406,0.05,0.405517270322812,-0.00146551501570202,0.495022017764228
0.519,-0.0198665220866342,2.29921232218808,0.408935158421122,-139.955338692302,-0.895851406331801,4887.79888716978,-214.822664921768,12827.8196940751,137531.458582452,-6999995.97897378,-17336856.2180556,-14277413.0199598,-10342419592.9724,28565582187.4298,0.0198665220866342,0.05,0.397330441732684,-0.00370714812777777,0.498604583674822
0.52,-0.0194580650860546,2.16170272916351,0.407954009036254,-135.062292918127,-1.04522875214839,4897.12551953812,-87.6833710471724,5825.44593895593,115023.39256791,-6999990.60090002,-27679275.811028,14288169.1674697,-3213247321.24954,-28587195288.9793,0.0194580650860546,0.05,0.389161301721092,-0.00556878223385137,0.501181148016503
0.521,-0.0190506437477717,2.0290896783259,0.406882929083791,-130.163420983606,-1.08014752485183,4899.45216040501,12.9648423950159,-1172.16510990852,85737.4930962577,-6999996.02937704,-30892523.1322775,-14299026.1215096,2941257347.89352,28608543584.3907,0.0190506437477717,0.05,0.381012874955434,-0.0068755430547609,0.502604292160753
0.522,-0.0186442954126003,1.90137549631572,0.405822290884333,-125.265721929149,-1.02934013737457,4894.77880613205,83.7462834831171,-8174.54256174892,56315.598637927,-6999990.78370635,-27951265.784384,14309517.4628811,7315948258.9952,-28629564567.9422,0.0186442954126003,0.0503527634759472,0.370273528711219,-0.00750760752512105,0.502772544724842
0.523,-0.0182389717103537,1.77855550977907,0.404843106151967,-120.376196701778,-0.921789767692432,4883.1054601995,127.305573938685,-15172.1501808185,32022.3069830406,-6999996.04852744,-20635317.5253888,-14320047.1050612,9465509282.86681,28650596119.6257,0.0182389717103537,0.0517031733328653,0.352763100108596,-0.00741144619948158,0.501639678304456
0.524,-0.0178345671060415,1.66061804536966,0.403989525296755,-115.501844340591,-0.781517863629672,4864.43211909474,150.587807039509,-22174.5311535452,16119.7440990853,-6999990.79757269,-11169808.242522,14330549.0145645,9296309094.2127,-28671574419.01,0.0178345671060415,0.0538306285267091,0.331308914537243,-0.00660448007920442,0.499218516414762
0.525,-0.0174309426502229,1.54754442974674,0.403285600021228,-110.649665794029,-0.624344473035449,4838.75878631831,162.672031866368,-29172.1352723471,9598.09040366967,-6999996.03576763,-1873499.14830925,-14341025.4044454,7026387806.20098,28692851099.1969,0.0174309426502229,0.0565190401894999,0.308408327384535,-0.00517273093005982,0.495578948609987
0.526,-0.0170279417163661,1.43930898957716,0.402744171736627,-105.826660099789,-0.456892879666706,4806.08545839264,172.50443733025,-36174.5196789671,11237.7851584609,-6999990.63562248,5152888.65789172,14351825.6947515,3147543129.8837,-28714357967.2683,0.0170279417163661,0.0595857040297365,0.285772266916041,-0.00326174987859733,0.490840419452864
0.527,-0.0166253967247764,1.3358790515334,0.402375644973038,-101.039828207635,-0.277779587350498,4766.41213893522,186.843257339304,-43172.1201280701,17964.4453812945,-6999995.98891136,8300431.78777543,-14362532.2725168,-1620399828.43354,28736503047.3305,0.0166253967247764,0.0628781869043668,0.264406426827517,-0.00106178093365931,0.485159690708411
0.528,-0.0162231280136159,1.2372149422956,0.40219461343658,-96.2961691537301,-0.0806382186821018,4719.73882441161,208.687851976414,-50174.5079659431,25454.6772548531,-6999990.26966021,6680031.95934189,14373970.7748136,-6410093428.97123,-28759210033.8687,0.0162231280136159,0.0662712934781611,0.244798722978932,0.00121131405485408,0.478715126482216
0.529,-0.0158209378306044,1.14326998854966,0.402222786507315,-91.6026838890911,0.141623223355422,4666.06551867222,236.41419630611,-57172.1044518882,28929.6624997094,-6999995.90390233,269938.530370653,-14385239.259055,-10325111003.9208,28783006160.7932,0.0158209378306044,0.0696641354453712,0.227103052804133,0.00333743161591742,0.47168907311101
0.53,-0.0154186036368077,1.05399051698943,0.402487363644087,-86.9663714481554,0.392117027707952,4605.39221802043,263.757976237018,-64174.4958077266,24037.0455281196,-6999989.64008099,-10055172.4735501,14397766.9017382,-12563369185.3553,-28807802006.3905,0.0154186036368077,0.0729773228761113,0.211279381445423,0.00511375518119682,0.464250071854815
0.531,-0.0150158753546857,0.969315854314721,0.403014842173906,-82.3942327831369,0.665694190914048,4537.71892669539,280.673540664137,-71172.0878646912,7700.18846189185,-6999995.77418244,-22618541.6589054,-14410035.1046524,-12509781361.6318,28834355816.2054,0.0150158753546857,0.0761502943427164,0.197187358030507,0.0063742947786597,0.456536636457967
0.532,-0.0146124807715142,0.889178327233762,0.403821109812482,-77.893266926468,0.945926827975912,4463.04564070258,274.979494736304,-78174.4829304566,-21173.2438778295,-6999988.63137899,-35128323.0205373,14424320.711553,-9799415162.59008,-28862557833.6249,0.0146124807715142,0.079138799602804,0.184643699991079,0.00700552106686802,0.448644154342123
0.533,-0.0142081420569368,0.813503262461079,0.404899452171927,-73.4704748315105,1.20405667130477,4381.37236490331,234.608853487774,-85172.0698277854,-61201.2744796618,-6999995.58958425,-44927738.1831273,-14438237.1220718,-4386117251.06931,28893630523.1507,0.0142081420569368,0.0819125457926626,0.173455017414555,0.00695659292841993,0.440616146324951
0.534,-0.0138026044054964,0.742208986720377,0.406208704517494,-69.1328555282657,1.4003941763034,4292.69909480915,150.212690374704,-92174.4689308435,-108322.071288324,-6999987.01144475,-49313855.4341966,14455393.4010788,3362129526.26233,-28927432663.6723,0.0138026044054964,0.0844530153377418,0.163435306013616,0.00624324144461999,0.43244068092708
0.535,-0.0133956753881412,0.675206826742187,0.407664124634207,-64.8874099711777,1.4883669438585,4197.02583629513,17.7940462903252,-99172.049484365,-155954.861959389,-6999995.3343755,-45951725.9079343,-14472039.2625934,12587838345.838,28966228504.5479,0.0133956753881412,0.0867514611412295,0.154414406534701,0.00494502545856079,0.42405222740428
0.536,-0.0129872709779278,0.612401109267401,0.409133586367624,-60.7411371871302,1.42104943144888,4094.35258406322,-159.038705565391,-106174.453133621,-195612.668694404,-6999984.25938582,-33363887.5620963,14494189.2419545,21998785535.2356,-29009827061.7416,0.0129872709779278,0.0888070820846073,0.146241388333813,0.00319634773833492,0.415338699633534
0.537,-0.0125774617713018,0.553689161044597,0.410441307496072,-56.7010381315011,1.15956035967324,3984.67934575532,-367.666853784971,-113172.025269563,-217977.163488883,-6999994.98367474,-11365102.0268607,-14515637.8197871,30101797230.5013,29063350405.9048,0.0125774617713018,0.0906253794879067,0.138785203906155,0.00117224659533515,0.406152940531954
0.538,-0.0121665110967178,0.498961308834706,0.411380482203997,-52.7741118268348,0.682264982023958,3868.00611469388,-586.309602082201,-120174.434180413,-214291.366900493,-6999978.94629157,18736695.2036406,14547712.5861177,35479379264.6902,-29132987048.242,0.0121665110967178,0.0922166929460285,0.131933934172184,-0.000929508858664874,0.396327474738226
0.539,-0.0117548959236807,0.448100879407834,0.411734953514291,-48.967359229009,-0.00658921350518764,3744.33290178463,-785.319391503426,-127171.994768253,-177814.982064507,-6999997.72722957,54216074.4683307,-14585274.4621244,36907851822.0356,199991919012.777,0.0117548959236807,0.093594911900028,0.125593322169442,-0.0029081435931711,0.385691053344559
0.54,-0.0113433020572345,0.400984199786906,0.411308635343224,-45.2877779320168,-0.870242256470227,3613.66681027031,-929.875027696762,-134145.953146212,-105144.981685159,-6914587.04218531,91123926.2903663,185406644.550653,33289233331.9042,199997199039.721,0.0113433020572345,0.0947763574224236,0.119684933729588,-0.00457939741209713,0.374085361614312
0.541,-0.0109325870976306,0.357480611316203,0.409960005649831,-41.7423271375732,-1.83611540257234,3476.10279792706,-983.90984068142,-140934.503999615,2623.5612711596,-6629181.7981148,124413159.622271,385403843.590373,23596495410.9113,199997984618.227,0.0109325870976306,0.095778826729903,0.114144090827721,-0.00579288186321422,0.361380394966189
0.542,-0.0105237079557912,0.317452573767159,0.407637753106243,-38.3377787301356,-2.79699474870568,3331.92627025167,-915.146950363973,-147337.650878498,138834.968598886,-6143778.96221531,148009655.033182,585401828.2086,7217889576.81924,199998187622.667,0.0105237079557912,0.0966207904270134,0.108917634696238,-0.00644558076650439,0.347487766238758
0.543,-0.010117614196322,0.280755951062336,0.404412551261828,-35.0805191900891,-3.61775519353232,3181.62263012125,-701.10417265236,-153155.395895339,290453.568420477,-5458378.04019538,155227544.610001,785400015.831267,-14928244206.6131,199998131166.212,0.010117614196322,0.09732073209974,0.103961550412022,-0.00649024168847531,0.332371565218366
0.544,-0.00971511399829121,0.247240496678349,0.400498996322363,-31.9763495959371,-4.14838333471471,3025.87727846392,-335.524872627984,-158187.740905757,438216.990927172,-4572978.958781,140299300.403388,985398146.997479,-39334058814.3295,199997818064.16,0.00971511399829121,0.097896621170808,0.0992385016163171,-0.00593797200235335,0.316055920248243
0.545,-0.00931672574087682,0.216750539046795,0.396261404736849,-29.0302856261813,-4.24305541426248,2865.57561434569,166.286092031826,-162234.687821362,558849.261923395,-3487581.90275144,100965241.589058,1185395965.06164,-61274187962.6431,199997008740.816,0.00931672574087682,0.0983655090545624,0.0947153715812005,-0.00485498596527387,0.298628570660402
0.546,-0.00892253410783854,0.189125866953311,0.39219833017909,-26.2463575612565,-3.78307024216922,2701.80303477583,765.405610089309,-165096.238906793,629177.409531131,-2202187.4333194,39691053.6264153,1385392973.80245,-77649144338.2237,199994342002.47,0.00892253410783854,0.0987432373201561,0.090360963950462,-0.00335407611362634,0.280240152340647
0.547,-0.00853207330654071,0.164202814934526,0.388903832361252,-23.6274102858462,-2.69969613272404,2535.84493407893,1401.48702237728,-166572.397462877,630043.890988435,-716797.288515706,-37958090.7118084,1585387315.80492,-87453941032.7864,-17857259747.5463,0.00853207330654071,0.0990442454460049,0.0861440588306775,-0.0015819242765775,0.261099319454277
0.548,-0.00814425992702787,0.141815548369681,0.387007576684926,-21.1749051077191,-0.99315742751421,2369.1776251386,1997.97621117101,-166499.477303448,548358.829760233,859661.397415445,-125412031.744595,1567530056.05738,-90305305561.9939,-199994472676.917,0.00814425992702787,0.0992814649420134,0.0820320281513234,0.000296242444942727,0.241464225878785
0.549,-0.00775739425526123,0.121797530765853,0.387098822455755,-18.8887702972009,1.25433347218107,2203.36090044018,2468.57814079861,-164889.383290117,377794.145234641,2327194.21713436,-215717337.306589,1367535583.38046,-84907154881.1046,-199997144856.258,0.00775739425526123,0.099466286335465,0.0779901868367564,0.0021129420436209,0.221631069339938
0.55,-0.00736924301052761,0.103983067439772,0.389640714907196,-16.7674109086965,3.87231799792586,2039.85470364149,2724.36242489978,-161911.754138769,119623.2304875,3594731.22808669,-300624492.187693,1167538438.5242,-67355153139.2304,-199997964388.265,0.00736924301052761,0.0996085859964898,0.0739820060369826,0.0037139517644189,0.201919819060086
0.551,-0.00697720969066896,0.0882087578227195,0.394882064009202,-14.8078659794678,6.60358149132397,1879.926571608,2682.44755043689,-157766.586685485,-214678.838269808,4662270.68441676,-367979645.326923,967540474.135937,-29234588182.2465,-199998294616.762,0.00697720969066896,0.0997167997313254,0.0699702528507552,0.00497148654352558,0.182656919282451
0.552,-0.00657859081337459,0.0743147627442819,0.402775513362576,-13.0060070085545,9.11614157389721,1724.64404374814,2278.90645813992,-152653.878813103,-597275.777687854,5529812.01124432,-397214233.50917,767542179.519175,32193529967.7197,-199998379867.23,0.00657859081337459,0.0997980295632889,0.0659190451170446,0.00579380572196408,0.164155779100171
0.553,-0.00617090556337815,0.062145871971709,0.412915279888949,-11.3567379546068,11.0315491680237,1574.87466137142,1488.38915202543,-146773.62877541,-978393.246213164,6197355.00082987,-365020703.54145,567543799.651945,87558378606.2155,-199998228934.716,0.00617090556337815,0.0998581710743392,0.0617967012312316,0.00613047980428695,0.14669683091231
0.554,-0.00575227013066212,0.0515523717512067,0.424513478549124,-9.8541952341165,11.9735531787942,1431.28596747016,342.078617142576,-140325.83491291,-1299634.76045151,6664899.68601446,-277462324.935235,367545570.717229,120325991164.632,-199997552838.256,0.00575227013066212,0.099902050836354,0.0575790995530684,0.00597313867522057,0.130509100224918
0.555,-0.0053217691589357,0.0423907123509321,0.436430907029468,-8.49194771973595,11.6245842778537,1294.34550676401,-1076.23297391578,-133510.49536701,-1516934.08980442,6932446.48031256,-157136333.770602,167548017.878973,138081179735.271,-199992225577.467,0.0053217691589357,0.0999335657182903,0.0532530698838227,0.00535214787179272,0.115755060709952
0.556,-0.00487976965520673,0.0345239756057535,0.447259155801321,-7.2631967383432,9.76944825256288,1164.3208262974,-2648.72170064962,-126527.606915354,-1605029.83370739,6999998.3854028,-19055154.0353317,-32444207.6984937,147329216501.297,33353159491.234,0.00487976965520673,0.0999558179327565,0.0488192659129608,0.00433011855069304,0.102520206713697
0.557,-0.00442813405930802,0.027822142788628,0.455437172009994,-6.1609741230049,6.32117449340789,1041.28920092178,-4238.7242419578,-119538.271773885,-1550420.37949207,6984230.75744992,128274062.465965,908951.792740347,150939840831.211,29715503728.6498,0.00442813405930802,0.0999712415180418,0.0442940788977685,0.00299334302005128,0.0908083018280916
0.558,-0.0039703060763516,0.0221621812792494,0.45938718357045,-5.1782897340083,1.33490823214969,925.244434164572,-5699.85095007835,-112548.633956584,-1346676.3966105,6999997.46110699,279213903.297176,30624455.5213902,149323503186.749,-61284764886.6749,0.0039703060763516,0.0999817174798788,0.0397103208109085,0.00144227149171866,0.0805428754021676
0.559,-0.00351125499116367,0.0174280474933109,0.457660598536623,-4.3081521852659,-4.98552345305161,816.198349482591,-6882.03314450915,-105543.538395198,-992800.741719954,6999979.53418504,428537406.483925,-30660309.3652847,139710728726.276,61357080367.868,0.00351125499116367,0.0999886760377722,0.0351165264938326,-0.000217892763474354,0.0715756918712865
0.56,-0.00305727176138749,0.0135106953885832,0.449087611702373,-3.54355970792909,-12.2867127869765,714.15224734794,-7637.28006153276,-98548.6628356339,-494407.970872891,6999997.76500369,568248135.210201,30696771.0025833,107874954094.95,-61408739705.3746,0.00305727176138749,0.0999931856194711,0.0305748010971676,-0.00188550133547806,0.0637021491753065
0.561,-0.00261561610119353,0.0103080788642789,0.432924433519736,-2.87751435841218,-20.0719940216567,619.106140825821,-7829.58480578472,-91543.5514750798,127777.641384785,6999990.16615358,676123089.30515,-30711968.7027913,-22856926907.7804,61439647510.0531,0.00261561610119353,0.0999960290728833,0.026157199695271,-0.00346886962048743,0.0566819084373093
0.562,-0.00219402166880385,0.00772515181335715,0.408986924689748,-2.3030140959645,-27.7259551971526,531.06002575768,-7367.55510756533,-84548.677352026,792472.267236044,6999998.02120582,653266162.39737,30727678.8072618,-134063087671.456,-61463998424.5349,0.00219402166880385,0.099997767838872,0.0219407064399589,-0.00489025642363335,0.0502627196898923
0.563,-0.00180008737020019,0.00567386812132769,0.377735372881055,-1.813060974426,-34.5939824393534,450.013907696124,-6270.79360707584,-77543.559491154,1378706.88579769,6999993.70080081,519203074.725914,-30736319.6172731,-163293704263.385,61481715638.0566,0.00180008737020019,0.0999987950539901,0.0180010906054248,-0.00608733045335938,0.0442051079930173
0.564,-0.00144063257479093,0.00407318166982737,0.340256050799708,-1.40065294919101,-40.095692662087,375.967784073586,-4659.70080129243,-70548.6869975554,1816263.10839191,6999998.23900256,355909370.462529,30745396.0207834,-174604660899.202,-61496351136.3253,0.00144063257479093,0.0999993786893829,0.0144064152564969,-0.00701276968531032,0.0383055088431925
0.565,-0.00112112258608802,0.00284904633556689,0.298146592773301,-1.05879207365446,-43.7952188749772,308.921658080238,-2694.58378448579,-63543.5654523985,2084870.14840483,6999995.45945518,181304709.563326,-30750955.1155419,-179854384959.42,61507842441.5139,0.00112112258608802,0.0999996958991354,0.0112112599544187,-0.00763308991800865,0.0324156212556687
0.566,-0.000845234569385284,0.00193441599235756,0.253357615940506,-0.780476301114955,-45.4246440663733,248.87552802515,-549.037012125864,-56548.6941634275,2176247.66548845,6999998.4255604,1450324.60390666,30756887.325972,-182108785704.882,-61517610034.9282,0.000845234569385284,0.0999998597667853,0.00845235754686555,-0.00792750842560634,0.0264561436727353
0.567,-0.000614590345503422,0.00126924451036194,0.208019704169295,-0.558707684877038,-44.8929033910587,195.829395988639,1597.58435138039,-49543.57022921,2086643.59723992,6999996.5078689,-180658461.100975,-30760722.7089562,-182122653143.104,61527664319.3765,0.000614590345503422,0.0999999396137481,0.0061459071663172,-0.00788720954590819,0.0204236262265793
0.568,-0.000428665643923179,0.000800485757411246,0.164264321762145,-0.386484176884603,-42.2896954284561,149.783260878925,3563.54494254597,-42548.6994719757,1814923.80956739,6999999.61731964,-362781114.244079,30766941.6104203,-179068510487.126,-199998699077.864,0.000428665643923179,0.0999999759772574,0.00428665746900448,-0.00751517189155631,0.0143898592215785
0.569,-0.000284879895774989,0.00048209340632004,0.124042277989209,-0.256808983838705,-37.8866132881041,110.731355760082,5167.23344324346,-35566.6495003638,1362608.44007975,6930767.20939112,-541849624.731204,-169231757.467443,-166709081936.459,-199999532119.401,0.000284879895774989,0.0999999912858736,0.00284879920599786,-0.00682660664323543,0.00849394819194603
0.57,-0.00017886769045822,0.000275009419369934,0.0889424165193596,-0.162714542946568,-32.1353301073567,78.5935512576647,6231.1322239682,-28753.8314250596,737404.274380312,6661535.68586398,-708558706.667663,-369231289.586845,10217360258.3193,-199999662159.534,0.00017886769045822,0.0999999971641282,0.00178867695530678,-0.00584996756314599,0.00292782936104814
0.571,-0.000104929582242222,0.000147073556096878,0.0600161151016081,-0.0974047027547063,-25.6531631406322,53.1006158080159,6615.96003839107,-22310.2446610156,33954.247841809,6192304.56519737,-698341346.409343,-569230951.746378,174838702769.77,-199999686993.166,0.000104929582242222,0.0999999991888911,0.00104929583093315,-0.00462840475480433,-0.00208394282198856
0.572,-5.66415506238931e-05,7.27537784576195e-05,0.0376489504545678,-0.054452543136713,-19.129331256773,33.7833182840165,6329.88339682316,-16435.888852857,-576967.747182649,5523073.76995441,-523502643.639573,-769230638.739544,187722216821.537,-199999643196.78,5.66415506238931e-05,0.0999999998015131,0.000566415507363192,-0.00322131318446469,-0.00630907095565366
0.573,-2.75304273511031e-05,3.26770196952483e-05,0.0215681513466645,-0.02800037492444,-13.1673604151135,19.9724278912136,5522.45136395765,-11330.7636761385,-1006609.28241145,4653843.30961647,-335780426.818036,-969230281.936324,191803661773.026,-199999427924.62,2.75304273511031e-05,0.0999999999599584,0.000275304273621267,-0.00170492165045218,-0.00953477446025537
0.574,-1.16700214810184e-05,1.29599535456267e-05,0.0109818559125252,-0.0129597395766729,-8.19618527759075,10.7987141800638,4379.91914509935,-7194.86874547762,-1246487.87834298,3584613.31371784,-143976765.045011,-1169229709.86094,193390201611.236,169230495683.466,1.16700214810184e-05,0.0999999999937015,0.000116700214817534,-0.000170464423729279,-0.0115947559366535
0.575,-4.1091398869094e-06,4.34027661758394e-06,0.00476349478089687,-0.00520833186750849,-4.45544827410326,5.20833174378842,3093.67458450241,-4166.66520407634,-1293769.54258237,2499998.85169863,49413436.5662255,-999999214.177477,193541495135.35,199999598636.441,4.1091398869094e-06,0.0999999999992936,4.10913988693843e-05,0.00128071929592108,-0.012393249591172
0.576,-1.11098329031785e-06,1.13777749054656e-06,0.0016429272809308,-0.00170666622107724,-1.99235865916703,2.13333274647499,1856.86867605904,-2133.33269302705,-1147585.35844847,1599999.43683937,242954931.701576,-799999615.541036,191154823449.172,199999827688.305,1.11098329031785e-06,0.0999999999999515,1.11098329031839e-05,0.00254484254362922,-0.0119235626909615
0.577,-2.00283165654875e-07,2.02499951146226e-07,0.00039945481240153,-0.000404999900392688,-0.660825389404908,0.674999828764463,862.61992070289,-899.999759343483,-809053.015022307,899999.735142485,434109755.150748,-599999787.852731,-40381775101.3145,199999900121.854,2.00283165654875e-07,0.0999999999999985,2.00283165654878e-06,0.00352534043897571,-0.0102778442096467
0.578,-1.76201079704088e-08,1.77777736164109e-08,5.28486058497868e-05,-5.33333207690678e-05,-0.132062924317268,0.133333301521844,263.891487405738,-266.666601440388,-395134.147422216,399999.897350681,393727980.049433,-399999887.730877,-195457822651.934,199999934245.635,1.76201079704089e-08,0.1,1.76201079704089e-07,0.00414359234621633,-0.00764560990797283
0.579,-2.75375218607638e-10,2.77777713173947e-10,1.65225131164583e-06,-1.66666627904368e-06,-0.00826125655822915,0.00833333139521842,33.0450262329166,-33.3333255808737,-99135.0786987497,99999.976742621,198270157.3975,-199999953.485242,-198270157397.5,199999953485.242,2.75375218613946e-10,0.1,2.75375218613946e-09,0.00434945105310588,-0.0043008981399175
0.58,2.71831646365765e-34,-5.45264682148839e-27,-8.80179950952344e-31,4.17918553694912e-23,2.50884506628893e-27,-1.15067799111437e-19,-7.3170843511358e-24,8.57227164536592e-17,1.98445550423022e-20,5.86901653155559e-14,-3.0684229417825e-17,0,0,0,5.45264682148839e-27,0.1,5.45264682148839e-26,0.00412948239060864,-0.000579419089245424
0.581,1.11714607622342e-37,3.10723860625057e-29,1.94373185319115e-33,-2.06328912958612e-23,-4.06053765121016e-43,-3.07798489329241e-35,-2.81464401774681e-24,1.44412881769215e-16,-1.08396743755229e-20,0,0,0,0,0,3.10723860625057e-29,0.1,3.10723860625057e-28,0.00351056463898789,0.00315195249284702
