time,x,y,vx,vy,ax,ay,jx,jy,snapx,snapy,cracklex,crackley,POPx,POPy,contour_error,allowed_error,error_utilisation,modal_x,modal_y
0,0,-3.47711359973763e-34,6.96060992696763e-27,-1.07573733797176e-30,-7.25836074833679e-24,0,2.59258218582405e-20,0,0,0,0,0,0,0,3.47711359973763e-34,0.1,3.47711359973763e-33,-3.63646690421175e-26,4.63784676573428e-32
0.001,7.65239986250596e-30,-3.38188181336343e-33,1.26651601077511e-26,-1.07573733797176e-30,3.59426297865523e-21,3.72858488517844e-29,-2.37524948742748e-18,-8.60160494498987e-26,0,3.44841130767476e-24,6.00724816920395e-16,6.90407668611454e-23,199999938667.705,-198397433251.603,3.38188181336343e-33,0.1,3.38188181336343e-32,-3.45437176523527e-26,2.20634534429002e-30
0.002,2.77777692594035e-10,-2.75551990627226e-10,1.66666615556421e-06,-1.65331194376335e-06,0.00833333077782105,-0.00826655971881677,33.3333231112842,-33.0662388752671,99999.9693338526,-99198.7166258013,199999938.667705,-198397433.251603,199999913551.85,-195803761582.288,2.75551990627226e-10,0.1,2.75551990627226e-09,2.73182897319563e-09,-2.7099401128561e-09
0.003,1.77777722911351e-08,-1.76317250783795e-08,5.33333167687559e-05,-5.28843682698497e-05,0.133333291398643,-0.13215688584818,266.666580704298,-264.097632390584,399999.864777483,-395498.030668548,399999852.219555,-394201194.83389,199999869005.851,-51144435626.2213,1.76317250783795e-08,0.1,1.76317250783795e-07,1.73606899315975e-07,-1.72180441899649e-07
0.004,2.02499935606662e-07,-2.00445936843925e-07,0.000404999868733325,-0.000399857662173044,0.674999774403518,-0.661834750863113,899.999683092533,-865.220333080447,899999.651499963,-815271.443315549,599999721.225406,-445345630.460112,199999774449.458,191820503879.898,2.00445936843925e-07,0.0999999999999985,2.00445936843928e-06,1.95675143030015e-06,-1.93684560342535e-06
0.005,1.13777739934439e-06,-1.11283880298742e-06,0.00170666607977124,-0.00164713871719914,2.13333256071899,-2.00092255634969,2133.33249094677,-1871.19450764607,1599999.2599501,-1164706.82183571,799999495.674863,-253525126.580214,199999475440.818,194059185241.556,1.11283880298742e-06,0.0999999999999515,1.11283880298796e-05,1.08415501425305e-05,-1.06004183051003e-05
0.006,4.34027624997736e-06,-4.12267718328757e-06,0.00520833140390376,-0.00478672271807498,5.20833124239666,-4.48863886329192,4166.66474464111,-3130.32069523163,2499998.49334537,-1321202.35579515,999998971.115681,-59465941.338658,169230411604.072,193949745188.617,4.12267718328757e-06,0.0999999999992936,4.12267718331669e-05,4.06439229738833e-05,-3.85514222971908e-05
0.007,1.29599523700733e-05,-1.17307157219036e-05,0.0129597383114051,-0.0110615838212944,10.7987129960466,-8.28139048726137,7194.86779214499,-4448.93106416467,3584612.67026309,-1283693.4245395,1169229382.71975,134483803.849959,-199999252582.859,192543621345.012,1.17307157219036e-05,0.0999999999937015,0.000117307157226425,0.000118869246496586,-0.000107169431779454
0.008,3.26770164742364e-05,-2.77265824034836e-05,0.0280003718790764,-0.0217741807227231,19.9724253849188,-13.3417316454981,11330.7619450041,-5633.29198322168,4653842.42669141,-1052937.81001703,969230130.136894,327027425.19497,-199999533606.909,188936235015.409,2.77265824034836e-05,0.0999999999599584,0.000277265824145858,0.000292592879460405,-0.00024614845602978
0.009,7.27537706116729e-05,-5.71513957149293e-05,0.0544525365669215,-0.0380928473834933,33.7833135843912,-19.4391156197368,16435.8861811629,-6491.22670813866,5523072.79002485,-631442.267314357,769230596.529984,515963660.210379,-199999590779.97,177797564725.87,5.71513957149293e-05,0.0999999998015132,0.000571513958283673,0.000633868449703733,-0.000490139022204128
0.01,0.000147073538844996,-0.000106067435482555,0.0974046899851638,-0.0608598366029703,53.1006079437056,-26.1526612863007,22310.2410043227,-6835.05421789352,6192303.59116485,-26579.8247410428,569231005.750015,693761224.936249,-199999558360.813,44260399396.522,0.000106067435482555,0.0999999991888913,0.00106067436342877,0.00124251115450829,-0.000873073196818332
0.011,0.000275009384766916,-0.000181138043108037,0.162714520325145,-0.0904051794146406,78.5935392629707,-32.8835343624338,28753.8268386357,-6507.37669693368,6661534.81773445,689311.599893467,369231447.389202,738021624.332771,-199999388600.216,-167960276869.09,0.000181138043108037,0.0999999971641289,0.00181138048244879,0.00224448995684219,-0.00142078446448445
0.012,0.00048209334229919,-0.000289034914268014,0.256808946792459,-0.126398165626852,110.73133877718,-38.9302500002348,35566.6441486314,-5477.04766435201,6930766.57082355,1343353.08579169,169232058.788986,570061347.463681,-199998301093.537,-180477657504.91,0.000289034914268014,0.0999999912858759,0.00289034939454878,0.00378585527794387,-0.00214282915095821
0.013,0.0008004856469372,-0.000435750573279319,0.386484120089032,-0.167820798702633,149.783238291809,-43.6481307995098,42548.6936986672,-3878.74351441263,6999999.47906576,1823175.60450292,-30766242.3045507,389583689.95877,61524364422.0954,-183569375831.32,0.000435750573279319,0.099999975977264,0.00435750677958554,0.00602284362001581,-0.0030250726173978
0.014,0.00126924433083203,-0.000625962937410638,0.558707602586293,-0.213089735749649,195.829367538143,-46.5580046206708,49543.5641173177,-1891.37096090221,6999995.41897226,2120974.60654603,30758122.1175447,206014314.127451,-61511235249.3871,-183744608559.563,0.000625962937410638,0.0999999396137652,0.00625963315406316,0.00910917300217804,-0.00402518059287592
0.015,0.00193441571523482,-0.000862557068437061,0.780476187081051,-0.260232877358329,248.875492750498,-47.3622085846354,56548.6867248072,301.986701280944,6999997.92346511,2235116.6163937,-30753113.1318424,22269705.567888,61498479671.8088,-181910232141.086,0.000862557068437061,0.0999998597668255,0.00862558278029916,0.0131820008423561,-0.00507243909380521
0.016,0.00284904592553068,-0.00114632765618403,1.05879192062215,-0.307072161170461,308.921615354835,-45.9465315505688,63543.5578383183,2517.91979843507,6999994.05016917,2166431.20589104,30745366.5399663,-159640526.573198,-61483473634.143,-177523358923.501,0.00114632765618403,0.0999996958992229,0.0114633114218594,0.0183489009207302,-0.00607209529238546
0.017,0.00407318108403972,-0.00147586473876107,1.40065274926583,-0.351406792004095,375.967732634593,-42.3793997102389,70548.6773261518,4574.94351455226,6999997.67989206,1918028.99985609,-30738107.0941767,-337163885.496699,61464362879.5687,-168193064988.714,0.00147586473876107,0.0999993786895615,0.0147587390851972,0.0246777704046981,-0.00691376496320842
0.018,0.00567386730829681,-0.00184762186546005,1.81306071829204,-0.391194498561186,450.013846797962,-36.9086437210493,77543.5500129767,6296.35839416189,6999991.75423767,1496768.58186504,30726255.785392,-505356950.485413,-61441229017.9699,-145016469395.019,0.00184762186546005,0.0999987950543351,0.0184764412856788,0.0321907207426171,-0.00748303014841211
0.019,0.00772515071203018,-0.00225616334017818,2.30301377363928,-0.424727766665025,531.059953679479,-29.9541695472605,84548.6646902707,7516.27908921838,6999997.39551408,918903.396682114,-30714973.2325779,-650373419.880432,61409436153.0056,-56864139428.1309,0.00225616334017818,0.0999977678395077,0.0225621370248907,0.0408624984518222,-0.00767502630353197
0.02,0.0103080774025152,-0.00269458268955024,2.87751395785123,-0.450798218861886,619.106056631808,-22.089203668824,91543.539505194,8100.51841938892,6999987.140358,240097.907087616,30694462.9204276,-707237559.308562,-61369084630.8823,101148535001.217,0.00269458268955024,0.0999960290740076,0.026946896936837,0.0506235331955927,-0.00740859588581986
0.021,0.0135106934819497,-0.00315507117292609,3.54355921628594,-0.468825772330348,714.152148405808,-13.982294700151,98548.6456962404,8003.85563598913,6999997.06096299,-416565.384720338,-30674621.7104547,-606089024.307346,61301655899.5338,140255347834.48,0.00315507117292609,0.09999318562139,0.0315528618607304,0.0613672585316637,-0.00663941812198178
0.022,0.0174280450427848,-0.00362957632950099,4.30815158645459,-0.478899651691405,816.198234431241,-6.28189262108016,105543.522388998,7307.62163042086,6999973.2672023,-952526.735110443,30627034.1890791,-465833676.472865,-61207274577.2285,151504555966.353,0.00362957632950099,0.0999886760409474,0.036299873877864,0.0729609401633896,-0.0053702662135038
0.023,0.0221621781692878,-0.0041104423507028,5.17828901035733,-0.48170463515168,925.24429765643,0.4781393855386,112548.607960865,6147.42881640171,6999996.66410276,-1342608.13360013,-30580240.3881494,-314329120.506512,29656497676.2661,154057662646.55,0.0041104423507028,0.0999817174849908,0.0411119398035932,0.0852589142923795,-0.00365637751166395
0.024,0.0278221388826821,-0.00459094169213824,6.16097325106568,-0.478388362613039,1041.28904293002,5.9082950176661,119538.257254387,4673.33239965609,6984244.67255274,-1579908.42278337,-923742.711883347,-160271457.859962,33353881913.1484,151497734397.301,0.00459094169213824,0.0999712415260788,0.0459226235671049,0.0981169180147919,-0.00160459492592224
0.025,0.0345239707469102,-0.00506566397320875,7.26319570286139,-0.4704121349623,1164.32065830864,9.77127370188706,126527.599035902,3038.53787034229,6999997.87079743,-1664431.01344468,32430139.2012651,-8773723.46266111,-199989850466.734,143828916879.621,0.00506566397320875,0.0999558179451204,0.0506790307692744,0.111406081425995,0.000633889160738045
0.026,0.042390706371164,-0.00553075327298592,8.49194651167349,-0.459398164491653,1294.34532839271,11.9821266497999,133510.480334556,1393.69148131288,6932433.08476533,-1601290.27846753,-167559711.265469,135055193.41696,-199996804741.483,128720934660.537,0.00553075327298592,0.0999335657368988,0.0553443003079373,0.12502518874797,0.00287648716076827
0.027,0.0515523644710305,-0.00598399350842837,9.85419383745293,-0.446979373840093,1431.28576545091,12.6030455630593,140325.800762898,-118.617711336083,6664874.97112912,-1401874.6177203,-367556516.006951,263776128.077497,-199997687349.683,100303059546.908,0.00598399350842837,0.0999020508637766,0.0598986052507366,0.138910149497501,0.00492654045830652
0.028,0.0621458631870476,-0.00642474720310369,11.3567363342782,-0.434657456371489,1574.87441104306,11.8316325250238,146773.564528132,-1371.88708842649,6197319.61144733,-1087946.95986935,-567554203.356635,364079187.624405,-199997884383.949,48691802865.1496,0.00642474720310369,0.0998581711140117,0.0643387229250205,0.153038924074403,0.00659322202434118
0.029,0.0743147522018594,-0.00685375972056333,13.0060050994464,-0.423677516152815,1724.64370976451,9.9784806463861,152653.774057171,-2269.67915400611,5529766.46589872,-699521.870812373,-767552087.740584,412770990.489554,-199997773092.761,-18464807697.393,0.00685375972056333,0.0997980296198649,0.0686763029958568,0.167430534661414,0.00771193170318916
0.03,0.0882087451847582,-0.00727285200888388,14.8078636759987,-0.414933417144028,1879.92610846613,7.427066355068,157766.431517017,-2765.89299752327,4662215.49161175,-295983.284171515,-967549860.833345,394306182.792161,-199997341994.355,-64378038049.9614,0.00727285200888388,0.0997167998112463,0.0729350723514057,0.182138151912434,0.00816296971862953
0.031,0.103983052238532,-0.00768454201118255,16.7674080549166,-0.408922734894451,2039.85405619623,4.57621699433892,161911.53918788,-2875.45286330703,3594666.95978123,66133.8795956655,-1167547202.8277,329928144.7422,-199996272134,-85997406390.8055,0.00768454201118255,0.0996085861088765,0.0771473856960786,0.197237000729609,0.0078863026433572
0.032,0.121797512348535,-0.00809165049418504,18.888766677431,-0.405760191657522,2203.36000448552,1.78523586968713,164889.099834225,-2658.6878124054,2327121.62088653,353063.321142462,-1367543474.9617,243930738.351394,-199992783742.3,-93670261545.8053,0.00809165049418504,0.0994662864934583,0.0813506845328664,0.212808326285824,0.00689049194103849
0.033,0.141815525834286,-0.00849694456891283,21.1749004378525,-0.405236072611929,2369.17640818504,-0.660168086652881,166499.117587007,-2199.27083234488,859581.754053682,550158.928720954,-1567536258.704,150260476.805589,-17837573412.22,-92495734897.2304,0.00849694456891283,0.0992814651647076,0.0855843994124828,0.228921029191241,0.00525447145526869
0.034,0.164202787057492,-0.00890285322371378,23.6274042057995,-0.406898692904558,2535.84331737373,-2.5631700307904,166571.958282806,-1589.39762103733,-716873.291356427,654171.538077927,-1585373832.11622,57764741.9083584,199992613108.598,-84170795487.3771,0.00890285322371378,0.0990442457611301,0.0898876371393168,0.245612787837925,0.00312175659869773
0.035,0.189125832111624,-0.00931127077962085,26.2463496327948,-0.410145827715237,2701.80094306438,-3.81936154228268,165095.730177577,-920.372177919791,-2202250.81691835,669850.882242597,-1385381219.00762,-26406053.5790187,199996094410.933,-69001525153.9044,0.00931127077962085,0.0987432377676318,0.0942978070207973,0.262872654608816,0.000687588412443519
0.036,0.216750495143458,-0.00972345208890268,29.0302753415618,-0.414315408797714,2865.57298413427,-4.41208435155909,162234.121433556,-275.224576659021,-3487633.9887205,608944.066086626,-1185385124.59669,-95407578.7329231,199997150943.151,-47450322176.38,0.00972345208890268,0.0983655096909198,0.098850218124781,0.280627712641064,-0.00181968580409886
0.037,0.247240441078808,-0.0101399948989359,31.9763363896775,-0.418767985495054,3025.87405760065,-4.4007152550543,158187.127741028,278.107313031747,-4573020.53784561,489811.326265513,-985387973.653535,-142857900.909303,199997559677.248,-21935347405.1917,0.0101399948989359,0.0978966220743417,0.103578598363033,0.29873667178672,-0.00416106752776253
0.038,0.280755880542261,-0.0105608977029827,35.0805024498731,-0.422954147079648,3181.61877697547,-3.9024259018499,153154.746142969,692.833797608409,-5458409.73166052,335985.751653614,-785390413.976288,-164793248.314495,199997633364.673,2682380850.12741,0.0105608977029827,0.0973207333762096,0.108516421286693,0.316991967868451,-0.00611085184042885
0.039,0.317452484470762,-0.0109856749608589,38.3377578070111,-0.42646100248959,3331.921753085,-3.06895300393168,147336.974143214,946.869988579797,-6143801.32895447,172533.693764183,-585392780.611615,-162110867.464367,199997368317.396,21895839191.0737,0.0109856749608589,0.0966207922156055,0.113698870697983,0.335130224998971,-0.00747953793974932
0.04,0.357480498724451,-0.0114135067597947,41.7423013555585,-0.429034337037756,3476.09759432398,-2.06192231974756,140933.809318673,1041.99755514364,-6629195.42540739,21370.7458953522,-385395412.294219,-140215028.273294,199996342656.91,34057483044.8391,0.0114135067597947,0.0957788292090415,0.119165235721187,0.352849961769022,-0.00813326657168448
0.041,0.40098405869506,-0.0118433986224419,45.2877465971316,-0.430577257269435,3613.66090654218,-1.03118950124159,134145.248910895,998.937034076486,-6914592.66637315,-101815.540855522,-185399069.637309,-106157545.228454,199989448043.203,39617925648.5554,0.0118433986224419,0.0947763608148712,0.124961525433287,0.36983472848644,-0.00800770070665513
0.042,0.448100703911691,-0.0122743300568918,48.9673216376356,-0.431130040592118,3744.32629216862,-0.0992024148955816,127171.288284377,850.64570821483,-6999997.01198886,-188164.123259699,14590378.4058934,-66539619.579899,-29131609394.0505,39638951929.8122,0.0122743300568918,0.0935949164765764,0.131143127415084,0.385779356980124,-0.00711486045840978
0.043,0.498961092324708,-0.0127053762640212,52.7740672729468,-0.430837722999666,3867.99879985968,0.647922918089825,120173.731193359,635.818267153484,-6999972.43827999,-234884.266874691,-14541230.988157,-26900667.6500868,29040472184.0961,35207963960.8317,0.0127053762640212,0.0922166990269294,0.137777391709835,0.400416727523416,-0.00554218383852389
0.044,0.553688896206423,-0.0131357940179674,56.7009859124494,-0.429911865787265,3984.67133131507,1.16328260569598,113171.328218282,393.351660447221,-6999993.43317609,-244180.952544362,14499241.1959391,8307296.31074489,-28970418219.3202,27451302161.5539,0.0131357940179674,0.0906253874410615,0.144946072936905,0.413542266120943,-0.00344391446280611
0.045,0.612400788086763,-0.0135650687506938,60.7410766050163,-0.428592029278572,4094.34387225621,1.43707214351288,106173.756002667,157.899573085157,-6999979.40108982,-222148.00515284,-14471177.0233811,35758598.4722988,28913375495.1943,17674147179.1399,0.0135650687506938,0.0888070923194339,0.15274758351395,0.425032926474426,-0.00102572095635299
0.046,0.675206440507664,-0.0139929248609363,64.8873403300194,-0.427111394789879,4197.01643141947,1.4905939032328,99171.3599089817,-43.4234416350108,-6999993.8903656,-177552.333090972,14442198.4718132,53432745.6514387,-28862625225.3056,7354281404.93362,0.0139929248609363,0.0867514740971179,0.161298986634754,0.434858138806852,0.00147585158904086
0.047,0.742208526027231,-0.0144193051385415,69.1327761369814,-0.425669817012898,4292.68899880696,1.36760618105274,92173.7766803145,-193.033688332774,-6999983.00450644,-120442.446737066,-14420426.7534923,60787027.0563723,28818416374.5355,-2083486925.74479,0.0144193051385415,0.0844530314656362,0.170737567240659,0.443081628691448,0.00381697738673701
0.048,0.813502717213626,-0.0148443278395157,73.4703849995968,-0.424416285986732,4381.36158134792,1.12439562857226,85171.386531827,-283.429869362612,-6999994.22307266,-60697.1631435663,14397989.6210432,58703540.1306275,-28777782404.9578,-9556634231.06241,0.0148443278395157,0.0819125655282801,0.181221620196852,0.449854040631076,0.00577077659496728
0.049,0.889177686648573,-0.0152682312191251,77.8931659686082,-0.423441355144478,4463.03417135888,0.820002907900008,78173.7950064974,-316.368034812708,-6999985.1246541,-6771.94012847004,-14379792.7839147,49146905.8995651,28740907448.093,-14464948035.1866,0.0152682312191251,0.0791388233297228,0.192929722438654,0.455397198755047,0.00714971291179524
0.05,0.969315106922735,-0.0156913151935183,82.3941200136324,-0.42277873766416,4537.70677470873,0.507837347838193,71171.4101366927,-300.977346663927,-6999994.46371396,35142.4917535017,14361114.6641783,34681957.8643785,-28706191069.193,-16644467128.4934,0.0156913151935183,0.0761503223435269,0.206057107975619,0.459981640118733,0.00782391219543135
0.051,1.05398965063878,-0.0161138884452302,86.966246186827,-0.42241422553001,4605.37938504138,0.22951805389806,64173.8118651326,-251.267953832985,-6999986.44458438,61502.2160536335,-14345076.4050148,18037490.7358851,28673776401.152,-16248135285.4988,0.0161138884452302,0.07297735526956,0.22080669251043,0.463899690015525,0.00773359024763108
0.052,1.14326899040762,-0.0165362270993876,91.6025454546301,-0.422299474922699,4666.05200757883,0.0113304509109774,57171.4318450793,-183.455014958992,-6999994.63278882,71415.6391467691,14328699.9961372,1789355.45038629,-28642671306.4277,-13650648709.5911,0.0165362270993876,0.0696641721073974,0.23737061102075,0.467436754106366,0.00689439484551107
0.053,1.2372137988512,-0.016958548513317,96.2960168706996,-0.422368008571672,4719.72463677955,-0.136687295595798,50173.8277837375,-113.419806205295,-6999987.26844589,66379.6702423599,-14313971.3102905,-11861293.2592048,28612992419.9934,-9396155567.10563,0.016958548513317,0.0662713339444872,0.255895686776465,0.470843642118201,0.0053951964291573
0.054,1.33587774859924,-0.0173810011149122,101.039661398852,-0.422550915013846,4766.39727747519,-0.219285655371743,43171.4523617064,-54.5368085203882,-6999994.74354619,49820.2991996022,14299021.1097029,-21257448.8263104,-28584050195.8256,-4159534099.68138,0.0173810011149122,0.0628782302522878,0.2764231920201,0.474312602495355,0.00338862758015699
0.055,1.4393075122919,-0.0178036688692986,105.82647809431,-0.422790086080097,4806.06992463322,-0.252628536350869,36173.8431203491,-16.0384894172214,-6999987.7475344,26483.0833234511,-14285029.0861227,-25416982.9259918,28555944178.5309,1311178794.81699,0.0178036688692986,0.0595857487365395,0.298790721721365,0.477959352805477,0.00107539594754251
0.056,1.54754276257684,-0.0182265870492537,110.649467918635,-0.423047368128401,4838.74258287263,-0.259607015477579,29171.4721823014,-2.04536775763005,-6999994.80453125,1721.68979486779,14270915.0924082,-24105804.1311748,-28528140959.7739,6277593551.63927,0.0182265870492537,0.056519083964964,0.322485535337981,0.481812779088528,-0.00131599331755515
0.057,1.66061617211179,-0.0186497646822102,115.501629928685,-0.423308662974684,4864.41524746597,-0.264547605961653,22173.8581451564,-11.3303144364098,-6999987.95991873,-19245.3175604874,-14257225.8673657,-17828210.5795355,28500729516.3323,10096081397.5572,0.0186497646822102,0.0538306681169631,0.346452409650352,0.485813210289155,-0.00355203078606518
0.058,1.77855341356185,-0.019073208443808,120.375965084019,-0.423582741998886,4883.08792295726,-0.288051277549998,15171.49169389,-37.8070570537387,-6999994.82102793,-32025.4874412443,14243503.6489665,-7732129.1819783,-28473250346.3744,12276789155.2504,0.019073208443808,0.0517032042929154,0.368897995871823,0.489819328627797,-0.00541721214534303
0.059,1.90137315960199,-0.0194969428944004,125.265472443222,-0.423895254251676,4894.76060477248,-0.342648233639886,8173.8730829622,-71.6524775600971,-6999987.94255215,-33619.2220455974,-14229746.6974078,4544659.97327206,28445786735.8843,12509504099.9603,0.0194969428944004,0.0503527799080968,0.387206881725021,0.493622935777295,-0.00673497319976121
0.06,2.02908708291454,-0.019921022760403,130.163152964021,-0.424279038321071,4899.43329750083,-0.429831649556405,1171.51123151733,-100.914452269065,-6999994.79588162,-22819.8100223452,14216040.0384765,17054164.0732323,-28417897321.6979,10673579199.1971,0.019921022760403,0.05,0.398420455208059,0.496970040459347,-0.00738449814437998
0.061,2.16169985619173,-0.0203455343275071,135.062005706857,-0.424762330961769,4897.10599659535,-0.538868913691137,-5826.11186056533,-113.428250388261,-6999987.70450399,-428.856349514336,-14201857.2832213,27727743.2724294,28389663687.7305,6854505539.73091,0.0203455343275071,0.05,0.406910686550143,0.4995861371468,-0.00731178911643104
0.062,2.29920915213317,-0.0207705847749185,139.955031627742,-0.425356773033197,4887.77870680898,-0.647604697311262,-12828.4688830963,-98.8508175116058,-6999994.72994334,30726.1396927805,14187806.4045092,34582248.8121603,-28360614366.9656,1373577325.08695,0.0207705847749185,0.05,0.41541169549837,0.501203164649445,-0.00653398053429924
0.063,2.44160564344857,-0.0211962802550876,144.835229789141,-0.42604722974247,4871.45142350304,-0.725271504452572,-19826.0964788986,-50.6046238585639,-6999987.23072231,65995.1771674843,-14172807.9624565,35955826.1372473,28330832859.6884,-5190145737.83356,0.0211962802550876,0.05,0.423925605101753,0.501585501135305,-0.00513657075240938
0.064,2.58887300285515,-0.0216226955124639,149.695601145423,-0.42678534945445,4848.12415172549,-0.737102158110263,-26828.4483081255,32.5034420879051,-6999994.62225493,99355.9304358148,14158024.8972319,30765680.3994137,-28299763010.3457,-12024346358.5166,0.0216226955124639,0.05,0.432453910249278,0.500552479053227,-0.00326395596096257
0.065,2.74098790308062,-0.0220498396162464,154.52914476131,-0.427488458869313,4817.79688662026,-0.650294151836153,-33826.0805451002,145.238154997007,-6999986.47886287,124109.43765597,-14141738.1131138,18741334.040897,28267493899.3535,-18175833370.7511,0.0220498396162464,0.05,0.440996792324929,0.497995273204269,-0.00110431529792935
0.066,2.89792001686046,-0.0224776237136724,159.328861589568,-0.428044819613734,4780.46963369163,-0.440635048728126,-40828.4266440364,275.688954111634,-6999994.4700263,133762.855011492,14125755.7862397,565500.67014592,-28233306937.2913,-22680616394.9912,0.0224776237136724,0.05,0.449552474273447,0.493886589530312,0.00112955452966305
0.067,3.05963201694116,-0.0229058373559875,164.087750697488,-0.428325481818847,4736.14238771742,-0.09891544268218,-47826.0637873258,405.9544567257,-6999985.36770871,122988.047484142,-14107551.1510517,-22115115.7248453,28197300900.7024,-24668356982.4049,0.0229058373559875,0.05,0.45811674711975,0.488282301974191,0.00322147649654181
0.068,3.22607957607742,-0.0233341397305038,168.798813036247,-0.428202049058049,4684.81515487525,0.363819336957183,-54828.4033804599,513.773553517018,-6999994.26840941,88538.7532680941,14089749.7496507,-46783472.7072502,-28158463520.3076,-23410499042.5993,0.0233341397305038,0.05,0.466682794610077,0.481314978808847,0.00497304906920142
0.069,3.39721136703576,-0.0237620709742299,173.455047676139,-0.42756873088431,4626.4879293829,0.913089584196932,-61826.0458512478,575.018820591054,-6999983.75041991,30050.0310395443,-14068713.7706568,-70193971.7498495,28116908321.8025,-18355747600.3731,0.0237620709742299,0.05,0.475241419484599,0.473180029374906,0.0062226133474066
0.07,3.57296906259143,-0.0241890866822113,178.049455566749,-0.426366201264697,4561.16071840866,1.49066960219943,-68828.3778071661,566.912574488945,-6999994.01002967,-49321.8145104917,14048194.5511457,-88549719.3502226,-28071075578.1867,-9253709132.46515,0.0241890866822113,0.05,0.483781733644226,0.464115911009291,0.00686018359534309
0.071,3.75328733553275,-0.0246146158690881,182.575035782002,-0.424604062363554,4488.83351533409,2.01777741166091,-75826.0262325166,471.773615447931,-6999981.35326761,-142498.388426947,-14022881.027041,-97803428.4826877,28021100227.3374,3552452150.26173,0.0246146158690881,0.05,0.492292317381762,0.454380395650448,0.00683693673141129
0.072,3.93809385865755,-0.0250381391613374,187.024789269883,-0.422378193414659,4409.50632882394,2.40214928032118,-82828.3488429265,280.965588138017,-6999993.68418098,-238525.590834504,13998219.2002964,-94250976.332426,-27964311691.5138,18781587760.3688,0.0250381391613374,0.05,0.500762783226748,0.444225254020197,0.00616843702440574
0.073,4.12730930477845,-0.0254592801504194,191.391715108895,-0.419879086216191,4323.17915099581,2.54892614314322,-89826.0041361226,-1.55522623597143,-6999977.62082644,-323385.773286745,-13966092.4912174,-75469388.5720571,27900875630.8045,34255119205.7575,0.0254592801504194,0.05,0.509185603008388,0.433871839699414,0.00493142935921029
0.074,4.32084734671878,-0.0258778990885107,195.668814245473,-0.417387694413577,4229.85199290367,2.37452709546878,-96828.3146572562,-356.966507274452,-6999993.27550226,-381727.602255924,13934783.1395871,-41214269.3662996,-27825517107.1897,47578444856.7028,0.0258778990885107,0.05,0.517557981770213,0.423489936918876,0.00325469858658405
0.075,4.51861465731936,-0.0262941751964822,199.849085764239,-0.415256592612971,4129.52484467598,1.82181017737434,-103825.978127373,-751.371503404075,-6999971.25091627,-399152.649193872,-13890733.9676026,6364175.49040321,27738446180.8697,56869047625.6289,0.0262941751964822,0.05,0.525883503929644,0.413181888887507,0.00130509178740513
0.076,4.72051090943354,-0.0267086626119312,203.925530610349,-0.413876254546122,4022.19772156941,0.874292588939466,-110828.27167091,-1137.86389024847,-6999992.76179343,-364353.949890654,13847712.2132671,63233223.1160321,-27626578525.2169,60810519345.0858,0.0267086626119312,0.05,0.534173252238624,0.402973484593606,-0.00072973083297113
0.077,4.92642877593673,-0.0271223059341766,207.891147877389,-0.413628478088664,3907.8706103622,-0.432675634095617,-117825.945006351,-1460.4661420236,-6999958.33884277,-270715.467102079,-13778866.3119498,124043742.461118,27490189682.7774,58113115201.7435,0.0271223059341766,0.05,0.542446118683531,0.392812406228666,-0.00265996109607789
0.078,5.13625392972022,-0.0275364043265065,211.73893851049,-0.41483085327306,3786.54353513328,-2.00540417279333,-124828.211080069,-1659.47421869483,-6999992.11031333,-117615.167040089,13711323.3708277,182156857.662861,-27277384370.6161,46828969616.6761,0.0275364043265065,0.05,0.550728086530131,0.382574293740838,-0.00431178337920828
0.079,5.34986504370647,-0.0279525177785204,215.461901618725,-0.417677616972558,3658.21647666093,-3.69137529166369,-131825.893759425,-1678.20612863404,-6999919.47912781,87956.1754311101,-13566060.9997884,228985827.279537,26988537463.3426,24178488413.5812,0.0279525177785204,0.05,0.559050355570407,0.37207574164287,-0.00554317029436493
0.08,5.56713379084235,-0.0283723151775231,219.053038154912,-0.422183693402426,3522.88948667417,-5.28643159101836,-138828.098179476,-1471.72729149423,-6999991.27139593,329031.246917438,13422476.4635542,253164315.693119,-5778756740.28644,-10803637953.3068,0.0283723151775231,0.05,0.567446303550462,0.36109287701386,-0.0062558229438195
0.081,5.78792484416177,-0.0287973715702701,222.505347438398,-0.428140691615201,3380.56338915688,-6.55189935801974,-145822.341338763,-1017.91449305578,-6989458.17330252,576793.743633903,7643719.72326777,242360677.739812,-36351430717.6222,-50700511814.289,0.0287973715702701,0.05,0.575947431405401,0.349383642537256,-0.00640221431566421
0.082,6.01209587835697,-0.0292289318816522,225.81183476275,-0.435095740071836,3231.2460780418,-7.2431360542942,-152814.036223991,-328.390495854357,-6999990.16893806,793804.16546657,-28707710.9943544,191660165.925523,57424259897.491,-83619107166.8214,0.0292289318816522,0.05,0.584578637633044,0.336711584991324,-0.0059872799057325
0.083,6.23949757532697,-0.0296676693652965,228.965506440032,-0.442363481665459,3074.92965479234,-7.14616523589297,-159818.809538443,547.307234713837,-6999985.74998367,943654.777808682,28716548.9031366,108041058.758701,199975837987.906,-105605154721.418,0.0296676693652965,0.05,0.59335338730593,0.322868839945287,-0.00506493309259859
0.084,6.46997361897712,-0.0301134746390901,231.959362888752,-0.449075095819868,2911.62397079697,-6.1134239839284,-166771.107707644,1527.38168278163,-6871281.28208658,998893.259206674,228692386.891043,2435904.03728313,199987547488.862,-118406946447.789,0.0301134746390901,0.05,0.602269492781801,0.307695944115098,-0.00373015761905024
0.085,6.7033607145468,-0.0305653104068905,234.78646728756,-0.45425923198109,2741.46367066058,-4.09112331030587,-173494.71153837,2507.75840293232,-6542595.1214511,942125.690020063,428679934.379904,-115971042.410506,199988717090.643,-123906256923.426,0.0305653104068905,0.05,0.611306208137811,0.291096931810637,-0.00210784297334023
0.086,6.9394887291264,-0.0310211591240732,237.440112698168,-0.456945319820501,2564.77744108042,-1.13679333013708,-179789.635239783,3371.24752892656,-6013920.82852588,764201.519147844,628668651.470547,-239877299.333932,199986355833.948,-122228978114.811,0.0310211591240732,0.05,0.620423182481465,0.273049245889081,-0.000339754420508001
0.087,7.17818102054253,-0.0314780812929807,239.914020862571,-0.456280135928607,2382.09395629978,2.57148253438629,-185455.890683268,3995.13890205497,-5285258.99913835,463209.730756507,828655007.304495,-362106277.448742,199975820679.4,-110080993529.731,0.0314780812929807,0.05,0.629561625859613,0.253608216547776,0.00142889958510352
0.088,7.41925496603221,-0.0319323937011955,242.202542190786,-0.451649887424574,2194.14187761069,6.73328854751431,-190293.492875307,4258.94866183215,-4356616.08149416,46062.9565428987,1028630827.98389,-472187270.978473,137417276913.827,-73904144834.0279,0.0319323937011955,0.05,0.638647874023911,0.232905851168935,0.00306190041440536
0.089,7.66252269081677,-0.0323799692378181,244.300855224041,-0.442799737724217,2001.84724088584,10.9334914697534,-194112.890663324,4056.60062541347,-3259276.61505335,-463076.386852589,1166048104.89772,-546091415.812501,-199976987026.961,22009772351.3953,0.0323799692378181,0.05,0.647599384756362,0.211144125046739,0.0044422399553167
0.09,7.90779199114894,-0.0328166499447453,246.205149725689,-0.429937695733788,1806.29072089135,14.6684557396198,-196822.472723766,3324.14682604653,-2193217.00366911,-998162.916489392,966071117.87076,-524081643.461106,-199987753285.363,111398114273.824,0.0328166499447453,0.05,0.656332998894906,0.188583441234166,0.00547924371965341
0.091,8.15486739887841,-0.0332387451908872,247.912702260449,-0.413794435484752,1608.52431869567,17.4108157549395,-198565.985460714,2082.50944020556,-1327139.76244103,-1466545.50281359,766083364.585397,-412683529.187282,-199990663264.411,147395691113.881,0.0332387451908872,0.05,0.664774903817744,0.165526925875804,0.00611221598880261
0.092,8.40355121977607,-0.0336435514739636,249.421752650006,-0.395602756109802,1409.4141109702,18.6974133426702,-199543.415318073,434.188121317311,-661051.729487838,-1805531.18644393,566092701.320986,-265287838.073401,-199991089717.747,163353325358.872,0.0336435514739636,0.05,0.672871029479272,0.142300506544137,0.00631091381945423
0.093,8.65364439914153,-0.0340298103730337,250.731306798632,-0.376998862953089,1209.62618560886,18.1914276196432,-199954.752545187,-1476.76142993684,-194954.573025726,-1989142.36183789,366101611.603239,-101934512.714529,-199988813746.701,171410878385.011,0.0340298103730337,0.05,0.680596207460673,0.11922934115807,0.00607365518248897
0.094,8.90494718789085,-0.0343980431413973,251.8409367032,-0.359880158622764,1009.62663984519,15.7102480432677,-199999.987781369,-3488.30256840116,71152.6317041626,-2005371.43535992,166112797.856538,69476365.6704822,-199976549348.333,175515689263.37,0.0343980431413973,0.05,0.687960862827945,0.0966126753092344,0.005423872752646
0.095,9.15725960865389,-0.0347507322941614,252.750580462822,-0.346243932956943,809.68158148976,11.2381523051843,-199879.108175628,-5429.6832060486,137277.154886534,-1848137.22505775,-33863751.4917946,244992054.933852,-199910053014.369,177039055483.811,0.0347507322941614,0.05,0.695014645883229,0.0746995887753326,0.00440575619955591
0.096,9.41038172188279,-0.0350923368163965,253.460342292843,-0.338016961797875,609.857138347452,4.93260912307433,-199792.081238656,-7125.81789439212,3458.37688755546,-1514625.64238199,-233773804.506163,422031110.417663,199210712630.292,176075305901.441,0.0350923368163965,0.05,0.701846736327929,0.0536679793778448,0.00307954828534052
0.097,9.66411369253727,-0.0354291344578753,253.970295886481,-0.336880647305244,410.036124442848,-2.87284660302661,-199872.307978583,-8400.08209724837,-130710.071303461,-1004556.87901361,-34563091.875871,598106416.319104,199572595957.62,170961355772.91,0.0354291344578753,0.05,0.708582689157507,0.0336087936536918,0.00151702018531676
0.098,9.91825568897755,-0.0357688881770351,254.280374294899,-0.344094615324752,210.101016438132,-11.6683993472381,-199987.037496498,-9077.09220880694,-65486.8652005224,-320969.784808047,165009504.081749,769067772.092013,-179382092408.629,151715636382.927,0.0357688881770351,0.05,0.715377763540703,0.014517281989085,-0.000202407523928869
0.099,10.1726077810051,-0.0361203365948617,254.390476258656,-0.360321746953055,10.1012628391971,-20.7714770015844,-199999.916625059,-8988.24216817183,9831.59267691209,523955.805475429,-14372588.3268801,920783408.47494,-15918242541.139,-52909053656.4497,0.0361203365948617,0.05,0.722406731897235,-0.0037063342685458,-0.00199452762187388
0.1,10.4269699748435,-0.0364925126894748,254.300578470272,-0.385462094004573,-189.896796681017,-29.3464819095084,-199999.924366969,-8012.71283406834,-12500.1169205375,1418284.68712214,-30290830.8680191,867874354.81849,197533256347.492,-169548883890.139,0.0364925126894748,0.05,0.729850253789496,-0.0212456294046533,-0.00377196822761319
0.101,10.6811422710958,-0.0368939173845761,254.010680012047,-0.418543803025844,-389.89978902591,-36.5124712110413,-199994.647689933,-6188.74911685198,55975.6803851892,2201384.59999556,167242425.479472,698325470.928351,-199336930924.018,-184753925076.613,0.0368939173845761,0.05,0.737878347691522,-0.0383485070696829,-0.00544469180183456
0.102,10.9349246722212,-0.037331651594259,253.52079753575,-0.457756194083399,-589.846880843526,-41.491838529619,-199888.273618628,-3668.99410223834,123549.640402653,2807333.10838561,-32094505.4445455,513571545.851737,-190896905537.377,-190210779361.293,0.037331651594259,0.05,0.74663303188518,-0.0553022089146054,-0.00692034476827388
0.103,11.1881172362195,-0.0378106442188302,252.831024181625,-0.500594827088157,-789.686682763924,-43.6794962691626,-199812.587381871,-636.577017487081,-3993.31781058158,3225799.2645567,-222991410.981923,323360766.490444,199919598207.325,-192847678017.672,0.0378106442188302,0.05,0.756212884376603,-0.0724043595202232,-0.00810576222308077
0.104,11.4405201132149,-0.0383330480550907,251.941422914305,-0.544043112354017,-989.530102056606,-42.657315513207,-199894.756472138,2718.76135064523,-127024.929688842,3452736.1920383,-23071812.7745982,130513088.472772,199977256642.73,-194289889678.2,0.0383330480550907,0.05,0.766660961101815,-0.0899335314210867,-0.00891016629625704
0.105,11.6919334500782,-0.0388978220165396,250.851924968342,-0.584761772196956,-1189.48388391002,-38.1985292972004,-199999.98776544,6204.37243864022,-50108.114142075,3486104.33567198,176905443.868132,-63776801.2054279,199988961587.718,-195098373939.508,0.0388978220165396,0.05,0.777956440330792,-0.108123313150926,-0.00924990473974976
0.106,11.9421572994374,-0.039500504539408,249.562441776832,-0.619281381072057,-1389.47110861849,-30.269863256506,-199928.31166405,9626.07197805289,226791.810519916,3324778.34749679,376894405.45585,-258875175.144935,199991168252.409,-195494988808.71,0.039500504539408,0.05,0.79001009078816,-0.127141031948638,-0.00905429697303999
0.107,12.1909916971429,-0.0401331804031614,248.073061681543,-0.644196494205492,-1589.2148756777,-19.0326935917625,-199479.740789427,12788.8302398424,703681.800101971,2968155.6779475,576885573.708259,-454370163.953646,199990729058.799,-195543481180.739,0.0401331804031614,0.05,0.802663608063229,-0.14707154894208,-0.00827202675422073
0.108,12.4382369391684,-0.0407846421573091,246.384249919259,-0.656360641683516,-1788.23829502441,-4.84366151865447,-198454.284414295,15497.2102556163,1380562.73833963,2416013.77340349,776876302.767058,-649913645.134384,199987827910.932,-195166243758.581,0.0407846421573091,0.05,0.815692843146183,-0.167907338551071,-0.00687746439448738
0.109,12.6836940585012,-0.0414407467811468,244.497048612228,-0.653081735232707,-1985.86448585958,11.7451047559846,-196651.95221992,17555.7394991595,2257432.95506215,1668517.00638981,976864130.67799,-845079888.892964,199977111886.517,-193965228842.341,0.0414407467811468,0.05,0.828814935622935,-0.189545733263766,-0.00487631049710407
0.11,12.9271655020231,-0.0420849677976049,242.413276758233,-0.632317502598356,-2181.21657853386,29.9861742256551,-193872.757680871,18769.3890229625,3334285.6416834,726454.503075678,1176841242.56451,-1039045117.73531,-162829399428.55,-189819509884.231,0.0420849677976049,0.05,0.841699355952098,-0.211793512305418,-0.00231002284910706
0.111,13.1684560068752,-0.0426991426349965,240.135727193272,-0.592870433486528,-2373.2328377451,48.937707167621,-189977.189651143,18944.6843821898,4429712.18453363,-407500.369601743,1014011843.13596,-1228864627.61954,-199975950098.942,-13157268641.7937,0.0426991426349965,0.05,0.85398285269993,-0.234378301106179,0.000741390974398091
0.112,13.4073736475284,-0.0432644140054968,237.668284630093,-0.534579613192802,-2560.83450166138,67.4732823742132,-185073.800870058,17920.5588206713,5343736.05262012,-1642943.63154218,814035893.037015,-1242021896.26133,-199986425065.731,191915218806.616,0.0432644140054968,0.05,0.865288280109936,-0.256965868985383,0.00415847855237591
0.113,13.6437308984357,-0.0437623487573172,235.015836102281,-0.458470026965697,-2743.10909462399,84.3733621971868,-179356.377941764,15688.5901107996,6057778.73312427,-2789007.9184002,614049467.971284,-1050106677.45471,-199988772731.179,196287919835.974,0.0437623487573172,0.05,0.875246975146345,-0.279183078533059,0.00778357010631149
0.114,13.8773455445078,-0.044176142025096,232.184082367296,-0.366759323078406,-2919.34257448673,98.500609232537,-173024.905936776,12407.243506978,6571833.81472996,-3740970.63593692,414060695.240105,-853818757.618739,-199987607879.022,197694865081.343,0.044176142025096,0.05,0.88352284050192,-0.300645813665725,0.0114248803469503
0.115,14.1080413951027,-0.0444917458839969,229.179338231442,-0.262712515522728,-3089.02088621726,108.903301581322,-166279.373042405,8272.31263641194,6885900.70603055,-4495941.96101499,214073087.361082,-656123892.537396,-199975954764.367,198358792313.761,0.0444917458839969,0.05,0.889834917679939,-0.320989538169737,0.0148646133206381
0.116,14.3356487980809,-0.0446988205530721,226.008332562067,-0.150448066788956,-3251.82996239021,114.826554204816,-159319.765118488,3481.36852784721,6999985.81600945,-5052886.45739551,14097132.5967156,-457765100.223635,-28185460529.675,198727638985.821,0.0446988205530721,0.05,0.893976411061442,-0.339899512872598,0.0178712224521858
0.117,14.560004954112,-0.0447914891903049,222.678009733922,-0.0347403935452997,-3407.64855947278,115.713465638886,-152317.428312935,-1767.2792064958,6999990.21834133,-5411287.73812623,-14088327.9329595,-259037461.237815,-8288901800.69892,198949353102.373,0.0447914891903049,0.05,0.895829783806099,-0.357137734505262,0.0202147656310438
0.118,14.7809540448655,-0.0447688947502146,219.195368469241,0.0791784158843753,-3556.46868610211,111.2056592095,-145325.863742194,-7274.92744972388,6981757.43950802,-5570850.52281286,-22377229.7336584,-60088108.1354416,81222222079.022,199085459948.789,0.0447688947502146,0.05,0.895377895004292,-0.372563883455653,0.0216838379057559
0.119,14.9983472488473,-0.0446355583356322,215.567400221975,0.185817291656206,-3698.30401640359,101.143587041179,-138341.75788054,-12842.641116613,6999991.32081387,-5531395.9009739,58844992.3453635,138997351.813348,-117834368476.778,199164335159.809,0.0446355583356322,0.05,0.892711166712644,-0.386147599633753,0.0221024204931165
0.12,15.2120427320944,-0.0444015387305423,211.801093461773,0.279625110081367,-3833.14088089035,85.566712713346,-131331.983124966,-18271.3442858203,6999919.12892084,-5292816.38158065,-58989376.1314147,338161686.973157,118124821059.675,199198255570.024,0.0444015387305423,0.05,0.888030774610846,-0.397970152850623,0.0213450112126558
0.121,15.4219056577877,-0.0440823929274895,207.903451768991,0.35518976464396,-3960.977814146,64.713620445213,-124341.871213934,-23361.8801146527,6999992.16331926,-4855055.56682248,59135444.9282602,537359942.543181,-118338849630.733,199188627813.268,0.0440823929274895,0.05,0.88164785854979,-0.408215049807002,0.0193485878155862
0.122,15.6278081889992,-0.0436989375386403,203.881471162419,0.407437319006881,-4081.81476415618,39.0220720637319,-117332.034469756,-27915.057605568,6999958.18343216,-4218101.31037266,-59203404.7024724,736548570.356449,118476078223.635,199124374759.843,0.0436989375386403,0.05,0.873978750772805,-0.417148880343944,0.0161202811097459
0.123,15.8296294887765,-0.0432768110329573,199.742155561217,0.431831194276321,-4195.65175026508,9.12901874698531,-110341.931975638,-31731.6972349691,6999992.8178415,-3381990.55263629,59272673.5211622,935672945.116292,-118588675058.321,198968934587.3,0.0432768110329573,0.05,0.865536220659147,-0.425094346515273,0.0117400656154367
0.124,16.0272557201362,-0.0428458367881661,195.492500991889,0.424571343760884,-4302.48874824767,-24.1294379011748,-103332.067600212,-34612.6898259494,6999971.1538335,-2346833.14022635,-59316001.5371592,1134641879.70359,118676363697.85,198602465248.294,0.0428458367881661,0.05,0.856916735763322,-0.432398171454018,0.00635826834938091
0.125,16.2205800460787,-0.0424391869985219,191.13951138917,0.382793353855561,-4402.32577142274,-59.718162214568,-96341.9750531975,-36359.1016154492,6999993.33414527,-1112890.02789861,59360362.1606906,1333244344.95188,-118752288700.109,197408684480.79,0.0424391869985219,0.05,0.848783739970437,-0.439397071741078,0.000188202378834316
0.126,16.4095026295825,-0.0420923475619124,186.690182779523,0.304767356082029,-4495.1628044272,-96.4032760912879,-89332.0935860886,-36772.4680234584,6999977.5519559,319058.659293667,-59391926.5394179,1530653029.43267,118816239794.277,-92867534441.0236,0.0420923475619124,0.05,0.841846951238248,-0.446385128684224,-0.0065052986093997
0.127,16.5939306336133,-0.0418418846679766,182.151519106699,0.190094025735667,-4580.99985721507,-132.764975427462,-82342.00929077,-35703.5607718553,6999993.74531362,1803277.92150583,59424313.2548587,1437785494.99165,-118873514611.274,-197682096403.426,0.0418418846679766,0.05,0.836837693359531,-0.453585713837204,-0.013420285311644
0.128,16.7737782211197,-0.0417240368798492,177.530516395864,0.0398360766206826,-4659.83691864409,-167.33550307675,-75332.1156412642,-33214.3371189209,6999981.30126284,3142222.36829577,-59449201.356415,1240103398.58822,118923947736.152,-198824148428.018,0.0417240368798492,0.05,0.834480737596984,-0.46113064389385,-0.020233832002681
0.129,16.9489665550393,-0.0417732632936377,172.834178596932,-0.143532877180441,-4731.67399667046,-198.780329451276,-68342.0382827235,-29485.2004094023,6999994.0737745,4282913.69266998,59474746.3797371,1041279250.16021,-118970220553.669,-199177013416.305,0.0417732632936377,0.05,0.835465265872754,-0.469048501336919,-0.0266195895162825
0.13,17.119423798295,-0.0420209136801825,168.069501733495,-0.356300261060661,-4796.51108255109,-225.958825514875,-61332.1352058514,-24714.8432605549,6999983.7098774,5224604.43612204,-59495474.1739317,842102236.743901,119012198715.29,-199315676543.321,0.0420209136801825,0.05,0.84041827360365,-0.477263143490019,-0.0322666393241783
0.131,17.2850851138002,-0.0424940880620012,163.243489760083,-0.593712314170567,-4854.34818297275,-247.929321004435,-54342.0638666084,-19102.4069854849,6999994.33506112,5967048.83459427,59516724.5413579,642786560.20058,-119051447753.37,-199338183853.804,0.0424940880620012,0.05,0.849881761240024,-0.485602416791188,-0.0368984539168129
0.132,17.4458926644552,-0.0432146950644407,158.363138698668,-0.850173208906835,-4905.18529069472,-263.949378236916,-47332.1530772355,-12847.1879014326,6999985.33572579,6510166.30286795,-59534723.2120119,443448376.346776,119087855032.44,-199213970943.403,0.0432146950644407,0.05,0.864293901288814,-0.493816102133981,-0.0402902086089779
0.133,17.6017956131516,-0.0441987094848032,153.435452507442,-1.11944433647807,-4949.02241156401,-273.475875506313,-40342.087127277,-6148.49973888182,6999994.54003,6854007.69374302,59553131.8204284,244234405.403373,-119122436085.473,-198440484819.125,0.0441987094848032,0.05,0.883974189696064,-0.501601229428601,-0.0422827856776443
0.134,17.7527501227694,-0.0454556291656621,148.467427206765,-1.39484360447534,-4985.85953933413,-276.164934017623,-33332.1697606844,794.551743426374,6999986.45380769,6999021.85673683,-59569304.2650447,45793920.5842476,119155093329.199,-90946328801.8098,0.0454556291656621,0.05,0.909112583313242,-0.508632207832609,-0.042792150729111
0.135,17.89871935618,-0.0469881309306433,143.466066757864,-1.66944360878451,-5015.69667928974,-271.867028456098,-26342.1087767877,7801.31283898836,6999994.69620724,6999342.61292018,59585789.0641545,-45152408.2175621,-119186547097.491,69221920580.9445,0.0469881309306433,0.05,0.939762618612866,-0.514592779685278,-0.0418132446337885
0.136,18.0396734762442,-0.0487919164757024,138.438367179488,-1.93624472821997,-5038.53382585971,-260.570685465328,-19332.1856105646,14789.6162345632,6999987.21172265,6988801.16499308,-59600758.0333363,24069512.3633823,119216709845.275,-26866834395.3763,0.0487919164757024,0.0500582438588327,0.974702920328138,-0.519206667986544,-0.0394179919069069
0.137,18.1755896458149,-0.0508556902473031,133.391332435466,-2.18825502636779,-5054.37098396117,-242.283776514308,-12342.1293262178,21785.9743500055,6999994.80861195,6999437.26015878,59615951.8119388,-2797322.03199402,-119246138388.151,1895281874.51715,0.0508556902473031,0.0510885179963102,0.995442659952989,-0.522263951605856,-0.035747128061464
0.138,18.3064520277345,-0.0531611645436626,128.331958542924,-2.41847934359147,-5063.20814848021,-216.998470784484,-5332.20089809786,28784.3288294607,6999987.69122981,6997587.57906404,-59630186.5762117,-902040.157476876,119274751179.924,5671657403.21784,0.0531611645436626,0.0531619844254304,0.999984577668109,-0.523640656842588,-0.0309956996867175
0.139,18.4322517848379,-0.0556830541679986,123.267249467975,-2.61991937568591,-5065.04532411583,-184.715262186459,1657.8508250405,35782.4106646798,6999994.88024356,6999521.36760817,59644564.6037121,4769617.24574096,-119303019382.5,-11367841036.2449,0.0556830541679986,0.0559970274878654,0.994393035952938,-0.52330974338976,-0.0253933612805792
0.14,18.5529870799501,-0.0583890757689852,118.204201226083,-2.78557674164338,-5059.88250604904,-145.43276956181,8667.78415102217,42782.4222007382,6999987.93515602,6998607.06433579,-59658454.7787877,-6598223.79050399,119330863911.564,15149207633.9065,0.0583890757689852,0.0593535450962609,0.983750434355497,-0.521342524409508,-0.0191815971120661
0.141,18.6686630758886,-0.0612399469170263,113.149817785421,-2.90845201427669,-5047.7196988869,-99.1515123158845,15657.8313361074,49780.2550211177,6999994.91233302,6999583.44436224,59672409.1327764,8550983.84340248,-119358724723.11,-18289284834.7497,0.0612399469170263,0.0630295596581868,0.971606770682427,-0.517900501144085,-0.0125900742567887
0.142,18.7792919354611,-0.0641893862831242,108.111095159715,-2.98154659796101,-5028.5568979733,-45.8708024621466,22667.7693322196,56781.0657432625,6999987.95910424,6998989.78578827,-59686315.590334,-9738300.9913472,119386521767.164,20750514336.4644,0.0641893862831242,0.0668578368575476,0.960087692036627,-0.513218526940816,-0.0058144511649145
0.143,18.8848928214679,-0.067184113199117,103.095037319025,-2.99786060209548,-5002.39410794239,14.4089997286088,29657.8118871565,63778.6447976112,6999994.90439748,6999626.74196515,59700206.1768298,11012213.3451172,-119414711643.816,-22937506798.1885,0.067184113199117,0.0707025449459552,0.950236137192406,-0.507581045785747,0.00100223451753554
0.144,18.9854918966997,-0.0701638478161902,98.1086402752299,-2.95039540781474,-4969.23132418166,81.6883375366435,36667.7544427018,70779.9547284492,6999987.7547524,6999170.20191117,-59714505.4669864,-11925293.4530713,119443209633.076,24819162306.4981,0.0701638478161902,0.0744559842979781,0.942353371293696,-0.501293804106139,0.00778282118423336
0.145,19.0811223239397,-0.0730613108289298,93.1589080001511,-2.83215085460776,-4929.06855147876,155.966923948902,43657.7921463262,77777.2988106849,6999994.85410195,6999654.48961135,59728704.1660896,12893868.8534267,-119472543882.151,-26593551182.498,0.0730613108289298,0.0780354139934899,0.936258386929618,-0.494653843198792,0.0145227091932294
0.146,19.1718242659611,-0.0758022236156442,88.2528365036459,-2.6361283565403,-4881.90578514401,237.245090917902,50667.7392618642,84778.9679761926,6999987.28632697,6999251.58287353,-59743839.7160619,-13699682.3290712,119502620563.833,28233711779.219,0.0758022236156442,0.0813799991337595,0.931460118241738,-0.487920713619321,0.0212894007628084
0.147,19.2576448855296,-0.0783053080381974,83.3974297592091,-2.35532757524299,-4827.74303026975,325.522577809801,57657.7717317604,91776.0753365314,6999994.75689282,6999668.75643407,59758780.847771,14534029.4501477,-119534119747.73,-29875647944.9875,0.0783053080381974,0.0844478995068273,0.927261761340396,-0.48129169548459,0.0282150353200369
0.148,19.3386383454007,-0.0804822865794916,78.5996837744296,-1.98274999168469,-4766.58028195106,420.799665044127,64667.7235257858,98778.0318330331,6999986.47786673,6999264.96191172,-59775338.8999587,-15341618.4948398,119566932676.411,31494319969.8231,0.0804822865794916,0.0872135171169571,0.922818953300111,-0.474883385992395,0.0354827271557624
0.149,19.4148658083221,-0.0822378821814134,73.8666025244064,-1.51139514334517,-4698.41754578729,523.076084685032,71657.7501563153,105774.875039026,6999994.60530497,6999670.50340179,59791593.776452,16152701.4749833,-119602033567.379,-33226029397.9683,0.0822378821814134,0.0896649170129349,0.917168998991544,-0.468721364811658,0.0433081181309306
0.15,19.4863954370306,-0.08346981839518,69.2051820140976,-0.934264613244404,-4623.25481648076,632.352102674779,78667.7068862473,112777.084221599,6999985.18229773,6999210.19017779,-59810439.7909271,-17073327.922985,119639290479.716,35045346731.2883,0.08346981839518,0.0918014328138405,0.909243089532647,-0.462738842666209,0.0519179935207525
0.151,19.5533023942547,-0.0840688192362291,64.6224262201495,-0.244357852771237,-4541.09210043956,748.627406659594,85657.7267303962,119773.598638937,6999994.38774666,6999659.53562045,59828850.6887892,17972018.8083033,-119680266648.765,-37160654425.802,0.0840688192362291,0.0936314653672483,0.897869310348696,-0.456784311482168,0.0615280838932191
0.152,19.6156688427112,-0.0839186093685952,60.1253311443396,0.565323402292425,-4451.92939171795,871.902282042208,92667.6888323791,126776.050741557,6999983.10511107,6999051.22721585,-59851415.9599754,-19188635.6174986,119724794444.077,39987222329.5337,0.0839186093685952,0.0951704801046167,0.881771419838874,-0.450637340440819,0.0723222162327441
0.153,19.673583945108,-0.0828959139607245,55.7209007647863,1.50177975194365,-4355.76669803591,1002.1763264257,99657.7003619175,133772.172188019,6999994.08637313,6999856.20276312,59873378.4841019,20798586.712035,-119775750680.465,-199526811030.103,0.0828959139607245,0.09643920590801,0.859566533965408,-0.444030878736662,0.0844348321202526
0.154,19.7271438641395,-0.0808704591266605,51.4161310792053,2.57200801104817,-4252.60401239067,1139.44357952909,106667.668512419,140749.173215633,6999979.589517,6920891.3839601,-59902372.1963632,-178728224.318068,119832911852.158,-199832334758.398,0.0808704591266605,0.0974620356895784,0.829763697777021,-0.436677815231327,0.097938522341635
0.155,19.7764517624903,-0.0777049845267843,47.2180260670112,3.78297054680361,-4142.4413447742,1283.61508405204,113657.669067813,147547.395098308,6999993.67324672,6642246.99226283,59930539.6557946,-378560559.076466,-119902718849.108,-199878679395.745,0.0777049845267843,0.0982656264333834,0.790764658478643,-0.428299157320483,0.112837614856157
0.156,19.8216178028291,-0.0732553418774276,43.1335817202996,5.14144893055789,-4025.2786863931,1434.41218094166,120667.644224413,153967.0486978,6999972.85347796,6163747.09348849,-59972179.1933132,-578439238.47221,119984857470.377,-199890412966.616,0.0732553418774276,0.098877694173283,0.740868226043456,-0.418651068673932,0.12906764602432
0.157,19.8627591478127,-0.0673707739567729,39.169802019194,6.65384615964231,-3901.11605173609,1591.35636787925,127657.62846454,159808.261103224,6999993.10301983,5485362.64853297,60012678.2770636,-778329651.438826,-120099842062.826,-199886491394.257,0.0673707739567729,0.0993259972999097,0.678279360773498,-0.407548149030029,0.14649977425972
0.158,19.8999999600771,-0.0598943931099306,35.3336829469036,8.32598678905836,-3769.95342876708,1753.76926009436,134667.611266354,164871.144510806,6999955.86026548,4607089.75139702,-60087163.785762,-978216142.833083,120255309644.923,-199866840022.018,0.0598943931099306,0.0996374997155491,0.60112300369761,-0.394880739464028,0.164949460284479
0.159,19.9334714022426,-0.050663859634061,31.6322284815755,10.1629170451371,-3631.79084345999,1920.77258567206,141657.566096334,168955.815050782,6999996.35130218,3528940.18855292,60168145.8591614,-1178082982.8551,-199985742072.006,-199816514615.366,0.050663859634061,0.0998377037028597,0.507462188682228,-0.380624643319895,0.184188512629603
0.16,19.9633116367869,-0.0395122600492861,28.0724339276804,12.168704943104,-3486.63158390295,2091.2881979652,148654.315563554,171862.410995472,6960171.62612534,2250948.94839014,-139817596.212845,-1377899497.47047,-199995173196.658,-199651112123.949,0.0395122600492861,0.0999501409483967,0.395319703147651,-0.364842414139319,0.203959284580278
0.161,19.9896658192062,-0.026269185242283,24.661282037804,14.3462404284867,-3334.52881859125,2264.03811472228,155511.245862707,173391.135009773,6720356.44331416,773223.894857698,-339812769.409503,-1577550609.59442,-199996490732.592,3635721468.9012,0.026269185242283,0.0999960089720478,0.262702336946529,-0.347676254176852,0.223989614826439
0.162,20.0126860322809,-0.0107620081574767,21.4056130760485,16.6970372803853,-3175.72236315557,2437.55308806628,162028.363172861,173376.189553412,6280545.42853836,-802508.854002268,-539809260.142094,-1573914888.12551,-199996795828.218,199654759357.342,0.01663599214399,0.1,0.1663599214399,-0.329333828484886,0.244007052380266
0.163,20.0325310458158,0.00718265542200589,18.3119274933583,19.2210807957553,-3010.65202867829,2610.27402299297,168005.671172023,171819.999048573,5640737.77048216,-2276596.36244911,-739806055.970313,-1374260128.76817,-199996637904.1,199820324012.43,0.0325310458158299,0.0999980699867541,0.32531673681441,-0.310069586098912,0.263751151877419
0.164,20.049365876828,0.0277374038629444,15.3861859313368,21.9168297898761,-2839.9576228236,2780.73500635236,173243.173141536,168889.576009075,4800933.3955598,-3550946.32921107,-939802693.874412,-1174439804.75574,-199995999416.626,199871009189.684,0.0493658768279595,0.0999714156178622,0.493799917935133,-0.290163704697762,0.282983649568275
0.165,20.0633611497395,0.0510725919531681,12.633609225571,24.7813704904447,-2664.47894993324,2947.66169718809,177540.87252359,164784.721612351,3761132.70197707,-4625450.62937197,-1139798693.29104,-974568795.566059,-199994403295.435,199891296202.05,0.0633611497395101,0.09990384986619,0.634221302025651,-0.269900740912704,0.301497185315844
0.166,20.0746922565733,0.0773550568415862,10.0584784091176,27.8106146987284,-2485.25581060768,3109.97959415717,180698.773478372,159705.30180123,2521336.80703831,-5500073.776837,-1339793096.58647,-774677499.364008,-199989185000.746,199896366429.607,0.0746922565733001,0.0997813932888126,0.748558965869587,-0.2495500667428,0.319122696228998
0.167,20.0835383171524,0.106747043539941,7.6639347167614,30.9994996523973,-2303.52800045792,3266.81407516868,182516.882206283,153851.205335782,1081549.11795147,-6174803.0929862,-1539782281.58722,-574781132.934401,-73329917314.2498,199886998142.027,0.0835383171523603,0.0995878947664318,0.838840075375492,-0.229349972805635,0.335734933842409
0.168,20.0900809394804,0.139405330301794,5.45178064691524,34.3421879128961,-2120.73002948615,3417.49041072741,182816.318530556,147422.326176019,-494898.122292876,-6649640.72684959,-1613112198.90147,-374894134.792374,199988934338.634,199847371845.445,0.0900809394804405,0.0993050955423407,0.907112963221839,-0.209496937237832,0.351255594669059
0.169,20.0945027907134,0.175480553892834,3.42231074724015,37.8322672580629,-1938.42167917763,3561.53376115803,181548.195797868,140618.546277081,-2008015.85402503,-6924611.17571924,-1413123264.56283,-175046762.946929,199994142706.122,199603356923.776,0.0945027907134453,0.0989127921606949,0.955415256703247,-0.190140937814626,0.365653789542814
0.17,20.0969860534881,0.215116734748894,1.57427128313428,41.462950560243,-1758.10467876159,3698.6691441933,178866.95066868,133639.678946042,-3321142.0472348,-6999856.26020428,-1213129121.85671,24556593.9768476,199995719268.574,-48597989287.3565,0.0969860534881377,0.0983891117909404,0.985739699472194,-0.171386459264729,0.378943839293233
0.171,20.0977109353778,0.258451001637521,-0.0950023243832564,45.2272735194075,-1581.09215414853,3828.81096285868,174972.576680395,126644.001317945,-4434273.30945722,-6999598.66087111,-1013133402.58814,-24041395.3105089,199996325323.362,48149853185.0961,0.0977109353777763,0.0977109121275242,1.00000023794939,-0.153297394899539,0.391180640790486
0.172,20.096854356146,0.305613496188497,-1.5893877829989,49.1182392826723,-1408.49723650974,3951.95316419085,170065.069390531,119640.40693495,-5347408.54938368,-6999565.12958907,-813137077.264775,24108457.8745872,199996430282.585,-48402544735.8973,0.0968543561460358,0.0968543169238441,1.0000004049607,-0.135904105934835,0.402452892535483
0.173,20.094588834616,0.356727360606218,-2.91377593364624,53.1288466573069,-1241.23306105552,4068.09578986462,164344.425040895,112644.828943509,-6060547.41150716,-6999657.94408243,-613140646.98219,-24294086.8613101,199996034874.007,48667535434.2181,0.0945888346159549,0.0957953987540004,0.987404779835575,-0.119211712738084,0.412873924882963
0.174,20.0910815755347,0.411908737509343,-4.07387075430989,57.2520976452951,-1080.01276666009,4177.23876863559,158010.639978376,105641.135211901,-6573690.04105234,-6999618.26322663,-413144612.108183,24373448.572908,199994556459.025,-48903812868.2183,0.0910815755347443,0.0945110205050428,0.963713808696886,-0.10320879237758,0.42257036680682
0.175,20.0864937564349,0.471266769879254,-5.07598936372517,61.4809909865213,-925.349496031071,4279.38211929844,151263.710057346,98645.5530374829,-6886837.37493101,-6999696.72108783,-213150055.649158,-24530364.2953103,199985875501.837,49148242570.3088,0.0864937564349155,0.0929798455986232,0.930241988229289,-0.0878756313460429,0.431669661480244
0.176,20.0809800144915,0.534903601060742,-5.92686202566008,65.8085286536885,-777.556396925653,4374.52578342477,144303.628633841,91641.7825080092,-6999994.49282925,-6999652.96409799,-13164180.1473206,24617878.2749985,26349232832.055,-49376568635.0968,0.0809800144914696,0.0911835253408946,0.888099184460367,-0.073191236235993,0.440287659224261
0.177,20.0746881331326,0.602914374720925,-6.63343360294818,70.2277093338135,-636.753861683551,4462.66978507342,137301.443589743,84646.2090549429,-6999984.05656054,-6999723.37014053,13185052.6847344,-24758690.3600983,-26353904262.3264,49611900602.3993,0.0746881331325788,0.0891080701020091,0.838174735992794,-0.059138438303369,0.448517492514938
0.178,20.06775891458,0.675387234856227,-7.20270307708496,74.731534984673,-502.951310692651,4543.81407315742,130303.659742148,77642.3749897227,-6999975.95600697,-6999676.11019943,-13168851.5775919,24853210.2423009,26320269268.9493,-49838538834.4282,0.0677589145799899,0.0867454091166548,0.781123926556944,-0.0457067543210784,0.456420800411898
0.179,20.0603261613853,0.752403325758029,-7.64166954993245,79.3130042528695,-376.148737059217,4617.95867568796,123301.486071897,70646.8190615053,-6999984.67295009,-6999742.16937434,13151417.6913574,-24985328.5921272,-26287000511.8633,50072378587.6725,0.0603261613853334,0.0840951416025759,0.717356083071101,-0.0328935023378123,0.464022125516466
0.18,20.0525166761216,0.834036792023996,-7.95733387915047,83.9651190906078,-256.346146712535,4685.10354579246,116303.69594104,63642.9296242662,-6999976.75551466,-6999691.30867263,-13135582.8205059,25087049.9955452,26255170616.8127,-50302499904.9359,0.0525166761216092,0.0811664796097123,0.647024194890978,-0.0207039681938875,0.471306990045121
0.181,20.0444502613797,0.920354778527827,-8.15669516920793,88.6808781121006,-143.543534447613,4745.24871499989,109301.527255885,56647.3980906072,-6999984.75302676,-6999755.50862956,13119587.7963067,-25215449.9093906,-26222546655.6004,50540777281.4003,0.0444502613797262,0.077980380575008,0.5700185232742,-0.00915079183402004,0.478223791049174
0.182,20.0362397197714,1.01141743043403,-8.24675427602484,93.4532832707571,-37.7409055763863,4798.39413862692,102303.731872314,49643.4583199032,-6999976.43855825,-6999700.56989825,-13102958.8592937,25325327.3720096,26190005542.5191,-50779134440.549,0.0362397197713804,0.0745718649631011,0.485970409742497,0.00174735405725913,0.484689283900963
0.183,20.027990853926,1.10727789317015,-8.2345103061114,98.2753331538448,61.0617455004027,4844.5398517525,95301.5689552496,42647.9572246175,-6999984.39464629,-6999764.80974651,13087046.6832254,-25453807.0685394,-26155537788.6793,51027179303.5015,0.0279908539260418,0.0709925116637104,0.394278963655121,0.0119676557813988,0.490597074653576
0.184,20.0198024664942,1.20798231244463,-8.12696411286835,103.140029721393,152.864413618702,4883.68581040354,88303.7688276468,35643.9700412206,-6999975.1168574,-6999705.0271633,-13068491.1054539,25573372.2349621,26119969431.7211,-51278594185.4823,0.0198024664942196,0.0673131209894768,0.294184346277977,0.0214854295168537,0.495828258797832
0.185,20.0117663601447,1.31356983422041,-7.93111480420936,108.040371537548,237.667105138129,4915.83205355179,81301.6127934753,28648.5052678106,-6999983.62324699,-6999770.95202108,13051478.3262672,-25705221.9505202,-26081055869.3575,51541804752.1631,0.0117663601447084,0.063626532221171,0.18492851541567,0.0302765457957474,0.500263143526998
0.186,20.0039673375684,1.42407260473587,-7.65396323014223,112.969360573706,315.469814655707,4940.97853671513,74303.8080667465,21644.4720056063,-6999972.6728554,-6999705.27159551,-13029577.5430903,25836582.8016429,26039670517.0088,-51811595071.4876,0.00396733756841883,0.0600505796783132,0.0660665990182207,0.0383197697569382,0.50379290092557
0.187,19.9964832014757,1.53951577047889,-7.30250849946711,117.919995373639,386.27254977604,4959.12530336561,67301.6605502058,14649.0497595663,-6999982.41513999,-6999774.48632961,13010092.9739185,-25975012.2698448,-25992838481.8555,52095980182.257,0.00351679852432341,0.0567311683039932,0.0619905887620486,0.0455987906262732,0.506330018135941
0.188,19.9893847546009,1.65991747821113,-6.8837514576716,122.885277924645,450.075304432568,4970.27230737914,60303.8510418058,7644.9704304655,-6999968.741407,-6999701.50850833,-12982745.507937,26120967.9124122,25941566130.1691,-52390417480.5111,0.010615245399098,0.0538454467421981,0.197142860563898,0.0521037468506741,0.507816544270623
0.189,19.9827357996998,1.78528887494188,-6.40469121394304,127.858206752108,506.878088211341,4974.41959761595,53301.7145219998,649.597669666622,-6999980.70384985,-6999775.74933617,12958820.6222321,-26269449.5680989,-25881333943.6775,52703166933.9947,0.0172642003002359,0.0516050529075426,0.334544765047854,0.0578321048547278,0.508229358054442
0.19,19.9765931395552,1.91563410795604,-5.87232860764826,132.8317838639,556.680893795939,4971.56712513464,46303.8996728038,-6354.52894329793,-6999962.55019945,-6999693.61543727,-12922513.3214453,26433717.3658958,25813371501.8882,-53030056077.8087,0.0234068604448048,0.0502594041029043,0.465721010079627,0.0627888139986937,0.507581982348924
0.191,19.9710065769741,2.05095032478708,-5.29366274776758,137.799007768448,599.483733998568,4961.71494541751,39301.7780945273,-13349.8440427319,-6999978.37776995,-6999774.92611028,12890858.1804429,-26596338.7119129,-25729881705.4462,53380270290.4922,0.0289934230258844,0.05,0.579868460517687,0.0669857316980915,0.505922810771662
0.192,19.9660189147956,2.19122767324944,-4.6756944650813,142.752880499344,635.28659930217,4944.86300536654,32303.95683223,-20354.020426483,-6999952.46044223,-6999681.12967695,-12839023.5250033,26783931.5785793,25632421153.7957,-53749771043.9631,0.0339810852043811,0.05,0.679621704087623,0.0704403837701878,0.503329965175739
0.193,19.9616659558869,2.3364493014099,-4.02542286746223,147.686400549058,664.089508084472,4921.01136879002,25301.8569302176,-27349.2678855447,-6999975.27339034,-6999772.08362035,12793397.6287923,-26965839.4653837,-25505355685.2671,54149520493.7969,0.0383340441130855,0.05,0.76668088226171,0.0731741888369564,0.499903324781943
0.194,19.9579765031552,2.48659135762536,-3.34984877294461,152.592569982894,685.892446887779,4890.1599767861,18304.0274630274,-34353.4979688154,-6999934.55360418,-6999663.16283883,-12711958.0564748,27183681.0284131,25350683140.5649,-54575408109.1009,0.042023496844795,0.05,0.8404699368959,0.0752103262995647,0.495754539232596
0.195,19.9549723595423,2.64162299051175,-2.65597128649348,157.464387278027,700.695444692793,4852.30890387404,11301.9620442517,-41348.6651924916,-6999971.17009037,-6999767.18586497,12638725.0840901,-27391727.0806878,-25129064551.8065,55041407875.3863,0.0450276404577146,0.05,0.900552809154291,0.0765714595762831,0.490996020552416
0.196,19.9526683280434,2.80150634898873,-1.95079120543557,162.294854538797,708.498480561824,4807.45808319276,4304.12205927812,-48352.9546739177,-6999896.97728218,-6999638.20900796,-12490339.4677164,27649680.7946985,24843029255.4749,-55543134593.4189,0.0473316719565666,0.05,0.946633439131332,0.0772775381140805,0.485729999328259
0.197,19.9510722117,2.96619658224503,-1.24130762674589,167.076970227495,709.301607535435,4755.6076033972,-2697.87958286201,-55348.0252316272,-6999965.80212216,-6999760.09550997,12352689.7877585,-27893453.7987204,-24335650517.3472,56099581172.4634,0.0489277882999986,0.05,0.978555765999971,0.077343890678328,0.480038706997514
0.198,19.9501848136343,3.13564183979215,-0.534521308070583,171.803736496863,703.104789847705,4696.7573866914,-9695.72498184318,-62352.3821238411,-6999780.93759307,-6999603.75872246,-11982960.7295887,28206127.373743,23609925825.6523,-56705864205.2138,0.0498151863656773,0.05,0.996303727313546,0.0767797922539426,0.473976627182827
0.199,19.9499999370424,3.30978327142481,0.162568686589286,176.468151794573,689.908160983853,4630.90754096508,-16697.5624121634,-69347.3337962442,-6999958.93540984,-6999750.56345133,11626965.0960636,-28499736.8314708,15624300624.4472,57389593728.4319,0.0500000629575901,0.05,1.0000012591518,0.0755876373955251,0.467565541857459
0.2,19.9505043853361,3.48855502728683,0.842962021203873,181.063218334303,669.713207944027,4558.05797316405,-23689.1038149212,-76351.7692958232,-6980519.82000155,-6999555.50341858,27251265.7205108,28889856.896961,-93399384415.3423,-58145117439.356,0.0494956146639396,0.05,0.989912293278792,0.0737627945648697,0.460792821616822
0.201,19.9516779650196,3.67188425782468,1.49966761441164,185.581934549437,642.534494455708,4478.20881837944,-30671.5645661317,-83346.5707236999,-6999968.24648871,-6999738.2052413,-66148118.6948315,-29255260.542395,199821576994.139,59015810728.856,0.0483220349803517,0.05,0.966440699607034,0.0712941725627337,0.453613083374008
0.202,19.9534934960148,3.8596911138706,2.12569857421806,190.01730273225,608.360246978924,4391.35996166847,-37671.3032758021,-90351.1005907576,-6966205.57668647,-6999485.56041926,133673458.299307,29760550.186461,199946508058,-59994901998.4706,0.0465065039851886,0.05,0.930130079703773,0.0681654802762955,0.445953014897764
0.203,19.9559168072951,4.05188874658637,2.71406937124463,194.362321302761,567.236450928998,4297.51157860162,-44537.3477053293,-97345.7050264167,-6732558.86435816,-6999722.46123203,333619966.357307,-30234351.8120096,199960393379.213,61157652640.3118,0.0440831927049423,0.05,0.881663854098846,0.0643568341450488,0.437718854354143
0.204,19.9589067945351,4.24838330757214,3.25793062234545,198.609992658322,519.396758802273,4196.66352152148,-51069.7698542789,-104350.351721448,-6298958.70131125,-6999377.98672389,533580359.736519,30923300.8283022,199962638428.078,-62495700957.4308,0.0410932054649145,0.05,0.821864109298289,0.0598472999262233,0.428805767464434
0.205,19.9624156541761,4.44907394879608,3.75076656864068,202.753315208658,465.274771433896,4088.8160307026,-57068.6112693172,-111344.684007917,-5665397.02236069,-6999702.5363743,733542998.164597,-31572400.1291286,199959323834.201,64159632847.0843,0.0375843458238592,0.05,0.751686916477183,0.0546192210968612,0.419108182696346
0.206,19.9663893170277,4.65385282274449,4.18659503222214,206.785291499415,405.504050458252,3973.96890667784,-62333.9102386232,-118349.479472215,-4831874.36227899,-6999195.12007988,933502321.998798,32587232.7179557,199949693422.97,-66138870739.6275,0.0336106829723377,0.05,0.672213659446754,0.0486641153370872,0.408530071445704
0.207,19.9707680818289,4.86260508233057,4.5601673773449,210.69891994048,340.918117996048,3852.12250506476,-66665.708490999,-125343.404121059,-3798397.19356871,-6999677.32273174,1133452015.42177,-33551638.0216718,199926797944.395,68815169602.7192,0.0292319181711278,0.05,0.584638363422556,0.0419895500638959,0.396994169015324
0.208,19.9754874487704,5.07520888111899,4.86716846812048,214.487203306072,272.550449860749,3723.2765376414,-69864.0585438661,-132348.388067868,-2564981.77917474,-6998821.37595205,1333378813.36616,35263531.5810474,199852864226.75,-72175066536.4917,0.0245125512296411,0.05,0.490251024592823,0.0346263159754744,0.38444925846476
0.209,19.9804791529685,5.29153537320527,5.10441661463719,218.143140047305,201.6344574322,3587.43160884638,-71729.0421056533,-139341.606855786,-1131676.5336952,-6999645.37763925,1533231677.59291,-36911534.9554443,85802633232.3955,77841770224.6376,0.0195208470315258,0.05,0.390416940630516,0.0266351970120432,0.370874826160927
0.21,19.9856723977144,5.51144871360448,5.27006253793612,221.659733355862,129.598690782349,3444.58727078637,-72079.80236168,-146346.734372532,444456.460513907,-6997636.02748238,1619034310.82531,40930235.2691933,-199836572891.745,-85799031820.0781,0.0143276022856078,0.05,0.286552045712156,0.0181126814782685,0.356282677700288
0.211,19.9909952780307,5.73480605812709,5.36376119807256,225.029981977225,58.0026291788599,3294.74496514632,-70859.1348412354,-153338.205121016,1963572.48489334,-6999605.30812322,1419197737.93356,-44868796.5508848,-199909936228.172,89856157091.6411,0.00900472196925151,0.05,0.18009443938503,0.00919497943331017,0.340715384623211
0.212,19.9963763240521,5.96145756432004,5.38671898923456,228.246890118194,-11.6465160442827,3137.90322324503,-68219.2818100799,-160345.268801233,3282815.25471282,-6999546.02612828,1219287801.70539,44987360.5407562,-199931459624.386,199104490218.335,0.00362367594788537,0.05,0.0724735189577075,5.92897783367916e-05,0.324241768346985
0.213,20.00174599657,6.19124639084207,5.34155910572393,231.303457649712,-78.029506070873,2974.07397534458,-64360.1445644518,-167289.137065388,4402137.32660601,-6855006.42047836,1019356342.081,244091850.759091,-199938719569.452,199555854350.108,0.00174599657004393,0.05,0.0349199314008786,-0.00907940266408529,0.306949871632585
0.214,20.0070380058713,6.4240087206426,5.23212402395019,234.192756388913,-140.027020028324,2803.40633187134,-59481.6521867335,-173988.838251428,5321524.30890229,-6511136.64254421,819417622.511551,443647705.109199,-199937953516.078,199601351164.611,0.00703800587129422,0.05,0.140760117425884,-0.0179768846725675,0.288938381026189
0.215,20.0121904310575,6.65957391473467,5.06327557479798,236.908103260884,-196.719671204917,2626.24418330579,-53783.7420588281,-180244.884149557,6040972.9546558,-5967688.26185271,619479668.995474,643249056.27381,-199928016151.324,199520304088.892,0.0121904310575047,0.05,0.243808621150094,-0.026372949263251,0.270308392090212
0.216,20.0171466394316,6.89776485625702,4.8406950069755,239.443258852118,-247.388010508925,2443.13097654736,-47466.3506056998,-185857.694499258,6560488.61557561,-5224679.05353445,419551652.84415,842769360.362702,-199896029654.656,199154782770.034,0.0171466394315516,0.05,0.342932788631032,-0.034007965680549,0.251156894192951
0.217,20.0218560059472,7.13839849391972,4.57068305145161,241.792626976586,-291.512520532598,2254.80970219734,-40729.4021686446,-190627.796408816,6880092.25359244,-4282332.30178673,219655623.189494,1041924143.13274,-199699696936.378,113531235778.7,0.0218560059471642,0.05,0.437120118943284,-0.0406411312896218,0.231572675576265
0.218,20.0262744327283,7.38128658485787,4.25996000003044,243.951453418129,-328.773588124621,2062.21912412965,-33772.7653862801,-194370.244766407,6999898.02831374,-3183642.54076464,19955926.2531169,1155455378.91144,-43790301905.8384,-199184850236.374,0.0262744327282682,0.05,0.525488654565365,-0.0460686088585479,0.211635017038395
0.219,20.0303646689079,7.62623662949765,3.91546714546181,245.916003296885,-359.044903104948,1866.44133462058,-26770.1877784908,-197009.357092755,6997958.80361394,-2127779.58697139,-23834375.6527215,956270528.675062,51059800506.9702,-199566444932.1,0.0303646689079002,0.05,0.607293378158005,-0.0501397839133513,0.191415194161419
0.22,20.0340964433578,7.87305293760326,3.54420290733424,247.68362350458,-382.317956385886,1668.51915088725,-19775.6361959521,-198692.262489544,6999654.3282147,-1271292.28076238,27225424.8542487,756704083.742962,-76256922827.2115,-199668600668.762,0.0340964433577575,0.05,0.68192886715515,-0.0527699613195364,0.170980013796238
0.221,20.0374464831208,8.12153765836424,3.15316424082343,249.252614507607,-398.592405218706,1469.30904007959,-12775.0786424481,-199618.480828547,6988751.29165534,-614422.497353802,-49031497.9729628,557035483.0742,120091821904.508,-199681736569.39,0.0374464831207675,0.05,0.74892966241535,-0.0539476015930879,0.150395389432493
0.222,20.0403985129354,8.37149163640877,2.74934804595154,250.62203344932,-407.876276305743,1269.46786717718,-5790.8277961285,-199987.665873792,6999765.70463463,-157227.882564297,71060323.9315449,357353746.50481,-198790270250.199,-199595899123.708,0.0403985129353757,0.05,0.807970258707513,-0.053734534472702,0.129728265427944
0.223,20.0429432496782,8.62271506866361,2.33974428762642,251.791494505354,-410.163660790159,1069.45282982407,1211.33635876353,-199999.482866291,6971430.89344108,100327.914378659,-127729946.318655,157757847.381102,-199625326629.236,-199143799768.093,0.0429432496781814,0.05,0.858864993563628,-0.0522590822851941,0.109046479684372
0.224,20.0450784031594,8.87500796155512,1.93134121453906,252.760969228776,-405.496215031004,869.521506231203,8085.63139127374,-199853.466661516,6743888.2838078,158513.861875714,-327355272.947891,-41385952.3869913,-199720552976.645,-196625950650.64,0.0450784031594225,0.05,0.901568063188449,-0.0497027395217533,0.0884165989480653
0.225,20.0468086218617,9.12817038861267,1.53099649244335,253.530587057689,-394.101520399692,669.73220609395,14632.5552797782,-199748.416767609,6316672.73437159,18814.9341634027,-527075825.924535,-238011903.037631,-199731495533.455,177739936374.575,0.0468086218616719,0.05,0.936172437233438,-0.0462823838186359,0.0678999632196194
0.226,20.0481452648781,9.38200254941799,1.14524040255073,254.100439755225,-376.406796869363,469.960933973599,20652.4015185986,-199818.984462235,5689731.16068033,-130327.000686941,-726807321.45799,-60271966.6630562,-199695374047.566,185269744465.028,0.0481452648781264,0.05,0.962905297562529,-0.042230957950205,0.0475473556611227
0.227,20.0491059746872,9.63630466080089,0.780076147200936,254.470468508383,-353.038984964586,270.074460255929,25945.4464562086,-199948.56915551,4863076.15219855,-97964.095117483,-926502695.505556,124997777.801972,-199586623109.4,-76682901387.9039,0.0491059746872082,0.05,0.982119493744165,-0.0377787676783983,0.0273931356651631
0.228,20.0497140502131,9.89087683863118,0.440780130655649,254.640556925929,-324.824733657492,70.0945468949362,30312.0068234695,-199996.814845291,3836780.1451383,-11307.7680094633,-1126089318.61496,48314876.4140678,-199221470748.709,-79948871278.9675,0.0497140502131117,0.05,0.994281004262234,-0.0331372123729754,0.0074509535003218
0.229,20.0499976201831,10.1455191098485,0.131702283200217,254.610652527652,-292.79031920917,-129.903200557927,33552.5387308422,-199997.289986973,2611080.09114899,-2967.32723487929,-1325310789.36366,-31633994.8648997,-125866351455.468,155158089517.31,0.0499976201831451,0.05,0.999952403662903,-0.0284865005110292,-0.0122872010598016
0.23,20.0499886169725,10.4000314777225,-0.143932856797493,254.380750162447,-258.158369995625,-329.900781620598,35479.9857020668,-199990.214630054,1222836.12605759,42977.7226588758,-1451177140.81913,123524094.65241,199221777325.717,-151957090675.951,0.0499886169724597,0.05,0.999772339449194,-0.0239684933962506,-0.0318493149291063
0.231,20.0497215573967,10.6542139484007,-0.384206233453797,253.950865316994,-222.300528179944,-529.855251585659,36010.4368872691,-199910.801041848,-128730.126098688,90523.27197331,-1251955363.49342,-28432996.0235413,199600479921.945,-155823373545.435,0.0497215573966798,0.05,0.994431147933597,-0.0196852460089175,-0.0512801214862308
0.232,20.0492321871191,10.9078665709435,-0.588573499680602,253.321067268863,-186.554798896309,-729.732022464756,35288.9958260774,-199860.464830144,-1280885.24963113,-15821.4108229487,-1052354883.57147,-184256369.568976,199719840014.307,195435180053.458,0.0492321871191201,0.05,0.984643742382403,-0.0157027631775899,-0.0706361503459369
0.233,20.0485561558568,11.1607894602004,-0.75773946532696,252.491396328359,-152.073316515642,-929.622964262738,33515.2197746629,-199935.841895743,-2233380.21319545,-102360.190365196,-852635043.557164,11178810.4844818,199774083013.757,198903495012.121,0.0485561558568364,0.05,0.971123117136727,-0.0120579140943775,-0.0899798600540102
0.234,20.0477278657179,11.4127827185107,-0.893461263666926,251.461790506429,-119.808568768044,-1129.59983547296,30888.8177201911,-199999.462098364,-2986128.21524573,8270.36762534654,-652860960.543407,210082305.496603,199801372252.749,199491832331.477,0.0477278657178779,0.05,0.954557314357558,-0.00876641040991177,-0.109374250231458
0.235,20.0467795187211,11.6636463782281,-0.998348649139336,250.232202734163,-90.5133002583894,-1329.55183651024,27609.5592533825,-199852.901939268,-3539088.48966276,318098.589287688,-453059588.290658,409574137.82808,199813828366.889,199578682059.925,0.0467795187211024,0.05,0.935590374422048,-0.00583080525853243,-0.128877283735951
0.236,20.045740364055,11.9131805131714,-1.07566423022025,248.80279619186,-64.7404696050381,-1529.16911102015,23877.2432743022,-199296.75316739,-3892241.16376998,827462.068145731,-253245759.923769,609152819.888005,199815845128.333,199509646736.384,0.0457403640550424,0.05,0.914807281100849,-0.00324772942988179,-0.148535225071304
0.237,20.044636145121,12.1611855485132,-1.12912367182339,247.174143658548,-42.8432288790612,-1727.94229478153,19891.6818714251,-198131.463081511,-4045579.00112958,1536369.71140193,-53429914.795436,808662466.624388,199808369830.338,199156349965.313,0.0446361451209825,0.05,0.892722902419649,-0.00101366987919893,-0.168375269652234
0.238,20.0434887463815,12.4074627701447,-1.1626958841103,245.34742704775,-24.9749161452572,-1925.16249774832,15852.6893078695,-196157.569411802,-3999104.73100984,2444610.35300897,146378455.034902,1007818816.5897,199789722638.412,167842072617.44,0.0434887463815024,0.05,0.869774927630047,0.000871253529327653,-0.188398179646328
0.239,20.0423160400221,12.6518150335057,-1.18040320904014,243.32463659149,-11.0890582219435,-2119.92279876117,11960.0720914835,-193181.075971729,-3752831.41465574,3536350.20590739,346168177.673313,1175660889.20714,199754429623.415,-199174584947.847,0.0423160400221434,0.05,0.846320800442868,0.00240185550408865,-0.208571642785084
0.24,20.0411319324235,12.8940476687203,-1.18612161482447,241.108759972526,-0.939384040274671,-2311.14805508945,8413.61717060167,-189090.091085376,-3306786.02217072,4612423.80264061,545922607.296728,976486304.259294,199688162892.976,-199568375460.334,0.0411319324235322,0.05,0.822638648470644,0.00356890707864443,-0.228825022030584
0.241,20.0399466104302,13.1339695396946,-1.18338091043981,238.703874633054,5.9201475605783,-2497.7775019051,5413.07381256148,-184022.685526516,-2661019.3334275,5489125.91916973,745610770.189704,776917928.79896,199546501761.248,-199675102670.853,0.0399466104301673,0.05,0.798932208603347,0.00436248146352755,-0.24904640281502
0.242,20.0387669873872,13.3713940900397,-1.17516499919225,236.115031350326,10.1352946056977,-2678.93445794651,3158.11761452238,-178178.379826725,-1815635.31235717,6166206.29663327,945157271.950951,577242826.128107,199104922948.285,-199695657328.778,0.0387669873872376,0.05,0.775339747744752,0.00477726922946358,-0.269083822713369
0.243,20.0375973488897,13.6061402192227,-1.16371221090399,233.34805779117,12.5514168144895,-2853.94184813962,1848.2450919654,-171756.834726583,-770925.578932076,6643601.29409698,1144262194.89924,377547168.799329,-96242929017.0934,-199634437786.374,0.0375973488896548,0.05,0.751946977793096,0.00481932065331172,-0.288752032954271
0.244,20.036440197708,13.8380329596364,-1.15031828357296,230.409358860061,14.200899360763,-3022.3222757926,1633.41012231342,-164957.732254384,325215.151458613,6921331.24400313,1048019265.88214,177912731.012955,-199098290040.44,-199187299439.788,0.0364401977079574,0.05,0.728803954159147,0.0045135362947478,-0.307844349957065
0.245,20.0352972741167,14.0669039539979,-1.1352044683088,227.305717026485,16.1632911743678,-3183.79798977395,2449.45185837303,-157980.642528114,1273685.27232054,6999650.32529618,848920975.841703,-21274568.4268327,-199531767335.88,42387039597.0881,0.0352972741166795,0.05,0.70594548233359,0.00391093540617337,-0.326148386216464
0.246,20.0341706194034,14.2925917334561,-1.11757046138393,224.044094790619,19.382758674569,-3338.28058677417,4114.34232405844,-150984.564980432,2022840.3644943,6999569.2766679,649389208.505823,21112471.1702554,-199670941039.431,-44025884549.8541,0.0341706194033655,0.05,0.68341238806731,0.0030937108014026,-0.343464078152291
0.247,20.0330635154643,14.5149418156227,-1.0957679975274,220.631489029038,24.6084330930823,-3485.76368278293,6428.59880263241,-143981.777115604,2572394.10248041,6998668.80556322,449718267.466392,-22913413.3795988,-199735013951.17,47757040129.4221,0.0330635154643133,0.05,0.661270309286266,0.00217598215570701,-0.359622040754121
0.248,20.0319812337698,14.733806717334,-1.0674994588799,217.074900345748,32.3898596992846,-3626.24795452131,9192.56286985415,-136986.605510042,2922244.86297121,6999633.91224834,249983253.515221,24843626.7498233,-199767534302.454,-50823559442.6755,0.0319812337697947,0.05,0.639624675395893,0.00129957985311769,-0.374499537156213
0.249,20.0309315849005,14.9490459543895,-1.03001752569575,213.381326305745,43.0768852289477,-3759.73272011908,12206.5047705326,-129983.020377659,3072344.34933521,6999065.75927682,50215719.212767,-25979932.6928522,-199782264902.919,53188736420.0383,0.0309315849005252,0.05,0.618631698010503,0.00062524600680842,-0.388031837876485
0.25,20.0299252683902,15.1605260419835,-0.980324903220551,209.55776794714,56.8196071996457,-3886.21832140853,15270.6599353237,-122988.079795326,3022668.93609651,6999680.19479399,-149566545.690152,27208803.7271861,-199783876915.996,-55244871583.3322,0.0299252683902438,0.05,0.598505367804876,0.000320163218012734,-0.400217788686656
0.251,20.0289760228213,15.36812049456,-0.915374084702272,205.611222872526,73.5683495171977,-4005.70432817549,18185.2482857558,-115984.002677265,2773210.45194836,6999266.56272951,-349350422.606148,-28036067.856146,-199772541448.183,56968249955.2919,0.0289760228212828,0.05,0.579520456425655,0.000543069547183462,-0.411119130476242
0.252,20.0281005761478,15.5717098260829,-0.832267130338992,201.548692394004,93.0736541025996,-4118.19099657228,20750.4881028264,-108989.259440138,2323973.75861812,6999714.61985101,-549122964.05433,28932182.0991459,-199744001012.814,-58520934876.2286,0.0281005761477715,0.05,0.56201152295543,0.00142843752889741,-0.420853705302465
0.253,20.027318396238,15.7711815499167,-0.728455447882054,197.377174104649,114.886285924017,-4223.67801504443,22766.6097125819,-101984.832218383,1674978.79405739,6999386.33451204,-748866965.067144,-29588752.7770827,-199685205374.347,59886718552.7965,0.0273183962379591,0.05,0.546367924759181,0.00307126781349564,-0.429583294038345
0.254,20.0266512416409,15.9664301790195,-0.601939560802992,193.103669504075,138.357253655893,-4322.16559027442,24033.8741565433,-94990.259140501,826269.226303068,6999740.94101135,-948552170.441491,30297965.7757138,-199554333415.588,-61148874273.8514,0.0266512416408737,0.05,0.533024832817475,0.00551396900181498,-0.437497328552182
0.255,20.0261225125987,16.157357225842,-0.451468844490991,188.735176160562,162.637855633288,-4413.65347715321,24352.6082420563,-87985.5606956475,-222060.110846218,6999464.46965014,-1148106503.85708,-30850908.4981376,-199138760616.085,62295816542.6454,0.0261225125987181,0.05,0.522450251974362,0.00873657408716702,-0.44479412059817
0.256,20.0257564023534,16.3438712024776,-0.276741192015815,184.27869571415,186.679785287586,-4498.14185177309,23523.3050858456,-80991.1390441559,-1469735.99501134,6999761.46942332,-1347245264.47316,31444908.0445078,48119505088.9605,-63376599025.2979,0.0257564023534371,0.05,0.515128047068742,0.0126512040005001,-0.451661458693663
0.257,20.0255768492057,16.5258876205735,-0.0786004444079522,179.741225701833,209.245686477893,-4575.63050995616,21387.9663761125,-73986.2178872146,-2792921.50694002,6999518.07795518,-1299125759.3842,-31931690.98079,199133950260.674,64382612013.9157,0.0255768492056951,0.05,0.511536984113903,0.0171012682727271,-0.458258473461951
0.258,20.0256063093444,16.7033289914539,0.140821267549784,175.129767875314,229.028968388565,-4646.11960814406,17978.6709811905,-66991.9352194142,-3992480.29119389,6999777.69298135,-1099991809.12353,32450921.0331256,199542099082.846,-65345776692.1831,0.0256063093443899,0.05,0.512126186887798,0.021865617109577,-0.464700514849865
0.259,20.0258644662985,16.8761248260397,0.378129987905858,170.451319736749,244.8363815101,-4709.60896877084,13469.4518019486,-59986.8230286983,-4992701.05077599,6999555.72566838,-900449710.040682,-32894855.6590575,199662751112.061,66259468756.6809,0.0258644662984935,0.05,0.51728932596987,0.0266683071302459,-0.471048479132363
0.26,20.0263670441301,17.0442116349543,0.628833123593477,165.712883130628,255.667727116283,-4766.09873560145,8059.80302133762,-52992.6714860666,-5793319.38526064,6999790.60438766,-700786958.928622,33364613.0976234,199701753753.652,-67146247683.8764,0.0263670441301436,0.05,0.527340882602871,0.0311945852677647,-0.477303564122307
0.261,20.027124807467,17.2075329284479,0.887537663714211,160.921455521691,260.722393524909,-4815.58874877679,1949.37378223828,-45987.3896164108,-6394255.46731244,6999582.09364335,-501085205.17497,-33781634.5862529,199685996761.159,68000849345.0473,0.0271248074669614,0.05,0.542496149339229,0.0351122657727114,-0.483407898997437
0.262,20.0281427608974,17.3660392164925,1.14814982038544,156.084038834227,259.399445622494,-4858.07914425009,-4662.14328820145,-38993.3648651698,-6795497.67410683,6999800.88372962,-301399208.413811,34219214.7587944,199562095484.979,-68840493371.73,0.0281427608973885,0.05,0.562855217947771,0.0380964753115239,-0.489250910259855
0.263,20.0294195480365,17.5196880087083,1.40407471613526,151.207630493155,251.297635383148,-4893.56977382482,-11575.0802172677,-31987.9277896227,-6997115.83477815,6999599.85180254,-101837112.928832,-34621278.6129356,198411602480.796,69660862923.0041,0.0294195480364756,0.05,0.588390960729512,0.0398553200279431,-0.494680736674031
0.264,20.0309470502707,17.6684438144515,1.6484160356543,146.299232493365,236.21529154644,-4922.06076936569,-18590.0460080968,-24994.0284333061,-6999747.14646658,6999809.00465111,96574489.5519641,35039584.3100685,-121456305148.393,-70476181840.2093,0.0309470502707008,0.05,0.618941005414015,0.0401539663852816,-0.499519516126209
0.265,20.0327101845911,17.8122781427416,1.87417269147347,141.365842217298,214.136407033987,-4943.55198987353,-25561.7486273121,-17988.4456668067,-6963900.80948881,6999610.49804107,-24881815.5964289,-35436597.5301408,-21789108713.4996,71282795491.0229,0.032710184591096,0.05,0.65420369182192,0.0388348073482052,-0.503581012575096
0.266,20.0346868747945,17.9511695023438,2.07436635574066,136.414461723839,185.087653153135,-4958.04356627443,-32541.721862718,-10994.6730016155,-6999677.17944199,6999815.29825644,-46670924.3099284,35846197.9608821,97391053012.6902,-72093499213.1979,0.0346868747945024,0.05,0.693737495890048,0.0358315497306134,-0.506688835730597
0.267,20.0368480694496,18.0851034016966,2.24201540206946,131.452088349759,149.042372173853,-4965.53536115639,-39548.5026621462,-3988.95018758081,-6997652.57724557,6999614.74661073,50720128.7027618,-36247301.2523157,-105584425590.924,72905094078.9664,0.0368480694496327,0.0502638924747711,0.733092238491634,0.0311746965687307,-0.508693477197075
0.268,20.0391577233278,18.2140723489906,2.37011848095118,126.485724213205,105.999097226802,-4966.02750747529,-46538.3925793056,3004.69175741691,-6999724.66133827,6999819.99239789,-54864296.8881622,36657792.8266506,111948960450.862,-73730205753.8889,0.0391577233278397,0.0515958828070382,0.758931162672116,0.0249871907578604,-0.509486517248967
0.269,20.0415727930017,18.3380758520942,2.45168040800707,121.522366601263,55.9563628073645,-4959.51986818144,-53546.8912290128,10010.5522786025,-6998614.478001,6999612.6823476,57084663.5627003,-37072412.9272382,-116459924878.051,74565932795.9917,0.0415727930017304,0.0538030671316655,0.772684443806792,0.017471258824753,-0.50901065904037
0.27,20.0440432358143,18.4571204186319,2.47969829748187,116.569017688034,-1.0851740469249,-4946.01258138328,-60536.3733627121,17004.0564099525,-6999759.77687733,6999823.23581836,-59375261.3153508,37493519.8687534,120402453118.794,-75426006249.2835,0.0440432358142857,0.0566419721322001,0.777572428295585,0.00888773918714046,-0.507264662841151
0.271,20.046512010145,18.5712195559057,2.44717683950867,111.632674705741,-65.1263064060816,-4925.5055071857,-67545.7536947273,24010.0554046636,-6998933.81163328,6999603.75256247,61027191.8034435,-37932486.3805301,-123755519190.706,76307692298.4799,0.0465120101449514,0.0599061387110091,0.776414757247637,-0.000470019943013836,-0.504302767483637
0.272,20.0489150749201,18.6803937709738,2.34711267879028,106.720339882261,-136.166512287958,-4897.99879249864,-74534.799830324,31003.4108627523,-6999784.37942519,6999825.11233118,-62728327.3872624,38375205.9179498,126950518868.555,-77227466742.1422,0.0489150749200746,0.0634228561908807,0.77125310744217,-0.0103051067749188,-0.500228720619646
0.273,20.051181389872,18.7846705705668,2.17251058009794,101.839010388117,-214.206369424273,-4863.49229102319,-81544.7899536314,38009.5523335854,-6999037.44737817,6999586.58487805,64222191.4812925,-38852260.8241924,-129970896677.031,78182647534.3731,0.0511813898719815,0.0670499480045089,0.76333228280117,-0.020345969676002,-0.49518506940586
0.274,20.0532329151972,18.8840844611691,1.91636690228946,96.9956885037024,-299.245389857041,-4821.98616316365,-88533.3781213817,45002.7432293071,-6999800.70423539,6999825.64782105,-65748705.1957383,39330386.7101807,133125568245.238,-79195026647.7302,0.0532329151971567,0.0706726359057586,0.753232343960431,-0.0303725190485052,-0.489338808869032
0.275,20.0549846118201,18.9786769489256,1.57168655977138,92.1973713285689,-391.284079549396,-4773.48025183876,-95543.8655835075,52009.0348993752,-6998986.62530851,6999558.52120736,67376863.0494999,-39864639.9375495,-136401111919.351,80261860262.7198,0.054984611820128,0.0742005067722724,0.741027443234053,-0.0402368910219856,-0.482864833276842
0.276,20.0563444411101,19.0684965397282,1.1314657203527,87.4510611950889,-490.321892348047,-4717.97473754126,-102531.897295944,59002.0380773243,-6999810.31821869,6999824.81140117,-69024248.8698515,40397220.3251703,140356810370.163,-81414974731.0156,0.0563444411101166,0.0775646031095832,0.726419511623276,-0.0498769318616501,-0.47592882377936
0.277,20.0572133651957,19.1535987391105,0.588709537933364,82.7637551188142,-596.359350644147,-4655.4694464788,-109542.82693687,66008.4923364329,-6998656.16190346,6999514.54436083,71332561.5003111,-41017754.4058453,-144982330496.82,82651442366.0488,0.0572133651957252,0.0807146553489892,0.70883490672604,-0.0593211703445328,-0.468671248063057
0.278,20.0574853467029,19.2340460523409,-0.0635859048688926,78.1424554839499,-709.395657832155,-4585.96458935248,-116529.980539772,73001.2732439851,-6999814.76565155,6999822.51113801,-73649768.9965087,41633687.9602034,159763347543.689,-84023123895.4072,0.0574853467029186,0.0836164710825977,0.687488313709552,-0.0686849129784779,-0.461194010246545
0.279,20.0570473492549,19.3099079842986,-0.832414926144355,73.5941592028489,-829.431163910105,-4509.45996686843,-123539.992965332,80007.9087451207,-6993582.86087622,6999444.63715051,86113578.5471804,-42389435.9352037,-184864514466.216,85526766309.4231,0.0570473492549048,0.0862494934143623,0.661422426921818,-0.0781579388808312,-0.453551021122271
0.28,20.0557793378095,19.3812610395785,-1.72477963615245,69.1258687109558,-956.461298730886,-4425.95583709546,-130521.329789345,87000.4131253551,-6999901.53956214,6999818.58437002,-98750935.9190351,43137330.3742193,199557060366.17,-87259363842.5374,0.0557793378095468,0.0886045377691628,0.629531389858001,-0.0879851060224563,-0.445743552184368
0.281,20.0535542817607,19.4481887223372,-2.74767070168143,64.7445807870811,-1090.49072290182,-4335.45196092969,-137537.347286806,94007.2571476052,-6998873.94529809,6999326.23282297,100806124.447134,-44122033.4683181,199867408507.473,89217169329.7993,0.0535542817607393,0.09068171368941,0.590574213718168,-0.0984418146372173,-0.437720770926437
0.282,20.0502381523043,19.5107815364148,-3.90809071140061,60.4572979141558,-1231.50237833184,-4237.94867695586,-144452.506935129,100999.391891916,-6798134.11659722,6999812.78401955,300673532.954608,45095135.8614813,199908733832.065,-91622854812.6721,0.0502381523042885,0.0924885355172476,0.543182482275546,-0.109806862221535,-0.429385334883263
0.283,20.0456899545136,19.5691369851298,-5.2129381715828,56.2710166840501,-1379.2955105392,-4133.44568043491,-151066.986162944,108006.481768064,-6397506.21672658,6999096.49247469,500582266.786672,-46527718.9511908,199918922569.013,94472000945.9642,0.0456899545135769,0.0940382232878421,0.485865777937173,-0.122334967284821,-0.420603443512587
0.284,20.0397619286421,19.6233595714265,-6.66881090265412,52.192739609193,-1533.4694894776,-4021.94346870706,-157180.881425849,114998.059734554,-5796964.4886554,6999804.77399648,700501189.355685,47944281.9947734,199916504576.385,-98518099090.1688,0.0397619286421289,0.0953481928161543,0.417018167494752,-0.136230332210048,-0.411218307280395
0.285,20.0322999507561,19.6735607975658,-8.28180614007233,48.2294629811764,-1693.4237730952,-3903.44162079264,-162594.275902397,122005.416966366,-4996505.04701153,6998490.00644617,900417693.93207,-50573817.0953954,199902109641.583,103755945265.347,0.0322999507561477,0.0964387317014482,0.334927162419978,-0.151623511222909,-0.401065689508725
0.286,20.023144133277,19.7198591652992,-10.0573206187051,44.3881892412586,-1858.35790265088,-3777.94106462818,-167107.255084169,128995.912721809,-3996136.29825866,6999794.16198345,1100319803.57365,53182128.1699515,199864823287.796,-106224392140.389,0.0231441332769577,0.097331855989809,0.237785800358939,-0.168553786702147,-0.389989973587974
0.287,20.012129625439,19.7623801752807,-11.9998506594157,40.6759140960704,-2027.27151154928,-3645.44081715369,-170519.920676759,136004.59388252,-2795884.08304111,6999864.09408321,1300184626.86145,-53042263.9704371,199742266330.823,-199722197327.705,0.0121296254389875,0.0980503403487131,0.123708142122188,-0.186958699323812,-0.37785919871545
0.288,19.9990876136541,19.8012563273421,-14.1127922731056,37.0996383454276,-2198.96435423532,-3505.95345335968,-172632.422068648,142944.64981173,-1395828.32301425,6846960.73144892,1499926893.19227,-252764461.298142,151973435523.756,-199883124548.346,0.000912386345859773,0.0986169130435794,0.00925182423279244,-0.206671661244879,-0.364577598116841
0.289,19.9838465216845,19.8366270959752,-16.3982417130299,33.6662861795505,-2372.03837042346,-3359.63577905596,-173252.958039146,149631.914458439,180085.287939895,6494254.7078766,1651900328.71603,-452647585.846488,-199739087165.161,-199912547150.037,0.0161534783154806,0.0990536052600438,0.163078146152007,-0.227427784523579,-0.350094702631976
0.29,19.9662334062852,19.8686387694618,-18.8568093835703,30.3825282072544,-2544.93429155915,-3206.84050819736,-172280.212434709,155866.526615534,1732116.07307334,5941650.84845509,1452161241.55087,-652560132.996525,-199863517013.04,-199919872524.146,0.0337665937147555,0.0993812427611876,0.339768277962638,-0.248877297666688,-0.334411251289522
0.291,19.9460755003824,19.8974440970225,-21.4875362541455,27.2545823815017,-2716.11474673027,-3048.12024617445,-169855.326327029,161448.577418737,3084345.55611769,5189130.77919649,1252297724.53782,-852480005.52067,-199901366488.937,-199916352528.069,0.0539244996175867,0.0996190689233944,0.541307002769257,-0.270605618175542,-0.317581914337467
0.292,19.9232017362064,19.9232017362093,-24.2880140932194,24.2880140931967,-2884.22751321542,-2884.22751321506,-166178.148803057,166178.148803085,4236692.59741104,4236692.59741179,1052396358.04889,-1052396358.04874,-199916352528.068,-199901366488.938,0.0767982637906997,0.0997844879268235,0.769641307845557,-0.292159675936571,-0.29971467924721
0.293,19.8974440970196,19.9460755003853,-27.2545823815248,21.4875362541231,-3048.12024617478,-2716.11474672988,-161448.577418709,169855.326327057,5189130.77919589,3084345.55611858,852480005.52082,-1252297724.53768,-199919872524.145,-199863517013.042,0.0539244996147303,0.0996190689233733,0.541307002740699,-0.313079319204318,-0.280967002625744
0.294,19.8686387694589,19.9662334062881,-30.3825282072778,18.8568093835483,-3206.84050819766,-2544.93429155873,-155866.526615507,172280.212434738,5941650.84845464,1732116.07307438,652560132.996675,-1452161241.55072,-199912547150.036,-199739087165.163,0.0337665937119205,0.0993812427611607,0.339768277934202,-0.332930956756619,-0.261539142771427
0.295,19.8366270959722,19.9838465216873,-33.6662861795742,16.3982417130083,-3359.63577905624,-2372.03837042301,-149631.914458412,173252.958039177,6494254.7078763,180085.287941085,452647585.846639,-1651900328.71588,-199883124548.345,151973435523.452,0.0161534783126704,0.0990536052600107,0.163078146123691,-0.351340140848433,-0.241665356552562
0.296,19.8012563273391,19.9990876136569,-37.0996383454516,14.1127922730845,-3505.95345335993,-2198.96435423483,-142944.649811704,172632.42206868,6846960.73144876,-1395828.32301307,252764461.298294,-1499926893.19243,-199722197327.702,199742266330.826,0.000912386343077998,0.0986169130435395,0.00925182420458829,-0.368019934801155,-0.221603838479191
0.297,19.7623801752777,20.0121296254417,-40.6759140960946,11.9998506593952,-3645.44081715392,-2027.27151154876,-136004.593882494,170519.920676793,6999864.0940832,-2795884.08304009,53042263.9705916,-1300184626.8616,-106224392140.695,199864823287.797,0.0121296254417445,0.0980503403486661,0.123708142150365,-0.382792358396359,-0.201626122823445
0.298,19.7198591652962,20.0231441332797,-44.388189241283,10.057320618685,-3777.94106462838,-1858.35790265033,-128995.912721783,167107.255084203,6999794.16198345,-3996136.29825779,-53182128.1701035,-1100319803.57381,103755945265.577,199902109641.584,0.0231441332796933,0.0973318559897546,0.237785800387178,-0.395600909878038,-0.182005513210062
0.299,19.6735607975628,20.0322999507589,-48.2294629812011,8.28180614005286,-3903.44162079281,-1693.42377309462,-122005.41696634,162594.275902432,6998490.00644613,-4996505.0470108,50573817.0954735,-900417693.932221,-98518099090.2457,199916504576.386,0.0322999507588619,0.0964387317013859,0.33492716244834,-0.406512981914558,-0.163004049052655
0.3,19.6233595714234,20.0397619286448,-52.1927396092177,6.66881090263525,-4021.94346870721,-1533.46948947699,-114998.059734528,157180.881425885,6999804.77399648,-5796964.48865483,-47944281.9947722,-700501189.355835,94472000945.9327,199918922569.014,0.0397619286448183,0.0953481928160841,0.417018167523265,-0.415711520631732,-0.144858829038973
0.301,19.5691369851268,20.0456899545163,-56.271016684075,5.21293817156456,-4133.44568043503,-1379.29551053855,-108006.481768038,151066.98616298,6999096.49247467,-6397506.21672616,46527718.9511605,-500582266.786821,-91622854812.5783,199908733832.066,0.0456899545162592,0.0940382232877639,0.4858657779661,-0.423475789093011,-0.127768987876214
0.302,19.5107815364117,20.0502381523069,-60.4572979141808,3.90809071138305,-4237.94867695596,-1231.50237833115,-100999.391891889,144452.506935166,6999812.78401955,-6798134.11659694,-45095135.8614178,-300673532.954755,89217169329.6563,199867408507.476,0.0502381523069495,0.0924885355171613,0.543182482304823,-0.430152993809172,-0.111884584015782
0.303,19.448188722334,20.0535542817634,-64.7445807871062,2.74767070166458,-4335.45196092976,-1090.49072290109,-94007.257147579,137537.347286843,6999326.23282295,-6998873.94529796,44122033.4682385,-100806124.447279,-87259363842.355,199557060366.183,0.0535542817633754,0.0906817136893161,0.590574213747849,-0.436123663457393,-0.0972984553441954
0.304,19.3812610395753,20.0557793378122,-69.125868710981,1.72477963613634,-4425.95583709551,-956.461298730124,-87000.413125329,130521.329789382,6999818.58437002,-6999901.53956215,-43137330.3741165,98750935.9189039,85526766309.2069,-184864514465.889,0.0557793378121652,0.0886045377690614,0.629531389888272,-0.441764214184764,-0.0840417980668921
0.305,19.3099079842954,20.0570473492575,-73.5941592028741,0.832414926129026,-4509.45996686845,-829.431163909306,-80007.9087450946,123539.992965368,6999444.6371505,-6993582.86087619,42389435.9350903,-86113578.546985,-84023123895.1616,159763347543.225,0.0570473492575054,0.0862494934142539,0.661422426952801,-0.447410386554106,-0.0720838580516942
0.306,19.2340460523377,20.0574853467055,-78.1424554839751,0.0635859048543825,-4585.96458935248,-709.395657831319,-73001.273243959,116529.980539809,6999822.51113801,-6999814.76565156,-41633687.9600712,73649768.99624,82651442365.7756,-144982330496.275,0.0574853467054979,0.0836164710824839,0.687488313741334,-0.45332509264619,-0.06133600754825
0.307,19.1535987391073,20.0572133651983,-82.7637551188393,-0.58870953794702,-4655.46944647876,-596.359350643274,-66008.4923364068,109542.826936906,6999514.54436083,-6998656.16190345,41017754.4057043,-71332561.5000352,-81414974730.7209,140356810369.595,0.0572133651982973,0.0807146553488708,0.708834906758947,-0.459673751926906,-0.0516610639010328
0.308,19.068496539725,20.0563444411127,-87.4510611951139,-1.13146572036547,-4717.9747375412,-490.321892347137,-59002.0380772982,102531.897295981,6999824.81140117,-6999810.31821869,-40397220.3250165,69024248.8695595,80261860262.404,-136401111918.767,0.0563444411126852,0.0775646031094614,0.726419511657531,-0.466509416256877,-0.0428872701213973
0.309,18.9786769489223,20.0549846118227,-92.1973713285939,-1.57168655978321,-4773.48025183868,-391.28407954845,-52009.0348993491,95543.8655835442,6999558.52120735,-6998986.62530851,39864639.9373875,-67376863.0492074,-79195026647.3943,133125568244.645,0.054984611822686,0.0742005067721494,0.741027443269755,-0.47376901339855,-0.0348254377508119
0.31,18.8840844611658,20.0532329151997,-96.9956885037273,-1.91636690230033,-4821.98616316354,-299.245389856058,-45002.743229281,88533.3781214185,6999825.64782104,-6999800.7042354,-39330386.7100068,65748705.1954379,78182647534.0205,-129970896676.433,0.0532329151997004,0.0706726359056364,0.753232343997727,-0.48128093139195,-0.0272875723701229
0.311,18.7846705705635,20.0511813898745,-101.839010388142,-2.17251058010781,-4863.49229102305,-214.206369423253,-38009.5523335593,81544.7899536681,6999586.58487805,-6999037.44737818,38852260.8240137,-64222191.4809952,-77227466741.771,126950518867.955,0.0511813898745217,0.0670499480043894,0.763332282840415,-0.488783068212553,-0.0201051434385635
0.312,18.6803937709704,20.0489150749226,-106.720339882285,-2.34711267879911,-4897.99879249848,-136.166512286901,-31003.4108627262,74534.7998303608,6999825.11233117,-6999784.37942519,-38375205.9177573,62728327.3869602,76307692298.0891,-123755519190.11,0.0489150749226006,0.0634228561907675,0.771253107483374,-0.49594945673894,-0.01314523778777
0.313,18.5712195559023,20.0465120101475,-111.632674705766,-2.44717683951642,-4925.50550718552,-65.1263064049879,-24010.0554046375,67545.753694764,6999603.75256246,-6998933.81163329,37932486.3803317,-61027191.8031501,-75426006248.8755,120402453118.208,0.0465120101474668,0.0599061387109052,0.776414757290972,-0.502422771275676,-0.00632304137104163
0.314,18.4571204186285,20.0440432358168,-116.569017688058,-2.47969829748852,-4946.01258138307,-1.08517404579449,-17004.0564099264,60536.3733627489,6999823.23581835,-6999759.77687733,-37493519.8685437,59375261.3150577,74565932795.5669,-116459924877.49,0.0440432358167833,0.0566419721321099,0.777572428340917,-0.507849477056888,0.000390508796007167
0.315,18.3380758520908,20.0415727930042,-121.522366601287,-2.45168040801257,-4959.5198681812,55.9563628085317,-10010.5522785764,53546.8912290495,6999612.68234759,-6998614.47800102,37072412.9270232,-57084663.5624319,-73730205753.4469,111948960450.341,0.0415727930042173,0.0538030671315932,0.772684443854052,-0.511914173483488,0.00696659686266431
0.316,18.2140723489871,20.0391577233303,-126.485724213229,-2.37011848095549,-4966.02750747502,105.999097228006,-3004.69175739085,46538.3925793423,6999819.99239789,-6999724.66133828,-36657792.8264237,54864296.887909,72905094078.5087,-105584425590.533,0.0391577233303231,0.0515958828069886,0.758931162720976,-0.514369797657993,0.0133220516586197
0.317,18.0851034016931,20.0368480694521,-131.452088349782,-2.24201540207255,-4965.5353611561,149.042372175094,3988.95018760691,39548.5026621829,6999614.74661072,-6997652.57724563,36247301.252085,-50720128.7026239,-72093499212.7267,97391053012.5137,0.0368480694521089,0.0502638924747498,0.733092238541209,-0.515060804558724,0.0193281204574238
0.318,17.9511695023403,20.034686874797,-136.414461723862,-2.07436635574249,-4958.04356627411,185.087653154412,10994.6730016415,32541.7218627547,6999815.29825644,-6999677.179442,-35846197.9606417,46670924.3098898,71282795490.5372,-21789108698.1106,0.0346868747969751,0.05,0.693737495939502,-0.513937154116186,0.0248235601625254
0.319,17.8122781427381,20.0327101845936,-141.36584221732,-1.874172691474,-4943.55198987319,214.136407035302,17988.4456668328,25561.7486273513,6999610.49804107,-6963900.80948117,35436597.5298955,24881815.6117792,-70476181839.7081,-121456305194.003,0.0327101845935616,0.05,0.654203691871231,-0.51105786195181,0.0296307377145325
0.32,17.668443814448,20.0309470502732,-146.299232493387,-1.6484160356535,-4922.06076936532,236.215291547798,24994.0284333322,18590.0460081437,6999809.00465111,-6999747.14646639,-35039584.3098126,-96574489.5822239,69660862922.4874,198411602476.757,0.0309470502731699,0.05,0.618941005463398,-0.506583896202073,0.0335731571720735
0.321,17.5196880087048,20.0294195480389,-151.207630493177,-1.40407471613308,-4893.56977382443,251.297635384548,31987.9277896488,11575.080217299,6999599.85180254,-6997115.83481023,34621278.6126748,101837112.894533,-68840493371.1956,199562095484.433,0.0294195480389448,0.05,0.588390960778895,-0.500761246915362,0.0364927941491201
0.322,17.3660392164889,20.0281427608999,-156.084038834249,-1.14814982038185,-4858.07914424967,259.399445623903,38993.3648651958,4662.14328818344,6999800.88372962,-6795497.67417348,-34219214.7585208,301399208.378966,68000849344.4958,199685996760.939,0.0281427608998577,0.05,0.562855217997154,-0.49389593517761,0.0382650622280723
0.323,17.2075329284443,20.0271248074694,-160.921455521712,-0.887537663709232,-4815.58874877634,260.722393526261,45987.3896164369,-1949.3737823404,6999582.09364334,-6394255.46741404,33781634.585975,501085205.139905,-67146247683.3074,199701753753.504,0.0271248074694377,0.05,0.542496149388754,-0.486323496092392,0.0388107965561624
0.324,17.0442116349506,20.0263670441326,-165.712883130649,-0.628833123587215,-4766.09873560097,255.667727117477,52992.6714860927,-8059.80302155891,6999790.60438766,-5793319.38539738,-33364613.0973324,700786958.893409,66259468756.0928,199662751111.93,0.0263670441326234,0.05,0.527340882652467,-0.478375970626425,0.0381053559734474
0.325,16.876124826036,20.025864466301,-170.451319736769,-0.378129987898537,-4709.60896877034,244.836381510998,59986.8230287243,-13469.4518023243,6999555.72566837,-4992701.05094801,32894855.6587604,900449710.005339,-65345776691.576,199542099082.698,0.0258644663009804,0.05,0.517289326019608,-0.470349650857067,0.0361842443252437
0.326,16.7033289914502,20.0256063093469,-175.129767875334,-0.140821267541783,-4646.11960814353,229.028968388996,66991.9352194402,-17978.6709817558,6999777.69298135,-3992480.29140132,-32450921.0328155,1099991809.08804,64382612013.2874,199133950260.433,0.0256063093468875,0.05,0.512126186937749,-0.462476704135988,0.033144753369197
0.327,16.5258876205698,20.0255768492082,-179.741225701852,0.0786004444160653,-4575.63050995561,209.245686477648,73986.2178872406,-21387.9663769031,6999518.07795517,-2792921.50718307,31931690.9804719,1299125759.34847,-63376599024.6461,48119505182.6129,0.0255768492081998,0.05,0.511536984163996,-0.454903390710329,0.0291435170623311
0.328,16.3438712024739,20.0257564023559,-184.278695714169,0.276741192023247,-4498.14185177252,186.679785286428,80991.1390441819,-23523.3050868815,6999761.46942332,-1469735.99524329,-31444908.0441742,1347245264.53108,62295816541.9678,-199138760615.881,0.0257564023559418,0.05,0.515128047118836,-0.447676908488755,0.0243902631749915
0.329,16.1573572258383,20.0261225126012,-188.73517616058,0.45146884449671,-4413.65347715261,162.637855630987,87985.5606956735,-24352.6082432952,6999464.46965013,-222060.111020153,30850908.4977936,1148106503.9152,-61148874273.1436,-199554333415.491,0.0261225126012192,0.05,0.522450252024385,-0.440742039879751,0.0191382950891889
0.33,15.9664301790157,20.0266512416434,-193.103669504093,0.601939560805765,-4322.16559027379,138.357253652276,94990.259140527,-24033.874157927,6999740.94101135,826269.226187301,-30297965.77535,948552170.499709,59886718552.0527,-199685205374.284,0.026651241643382,0.05,0.533024832867639,-0.43394780131292,0.0136718609356156
0.331,15.7711815499129,20.0273183962405,-197.377174104665,0.728455447880501,-4223.67801504378,114.886285918968,101984.832218409,-22766.6097140522,6999386.33451203,1674978.79399987,29588752.7767027,748866965.125425,-58520934875.4458,-199744001012.765,0.0273183962404673,0.05,0.546367924809346,-0.42706332708787,0.00829005233496679
0.332,15.5717098260792,20.0281005761503,-201.548692394021,0.832267130331648,-4118.1909965716,93.0736540960614,108989.259440164,-20750.4881043251,6999714.619851,2323973.75861891,-28932182.0987431,549122964.11266,56968249954.4639,-199772541448.141,0.0281005761502726,0.05,0.562011523005452,-0.419801323504588,0.00328771679363454
0.333,15.3681204945562,20.0289760228238,-205.611222872541,0.915374084687642,-4005.70432817478,73.5683495091709,115984.002677291,-18185.2482872245,6999266.56272949,2773210.4520075,28036067.8557208,349350422.664519,-55244871582.4564,-199783876915.958,0.0289760228237732,0.05,0.579520456475464,-0.411846721230109,-0.00106491686145459
0.334,15.1605260419797,20.0299252683927,-209.557767947154,0.980324903197172,-3886.2183214078,56.8196071901893,122988.079795351,-15270.6599367041,6999680.19479399,3022668.93621404,-27208803.7267356,149566545.74856,53188736419.1027,-199782264902.882,0.0299252683927129,0.05,0.598505367854258,-0.402887669479818,-0.00454190647459777
0.335,14.9490459543856,20.030931584903,-213.381326305759,1.03001752566224,-3759.73272011832,43.0768852181794,129983.020377685,-12206.5047717663,6999065.7592768,3072344.34951116,25979932.692367,-50215719.1543218,-50823559441.6683,-199767534302.417,0.0309315849029659,0.05,0.618631698059318,-0.392645832734672,-0.00697865408038309
0.336,14.7338067173302,20.0319812337722,-217.074900345761,1.06749945883504,-3626.24795452053,32.3898596873804,136986.605510068,-9192.56287088268,6999633.91224833,2922244.86320563,-24843626.7493012,-249983253.456738,47757040128.3106,-199735013951.128,0.031981233772207,0.05,0.639624675444139,-0.380903046090818,-0.00828472649555538
0.337,14.5149418156188,20.0330635154667,-220.631489029051,1.09576799747017,-3485.76368278212,24.6084330802764,143981.77711563,-6428.59880339727,6998668.80556319,2572394.10277332,22913413.3790094,-449718267.407866,-44025884548.6033,-199670941039.381,0.0330635154666723,0.05,0.661270309333446,-0.367521788286305,-0.00845124482725922
0.338,14.2925917334522,20.0341706194057,-224.044094790631,1.11757046131356,-3338.28058677334,19.3827586611545,150984.564980458,-4114.34232450111,6999569.27666789,2022840.36484577,-21112471.1695939,-649389208.447247,42387039595.7626,-199531767335.81,0.0341706194056641,0.05,0.683412388113283,-0.352457550627864,-0.00755219182532041
0.339,14.066903953994,20.0352972741189,-227.305717026496,1.13520446822486,-3183.79798977309,16.1632911606961,157980.64252814,-2449.45185843494,6999650.32529618,1273685.27273061,21274568.4261687,-848920975.783056,-199187299439.78,-199098290040.313,0.0352972741188964,0.05,0.705945482377928,-0.335762009149823,-0.00573958561359074
0.34,13.8380329596325,20.0364401977101,-230.409358860071,1.15031828347538,-3022.32227579171,14.2008993472443,164957.732254409,-1633.41012193591,6921331.24400246,325215.151927402,-177912731.013611,-1048019265.82337,-199634437786.37,-96242929144.8066,0.0364401977100748,0.05,0.728803954201496,-0.317576794277935,-0.00323306534924871
0.341,13.6061402192188,20.0375973488917,-233.348057791179,1.16371221079316,-2853.94184813871,12.5514168015871,171756.834726607,-1848.24509111099,6643601.29409566,-770925.578468371,-377547168.799981,-1144262194.96818,-199695657328.775,199104922948.14,0.0375973488916692,0.05,0.751946977833384,-0.298118715202644,-0.000304969047405866
0.342,13.3713940900358,20.0387669873891,-236.115031350334,1.17516499906902,-2678.93445794557,10.1352945938701,178178.379826748,-3158.11761323876,6166206.29663129,-1815635.31196248,-577242826.128756,-945157272.020036,-199675102670.85,199546501761.177,0.0387669873891312,0.05,0.775339747782624,-0.277658686627121,0.00273767461151008
0.343,13.1339695396907,20.0399466104319,-238.703874633061,1.18338091030546,-2497.77750190414,5.92014755022017,184022.685526537,-5413.07381091772,5489125.91916711,-2661019.33310192,-776917928.799605,-745610770.258858,-199568375460.329,199688162892.929,0.0399466104319259,0.05,0.798932208638519,-0.256497407343356,0.00557310052468928
0.344,12.8940476687164,20.0411319324252,-241.108759972532,1.18612161468063,-2311.14805508847,-0.939384048837785,189090.091085394,-8413.61716866692,4612423.80263734,-3306786.02191432,-976486304.259934,-545922607.365929,-199174584947.836,199754429623.378,0.0411319324251522,0.05,0.822638648503045,-0.234940383889688,0.00788636749544164
0.345,12.6518150335018,20.0423160400236,-243.324636591495,1.18040320888875,-2119.92279876017,-11.0890582284552,193181.075971743,-11960.072089327,3536350.20590349,-3752831.41446855,-1175660889.20777,-346168177.742551,167842072618.76,199789722638.38,0.0423160400236071,0.05,0.846320800472142,-0.213274740721291,0.00939169184084101
0.346,12.4074627701408,20.0434887463828,-245.347427047755,1.1626958839535,-1925.16249774732,-24.9749161495303,196157.569411813,-15852.6893055604,2444610.3530051,-3999104.73089191,-1007818816.58901,-146378455.104171,199156349965.304,199808369830.31,0.0434887463828133,0.05,0.869774927656266,-0.191750044578947,0.0098536032975684
0.347,12.1611855485093,20.0446361451221,-247.174143658552,1.12912367166349,-1727.94229478052,-42.8432288809777,198131.463081517,-19891.6818690327,1536369.71139874,-4045579.00108093,-808662466.623705,53429914.7261388,199509646736.378,199815845128.306,0.0446361451221335,0.05,0.892722902442671,-0.170564671701137,0.00910488521604331
0.348,11.9131805131675,20.045740364056,-248.802796191862,1.07566423005964,-1529.16911101912,-64.7404696045495,199296.753167394,-23877.2432718958,827462.068143224,-3892241.16379064,-609152819.887327,253245759.854445,199578682059.921,199813828366.861,0.045740364056023,0.05,0.91480728112046,-0.149857450707009,0.00705959462011939
0.349,11.6636463782241,20.0467795187219,-250.232202734164,0.998348648980409,-1329.55183650922,-90.5133002555163,199852.90193927,-27609.5592510314,318098.589285858,-3539088.48975276,-409574137.827406,453059588.221306,199491832331.472,199801372252.72,0.0467795187219231,0.05,0.935590374438462,-0.129703704349787,0.00371995733258598
0.35,11.4127827185068,20.0477278657185,-251.46179050643,0.893461263512029,-1129.59983547193,-119.808568762877,199999.462098364,-30888.8177179648,8270.36762418796,-2986128.21540509,-210082305.495934,652860960.474026,198903495012.108,199774083013.724,0.0477278657185423,0.05,0.954557314370845,-0.110115608640319,-0.00082345593394673
0.351,11.1607894601965,20.0485561558573,-252.491396328358,0.757739465178314,-929.622964261714,-152.073316508339,199935.841895742,-33515.2197726305,-102360.190365692,-2233380.2134242,-11178810.4838259,852635043.487751,195435180053.397,199719840014.267,0.0485561558573444,0.05,0.971123117146888,-0.0910467497743825,-0.00639820571730518
0.352,10.9078665709396,20.0492321871195,-253.321067268861,0.588573499540234,-729.732022463733,-186.5547988871,199860.464830143,-35288.9958243085,-15821.4108228195,-1280885.24992932,184256369.569571,1052354883.50202,-155823373546.015,199600479921.89,0.0492321871194825,0.05,0.98464374238965,-0.0724003830499205,-0.0127623992174354
0.353,10.6542139483968,20.0497215573969,-253.950865316991,0.38420623332347,-529.855251584637,-222.300528169126,199910.801041848,-36010.4368858332,90523.2719737438,-128730.126466359,28432996.0235557,1251955363.42391,-151957090676.115,199221777325.616,0.0497215573969036,0.05,0.994431147938073,-0.054040554342307,-0.019621763315711
0.354,10.4000314777185,20.0499886169726,-254.380750162443,0.143932856678637,-329.900781619577,-258.158369983567,199990.214630054,-35479.9857010333,42977.722659242,1222836.12562035,-123524094.652559,1451177140.74952,155158089517.099,-125866351323.157,0.0499886169725627,0.05,0.999772339451255,-0.0358052549687904,-0.0266496567092874
0.355,10.1455191098446,20.0499976201831,-254.610652527647,-0.131702283306573,-129.903200556905,-292.790319196303,199997.289986973,-33552.5387302587,-2967.32723476764,2611080.0907083,31633994.8645399,1325310789.42637,-79948871278.6069,-199221470748.579,0.0499976201831345,0.05,0.999952403662689,-0.0175217461425655,-0.0335080432502394
0.356,9.89087683862724,20.049714050213,-254.640556925923,-0.440780130748918,70.0945468959578,-324.824733644251,199996.814845291,-30312.0068232953,-11307.7680095312,3836780.14476037,-48314876.414067,1126089318.67779,-76682901387.6989,-199586623109.336,0.0497140502130087,0.05,0.994281004260174,0.000976281088359168,-0.0398676289837017
0.357,9.63630466079696,20.049105974687,-254.470468508376,-0.780076147280938,270.07446025695,-353.03898495135,199948.56915551,-25945.4464563809,-97964.0951174477,4863076.15188349,-124997777.801766,926502695.56845,185269744464.857,-199695374047.52,0.0491059746870093,0.05,0.982119493740186,0.0198322196134161,-0.0454265999198165
0.358,9.38200254941407,20.0481452648778,-254.100439755217,-1.14524040261763,469.96093397462,-376.406796856446,199818.984462235,-20652.4015190545,-130327.000686785,5689731.16042818,60271966.6630908,726807321.52093,177739936374.359,-199731495533.415,0.0481452648778493,0.05,0.962905297556986,0.0391526250218618,-0.0499277799246208
0.359,9.12817038860875,20.0468086218613,-253.53058705768,-1.5309964924976,669.732206094972,-394.101520387347,199748.416767609,-14632.5552804547,18814.9341634848,6316672.7341824,238011903.037449,527075825.987515,-196625950650.597,-199720552976.605,0.0468086218613415,0.05,0.93617243722683,0.0589966759496487,-0.0531731101448199
0.36,8.87500796155121,20.045078403159,-252.760969228766,-1.93134121458134,869.521506232225,-405.49621501942,199853.466661516,-8085.631392108,158513.861875636,6743888.28368161,41385952.3868527,327355273.010911,-199143799768.082,-199625326629.189,0.0450784031590423,0.05,0.901568063180846,0.0793708938547665,-0.055034137761199
0.361,8.62271506865971,20.0429432496778,-251.791494505343,-2.33974428765754,1069.45282982509,-410.163660779461,199999.482866291,-1211.33635969246,100327.914378447,6971430.89337793,-157757847.38123,127729946.381722,-199595899123.703,-198790270250.116,0.0429432496777657,0.05,0.858864993555315,0.100230316360663,-0.0554575454718356
0.362,8.37149163640489,20.0403985129349,-250.622033449308,-2.74934804597244,1269.46786717821,-407.876276295995,199987.665873791,5790.82779516798,-157227.882564634,6999765.70463459,-357353746.504933,-71060323.8683942,-199681736569.386,120091821802.921,0.040398512934928,0.05,0.80797025869856,0.121484570337399,-0.0544652458635822
0.363,8.12153765836037,20.0374464831203,-249.252614507594,-3.15316424083506,1469.30904008061,-398.592405209913,199618.480828546,12775.0786415022,-614422.49735426,6988751.29166766,-557035483.074319,49031497.9345268,-199668600668.758,-76256922775.0918,0.0374464831202985,0.05,0.74892966240597,0.143006654503119,-0.0521490939582141
0.364,7.87305293759941,20.0340964433573,-247.683623504565,-3.54420290733755,1668.51915088827,-382.317956378036,198692.262489543,19775.6361950079,-1271292.28076296,6999654.32821464,-756704083.743076,-27225424.840565,-199566444932.095,51059800479.5856,0.0340964433572957,0.05,0.681928867145913,0.164643242945461,-0.0486605515626197
0.365,7.62623662949381,20.0303646689074,-245.91600329687,-3.91546714545775,1866.4413346216,-359.044903098041,197009.357092753,26770.1877775489,-2127779.58697208,6997958.80361386,-956270528.675171,23834375.6390205,-199184850236.364,-43790301878.3176,0.0303646689074313,0.05,0.607293378148626,0.186225479113294,-0.0441952169349214
0.366,7.38128658485405,20.0262744327278,-243.951453418112,-4.25996000001994,2062.21912413066,-328.773588118657,194370.244766404,33772.7653853359,-3183642.54076543,6999898.02831373,-1155455378.91153,-19955926.2392971,113531235778.966,-199699696936.336,0.0262744327278064,0.05,0.525488654556128,0.207579203579894,-0.0389731930432175
0.367,7.13839849391592,20.0218560059467,-241.792626976569,-4.57068305143561,2254.80970219836,-291.512520527577,190627.796408813,40729.4021677072,-4282332.30178748,6880092.25360626,-1041924143.13257,-219655623.175633,199154782770.023,-199896029654.641,0.0218560059467201,0.05,0.437120118934402,0.228533632713019,-0.0332173664581666
0.368,6.89776485625324,20.0171466394311,-239.443258852099,-4.84069500695495,2443.13097654837,-247.388010504831,185857.694499254,47466.3506047832,-5224679.05353504,6560488.6156033,-842769360.362544,-419551652.830274,199520304088.886,-199928016151.314,0.0171466394311253,0.05,0.342932788622505,0.248927908552965,-0.0271318717765873
0.369,6.6595739147309,20.0121904310571,-236.908103260864,-5.06327557477379,2626.2441833068,-196.719671201724,180244.884149553,53783.7420579462,-5967688.26185314,6040972.95469737,-643249056.273658,-619479668.981588,199601351164.605,-199937953516.069,0.0121904310571033,0.05,0.243808621142065,0.268616253748288,-0.020883761824557
0.37,6.42400872063885,20.0070380058709,-234.192756388892,-5.23212402392324,2803.40633187234,-140.02702002599,173988.838251423,59481.6521859001,-6511136.64254449,5321524.30895775,-443647705.109052,-819417622.497656,199555854350.102,-199938719569.444,0.00703800587091763,0.05,0.140760117418353,0.287472871813864,-0.0145903340129964
0.371,6.19124639083834,20.0017459965697,-231.30345764969,-5.34155910569505,2974.07397534557,-78.0295060693424,167289.137065383,64360.1445636808,-6855006.42047849,4402137.32667537,-244091850.758951,-1019356342.0671,199104490218.318,-199931459624.377,0.0017459965696851,0.05,0.0349199313937021,0.305396710377156,-0.00831339726920538
0.372,5.96145756431634,19.9963763240518,-228.246890118172,-5.38671898920453,3137.90322324602,-11.6465160434861,160345.268801228,68219.2818093852,-6999546.02612828,3282815.25479608,-44987360.5406325,-1219287801.69148,89856157091.4095,-199909936228.16,0.00362367594821578,0.05,0.0724735189643155,0.322315697702183,-0.00206095298663068
0.373,5.73480605812341,19.9909952780304,-225.029981977202,-5.36376119804206,3294.7449651473,58.0026291790057,153338.205121011,70859.1348406308,-6999605.30812321,1963572.48499053,44868796.550777,-1419197737.91964,-85799031820.2072,-199836572891.723,0.00900472196956059,0.05,0.180094439391212,0.338190046706414,0.00420396604004806
0.374,5.51144871360082,19.9856723977141,-221.659733355837,-5.27006253790576,3444.58727078735,129.598690781941,146346.734372527,72079.8023611796,-6997636.02748254,444456.460625028,-40930235.2694301,-1619034310.81136,77841770225.445,85802633204.589,0.0143276022858814,0.05,0.286552045717627,0.353014227809685,0.0105482479206429
0.375,5.29153537320163,19.9804791529682,-218.14314004728,-5.10441661460746,3587.43160884735,201.634457431348,139341.60685578,71729.0421052664,-6999645.37763924,-1131676.53358404,36911534.9560149,-1533231677.60677,-72175066537.725,199852864226.73,0.0195208470317638,0.05,0.390416940635276,0.366816853801202,0.0170489905813392
0.376,5.07520888111538,19.9754874487701,-214.487203306046,-4.86716846809178,3723.27653764236,272.550449859564,132348.388067863,69864.0585435834,-6998821.37595209,-2564981.77907744,-35263531.5817101,-1333378813.38004,68815169604.1294,199926797944.386,0.0245125512298507,0.05,0.490251024597015,0.37965747608229,0.0237713259166196
0.377,4.86260508232699,19.9707680818287,-210.698919940453,-4.56016737731751,3852.12250506572,340.918117994627,125343.404121054,66665.7084908067,-6999677.32273173,-3798397.19348529,33551638.0224193,-1133452015.43565,-66138870741.1724,199949693422.963,0.0292319181713125,0.05,0.584638363426251,0.391620396473262,0.0307472216578779
0.378,4.65385282274094,19.9663893170275,-206.785291499386,-4.18659503219626,3973.9689066788,405.504050456677,118349.47947221,62333.9102385074,-6999195.1200799,-4831874.36220946,-32587232.7187531,-933502322.01269,64159632848.7233,199959323834.196,0.0336106829724905,0.05,0.67221365944981,0.402806158797474,0.0379589403197812
0.379,4.44907394879256,19.962415654176,-202.753315208629,-3.75076656861642,4088.81603070355,465.274771432238,111344.684007912,57068.6112692639,-6999702.53637429,-5665397.02230505,31572400.1299702,-733542998.178495,-62495700959.1511,199962638428.073,0.03758434582398,0.05,0.751686916479599,0.413321562047143,0.0453293909928979
0.38,4.24838330756865,19.958906794535,-198.609992658292,-3.25793062232287,4196.66352152242,519.396758800587,104350.351721443,51069.7698542743,-6999377.9867239,-6298958.70126951,-30923300.8291809,-533580359.750422,61157652642.0966,199960393379.207,0.0410932054650104,0.05,0.821864109300208,0.423269194509769,0.0527203184902199
0.381,4.0518887465829,19.955916807295,-194.36232130273,-2.71406937122373,4297.51157860256,567.236450927326,97345.7050264113,44537.3477053595,-6999722.46123203,-6732558.86433032,30234351.8129157,-333619966.371215,-59994902000.3134,199946508057.993,0.0440831927050169,0.05,0.881663854100339,0.432737505053491,0.0599384098625193
0.382,3.85969111386717,19.9534934960148,-190.017302732218,-2.12569857419881,4391.35996166941,608.360246977294,90351.1005907524,37671.3032758532,-6999485.56041927,-6966205.57667254,-29760550.1873977,-133673458.313222,59015810730.7495,199821576994.115,0.0465065039852384,0.05,0.930130079704767,0.441792376657397,0.0667486254737373
0.383,3.67188425782128,19.9516779650196,-185.581934549404,-1.49966761439399,4478.20881838037,642.534494454133,83346.5707236945,30671.5645661897,-6999738.20524129,-6999968.2464887,29255260.5433518,66148118.6808939,-58145117441.2952,-93399384394.9236,0.0483220349803872,0.05,0.966440699607745,0.450470998119296,0.0728933676439258
0.384,3.48855502728347,19.950504385336,-181.063218334269,-0.842962021187773,4558.05797316497,669.713207942509,76351.769295818,23689.1038149757,-6999555.50341858,-6980519.82000527,-28889856.8979434,-27251265.7140298,57389593730.413,15624300618.9378,0.0494956146639538,0.05,0.989912293279076,0.458778605442119,0.0781155451766391
0.385,3.30978327142148,19.9499999370424,-176.468151794538,-0.162568686574677,4630.907540966,689.908160982389,69347.3337962389,16697.5624122165,-6999750.56345132,-6999958.93540983,28499736.8324695,-11626965.0950919,-56705864207.2359,23609925823.7491,0.0500000629575901,0.05,1.0000012591518,0.46668837056421,0.0821830155210824
0.386,3.13564183978886,19.9501848136343,-171.803736496828,0.534521308083755,4696.75738669231,703.104789846294,62352.3821238359,9695.72498189646,-6999603.75872247,-6999780.93759305,-28206127.3747664,11982960.7286571,56099581174.5285,-24335650515.5318,0.0498151863656595,0.05,0.99630372731319,0.474144411901957,0.0849108968123337
0.387,2.96619658224177,19.9510722117,-167.076970227459,1.24130762675767,4755.60760339811,709.301607534077,55348.0252316218,2697.87958291515,-6999760.09550997,-6999965.80212216,27893453.7997621,-12352689.7868746,-55543134595.5227,24843029253.7225,0.0489277882999701,0.05,0.978555765999403,0.481067592303791,0.0861788616961125
0.388,2.80150634898551,19.9526683280435,-162.294854538759,1.95079120544602,4807.45808319366,708.498480560519,48352.9546739125,-4304.12205922482,-6999638.20900797,-6999896.97728217,-27649680.7957606,12490339.4668478,55041407877.5269,-25129064550.0912,0.047331671956524,0.05,0.94663343913048,0.48736350784276,0.0859420080394
0.389,2.64162299050857,19.9549723595423,-157.464387277989,2.65597128650266,4852.30890387493,700.695444691542,41348.6651924862,-11301.9620441986,-6999767.18586496,-6999971.17009037,27391727.0817663,-12638725.0832434,-54575408111.2794,25350683138.8782,0.0450276404576613,0.05,0.900552809153226,0.492931861011814,0.0842342834497093
0.39,2.48659135762222,19.9579765031553,-152.592569982855,3.34984877295257,4890.159976787,685.892446886582,34353.4979688103,-18304.0274629741,-6999663.16283884,-6999934.55360417,-27183681.0295131,12711958.0556348,54149520496.0139,-25505355683.6007,0.0420234968447346,0.05,0.840469936894692,0.497676291002414,0.0811641984948851
0.391,2.3364493014068,19.961665955887,-147.686400549018,4.02542286746901,4921.0113687909,664.089508083328,27349.2678855393,-25301.8569301644,-6999772.08362034,-6999975.27339033,26965839.4665007,-12793397.6279658,-53749771046.2168,25632421152.1439,0.0383340441130144,0.05,0.766680882260289,0.501513697563096,0.0769033398886203
0.392,2.19122767324638,19.9660189147957,-142.752880499303,4.67569446508697,4944.86300536742,635.286599301078,20354.0204264779,-32303.9568321767,-6999681.12967695,-6999952.46044223,-26783931.5797161,12839023.524178,53380270292.7793,-25729881703.8049,0.0339810852043065,0.05,0.679621704086131,0.504382159185595,0.0716688919141264
0.393,2.05095032478406,19.9710065769742,-137.799007768406,5.29366274777219,4961.71494541839,599.48373399753,13349.8440427265,-39301.7780944741,-6999774.92611027,-6999978.37776995,26596338.7130632,-12890858.1796268,-53030056080.1311,25813371500.2566,0.0289934230258027,0.05,0.579868460516053,0.506246691669575,0.0657019402964949
0.394,1.91563410795306,19.9765931395553,-132.831783863856,5.87232860765185,4971.56712513551,556.680893794954,6354.52894329277,-46303.8996727505,-6999693.61543728,-6999962.55019945,-26433717.3670679,12922513.3206298,52703166936.3546,-25881333942.053,0.023406860444716,0.0502594041029224,0.465721010077693,0.507102315019547,0.0592437223296111
0.395,1.78528887493895,19.9827357996999,-127.858206752064,6.40469121394567,4974.41959761681,506.878088210409,-649.597669671977,-53301.7145219466,-6999775.74933617,-6999980.70384985,26269449.5692867,-12958820.6214232,-52390417482.9094,25941566128.5506,0.0172642003001435,0.0516050529075848,0.33454476504579,0.506974162908145,0.0525121585895672
0.396,1.65991747820824,19.989384754601,-122.8852779246,6.88375145767332,4970.27230738001,450.07530443169,-7644.97043047065,-60303.8510417524,-6999701.50850833,-6999968.74140699,-26120967.9136227,12982745.5071273,52095980184.6995,-25992838480.2435,0.010615245399002,0.0538454467422592,0.197142860561893,0.505914661948915,0.0456809460756588
0.397,1.53951577047604,19.9964832014758,-117.919995373594,7.30250849946798,4959.12530336647,386.272549775215,-14649.0497595717,-67301.6605501526,-6999774.48632961,-6999982.41513999,25975012.2710768,-13010092.9731161,-51811595073.9755,26039670515.4029,0.00351679852423104,0.0567311683040688,0.0619905887603377,0.503998090869851,0.0388632140527165
0.398,1.42407260473307,20.0039673375685,-112.969360573659,7.65396323014231,4940.97853671599,315.469814654935,-21644.4720056114,-74303.8080666932,-6999705.27159552,-6999972.6728554,-25836582.8028988,13029577.5422867,51541804754.6952,-26081055867.7573,0.00396733756851475,0.0600505796783991,0.0660665990197235,0.501313082379144,0.0321012758880584
0.399,1.31356983421766,20.0117663601448,-108.0403715375,7.93111480420869,4915.83205355264,237.66710513741,-28648.5052678159,-81301.6127934221,-6999770.95202107,-6999983.62324699,25705221.9517964,-13051478.3254705,-51278594188.061,26119969430.1259,0.0117663601447973,0.0636265322212641,0.184928515416795,0.497953822029515,0.0253633972690807
0.4,1.20798231244192,20.0198024664943,-103.140029721344,8.12696411286699,4883.68581040438,152.864413618037,-35643.9700412258,-88303.7688275934,-6999705.0271633,-6999975.1168574,-25573372.2362646,13068491.1046553,51027179306.127,-26155537787.0868,0.0198024664943048,0.0673131209895736,0.29418434627882,0.494010817190975,0.018547807901961
0.401,1.10727789316749,20.0279908539261,-98.2753331537958,8.2345103061094,4844.53985175334,61.0617454997908,-42647.9572246229,-95301.5689551964,-6999764.8097465,-6999984.39464628,25453807.0698624,-13087046.6824315,-50779134443.2236,26190005540.9318,0.02799085392612,0.0709925116638089,0.394278963655675,0.489562138774738,0.0114934756682081
0.402,1.01141743043142,20.0362397197715,-93.4532832707072,8.24675427602225,4798.39413862775,-37.740905576945,-49643.4583199083,-102303.73187226,-6999700.56989825,-6999976.43855825,-25325327.3733612,13102958.8585003,50540777284.1294,-26222546654.0194,0.0362397197714515,0.0745718649631988,0.485970409742813,0.484665982394276,0.00399651105878385
0.403,0.920354778525271,20.0444502613798,-88.6808781120499,8.15669516920482,4745.24871500072,-143.543534448119,-56647.3980906125,-109301.527255832,-6999755.50862955,-6999984.75302676,25215449.9107682,-13119587.7955191,-50302499907.7226,26255170615.2345,0.0444502613797937,0.0779803805751031,0.57001852327437,0.479355255495579,-0.00416946446506879
0.404,0.834036792021492,20.0525166761217,-83.9651190905563,7.95733387914687,4685.10354579328,-256.346146712987,-63642.9296242713,-116303.695940987,-6999691.30867264,-6999976.75551466,-25087049.9969544,13135582.8197154,50072378590.5192,-26287000510.2866,0.0525166761216695,0.0811664796098036,0.647024194890995,0.473634692266188,-0.0132310167064285
0.405,0.752403325755576,20.0603261613854,-79.3130042528172,7.64166954992842,4617.95867568878,-376.148737059616,-70646.8190615107,-123301.486071844,-6999742.16937433,-6999984.67295009,24985328.5935647,-13151417.6905712,-49838538837.3388,26320269267.3738,0.0603261613853974,0.0840951416026621,0.717356083071126,0.467480744850534,-0.0233928573948166
0.406,0.675387234853827,20.0677589145801,-74.7315349846199,7.20270307708056,4543.81407315823,-502.951310692997,-77642.3749897278,-130303.659742094,-6999676.11019944,-6999975.95600697,-24853210.243774,13168851.5768026,49611900605.3802,-26353904260.7528,0.0677589145800503,0.0867454091167353,0.781123926556916,0.460844227320769,-0.0348182037915933
0.407,0.602914374718578,20.0746881331326,-70.2277093337595,6.63343360294347,4462.66978507422,-636.753861683843,-84646.2090549482,-137301.44358969,-6999723.37014052,-6999984.05656054,24758690.3616061,-13185052.6839502,-49376568638.156,26349232830.4818,0.0746881331326321,0.0891080701020832,0.838174735992695,0.453655420314687,-0.0476134200566084
0.408,0.53490360105845,20.0809800144915,-65.8085286536337,5.9268620256551,4374.52578342557,-777.556396925892,-91641.7825080143,-144303.628633787,-6999652.96409799,-6999994.49282925,-24617878.2765499,13164180.1465316,49148242573.4545,199985875501.835,0.0809800144915194,0.091183525340962,0.888099184460255,0.445831109578817,-0.061818380618046
0.409,0.471266769877017,20.086493756435,-61.4809909864658,5.07598936371997,4279.38211929924,-925.349496031257,-98645.5530374883,-151263.710057293,-6999696.72108781,-6886837.3749318,24530364.2969046,213150055.648367,-48903812871.4628,199994556459.025,0.0864937564349724,0.0929798455986836,0.930241988229296,0.437282849086408,-0.0774034187232888
0.41,0.411908737507162,20.0910815755348,-57.2520976452387,4.07387075430454,4177.23876863638,-1080.01276666022,-105641.135211906,-158010.639978324,-6999618.26322664,-6573690.04105392,-24373448.5745581,413144612.107391,48667535437.5763,199996034874.006,0.0910815755348011,0.0945110205050963,0.963713808696941,0.427925630164826,-0.0942729000949473
0.411,0.356727360604094,20.094588834616,-53.1288466572497,2.91377593364077,4068.09578986541,-1241.2330610556,-112644.828943514,-164344.425040845,-6999657.94408241,-6060547.41150953,24294086.8630181,613140646.981397,-48402544739.3871,199996430282.585,0.0945888346160046,0.095795398754047,0.987404779835614,0.417686107760736,-0.112274107636607
0.412,0.30561349618643,20.0968543561461,-49.1182392826143,1.58938778299338,3951.95316419164,-1408.49723650978,-119640.406934955,-170065.069390484,-6999565.12958908,-5347408.54938684,-24108457.876369,813137077.263982,48149853188.7425,199996325323.361,0.0968543561460748,0.0968543169238841,1.00000040496069,0.406509589708855,-0.131209759216098
0.413,0.258451001635513,20.0977109353778,-45.2272735193487,0.0950023243777232,3828.81096285946,-1581.09215414852,-126644.001317951,-174972.576680351,-6999598.66087108,-4434273.30946117,24041395.3123735,1013133402.58734,-48597989291.1426,199995719268.574,0.0977109353778118,0.0977109121275581,1.00000023794941,0.394365124027019,-0.15085276108414
0.414,0.215116734746945,20.0969860534882,-41.4629505601835,-1.57427128313978,3698.66914419407,-1758.10467876154,-133639.678946047,-178866.950668641,-6999856.26020428,-3321142.04723954,-24556593.978769,1213129121.85592,199603356923.764,199994142706.122,0.0969860534881697,0.0983891117909685,0.985739699472238,0.381248213713604,-0.170961731514191
0.415,0.175480553890945,20.0945027907135,-37.8322672580026,-3.42231074724558,3561.5337611588,-1938.42167917754,-140618.546277087,-181548.195797835,-6924611.17572116,-2008015.85403057,175046762.944995,1413123264.56204,199847371845.442,199988934338.632,0.0945027907134666,0.0989127921607176,0.955415256703244,0.367180925488301,-0.191295774989003
0.416,0.139405330299966,20.0900809394805,-34.3421879128351,-5.45178064692056,3417.49041072817,-2120.73002948603,-147422.326176028,-182816.318530528,-6649640.72685345,-494898.122299213,374894134.790436,1613112198.90067,199886998142.024,-73329917312.6594,0.0900809394804689,0.0993050955423585,0.907112963221963,0.352209531626534,-0.211627079145173
0.417,0.106747043538174,20.0835383171524,-30.9994996523354,-7.6639347167666,3266.81407516943,-2303.52800045778,-153851.205335796,-182516.882206262,-6174803.092992,1081549.11794513,574781132.93246,1539782281.58801,199896366429.605,-199989185000.744,0.0835383171523816,0.0995878947664451,0.838840075375594,0.336400637220001,-0.231750140049428
0.418,0.0773550568398814,20.0746922565733,-27.8106146986658,-10.0584784091227,3109.9795941579,-2485.25581060751,-159705.30180125,-180698.773478356,-5500073.77684474,2521336.80703276,774677499.362065,1339793096.58727,199891296202.048,-199994403295.434,0.0746922565733179,0.0997813932888221,0.748558965869694,0.319837127682215,-0.251486973812181
0.419,0.0510725919515262,20.0633611497395,-24.7813704903814,-12.6336092255759,2947.66169718879,-2664.47894993306,-164784.72161238,-177540.872523579,-4625450.62938165,3761132.70197231,974568795.564113,1139798693.29183,199871009189.682,-199995999416.626,0.0633611497395279,0.0999038498661961,0.63422130202579,0.302614523854912,-0.270689071428799
0.42,0.0277374038613662,20.049365876828,-21.9168297898121,-15.3861859313415,2780.73500635303,-2839.95762282341,-168889.576009115,-173243.17314153,-3550946.32922269,4800933.39555583,1174439804.75379,939802693.875206,199820324012.426,-199996637904.099,0.0493658768279843,0.0999714156178654,0.493799917935366,0.284838097923754,-0.289237578057917
0.421,0.0071826554204919,20.0325310458158,-19.2210807956906,-18.3119274933628,2610.2740229936,-3010.6520286781,-171819.999048625,-168005.671172021,-2276596.36246268,5640737.77047898,1374260128.76622,739806055.971106,199654759357.335,-199996795828.218,0.0325310458158476,0.0999980699867549,0.325316736814585,0.266621021225258,-0.30704242796794
0.422,-0.0107620081589258,20.012686032281,-16.6970372803201,-21.4056130760528,2437.55308806684,-3175.72236315538,-173376.189553479,-162028.363172861,-802508.854017794,6280545.42853598,1573914888.12356,539809260.142888,3635721472.79312,-199996490732.591,0.0166359921449464,0.1,0.166359921449464,0.248083711092907,-0.324040633565057
0.423,-0.0262691852436666,19.9896658192062,-14.346240428421,-24.6612820378081,2264.03811472277,-3334.52881859106,-173391.135009856,-155511.245862709,773223.894842159,6720356.44331257,1577550609.59635,339812769.410297,-199651112123.943,-199995173196.657,0.0262691852436666,0.0999960089720478,0.262702336960365,0.229354422205434,-0.340193907228135
0.424,-0.0395122600506037,19.9633116367869,-12.1687049430378,-28.0724339276844,2091.2881979656,-3486.63158390276,-171862.410995569,-148654.315563557,2250948.94837654,6960171.62612454,1377899497.4724,139817596.21364,-199816514615.363,-199985742072.004,0.0395122600506037,0.0999501409483967,0.395319703160834,0.210570853995347,-0.35548585562134
0.425,-0.0506638596353123,19.9334714022426,-10.1629170450705,-31.6322284815792,1920.77258567235,-3631.79084345981,-168955.815050893,-141657.566096338,3528940.18854126,6999996.35130218,1178082982.85704,-60168145.8583642,-199866840022.016,120255309643.321,0.0506638596353123,0.0998377037028597,0.507462188694761,0.191881646881869,-0.369919024743869
0.426,-0.0598943931111152,19.8999999600771,-8.32598678899158,-35.3336829469071,1753.76926009454,-3769.9534287669,-164871.144510926,-134667.611266358,4607089.75138729,6999955.86026547,978216142.835026,60087163.7849572,-199886491394.256,-120099842061.203,0.0598943931111152,0.0996374997155491,0.601123003709499,0.173445994402183,-0.383512080634021
0.427,-0.0673707739578906,19.8627591478127,-6.65384615957542,-39.1698020191973,1591.3563678793,-3901.11605173592,-159808.261103354,-127657.628464543,5485362.64852519,6999993.10301983,778329651.44077,-60012678.276246,-199890412966.614,119984857468.738,0.0673707739578906,0.0993259972999097,0.678279360784751,0.155430452581274,-0.396297153677197
0.428,-0.0732553418784784,19.8216178028291,-5.14144893049101,-43.1335817203028,1434.41218094158,-4025.27868639294,-153967.048697936,-120667.644224417,6163747.09348265,6999972.85347795,578439238.474156,59972179.1924923,-199878679395.743,-119902718847.455,0.0732553418784784,0.098877694173283,0.740868226054084,0.138003131879058,-0.408316478288486
0.429,-0.0777049845277683,19.7764517624903,-3.78297054673687,-47.2180260670142,1283.61508405182,-4142.44134477403,-147547.395098449,-113657.669067817,6642246.99225893,6999993.67324672,378560559.078413,-59930539.6549624,-199832334758.396,119832911850.491,0.0777049845277683,0.0982656264333832,0.790764658488658,0.121325866208536,-0.419618157369424
0.43,-0.0808704591275779,19.7271438641395,-2.57200801098173,-51.4161310792082,1139.44357952873,-4252.60401239051,-140749.173215777,-106667.668512423,6920891.38395815,6999979.589517,178728224.320017,59902372.1955285,-199526811030.099,-119775750678.787,0.0808704591275779,0.0974620356895782,0.829763697786435,0.105545145914262,-0.43025140968772
0.431,-0.0828959139615756,19.673583945108,-1.50177975187764,-55.7209007647891,1002.1763264252,-4355.76669803575,-133772.172188164,-99657.7003619215,6999856.20276311,6999994.08637313,-20798586.7100818,-59873378.4832584,39987222325.6873,119724794442.389,0.0828959139615756,0.0964392059080098,0.859566533974236,0.0907827121925729,-0.440261768322637
0.432,-0.0839186093693807,19.6156688427112,-0.565323402226989,-60.1253311443422,871.902282041558,-4451.9293917178,-126776.050741702,-92667.6888323829,6999051.22721587,6999983.10511107,19188635.6156054,59851415.9591305,-37160654422.077,-119680266647.071,0.0839186093693807,0.0951704801046162,0.881771419847132,0.0771267358461387,-0.449686697326091
0.433,-0.0840688192369494,19.5533023942547,0.244357852835951,-64.6224262201519,748.627406658799,-4541.09210043941,-119773.598639082,-85657.7267304001,6999659.53562044,6999994.38774666,-17972018.8064715,-59828850.6879402,35045346727.6744,119639290478.017,0.0840688192369494,0.0936314653672478,0.897869310356395,0.0646246169139107,-0.458552048328946
0.434,-0.083469818395836,19.4863954370306,0.934264613308252,-69.2051820140999,632.35210267384,-4623.25481648062,-112777.084221743,-78667.7068862511,6999210.1901778,6999985.18229773,17073327.9212028,59810439.7900771,-33226029394.4443,-119602033565.675,0.083469818395836,0.0918014328138397,0.9092430895398,0.0532790055974609,-0.466869690685904
0.435,-0.082237882182006,19.4148658083221,1.511395143408,-73.8666025244085,523.076084683948,-4698.41754578715,-105774.875039171,-71657.7501563192,6999670.50340179,6999994.60530497,-16152701.4732414,-59791593.7755975,31494319966.3794,119566932674.703,0.082237882182006,0.089664917012934,0.917168998998162,0.0430481075159475,-0.474636531650206
0.436,-0.080482286580022,19.3386383454007,1.98274999174637,-78.5996837744316,420.799665042898,-4766.58028195092,-98778.0318331779,-64667.7235257896,6999264.96191173,6999986.47786672,15341618.493138,59775338.8991051,-29875647941.6152,-119534119746.014,0.080482286580022,0.0872135171169558,0.922818953306206,0.0338503029073499,-0.481835003894138
0.437,-0.0783053080386668,19.2576448855296,2.35532757530337,-83.397429759211,325.522577808427,-4827.74303026962,-91776.0753366765,-57657.7717317644,6999668.75643406,6999994.75689282,-14534029.4484772,-59758780.8469086,28233711775.9172,119502620562.109,0.0783053080386668,0.084447899506826,0.927261761345967,0.025572585211608,-0.488434955277963
0.438,-0.0758022236160538,19.171824265961,2.63612835659923,-88.2528365036477,237.245090916383,-4881.90578514388,-84778.9679763373,-50667.739261868,6999251.58287354,6999987.28632697,13699682.32744,59743839.7151999,-26593551179.2663,-119472543880.42,0.0758022236160538,0.0813799991337582,0.931460118246787,0.0180819443229488,-0.494396738869701
0.439,-0.0730613108292813,19.0811223239397,2.8321508546651,-93.1589080001527,155.966923947238,-4929.06855147863,-77777.29881083,-43657.7921463302,6999654.48961135,6999994.85410195,-12893868.8518263,-59728704.1652204,24819162303.3398,119443209631.339,0.0730613108292813,0.0780354139934883,0.936258386934142,0.0112385562875921,-0.499675188315029
0.44,-0.0701638478164852,18.9854918966997,2.95039540787034,-98.1086402752314,81.6883375348347,-4969.23132418154,-70779.954728594,-36667.7544427056,6999170.20191119,6999987.7547524,11925293.4515134,59714505.4661184,-22937506795.1095,-119414711642.074,0.0701638478164852,0.0744559842979769,0.942353371297673,0.00490946817372043,-0.504224080124961
0.441,-0.0671841131993573,18.8848928214679,2.9978606021492,-103.095037319027,14.4089997266551,-5002.39410794227,-63778.6447977562,-29657.8118871605,6999626.74196515,6999994.90439748,-11012213.343596,-59700206.1759556,20750514333.4789,119386521765.416,0.0671841131993573,0.0707025449459536,0.950236137195827,-0.00101855351525862,-0.508000643412818
0.442,-0.0641893862833118,18.779291935461,2.9815465980127,-108.111095159716,-45.8708024642452,-5028.55689797319,-56781.0657434073,-22667.7693322234,6998989.78578829,6999987.95910423,9738300.98988286,59686315.5894602,-18289284831.8706,-119358724721.359,0.0641893862833118,0.0668578368575461,0.960087692039455,-0.00662825626046733,-0.510969677122977
0.443,-0.0612399469171633,18.6686630758885,2.90845201432622,-113.149817785422,-99.151512318128,-5047.7196988868,-49780.2550212627,-15657.8313361113,6999583.44436224,6999994.91233301,-8550983.8419877,-59672409.1318982,15149207631.1689,119330863909.809,0.0612399469171633,0.0630295596581855,0.971606770684621,-0.011964231689915,-0.513106879836772
0.444,-0.0583890757690738,18.55298707995,2.78557674169059,-118.204201226084,-145.432769564199,-5059.88250604893,-42782.4222008829,-8667.78415102597,6998607.06433584,6999987.93515602,6598223.78918118,59658454.7779102,-11367841033.6841,-119303019380.741,0.0583890757690738,0.0593535450962596,0.983750434357011,-0.0170290570726162,-0.514401077396386
0.445,-0.0556830541680413,18.4322517848379,2.61991937573065,-123.267249467976,-184.715262188992,-5065.04532411573,-35782.4106648248,-1657.85082504445,6999521.36760817,6999994.88024356,-4769617.24450292,-59644564.6028307,5671657400.97718,119274751178.162,0.0556830541680413,0.0559970274878642,0.994393035953721,-0.0217835677795181,-0.514855146107669
0.446,-0.0531611645436618,18.3064520277344,2.41847934363361,-128.331958542925,-216.998470787162,-5063.20814848012,-28784.3288296054,5332.20089809405,6997587.57906416,6999987.69122981,902040.156474258,59630186.575331,1895281876.29423,-119246138386.384,0.0531611645436618,0.0531619844254295,0.999984577668111,-0.0261511925053431,-0.514485557318474
0.447,-0.0508556902472615,18.1755896458149,2.18825502640718,-133.391332435467,-242.283776517131,-5054.37098396108,-21785.9743501503,12342.1293262138,6999437.26015878,6999994.80861195,2797322.03276849,-59615951.8110526,-26866834390.479,119216709843.503,0.0508556902472615,0.0510885179963097,0.995442659952185,-0.0300258671268893,-0.513320605577656
0.448,-0.0487919164756228,18.0396734762442,1.93624472825646,-138.438367179489,-260.570685468296,-5038.53382585962,-14789.6162347068,19332.1856105608,6988801.16499631,6999987.21172265,-24069512.3577105,59600758.0324499,69221920563.139,-119186547095.714,0.0487919164756228,0.0500582438588326,0.974702920326551,-0.0332827292887526,-0.511397508481385
0.449,-0.0469881309305288,17.89871935618,1.66944360881797,-143.466066757865,-271.867028459207,-5015.69667928965,-7801.31283912887,26342.1087767837,6999342.61292017,6999994.69620724,45152408.2054285,-59585789.0632645,-90946328777.4248,119155093327.42,0.0469881309305288,0.05,0.939762618610575,-0.0357905055726747,-0.508758675093656
0.45,-0.0454556291655157,17.7527501227693,1.39484360450562,-148.467427206765,-276.164934020874,-4985.85953933405,-794.551743568896,33332.1697606806,6999021.85673688,6999986.45380768,-45793920.5719963,59569304.2641554,-198440484819.111,-119122436083.689,0.0454556291655157,0.05,0.909112583310313,-0.0374244130172105,-0.50544751562766
0.451,-0.0441987094846282,17.6017956131516,1.11944433650502,-153.435452507443,-273.475875509704,-4949.02241156393,6148.49973874547,40342.087127273,6854007.69375533,6999994.54002999,-244234405.391107,-59553131.8195339,-199213970943.408,119087855030.652,0.0441987094846282,0.05,0.883974189692563,-0.0380781666408173,-0.501504206408266
0.452,-0.0432146950642404,17.4458926644551,0.850173208930334,-158.363138698668,-263.949378240435,-4905.18529069465,12847.1879013147,47332.1530772317,6510166.30289252,6999985.33572579,-443448376.334516,59534723.2111176,-199338183853.812,-119051447751.576,0.0432146950642404,0.05,0.864293901284808,-0.0376743037773143,-0.4969618219586
0.453,-0.0424940880617792,17.2850851138001,0.593712314190492,-163.243489760083,-247.929321008057,-4854.34818297268,19102.4069853976,54342.0638666045,5967048.83463109,6999994.33506111,-642786560.188328,-59516724.5404583,-199315676543.331,119012198713.49,0.0424940880617792,0.05,0.849881761235583,-0.0361728603850947,-0.49184320654745
0.454,-0.0420209136799424,17.1194237982949,0.356300261076926,-168.069501733495,-225.958825518565,-4796.51108255102,24714.8432605107,61332.1352058476,5224604.4361711,6999983.7098774,-842102236.731658,59495474.1730312,-199177013416.319,-118970220551.861,0.0420209136799424,0.05,0.840418273598847,-0.0335781391657665,-0.486158879615937
0.455,-0.0417732632933832,16.9489665550393,0.143532877193003,-172.834178596932,-198.780329454983,-4731.67399667039,29485.2004094132,68342.0382827195,4282913.69273128,6999994.0737745,-1041279250.14798,-59474746.3788297,-198824148428.041,118923947734.337,0.0417732632933832,0.05,0.835465265867663,-0.0299430235072206,-0.479906166580336
0.456,-0.041724036879584,16.7737782211197,-0.0398360766118115,-177.530516395864,-167.335503080413,-4659.83691864403,33214.3371189992,75332.1156412603,3142222.36836928,6999981.30126284,-1240103398.57602,59449201.355507,-197682096403.485,-118873514609.45,0.041724036879584,0.05,0.834480737591679,-0.0253704506142608,-0.473069623609259
0.457,-0.0418418846677043,16.5939306336133,-0.190094025730408,-182.1515191067,-132.764975431009,-4580.99985721502,35703.5607720132,82342.009290766,1803277.92159152,6999993.74531362,-1437785494.9795,-59424313.2539429,-92867534467.4731,118816239792.444,0.0418418846677043,0.05,0.836837693354085,-0.0200119351637602,-0.465622699536654
0.458,-0.0420923475616366,16.4095026295824,-0.304767356080223,-186.690182779523,-96.4032760946329,-4495.16280442715,36772.4680237037,89332.0935860848,319058.659378282,6999977.5519559,-1530653029.44698,59391926.5385014,197408684480.813,-118752288698.267,0.0420923475616366,0.05,0.841846951232732,-0.014063319590778,-0.457530457172752
0.459,-0.0424391869982459,16.2205800460787,-0.382793353856964,-191.13951138917,-59.7181622176278,-4402.32577142269,36359.101615772,96341.9750531935,-1112890.02782829,6999993.33414526,-1333244344.96616,-59360362.1597655,198602465248.314,118676363695.997,0.0424391869982459,0.05,0.848783739964918,-0.00775810773787135,-0.448753076681447
0.46,-0.042845836787893,16.0272557201362,-0.424571343765174,-195.492500991889,-24.129437903879,-4302.48874824763,34612.6898263353,103332.067600208,-2346833.14017029,6999971.1538335,-1134641879.71785,59316001.5362313,198968934587.318,-118588675056.458,0.042845836787893,0.05,0.85691673575786,-0.00135840306820195,-0.439249789877017
0.461,-0.0432768110326898,15.8296294887765,-0.431831194283113,-199.742155561217,9.12901874469269,-4195.65175026504,31731.697235404,110341.931975634,-3381990.55259448,6999992.8178415,-935672945.13053,-59272673.520227,199124374759.86,118476078221.758,0.0432768110326898,0.05,0.865536220653796,0.0048572509534345,-0.428982857920617
0.462,-0.0436989375383806,15.6278081889991,-0.407437319015742,-203.881471162419,39.0220720618927,-4081.81476415615,27915.0576060376,117332.034469752,-4218101.31034508,6999958.18343215,-736548570.37067,59203404.7015305,199188627813.285,-118338849628.836,0.0436989375383806,0.05,0.873978750767612,0.010609175424377,-0.417921204412529
0.463,-0.0440823929272396,15.4219056577876,-0.355189764654421,-207.903451768991,64.7136204438548,-3960.97781414596,23361.8801151427,124341.87121393,-4855055.56680911,6999992.16331926,-537359942.557385,-59135444.9273051,199198255570.043,118124821057.746,0.0440823929272396,0.05,0.881647858544791,0.0156337088362972,-0.406043355271718
0.464,-0.0444015387303034,15.2120427320944,-0.27962511009294,-211.801093461773,85.5667127124822,-3833.14088089032,18271.3442863166,131331.983124962,-5292816.38158147,6999919.12892083,-338161686.987342,58989376.1304407,199164335159.829,-117834368474.804,0.0444015387303034,0.05,0.888030774606068,0.0197005235879977,-0.393339407656998
0.465,-0.0446355583354052,14.9983472488472,-0.185817291668395,-215.567400221975,101.143587040808,-3698.30401640356,12842.6411171014,138341.757880536,-5531395.9009889,6999991.32081387,-138997351.827513,-58844992.3443628,199085459948.813,81222222077.5758,0.0446355583354052,0.05,0.892711166708104,0.0226284208806351,-0.379811848893346
0.466,-0.0447688947499999,14.7809540448654,-0.0791784158966938,-219.195368469241,111.205659209609,-3556.46868610209,7274.92745019023,145325.86374219,-5570850.522842,6981757.43950829,60088108.1213003,22377229.7332129,198949353102.403,-8288901800.35841,0.0447688947499999,0.05,0.895377894999998,0.0242980869548577,-0.365475160420741
0.467,-0.0447914891901025,14.560004954112,0.0347403935333172,-222.678009733922,115.713465639444,-3407.64855947276,1767.27920692594,152317.428312932,-5411287.7381695,6999990.21834132,259037461.223703,14088327.9328545,198727638985.859,-28185460529.4624,0.0447914891901025,0.05,0.895829783802049,0.0246606076487314,-0.350354286392093
0.468,-0.0446988205528812,14.3356487980809,0.150448066777739,-226.008332562067,114.82655420578,-3251.82996239019,-3481.36852746739,159319.765118485,-5052886.45745287,6999985.81600945,457765100.209562,-14097132.5966079,198358792313.816,-199975954764.363,0.0446988205528812,0.05,0.893976411057624,0.0237409654358672,-0.334482169697746
0.469,-0.0444917458838167,14.1080413951027,0.262712515512654,-229.179338231442,108.903301582634,-3089.02088621725,-8272.31263609651,166279.373042402,-4495941.9610864,6885900.70603066,656123892.523378,-214073087.360971,197694865081.429,-199987607879.021,0.0444917458838167,0.05,0.889834917676334,0.0216362403490508,-0.317896357221142
0.47,-0.0441761420249252,13.8773455445078,0.36675932306979,-232.184082367296,98.5006092341271,-2919.34257448672,-12407.243506741,173024.905936772,-3740970.6360223,6571833.81473017,853818757.604806,-414060695.239991,196287919836.137,-199988772731.177,0.0441761420249252,0.05,0.883522840498503,0.0185087541148282,-0.300635445033622
0.471,-0.0437623487571542,13.6437308984357,0.458470026958775,-235.01583610228,84.3733621989689,-2743.10909462399,-15688.5901106549,179356.37794176,-2789007.91849943,6057778.73312459,1050106677.44094,-614049467.971168,191915218807.106,-199986425065.729,0.0437623487571542,0.05,0.875246975143084,0.0145748844998825,-0.282736559849051
0.472,-0.0432644140053398,13.4073736475284,0.534579613187717,-237.668284630093,67.4732823760881,-2560.83450166137,-17920.5588206326,185073.800870055,-1642943.63165493,5343736.05262056,1242021896.24805,-814035893.036897,-13157268608.2712,-199975950098.938,0.0432644140053398,0.05,0.865288280106795,0.0100906864831668,-0.264234825343262
0.473,-0.0426991426348436,13.1684560068752,0.592870433483318,-240.135727193272,48.9377071694773,-2373.2328377451,-18944.6843822649,189977.189651141,-407500.369711018,4429712.18453419,1228864627.63978,-1014011843.13584,-189819509884.248,-162829399428.762,0.0426991426348436,0.05,0.853982852696872,0.0053357439020528,-0.24516497302085
0.474,-0.0420849677974543,12.9271655020231,0.632317502596947,-242.413276758233,29.986174227385,-2181.21657853386,-18769.3890231368,193872.757680869,726454.502986636,3334285.64168398,1039045117.75553,-1176841242.5646,-193965228842.458,199977111886.514,0.0420849677974543,0.05,0.841699355949086,0.000596659272067362,-0.225564915966705
0.475,-0.0414407467809967,12.6836940585012,0.653081735232928,-244.497048612228,11.7451047574991,-1985.86448585958,-17555.7394994128,196651.952219918,1668517.00632094,2257432.95506264,845079888.913072,-976864130.678083,-195166243758.712,199987827910.93,0.0414407467809967,0.05,0.828814935619935,-0.00384920046970347,-0.205480879580037
0.476,-0.0407846421571582,12.4382369391683,0.656360641685114,-246.384249919259,-4.8436615174243,-1788.23829502441,-15497.2102559284,198454.284414294,2416013.77335465,1380562.73834002,649913645.15436,-776876302.767153,-195543481180.884,199990729058.798,0.0407846421571582,0.05,0.815692843143163,-0.00774968769948587,-0.184973138299212
0.477,-0.0401331804030083,12.1909916971429,0.644196494208156,-248.073061681543,-19.0326935908655,-1589.2148756777,-12788.8302401934,199479.740789427,2968155.67791857,703681.800102265,454370163.973476,-576885573.708355,-195494988808.879,199991168252.408,0.0401331804030083,0.05,0.802663608060167,-0.0108929314899389,-0.164120160373535
0.478,-0.0395005045392519,11.9421572994374,0.619281381075439,-249.562441776832,-30.2698632559711,-1389.4711086185,-9626.0719784229,199928.31166405,3324778.3474876,226791.810520114,258875175.164596,-376894405.455947,-195098373939.717,199988961587.716,0.0395005045392519,0.05,0.790010090785037,-0.0131201763582485,-0.143019270445567
0.479,-0.0388978220163798,11.6919334500782,0.584761772200687,-250.851924968342,-38.1985292970369,-1189.48388391003,-6204.37243900962,199999.98776544,3486104.33568234,-50108.1141419753,63776801.2248792,-176905443.868231,-194289889678.478,199977256642.727,0.0388978220163798,0.05,0.777956440327597,-0.0143351931754459,-0.121783529146905
0.48,-0.0383330480549272,11.4405201132149,0.544043112357729,-251.941422914305,-42.6573155134045,-989.530102056612,-2718.76135099458,199894.756472138,3452736.19206798,-127024.929688843,-130513088.453599,23071812.774496,-192847678018.075,199919598207.312,0.0383330480549272,0.05,0.766660961098545,-0.0145093916032256,-0.100535175552815
0.481,-0.0378106442186631,11.1881172362195,0.500594827091503,-252.831024181625,-43.6794962696915,-789.686682763931,636.577017176918,199812.587381871,3225799.26460534,-3993.31781069062,-323360766.471674,222991410.981808,-190210779361.956,-190896905537.135,0.0378106442186631,0.05,0.756212884373262,-0.0136821882714508,-0.0793963133144538
0.482,-0.0373316515940889,10.9349246722212,0.45775619408607,-253.520797535749,-41.4918385304306,-589.846880843533,3668.9941019861,199888.273618628,2807333.10845269,123549.64040255,-513571545.833629,32094505.4446732,-184753925077.939,-199336930923.924,0.0373316515940889,0.05,0.746633031881779,-0.0119566480265026,-0.0584777863299707
0.483,-0.0368939173844038,10.6811422710958,0.418543803027589,-254.010680012047,-36.5124712120686,-389.899789025917,6188.74911667565,199994.647689932,2201384.60008009,55975.6803852611,-698325470.911568,-167242425.479251,-169548883894.138,197533256347.025,0.0368939173844038,0.05,0.737878347688075,-0.00949086967196135,-0.037867651537258
0.484,-0.0364925126893013,10.4269699748435,0.385462094005218,-254.300578470272,-29.3464819106671,-189.896796681024,8012.71283398427,199999.924366969,1418284.68722146,-12500.1169204773,-867874354.805706,30290830.8677739,-52909053682.8254,-15918242541.0218,0.0364925126893013,0.05,0.729850253786025,-0.0064859855922882,-0.017621971818746
0.485,-0.0361203365946882,10.1726077810051,0.360321746952516,-254.390476258656,-20.7714770027765,10.1012628391901,8988.24216818907,199999.916625059,523955.805574337,9831.59267678569,-920783408.488531,14372588.3267521,151715636378.187,-179382092408.323,0.0361203365946882,0.05,0.722406731893763,-0.00317193737419437,0.00223988164705272
0.486,-0.0357688881768627,9.91825568897753,0.344094615323046,-254.280374294898,-11.6683993483659,210.101016438125,9077.09220891551,199987.037496498,-320969.784725101,-65486.8652006235,-769067772.110344,-165009504.08157,170961355771.92,199572595957.551,0.0357688881768627,0.05,0.715377763537254,0.000207740547528871,0.0217361343015
0.487,-0.0354291344577052,9.66411369253725,0.336880647302477,-253.970295886481,-2.87284660400755,410.036124442841,8400.08209743055,199872.307978583,-1004556.87894948,-130710.071303418,-598106416.338424,34563091.8759804,176075305901.2,199210712630.153,0.0354291344577052,0.05,0.708582689154103,0.00341133760603233,0.0409202923975074
0.488,-0.0350923368162295,9.41038172188278,0.338016961794228,-253.460342292842,4.93260912230441,609.857138347444,7125.81789462872,199792.081238656,-1514625.64233731,3458.37688763852,-422031110.437224,233773804.506133,177039055483.877,-199910053014.355,0.0350923368162295,0.05,0.70184673632459,0.00621441930129894,0.0598749336216388
0.489,-0.0347507322939984,9.15725960865388,0.346243932952651,-252.750580462821,11.2381523046701,809.681581489753,5429.68320632012,199879.108175627,-1848137.22503259,137277.154886594,-244992054.953347,33863751.4917783,175515689263.648,-199976549348.329,0.0347507322939984,0.05,0.695014645879969,0.0084248176211625,0.0787029729484937
0.49,-0.0343980431412388,8.90494718789083,0.359880158618097,-251.840936703199,15.7102480430343,1009.62663984518,3488.30256868813,199999.987781369,-2005371.43535412,71152.6317042078,-69476365.6896988,-166112797.856551,171410878385.51,-199988813746.699,0.0343980431412388,0.05,0.687960862824776,0.00989596637331813,0.0975183898775702
0.491,-0.0340298103728799,8.65364439914151,0.376998862948333,-250.731306798632,18.1914276196965,1209.62618560885,1476.76143022008,199954.752545187,-1989142.36185106,-194954.573025693,101934512.695811,-366101611.60325,163353325359.678,-199991089717.746,0.0340298103728799,0.05,0.680596207457598,0.010537346029713,0.116435984545067
0.492,-0.0336435514738145,8.40355121977606,0.395602756105238,-249.421752650005,18.697413342997,1409.41411097019,-434.188121056461,199543.415318073,-1805531.18647541,-661051.729487815,265287838.055489,-566092701.320995,147395691115.164,-199990663264.409,0.0336435514738145,0.05,0.672871029476291,0.0103210567807295,0.135559549614732
0.493,-0.0332387451907425,8.1548673988784,0.413794435480639,-247.912702260449,17.4108157555086,1608.52431869566,-2082.50943998493,198565.985460714,-1466545.50286234,-1327139.76244101,412683529.170652,-766083364.585405,111398114275.622,-199987753285.361,0.0332387451907425,0.05,0.66477490381485,0.0092839001529194,0.154969320753137
0.494,-0.0328166499446044,7.90779199114893,0.429937695730346,-246.205149725688,14.6684557403824,1806.29072089134,-3324.14682588267,196822.472723766,-998162.916553875,-2193217.0036691,524081643.446274,-966071117.870766,22009772355.6381,-199976987026.958,0.0328166499446044,0.05,0.656332998892088,0.00752475917248141,0.174709929933902
0.495,-0.0323799692376802,7.66252269081676,0.442799737721608,-244.30085522404,10.9334914706453,2001.84724088583,-4056.6006253208,194112.890663324,-463076.386929782,-3259276.61505334,546091415.801912,-1166048104.89772,-73904144826.0235,137417276913.832,0.0323799692376802,0.05,0.647599384753604,0.00519746039781366,0.194780027112489
0.496,-0.0319323937010598,7.4192549660322,0.451649887422889,-242.202542190786,6.73328854845887,2194.14187761068,-4258.94866182063,190293.492875307,46062.9564591182,-4356616.08149415,472187270.975888,-1028630827.98389,-110080993524.72,199975820679.397,0.0319323937010598,0.05,0.638647874021196,0.00249957987498601,0.215124563612244
0.497,-0.0314780812928462,7.17818102054252,0.456280135927859,-239.91402086257,2.57148253530025,2382.09395629978,-3995.13890212769,185455.890683268,463209.730672647,-5285258.99913834,362106277.451168,-828655007.304495,-122228978110.633,199986355833.946,0.0314780812928462,0.05,0.629561625856923,-0.000342266110581486,0.235630716639441
0.498,-0.0310211591239391,6.93948872912639,0.456945319820617,-237.440112698168,-1.1367933293372,2564.77744108042,-3371.24752908123,179789.635239783,764201.519068498,-6013920.82852586,239877299.340536,-628668651.470549,-123906256918.802,199988717090.641,0.0310211591239391,0.05,0.620423182478781,-0.00308998258423358,0.256129231593268
0.499,-0.0305653104067559,6.70336071454679,0.454259231981915,-234.78646728756,-4.09112330969905,2741.46367066057,-2507.75840316227,173494.71153837,942125.689949633,-6542595.12145109,115971042.421734,-428679934.379908,-118406946441.66,199987547488.86,0.0305653104067559,0.05,0.611306208135117,-0.0055132830276568,0.276402614071732
0.5,-0.0301134746389543,6.46997361897712,0.449075095821174,-231.959362888752,-6.11342398358461,2911.62397079696,-1527.38168307538,166771.107707644,998893.259150536,-6871281.28208657,-2435904.01992599,-228692386.891048,-105605154712.623,199975837987.902,0.0301134746389543,0.05,0.602269492779086,-0.00740907768097824,0.296199803819388
0.501,-0.0296676693651593,6.23949757532697,0.442363481666953,-228.965506440032,-7.14616523586773,3074.92965479233,-547.307235053575,159818.809538443,943654.777774299,-6999985.74998366,-108041058.732549,-28716548.9031457,-83619107154.9818,57424259897.5032,0.0296676693651593,0.05,0.593353387303187,-0.00861915681046541,0.315255875044553
0.502,-0.0292289318815136,6.01209587835697,0.435095740073181,-225.81183476275,-7.24313605462104,3231.24607804179,328.390495495285,152814.036223991,793804.165464258,-6999990.16893806,-191660165.887531,28707710.9943575,-50700511803.8383,-36351430717.7198,0.0292289318815136,0.05,0.584578637630271,-0.00904445412193296,0.333314782903169
0.503,-0.0287973715701303,5.78792484416176,0.428140691616041,-222.505347438398,-6.55189935870004,3380.56338915687,1017.91449271514,145822.341338764,576793.743674808,-6989458.17330256,-242360677.691369,-7643719.72336238,-10803637953.9701,-5778756740.01455,0.0287973715701303,0.05,0.575947431402606,-0.0086544548861409,0.35015279380182
0.504,-0.0283723151773829,5.56713379084235,0.422183693402424,-219.053038154912,-5.28643159201081,3522.88948667416,1471.7272912186,138828.098179476,329031.247006454,-6999991.27139593,-253164315.645339,-13422476.4633769,24178488402.4222,26988537463.0077,0.0283723151773829,0.05,0.567446303547657,-0.00749072209668954,0.365599657712544
0.505,-0.0279525177783807,5.34986504370647,0.417677616971442,-215.461901618725,-3.69137529287977,3658.21647666092,1678.20612846945,131825.893759426,87956.1755623254,-6999919.4791278,-228985827.242917,13566060.9996307,46828969601.0631,-27277384370.3259,0.0279525177783807,0.05,0.559050355567614,-0.00566400586689569,0.37955455163775
0.506,-0.0275364043263686,5.13625392972022,0.414830853270669,-211.73893851049,-2.00540417410293,3786.54353513327,1659.47421867717,124828.211080069,-117615.16688006,-6999992.11031333,-182156857.641854,-13711323.3706952,58113115183.1802,27490189682.5204,0.0275364043263686,0.05,0.550728086527372,-0.0033449559102888,0.391994966215002
0.507,-0.0271223059340417,4.92642877593673,0.413628478084983,-207.891147877389,-0.432675635340135,3907.87061036219,1460.46614217338,117825.945006351,-270715.466930324,-6999958.33884277,-124043742.458674,13778866.3118253,60810519323.1801,-27626578524.9814,0.0271223059340417,0.05,0.542446118680833,-0.000749071745726807,0.402977902109767
0.508,-0.0267086626118006,4.72051090943354,0.413876254541299,-203.925530610349,0.874292587930099,4022.1977215694,1137.86389056758,110828.27167091,-364353.949727408,-6999992.76179343,-63233223.1354936,-13847712.2131561,56869047600.684,27738446180.6501,0.0267086626118006,0.05,0.534173252236011,0.00188284837718782,0.41263333174998
0.509,-0.0262941751963569,4.51861465731936,0.415256592607325,-199.849085764238,1.82181017676142,4129.52484467597,751.371503872537,103825.978127373,-399152.649062559,-6999971.25091626,-6364175.53480962,13890733.967494,47578444831.4931,-27825517106.9808,0.0262941751963569,0.05,0.525883503927137,0.00430696965547547,0.42115064518109
0.51,-0.0258778990883912,4.32084734671878,0.417387694407572,-195.668814245473,2.37452709538152,4229.85199290366,356.966507847822,96828.3146572563,-381727.602181622,-6999993.27550226,41214269.2966835,-13934783.1394868,34255119186.5532,27900875630.6042,0.0258778990883912,0.05,0.517557981767823,0.00629926633604275,0.428759485059837
0.511,-0.0254592801503059,4.12730930477845,0.419879086210394,-191.391715108895,2.54892614365409,4323.1791509958,1.55522684563405,89826.0041361228,-323385.773291662,-6999977.62082644,75469388.4832366,13966092.4911173,18781587754.9409,-27964311691.3206,0.0254592801503059,0.05,0.509185603006118,0.00767671768697616,0.435706905720857
0.512,-0.0250381391612293,3.93809385865755,0.422378193409674,-187.024789269883,2.40214928142422,4409.50632882394,-280.965587578586,82828.3488429267,-238525.590930955,-6999993.68418098,94250976.2381775,-13998219.2002032,3552452162.79278,28021100227.1523,0.0250381391612293,0.05,0.500762783224586,0.00831475083223889,0.442233123520957
0.513,-0.0246146158689844,3.75328733553275,0.424604062359932,-182.575035782002,2.01777741325997,4488.83351533408,-471.773615029987,75826.0262325168,-142498.388611381,-6999981.35326761,97803428.4009703,14022881.026949,-9253709103.79896,-28071075578.0099,0.0246146158689844,0.05,0.492292317379687,0.00815917315328002,0.448548235398348
0.514,-0.0241890866821103,3.57296906259143,0.426366201262849,-178.049455566749,1.49066960411179,4561.16071840865,-566.912574291516,68828.3778071663,-49321.8147623102,-6999994.01002966,88549719.2971713,-14048194.5510609,-18355747560.7457,28116908321.6347,0.0241890866821103,0.05,0.483781733642206,0.00723136573634336,0.454812157811031
0.515,-0.0237620709741298,3.39721136703576,0.427568730884429,-173.455047676139,0.913089586173619,4626.48792938289,-575.018820665365,61826.0458512481,30050.0307544882,-6999983.75041991,70193971.7364256,14068713.7705738,-23410498997.7358,-28158463520.1482,0.0237620709741298,0.05,0.475241419482597,0.00562617119964187,0.461119697670363
0.516,-0.0233341397304026,3.22607957607742,0.42820204906006,-168.798813036247,0.363819338716663,4684.81515487525,-513.77355387562,54828.4033804601,88538.7529920459,-6999994.26840941,46783472.7386898,-14089749.7495745,-24668356938.2676,28197300900.5509,0.0233341397304026,0.05,0.466682794608053,0.0035026390600448,0.467492143020898
0.517,-0.0229058373558835,3.05963201694117,0.428325481822394,-164.087750697488,-0.0989154414122466,4736.14238771741,-405.954457337274,47826.063787326,122988.047261602,-6999985.36770871,22115115.8004222,14107551.1509764,-22680616358.4047,-28233306937.1465,0.0229058373558835,0.05,0.45811674711767,0.00106851287662531,0.473876110421442
0.518,-0.0224776237135643,2.89792001686046,0.428044819618212,-159.328861589568,-0.440635048166916,4780.46963369162,-275.688954901861,40828.4266440366,133762.854882822,-6999994.4700263,-565500.557982494,-14125755.7861701,-18175833348.9249,28267493899.212,0.0224776237135643,0.05,0.449552474271286,-0.00144002240322508,0.48014967018275
0.519,-0.0220498396161337,2.74098790308062,0.42748845887394,-154.52914476131,-0.650294152109902,4817.79688662026,-145.238155856185,33826.0805451004,124109.437650377,-6999986.47886286,-18741333.9069074,14141738.1130419,-12024346359.864,-28299763010.2095,0.0220498396161337,0.05,0.440996792322675,-0.00378133494951628,0.486135063081045
0.52,-0.0216226955123468,2.58887300285515,0.426785349458378,-149.695601145423,-0.737102159223711,4848.12415172549,-32.503442885906,26828.4483081257,99355.9305635374,-6999994.62225492,-30765680.2667714,-14158024.8971676,-5190145763.76933,28330832859.5597,0.0216226955123468,0.05,0.432453910246937,-0.00573180884385872,0.491616688899727
0.521,-0.0211962802549673,2.44160564344857,0.426047229744913,-144.835229789141,-0.725271506279134,4871.45142350304,50.6046232502841,19826.0964788988,65995.1774148813,-6999987.23072231,-35955826.0305407,14172807.9623921,1373577277.46231,-28360614366.8427,0.0211962802549673,0.05,0.423925605099347,-0.00710745667769586,0.496362551454481
0.522,-0.0207705847747968,2.29920915213317,0.425356773033554,-139.955031627741,-0.647604699606605,4887.77870680897,98.8508171961388,12828.4688830965,30726.1400230717,-6999994.72994334,-34582248.7530784,-14187806.4044505,6854505479.92112,28389663687.6118,0.0207705847747968,0.05,0.415411695495935,-0.00778155234750125,0.500147030575732
0.523,-0.0203455343273862,2.16169985619173,0.42476233095973,-135.062005706857,-0.538868916129446,4897.10599659535,113.428250422658,5826.11186056554,-428.855990046113,-6999987.70450398,-27727743.2731573,14201857.2831613,10673579139.791,-28417897321.5836,0.0203455343273862,0.05,0.406910686547725,-0.0076965569133806,0.502772749647497
0.524,-0.0199210227602853,2.02908708291454,0.42427903831667,-130.163152964021,-0.429831651783179,4899.43329750082,100.914452652665,-1171.51123151713,-22819.8096933079,-6999994.79588161,-17054164.1333663,-14216040.0384223,12509504052.4498,28445786735.7768,0.0199210227602853,0.05,0.398420455205706,-0.00686918497625798,0.504089422544647
0.525,-0.0194969428942882,1.90137315960199,0.423895254245293,-125.265472443222,-0.342648235330544,4894.76060477247,71.6524782347492,-8173.87308296199,-33619.2218004493,-6999987.94255215,-4544660.08091646,14229746.6973544,12276789127.549,-28473250346.2724,0.0194969428942882,0.0503527799080968,0.387206881722792,-0.00538814696155154,0.504007884657879
0.526,-0.0190732084437028,1.77855341356185,0.423582741991185,-120.375965084019,-0.288051278462524,4883.08792295725,37.8070579150999,-15171.4916938898,-32025.4873175912,-6999994.82102793,7732129.04663256,-14243503.6489179,10096081393.2574,28500729516.2364,0.0190732084437028,0.0517032042929156,0.368897995869789,-0.00340483390432659,0.502508002992847
0.527,-0.0186497646821131,1.66061617211179,0.423308662966516,-115.501629928685,-0.264547605973728,4864.41524746597,11.3303153530345,-22173.8581451562,-19245.3175743299,-6999987.95991873,17828210.43989,14257225.8673185,6277593569.98551,-28528140959.6846,0.0186497646821131,0.0538306681169631,0.346452409648548,-0.00111791184763375,0.499639772619725
0.528,-0.0182265870491646,1.54754276257684,0.423047368120671,-110.649467918635,-0.259607014602461,4838.74258287263,2.04536859364722,-29171.4721823012,1721.68965055284,-6999994.80453125,24105804.0098755,-14270915.0923661,1311178831.10846,28555944178.4494,0.0182265870491646,0.056519083964964,0.322485535336405,0.00124660732347449,0.495517577614292
0.529,-0.0178036688692167,1.4393075122919,0.422790086073631,-105.82647809431,-0.252628534730595,4806.06992463322,16.0384900543226,-36173.8431203489,26483.0830759826,-6999987.74753439,25416982.840984,14285029.0860833,-4159534053.06636,-28584050195.7502,0.0178036688692167,0.0595857487365395,0.29879072171999,0.00345781211562316,0.490308260403559
0.53,-0.0173810011148359,1.33587774859924,0.422550915009275,-101.039661398852,-0.219285653250329,4766.39727747519,54.536808875286,-43171.4523617062,49820.2988904333,-6999994.74354619,21257448.7879176,-14299021.1096669,-9396155518.72744,28612992419.9212,0.0173810011148359,0.0628782302522874,0.276423192018888,0.00530261130482823,0.484214237094434
0.531,-0.0169585485132441,1.2372137988512,0.422368008569348,-96.2960168706996,-0.136687293278453,4719.72463677954,113.41980623989,-50173.8277837372,66379.6699189872,-6999987.26844589,11861293.2691902,14313971.3102543,-13650648666.8635,-28642671306.361,0.0169585485132441,0.066271333944487,0.255895686775365,0.00660647215761161,0.477453363387516
0.532,-0.0165362270993159,1.14326899040762,0.422299474922656,-91.6025454546301,0.0113304531046763,4666.05200757883,183.455014682329,-57171.4318450791,71415.6388547456,-6999994.63278882,-1789355.39767332,-14328699.9961067,-16248135253.4175,28673776401.0878,0.0165362270993159,0.0696641721073974,0.23737061101972,0.00725013479479029,0.470237549895879
0.533,-0.0161138884451574,1.05398965063878,0.422414225531976,-86.966246186827,0.229518055679206,4605.37938504137,251.267953296001,-64173.8118651324,61502.2158303635,-6999986.44458438,-18037490.6510908,14345076.4049811,-16644467109.6282,-28706191069.1317,0.0161138884451574,0.0729773552695599,0.220806692509434,0.00718067619605118,0.462752222963382
0.534,-0.0156913151934428,0.969315106922735,0.422778737667605,-82.3941200136324,0.50783734898564,4537.70677470872,300.977345949215,-71171.4101366925,35142.4916244586,-6999994.46371396,-34681957.760719,-14361114.6641506,-14464948030.4015,28740907448.0351,0.0156913151934428,0.0761503223435269,0.206057107974627,0.00641587316218743,0.455138618066379
0.535,-0.0152682312190457,0.889177686648574,0.423441355148696,-77.8931659686082,0.820002908285697,4463.03417135887,316.36803402158,-78173.7950064972,-6771.94015146115,-6999985.12465409,-49146905.7911205,14379792.7838845,-9556634240.09761,-28777782404.9026,0.0152682312190457,0.0791388233297231,0.192929722437651,0.00504149119075824,0.447480593127134
0.536,-0.0148443278394321,0.813502717213626,0.42441628599094,-73.4703849995968,1.12439562817302,4381.36158134791,283.429868601209,-85171.3865318268,-60697.1630626305,-6999994.22307266,-58703540.0312181,-14397989.6210181,-2083486947.10647,28818416374.4836,0.0148443278394321,0.0819125655282801,0.181221620195831,0.00320183753426477,0.439797187718274
0.537,-0.014419305138454,0.742208526027231,0.425669817016344,-69.1327761369814,1.36760617994825,4292.68899880696,193.033687698452,-92173.7766803142,-120442.446567402,-6999983.00450643,-60787026.9783246,14420426.7534655,7354281374.54898,-28862625225.2595,0.014419305138454,0.0844530314656362,0.170737567239622,0.00108459062804496,0.432041580517032
0.538,-0.0139929248608459,0.675206440507665,0.427111394791935,-64.8873403300194,1.49059390159055,4197.01643141947,43.4234412043127,-99171.3599089815,-177552.332858452,-6999993.8903656,-53432745.6037756,-14442198.471794,17674147144.7729,28913375495.1564,0.0139929248608459,0.0867514740971179,0.161298986633713,-0.00109851243855953,0.424106466202398
0.539,-0.0135650687506023,0.612400788086764,0.42859202927881,-60.7410766050163,1.43707214156271,4094.3438722562,-157.899573265231,-106173.756002667,-222148.004889841,-6999979.40108981,-35758598.4590027,14471177.0233623,27451302128.4412,-28970418219.289,0.0135650687506023,0.0888070923194339,0.15274758351292,-0.00313314044556883,0.415835248927298
0.54,-0.0131357940178766,0.553688896206423,0.429911865785507,-56.7009859124494,1.16328260369808,3984.67133131507,-393.351660363167,-113171.328218282,-244180.952284623,-6999993.43317609,-8307296.3305614,-14499241.1959267,35207963932.5078,29040472184.0742,0.0131357940178766,0.0906253874410614,0.144946072935904,-0.00482378883317349,0.407037890546415
0.541,-0.0127053762639332,0.498961092324709,0.430837722995995,-52.7740672729468,0.647922916301359,3867.99879985968,-635.818266824319,-120173.731193359,-234884.26664893,-6999972.43827998,26900667.6019464,14541230.9881476,39638951907.7007,-29131609394.0422,0.0127053762639332,0.0922166990269294,0.137777391708881,-0.0060129795372607,0.397509814206944
0.542,-0.0122743300568083,0.448100703911691,0.431130040586859,-48.9673216376356,-0.0992024162509462,3744.32629216862,-850.64570768766,-127171.288284377,-188164.123093134,-6999997.01198885,66539619.5096471,-14590378.4058946,39617925633.1966,199989448043.201,0.0122743300568083,0.0935949164765764,0.131143127414192,-0.00659630456109673,0.387051985926182
0.543,-0.0118433986223643,0.40098405869506,0.430577257263109,-45.2877465971316,-1.03118950199885,3613.66090654218,-998.937033420437,-134145.248910895,-101815.540766888,-6914592.66637315,106157545.142844,185399069.637306,34057483037.6893,199996342656.909,0.0118433986223643,0.0947763608148712,0.124961525432468,-0.00653181882866412,0.375490208766288
0.544,-0.0114135067597237,0.357480498724452,0.429034337031011,-41.7423013555585,-2.06192231981902,3476.09759432398,-1041.99755444295,-140933.809318673,21370.7458948002,-6629195.42540739,140215028.180533,385395412.294216,21895839195.7693,199997368317.395,0.0114135067597237,0.0957788292090414,0.119165235720445,-0.00584288193329883,0.362691895070637
0.545,-0.0109856749607944,0.317452484470762,0.426461002483121,-38.3377578070112,-3.06895300331799,3331.921753085,-946.86998792526,-147336.974143214,172533.693673218,-6143801.32895447,162110867.376302,585392780.611611,2682380870.68287,199997633364.672,0.0109856749607944,0.0966207922156055,0.113698870697317,-0.00461423455814786,0.34857945885649
0.546,-0.0105608977029243,0.280755880542262,0.4229541470741,-35.0805024498731,-3.90242590064098,3181.61877697547,-692.833797085444,-153154.746142968,335985.751484861,-5458409.73166053,164793248.246985,785390413.976283,-21935347371.9211,199997559677.247,0.0105608977029243,0.0973207333762096,0.108516421286093,-0.00298180465840154,0.333139957448132
0.547,-0.0101399948988824,0.247240441078808,0.418767985490946,-31.9763363896775,-4.40071525341666,3025.87405760065,-278.107312705744,-158187.127741028,489811.326045886,-4573020.53784562,142857900.875064,985387973.65353,-47450322142.5329,199997150943.151,0.0101399948988824,0.0978966220743415,0.103578598362487,-0.00111740076716003,0.316430266915175
0.548,-0.00972345208885242,0.216750495143459,0.41431540879537,-29.0302753415618,-4.41208434970956,2865.57298413427,275.224576753919,-162234.121433556,608944.065849683,-3487633.98872051,95407578.7325311,1185385124.59668,-69001525127.5532,199996094410.933,0.00972345208885242,0.0983655096909198,0.0988502181242699,0.000790003111976843,0.298577346762734
0.549,-0.00931127077957199,0.189125832111624,0.41014582771475,-26.2463496327948,-3.81936154045569,2701.80094306439,920.372177781942,-165095.730177576,669850.882018438,-2202250.81691837,26406053.6049779,1385381219.00761,-84170795468.0328,199992613108.597,0.00931127077957199,0.0987432377676318,0.0942978070203025,0.00255431970571871,0.279773629451326
0.55,-0.00890285322366452,0.164202787057492,0.406898692905793,-23.6274042057995,-2.5631700292082,2535.84331737373,1589.39762069153,-166571.958282806,654171.537889399,-716873.291356453,-57764741.8630549,1585373832.11621,-92495734881.7085,-17837573412.2073,0.00890285322366452,0.0990442457611301,0.0898876371388195,0.00401153420091211,0.260268044105915
0.551,-0.00849694456886162,0.141815525834286,0.405236072614544,-21.1749004378525,-0.660168085502552,2369.17640818504,2199.27083183578,-166499.117587007,550158.92858549,859581.754053653,-150260476.744763,1567536258.704,-93670261531.7169,-199992783742.299,0.00849694456886162,0.0992814651647076,0.085584399411967,0.0050359450433328,0.240353599113284
0.552,-0.00809165049413072,0.121797512348536,0.405760191661013,-18.888766677431,1.78523587027136,2203.36000448552,2658.6878117936,-164889.099834225,353063.321074868,2327121.62088651,-243930738.27648,1367543474.9617,-85997406378.084,-199996272133.999,0.00809165049413072,0.0994662864934583,0.0813506845323203,0.00555174059985589,0.220352603385986
0.553,-0.00768454201112456,0.103983052238532,0.408922734898212,-16.7674080549166,4.57621699429056,2039.85405619623,2875.45286266722,-161911.53918788,66133.8796093457,3594666.95978121,-329928144.654564,1167547202.8277,-64378038046.9938,-199997341994.354,0.00768454201112456,0.0996085861088765,0.0771473856954964,0.00553873028487396,0.200599963209899
0.554,-0.00727285200882226,0.0882087451847583,0.414933417147427,-14.8078636759988,7.42706635440141,1879.92610846613,2765.89299694145,-157766.431517017,-295983.284068715,4662215.49161173,-394306182.701558,967549860.833349,-18464807737.964,-199997773092.761,0.00727285200882226,0.0997167998112463,0.0729350723507877,0.0050317012059715,0.181424572366639
0.555,-0.00685375972049873,0.0743147522018594,0.423677516155277,-13.0060050994464,9.97848064520249,1724.64370976451,2269.67915356563,-152653.774057171,-699521.870639255,5529766.4658987,-412770990.439522,767552087.740588,48691802808.1481,-199997884383.949,0.00685375972049873,0.0997980296198649,0.0686763029952095,0.00411357979364207,0.163129719705927
0.556,-0.00642474720303728,0.0621458631870477,0.434657456372578,-11.3567363342782,11.8316325234922,1574.87441104306,1371.88708817464,-146773.564528132,-1087946.9596747,6197319.61144732,-364079187.631374,567554203.356639,100303059528.48,-199997687349.683,0.00642474720303728,0.0998581711140117,0.0643387229243556,0.00290329592303683,0.145974289099373
0.557,-0.00598399350836168,0.0515523644710305,0.446979373839556,-9.85419383745294,12.6030455613713,1431.28576545091,118.617711272329,-140325.800762898,-1401874.61754184,6664874.97112911,-263776128.102894,367556516.006956,128720934655.504,-199996804741.482,0.00598399350836168,0.0999020508637767,0.059898605250069,0.00153993026916334,0.130156568170915
0.558,-0.00553075327292061,0.042390706371164,0.459398164489425,-8.4919465116735,11.9821266481329,1294.34532839271,-1393.6914812117,-133510.480334556,-1601290.27831698,6932433.08476533,-135055193.44739,167559711.265474,143828916877.156,-199989850466.733,0.00553075327292061,0.0999335657368988,0.0553443003072838,0.000165251654012255,0.115802208220837
0.559,-0.00506566397314648,0.0345239707469102,0.470412134958479,-7.26319570286139,9.77127370039135,1164.32065830864,-3038.53787010618,-126527.599035902,-1664431.01332579,6999997.87079743,8773723.42976598,-32430139.2012581,151497734394.761,33353881913.1537,0.00506566397314648,0.0999558179451204,0.0506790307686515,-0.00109309469156362,0.102957454697437
0.56,-0.0045909416920805,0.0278221388826821,0.478388362607859,-6.16097325106568,5.90829501646035,1041.28904293002,-4673.33239931796,-119538.257254387,-1579908.42269864,6984244.67255275,160271457.824527,923742.711895605,154057662642.993,29656497676.2288,0.0045909416920805,0.0999712415260788,0.0459226235665273,-0.00213573031701741,0.0915882440985145
0.561,-0.00411044235065078,0.0221621781692878,0.481704635145476,-5.17828901035734,0.47813938470728,925.244297656431,-6147.42881599718,-112548.607960865,-1342608.13355262,6999996.66410276,314329120.46752,30580240.3881244,151504555960.74,-61207274577.1822,0.00411044235065078,0.0999817174849908,0.0411119398030729,-0.002901451675782,0.0815853624636827
0.562,-0.00362957632945552,0.0174280450427848,0.478899651684578,-4.30815158645459,-6.28189262148992,816.198234431241,-7307.62162998925,-105543.522388998,-952526.73510473,6999973.26720229,465833676.428259,-30627034.1890578,140255347824.521,61301655899.5009,0.00362957632945552,0.0999886760409474,0.0362998738774092,-0.00337187487940901,0.0727760364006003
0.563,-0.00315507117288758,0.0135106934819497,0.468825772323326,-3.54355921628594,-13.9822947001341,714.152148405808,-8003.85563557576,-98548.6456962404,-416565.384764211,6999997.06096299,606089024.252779,30674621.710443,101148534991.743,-61369084630.8588,0.00315507117288758,0.09999318562139,0.0315528618603453,-0.00357037941212881,0.0649416158562261
0.564,-0.00269458268951867,0.0103080774025152,0.450798218855078,-2.87751395785123,-22.0892036684252,619.106056631808,-8100.51841904829,-91543.539505194,240097.90698444,6999987.140358,707237559.244522,-30694462.9204157,-56864139337.1945,61409436152.9879,0.00269458268951867,0.0999960290740076,0.0269468969365214,-0.00355552787212686,0.0578394392629473
0.565,-0.00225616334015317,0.00772515071203019,0.424727766658767,-2.30301377363928,-29.9541695465796,531.059953679479,-7516.27908899779,-84548.6646902707,918903.396560364,6999997.39551408,650373419.907328,30714973.2325721,-145016469399.934,-61441229017.9572,0.00225616334015317,0.0999977678395077,0.0225621370246406,-0.00340975748423564,0.051226738805583
0.566,-0.00184762186544093,0.00567386730829682,0.3911944985557,-1.81306071829204,-36.9086437202043,450.013846797962,-6296.35839405042,-77543.5500129767,1496768.58176772,6999991.75423767,505356950.507393,-30726255.7853851,-168193064991.917,61464362879.5607,0.00184762186544093,0.0999987950543351,0.0184764412854876,-0.00322483334919041,0.0448842567483332
0.567,-0.00147586473874699,0.00407318108403973,0.351406791999495,-1.40065274926583,-42.3793997093276,375.967732634593,-4574.94351452765,-70548.6773261518,1918028.99977916,6999997.67989206,337163885.515476,30738107.0941756,-177523358925.079,-61483473634.1378,0.00147586473874699,0.0999993786895615,0.0147587390850565,-0.00308640047701992,0.0386372801795935
0.568,-0.0011463276561741,0.00284904592553068,0.307072161166772,-1.05879192062215,-45.9465315496683,308.921615354835,-2517.91979847827,-63543.5578383183,2166431.20583209,6999994.05016917,159640526.590397,-30745366.5399622,-181910232141.824,61498479671.8055,0.0011463276561741,0.0999996958992229,0.0114633114217601,-0.00306020054653014,0.0323720797429998
0.569,-0.000862557068430379,0.00193441571523482,0.26023287735551,-0.780476187081052,-47.3622085838047,248.875492750498,-301.98670137461,-56548.6867248072,2235116.61635158,6999997.92346511,-22269705.5514269,30753113.1318433,-183744608559.764,-61511235249.3846,0.000862557068430379,0.0999998597668255,0.00862558278023235,-0.00318185659338679,0.0260462111836401
0.57,-0.000625962937406378,0.00126924433083203,0.213089735747607,-0.558707602586294,-46.5580046199521,195.829367538143,1891.37096077463,-49543.5641173177,2120974.60652027,6999995.41897226,-206014314.111191,-30758122.1175412,-183569375830.986,61524364422.0934,0.000625962937406378,0.0999999396137652,0.00625963315402055,-0.00345138069688773,0.0196917537902548
0.571,-0.000435750573276763,0.0008004856469372,0.167820798701243,-0.386484120089032,-43.6481307989288,149.783238291809,3878.74351426747,-42548.6936986672,1823175.60449359,6999999.47906576,-389583689.942176,30766242.3045522,-180477657503.536,-199998301093.537,0.000435750573276763,0.099999975977264,0.00435750677955998,-0.003832956323046,0.0134112593861839
0.572,-0.000289034914266583,0.00048209334229919,0.12639816562597,-0.256808946792459,-38.9302499998009,110.73133877718,5477.04766420605,-35566.6441486314,1343353.08579964,6930766.57082355,-570061347.445712,-169232058.788985,-167960276862.862,-199999388600.216,0.000289034914266583,0.0999999912858759,0.00289034939453446,-0.00425998330847392,0.00736689461169554
0.573,-0.000181138043107295,0.000275009384766916,0.0904051794141209,-0.162714520325145,-32.8835343621386,78.5935392629707,6507.37669680569,-28753.8268386357,689311.5999225,6661534.81773445,-738021624.308573,-369231447.3892,44260399360.5585,-199999558360.813,0.000181138043107295,0.0999999971641289,0.00181138048244137,-0.00464483671676104,0.00176380929129813
0.574,-0.000106067435482205,0.000147073538844996,0.0608598366026874,-0.0974046899851638,-26.1526612861164,53.1006079437056,6835.05421780066,-22310.2410043227,-26579.8247057946,6192303.59116485,-693761224.948015,-569231005.750013,177797564730.63,-199999590779.969,0.000106067435482205,0.0999999991888913,0.00106067436342527,-0.00489230696476995,-0.00317123840517697
0.575,-5.71513957147841e-05,7.27537706116729e-05,0.0380928473833537,-0.0544525365669215,-19.4391156196295,33.7833135843912,6491.22670807597,-16435.8861811629,-631442.267288495,5523072.79002485,-515963660.217385,-769230596.529982,188936235016.851,-199999533606.909,5.71513957147841e-05,0.0999999998015132,0.000571513958282221,-0.00491513799758598,-0.00721483411562617
0.576,-2.77265824034339e-05,3.26770164742364e-05,0.0217741807226635,-0.0280003718790764,-13.3417316454417,19.9724253849188,5633.29198318159,-11330.7619450042,-1052937.80999745,4653842.42669141,-327027425.200534,-969230130.136891,192543621345.711,-199999252582.859,2.77265824034339e-05,0.0999999999599584,0.00027726582414536,-0.00464910268081302,-0.0101731645191506
0.577,-1.17307157218912e-05,1.29599523700733e-05,0.0110615838212742,-0.0129597383114051,-8.28139048723616,10.7987129960466,4448.93106414149,-7194.867792145,-1283693.42452513,3584612.67026309,-134483803.854823,-1169229382.71975,193949745189.052,169230411604.068,1.17307157218912e-05,0.0999999999937015,0.000117307157226301,-0.00406472657960605,-0.0119070127351603
0.578,-4.12267718328608e-06,4.34027624997736e-06,0.00478672271807056,-0.00520833140390376,-4.4886388632835,5.20833124239666,3130.32069522045,-4166.66474464111,-1321202.35578543,2499998.49334537,59465941.3342288,-999998971.115682,194059185241.886,199999475440.818,4.12267718328608e-06,0.0999999999992936,4.1226771833152e-05,-0.00317380563630563,-0.0123530711871884
0.579,-1.11283880298763e-06,1.13777739934439e-06,0.001647138717199,-0.00170666607977124,-2.00092255634831,2.13333256071899,1871.19450764245,-2133.33249094678,-1164706.82183026,1599999.2599501,253525126.576115,-799999495.674864,191820503880.196,199999774449.458,1.11283880298763e-06,0.0999999999999515,1.11283880298817e-05,-0.00202998189137073,-0.0115392585440439
0.58,-2.0044593684401e-07,2.02499935606661e-07,0.000399857662173204,-0.000404999868733325,-0.661834750863297,0.674999774403518,865.220333080285,-899.999683092533,-815271.443314044,899999.651499963,445345630.45631,-599999721.225406,-51144435622.0984,199999869005.851,2.0044593684401e-07,0.0999999999999985,2.00445936844013e-06,-0.00072336457199847,-0.00959109466786369
0.581,-1.76317250783863e-08,1.77777722911351e-08,5.2884368269871e-05,-5.33333167687559e-05,-0.132156885848237,0.133333291398643,264.097632390713,-266.666580704298,-395498.030668783,399999.864777483,394201194.834212,-399999852.219555,-195803761582.535,199999913551.85,1.76317250783863e-08,0.1,1.76317250783863e-07,0.000630209913217067,-0.00672699504782954
0.582,-2.75551990627326e-10,2.77777692594037e-10,1.65331194376397e-06,-1.66666615556422e-06,-0.00826655971881989,0.00833333077782106,33.0662388752795,-33.3333231112842,-99198.7166258387,99999.9693338526,198397433.251677,-199999938.667705,-198397433251.677,199999938667.705,2.7555199063377e-10,0.1,2.7555199063377e-09,0.00190396982456727,-0.00324267123348873
0.583,-2.77593940085369e-33,-1.31139346315735e-27,3.04993713970067e-30,-6.88040955325779e-24,-9.34365880070704e-26,2.38925148306778e-20,6.06417519903241e-23,-4.67702201364397e-17,4.80526273289521e-19,8.45771575701047e-14,-4.8052627328965e-16,6.19840870074173e-11,0,0,1.31139346316029e-27,0.1,1.31139346316029e-26,0.00297644953412105,0.000513737935296904
0.584,3.55517580790872e-40,0,3.54381133745214e-36,0,0,0,0,0,0,0,0,0,0,0,0,0.1,0,0.00374600107882952,0.004173267138782
