time,x,y,vx,vy,ax,ay,jx,jy,snapx,snapy,cracklex,crackley,POPx,POPy,contour_error,allowed_error,error_utilisation,modal_x,modal_y
0,0,0,-2.26486246734865e-25,0,1.2806449336683e-25,-2.41595898909427e-26,1.47584244442333e-20,0,0,0,0,0,0,0,0,0.1,0,1.17343365696557e-26,-1.14285895157875e-28
0.001,-5.53659709733751e-29,-3.15179938051906e-30,-2.18978970019336e-25,-2.41595898909426e-29,-1.35383170403483e-21,-2.41595898909427e-26,1.38622741202616e-18,-1.81190208052173e-23,3.40550991409522e-15,2.75540062927518e-20,0,2.68065046048482e-24,199999950700.382,-199914437099.262,5.54556091045771e-29,0.1,5.54556091045771e-28,1.87132318768586e-26,-1.07079996516624e-28
0.002,2.77777709306088e-10,-2.77658940415643e-10,1.66666625583652e-06,-1.66595364249385e-06,0.00833333127918261,-0.00832976821246926,33.3333251167304,-33.319072849877,99999.9753501912,-99957.2185496311,199999950.700382,-199914437.099262,199999930348.722,-199867711435.095,2.77658940415643e-10,0.1,2.77658940415643e-09,1.09615157194237e-10,-1.09568289248538e-10
0.003,1.77777733673234e-08,-1.77701072898453e-08,5.33333200171715e-05,-5.33101271792686e-05,0.133333299618936,-0.133274344496835,266.6665975419,-266.544795188322,399999.891224935,-399805.511366441,399999881.049105,-399782148.534358,199999894250.462,-199767822402.221,1.77701072898453e-08,0.1,1.77701072898453e-07,7.01137047728531e-09,-7.0083470407929e-09
0.004,2.02499948224965e-07,-2.02409075435865e-07,0.000404999894440347,-0.000404813442540288,0.674999818541924,-0.674675912724196,899.999744999798,-899.536017888979,899999.719399271,-899471.571101909,599999775.299567,-599549970.936578,199999817621.701,-199450234605.652,2.02409075435865e-07,0.0999999999999985,2.02409075435868e-06,7.98071300338222e-08,-7.97713149810346e-08
0.005,1.13777747339651e-06,-1.1372343900882e-06,0.00170666619449971,-0.00170581262680336,2.13333271152552,-2.13218313776213,2133.3326549858,-2132.02428022679,1599999.40350969,-1598746.65934131,799999592.921268,-799000205.54223,199999575293.028,137421070788.962,1.1372343900882e-06,0.0999999999999515,1.13723439008875e-05,4.48027097985361e-07,-4.47813224241178e-07
0.006,4.34027654843178e-06,-4.33755788239751e-06,0.00520833178026891,-0.00520261218087679,5.20833164939026,-5.19102157063374,4166.66511750496,-4107.36753054106,2499998.78407747,-2329036.32948906,999999168.214296,-661579134.753268,169230479008.788,199221956817.18,4.33755788239751e-06,0.0999999999992936,4.33755788242815e-05,1.70739314815576e-06,-1.70632288825577e-06
0.007,1.29599533243836e-05,-1.29225217463708e-05,0.0129597393384252,-0.0128613958526705,10.7987139569284,-10.5648695401775,7194.86856552438,-6733.98976793722,3584613.19179616,-2891004.48583374,1169229647.22308,-462357177.936088,-199999394558.186,199520939566.347,1.29225217463708e-05,0.0999999999937015,0.000129225217471847,5.09246221913402e-06,-5.07770908327307e-06
0.008,3.26770190886419e-05,-3.23127183814293e-05,0.0280003743504281,-0.0272926965657065,19.9724274181148,-18.8131077082057,11330.7633485057,-9822.91935281128,4653843.14174015,-3253601.19398665,969230252.664898,-262836238.36974,-199999622297.967,199601135406.517,3.23127183814293e-05,0.0999999999599584,0.000323127183943679,1.28237189989005e-05,-1.26801732253006e-05
0.009,7.27537769786366e-05,-7.07866018213106e-05,0.054452541896761,-0.0515688189831192,33.7833173953389,-30.2983169837633,16435.8883461953,-13174.6718100817,5523073.58325606,-3416636.86465313,769230630.366931,-63235102.963223,-199999668607.334,199618683861.84,7.07866018213106e-05,0.0999999998015131,0.000707866019618127,2.85109462928707e-05,-2.77364107740548e-05
0.01,0.000147073552841338,-0.000139842967511705,0.0974047003414339,-0.0890248826562902,53.1006143186982,-45.1835289648379,22310.2439665336,-16589.6564455728,6192304.37931933,-3380062.62568544,569230961.759597,136383580.898617,-199999642287.079,199600737061.998,0.000139842967511705,0.0999999991888911,0.00139842968645984,5.75450020984162e-05,-5.47009944260715e-05
0.011,0.000275009412833081,-0.000254363979580993,0.16271453866634,-0.143059237626182,78.5935489834228,-63.4321694290594,28753.8305530183,-19868.2604912986,6661535.51993538,-3143878.67625582,369231319.472518,335984317.960614,-199999504609.932,199549037591.167,0.000254363979580993,0.0999999971641283,0.00254363986794429,0.000107414496649814,-9.93039660191977e-05
0.012,0.000482093394213872,-0.000432578596594342,0.256808976822034,-0.216933854825039,110.731352536962,-84.8080573289262,35566.6484819216,-22810.8888356423,6930767.08710294,-2708119.83949962,169231814.862586,535533355.551781,-199998623125.862,199449981386.522,0.000432578596594342,0.099999991285874,0.00432578634289789,0.00018793477648386,-0.000168510616948043
0.013,0.000800485736502595,-0.000695826393424604,0.386484166118234,-0.313574733905377,149.783256588949,-108.875440109169,42548.6983726015,-25218.0003338016,6999999.59040259,-2072861.49325458,-30766808.2632758,734983336.938304,61527053306.0995,199262930666.756,0.000695826393424604,0.0999999759772586,0.00695826560581219,0.00031138833107643,-0.000270397825066745
0.014,0.00126924447635784,-0.00106812181505387,0.558707669266983,-0.43537236626686,195.829390582595,-134.999071344663,49543.5690677568,-26890.1596701426,6999996.30879236,-1238246.6909829,30760245.0428237,934246267.60506,-61516464245.7397,198859512665.33,0.00106812181505387,0.0999999396137513,0.0106812246005296,0.000492576434353723,-0.000413947659080604
0.015,0.00193441593983612,-0.00157551894230422,0.780476279474597,-0.58398230780467,248.875521326245,-162.344360836002,56548.6927550296,-27628.139975212,6999998.32171232,-204570.667045172,-30756219.202916,1133105780.27039,61506191610.2595,197593225003.93,0.00157551894230422,0.0999998597667929,0.0157552115170806,0.000748790138914315,-0.00060875930315819
0.016,0.00284904625781986,-0.00224527692731735,1.05879204460777,-0.760125974388399,308.921649963581,-189.877702130316,63543.5639990755,-27233.2255479547,6999995.19831453,1027331.72572718,30749972.4073436,1330699005.27432,-61494098643.3946,22539797704.0179,0.00224527692731735,0.0999996958991519,0.0224528375524429,0.0010997404098383,-0.000864680704480116
0.017,0.00407318155871717,-0.00310482669774334,1.40065291123531,-0.963393433714871,375.967774303105,-216.374539489624,70548.6851671532,-25536.7876866397,6999998.12140017,2369300.62985351,-30744126.236051,1353238802.97834,61478678980.502,-197047255599.329,0.00310482669774334,0.0999993786894168,0.0310484598848006,0.00156747443300182,-0.00119136183334735
0.018,0.00567386796707294,-0.00418055380831127,1.81306092579262,-1.19208674071985,450.013896121543,-240.509347363157,77543.5576719321,-22523.7088645636,6999993.33465437,3624015.80503219,30734552.744451,1156191547.37901,-61460000125.8736,-198281441459.901,0.00418055380831127,0.0999987950540556,0.0418060418233182,0.00217628285023922,-0.00159773738162813
0.019,0.0077251516043541,-0.00549648881399291,2.3030140347456,-1.44320741757865,531.060012052921,-261.036611460702,84548.6749496043,-18354.6441927518,6999997.88733589,4681066.63168124,-30725447.3814226,957910105.919107,61434295181.2595,-198604681282.99,0.00549648881399291,0.0999977678389927,0.054966115072117,0.00295259838378965,-0.00209147714054169
0.02,0.0103080785868097,-0.00707307089348,2.87751428231337,-1.71260291548171,619.106124800596,-276.899345848347,91543.5491624464,-13227.7232883249,6999989.58754509,5539674.39695885,30708847.7998369,759305424.636117,-61401647052.5921,-198636729248.051,0.00707307089348,0.0999960290730967,0.0707335177110845,0.0039248862725012,-0.00267847162888443
0.021,0.013510695026577,-0.00892609123100654,3.54355961448137,-1.99516286148811,714.152228496154,-287.238957564472,98548.6595660493,-7341.50230058931,6999997.61181863,6199661.45697095,-30692799.2527552,560668695.388065,61347002889.6517,-198406212791.669,0.00892609123100654,0.0999931856198355,0.0892669953024868,0.00512352697134571,-0.00336239688215547
0.022,0.0174280470278988,-0.0110658344390913,4.30815207138758,-2.28501758548285,816.198327526691,-291.395451279544,105543.535278723,-894.574198056273,6999978.3140107,6661127.04596318,30654203.6368965,362262482.596396,-61270465476.113,-197487723455.126,0.0110658344390913,0.0999886760383752,0.110670876718523,0.0065806915960957,-0.00414436712237398
0.023,0.0221621806883797,-0.0134964185543879,5.17828959627724,-2.57573668748135,925.244408060297,-288.90731352933,112548.628950306,5914.76946862925,6999997.28490954,6924645.66683201,-30616261.8392165,164774759.14127,29683303216.1564,-181293185402.485,0.0134964185543879,0.09998171748085,0.134988864908956,0.00833021062294576,-0.00502267666668698
0.024,0.027822142046157,-0.0162153334554928,6.16097395671012,-2.86052715382681,1041.28916974705,-279.510312650153,119538.265321499,12891.5869841315,6984222.6746784,6998773.83327204,-932958.623060079,-16518426.2612145,33417100596.2181,-41164368392.2625,0.0162153334554928,0.0999712415195696,0.162199980804665,0.0104074363575026,-0.00599263180844051
0.025,0.034523974679877,-0.0192131757470639,7.26319653583294,-3.13242624198351,1164.32078329198,-263.123807002446,126527.591033632,19875.2408762075,6999998.26635345,6961673.22281469,32484141.9731581,-57682794.653477,-199991653986.4,-196241545197.693,0.0192131757470639,0.0999558179351125,0.192216682770145,0.0128490988232038,-0.00704647233626788
0.026,0.0423907111987243,-0.0224735620359326,8.49194746792825,-3.38445618847337,1294.34545449687,-239.785520044989,133510.499428641,26775.3657774959,6932486.58133341,6805869.65556237,-167507512.013242,-253924339.85117,-199997374399.652,-197738607406.88,0.0224735620359326,0.0999335657218759,0.224885021099703,0.015693154175274,-0.00817337564833005
0.027,0.0515523703237433,-0.0259731672362364,9.85419494044521,-3.60973194202291,1431.28594607357,-209.657779271663,140325.899358234,33421.3168285648,6664980.38212034,6453076.01200775,-367504886.412894,-451662947.25805,-199998099158.503,-198122389839.673,0.0259731672362364,0.0999020508417309,0.25998632678106,0.0189786308628387,-0.00935952220452416
0.028,0.0621458702543183,-0.0296818930092844,11.3567376869072,-3.80162402052101,1574.87475155433,-173.093456694547,146773.794280622,39615.540968637,6197476.44612819,5902351.86982987,-567502985.571398,-649785337.097723,-199998260422.129,-198175384844.284,0.0296818930092844,0.0998581710820952,0.29724050308194,0.0227454389428263,-0.0105882239261462
0.029,0.0743147608372678,-0.0335632209267847,13.0060069357329,-3.95395470727018,1724.64436696624,-130.64329465488,152654.186190561,45159.9709391106,5529974.33034573,5153478.84031,-767501245.993527,-847960721.942007,-199998168080.581,-198007468502.425,0.0335632209267847,0.0997980295735229,0.336311458955792,0.0270341049736916,-0.0118401363924421
0.03,0.0882087560628271,-0.0375747632326239,14.8078664123128,-4.06119608507444,1879.92729019064,-83.0561613937923,157767.076869896,49856.4681736992,4662474.00031191,4206514.38411678,-967499414.074108,-1045968190.44443,-199997812373.462,-197550356875.819,0.0375747632326239,0.0997167997424547,0.376814772733087,0.0318854264415981,-0.0130935588600278
0.031,0.103983066562527,-0.0416690117063773,16.7674123408145,-4.11866815491161,2039.85602091616,-31.2789953246453,161912.468194442,53507.0734031144,3594975.68005107,3061771.01523444,-1167497226.44757,-1243518547.32025,-199996930266.175,-196449201566.783,0.0416690117063773,0.0996085860029755,0.418327509489318,0.0373400471551346,-0.0143248209004215
0.032,0.121797532108902,-0.0457942845750925,18.8887734460823,-4.12273676871498,2203.36306087413,23.5435251114678,164890.362439558,55914.3436110943,2327479.98847041,1720027.8671308,-1367494156.71375,-1439967748.88703,-199994054590.88,-192675404915.977,0.0457942845750925,0.0994662863239438,0.460400063856297,0.0434379554805384,-0.015508753893208
0.033,0.141815554117273,-0.0498958711234914,21.1749109559673,-4.07101100477135,2369.18091452953,80.0698598894415,166500.76300724,56882.2750362956,859988.804461225,183722.415785777,-1567488211.30463,-1632643153.80301,-17939135498.9786,145861843902.075,0.0498958711234914,0.0992814648852158,0.502569852098561,0.0502179075889506,-0.0166192451654766
0.034,0.164202828403223,-0.0539173725668183,23.6274201219663,-3.96253619824384,2535.8496764398,136.777966518159,166574.017850133,56273.9861824969,-716468.97459289,-1375989.8160662,-1585427346.8036,-1486781309.90093,199993908308.118,193705981838.385,0.0539173725668183,0.0990442452937532,0.544376630938082,0.057716778277333,-0.0176298718196662
0.035,0.189125892912718,-0.0578022102378232,26.2463730029785,-3.79791090527517,2701.80955499102,192.124231990216,165098.167520189,54186.8900417866,-2201899.36724244,-2765918.13504794,-1385433438.49549,-1293075328.06255,199996777903.334,196410523445.713,0.0578022102378232,0.0987432369867563,0.585378928235619,0.0659688479081749,-0.0185146001344616
0.036,0.216750584041133,-0.0614951536281872,29.0303085987483,-3.57920645600421,2865.58420045358,244.720834181611,162236.884230016,50807.1693299483,-3487334.41678625,-3960788.20138763,-1185436660.59215,-1096664804.61684,199997648602.209,197268625454.126,0.0614951536281872,0.0983655084023915,0.625169885531666,0.0750050653477356,-0.0192484894850082
0.037,0.247240569314348,-0.0649437057032766,31.976382292367,-3.30978621898617,3025.8881779338,293.37305146949,158190.164424368,46330.9268304947,-4572772.2530773,-4958818.6932774,-985439011.989942,-899396179.162709,199997985176.626,197571649673.401,0.0649437057032766,0.0978966199904189,0.663390684066851,0.0848523559974202,-0.019808333923537
0.038,0.280756062256692,-0.0680992974133982,35.0805640304952,-2.99411000229403,3181.63604964568,337.082901742222,153158.005662825,40955.3386559148,-5458212.27247893,-5759429.04760341,-785441026.813317,-701824529.489308,199998045371.821,197547039770.516,0.0680992974133982,0.0973207300870329,0.699740922129311,0.0955330192346531,-0.0201732201043376
0.039,0.317452736953209,-0.0709182856254223,38.3378383208678,-2.63753693252851,3331.94237558635,375.049786246078,147340.405884501,34877.9218501951,-6143654.27660633,-6362480.05720746,-585442981.441495,-504277489.718791,199997826049.442,197124331991.807,0.0709182856254223,0.0966207871584226,0.733985798616424,0.107064224311477,-0.0203249972880889
0.04,0.357480842609672,-0.0733627537097171,41.7424042302079,-2.24612796755951,3476.12171374506,406.670635333216,140937.363088182,28296.1571034603,-6629098.34502311,-6768195.38093035,-385445155.392053,-307153157.726984,199996979666.801,195635591061.412,0.0733627537097171,0.0957788216370899,0.765960078186092,0.119457606570217,-0.0202486574921956
0.041,0.400984518110567,-0.0754011146294605,45.2878753821996,-1.8264484539897,3613.68862000899,431.539654036217,134148.874995408,21406.99107551,-6914545.01058176,-6977530.74312662,-185448175.725252,-111517566.665572,199991325489.427,185951300610.214,0.0754011146294605,0.0947763497685669,0.795568882042634,0.132718965316041,-0.0199326244540334
0.042,0.448101306574926,-0.0770085168260812,48.9674799551249,-1.38537132317736,3744.35764744171,449.447041449912,127174.937784545,14404.6934324856,-6999997.5235623,-6996072.65948709,14543149.7641755,74433733.9446423,-29048498016.4182,-122234708545.738,0.0770085168260812,0.0935949007604565,0.822785388951628,0.146848064282062,-0.0193689506128513
0.043,0.49896186959102,-0.0781670548988116,52.7742587690987,-0.929885864338107,3868.03379996868,460.361011062122,120177.370419529,7425.46518854656,-6999978.62280633,-6982756.27981531,-14505348.2522428,-47800974.6010959,28979055195.0651,73043087707.3914,0.0781670548988116,0.0922166771966161,0.847645537391797,0.161838535090061,-0.0185534223527302
0.044,0.553689883075435,-0.0788658139251583,56.701214228276,-0.466977296409892,3984.7099709794,464.290174743648,113174.968965129,430.98226938193,-6999994.44346104,-6994035.71056271,14473706.9428224,25242113.1062955,-28925846966.8957,186815521480.891,0.0788658139251583,0.090625357805132,0.870240028124802,0.177677876708047,-0.0174855846983984
0.045,0.612402023198032,-0.0791008652521558,60.7413453800198,-0.00363469459925431,4094.38614976367,461.236130156662,106177.390400645,-6519.29646438082,-6999983.66000167,-6875385.83671597,-14452140.0240734,212057634.587187,28881944332.05,194253210739.97,0.0791008652521558,0.0888070529610387,0.890704765159349,0.194347514572195,-0.0161687320164193
0.046,0.675207966138361,-0.0788752528685542,64.8876531995508,0.453206344197295,4197.06234305865,451.322577596801,99174.9943280195,-13256.2779486799,-6999994.82785971,-6566201.5967588,14429804.3079766,406310845.327157,-28842624796.6271,195577147439.556,0.0788752528685542,0.0867514229211918,0.909209903567892,0.211822888949846,-0.0146098802416894
0.047,0.7422103880889,-0.0781988645493912,69.1331367348555,0.896824975315081,4292.73854316409,434.859066371773,92177.4072981811,-19586.7279315352,-6999986.33595005,-6062102.17771186,-14412820.4886505,601887992.766713,28808103006.0094,195749215761.652,0.0781988645493912,0.0844529662787648,0.925945742287726,0.230073566768226,-0.0128196790785943
0.048,0.813504965250361,-0.077088121795529,73.4707969568126,1.32090703726796,4381.41475549518,412.349758234167,85175.0159024877,-25315.2612435701,-6999995.1049357,-5362339.57706432,14395282.5173589,797637208.528365,-28776208452.9464,195208680088.583,0.077088121795529,0.0819124841589733,0.941103454339374,0.249063376310391,-0.0108122386740955
0.049,0.889180373834436,-0.075565475602067,77.8936329144099,1.71974030324019,4463.09097405026,384.494400431823,78177.4224040685,-30246.2474363554,-6999987.92664481,-4467098.02849166,-14380925.9355875,992845888.616948,28747099445.2648,193550315460.121,0.075565475602067,0.0791387237978318,0.954848296456069,0.268750564194607,-0.00860486655178109
0.05,0.969318290060194,-0.0736587067263992,82.3946455753617,2.08841004511374,4537.76720346583,352.188142892469,71175.0351976968,-34184.6641346286,-6999995.30285776,-3377476.98214465,14366173.5096773,1186396204.07707,-28719573745.8791,188008191799.969,0.0736587067263992,0.0761502030882529,0.967281815926792,0.289087973958579,-0.00621771554530061
0.051,1.05399339015651,-0.0714000306343117,86.9668339898034,2.42299394301864,4605.44343872545,316.520306642106,64177.4363859695,-36937.6083161014,-6999988.91622103,-2097076.6821676,-14353400.2362018,1374404395.87704,28693754249.2321,4782902152.69608,0.0714000306343117,0.0729772154464328,0.978387983119488,0.310023245493737,-0.00367334441268106
0.052,1.14327335035911,-0.0688250087242069,91.6031991229587,2.72075323942968,4666.11968399303,278.763426671823,57175.0530620053,-38346.6856499717,-6999995.43933261,-720280.835214214,14340354.0130303,1379187298.02973,-28668879854.2052,-187970280747.173,0.0688250087242069,0.069664011965283,0.987956432347104,0.331499034488194,-0.000996193713524311
0.053,1.23721884691279,-0.0659712836652602,96.2967400261836,2.98027917618906,4719.79593485771,240.278633058885,50177.4496530368,-38408.7012162956,-6999989.52524668,564921.322441934,-14328525.8411749,1191217017.28256,28645050697.7772,-193609250781.927,0.0659712836652602,0.0662711552945185,0.99547508070554,0.353453250965829,0.00178801373839233
0.054,1.33588355606883,-0.0628772334264492,101.040457662634,3.2014956328255,4766.47219520426,202.342861621241,43175.0700399858,-37280.439593676,-6999995.52573897,1659333.71433353,14316524.8566024,997607766.500633,-28621727474.1068,-195379183178.975,0.0628772334264492,0.0628780370412182,0.999987219467929,0.375819315930935,0.00465290800780781
0.055,1.43931415408714,-0.0595807025884692,105.827351084945,3.38551476909937,4806.14846099687,166.050216046517,36177.4624887628,-35154.8651932887,-6999989.86461942,2559251.88924468,-14305202.6175045,802228583.321658,28598995735.577,-196139714936.203,0.0595807025884692,0.0595855477377184,0.99991868583183,0.398526435063608,0.00757207765356689
0.056,1.54755031723393,-0.0561179088072281,110.650421254483,3.53444588622413,4838.82473597771,132.300509073615,29175.0865221239,-32227.1889648725,-6999995.56936913,3263410.61509823,14293793.1180726,606088868.385454,-28576430202.8498,-196463892878.946,0.0561179088072281,0.056518885600599,0.99290543702145,0.421499888342214,0.0105196049469771
0.057,1.66062472178377,-0.0525225431113116,115.502667225232,3.65120031908824,4864.50101632941,101.797854232152,22177.4751109467,-28693.4778977281,-6999989.99135248,3771267.53704421,-14282637.0847773,409624975.506508,28554107486.0677,-196527527900.42,0.0525225431113116,0.0538304874258577,0.975702536293257,0.444661334413332,0.0134705213990827
0.058,1.7785630440174,-0.0488250658346897,120.377089956959,3.73929540893894,4883.17730575965,75.0500922852016,15175.1028189661,-24750.152460914,-6999995.57469423,4082628.74860051,14271470.4012904,213097447.606088,-28531654176.6459,-196381159594.829,0.0488250658346897,0.0517030620581589,0.944336058467256,0.467929128470584,0.0164011812915791
0.059,1.90138396022386,-0.0450521987924266,125.26668850508,3.80265810566911,4894.85360055074,52.3685878915391,8177.48770377643,-20593.7051817762,-6999989.93138126,4197535.61640918,-14260183.7753555,16716288.0112593,28509142158.8916,-196008805144.239,0.0450521987924266,0.0503527039594637,0.894732462206911,0.491218652357316,0.0192895517053705
0.06,2.02909914669835,-0.0412266139126234,130.164463827896,3.84542849334445,4899.52990447246,33.8682695324217,1175.11920420064,-16420.4795555521,-6999995.54407717,4116247.50184832,14248958.3835361,-179292517.132979,-28486206290.7338,-195325064516.968,0.0412266139126234,0.05,0.824532278252468,0.514442655559519,0.0221154180291752
0.061,2.16171327974438,-0.0373668182861819,135.063414982368,3.87176346611899,4897.20621380575,19.46789309725,-5822.49956173322,-12426.4324896898,-6999989.688839,3839292.45245686,-14237247.9071977,-374617581.649948,28462917180.8867,-194114492733.15,0.0373668182861819,0.05,0.747336365723638,0.537511605719392,0.0248605043654626
0.062,2.29922403567171,-0.0334872353664937,139.956542925417,3.88564079836013,4887.88253247983,8.8905824663164,-12824.8640549957,-8806.80124351344,-6999995.47815575,3367617.62444033,14225669.2736891,-568732074.383098,-28438878785.2848,-191806860464.476,0.0334872353664937,0.05,0.669744707329874,0.560334047262263,0.0275085086783633
0.063,2.44162209079859,-0.029598481765539,144.836846715702,3.89066395424849,4871.55885667735,1.66480940343992,-19822.4865116455,-5755.51746634206,-6999989.2482747,2702982.119825,-14213209.5115957,-760538934.847574,28414163570.7502,-186416880840.587,0.029598481765539,0.05,0.59196963531078,0.582816966704794,0.0300450529772223
0.064,2.58889112144968,-0.0257078386319816,149.697327308816,3.88986825934244,4848.2351905968,-2.87374086216593,-26824.8466707475,-3463.87429408095,-6999995.37600092,1849234.74455713,14200954.0591545,-946955815.688161,-28388298840.9398,-163756357039.682,0.0257078386319816,0.05,0.514156772639633,0.604866163185882,0.0324575493453178
0.065,2.74100780395846,-0.0218199156227428,154.530983765319,3.88552996599536,4817.91153021795,-5.57764693479299,-33822.472952859,-2115.41018354118,-6999988.57136224,820400.750349128,-14187344.7817853,-1110712172.72784,28361362100.0362,148806498272.022,0.0218199156227428,0.05,0.436398312454856,0.626386622748681,0.0347349833369652
0.066,2.89794181466503,-0.0179375019144732,159.330817039504,3.87898630780748,4780.58788014536,-7.46177516785292,-40824.8283029288,-1825.56443651064,-6999995.23509401,-215908.173242704,14174017.3182509,-961905674.45582,-28332737565.208,181559509176.264,0.0179375019144732,0.05,0.358750038289465,0.647282894886944,0.0368676179938695
0.067,3.05965582991886,-0.0140625675148776,164.089826194103,3.87053719931864,4736.26423603037,-9.5480463238452,-47822.4586522912,-2492.16552878521,-6999987.58655836,-1087034.09311039,-14158720.2469571,-780346165.279556,28302511356.9737,187706347947.602,0.0140625675148776,0.05,0.281251350297552,0.667459469868064,0.0388466343345915
0.068,3.22610552607637,-0.010197271234911,168.801012182117,3.85953094767756,4684.9406030694,-12.7059654955677,-54824.8085137469,-3938.08831321078,-6999995.05112683,-1773527.08441615,14143791.1100166,-592639817.331953,-28269811419.931,189999057585.954,0.010197271234911,0.05,0.203945424698221,0.686821155341203,0.0406637665183795
0.069,3.39723957950408,-0.00634482818977287,173.457374068831,3.84453724017774,4626.6169764198,-17.6216740264758,-61822.4433045554,-5976.26879669525,-6999986.16572678,-2271167.37295512,-14126020.3099144,-402640759.745999,28234736891.4306,190909452587.532,0.00634482818977287,0.05,0.126896563795457,0.705273450750474,0.0423109911186453
0.07,3.57299966657597,-0.00251019555356933,178.051912805943,3.82353371807121,4561.29336214303,-24.7926787424151,-68824.7866909552,-8416.93830742545,-6999994.81759097,-2578353.40640736,14108716.5815162,-211731307.158466,-28195939753.3421,191049558401.609,0.00251019555356933,0.05,0.0502039110713866,0.722722918080078,0.0437802878587328
0.071,3.75332046367717,0.00129943007160655,182.577627461834,3.7940956145492,4488.96975466522,-34.5261219059706,-75822.4264735476,-11069.3157743451,-6999984.07088613,-2694559.93436502,-14087223.1718259,-20681748.7568569,28153537967.1884,190559880487.771,0.00129943007160655,0.05,0.025988601432131,0.739077547482393,0.0450634751899127
0.072,3.93812964720096,0.00507430555822837,187.027518986896,3.75358646769314,4409.64616134978,-46.9382246106041,-82824.7618996918,-13742.4566030073,-6999994.52507436,-2619961.74287799,14066314.7953625,169878131.730914,-28105219100.3864,189332680146.222,0.00507430555822837,0.05,0.101486111164567,0.754247116357248,0.0461521219150807
0.073,4.12734789355329,0.00880202501772291,191.394586453428,3.69934901051837,4323.32257552256,-61.9544602014224,-89822.4074705519,-16245.9238333287,-6999980.81982919,-2355417.27107396,-14038904.3050239,359210811.877136,28051128054.0454,186938219661.18,0.00880202501772291,0.05,0.176040500354458,0.768143540487397,0.0470375352481819
0.074,4.32088887914934,0.0124675942548419,195.67183081055,3.62889554379077,4229.99900662171,-79.3104351091561,-96824.7325545246,-18390.5793285206,-6999994.16010719,-1902737.34936624,14012223.7490215,546149031.538316,-27986692250.8946,182126682791.874,0.0124675942548419,0.05,0.249351885096838,0.780681215861646,0.0477108250967695
0.075,4.51865928041925,0.0160536950079961,199.852251135822,3.54009697005779,4129.67544624558,-98.5537696619871,-103822.385051466,-19989.8877149857,-6999975.28248361,-1265524.97643198,-13974468.5018732,728275714.33019,27912095449.0717,170237598259.585,0.0160536950079961,0.05,0.321073900159922,0.791777349866873,0.0481630437665981
0.076,4.72055877380403,0.0195411370204685,203.928848377326,3.43136909917699,4022.35190747877,-119.047947346206,-110824.695552292,-20862.9019012093,-6999993.70326095,-452130.462972,13937626.9471985,898513312.589775,-27815986765.47,113144726771.224,0.0195411370204685,0.05,0.390822740409369,0.801352280564194,0.0483853995775401
0.077,4.92648003576361,0.0229094938016426,207.894621620346,3.30185272673043,3908.02837901322,-139.982447896521,-117822.356439874,-20846.9182534246,-6999964.06969649,502955.213003387,-13878359.8182715,1011658039.361,27698607167.1272,-136782622037.826,0.0229094938016426,0.05,0.458189876032852,0.809329782827947,0.0483695417308554
0.078,5.13630874277171,0.0261379100150242,211.742571813018,3.15157165813915,3786.70488158716,-160.414978146135,-124824.643254951,-19860.9311244137,-6999993.12593119,1446221.94134547,13820247.3488557,874875417.323172,-27514890835.8707,-170520745791.827,0.0261379100150242,0.05,0.522758200300484,0.815637360165259,0.0481079103699032
0.079,5.34992357132888,0.0292060313419445,215.465698054009,2.98150228355721,3658.38139869002,-179.414090761397,-131822.312072348,-18005.6915987052,-6999930.32400027,2235836.98577273,-13694643.487015,704354671.531345,27265165408.9614,-179281561901.41,0.0292060313419445,0.05,0.584120626838891,0.820206521112823,0.0475941309115191
0.08,5.56719619795687,0.0320949244120158,219.057001298209,2.79348584059239,3523.05797506365,-196.19194148704,-138824.545523857,-15447.5575374837,-6999992.38478281,2850550.87635337,13570521.9219463,525073109.629935,-6055744869.82448,-182701172832.428,0.0320949244120158,0.05,0.641898488240315,0.82297303914705,0.0468233987871825
0.081,5.78799129925669,0.0347878625837525,222.509480850087,2.59006556768579,3380.73544277835,-210.134323950277,-145818.76193849,-12364.9203017875,-6989449.73529577,3284273.39956709,7514777.05212187,342371936.797507,-36112909999.404,-183868052590.602,0.0347878625837525,0.05,0.69575725167505,0.823877195155604,0.0457928041483822
0.082,6.01216655348657,0.037270939611865,225.816142015781,2.37430889574814,3231.42170373047,-220.807706731672,-152810.473103593,-8940.10560925339,-6999991.41324335,3534711.3100693,-28598132.9472822,158503884.206905,57204092946.0196,-183511759834.952,0.037270939611865,0.05,0.745418792237301,0.822864002134114,0.0445015804476925
0.083,6.23957264611685,0.039533502982272,228.969991102836,2.14962532982737,3075.10885206864,-227.961685695183,-159815.229567819,-5356.72765038647,-6999987.49971762,3601459.31435872,28605959.9987375,-25007875.6280476,199978827170.845,-181493819369.122,0.039533502982272,0.05,0.79067005964544,0.819883412233032,0.0429512728679967
0.084,6.47005326462412,0.0415684042816411,231.964028533943,1.91958296908274,2911.80672886209,-231.529413910135,-166767.584283009,-1798.02124373662,-6871392.12613346,3485704.52904611,228584787.169582,-206501694.99717,199989078816.648,-176642940437.154,0.0415684042816411,0.05,0.831368085632822,0.814890499575346,0.0411458250994976
0.085,6.70344511779974,0.0433720661450653,234.791317429584,1.68772541904378,2741.64987885883,-231.626359961033,-173491.352502421,1554.99194773805,-6542812.79955555,3190881.36383037,428573865.98623,-383144635.434323,199990100128.983,-164380819500.254,0.0433720661450653,0.05,0.867441322901306,0.807845632096109,0.0390915841476804
0.086,6.93957807617535,0.0449443670816647,237.445150687221,1.45739103441728,2564.96688185513,-228.546633971432,-179786.546685629,4526.90419060122,-6014243.88350483,2725546.31864592,628563966.115213,-547525454.934577,199988023831.667,-113362772181.44,0.0449443670816647,0.05,0.898887341633294,0.798714669831908,0.0367972238715193
0.087,7.17827550080135,0.0462883481273976,239.919249778485,1.23153835201053,2382.28630672309,-222.752934312838,-185453.177248771,6959.79398641627,-5285685.90547378,2121339.47762062,828551989.94688,-660888227.116017,199978769272.104,117983524004.552,0.0462883481273976,0.05,0.925766962547951,0.787469215308123,0.0342735893142793
0.088,7.41935477181575,0.0474097530235251,242.207964738422,1.01259231745708,2194.33671096863,-214.837702645297,-190291.257364392,8770.35327114631,-4357144.53089085,1519443.01250688,1028530759.21898,-542904703.111464,137600407442.421,163812736645.203,0.0474097530235251,0.05,0.948195060470502,0.77408691941231,0.031533467251651
0.089,7.66262801691461,0.0483164472286421,244.306473632071,0.802371776026282,2002.04403648231,-205.391286454389,-194111.203114433,10045.6460548717,-3259813.56795066,1058444.67771802,1166131166.6614,-379091966.466261,-199979784722.495,174870430734.062,0.0483164472286421,0.05,0.966328944572841,0.758551841452575,0.0285913019108049
0.09,7.90790303431218,0.0490178388214211,246.210965687035,0.602165381800602,1806.48894928731,-194.872313787122,-196821.281063174,10943.6898211456,-2193672.2936505,766787.926618785,966151381.938909,-204221535.732199,-199989240349.239,178464309714.969,0.0490178388214211,0.05,0.980356776428422,0.74085485971119,0.0254629056278149
0.091,8.1549843572975,0.0495244224901496,247.918716973473,0.412885688883748,1608.72352442262,-183.571830912384,-198565.209205913,11638.1110315174,-1327515.53188621,651798.54574407,766162141.58967,-25757226.0172302,-199991796575.127,178202531729.993,0.0495244224901496,0.05,0.990488449802991,0.720994109891764,0.0221652133603019
0.092,8.40367429262542,0.0498474891398817,249.427966897528,0.235241958381427,1409.61391814951,-171.604688373509,-199542.9756331,12306.7313862079,-661349.288584101,715142.585591836,566170345.014543,152445305.712763,-199992172662.709,173032554478.295,0.0498474891398817,0.05,0.996949782797635,0.698975383529964,0.0187160986723371
0.093,8.65377378620352,0.0499990111842824,250.737721026809,0.0699176199576464,1209.82629658909,-158.907768453783,-199954.571777954,13126.9353837358,-195175.029900912,954104.168543746,366178172.351834,325477860.191058,-199990182293.441,150101582608.22,0.0499990111842824,0.05,0.999980223685648,0.674812427150343,0.0151342557296461
0.094,8.90508308925809,0.0499917054177074,251.847551099177,-0.0822528510188149,1009.82683406731,-145.243280443135,-199999.989418728,14268.7954128098,71008.0513042019,1354632.82003891,166187990.058394,475579442.799278,-199979506743.693,-104059296721.936,0.0499917054177074,0.05,0.999834108354148,0.648527130673908,0.0114391483512812
0.095,9.15740222450855,0.0498392693207052,252.757395031214,-0.220117012969561,809.881714193132,-130.222241183869,-199879.217290185,15843.874738128,137206.287990749,1778182.61447722,-33791516.6852992,371520146.077341,-199922806831.207,-174283351174.735,0.0498392693207052,0.05,0.996785386414104,0.620149604426406,0.00765102451496008
0.096,9.41053125235164,0.0495567587778167,253.467356930473,-0.342106925370459,610.057138010543,-113.434616920455,-199792.227228342,17778.7702004481,3453.36788984628,2062561.0849672,-233714323.516506,197236794.902606,199177051946.452,-185561661719.779,0.0495567587778167,0.05,0.991135175556333,0.58971814472397,0.00379098346771972
0.097,9.66427033761949,0.0491609849983134,253.977510452143,-0.446301725157256,410.235984122724,-94.5994251142778,-199872.434846886,19909.0227392466,-130672.429653434,2167017.04900991,-34537271.5700545,11675133.1828269,199609749744.209,-189716470057.872,0.0491609849983134,0.05,0.983219699966267,0.557279088674034,-0.000118953131934203
0.098,9.91841964853596,0.0486707918572302,254.287788664465,-0.530586563900443,210.300773921988,-73.6128528479149,-199987.107620701,22050.2579431717,-65404.8263513841,2083833.9471638,165072478.174155,-178041336.875045,-179696593118.907,-191593205273.535,0.0486707918572302,0.05,0.973415837144605,0.522886571514804,-0.00405582102679406
0.099,10.1727792548036,0.0481071589865313,254.398090364321,-0.592835997117992,10.3009886097607,-50.5583345375269,-199999.925640152,24013.139021019,9819.35526331698,1809996.00765199,-14624114.9447525,-369634542.14858,-15074274544.4801,-192357511434.173,0.0481071589865313,0.05,0.962143179730627,0.486602253502646,-0.00799576562355362
0.1,10.4271491626076,0.0474931180810307,254.308392291712,-0.631103100562252,-189.697092800023,-25.7098181660164,-199999.930721451,25606.2581723577,-12341.8969536755,1344182.70978632,-29698389.4892325,-561992053.582753,197201145154.774,-192309000272.689,0.0474931180810307,0.05,0.949862361620614,0.448495071789711,-0.0119141712570306
0.101,10.6813293725433,0.0468534788383308,254.018693582479,-0.643810778101027,-389.699927487151,0.466853143959319,-199994.254955624,26637.3933553072,56560.2861344787,686036.156067226,167502755.665541,-754301053.855442,-199447719665.652,-191262123871.516,0.0468534788383308,0.05,0.937069576766615,0.40864097326314,-0.0157858681643451
0.102,10.9351198872617,0.0462143630857168,253.529011271445,-0.629943911981679,-589.646295495417,27.3135784798296,-199887.184578268,26914.4019638014,124339.181967194,-163895.959723974,-31944964.0001107,-945563177.726957,-192205757724.739,-187973691669.971,0.0462143630857168,0.05,0.924287261714336,0.36712260061274,-0.0195854167284541
0.103,11.1883207655023,0.0456025467268696,252.839439174103,-0.589241413426405,-789.484643216606,53.9806063636616,-199810.852171255,26246.3954666023,-3708.66089528631,-1203445.98328592,-224150721.72485,-1133536869.39693,199929850331.812,-172385548073.224,0.0456025467268696,0.05,0.912050934537393,0.32402897108251,-0.0232874678213484
0.104,11.4407321588013,0.0450446101867219,251.950040813159,-0.522386850909116,-989.326377761499,79.4291732958851,-199893.31455129,24447.450123939,-127894.45745423,-2423175.62671946,-24220871.3930373,-1305922417.47015,199980080693.848,166165590390.661,0.0450446101867219,0.05,0.900892203734438,0.27945512405917,-0.0268671973680903
0.105,11.6921542156202,0.044565900879929,250.860747119677,-0.431190843876522,-1189.27934385005,102.454305436486,-199999.989430992,21399.0075535496,-52125.2885003431,-3646015.24899428,175759209.300811,-1139756827.07949,199990316033.226,190100106290.301,0.044565900879929,0.05,0.89131801759858,0.233501693553375,-0.0303008118423455
0.106,11.9423869893069,0.044189342538782,249.57146808345,-0.31869060957167,-1389.26776979391,121.84826673212,-199930.903395503,17214.797242064,223629.078817081,-4690722.02292862,375749525.334038,-949656720.789191,199992250008.16,194431838516.088,0.044189342538782,0.05,0.88378685077564,0.186274461231791,-0.0335661087851073
0.107,12.1912305144151,0.0439342421049373,248.082289456303,-0.189054679987051,-1589.0159007187,136.567528169193,-199486.067512351,12081.6521651601,699374.729155199,-5543162.82445977,575741775.342198,-755224882.273103,199991865558.639,196151650965.581,0.0439342421049373,0.05,0.878684842098747,0.137883956646222,-0.0366430305887439
0.108,12.4384850824594,0.0438152478115035,246.393672740123,-0.0474000193123578,-1788.04799090952,145.759901093868,-198465.489917932,6193.56884139138,1375112.43727672,-6200311.88125008,775733640.900837,-559073231.307521,199989322591.16,197020898991.744,0.0438152478115035,0.05,0.876304956230071,0.0884451183618416,-0.0395141488377793
0.109,12.6839517176609,0.0438414972725799,244.506655178473,0.100401628011518,-1985.68830278022,148.768344326875,-196669.179106439,-253.442839013837,2250840.73947313,-6660874.66306173,975722963.491997,-362052332.315777,199979928991.663,197505220431.847,0.0438414972725799,0.05,0.876829945451597,0.0380770173854907,-0.0421650621769224
0.11,12.9274328526853,0.0440159605530474,242.423049747886,0.247919665504699,-2181.06110852597,145.132351485129,-193897.146897055,-7062.42613149482,3326553.66746096,-6924174.38516158,1175702892.48366,-164547111.88393,-160176597307.456,197793941786.949,0.0440159605530474,0.05,0.880319211060947,-0.0130973561717123,-0.0445847043956247
0.111,13.1687332038692,0.0443349797194945,240.145642144338,0.388361567013073,-2373.1057021321,134.588655056647,-190009.437882903,-14035.9084156339,4422168.26129089,-6989824.52615204,1015526295.1762,33246829.9030182,-199978920265.641,198133479133.924,0.0443349797194945,0.05,0.886699594389891,-0.06495124271338,-0.0467655611487008
0.112,13.4076608173648,0.0447880056055204,237.678309398413,0.51477033350445,-2560.74313395684,117.071631077885,-185112.836294069,-20976.0872803121,5337705.09633428,-6857510.95668206,815547374.910563,231380309.036943,-199988106998.579,198430687343.241,0.0447880056055204,0.05,0.895760112110408,-0.117354209897969,-0.0487037943991404
0.113,13.6440281319797,0.0453575322141613,235.025931778398,0.62022229688467,-2743.05952597805,92.713619649377,-179400.688861446,-27684.8363012518,6053258.41774555,-6526915.30397349,615559267.911983,429810996.380183,-199990168291.181,198570506556.471,0.0453575322141613,0.05,0.907150644283226,-0.170172257049318,-0.0503992741576264
0.114,13.8776528909513,0.0460192290842335,232.194204766111,0.698025242711829,-2919.33932534298,61.8452346333083,-173072.982504459,-33963.7510226091,6568822.60151194,-5997819.05431507,415569099.620802,628381502.936654,-199989154004.153,198598799789.825,0.0460192290842335,0.05,0.920384581684669,-0.223267992920993,-0.0518555174975405
0.115,14.108358857444,0.0467422719223084,229.189439402085,0.741916802877401,-3089.0669679115,24.9955792840223,-166329.706878804,-39614.2795254909,6884397.12413066,-5270138.15148351,215579945.616649,826980302.726479,-199978975257.636,198517629066.79,0.0467422719223084,0.05,0.934845438446169,-0.276500903743711,-0.0530795351996676
0.116,14.3359763301129,0.0474898717130387,226.018362296261,0.746262997866286,-3251.9268786946,-17.1076676988781,-159370.849611075,-44437.8412541,6999987.5821185,-4343899.03422363,15600970.3590132,1025497931.79327,-31194149963.6333,198276408101.591,0.0474898717130387,0.05,0.949797434260775,-0.329727711713011,-0.0540815867790862
0.117,14.5603424589144,0.0482200023955868,222.687917047447,0.70625680775188,-3407.79643410914,-63.5382806311202,-152368.260568771,-48235.9452544101,6999991.47749569,-3219262.89837957,-15593179.6046202,1223774339.89486,-11725402667.2392,197682767626.591,0.0482200023955868,0.05,0.964400047911736,-0.382802822206547,-0.0548748450552211
0.118,14.7813013745548,0.0488863270755389,219.205102400872,0.618116648631051,-3556.66778636087,-113.171658162753,-145378.019914855,-50810.3738549045,6978535.59655745,-1896647.17467141,-27318582.2718593,1421457107.52145,97550867142.2563,195720485361.949,0.0488863270755389,0.05,0.977726541510777,-0.435578852462969,-0.0554749718263224
0.119,14.9987042040726,0.0494393225897903,215.57690836847,0.479284554061925,-3698.55702695503,-164.68529106685,-138396.885131577,-51963.6723949215,6999992.44785672,-377329.824468983,70232284.870397,1617177592.8834,-140589316114.908,-98802353596.9073,0.0494393225897903,0.05,0.988786451795807,-0.487907210855263,-0.0558996066159797
0.12,15.2124090598364,0.0498276015034315,211.810321319125,0.288621097540293,-3833.44806837004,-216.572215539925,-131385.208093971,-51548.8804818816,6999930.07466966,1190446.59161596,-70357031.2445114,1518375239.28649,140840299516.728,-196317382561.807,0.0498276015034315,0.05,0.996552030068629,-0.539638689947935,-0.056167771088265
0.121,15.4222810508598,0.0499994069955268,207.912345543846,0.0465344791814786,-3961.33916925274,-267.280990077058,-124396.98315167,-49631.9658343827,6999993.19318351,2610663.13962155,70483268.2722171,1322057856.72468,-141025054394.538,-198140545698.961,0.0499994069955268,0.05,0.999988139910535,-0.590624051695404,-0.056299201370487
0.122,15.6281922860463,0.0499041485049484,203.889976310144,-0.245073948716684,-4082.23028464037,-315.39553722158,-117385.252500083,-46393.2971906819,6999963.93425846,3833650.72349676,-70541786.1223213,1123917311.02572,141143251589.398,-198717910832.3,0.0499041485049484,0.05,0.998082970098968,-0.640714614477017,-0.0563136631856856
0.123,15.8300218742787,0.0494938133968498,199.750218296862,-0.582982018840986,-4196.12143116886,-359.692969411627,-110397.035583621,-42030.8074634777,6999993.77393084,4858209.07910633,70601465.4670772,925199400.193423,-141240098667.703,-198961854146.196,0.0494938133968498,0.05,0.989876267936996,-0.689762837705262,-0.0562303174639677
0.124,16.0276559244127,0.0487241896177631,195.500066778257,-0.962843798511611,-4303.01258795872,-399.148762512775,-103385.281093401,-36743.158993299,6999975.19006406,5683927.55222665,-70638633.200626,726237546.047227,141315353163.418,-199044335974.504,0.0487241896177631,0.05,0.974483792355263,-0.737622900509994,-0.0560671644321735
0.125,16.22098754529,0.0475558901840067,191.146526446635,-1.37938821806738,-4402.9037664229,-432.937211652952,-96397.0726610769,-30729.2867240445,6999994.23344514,6310642.93028663,70676719.9627923,527193210.072723,-141380407836.385,-198982212708.791,0.0475558901840067,0.05,0.951117803680134,-0.784151272180437,-0.0558405717831932
0.126,16.4099168457337,0.0459551788726935,186.69659257628,-1.82661799106199,-4495.79495336426,-460.431602302371,-89385.3034689565,-24188.2108908397,6999980.74948974,6738345.03400496,-70703687.8735932,328210997.363932,141435078324.602,-198612141198.715,0.0459551788726935,0.05,0.91910357745387,-0.82920727215948,-0.0555648888221745
0.127,16.5943509345558,0.0438945969356164,182.157269867278,-2.29800862094707,-4581.68615727819,-481.204214349197,-82397.1020503494,-17318.8623816858,6999994.60077845,6967249.96076953,70731390.4510093,129598856.165217,-141483955249.362,-195404749434.149,0.0438945969356164,0.05,0.877891938712327,-0.87265361738913,-0.0552521479655119
0.128,16.7742039205535,0.0413533908411078,177.53555359285,-2.78670728658088,-4660.57736862787,-495.025993805697,-75385.3224135537,-10319.3804510727,6999984.01360478,6999146.44221767,-70752564.7983528,-65805893.2689327,141526893683.163,96637483791.0318,0.0413533908411078,0.05,0.827067816822155,-0.914356954899172,-0.05491185454789
0.129,16.9493969125146,0.0383177418778202,172.838448458385,-3.28572838280494,-4732.46859417485,-501.852742122715,-68397.1268667342,-3337.03070819102,6999994.895648,6981659.29084425,70774328.8848107,30831590.522099,-141566215622.133,-27387393656.6932,0.0383177418778202,0.05,0.766354837556404,-0.95418837756046,-0.0545508652152501
0.13,17.1198580192144,0.0347808220735315,168.072949735805,-3.78808497397862,-4797.3598264646,-501.694945728465,-61385.3391759142,3655.47981230483,6999986.11672175,6998797.184538,-70791886.7373224,3444196.86540586,141601803491.265,-14041983432.646,0.0347808220735315,0.05,0.695616441470631,-0.992023921027366,-0.0541733455165089
0.131,17.2855223494199,0.0307427904990723,163.246062134458,-4.28678568711183,-4855.2510711548,-494.540078373724,-54397.1487019792,10653.6587647034,6999995.13173006,6995220.38968708,70809916.753943,-10597786.5672402,-141635011151.018,28729134797.6744,0.0307427904990723,0.05,0.614855809981446,-1.02774503994351,-0.0537807616953882
0.132,17.4463320118872,0.0262108018016707,158.364780924929,-4.77483326820324,-4906.14232209692,-480.389378664655,-47385.354447064,17648.3684502399,6999987.54290849,6998987.17051868,-70825094.3970754,18131348.2304342,141665740187.018,-40394441377.5883,0.0262108018016707,0.05,0.524216036033413,-1.06123906159946,-0.0533718783234048
0.133,17.6022361153647,0.0211990069583334,153.436110819701,-5.24523154592852,-4950.03358421575,-459.240177839508,-40397.1684946562,24649.6888879775,6999995.31860492,6996921.29806032,70840645.7899423,-22263093.1471541,-141694866668.092,48970088383.8352,0.0211990069583334,0.05,0.423980139166668,-1.09239961529774,-0.0529427696544483
0.134,17.7531907685909,0.0157285550258421,148.467047088028,-5.69098124531918,-4986.92485222958,-431.093698397675,-33385.3686642677,31643.6403208615,6999988.53106082,6999143.24910508,-70854220.8781496,26706995.2366811,141722305512.871,-56450902284.2462,0.0157285550258421,0.05,0.314571100516843,-1.12112703580643,-0.0524868411613431
0.135,17.8991590802972,0.00982759264650057,143.464594444981,-6.10508595731429,-5016.81613056907,-395.948387407317,-26397.1868593938,38646.7285838709,6999995.4629391,6997624.79319964,70868084.6347219,-29743907.0475651,-141748675589.836,62764343428.6563,0.00982759264650057,0.05,0.196551852930011,-1.14732873936378,-0.0519948624230618
0.136,18.040111159206,0.00353126502391979,138.435748158491,-6.48054542592407,-5039.70741454437,-353.805188563711,-19385.3821334023,45639.9421474515,6999989.20977891,6999263.0578664,-70880590.9551137,33020436.3810911,141773900772.992,-68607084549.8745,0.00353126502391979,0.0500595272528776,0.0705413178610631,-1.17091957083278,-0.0514550097384053
0.137,18.1760241140326,-0.00311828452341813,133.387512945839,-6.81036329544526,-5055.59870825885,-304.662970109786,-12397.2042356388,52644.2809094169,6999995.56921029,6997979.95197255,70893309.8178781,-35586648.1687834,-141798456405.251,73921627308.6724,0.00311828452341813,0.0510937431123379,0.0610306533338549,-1.19182212069789,-0.0508529194163043
0.138,18.3068820534839,-0.0100719138684885,128.326884073625,-7.08753866187179,-5064.49000742726,-248.522550264606,-5385.3950875871,59636.7878085231,6999989.65082554,6999354.11745811,-70905146.5873733,38334979.139889,141822271887.408,-79077012328.5892,0.0100719138684885,0.0531703584683045,0.189427232740823,-1.20996701074182,-0.0501717504930155
0.139,18.4326760862603,-0.017273482491474,123.260866261067,-7.30507532089687,-5066.38131595254,-185.382991109678,1602.77903525933,66642.1299134964,6999995.64018187,6998150.5904337,70917125.3000344,-40742033.1887002,-141845741406.279,84029235007.814,0.017273482491474,0.0560078138049602,0.308412011074501,-1.22529314734347,-0.0493922574952763
0.14,18.5534043210537,-0.0246598509194752,118.196454773404,-7.45597188595915,-5061.27262981553,-115.245075021704,8614.59228119017,73633.9143598371,6999989.89477876,6999423.17474891,-70928616.1062443,43287201.8191139,141868798121.917,-89060113903.4664,0.0246598509194752,0.0593660680544928,0.415386292668728,-1.23774794149125,-0.0484928721118281
0.141,18.6690718665498,-0.0321608811442209,113.140654331593,-7.53323237180602,-5049.16395282305,-38.1079453789354,15602.7626676028,80640.1377831783,6999995.67773348,6998180.31961629,70940182.0156727,-45772912.0843525,-141891805924.479,94136052076.0864,0.0321608811442209,0.0630432084308061,0.510140298134088,-1.2472874947169,-0.0474497942030874
0.142,18.779690831426,-0.0396994361256023,108.100460199459,-7.52985500764433,-5030.05528111149,46.0275760808735,22614.5798020234,87631.1209887651,6999989.95678691,6999475.43356998,-70951623.9088063,48363139.9917339,141914695946.851,-99596759348.8481,0.0396994361256023,0.0668720681083843,0.593662455021708,-1.25387675031363,-0.046237091016861
0.143,18.8852803243536,-0.0471913802488676,103.082877099546,-7.43884410667231,-5003.94661848939,137.162345444783,29602.7463961804,94638.1785324394,6999995.68085153,6998040.19388728,70963072.0380449,-51233619.3571142,-141937844732.182,105416740776.193,0.0471913802488676,0.0707168844160104,0.667328328143702,-1.25748960931852,-0.0448268049390489
0.144,18.9858664539957,-0.0545455788485888,98.0949002941809,-7.25319758819029,-4970.83796115098,235.295397501805,36614.5673055955,101628.171373444,6999989.83052348,6999514.94491827,-70974772.6941375,54183121.4190784,141961179612.66,-112318900224.965,0.0545455788485888,0.074470027315795,0.732450098578381,-1.25810901090169,-0.0431890685848253
0.145,19.0814823290091,-0.0616638987674823,93.1435345073821,-6.96592019753839,-4930.72931300975,340.427676913769,43602.7299463741,108636.058062368,6999995.64763567,6997538.61622486,70986406.9185226,-58135778.8058864,-141985129363.925,120286487563.001,0.0616638987674823,0.078048824946269,0.790068252916473,-1.25572697692349,-0.041292227538873
0.146,19.1721680580425,-0.068441207870178,88.2357749998443,-6.57000965509412,-4883.6206702188,452.557826924764,50614.5546092417,115624.576537117,6999989.48987223,6999546.08120047,-70998722.4454027,62150708.7571149,142009613782.013,-133747324231.24,0.068441207870178,0.0813925099507722,0.840878453208688,-1.25034462058521,-0.0391029694166918
0.147,19.2579707497382,-0.0747653758691378,83.3786264969785,-6.05847147383543,-4829.51203691779,571.686962148764,57602.7130068549,122632.906751991,6999995.57431784,6994823.12784197,71010891.3366101,-71596615.4741253,-142035176829.729,153161328672.57,0.0747653758691378,0.0844593072199449,0.885223645920246,-1.2419721192182,-0.036586459656982
0.148,19.3389445127298,-0.0805172739770576,78.5790842576538,-5.42430396130394,-4768.40340910759,697.811729417458,64614.5414973694,129617.458460208,6999988.87723958,6999807.17670413,-71024285.493119,81564713.1984451,142061725770.721,-199296938116.825,0.0805172739770576,0.0872236805752023,0.923112547488034,-1.23062865141985,-0.0337064825075004
0.149,19.4151504556448,-0.0855707771023724,73.8441530086103,-4.66051513040502,-4700.29479131394,830.934381545796,71602.6951861576,136624.831837158,6999995.45463182,6981723.42084416,71037440.2776017,-117732224.91838,-142090029061.486,-199767844932.48,0.0855707771023724,0.0896737528384726,0.954245522170899,-1.21634229886241,-0.0304255881065837
0.15,19.4866566871014,-0.089792764590113,69.1808280066083,-3.76011128261192,-4625.18617924496,971.022129395685,78614.5276894179,143514.394504721,6999987.88037868,6764107.27345954,-71052588.7838845,-317500069.85086,142119974342.804,-199836454658.453,0.089792764590113,0.0918089106959537,0.978039755721342,-1.19914991326182,-0.0267052434836918
0.151,19.5535383157111,-0.0930431668278578,64.5961139796633,-2.716219499225,-4543.07757804789,1117.85733433988,85602.6759377951,150086.445667479,6999995.2787662,6346688.97627945,71067385.55892,-517336524.509313,-142152777485.583,-199855111351.973,0.0930431668278578,0.0936376027982267,0.993651738696795,-1.17909694910676,-0.0225060055407643
0.152,19.6158774500757,-0.0951751833956418,60.0970061819987,-1.52228438170311,-4453.96898293885,1271.02257444511,92614.5127797599,156141.157196278,6999986.27558232,5729424.89609415,-71085391.9266631,-717191635.861286,142188295733.059,-199852381129.37,0.0951751833956418,0.0951753366673371,0.999998389585993,-1.1562372629049,-0.0177877648072582
0.153,19.6737631987895,-0.0960357004920554,55.6905093428402,-0.172267872931849,-4357.86040007429,1429.90058496758,99602.6544086677,161478.677544254,6999995.03152219,4912307.06966818,71102903.8063961,-917044016.990656,-142228729805.288,-199829361793.007,0.0960357004920554,0.0964428772289834,0.995778052784954,-1.1306328798098,-0.0125100697564928
0.154,19.7272916704362,-0.0954659081996925,51.3836187131904,1.33915089324075,-4254.75182386297,1593.67424915376,106614.496103792,165899.157711794,6999983.57042594,3895348.37178102,-71125825.9988923,-1116873378.78366,142273889102.477,-199768071718.197,0.0954659081996925,0.0974646471736324,0.979492677274261,-1.10235372864236,-0.00663253042460522
0.155,19.776565973591,-0.0933021176008078,47.1833390233474,3.01637574485432,-4144.64326219959,1761.32661181866,113602.629076069,169202.774715564,6999994.68897828,2678590.95713826,71148063.1035846,-1316641450.50186,-142328581805.23,-199565103925.164,0.0933021176008078,0.0982673268966641,0.949472429416163,-1.07147734641811,-0.00011529954643618
0.156,19.8216962168164,-0.0893767777288209,43.0966655198984,4.86269365275398,-4027.53470812609,1931.64092655838,120614.476366298,171189.784096797,6999978.46117925,1262166.95467382,-71180518.7016451,-1516206554.42702,142392539198.135,-118686886071.119,0.0893767777288209,0.0988786494901781,0.903903706104915,-1.03808855363455,0.00708037088833417
0.157,19.8627995086654,-0.0835196921917127,39.1306029337819,6.88007566818939,-3903.42617292652,2103.20414775319,127602.596657993,171674.066626579,6999994.21207668,-313383.042788766,71212020.4964901,-1634893440.49814,-142480352039.516,199575248115.62,0.0835196921917127,0.0993263841765888,0.84086109530803,-1.00227910165806,0.0149915001065073
0.158,19.8999999576741,-0.0755594285097599,35.2921465047176,9.06899816131578,-3772.31764717374,2274.45735625363,134614.450154978,170576.499404894,6999966.05655341,-1848488.8592291,-71268331.5430258,-1435318192.38252,142598507428.468,199781417869.198,0.0755594285097599,0.0996374996984278,0.758343281781007,-0.964147293685215,0.0236526814588321
0.159,19.9334286723663,-0.0653248609576297,31.5883009624379,11.4283775457158,-3634.20915044126,2443.87871575592,141602.548463665,168043.648352451,6999996.97872461,-3183916.34267702,71330175.8854421,-1235536774.51332,-199988273202.846,199844549285.667,0.0653248609576297,0.0998374975242187,0.654311882584828,-0.923797580822728,0.0330953440273926
0.16,19.9632237611615,-0.0526466794610694,28.0260610579133,13.9556976175965,-3489.1030479703,2610.1328099975,148604.879151465,164275.271047399,6971333.01800863,-4319530.84254751,-128658097.317404,-1035692225.22766,-199996013353.365,199870127142.896,0.0526466794610694,0.0999499033041256,0.526730669272156,-0.881340134990327,0.0433470419546896
0.161,19.9895303272975,-0.0373587245602558,24.6124153109676,16.6472066530522,-3337.04227849328,2772.08402817472,155478.550451923,159471.205780094,6742676.91401454,-5255288.00420372,-328654110.670769,-835822098.084761,-199997100458.569,199877208426.898,0.0373587245602558,0.0999959038185463,0.373602549040883,-0.836890402309217,0.0544308293919641
0.162,20.0125004124893,-0.01929912301673,21.3542207266221,19.4981172425056,-3178.25549848198,2928.79661448672,162023.567460525,153831.319594919,6314024.25311449,-5991171.49807503,-528651211.129338,-635944889.657863,-199997352680.955,199867238803.62,0.0229938352959664,0.1,0.229938352959664,-0.790568657041341,0.0663647333317869
0.163,20.0322927677958,0.00168877643219174,18.2580056554675,22.5028061560634,-3013.17136065311,3079.53468531927,168039.933215962,147555.486858483,5685374.36564467,-6527182.76833108,-728648563.810293,-436077650.854243,-199997222729.75,199822517546.441,0.0322927677957523,0.0999998931114852,0.322928023130491,-0.74249960572964,0.0791613263525204
0.164,20.0490724249672,0.02575566718966,15.3297697968163,25.6550142163027,-2842.41851489925,3223.76222712334,173327.650429246,140843.569017649,4856727.1904695,-6863349.16041211,-928645786.540044,-236255133.307802,-199996696135.313,199550639447.282,0.0490724249671857,0.0999753377744726,0.490845303047485,-0.692812053504471,0.0928274007150715
0.165,20.0630100677954,0.0530457487831732,12.5747842014499,28.9480461553662,-2666.82560836819,3361.14306031521,177686.721943757,133895.350730491,3828083.0558618,-6999828.97399627,-1128642482.67536,-36704493.8605192,-199995379270.588,73874899385.8266,0.0630100677954317,0.0998963463558246,0.630754477956519,-0.641638633903323,0.107363744840916
0.166,20.0742812034667,0.0836963904976781,9.99739127449791,32.3749693391546,-2487.42128511776,3491.53545726387,180917.151195069,126889.481992795,2599442.88355115,-6999596.01816387,-1328637861.94594,37170405.5253074,-199991073458.209,-74036483945.8011,0.0742812034666827,0.0997446380381011,0.744713750310149,-0.589115603109369,0.122765022709256
0.167,20.0830651339175,0.117837984369554,7.60080477895509,35.9287838698747,-2305.43418508596,3614.92825146167,182818.943302071,119896.131763403,1170809.4848761,-6999443.85461146,-1528628935.40415,-36866078.4204936,-95644742997.1363,73337846128.4575,0.083065133917529,0.099499736273627,0.83482767923221,-0.535382699258055,0.139019752332542
0.168,20.0895437273401,0.155593923204934,5.38691071052248,39.6024926883045,-2122.28859372831,3731.32157269496,183209.497528745,112890.477843936,-405641.822026622,-6999641.00996773,-1624273678.40129,36471767.7079639,199990870938.756,-72763334599.3826,0.0895437273401356,0.0991392304929489,0.903211845551941,-0.480583067145306,0.156110357781514
0.169,20.0938999985105,0.197080600310389,3.35609324710886,43.3890938063822,-1939.54429643736,3840.71527685625,182025.050679341,105896.945495389,-1929920.06495853,-6999550.90955945,-1424282807.46253,-36291566.8914188,199995168339.402,72345128195.1329,0.0938999985104552,0.0986391558979516,0.951954603176051,-0.424863245048889,0.174013253651729
0.17,20.0963165651132,0.24240740939621,1.50718214417643,47.2815900548954,-1758.71325312639,3943.10941268272,179416.321738708,98891.3063237498,-3254205.28825137,-6999669.91235331,-1224287639.12313,36053561.3037142,199996468315.195,-71992328257.0399,0.0963165651132059,0.0979745016343994,0.983077877472853,-0.368373187073191,0.192698953074854
0.171,20.0969741478346,0.291676744589378,-0.162414660976376,51.2729794113836,-1581.11974878548,4038.50389329684,175583.305375614,91897.6644706722,-4378494.6932169,-6999612.51517811,-1024291170.80794,-35938766.9533257,199996966480.343,71729547814.0217,0.0969741478346045,0.0971198565419032,0.998499702198017,-0.311266254707305,0.212132198761273
0.172,20.0960502464882,0.344984000374435,-1.65651351834699,55.3562646351275,-1407.88807274468,4126.89875044659,170725.99792474,84892.0374966531,-5302787.38078466,-6999686.50822443,-824294204.327593,35790780.860696,199997048802.851,-71503146733.757,0.0960502464882005,0.096050200383195,1.00000048000947,-0.253699125584527,0.232272116431887
0.173,20.0937180157256,0.402417571603044,-2.97995506897586,59.5244436853273,-1239.94251766735,4208.29393052149,165044.396283259,77898.3291877367,-6027083.06071083,-6999647.30073061,-624297155.524741,-35712365.873061,199996711093.735,71333921330.7931,0.0937180157256456,0.09474184695347,0.9891934634932,-0.195831610731756,0.253072390029799
0.174,20.0901453407441,0.464058853457998,-4.13840424808726,63.7705192789933,-1078.00737924407,4282.6894562446,158738.497429968,70892.714690958,-6551381.8606887,-6999692.70593827,-424300444.431006,35621555.4577321,199995445585.068,-71188878151.6631,0.0901453407440513,0.0931735437893217,0.967499325214918,-0.137826381096647,0.274481457925405
0.175,20.0854941129903,0.529982241461672,-5.1381502881496,68.0874893681232,-922.606956341622,4350.08529530525,152008.297921328,63898.9679497234,-6875684.58232717,-6999665.58955637,-224304998.845938,-35567322.6939311,199987599836.258,71085158601.7431,0.085494112990272,0.091327731332337,0.936124348465016,-0.0798486046580312,0.296442729320476
0.176,20.079919705862,0.600255131455042,-5.98590672243923,72.4683566468763,-774.065552061272,4410.48146445469,145053.792106217,56893.3662252536,-6999995.78125498,-6999690.33294943,-24317399.0096801,35517835.9078121,48665413004.9001,-71001216962.9606,0.0799197058619647,0.0891919623829928,0.896041568395897,-0.0220654957744898,0.318894819922251
0.177,20.073570650194,0.674937919605455,-6.68861265209079,76.9061190676211,-632.513783019976,4463.87794676874,138049.748527625,49899.6012740976,-6999980.47376221,-6999673.1055231,24348013.9952201,-35483381.0551486,-48709113251.7852,70952632971.2262,0.0735706501939717,0.0867604805087594,0.84797421317352,0.0353542211489144,0.341771805929386
0.178,20.0665884974112,0.754084002396477,-7.25326761566794,81.3937793156404,-497.961996273285,4510.27475395294,131053.823875318,42894.0119168755,-6999987.01639288,-6999680.17009263,-24361099.2565651,35469251.9160776,48732993669.261,-70923363396.6345,0.0665884974111854,0.0840359537758826,0.792381051433911,0.0922409265669112,0.365003495268057
0.179,20.0591077992999,0.837739776634813,-7.68686997344382,85.9243353490476,-370.41019554797,4549.67188218662,124049.778474908,35900.2458121748,-6999981.61881482,-6999672.59987487,24371894.4126959,-35454111.4805569,-48755214180.3071,70929570556.1017,0.0591077992999089,0.0810313577657735,0.729443525687475,0.148424768642238,0.388515714975841
0.18,20.0512561076613,0.925944639449293,-7.99642133415532,90.4907898558654,-249.858377367324,4582.06933807905,117053.85693427,28894.6677516523,-6999987.33149227,-6999661.92607738,-24383319.7676113,35475459.0755448,48777691782.5584,-70957817575.5963,0.0512561076612563,0.0777719993438555,0.659056062512117,0.203736333177502,0.412230613554025
0.181,20.043153974313,1.01873098829665,-8.18892005710165,95.0861408043283,-136.306545581604,4607.46713086844,110049.807558191,21900.9172521834,-6999981.80536861,-6999665.37578963,24394372.0149472,-35482358.5000515,-48799624497.3837,71026875990.7476,0.0431539743129861,0.0742976700859479,0.580825404929459,0.258007310278982,0.436066977061019
0.182,20.0349149510873,1.11612422096953,-8.27136775276976,99.7033908963859,-29.7546965151159,4625.86526115948,103053.88966808,14895.3485098089,-6999987.24560235,-6999634.29629431,-24405252.4824365,35544517.4906961,48822538381.9392,-71124326820.9798,0.0349149510872913,0.0706649156626921,0.494091739300338,0.311071154991405,0.45994055766848
0.183,20.0266455898328,1.21814273560057,-8.2507627790228,104.335538114403,69.7971662605153,4637.26375309377,96049.836885967,7901.63241778976,-6999981.22889382,-6999651.9422141,24417285.8995027,-35579809.3302837,-48845733582.9709,71274122505.0869,0.0266455898328353,0.0669494048578185,0.397995917804242,0.3627637393208,0.483764413347625
0.184,20.0184454424128,1.32479793068059,-8.13410674751832,108.975585186508,162.349046840786,4641.66259932734,89053.9233444257,896.06959132803,-6999986.8097858,-6999594.69029184,-24428447.6834683,35694313.1748033,48870734696.2807,-71463873286.3294,0.0184454424128369,0.0632483792755702,0.291635020914464,0.412923993091128,0.507449257329738
0.185,20.0104070607075,1.43609420506011,-7.92839801406949,113.616530113246,247.900941652984,4639.06184296433,82049.8674332476,-6097.58858792413,-6999979.89012113,-6999632.3137602,24442287.0128125,-35769560.1115262,-48896842198.4502,71726747888.7294,0.0104070607074824,0.0596831622055475,0.174371804758614,0.461394531142676,0.530903815923072
0.186,20.0026159966121,1.55202895798027,-7.64063819105996,118.251375663856,326.452855487248,4629.46146524067,75053.9592129331,-13103.1512237586,-6999986.02420754,-6999538.49992736,-24454555.1856378,35957187.7772032,48925893595.5318,-72049720541.7462,0.00261599661208578,0.0564017025785643,0.046381518508982,0.508022264428293,0.554035193276654
0.187,19.9951508020401,1.67259258907034,-7.27782563152763,122.873119861536,398.00478450778,4612.86153555988,68049.900226732,-20096.7194165544,-6999977.63259541,-6999606.17242103,24471338.4098941,-36092532.7645431,-48957111725.9779,72482527157.5597,0.00484919795994898,0.0535811275020937,0.090501976834278,0.552658992645395,0.57674924160735
0.188,19.988083028921,1.79776849839606,-6.84696194818208,127.474765536525,462.55673459496,4589.26201774029,61053.9987447206,-27102.2914341647,-6999984.8500485,-6999457.44160679,-24485773.3160838,36389994.3930167,48993058112.618,-73011089186.3646,0.0119169710789855,0.0514302745207356,0.231711208816916,0.595161976107779,0.598950935454116
0.189,19.9814772292045,1.92753308645067,-6.3550454903215,132.049310740132,520.108701329859,4558.66302045567,54049.9365176994,-34095.7223934394,-6999974.09430828,-6999572.99180696,24507284.7965341,-36621094.793348,-49032802826.1064,73716997951.7212,0.0185227707954532,0.0501921725505875,0.369037040123826,0.635394484661965,0.620544748427805
0.19,19.9753909548582,2.06185575422897,-5.80907787055167,136.589758392321,570.660692314419,4521.06447959211,47054.0439319851,-41101.3197663178,-6999983.2109248,-6999335.58762445,-24525518.0295723,37095903.1583733,49080369591.2748,-74585035797.2463,0.0246090451418155,0.05,0.49218090283631,0.673226321535039,0.641435031024368
0.191,19.9698747578723,2.20069890320768,-5.21605743303325,141.08910658022,614.212702070003,4476.46656697268,40049.978023644,-48094.5382416626,-6999968.54415873,-6999532.20236469,24554851.5617026,-37489132.6388731,-49134593837.6674,75765842703.0154,0.0301252421277312,0.05,0.602504842554623,0.708534320119699,0.661526387936113
0.192,19.9649721902576,2.34401793546066,-4.58298578971159,145.540358358706,650.764741022085,4424.86917135118,33054.0978062932,-55100.1873698962,-6999980.98951586,-6999138.41365206,-24579742.2759648,38276710.0641423,49202580968.9127,-77243624335.9933,0.0350278097423704,0.05,0.700556194847408,0.741202811798139,0.680724053469008
0.193,19.9607198040524,2.4917612536214,-3.91686127741903,149.936511864469,680.316801817448,4366.27257574179,26050.0273758009,-62093.0613659055,-6999959.44130737,-6999483.51575591,24622838.692948,-38966914.271851,-49282846077.0674,79351805236.3897,0.0392801959476401,0.05,0.785603918952802,0.771124063042559,0.698934263473846
0.194,19.9571471513188,2.64387026107052,-3.22468550655934,154.270570366586,702.868899827124,4300.67658445751,19054.1655461604,-69098.8030379246,-6999978.02565295,-6998774.52740957,-24660007.3841194,40384890.9645388,49389864929.3627,-82076169318.8806,0.0428528486811537,0.05,0.857056973623074,0.7981986801365,0.716064622486772
0.195,19.9542767841538,2.8002793618691,-2.51345680288151,158.535532085839,718.421024270266,4228.08170513065,12050.0891609703,-76091.0644814051,-6999943.10057239,-6999427.72110447,24729857.5452433,-41691278.3543419,-49521775849.5119,86457866048.3409,0.0457232158461949,0.05,0.914464316923898,0.822335980014615,0.732024464451287
0.196,19.9521242546843,2.96091596109326,-1.79017677348492,162.724400670788,726.973200116547,4148.48758065339,5054.2573598623,-83096.9281973453,-6999974.1309519,-6997890.06643464,-24791918.3042686,44766587.6939991,49715176532.2351,-92493915354.6766,0.0478757453157428,0.05,0.957514906314856,0.843454325830931,0.746725205878373
0.197,19.9506981150839,3.12570046473218,-1.06184372574706,166.830174566823,728.525409890238,4061.89531460763,-1949.82686748637,-90087.8506224921,-6999908.46099005,-6999370.43641798,24923258.2279665,-47727327.6606775,-49967913433.951,114055621170.666,0.0493018849160833,0.05,0.986037698321667,0.861481426037687,0.760080689737369
0.198,19.9499999175674,3.29454628043478,-0.335459258630912,170.845858356205,723.077700672235,3968.30457652987,-8945.60168493476,-97092.0754525453,-6999969.15947906,-6990069.95349332,-25044655.2059845,66328293.5099881,50422231953.3673,-151255478595.323,0.0500000824325895,0.05,1.00000164865179,0.87635459586809,0.772007519256204
0.199,19.9500242144214,3.46735981815642,0.381978356330242,174.764453386566,710.630041224691,3867.72221850456,-15949.6894666913,-104074.190505716,-6999802.69870836,-6999369.399281,25377576.7473828,-84927185.085335,-51075996043.3689,170265052469.509,0.0499757855785568,0.05,0.999515711571135,0.888020980312618,0.782425379962506
0.2,19.9507585579989,3.64404049484218,1.0834675508042,178.578969828494,691.182551838269,3760.14128314554,-22945.3160430332,-111087.645988795,-6999963.11998266,-6999164.05813158,-25698419.2959861,85337867.3841742,65612303902.2855,198774239096.59,0.0492414420010974,0.05,0.984828840021947,0.896437737774843,0.791257350360297
0.201,19.9521835008181,3.82448073005998,1.76201026010268,182.282405973499,664.735705011357,3645.57656036554,-29947.1929886801,-118011.012073385,-6992855.3873275,-6814439.07119911,39913884.6062994,284112106.480764,-94029084119.3537,199392241490.149,0.0478164991818666,0.05,0.956329983637332,0.901572183840307,0.798430194882869
0.202,19.954272596565,4.00856597452122,2.41060777222464,185.867854787589,631.29481876461,3524.21398878436,-36935.7629477243,-124650.163051095,-6999956.04478088,-6430630.84397327,-54115199.5130543,483504347.970913,108262138953.886,199505801708.406,0.0457274034350448,0.05,0.914548068700896,0.903401895003819,0.803874654556799
0.203,19.9569924038206,4.19617489763937,3.0222666975591,189.328693731603,590.854569517032,3396.43740711101,-43944.7329024361,-130805.790754132,-6999940.17481699,-5847373.59514815,54146939.4408314,683010149.67932,199903180731.096,199509396516.126,0.0430075961793612,0.05,0.860151923587225,0.901914772767507,0.807525783954296
0.204,19.9603024827455,4.38717977143768,3.58998616591143,192.658783802406,543.427220316292,3262.83007747577,-50884.2824107442,-136278.407708354,-6845841.64501061,-5064608.74721077,254050120.171927,882519546.195446,199953271192.316,199435830320.446,0.0396975172545027,0.05,0.793950345090053,0.897109064102766,0.809323347690872
0.205,19.9641554189592,4.58144705381683,4.10684252311378,195.852669008182,489.170690156037,3124.17476181111,-57569.7734504701,-140868.517377414,-6491814.88924253,-4082371.28585509,454003391.364243,1081955376.51589,199962247559.693,199231700384.073,0.0358445810407702,0.05,0.716891620815403,0.888993351812196,0.809212275942169
0.206,19.968496985434,4.77883817131389,4.56616694055641,198.905775857829,428.439008253155,2981.45368600771,-63801.2596027706,-144376.705691614,-5937830.37409843,-2900800.05914717,653965638.923936,1281187076.89996,199962991238.648,198557797154.452,0.0315030145660202,0.05,0.630060291320405,0.877586558582242,0.807143177088154
0.207,19.9732664966532,4.97921050131611,4.96174459553905,201.814612761757,361.786159527791,2835.84838470755,-69378.7799922006,-146603.819246118,-5183883.23955517,-1520334.08366997,853928630.162584,1479744874.05442,199958772440.687,89685107216.1278,0.0267335033467653,0.05,0.534670066935305,0.862917986054743,0.803072905306222
0.208,19.9783973625972,5.18241855340886,5.2880146312135,204.57696825124,289.966090969691,2688.73475944474,-74102.372454601,-147369.333374892,-4229975.22317224,4253.34399250637,1053887402.60327,1569429981.27054,199948163988.128,-198585123469.479,0.0216026374028004,0.05,0.432052748056009,0.845027391654239,0.79696518061162
0.209,19.9838178426896,5.38831534046425,5.54027011829517,207.192082790928,213.932709977437,2541.62085002524,-77772.0792824736,-146613.462560842,-3076113.73857491,1474390.76352831,1253835566.5914,1370844857.80106,199923523769.083,-199283929079.773,0.0161821573103857,0.05,0.323643146207715,0.823965102826626,0.78879125506469
0.21,19.9894519997046,5.59675387068297,5.71485801218625,209.660698099303,134.839876566932,2395.96475349209,-80187.954650458,-144486.863356593,-1722316.41009897,2745593.65678949,1453759090.36048,1171560928.72129,199844111794.758,-199507123385.607,0.0105480002954188,0.05,0.210960005908376,0.799792168144348,0.778530595281482
0.211,19.995220853625,5.80758859390078,5.80937909735597,211.984924172539,54.0413837311427,2253.03763432187,-81150.0841634109,-141188.740422674,-168635.263841109,3817401.02381798,1653603202.15524,972053805.335684,-155079474795.04,-199611522732.96,0.00477914637502153,0.05,0.0955829275004305,0.772580544586751,0.766171512810662
0.212,20.0010437349383,6.02067667231533,5.82288494093256,214.168042508966,-26.9238791752794,2113.91128623188,-80517.7644053069,-136918.581083311,1407428.20091661,4689649.06778718,1498523727.3602,772442282.602723,-199823679503.742,-199667732398.67,0.00104373493834942,0.05,0.0208746987669883,0.742413319963671,0.751711688854542
0.213,20.0068398091653,6.23587905226564,5.75599752421276,216.214306634031,-106.496501512214,1979.45795057404,-78394.3782872942,-131875.988829622,2806040.08852494,5362257.48419057,1298700047.85646,572774550.204053,-199900967639.66,-199698758970.52,0.00683980916529947,0.05,0.136796183305989,0.709384958393163,0.735158582324715
0.214,20.0125296201722,6.45306133646665,5.61082395356558,218.128742501221,-183.279738954255,1850.35023212993,-74972.305002781,-126260.627196824,4004789.65256156,5835182.65490936,1098799080.21679,373075791.233533,-199922849869.33,-199713876370.89,0.0125296201722378,0.05,0.250592403444756,0.673601507708739,0.71652971968132
0.215,20.0180364846174,6.67209445661026,5.39076964432329,219.916948830738,-256.074846069463,1727.06105414758,-70451.4362850892,-120272.19229236,5003627.30784369,6108401.50795744,898876230.347464,173361914.862643,-199928661362.054,-199716949289.919,0.0180364846173831,0.05,0.360729692347661,0.635180702003455,0.695852865675369
0.216,20.0232876906301,6.89285514628672,5.10033880510001,221.584897414762,-323.882986356463,1609.86363472212,-65031.6923056321,-114110.395985186,5802539.20751013,6181904.94817513,698947568.98541,-26355034.4272766,-199923682350.764,-199708988404.256,0.0232876906300525,0.05,0.465753812601051,0.594251940690221,0.673166074601819
0.217,20.028215496646,7.11522621420189,4.74493451924334,223.138733406615,-385.905247950274,1498.83147749744,-58912.9999273544,-107974.953385625,6401524.93532016,6055695.41954572,499023886.634646,-226064022.831532,-199901287897.58,-199688770246.559,0.0282154966459522,0.05,0.564309932919045,0.550956142864511,0.648517622151771
0.218,20.032757930319,7.33909661768112,4.33065881896982,224.584575606582,-441.542643982525,1393.83837411902,-52295.2799300332,-102065.571439203,6800598.17800601,5729787.01159091,299122598.737066,-425752793.078091,-199803089827.261,-199652291075.011,0.0327579303190006,0.05,0.655158606380013,0.505445477825201,0.621965818428373
0.219,20.0368593875094,7.56436133646208,3.86411276646781,225.928316756015,-490.396096185841,1294.5584185413,-45378.4209676299,-96581.9362059972,6999819.23182945,5204208.07297531,99319508.9098052,-625405084.153102,-198646341710.041,-199590517141.125,0.0368593875094305,0.05,0.73718775018861,0.457882973126477,0.593578703162699
0.22,20.0404710313685,7.79092104679108,3.35219657926348,227.175423852666,-532.266331216976,1200.46603591955,-38362.0497049639,-91723.6957612886,6999815.56988423,4479007.73025165,-99326832.8002358,-824995601.294227,189982663573.155,-199482535708.848,0.0404710313685399,0.05,0.809420627370798,0.408442002021142,0.563433624632368
0.221,20.0435509922024,8.01868159585238,2.80191330369317,228.330738504822,-567.137111664816,1110.83603298419,-31380.2337742175,-87690.4329209689,6995480.06887057,3554270.861103,90655830.7729192,-1024478137.00308,-172982062126.999,-199270921598.901,0.0435509922023698,0.05,0.871019844047396,0.357305652887566,0.53161670424615
0.222,20.0460643989048,8.24755327658207,2.22025432429516,229.398277352642,-595.011703685391,1024.74368618254,-24368.2561336483,-84681.6129486339,6999644.86857999,2430157.26330047,-82326231.3540794,-1223749058.60198,161034367685.342,-198728782629.564,0.0460643989048108,0.05,0.921287978096217,0.304665995565746,0.498222189212313
0.223,20.0479833771907,8.47744990295828,1.61422301171446,230.381032612944,-615.887148657988,941.064913323175,-17382.9353194645,-82896.451678406,6997835.82106858,1107043.81338371,78708136.3312629,-1422477841.23154,-154037776042.11,-195173995091.745,0.0479833771907181,0.05,0.959667543814362,0.250723301058764,0.463351696159261
0.224,20.0492870514907,8.70828768595438,0.990812697224465,231.28077291137,-629.764466284865,858.47677166146,-10371.418392904,-82533.17578482,6999525.06937879,-413021.025393703,-75329639.7108471,-1617651836.32328,146284260357.077,197058915932.25,0.0492870514906727,0.05,0.985741029813454,0.195685232305676,0.427113349037194
0.225,20.0499615446073,8.93998391130633,0.357027189555226,232.097848498299,-636.642581905516,775.47568751272,-3385.17743332109,-83722.17957572,6997337.55984648,-1932143.40375086,70954620.6462297,-1420592920.39103,-137903550847.088,198771342932.844,0.0499615446073349,0.05,0.999230892146699,0.139766006971807,0.389620815418174
0.226,20.0499999782652,9.17245545188361,-0.28013995089404,232.83108353718,-636.523010770092,690.558952887682,3624.65351170733,-86331.4908825109,6999340.40506916,-3253350.65267547,-66948930.2008588,-1221821577.45819,126632433918.78,199156986377.984,0.0499999782651841,0.05,0.999999565303682,0.0831855368524313,0.350992258180186
0.227,20.049402472175,9.4056172808539,-0.913685812442576,233.477885269927,-629.40456885947,602.405447957022,10611.6248573292,-90162.5594928525,6995707.6918277,-4375593.73694467,59683503.7179215,-1022664591.08021,-112655972916.41,199297981189.562,0.0494024721749753,0.05,0.988049443499506,0.0261685464113895,0.311349272435364
0.228,20.048176144511,9.63938115119275,-1.53661706957853,234.034439222306,-615.289836904479,509.892951579734,17618.3983055298,-95016.269195139,6999063.20908741,-5298609.3374301,-52972469.1984883,-823366609.890644,75023577335.5333,199332001275.544,0.0481761445109612,0.05,0.963522890219224,-0.0310563248843361,0.270815877170224
0.229,20.046335110213,9.87365447348606,-2.14193277878514,234.49590829189,-594.177609756883,412.098455447618,24603.4792095739,-100693.339837302,6983602.52855669,-6022309.94668297,22051108.1370451,-624034608.6151,-13845735717.0215,199272077955.651,0.0463351102130432,0.05,0.926702204260863,-0.0882574342617424,0.229517578022137
0.23,20.0439004803572,10.1083393929293,-2.72264391176743,234.856632018253,-566.079231003996,308.29825787212,31595.7996695796,-106994.4550753,6998730.76883522,-6546708.51632024,8205372.42002354,-424762530.659448,-19160853371.4669,199026457478.863,0.0439004803572196,0.05,0.878009607144392,-0.145201056470977,0.187580505063731
0.231,20.0409003544521,10.3433320656245,-3.27175860559176,235.110325890617,-530.983496756819,197.967947552612,38595.4396490629,-113720.373780703,6997355.71456951,-6871957.81824026,-10955480.9514433,-225736073.180586,-196152642061.515,197700479871.11,0.0409003544521092,0.05,0.818007089042183,-0.201652313295947,0.145130628845313
0.232,20.0373698278642,10.5785221341551,-3.78228024765534,235.25028056681,-488.899378190716,80.7822097039197,45554.6255161465,-120672.249555555,6888323.91258731,-6998843.65148529,-207108123.012958,-28035593.3094758,-197875154101.53,57264093420.262,0.0373698278641683,0.05,0.747396557283366,-0.257376099314964,0.102293057580858
0.233,20.0333509753778,10.8137924020126,-4.2472645375673,235.269559486845,-439.943353536866,-43.3917482723706,52306.416174877,-127675.566988125,6582278.21252359,-6998247.19808463,-404983277.114489,29228500.1107862,-198086430552.477,-6478139739.79615,0.033350975377779,0.05,0.66701950755558,-0.312138015644857,0.0591914178763225
0.234,20.0288927275111,11.0490186950051,-4.65997616167144,235.161164744416,-384.421549069853,-174.561837365342,58653.1883437513,-134660.279626111,6078251.72013286,-6972257.76784374,-603069707.666965,22750360.37099,-197880421830.529,-97921736996.8926,0.0288927275110815,0.05,0.57785455022163,-0.365705340836096,0.0159473165498901
0.235,20.0240505640663,11.2840698449937,-5.01408485152406,234.918110856193,-322.837991501555,-312.708534221022,64396.9251397456,-141637.482503269,5376241.80155063,-6998468.2759712,-800950129.497494,-75171376.6259025,-197260093003.783,149124587850.481,0.0240505640663393,0.05,0.481011281326786,-0.417848064760392,-0.027320140027163
0.236,20.0188860101014,11.5188077033136,-5.30386335691166,234.533415279905,-255.894656319826,-457.851565900553,69339.8151943802,-148648.682369578,4476661.62555124,-6999077.35867186,-998210222.501277,73953211.2245788,-195797041627.525,198311937158.036,0.0188860101014399,0.05,0.377720202028797,-0.468339987093694,-0.0704948038336306
0.237,20.0134659339894,11.7530871272936,-5.52438521909798,234.00007759391,-184.491036893155,-609.979198416881,73284.7388684095,-155577.731133111,3380552.8822362,-6825968.17886826,-1194007264.1288,272265148.382614,-191396106102.416,199282615674.766,0.0134659339894441,0.05,0.269318679788881,-0.516959876033932,-0.11346394089497
0.238,20.0078616480155,11.9867560037968,-5.67172180634678,233.311184873633,-109.72299763207,-768.916232672376,76036.3887675642,-162234.352968509,2090847.56505619,-6454061.72264827,-1385403370.23122,471547764.057381,-139889446334.937,199471649436.394,0.00786164801552758,0.05,0.157232960310552,-0.56349268235792,-0.156118657776283
0.239,20.0021478128211,12.2196554267826,-5.74313702588671,232.46009709761,-32.8779143706131,-934.290713889474,77411.2197397823,-168419.395534222,635499.471657501,-5882778.13387269,-1525292816.56616,671019413.493775,182933586734.278,199524332116.349,0.00214781282114984,0.05,0.0429562564229968,-0.6077308033768,-0.19835425115166
0.24,19.9964011527305,12.4516200693772,-5.73726544322962,231.440645844776,44.6044618683509,-1105.53134840788,77314.5617342791,-173933.409905996,-798326.551541517,-5111996.55432074,-1342359229.83188,870543745.610124,189587291830.604,199511212093.487,0.00359884726951876,0.05,0.0719769453903751,-0.649475388908588,-0.240070463312828
0.241,19.9906990310919,12.6824787551779,-5.65419110665986,230.247333727239,121.304033259047,-1281.8673529996,75876.6534497934,-178576.882718829,-2045892.13545809,-4141697.20266387,-1152771938.00127,1070054957.70361,190432546585.688,199430093925.998,0.00930096890814625,0.05,0.186019378162925,-0.68853766464106,-0.281171640983453
0.242,19.9851180435233,12.9120552290383,-5.49533617392469,228.875533897554,195.973546674219,-1462.32843223956,73286.114103099,-182150.314093653,-3103447.80016652,-2971927.19799726,-962339391.415585,1269485051.62961,189005285921.853,199211536576.662,0.0148819564767173,0.05,0.297639129534346,-0.724740205384848,-0.321566796959118
0.243,19.9797327714077,13.1401691273594,-5.26327533392955,227.321689542374,267.555422198912,-1645.74482860958,69732.9974882117,-184454.296843073,-3971284.54862118,-1602836.37807932,-773334105.493732,1468696588.20627,184484981834.242,198424522884.015,0.0202672285922674,0.05,0.405344571845347,-0.757918097228115,-0.361169574563641
0.244,19.9746147242927,13.3666371478346,-4.96154597862418,225.583513275176,335.181575269474,-1830.74749318854,65405.793383816,-185289.714173235,-4652376.16319779,-34927.5284310368,-588849123.65949,1667121111.09029,171279237759.358,-189321155042.721,0.0253852757072615,0.05,0.507705514145229,-0.787919973001262,-0.399898115326851
0.245,19.9698314715491,13.5912744179186,-4.59446001074317,223.660182989349,398.170175685988,-2015.78470598894,60487.539198415,-184522.634671962,-5155585.6679776,1537533.00513789,-417569885.900132,1477799956.04756,111123085727.303,-198809599949.833,0.0301685284508793,0.05,0.603370569017585,-0.814608917148841,-0.437674830935337
0.246,19.9654459597413,13.8138960308852,-4.1669218024555,221.552453139777,456.014957198003,-2199.30055789899,55141.6891017752,-182279.336622125,-5517594.01101408,2915928.16121054,-306446800.172829,1278990356.09773,-75062453680.2273,-199349156447.66,0.0345540402587297,0.05,0.691080805174593,-0.837863238168496,-0.474426092876238
0.247,19.9615160031412,14.034318585735,-3.68426899384557,219.262550531615,508.343647225339,-2379.91707159601,49458.361281728,-178757.138142273,-5861572.03802702,4095243.93908444,-381509253.853056,1079641199.65007,-54361144396.4151,-199523222123.394,0.038483996858794,0.05,0.76967993717588,-0.857577110859963,-0.510081905752963
0.248,19.9580939015443,14.2523615642295,-3.15218944388082,216.793980753961,554.805372564728,-2556.45496103639,43396.9744260417,-174155.327473718,-6270261.86407829,5075123.52767281,-435870398.249471,880117977.526677,114891233119.189,-199588361581.265,0.0419060984557298,0.05,0.838121969114596,-0.873661104253198,-0.544575631304487
0.249,19.9552260828821,14.4678485101356,-2.57674783158673,214.151328991455,594.999358127069,-2727.93435659841,36927.9259016919,-168673.409684212,-6648686.64576816,5855447.32440885,-320979165.130283,680529615.945412,155155018168.298,-199588380026.045,0.0447739171178512,0.05,0.895478342357023,-0.886042633827091,-0.577843777846163
0.25,19.952952709896,14.6806080090847,-1.96440470612317,211.340060530066,628.555908970778,-2893.57493720026,30144.6088430533,-162510.962281835,-6892088.3018143,6436182.75034124,-165824146.961985,480941235.919367,136969948119.862,-199496522920.308,0.0470472901039969,0.05,0.940945802079938,-0.894666360355551,-0.609825856425831
0.251,19.9513073188839,14.8904744688908,-1.32193094203773,208.366321185597,655.232543386269,-3052.7959635894,23192.4367924447,-155867.55833402,-6989427.47471635,6817375.72480045,-28854198.8421228,281444712.999059,54335509477.4986,-198980564909.894,0.0486926811161368,0.05,0.973853622322736,-0.899494507127266,-0.640464304156275
0.252,19.9503165782285,15.0972887002946,-0.656267834296727,205.23673774082,674.927721387777,-3205.21621746572,16197.6381365535,-148942.623680205,-6991113.91881972,6999330.15534456,25481310.6353758,82464148.089164,-60095813982.7477,-164584050667.212,0.0496834217714763,0.05,0.993668435429527,-0.90050705992857,-0.669704474870926
0.253,19.9500001826937,15.3008982982534,0.025594081429017,201.958218831012,687.631545457777,-3350.65228971235,9209.24890405434,-141929.492125928,-6995680.51517572,6999502.27810012,-34614503.3473719,-82119902.578048,70502237034.4034,125912309812.143,0.0499998173062579,0.05,0.999996346125158,-0.897701842999568,-0.697494696922627
0.254,19.9503708357455,15.5011578271607,0.716663449833961,198.537766006557,693.340122613562,-3489.09047100342,2208.011510044,-134950.064414148,-6995043.90000589,6980338.53042814,35887733.6870315,43792407.2340946,-77525168397.637,-49176489141.0201,0.0496291642545081,0.05,0.992583285090163,-0.891094489798286,-0.72378639639546
0.255,19.9514342459898,15.6979288473984,1.40994258683171,194.982365307981,692.053363247201,-3620.54511643819,-4782.00938451798,-127956.025761626,-6997918.75051767,6999542.69309173,-41637434.7106055,-5384081.90692547,85159648778.5695,6840197461.49174,0.0485657540102196,0.05,0.971315080204391,-0.880718338081464,-0.748534270329533
0.256,19.953189126448,15.8910799057561,2.09843760036553,191.299008601776,683.769003233672,-3745.00198319203,-11786.5535775945,-120958.035076578,-6996976.36083899,6997578.70991554,43522214.067964,1456115.55456627,-90587335526.3479,1135326055.65028,0.0468108735519799,0.05,0.936217471039598,-0.866624254345624,-0.7716964608501
0.257,19.9556271928206,16.0804865452733,2.77514822261472,187.494693934296,668.487440705689,-3862.46093892247,-18776.8667206539,-113959.539087875,-6998747.8145342,6999602.48849794,-47065121.458384,2591441.61021656,95742346044.5183,-7029120668.27327,0.0443728071794034,0.05,0.887456143588068,-0.848880390018513,-0.793234707627437
0.258,19.958733163412,16.2660313071435,3.43307960879715,183.576419875645,646.207345155276,-3972.92053773919,-25783.1900382433,-106959.812398684,-6997941.76297033,6998679.36977401,48677224.5861343,-4437679.05805672,-99757068125.1397,10822122595.3762,0.0412668365879512,0.05,0.825336731759023,-0.827571869475371,-0.813114488902764
0.259,19.9624847581813,16.4476037317046,4.06523023221493,179.551185783549,616.929140561807,-4076.38129914439,-32773.4193669414,-99961.5481813395,-6999143.07244676,6999652.75201365,-51079843.5390054,6384443.53731952,103508575747.051,-13870702708.4416,0.0375152418187312,0.05,0.750304836374625,-0.802800412285187,-0.831305147784375
0.26,19.9668526988343,16.6251003582667,4.66460487349251,175.425990469536,580.651949208709,-4172.84253482174,-39780.8509318665,-92961.0149913419,-6998468.62811224,6999101.84419674,52428732.2080459,-7486259.17112212,-106643107699.753,16156263756.7622,0.0331473011656627,0.05,0.662946023313253,-0.774683890580292,-0.847780003450926
0.261,19.9718007082265,16.7984247255556,5.22420128163521,171.2078337669,537.376158622,-4262.30457342319,-46770.879045158,-85962.9635661046,-6999361.44975407,6999693.716904,-54214375.4917069,8670004.58564007,109601858535.962,-18080561146.3127,0.0281992917734577,0.05,0.563985835469154,-0.74335582414516,-0.862516446161027
0.262,19.9772855105014,16.9674873715762,5.73702409490952,166.903714537892,487.101129866822,-4344.76699848679,-53779.0807062352,-78961.9482737655,-6998774.8959778,6999323.44091648,55387483.0442554,-9410556.56067264,-112213182353.804,19628111440.2444,0.0227144894986395,0.05,0.45428978997279,-0.708964814802819,-0.87549601620665
0.263,19.9832568306712,17.1322058338775,6.1960705946425,162.520632890637,429.827217410507,-4420.23003562822,-60768.8640577499,-71964.0587592226,-6999494.00411044,6999726.94007593,-56825699.3095483,10217554.8795717,114727706131.946,-20972930425.6113,0.0167431693288229,0.05,0.334863386576458,-0.671673922996671,-0.886704466151956
0.264,19.9896573947707,17.2925046494518,6.59434538601686,158.065587697742,365.553915721906,-4488.69340186369,-67777.6496271598,-64962.7185301112,-6998955.85035402,6999458.0297427,57902006.8223977,-10755375.5460396,-117051181276.632,22102404634.362,0.010342605229269,0.05,0.20685210458538,-0.631659988718631,-0.896131806457358
0.265,19.9964229295365,17.448315354914,6.92484542144057,153.545579248998,294.281561371486,-4550.15726300799,-74767.1630043154,-57964.9544540358,-6999579.43416994,6999753.85651384,-59149174.4542344,11347029.0883225,119348592791.712,-23107982760.7966,0.00357707046354605,0.05,0.071541409270921,-0.589112900018326,-0.903772334095621
0.266,20.0034821625685,17.5995764864247,7.18057533476021,148.967606414632,216.009723312377,-4604.62141219487,-81776.4255935805,-50963.3784134379,-6999054.31222831,6999546.89422176,60199418.3374773,-11760953.6724742,-121562907723.391,23979399823.2359,0.00348216256845646,0.05,0.0696432513691292,-0.544234811725117,-0.909624644301655
0.267,20.0107568220662,17.7462335798199,7.35453183150862,144.338669614168,130.738738677916,-4652.08597817849,-88765.6406812606,-43965.7154294152,-6999636.34775253,6999775.6404609,-61363489.3859133,12218446.1507617,123829908036.812,-24770925149.9833,0.0107568220661705,0.05,0.215136441323409,-0.497239317951736,-0.913691625268888
0.268,20.0181616370027,17.8882391705505,7.43971961889179,139.665767710226,38.46821215405,-4692.55080150186,-95775.3204557,-36963.9590534039,-6999084.88312004,6999608.62403667,62466418.6508991,-12552478.9992216,-126111978918.691,25474132621.5551,0.0181616370026845,0.05,0.363232740053689,-0.44835058141006,-0.915980436013723
0.269,20.0256043368911,18.0255527937812,7.42913520850509,134.955901219899,-60.8014943392231,-4726.01598690089,-102764.190792648,-29966.3809800966,-6999674.45392848,6999793.21134823,-63645560.2677917,12921653.6223336,128571186842.773,-26124171339.4727,0.025604336891103,0.050024276890428,0.511838221013891,-0.397802423419335,-0.916502467397854
0.27,20.0329856519824,18.1581409843403,7.31578342588877,130.216068995411,-167.070772819428,-4752.48140617351,-109774.25949557,-22964.4809704938,-6999034.42077489,6999652.77930083,64925626.5749818,-13202517.7171392,-131180503067.013,26714018767.4337,0.032985651982397,0.0508883854095105,0.64819608083365,-0.345837377955021,-0.915273286628096
0.271,20.0401993130444,18.2859772767984,7.09266062964834,125.453271630061,-280.339194441917,-4771.94714808986,-116762.694520235,-15966.9771135903,-6999699.04573341,6999807.2709674,-66254876.4920318,13511501.0502945,134275935100.21,-27268117158.5927,0.0401993130443756,0.0527745116011635,0.761718333808122,-0.292705713898782,-0.912312565382129
0.272,20.047132051608,18.4090422054249,6.75277182978496,120.674507963704,-400.607186133805,-4784.41310582267,-123773.141681698,-8964.95877829081,-6998815.95467534,6999684.7134384,68021058.6081784,-13756616.1082982,-137836077255.244,27780487849.3197,0.0471320516079601,0.0554188433221734,0.850469782163467,-0.238664429067391,-0.90764399198584
0.273,20.0536635997458,18.5273233042534,6.28911328906132,115.886778650923,-527.874142119624,-4789.87935749327,-130760.919786611,-1967.52229159834,-6999712.93469478,6999818.34125476,-69815018.6470658,14023871.7410215,139348732292.042,-28269280775.8072,0.053663599745807,0.0585947110054545,0.915843748095481,-0.183976220431794,-0.90129516793525
0.274,20.0596666904342,18.6408151070419,5.69469032050627,111.097082517425,-662.140748012846,-4788.34581118898,-137772.315441914,5034.59643873096,-6999853.58719582,6999707.57260788,69533713.6449761,-14245409.0347857,199680150147.004,28729260758.1357,0.05966669043422,0.0621098140564709,0.960664451192374,-0.128908434223931,-0.893297489296254
0.275,20.0650070575244,18.7495191473288,4.96250133374725,106.312420268236,-803.393081289827,-4779.81253814625,-144704.122147263,12031.9695169478,-6830479.79847735,6999826.79395216,269213863.79198,14483851.72335,199869649945.082,-29174864092.714,0.0650070575243618,0.0658034096923487,0.987898010578629,-0.0737320005108642,-0.88368601340709
0.276,20.0695434628815,18.8534439583958,4.08563066090879,101.539790713017,-951.45924645695,-4764.27945687638,-151366.68340552,19034.1757594129,-6461331.10971282,6999723.21362915,469083513.737062,-14691012.369364,199903550657.891,29601340266.8849,0.0695434628814908,0.0695434963066223,0.999999519363661,-0.0187203455982752,-0.872499311521488
0.277,20.0731278711031,18.9526050733169,3.05743239524012,96.786194599108,-1105.97008551709,-4741.74663462304,-157560.155499922,26031.4870235685,-5892295.82064682,6999832.87139323,668987064.394953,14910327.8975209,199912168315.297,-30021051593.1921,0.07312787110315,0.0732240210272838,0.998686907345637,0.0358517608514198,-0.859779307936718
0.278,20.0756058187699,19.0470250249221,1.87172972306538,92.0586307178969,-1266.35656140959,-4712.21399698627,-163084.639093652,33033.7715503116,-5123352.67209421,6999732.67349415,868899232.71025,-15110723.6956712,199908563832.504,30429555796.3297,0.0756058187699367,0.0767621385729725,0.984936326364375,0.0897094377797693,-0.845571106343236
0.279,20.0768169834846,19.136733345842,0.523014820036339,87.3640998527641,-1431.84973077701,-4675.681609655,-167740.224055419,40031.0204545906,-4154499.15746771,6999836.72769665,1068807796.54275,15318832.1006585,199892149606.279,-30838232439.7439,0.0768169834845622,0.0800955458727074,0.9590668575584,0.142579000788006,-0.829922804046189
0.28,20.0765959528154,19.2217665684713,-0.993351239868526,82.7096007740905,-1601.48074093884,-4632.14940262423,-171327.003956347,47033.376892931,-2985745.28612181,6999736.44357743,1268699946.14903,-15519400.3390854,199850162738.282,31242751656.1968,0.0765959528154241,0.0831799141806818,0.920846740104154,0.194189340986791,-0.812885294885837
0.281,20.0747731931484,19.30216822501,-2.68093857908412,78.1021342963679,-1774.08084045711,-4581.61744229492,-173645.090908938,54030.5607616149,-1617120.25860364,6999838.41906644,1468550108.88731,15723351.3171114,199710141784.563,-31654755385.5459,0.0747731931484452,0.0859864376625542,0.869592870469709,0.244273369028877,-0.794512061599002
0.282,20.0711762184359,19.3779888474257,-4.54204863119975,73.5486991655403,-1948.28141188796,-4524.08566071336,-174494.651089468,61032.9850637757,-48715.0788240434,6999734.39269078,1668260250.67188,-15931404.0684345,-186882891734.648,32069734352.5064,0.0711762184359301,0.0884995146338662,0.804255466602221,0.292569518464879,-0.774858958528731
0.283,20.0656309582698,19.4492859674924,-6.5775175343259,69.0562962231969,-2122.53016392889,-4459.55412744832,-173740.383191578,68030.0987101577,1526103.72598051,6999837.8557986,1481377358.93723,16138330.2840719,-199718350087.063,-32501140928.3604,0.0656309582697503,0.0907145748662801,0.723488572442687,0.338823302121623,-0.753983985500905
0.284,20.057963294578,19.5161241167509,-8.78660347949254,64.6319241863339,-2295.2689206289,-4388.02277430275,-171506.87717781,75032.5888742769,2907621.90987421,6999725.61561849,1281659008.85017,-16362810.6442885,-199849034640.228,32943925710.2637,0.0579632945780162,0.0926360636239387,0.625709818730224,0.382788903126803,-0.731947053843474
0.285,20.0480006037125,19.5785748265462,-11.1670894980086,60.2825839201531,-2465.11670406008,-4309.4916770922,-167991.733935951,82029.6237388583,4089356.40140426,6999834.76782933,1081809974.20994,16581115.0659752,-199888110587.062,-33415729007.8607,0.04800060371252,0.0942755904179403,0.509151981968237,0.424230729871628,-0.70880974542734
0.286,20.0355731363675,19.6367166279833,-13.7154770999551,56.0152741064737,-2630.89178680423,-4223.96076477229,-163394.78723254,89032.1797760526,5071222.32032067,6999708.01839138,881921863.622876,-16834613.9418855,-199901294624.571,33910449472.8743,0.0355731363674749,0.0956502478532442,0.371908459892908,0.462924862840162,-0.684635065760613
0.287,20.0205151992822,19.6906350519654,-16.4271859957554,51.8369956307373,-2791.61230511995,-4131.43012382064,-157915.920862845,96029.1222290519,5853193.53663126,6999828.62918593,682020568.998306,17075835.5309888,-199898485514.792,-34454447650.4461,0.0205151992822117,0.0967811034513187,0.211975257055536,0.498660373671468,-0.659487192057931
0.288,20.0026661371027,19.7404226291419,-19.2967539773476,47.7547471305088,-2946.49628822321,-4031.89967690639,-151755.033455967,103031.746368062,6435264.86287217,6999677.24089169,482122083.483513,-17378612.1194573,-199870998772.196,35039747446.9135,0.00266613710268615,0.0976918649458712,0.0272912908783489,0.531240510935778,-0.633431217359995
0.289,19.9818711143518,19.7861788899487,-22.3180368153265,43.775529507549,-3094.96166352544,-3925.36952836376,-145112.019384482,110028.574260801,6817451.44696958,6999818.50249569,282251084.711317,17661135.3274562,-199714776726.568,-35711870494.1272,0.018128885648224,0.0984077173237043,0.184222194572307,0.560483748265756,-0.606532891648629
0.29,19.9579816975033,19.8280103645445,-25.4844081504643,39.9063413410145,-3236.62623678802,-3811.83958932376,-138186.728191278,117031.271352545,6999845.14331761,6999623.70257608,82536307.9847488,-18050735.166671,-165101453697.07,36459490501.8219,0.0420183024966931,0.0989543278008626,0.424623191632927,0.586224691055008,-0.578858361063981
0.291,19.9308562372318,19.8660305828539,-28.7889590473234,36.1541835430325,-3371.30616558354,-3691.30999543035,-131173.131802917,124027.946269288,6999830.72445382,6999802.71266032,-82565145.7123211,18408755.3351509,158285264261.037,-37377315602.6016,0.0691437627682063,0.0993570130343427,0.695912252759721,0.608314838533442,-0.550473906171674
0.292,19.9003600541045,19.9003600744836,-32.2246872615249,32.5260546100761,-3498.98654766251,-3563.78063706699,-124188.202773943,131030.723807016,6996408.21087202,6999522.81019417,75720118.5487157,-18968560.2674507,-144586423937.212,38714221148.1545,0.0996399255164384,0.0996400610095959,0.99999864017388,0.62662319986717,-0.521445680408483
0.293,19.8663654674825,19.9311263687716,-35.7845998924211,29.0289554543095,-3619.66995074559,-3429.25170018905,-117178.032241119,138027.214707267,6999835.11745213,6999911.3605008,-68866305.388496,19745660.8807038,135826244278.309,-199704837182.89,0.0688736312284419,0.0993601488224882,0.693171578793507,0.641036777902493,-0.491839449631684
0.294,19.8287517942172,19.9584639944617,-39.461693957645,25.6698831718964,-3733.3538837187,-3287.72955989293,-110189.992568981,145003.714758678,6998881.93420279,6919804.60279006,66959938.8898133,-179959176.302187,-132007157292.506,-199894186137.831,0.0415360055382905,0.0989630521502956,0.41971225256078,0.651460968876063,-0.461720333999116
0.295,19.7874053503137,19.9825144666874,-43.2489746673881,22.455799606066,-3840.03877562899,-3139.30426495333,-103179.631858216,151800.224075627,6999838.29444635,6639898.33341895,-65047218.4026932,-379853362.440018,128915239932.417,-199922493572.069,0.017485533312648,0.0984252384460737,0.177652943378219,0.657819889788188,-0.431152558046424
0.296,19.7422194509501,20.0034261874176,-47.1394382552375,19.3934846096285,-3939.72395807472,-2984.25573070863,-96190.8312996488,158216.875312231,6999248.69600986,6160083.7241929,63868021.5297238,-579775856.012086,-126555777125.754,-199929104815.189,0.00342618741760248,0.0977222161532469,0.0350604760357621,0.660056630520405,-0.400199239041524
0.297,19.6930944109024,20.0213541652021,-51.1260894809766,16.4893381737935,-4032.40979351348,-2823.06377322301,-89180.741222395,164053.749590949,6999838.82897671,5480343.31577322,-62687755.5960298,-779704960.827276,124473750703.719,-199925605295.794,0.0213541652021085,0.0968291829368877,0.220534394223144,0.658133430693161,-0.368922251463209
0.298,19.6399375443783,20.0364595353533,-55.201924580005,13.7491805121652,-4118.09587687438,-2656.40813303453,-82191.500646099,169110.919492092,6999387.94873254,4600675.55229804,61785995.1076893,-979630566.12307,-122674291410.443,-199911532847.331,0.0364595353532984,0.0957218171389209,0.380890547662553,0.652031780369759,-0.33738217537788
0.299,19.582663165262,20.0489088802058,-59.3599480904136,11.1780521342657,-4196.78249730907,-2485.16847717451,-75181.6654150477,173188.461172521,6999836.798135,3521089.21975131,-60888296.3027539,-1179542098.9704,121005068476.131,-199876353696.75,0.0489088802057722,0.0943772183706711,0.518227608846027,0.641752444789001,-0.305638328849289
0.3,19.5211925869659,20.0588733494499,-63.5931563096006,8.78001392265701,-4268.46935049658,-2310.42438992335,-68192.1052536514,176086.466617171,6999451.03607032,2241608.94393253,60116772.1733774,-1379418452.66715,-119471086689.298,-199761343568.405,0.0588733494499074,0.0927750014240443,0.634582037685093,0.627315412908818,-0.273748884043664
0.301,19.455454122609,20.0665275805498,-67.8945536282782,6.55794722708619,-4333.15668873211,-2133.45534529897,-61182.5076792759,177605.072777508,6999832.26489904,762309.819481176,-59354314.5159208,-1579179796.23556,117996832099.616,6449856866.73,0.0665275805498133,0.0908985458379219,0.731888282002183,0.608759770433239,-0.24177106635863
0.302,19.3853830848807,20.0720484195617,-72.2571364219287,4.51335572440318,-4390.84425613002,-1955.73204550039,-54192.6864329515,177578.867675016,6999476.36643293,-813645.048321015,58642517.5836958,-1572729939.36883,-116587478622.956,199756160393.642,0.0720484195617459,0.0887364013976966,0.811937586231845,0.586143497765291,-0.209761435457802
0.303,19.3109217861879,20.0756134590108,-76.6739089700048,2.64621363945278,-4441.53228843843,-1778.81379883274,-47183.3200541639,176012.15035041,6999825.14470515,-2286496.90749302,-57944961.03926,-1372973778.97518,115193763560.501,199870887990.229,0.0756134590108317,0.0862838477076392,0.876333879627592,0.559543194100681,-0.177776240327787
0.304,19.2320195385235,20.0773994946747,-81.1378677353716,0.954969291327264,-4485.2205536736,-1604.16539794558,-40193.268429385,173072.478368094,6999477.06544614,-3559535.24247309,57248802.5212413,-1173102890.98495,-113821358405.441,199905588563.796,0.0773994946747081,0.0835446036547557,0.92644517166612,0.529053728719639,-0.145871806618433
0.305,19.1486326535971,20.0775810688679,-85.6420169068935,-0.563300336715232,-4521.90928465978,-1433.05987494769,-33184.1371890791,168959.709278223,6999815.18876466,-4632685.33917614,-56572555.8842002,-973197302.421158,112429209734.756,199918859433.406,0.0775810688679393,0.0805326802236716,0.963348899508441,0.494787821241233,-0.114104888601576
0.306,19.060724442702,20.0763291976844,-90.1793530445628,-1.91269135514412,-4551.59825846338,-1266.57037793699,-26193.8700766341,163873.745097741,6999457.23774783,-5505923.2118806,55856653.8505561,-773278442.987751,-111023866581.753,199920993575.749,0.0763291976844336,0.077274367615971,0.987768648768055,0.45687555247174,-0.0825329460453632
0.307,18.9682652168386,20.0738102978514,-94.7428802596965,-3.09827306832772,-4574.28771647327,-1105.57014414428,-19184.9884897246,158014.502829963,6999801.95830751,-6179241.15808048,-55167212.7311974,-573357449.412002,109562623287.141,199911840057.625,0.0738102978513879,0.0738103451312944,0.999999359440652,0.415463808148087,-0.051214338934066
0.308,18.8712322865734,20.0701853134927,-99.325595222367,-4.1258880585451,-4589.97743341,-950.732491808262,-12194.5097005682,151581.901587186,6999416.05721989,-6652642.68746366,54395410.5559437,-373445609.354377,-108053349611.404,199877704087.917,0.0701853134927468,0.0701978996643311,0.999820704442091,0.370715657738603,-0.0202084393547924
0.309,18.7696099621616,20.0656090428107,-103.920501975254,-5.0019522679272,-4598.6676714031,-802.53082426203,-5185.90482967222,144775.849045727,6999784.79297013,-6926149.44477408,-53657939.0554599,-173567905.26646,106443468975.266,199666920631.587,0.0656090428106815,0.0665132361314816,0.986405813738897,0.322809671113802,0.0104243396853942
0.31,18.6633895533916,20.0602296646802,-108.520597316991,-5.73325509401221,-4600.35819168159,-661.238658467875,1804.79157193273,137796.193468424,6999348.5884023,-6999883.88972475,52785529.9198066,26099015.3651271,-104742606140.909,-51350856828.1238,0.0602296646801506,0.062853860537117,0.958249249377184,0.271939175730109,0.0406225984151047
0.311,18.5525693697113,20.0541884647735,-113.118885228247,-6.32676164352566,-4595.04929250239,-526.940196727453,8813.07582427145,130800.800610244,6999762.81525165,-6999460.30277368,-51957076.2211026,-25251841.4629967,102876940010.195,50173773949.2088,0.0541884647734889,0.0593410139039257,0.913170524204746,0.218311457617685,0.0703240868540309
0.312,18.4371547200494,20.0476197413801,-117.708362663271,-6.7894686507104,-4582.74070824403,-399.641244334925,15804.0062580809,123797.076682397,6999244.20903565,-6999625.25726207,50919863.7890929,24921932.4862122,-100858494686.92,-49557274794.7518,0.0476197413801138,0.0561221327899791,0.848501990441399,0.162146909237599,0.0994659152001682
0.313,18.3171579129525,20.0406507934412,-122.282033546511,-7.12837733547711,-4563.43279567474,-279.341891512194,22811.9006498966,116801.652845579,6999734.82548128,-6999481.96217323,-49938630.8978276,-24635342.3085397,98569403733.8356,49002892632.1118,0.0406507934411557,0.0533733097872821,0.761631489655941,0.103678127939431,0.127984798606784
0.314,18.192598256368,20.0334019203197,-126.832895028755,-7.3504855990087,-4537.12524365876,-166.042043750893,29803.0943938846,109798.020361024,6999080.89645037,-6999615.85816572,48630772.836008,24367550.3235721,-96024946780.3449,-48448744233.2288,0.0334019203197435,0.0513017251041128,0.651087663269744,0.0431489684386353,0.155817307526985
0.315,18.0635020578,20.025986421854,-131.35395098566,-7.46279462364704,-4503.8185047273,-59.7417887582415,36810.4865189563,102802.513487314,6999699.1958962,-6999472.67995876,-47394173.944337,-24081193.9096567,93008397815.8292,47927437230.359,0.0259864218540287,0.0501480182658252,0.518194392374182,-0.0191864465555593,0.182900118110291
0.316,17.9299026240315,20.0185105983094,-135.838198830282,-7.47230233842939,-4463.51219228948,39.5589718333264,43801.9900275163,95798.9881166057,6998809.22085978,-6999590.15525323,45614223.8714922,23846243.3207023,-89539293020.9901,-47384434118.8804,0.0185105983094438,0.05,0.370211966188876,-0.0830647538693829,0.209170261515704
0.317,17.7918402613095,20.0110737504383,-140.278642404922,-7.38600987217379,-4416.20692608476,131.860164894771,50808.6831448083,88803.4236773264,6999653.79822078,-6999436.12899197,-43925069.1494978,-23538190.7981781,85131191773.0283,46857419452.6851,0.0110737504382641,0.05,0.221475008765282,-0.148214411056262,0.234565371240637
0.318,17.6493622749598,20.0037681794449,-144.668279501253,-7.21091515840797,-4361.90218975271,217.161899868279,57800.5629404165,81800.0280228441,6998294.32495779,-6999545.61006381,41206122.6235305,23319228.654507,-79808666936.7929,-46284041546.1903,0.00376817944490426,0.05,0.0753635888980853,-0.21435678738714,0.259023927418991
0.319,17.502522969619,19.9966791870567,-149.000113975298,-6.9540192495291,-4300.59893732383,295.464113122469,64806.1588821966,74804.4280201832,6999596.11411293,-6999368.40218239,-38602544.3132625,-22964812.8916834,71986298727.2139,45715156792.1471,0.00332081294325093,0.05,0.0664162588650186,-0.2812072798,0.282485497209239
0.32,17.3513836486297,19.9898850755002,-153.267144242382,-6.62232005970447,-4232.29641471285,366.766934270945,71798.4514406074,67801.1964043536,6996986.71916327,-6999475.636678,33383754.4139515,22750343.9004638,-61690121787.0323,-45064531974.8656,0.0101149244997849,0.05,0.202298489995698,-0.348476449916329,0.304890970258433
0.321,17.1960126143221,19.9834571475892,-157.462374390016,-6.2228185341109,-4156.99647637534,431.070306892111,78801.8483500132,60805.5851842967,6999525.41268371,-6999257.55876497,-28306367.3730809,-22314188.0744018,-6236319691.23376,44409399804.7284,0.016542852410776,0.05,0.33085704821552,-0.415871176915316,0.326182788405478
0.322,17.0364851667377,19.9774597067128,-161.578804586049,-5.7625125372326,-4074.69984289353,488.374394657338,85786.1811923951,53802.5720981286,6968100.88546501,-6999367.04693701,-34542687.0643146,22095211.7303266,132100014859.67,-43612599703.1022,0.0225402932872498,0.05,0.450805865744996,-0.483095822640926,0.346305168651231
0.323,16.8728836001602,19.9719500569515,-165.609450326644,-5.2484028605052,-3985.42986420563,538.679148575632,92759.0274034713,46806.9838904396,6999608.20583053,-6999078.13505823,97557327.7953555,-21517387.9727756,-197029594368.028,42804130956.9958,0.028049943048547,0.05,0.56099886097094,-0.54985340457348,0.365204318621586
0.324,16.705297186929,19.9669785030811,-169.547331652805,-4.6874872728636,-3889.16298271104,581.98479067267,99774.5760074715,39804.2810832211,6998650.73644187,-6999193.45755251,-99472266.572673,21286742.9842203,-199347692288.509,-41737770616.638,0.0330214969189022,0.05,0.660429938378044,-0.61584677616584,0.382828643600087
0.325,16.5338221933855,19.9625883507368,-173.385446711631,-4.08676633475937,-3785.91396620029,618.291283743837,106690.265995246,32808.774702058,6799504.62372494,-6998775.59987661,-298819958.861182,-20451027.6324177,-199589418508.255,40657203409.6637,0.0374116492632197,0.05,0.748232985264394,-0.680779792196884,0.399128944440806
0.326,16.3585618519471,19.9588159064434,-177.11689640814,-3.45323763958061,-3675.88206744543,647.598956191493,113307.095736455,25806.5497889334,6400889.95560963,-6998898.02580419,-498409377.369437,20206175.777246,-199642295974.016,-39058529130.2438,0.0411840935566019,0.05,0.823681871132038,-0.744358484559278,0.414058605490535
0.327,16.1796261612942,19.9556904778669,-180.735080543468,-2.7939013750627,-3559.46591338973,669.907797224774,119425.507287384,18811.2450961628,5802659.43025318,-6998221.11459207,-698051673.343453,-18852353.3529978,-199632741381.564,37461634567.2653,0.0443095221330694,0.05,0.886190442661388,-0.806292294270206,0.42757377194207
0.328,15.9971314877284,19.9532343739004,-184.233897342402,-2.11575479881005,-3437.26373636367,685.218350606189,124845.868757402,11809.8414106555,5004791.38621895,-6998342.65066143,-897684414.725017,18609281.2142676,-199568836662.539,-34643681419.1669,0.0467656260996243,0.05,0.935312521992486,-0.866295365322568,0.43963351579619
0.329,15.8111999669377,19.9514629050931,-187.60794307908,-1.42579743125094,-3310.07340135047,693.530678751657,129368.556463482,4815.02945369796,4007322.55316266,-6997055.21015675,-1097253251.38756,-16034400.2048993,-199403915384.034,31905592712.0301,0.0485370949068837,0.05,0.970741898137675,-0.924087895422346,0.450199990005032
0.33,15.6219587061351,19.9503843838729,-190.852711695691,-0.731025815860859,-3178.89236764878,694.845837599938,132794.018405053,-2184.7253577759,2810367.34408309,-6997136.81400563,-1296657166.77159,15871192.5071308,-198864851217.914,-25388026937.5094,0.0496156161271202,0.05,0.992312322542404,-0.979397538159156,0.459238570004015
0.331,15.4295387866089,19.9500001254046,-193.964794344169,-0.038438080676013,-3044.91756113495,689.164131199455,134922.913023881,-9178.15791335089,1414277.75170254,-6993959.63496725,-1495522017.9895,-9516834.43037862,-4230401844.96882,18761631719.2316,0.0499998745954429,0.05,0.999997491908857,-1.03196085093832,0.46671798243685
0.332,15.234074067096,19.9503044482283,-196.942077084504,0.644971071439769,-2909.53693917162,676.488189064204,135588.724699614,-16173.7490269135,-83359.4672094476,-6994095.65353802,-1499752419.83447,9244797.28885294,198886846121.591,-5815247872.58349,0.0496955517717339,0.05,0.993911035434678,-1.0815247826908,0.472610420262279
0.333,15.0356998039677,19.9512846764177,-199.783894386864,1.31220704012108,-2774.23156599033,656.818690708075,134788.636830175,-23164.1914897858,-1483668.46398312,-6987758.48018545,-1300865573.71288,3429549.41626945,199431213249.947,149783156278.788,0.048715323582293,0.05,0.97430647164586,-1.12784818909029,0.4768916445075
0.334,14.8345511861876,19.9529211411846,-202.491031453322,1.95628039976176,-2640.39326468722,630.167432534611,132687.774114877,-30125.2713358833,-2684818.43107103,-6909437.35262979,-1101434360.46293,153212705.695057,199605831554.968,159575935277.941,0.0470788588153894,0.05,0.941577176307788,-1.17070333061567,0.479541071484824
0.335,14.6307619519621,19.9551871980273,-205.065572530407,2.57024133739852,-2509.22315527164,596.619626970665,129485.506142167,-36931.5063464526,-3686449.87575648,-6676436.67929576,-901828528.907965,312788640.972999,199687449568.23,120256473700.638,0.0448128019727321,0.05,0.896256039454641,-1.20987728180464,0.480541851511276
0.336,14.4244631879318,19.9580493185158,-207.510703253047,3.14729650674673,-2381.72285851177,556.407044411131,125381.423243551,-43431.5059596451,-4488434.67988033,-6303519.80147244,-702141079.339735,433045114.673637,199731117998.793,-56053089031.7001,0.0419506814841739,0.05,0.839013629683478,-1.24517320662615,0.479880962138552
0.337,14.2157823275615,19.9614673208446,-209.830511063836,3.68095478798183,-2258.69435399146,509.893617191152,120575.206543667,-49527.845385286,-5090710.20022067,-5898501.23131465,-502409961.340942,376992025.641937,199754775678.25,-73169393181.7533,0.0385326791553524,0.05,0.770653583107048,-1.27641148871722,0.477549340761615
0.338,14.0048423491661,19.9653947250694,-212.029785535381,4.16511649719791,-2140.73991442581,457.476304469766,115266.583825389,-55250.0455026433,-5493242.77372249,-5558093.90226359,-302655185.662692,303822632.460184,199765592461.435,121326149001.105,0.034605274930577,0.05,0.692105498611539,-1.30343071222202,0.47354205042671
0.339,13.7917611736411,19.9697791424911,-214.113818644276,4.59405510026024,-2028.26207095187,399.50290437761,109655.307724246,-60636.0070638433,-5696015.16315446,-5193608.19530285,-102889593.201257,425148781.461289,199766436563.939,174113455866.609,0.0302208575089438,0.05,0.604417150178875,-1.32608848971465,0.467858442411764
0.34,13.576651261932,19.9745626304267,-216.088205019572,4.96239356521807,-1921.46359547321,336.348206073686,103941.142170585,-65588.0219591044,-5699021.53807375,-4681402.68590826,96876843.3626814,599262237.327897,199757816888.231,185840362956.115,0.0254373695732788,0.05,0.508747391465576,-1.34426213431221,0.460502287853895
0.341,13.3596194122639,19.9796820769515,-217.958642179699,5.2651940444608,-1820.34749468874,268.527103159639,98323.8520236735,-69938.8201325227,-5502265.78626695,-3989220.26710231,296634660.250912,785102600.284012,199738246358.381,189873984067.265,0.020317923048502,0.05,0.40635846097004,-1.35784917371291,0.451481903448365
0.342,13.1407667571338,19.9850697186662,-219.730730768411,5.49812116240121,-1724.71701402122,196.732434742948,93003.1932752584,-73503.8434354718,-5105762.00283685,-3109180.67478466,496372906.609293,974976584.351277,199703506351.066,191103851977.358,0.0149302813337577,0.05,0.298605626675155,-1.3667677045274,0.440810311354227
0.343,12.9201889600643,19.9906538342465,-221.409774799728,5.65762569520374,-1634.17565195018,121.844459727975,88178.9016434514,-76093.6851760846,-4509537.34305202,-2038652.1644447,696076412.96036,1166080436.32863,199644005188.809,190170346197.063,0.0093461657535272,0.05,0.186923315070544,-1.37095658590918,0.428505449438712
0.344,12.6979766121028,19.9963596249283,-223.00058192353,5.74113370842066,-1548.12718774255,44.9337189734813,84050.6765077444,-77517.6020646655,-3713638.92749725,-777486.555017535,895720418.149168,1356250782.5257,199536354124.666,183141386987.834,0.00364037507169712,0.05,0.0728075014339424,-1.37037547213006,0.414590435301443
0.345,12.474215828038,20.0021102850571,-224.507263728353,5.7472370818968,-1465.77572994744,-32.7389536804808,80818.1538483425,-77586.4396639222,-2718150.33228575,670334.92100208,1095256772.27383,1539392169.51353,199309316804.064,-157801454435.325,0.00211028505705002,0.05,0.0422057011410004,-1.36500468438757,0.399093884134526
0.346,12.2489890422847,20.0078282621285,-225.933036109821,5.67587945719947,-1386.12580391499,-109.740235582918,78680.850121661,-76172.7089005693,-1523238.90160988,2130826.36329795,1294566089.0779,1381590715.07821,198605775891.274,-192537950008.421,0.00782826212854815,0.05,0.156565242570963,-1.35484492277302,0.382050278805364
0.347,12.0223760043435,20.0134366760468,-227.280019766524,5.52846396669036,-1307.98253698863,-184.625288597242,77837.9952272386,-73383.1768380669,-129369.924586349,3416148.10337195,1493171864.96917,1189052765.06979,7253382073.59293,-196270040160.981,0.0134366760467515,0.05,0.268733520935029,-1.33991681997271,0.363500378631774
0.348,11.7944549733705,20.0188607488153,-228.549042591614,5.30776435597286,-1229.96006252194,-256.110393841118,78456.4201321491,-69405.2140255203,1367428.63141962,4507065.84836124,1500425247.04276,992782724.908804,-198485904979.185,-197547260762.838,0.0188607488153458,0.05,0.377214976306917,-1.32026033904295,0.343491606487708
0.349,11.5653040960217,20.024029086232,-229.739485675628,5.01774225248007,-1150.57812744561,-323.104842290838,80540.9804029269,-64434.6813581651,2768610.92597279,5401074.94288862,1301939342.06358,795235464.145966,-199181418854.69,-198094327327.128,0.0240290862319625,0.05,0.480581724639251,-1.29593402426859,0.322078350331183
0.35,11.3350028707107,20.0288747683464,-230.849279290091,4.66335173269225,-1068.44415091514,-384.71470086384,83927.364096789,-58669.0044044247,3970959.55860903,6097263.24337103,1102757923.20889,597141136.818838,-199391746880.482,-198275403938.946,0.0288747683463519,0.05,0.577495366927039,-1.26701414661561,0.29932216114372
0.351,11.1036335316085,20.0333362433146,-231.875053645715,4.25034196875242,-982.355822041297,-440.24381159894,88416.4706591891,-52306.2164933007,4974021.60837768,6595266.67822039,903366176.328408,398865732.879891,-199469888755.344,-198082139439.088,0.0333362433146398,0.05,0.666724866292796,-1.23359381310379,0.275291844645874
0.352,10.8712822506321,20.0373580235264,-232.812336250818,3.78505922874091,-891.310090793896,-489.194170553461,93808.9303742717,-45544.5306385469,5777652.84032841,6895091.34138074,703896287.573064,200783593.440803,-199475996216.007,-196519219574.362,0.0373580235263944,0.05,0.747160470527888,-1.19578208379879,0.250063446251461
0.353,10.6380401404819,20.0408911836105,-233.655751267572,3.2742487030813,-794.503329451373,-531.265879889893,99905.2853590173,-38581.8007037081,6381811.12979347,6997615.32503436,504420291.357057,4264373.86644151,-199401825928.616,-6039430045.05043,0.0408911836104728,0.05,0.817823672209457,-1.15370310655867,0.223720129432408
0.354,10.4040040582659,20.0438936606679,-234.399218963326,2.72485831941406,-691.331376888314,-566.348413845025,106506.072996835,-31583.0597634147,6786530.50818622,6998859.98387827,305018465.428441,-1775056.17860892,-199124392147.21,-25983897701.4336,0.0438936606679476,0.05,0.877873213358953,-1.107495273083,0.196351948378661
0.355,10.1692772096637,20.0463303725054,-235.036155165565,2.14388456185815,-581.389499076154,-594.433422121601,113411.925339044,-24589.4179572427,6991986.77754106,6984092.97884895,105894073.281231,-27758953.8800425,-197123933619.729,85667568145.0876,0.0463303725054374,0.05,0.926607450108747,-1.05731039955597,0.168055522335613
0.356,9.93396955367756,20.0481732330114,-235.559670601288,1.53832000352772,-464.47214483336,-615.531850599726,120424.005164289,-17604.9265273096,6999318.88401242,6999167.80904145,-91229860.3384982,57908614.2650452,130526307385.777,-121999680113.1,0.0481732330114362,0.05,0.963464660228723,-1.00331293503279,0.138933644348854
0.357,9.6981980087307,20.0494011448804,-235.962766903917,0.915153613827444,-340.558246607647,-629.632625106809,127399.463502696,-10597.1376911544,6973352.17736681,6996076.58324994,39296447.0472789,-64091065.8480551,-27981424241.1702,134867037682.605,0.0494011448803633,0.05,0.988022897607266,-0.945679200320072,0.109094857731754
0.358,9.46208648679235,20.0500000071484,-236.238461789237,0.281386886069836,-209.666723501103,-636.736786890743,134387.80033288,-3610.62880121475,6998657.9122935,6999419.03624319,11315022.8061086,70775971.8345498,-51437549216.9159,-145164612585.323,0.0500000071484372,0.05,1.00000014296874,-0.884596649751148,0.0786530167702168
0.359,9.22576588124168,20.0499627159002,-236.379768126773,-0.355986906088419,-71.7798516061591,-636.841958704055,141383.542831707,3399.98411884816,6984254.16049115,6997612.70178507,-40122526.4108073,-74388640.7507735,109370715225.5,152721941591.839,0.0499627159002394,0.05,0.999254318004787,-0.820263109152796,0.0477268249014454
0.36,8.98937407794105,20.0492891658382,-236.379692924953,-0.98996443079327,73.0936883311928,-629.949202926873,148365.96418153,10385.8561571898,6998816.9916931,6999585.03183022,69248188.8146932,78333300.8410652,-137530174573.109,-159654919872.361,0.0492891658382213,0.05,0.985783316764426,-0.752885965699553,0.0164393552823758
0.361,8.75305595152438,20.0479862498624,-236.231248045776,-1.61355217470637,224.964871949432,-616.057150991956,155376.483571869,17397.9986861285,6999300.09322123,6998090.8727351,-68281985.7584161,-81321619.0312958,-198667741665.249,165844278032.236,0.0479862498624009,0.05,0.959724997248017,-0.682681327942414,-0.0150824454501162
0.362,8.51696337278774,20.0460678599184,-235.927432882672,-2.21974598424162,383.821347414382,-595.16675029438,162308.531381933,24383.0694623533,6831684.23663019,6999691.39271992,-266949727.423665,84522659.0009405,-199440744250.589,-176374863685.399,0.046067859918427,0.05,0.92135719836854,-0.609873149191765,-0.0467082669371495
0.363,8.2812551841526,20.0435548865171,-235.461331440439,-2.80155253258577,549.492919262382,-567.277096978487,168973.50063081,31395.6263739595,6465014.13708123,6996026.61987817,-466390471.674254,-91852204.6844586,-199588597821.589,191346064274.895,0.0435548865171427,0.05,0.871097730342854,-0.534692334774852,-0.078304957362395
0.364,8.04609702663369,20.0404752190419,-234.826295364679,-3.35196804456529,721.612879024878,-532.390793242691,175172.05476575,38377.6179022079,5898829.36649618,6999847.44733115,-665979069.495843,99493859.5904363,-199629716649.674,-199015651387.316,0.0404752190419018,0.05,0.809504380838035,-0.457375882669347,-0.10973705529084
0.365,7.81166097300845,20.0368637440834,-234.016142732753,-3.86400090050194,899.615034057433,-490.504961625693,180704.622978057,45394.0430041031,5133035.4386755,6999833.48122793,-865608786.145517,-99521791.7968802,-199619897273.807,-199837169687.266,0.0368637440833766,0.05,0.737274881667531,-0.378166078667622,-0.140867330057903
0.366,7.57812496161571,20.0327623469287,-233.025357611832,-4.33064801376311,1082.73358912808,-441.635915395013,185371.584040781,52310.8093944847,4167616.70389308,6800393.10458742,-1065228683.41932,-299358961.484146,-199558332079.932,-199916278537.389,0.032762346928731,0.05,0.655246938574621,-0.297309751302657,-0.171557326527834
0.367,7.34567203055908,20.0282198800029,-231.849289675414,-4.74500926486917,1270.0031284764,-385.983132453421,188973.326680951,58928.2036385738,3002608.85443379,6401076.00383458,-1264787015.49925,-499275240.021535,-199395024503.443,-199934820393.066,0.0282198800029008,0.05,0.564397600058015,-0.215057589410815,-0.201667926350341
0.368,7.11448935229422,20.0232919628123,-230.484353809872,-5.10048391876117,1460.25865362263,-323.94593397045,191310.309523551,65046.3195523321,1638124.32668282,5801833.35361651,-1464182040.0027,-699210060.4146,-198836844241.587,-199938868050.087,0.0232919628122659,0.05,0.465839256245317,-0.131663524872318,-0.231059976842874
0.369,6.88476706864025,20.0180405826184,-228.928229645325,-5.3909705206396,1652.13571010102,-256.123563537547,192183.203356192,70465.2247310664,74523.8645593244,5002653.85917686,-1663018884.24428,-899148928.464688,179289499885.443,-199933751367.838,0.0180405826183936,0.05,0.360811652367872,-0.0473841827829795,-0.259594996973798
0.37,6.65669692687955,20.0125334951934,-227.180057711277,-5.6110668268217,1844.08647597128,-183.31520060461,191456.099361944,74984.9818341162,-1498850.26974224,4003538.05502825,-1483729384.35884,-1099082679.83253,198977254560.679,-199914832851.871,0.01253349519342,0.05,0.250669903868399,0.0375215992070139,-0.287135957725662
0.371,6.430470747216,20.0068434256407,-225.240553157917,-5.75626974123535,2034.55415268656,-106.519959974321,189248.547275782,78405.6594104196,-2883091.02682074,2804497.95876979,-1284752129.79816,-1298997512.6844,199456874287.898,-199848157565.318,0.00684342564067464,0.05,0.136868512813493,0.122793192604897,-0.313548133582498
0.372,6.20627888200094,20.0010470692809,-223.111907115961,-5.82317524547567,2222.15533979706,-26.9368781765288,185756.322996444,80527.3505865863,-4068114.71947495,1405576.36730274,-1085295255.51026,-1498845670.24971,199605534960.899,-154561670254.484,0.00104706928089371,0.05,0.0209413856178742,0.208168602560697,-0.338700021606197
0.373,5.98430883367037,19.9952238926821,-220.797595191042,-5.80967792554787,2405.70503978847,54.0370129124066,181178.828238374,81157.7438403884,-5053607.20750477,-170550.138074221,-885689720.549364,-1653407340.5042,199660533587.326,199865646114.985,0.00477610731794442,0.05,0.0955221463588884,0.293384959236517,-0.362464324278965
0.374,5.76474406980018,19.9894547389465,-218.302178244903,-5.71515769216375,2584.21776865857,134.842241528929,175715.652926192,80193.8009730812,-5839466.66126047,-1724024.65552093,-686029186.962037,-1453541694.38921,199660987892.39,199934023250.613,0.0105452610534549,0.05,0.210905221069098,0.378179089087487,-0.384718990455251
0.375,5.54776303763105,19.9838202843391,-215.631102814933,-5.54056478571128,2756.90766926413,213.940103809487,169566.448502766,77776.3278075741,-6425665.35427631,-3077599.33828483,-486368199.069647,-1253607671.1386,199585712219.739,199955244111.233,0.0161797156608792,0.05,0.323594313217583,0.462288164528564,-0.405348291607708
0.376,5.33353837821358,19.9783995139243,-212.79050146777,-5.28830001858031,2923.18853979459,289.977028804567,162930.863334325,74105.2505077386,-6812240.69723608,-4231229.38736782,-286782486.849908,-1053652427.02737,199164449934.629,199964376080.318,0.0216004860757053,0.05,0.432009721514106,0.545450429289067,-0.424243862940499
0.377,5.12223634020299,19.9732683684913,-209.786993159325,-4.96201780523443,3082.6737842179,361.799387729787,156008.425468653,69380.5223028704,-6999440.95911868,-5184899.62635502,-87618036.9152795,-853688050.947049,174946293258.121,199967996870.495,0.0267316315087314,0.05,0.534632630174627,0.627405996417407,-0.441305645344879
0.378,4.91401639320948,19.9684985909265,-206.627483928731,-4.56642621022641,3235.17517562973,428.453510877525,148994.33320662,63802.1066505203,-6999585.84940489,-5938603.67886683,87328256.3428417,-653720054.076554,-149303539083.913,199967327712.591,0.0315014090735346,0.05,0.630028181470692,0.707897715571235,-0.456442713638604
0.379,4.70903103812839,19.9641567725444,-203.318975789659,-4.10708698524463,3380.67804964024,489.185694318254,142013.527562205,57569.9708325673,-6986909.36260401,-6492340.06908709,-61975282.7410712,-453752726.363963,98554783603.8683,199959522684.357,0.0358432274556328,0.05,0.716864549112657,0.78667210498464,-0.469573987908873
0.38,4.50742577878401,19.9603035993837,-199.868457222145,-3.59021560222251,3519.19189975667,543.442201308662,135012.056355498,50884.0809874123,-6999607.25354315,-6846113.03410887,36579500.8627972,-253793203.679606,-70287858561.6172,199916003028.299,0.0396964006163003,0.05,0.793928012326006,0.863480330211576,-0.48062882544561
0.381,4.30933912807804,19.9569932984703,-196.282924957005,-3.02248128800929,3650.7073204081,590.869256745199,128019.024209293,43944.3906853016,-6998171.68196116,-6999948.23627433,-33708357.69882,-53877200.651307,64459057023.8991,107727435545.804,0.0430067015296984,0.05,0.860134030593969,0.938079175684383,-0.489547491231155
0.382,4.11490260150341,19.9542732839119,-192.569375353796,-2.41080784111555,3775.22432651084,631.30918242207,121014.741524653,36935.4584212926,-6999650.51114803,-6999961.71915273,30750699.3250791,53850234.8944971,-60186542517.5199,-93558250299.4928,0.0457267160880868,0.05,0.914534321761735,1.01023198670985,-0.496281505489885
0.383,3.92424071595702,19.9521839952255,-188.734809485217,-1.76219612566166,3892.74186012387,664.749736762506,114020.435272748,29946.8287778706,-6998993.08308171,-6992890.60940798,-29435843.1924409,-39708015.4049957,57480991217.5035,65261559869.8158,0.0478160047745142,0.05,0.956320095490284,1.07970958532731,-0.500793870233781
0.384,3.73747098901757,19.9507588734956,-184.786224653789,-1.08363956693276,4003.26028792251,691.196221464766,107016.304433273,22944.9610874051,-6999688.43066539,-6999967.84487807,28045148.0250627,25553544.4648201,-55333315848.4482,-50822092551.5982,0.0492411265043664,0.05,0.984822530087328,1.14629115458242,-0.503059195663806
0.385,3.55470393906165,19.9500243646767,-180.730622120951,-0.382136885018193,4106.77911677696,710.64333996662,100021.416357312,15949.2996660008,-6999309.94056456,-6999825.34668904,-27288167.8233855,-25268548.0867781,53755708596.0832,50241664535.8519,0.0499756353233494,0.05,0.999512706466987,1.20976508795447,-0.503063769808089
0.386,3.37604308494449,19.949999915878,-176.574999536695,0.335313833048014,4203.29856995721,723.090608937284,93017.4216176017,8945.21365602434,-6999720.2540899,-6999973.0625079,26467540.7726977,24973116.4490738,-52447560485.6477,-49838041935.843,0.0500000841219546,0.05,1.00000168243909,1.26992980017774,-0.500805584719444
0.387,3.20158494608909,19.9506979743579,-172.32635821022,1.06171101186573,4292.81835738955,728.537921663049,86022.1938738172,1949.42081141834,-6999476.49356002,-6999918.96702674,-25980019.71295,-24864925.4867692,51419808006.7927,49613068555.7873,0.0493020256421488,0.05,0.986040512842976,1.32659449668742,-0.496294315408694
0.388,3.03141904229994,19.9521239874324,-167.991695989312,1.79005636817699,4375.3386255053,726.985306047896,79018.2973384019,-5054.66177359249,-6999746.60926958,-6999977.35823562,25439788.2938427,24748143.0690181,-50542055294.0197,-49440724051.4044,0.0478760125675777,0.05,0.957520251351553,1.37957989849448,-0.489551252419016
0.389,2.86562789382529,19.9542764024818,-163.578014200765,2.51334829961165,4450.85918358481,718.432720255528,72022.8469473969,-12050.5051809688,-6999577.84862274,-6999949.5771923,-25102267.0001769,-24692580.9823863,49823734174.2242,49322859265.3145,0.0457235975181618,0.05,0.914471950363236,1.428718919948,-0.480609188749585
0.39,2.70428702123508,19.9571466669222,-159.092310820744,3.22458849118011,4519.38013388565,702.880179974936,65019.0219209697,-19054.5805721081,-6999768.24853581,-6999980.72854203,24721467.1740473,24630278.2829282,-49196262144.2216,-49227135915.7215,0.0428533330777867,0.05,0.857066661555734,1.47385729666376,-0.469512261736789
0.391,2.54746494546561,19.960719228211,-154.541587183847,3.9167753334497,4580.90134208263,680.327662954274,58023.4150289969,-26050.4506841613,-6999644.91243387,-6999964.01821696,-24474794.9701743,-24596857.6327933,48667695714.1965,49155155816.2436,0.0392807717890307,0.05,0.785615435780613,1.51485416140496,-0.456315750606003
0.392,2.39522318773374,19.9649715338322,-149.932841355955,4.58291049514942,4635.42288334357,650.775178916224,51019.644001697,-33054.5206052253,-6999785.85954695,-6999983.29794163,24192900.7440222,24558298.1834503,-48197296324.7923,-49094130850.5599,0.0350284661677556,0.05,0.700569323355111,1.55158256566117,-0.441085830621284
0.393,2.24761626957038,19.9698740313006,-145.273074675193,5.21599236402471,4682.94465834494,614.22271412294,44023.9217098013,-40050.407109217,-6999691.60696532,-6999972.06518346,-24004395.5807701,-24535832.6671096,47791978804.4103,49045342439.3069,0.0301259686994229,0.05,0.602519373988457,1.58392994510201,-0.423899284898609
0.394,2.10469171275717,19.975390168152,-140.569285273178,5.809022598967,4723.46672485111,570.670275231622,37020.1932348463,-47054.4728669941,-6999800.01314388,-6999985.22663092,23787583.2236403,24509509.7721973,-47425327287.5231,-49002510284.2969,0.0246098318480357,0.05,0.492196636960713,1.61179852712898,-0.404843175134379
0.395,1.96649003935265,19.9814763919465,-135.828474489107,6.35499958643601,4756.98900662128,520.117852898346,30024.3827920996,-54050.3704237863,-6999725.093564,-6999976.97200087,-23637744.0638829,-24493000.5120996,47103367167.6461,48966642845.0022,0.0185236080534636,0.0500416390433472,0.370163895659334,1.63510567913548,-0.384014472643225
0.396,1.83304477164388,19.9880821502625,-131.057640504316,6.84692497880746,4783.51154988289,462.565452098592,23020.6893876983,-61054.4327889024,-6999811.15404406,-6999986.65109046,23465623.1037632,24473642.3329026,-46807710019.7833,-48934180236.4028,0.0119178497374541,0.0509871053341412,0.233742426822452,1.65378419618887,-0.361519651264455
0.397,1.70438243216781,19.9951498906985,-126.263784657262,7.27779716202002,4803.0342943095,398.013066000357,16024.8097602028,-68050.3383155325,-6999749.38595019,-6999980.09887576,-23342086.9160201,-24460537.9035002,46543737995.8167,48905930632.8317,0.00485010930152896,0.0529541911868196,0.0915906596404811,1.66778252720712,-0.337474243833405
0.398,1.58052254367323,20.0026150608687,-121.453905167692,7.64061778387314,4815.55727835132,326.460698626179,9021.14662046059,-75054.3976949212,-6999819.6038683,-6999987.67146285,23201651.0797966,24445392.7293316,-46297793434.7217,-48879624460.2309,0.00261506086868124,0.0556759024413539,0.0469693485693529,1.67706493884453,-0.312002364060525
0.399,1.46147762913905,20.0104061084053,-116.635003371711,7.92838523026777,4821.08045303697,247.908344676629,2025.2115432264,-82050.3092740961,-6999766.84950586,-6999982.09096363,-23096142.3549251,-24434231.7308994,46074852915.5221,48855939594.1383,0.0104061084052596,0.0589230515982729,0.176605048839062,1.68161161664008,-0.285236195787193
0.4,1.34725321174368,20.0184444809546,-111.814077519093,8.13410114566537,4819.60385158392,162.356007649245,-4978.42423530434,-89054.3658243261,-6999825.56540302,-6999988.35289746,22978710.560597,24421707.863239,-45864111284.1294,-48833244275.9089,0.018444480954642,0.0625014227681081,0.295104977419065,1.6814187031481,-0.257315451715159
0.401,1.2378478148814,20.0266446261793,-106.998128941975,8.25076391630442,4811.12743334637,69.8036832146027,-11974.4044639744,-96050.282197338,-6999778.91048449,-6999983.26717217,-22885400.7235324,-24411536.4126699,45670323606.0553,48812150848.4122,0.0266446261793334,0.0662488997845894,0.402189715843876,1.67649827309456,-0.228386803818302
0.402,1.13325296213729,20.0349139917553,-102.194155913652,8.27137518416307,4795.65122812385,-29.7486253661047,-18978.0143542197,-103054.335874242,-6999829.149405,-6999988.72816064,22784922.8825229,24400614.4357423,-45484419753.7989,-48791300867.4402,0.0349139917552677,0.0700325900009753,0.498539205172641,1.66687824578263,-0.198603287753942
0.403,1.03345317730246,20.0431530253735,-97.4091597605616,8.18893333616991,4773.17520149792,-136.300921806224,-25974.031778809,-110050.256178662,-6999786.43639937,-6999983.76415861,-22699496.871276,-24390686.431698,45311157122.979,48771308927.015,0.0431530253734778,0.0737459738255941,0.585157712820129,1.65260223527984,-0.168123683685734
0.404,0.93842598435335,20.0512551747379,-92.6501387742452,7.99644001246264,4743.69938121631,-249.853202843499,-32977.6161041236,-117054.306734549,-6999830.35470916,-6999988.7961268,22611660.251703,24380622.495317,-45142263270.8533,-48750809197.2989,0.051255174737868,0.0773061074714594,0.663015852360577,1.63372933910618,-0.137111876018515
0.405,0.848141907466497,20.0591068875671,-87.9240942735064,7.68689360105504,4707.22373761724,-370.405471822745,-39973.664339252,-124050.230354294,-6999789.82609288,-6999983.57823014,-22530603.0191503,-24370186.7019819,44982843645.3243,48730507582.0301,0.0591068875670615,0.0806509037038859,0.732873220913625,1.61033386643594,-0.105736194621211
0.406,0.762564471001221,20.0665876115924,-83.2380245636145,7.25329574078856,4663.74829754959,-497.957725226122,-46977.2223262469,-131054.277274612,-6999829.00728937,-6999988.5111411,22452240.626174,24360320.8800482,-44824564227.1941,-48708679710.0006,0.066587611592432,0.0837365126170292,0.795204021655069,1.58250500701224,-0.0741687401813064
0.407,0.681650199514631,20.0735697945602,-78.5989309534239,6.68864482128098,4613.27303506963,-632.509966231146,-53973.2959739277,-138050.203738598,-6999789.04877679,-6999982.53011605,-22372323.6010201,-24348358.8299524,44673345526.2239,48669268384.1348,0.0735697945602212,0.0865348216626081,0.85017560730712,1.55034644225123,-0.0425846963894961
0.408,0.605348617747146,20.0799188842299,-74.0138117577517,5.9859424804878,4555.79797724011,-774.062191408424,-60976.8256269173,-145054.248903398,-6999824.6996147,-6999996.25475394,22301021.9252038,24320909.5541824,-44519824891.059,199988947685.769,0.0799188842298513,0.0890310913379342,0.897651405018772,1.51397590019165,-0.0111616316990744
0.409,0.533602250638389,20.0854933287204,-69.4896682725643,5.13818917853101,4491.32310110767,-922.604052081454,-67972.9197863846,-152008.753212094,-6999783.59013502,-6875680.87135687,-22218802.9658552,224309857.239952,44371456558.101,199995943255.037,0.0854933287204105,0.0912217401233854,0.937203440811075,1.47352465620648,0.0199212066978625
0.41,0.466346623315235,20.090144596741,-65.0334988179695,4.13844581590853,4419.84843520308,-1078.00492758872,-74976.4175352429,-158738.946497622,-6999816.66482183,-6551373.0424894,22152653.5922458,424305800.494989,-44216452720.2224,199997070676.043,0.0901445967410162,0.0931122894846692,0.968127808261641,1.4291369815599,0.0504836115825688
0.411,0.403510261109444,20.0937173144418,-60.652304673088,2.97999886561453,4341.37395909216,-1239.94050976289,-81972.5272820553,-165044.833794751,-6999772.23758969,-6027068.70665639,-22063799.1279766,624302871.171031,44065049375.6136,199997371448.745,0.0937173144418288,0.0947154770305446,0.989461462687943,1.38096954213463,0.0803451823773127
0.412,0.345014689548182,20.0960495899327,-56.3530841584594,1.65655910676755,4255.89970443518,-1407.88649420863,-88975.987244313,-170726.41817058,-6999803.51202986,-5302767.14976098,22001250.247637,824300242.619777,-43900645684.7762,199997298061.156,0.0960495899326901,0.0960495432810209,1.00000048570423,1.32919074980441,0.109326164623813
0.413,0.290774434374623,20.0969735375876,-52.142838530685,0.16246162143626,4163.42565311632,-1581.11857935957,-95972.1069054999,-175583.702316021,-6999752.58462461,-4378468.25811063,-21899395.4371392,1024297540.68093,43738203691.6638,199996854263.31,0.0969735375876333,0.0971366949622602,0.998320332242205,1.27398006914755,0.137248363555131
0.414,0.240697021541241,20.0963160023464,-48.0285661044419,-1.50713420808636,4063.95184244442,-1758.7124663456,-102975.519487228,-179416.688994748,-6999782.87821592,-3254172.29029804,21838808.2545247,1224294394.94424,-43553606245.4067,199995696249.698,0.0963160023464162,0.0980017453366075,0.98279884726133,1.21552728232581,0.163936128057351
0.415,0.194682977235319,20.0938994840134,-44.0172681052172,-3.35604470208046,3957.47825658587,-1939.54385926567,-109971.641895691,-182025.381471532,-6999720.8730841,-1929880.04722894,-21714797.990882,1424290091.19394,43368685065.3288,199991868253.15,0.0938994840133702,0.0986709298064393,0.951642841489088,1.15403171515244,0.189217400966051
0.416,0.152625827875653,20.0895432615533,-40.1159428331023,-5.38686188673706,3844.00494214918,-2122.28846608444,-116974.992053593,-183209.784495122,-6999751.32854231,-405594.021908429,21653887.0744468,1624281959.44709,-43146564448.8194,-95657090112.3361,0.0895432615532563,0.0991708929277481,0.902918778985825,1.08970142747561,0.212924831391104
0.417,0.114412100145834,20.0830647169725,-36.3315914695107,-7.60075596280015,3723.53188563898,-2305.43431964269,-123971.107532673,-182819.180385659,-6999670.72369227,1170859.39248249,-21492677.3743726,1528624869.33475,42922119559.2178,-199992048879.356,0.0830647169724656,0.0995278410391476,0.834587750575174,1.02275237118122,0.234896944367364
0.418,0.0799213209954492,20.074280835233,-32.6712122872692,-9.99734270330111,3596.05914905321,-2487.42163252259,-130974.370908459,-180917.340566655,-6999702.34128704,2599488.23737757,21429442.1848452,1328632820.4554,-43225273906.9108,-199995884429.322,0.0742808352330186,0.0997668529774918,0.744544235045451,0.953407519190704,0.254979353787738
0.419,0.0490260176851679,20.0630097479295,-29.1418064080443,-12.574736064999,3461.58669749473,-2666.826123329,-137970.562740971,-177686.868566455,-6999885.53605565,3828123.1156183,-21795831.7220656,1128636936.02608,199683163106.43,-199997057476.657,0.0630097479295415,0.0999113398159339,0.630656620616078,0.881895968987211,0.27302596158383
0.42,0.0215917179658892,20.0490721529575,-25.7503708836427,-15.3297222421951,3320.12087947891,-2842.41915739237,-144948.065665703,-173327.759825736,-6921839.7862245,4856761.52290605,177887331.384364,928639878.549418,199876886081.393,-199997526552.088,0.0490721529574536,0.0999826432406762,0.490806717715275,0.80845202430563,0.288900072340204
0.421,-0.00252303713894823,20.0322925430025,-22.5038685993482,-18.2579587925643,3171.74987001224,-3013.17209637384,-151747.648971889,-168040.011284648,-6644014.01179943,5685402.63817942,377764217.465758,728642351.99733,199908038125.592,-199997642247.71,0.0323909562991881,0.1,0.323909562991881,0.733314263576507,0.302475392693094
0.422,-0.0234665954863509,20.0125002341793,-19.4090824834145,-21.3541746340231,3016.75150423895,-3178.25629918249,-158169.462868601,-162023.620410844,-6166295.77527088,6314046.1690529,577672255.59135,528644709.749619,199914901102.063,-199997417277.125,0.026588286109801,0.1,0.26588286109801,0.656724627398414,0.313636908446722
0.423,-0.0413939156321863,19.9895301946718,-16.4724176909376,-24.6123700421651,2855.60350197952,-3337.0431222829,-164013.603365893,-155478.584789796,-5488666.0691285,6742692.17016395,777587156.693413,328647292.472494,199909904879.986,-199996447191.678,0.0413939156321863,0.0999959037149497,0.41395611314424,0.578927566132496,0.322281636199465
0.424,-0.056466089109569,19.9632236733775,-13.6997017029384,-28.0260166478144,2688.98349301789,-3489.10391962417,-169080.157539195,-148604.901714594,-4611123.95999509,6971341.23904061,977497061.573399,128650845.280817,199892052232.598,-199989510356.843,0.056466089109569,0.0999499030664502,0.564943910671212,0.50016925839476,0.328319246832128
0.425,-0.0688496627989833,19.9334286285531,-11.0959844145388,-31.5882574342167,2517.76901851113,-3634.21004180796,-173169.217626364,-141602.566637973,-3533680.87230539,6999997.329143,1177389113.806,-71338665.0760262,199848108882.634,142618341100.715,0.0688496627989833,0.0998374973127472,0.689617274592806,0.420696903493572,0.33167255872249
0.426,-0.0787157613880978,19.8999999569404,-8.66533822837225,-35.2921038770803,2343.03751897212,-3772.318557128,-176080.895923619,-134614.468917851,-2256367.70405808,6999967.83461734,1377237222.68863,71279676.0246886,199705030366.551,-142505172531.9,0.0787157613880978,0.0996374996932,0.790021444039407,0.340758090416473,0.332277899257225
0.427,-0.0862390099339473,19.8627995501013,-6.41065816955308,-39.1305612249181,2166.06629977652,-3903.42709989806,-177615.360844605,-127602.61210731,-779277.966186169,6999994.92437607,1576942253.05518,-71225496.5072109,-2222200259.5784,142421405800.284,0.0862390099339473,0.0993263845737165,0.868238689086119,0.260600245656372,0.330085344089486
0.428,-0.0915962568455691,19.8216962994951,-4.33346374245102,-43.096624745933,1988.32403106598,-4027.53565123402,-177606.538050974,-120614.493030221,796553.186739225,6999980.130769,1574720052.7956,71195909.2930732,-199695211417.452,-142361392186.634,0.0915962568455691,0.0988786504972519,0.926350191724298,0.180470161730138,0.325058881412345
0.429,-0.0949651136271335,19.7765660965695,-2.4337462723373,-47.1832992001758,1811.3699023167,-4144.64421993865,-176055.907373073,-113602.641843503,2271425.6338261,6999995.34396876,1375024841.37815,-71165482.8935611,-199837789869.036,142310333674.75,0.0949651136271335,0.0982673287272534,0.966395595129228,0.100613601600789,0.317176519014419
0.43,-0.0965224117758187,19.7272918327568,-0.70997012538135,-51.3835798544545,1636.67055199286,-4254.75279542675,-173130.275616869,-106614.510852035,3546531.58026974,6999985.02791257,1175187051.50911,71144850.7811887,-199880829366.989,-142268463086.613,0.0965224117758187,0.0974646500409039,0.990332512714202,0.0212749407913882,0.30643033577373
0.431,-0.0964427443833774,19.6737633994808,0.840773677853357,-55.6904714623377,1465.50107830682,-4357.86138414233,-169029.463982406,-99602.6648092466,4621778.21709535,6999995.64715045,975306222.142126,-71123612.3054247,-199897152636.586,142231104584.929,0.0964427443833774,0.0964428813384603,0.999998579935803,-0.0573032175328807,0.292826477560099
0.432,-0.0948971913196918,19.6158776881536,2.22256929248814,-60.0969692911681,1298.93672542196,-4453.96997876736,-163953.348846346,-92614.5257841514,5497135.86291919,6999987.58713749,775409069.505539,71107492.2795046,-199899515882.738,-142198423663.607,0.0948971913196918,0.0951753422088511,0.997077490002096,-0.13488049189391,0.276385097701523
0.433,-0.0920522439912021,19.5535385901799,3.44047617567935,-64.5960780904044,1137.8528502055,-4543.07858444355,-158101.825034655,-85602.6841881514,6172595.17448336,6999995.86758519,575509553.622801,-71090931.3841024,-199887624364.701,142168324975.918,0.0920522439912021,0.0936376099371106,0.983069132723771,-0.211219240609287,0.257140242387542
0.434,-0.0880689299848356,19.4866569969548,4.50032919306446,-69.1807931283502,982.924912366005,-4625.18719550626,-151674.789687421,-78614.539065429,6648160.91592381,6999989.09868905,375621929.2581,71077393.5918155,-199844098485.889,-142140932594.457,0.0880689299848356,0.0918089195635524,0.959263330877912,-0.28608514658788,0.235139681601328
0.435,-0.0831021376078764,19.4151507998666,5.40853872295231,-73.8441191514891,834.628479953986,-4700.29581632894,-144872.125156615,-71602.7014253764,6923860.79593896,6999996.02598363,175777830.772211,-71063539.0026419,-199579929625.481,142115105166.582,0.0831021376078764,0.0896737635220413,0.926716291855536,-0.359247866344093,0.210444686381189
0.436,-0.0773001403173191,19.3389448902951,6.17189077803751,-78.5790514292146,693.239265670068,-4768.40444220178,-137893.638766895,-64614.551318033,6999848.66189843,6999990.03956428,-23802098.8532699,71051566.1639406,46673919110.9534,-142090940350.059,0.0773001403173191,0.0872236931072987,0.886228701899011,-0.430481740508897,0.183129753427133
0.437,-0.0708043206527394,19.2579711596139,6.79734926296299,-83.3785947056781,558.843528964277,-4829.51307702818,-130897.912167904,-57602.7173187784,6999383.52260064,6999996.13555319,22871820.2576836,-71039374.186118,-45552039485.6078,142067725151.356,0.0708043206527394,0.0844593215674033,0.838324525212218,-0.499566562730444,0.15328227826679
0.438,-0.063749074175677,19.1721684991886,7.29191097315593,-88.2357442514192,431.447222526071,-4883.62171668633,-123894.684741756,-50614.5629161264,6999479.32311552,6999990.62394275,-22680219.2279242,71028350.9652376,45243302693.3248,-142045540103.04,0.063749074175677,0.0813925260033857,0.783230074135127,-0.566288396097298,0.121002178401748
0.439,-0.0562617971865738,19.0814828003793,7.6625768652167,-93.1435048086579,311.050382546947,-4930.73036479616,-116899.004977805,-43602.7323733849,6999420.75523425,6999996.20485647,22563083.4654006,-71017189.1378024,-45014388559.2535,142023886109.387,0.0562617971865738,0.0780488425052881,0.720853703663342,-0.630440395812704,0.0864014680413477
0.44,-0.0484628865295427,18.9858669545381,7.91634488040919,-98.0948716491237,197.652972861146,-4970.83901760339,-109895.805078931,-36614.5741154124,6999476.64442003,6999990.95877336,-22451305.093853,71006696.9715849,44811843647.2199,-142002832703.935,0.0484628865295427,0.0744700460823858,0.650770196595938,-0.691823606613191,0.0496037862257717
0.441,-0.0404657396102115,18.885280853012,8.06021596813259,-103.08284951337,91.2550313803946,-5003.94767857462,-102900.085446451,-29602.7469469373,6999431.26114978,6999996.23939297,22360538.553367,-70996135.7323499,-44673985514.259,141981990979.091,0.0404657396102115,0.070716903979794,0.572221595303066,-0.750247727171,0.0107438803111563
0.442,-0.0323767543733699,18.7796913871402,8.10118808807251,-108.100433674367,-8.14347309511859,-5030.05634417485,-95896.9195802764,-22614.5851102473,6999454.80694602,6999991.09915017,-22313446.960892,70985855.2467407,44560376980.4004,-141961423790.74,0.0323767543733699,0.0668720879362118,0.484159465818588,-0.805531838452891,-0.0300329530310122
0.443,-0.0242953293218807,18.6690724482569,8.04626217259793,-113.140628871182,-100.542527497375,-5049.16501781898,-88901.1947673141,-15602.7613207722,6999421.54847533,6999996.24250154,22246930.0195083,-70975568.5439993,-44511828099.4741,141940793598.806,0.0242953293218807,0.0630432278558995,0.385375719933211,-0.857505093284599,-0.0725714669946352
0.444,-0.0163138635126924,18.5534049276888,7.90243617399849,-118.196430378096,-185.942158328285,-5061.27369608019,-81898.0683918456,-8614.59606360951,6999412.5644451,6999991.07075694,-22264898.0799658,70965225.0548072,44491874662.2573,-141920159819.65,0.0163138635126924,0.0593660862661159,0.27480106132588,-0.90600736447746,-0.116707101532814
0.445,-0.00851775657747971,18.4326767167572,7.67671099329656,-123.260842932813,-264.342377426144,-5066.3823824109,-74902.3729639968,-1602.7757402951,6999393.60369626,6999996.21590192,22226976.5822916,-70954934.7648431,-44551708971.2575,141899199397.118,0.00851775657747971,0.0560078298387469,0.152081532207253,-0.950889849082916,-0.162266655364213
0.446,-0.00098540873697597,18.3068827067762,7.37608454984882,-128.32686181102,-335.743205413403,-5064.49107339907,-67899.2911568379,5385.39287479059,6999344.72579292,6999990.88083564,-22324732.388966,70944264.6322751,44653283466.3053,-141877969993.932,0.00098540873697597,0.0531703711974098,0.0185330422711808,-0.992015626493469,-0.209068990350539
0.447,0.0062117791769826,18.1760247890544,7.00755769822481,-133.387491749141,-400.144684442598,-5055.59977262184,-60903.6665833284,12397.20955961,6999346.63513711,6999996.16047095,22328551.0773393,-70933705.3616565,-44869838284.8034,141856124904.963,0.0062117791769826,0.0510937512395402,0.121576103266723,-1.02926016830932,-0.256925765392034
0.448,0.0130094056850841,18.040111854893,6.57812829470404,-138.435728024393,-457.546825859773,-5039.70847659435,-53900.6339790334,19385.3815548843,6999240.26707204,6999990.51756177,-22541287.2074641,70922419.5433063,45157313538.083,-141833724729.561,0.0130094056850841,0.0500595293037824,0.259878705733278,-1.062511798087,-0.30564219686968
0.449,0.0193500686377473,17.8991597955875,6.09479712898991,-143.46457537197,-507.949715031741,-5016.81718911596,-46905.1381366421,26397.1943280962,6999277.63663362,6999996.0747403,22616026.3306189,-70911305.1862549,-45633553229.1902,141810354916.76,0.0193500686377473,0.05,0.387001372754945,-1.0916720992704,-0.355017842574581
0.45,0.0251833651478537,17.7531915024259,5.56456195321744,-148.467029070794,-551.353346410396,-4986.92590653657,-39902.158079048,33385.3698093961,6999076.88634964,6999989.94701242,-23017526.8985713,70899049.7305049,46244445384.8504,-141786080649.345,0.0251833651478537,0.05,0.503667302957074,-1.11665626985144,-0.404847405971255
0.451,0.0304658915688054,17.6022368666903,4.99442346688867,-153.436093854859,-587.757875448861,-4950.03463299874,-32906.8825485835,40397.1782678322,6999181.5821435,6999995.95641825,23226918.4862791,-70887030.9188398,-47205738438.1286,141760364931.779,0.0304658915688054,0.05,0.609317831376107,-1.1373934224586,-0.454921557578025
0.452,0.0351612433781049,17.4463327796546,4.39137925483633,-158.364765005021,-617.16326295906,-4906.14336457598,-25903.9551302699,47385.3574362797,6998805.63141071,6999989.1079653,-23978819.9518495,70873334.0129396,48450587215.504,-141733280476.031,0.0351612433781049,0.05,0.703224867562098,-1.15382682888483,-0.505027770179806
0.453,0.0392400151599769,17.2855231325869,3.76242988655476,-163.246047254082,-639.569792969149,-4855.25210591673,-18909.0638109659,54397.1609978388,6999052.10506661,6999995.80174023,24471767.2636546,-70859946.4630915,-50451879819.5338,141704069560.027,0.0392400151599769,0.05,0.784800303199538,-1.16591410815181,-0.55495116455056
0.454,0.0426798004004423,17.1198588167461,3.11457266958894,-168.072935885164,-654.977354261364,-4797.36085267287,-11906.184468904,61385.3441712742,6998297.9324205,6999987.89005715,-25980112.5558792,70844123.0969357,53134383117.1407,-141672816167.706,0.0426798004004423,0.05,0.853596008008847,-1.17362735762648,-0.604475362321666
0.455,0.0454651914818665,16.9493977233851,2.4548079663637,-172.838435629871,-663.386505850187,-4732.46961023672,-4912.02086224194,68397.1419868518,6998885.01142319,6999995.60507023,27154270.5612615,-70828693.0707701,-57936241648.2847,141638351536.025,0.0454651914818665,0.05,0.909303829637329,-1.17695322666086,-0.653383342620299
0.456,0.0475877792911887,16.7742047437467,1.79013257954356,-177.535541774056,-664.796972505026,-4660.57837363153,2090.78524418716,75385.3296373093,6997071.16116031,6999986.08776747,-30781971.0870232,70809658.4652547,64814643390.9058,-141600775897.581,0.0475877792911887,0.05,0.951755585823775,-1.17589293284267,-0.701458299088408
0.457,0.0490461532268228,16.5943517690669,1.12754643572738,-182.157259048125,-659.210081398632,-4581.68714937292,9083.26786036911,82397.1204249932,6998696.51176874,6999995.35828393,34032672.3038826,-70791117.4323261,-95572167244.4433,141558086684.699,0.0490461532268228,0.05,0.980923064536455,-1.17046222062472,-0.748484493906451
0.458,0.0498459002630487,16.4099176905707,0.474045059270849,-186.696582741371,-646.625775343963,-4495.79593153475,16083.052013749,89385.3132390084,6984943.1004504,6999983.28419396,-61539494.9405608,70766969.2523733,151014394520.612,-141510407371.03,0.0498459002630487,0.05,0.996918005260974,-1.16069126317214,-0.794248105460473
0.459,0.0499996036795255,16.2209883994749,-0.163376338575165,-191.146517583036,-627.05421609604,-4402.90472842574,23062.3944324826,96397.0949399334,6998910.80277014,6999995.04976082,89474899.5800516,-70743438.1186566,-188648295659.544,141453780374.098,0.0499996036795255,0.05,0.999992073590509,-1.14662450771479,-0.838538066329587
0.46,0.0495268360702038,16.0276567869835,-0.777730716269484,-195.500058867011,-600.485314124562,-4303.01353262643,30074.6013024328,103385.293900697,6994061.55452042,6999978.50182921,-99173396.0794922,70710342.2554419,-197816790343.667,-141388362722.09,0.0495268360702038,0.05,0.990536721404076,-1.12832046728123,-0.881146888313524
0.461,0.0484541654484634,15.8300227442912,-1.36201883351517,-199.750211321576,-566.93845331048,-4196.12235559956,36986.1066938563,110397.062846534,6795979.7632691,6999994.6627236,-296990186.423159,-70678020.4666481,-198586803870.505,141304332040.236,0.0484541654484634,0.05,0.969083308969267,-1.10585145234944,-0.9218714712818
0.462,0.0468151221544988,15.628193162576,-1.90934559966597,-203.889970247357,-526.612129549554,-4082.23118741124,43600.4935632687,117385.269221031,6399696.17491068,6999968.80827707,-495576990.293664,70626311.5735882,-198729188547.099,-141201894856.283,0.0468151221544988,0.05,0.936302443089977,-1.07930326425017,-0.960513892697052
0.463,0.0446499994871716,15.4222819330043,-2.41311317152257,-207.912340372609,-479.902664446735,-3961.34004614642,49719.279711608,124397.017535952,5804754.59034347,6999994.17242252,-694306178.840763,-70575583.2826953,-198650768744.156,141042047221.286,0.0446499994871716,0.05,0.892999989743431,-1.0487749017085,-0.996882174747851
0.464,0.0420054573330302,15.212409946719,-2.86721932186231,-211.810317009591,-427.405002251793,-3833.44891736951,55143.7727510738,131385.230924603,5011123.02713062,6999939.61275047,-892956947.58492,70466463.9385909,-198362528368.792,-140825069803.915,0.0420054573330302,0.05,0.840109146660603,-1.01437829375424,-1.03079102612676
0.465,0.0389339272188152,14.998705094845,-3.26625611012793,-215.576904892335,-369.912759250434,-3698.55783993912,59675.3568830171,138396.932924356,4018984.81536131,6999993.5417871,-1091319475.95371,-70358605.8653239,-197672894591.512,97737193397.5685,0.0389339272188152,0.05,0.778678544376304,-0.976238060607339,-1.06206255558832
0.466,0.0354928187107019,14.781302268404,-3.60570847905324,-219.205099717354,-308.418032909669,-3556.66856429512,63115.7364779696,145378.036695443,2828828.89211184,6978503.53262056,-1288992370.54522,27378587.5322447,-195588247966.834,-11778804244.1459,0.0354928187107019,0.05,0.709856374214037,-0.934491303441081,-1.0905269545795
0.467,0.0317435273592239,14.5603433550601,-3.88215251015941,-222.687915136762,-244.110863557733,-3407.79720351895,65267.4711434811,152368.266387789,1442042.3975832,6999992.71803073,-1484580618.51206,15599783.2880987,-160493251889.75,-31206155424.9013,0.0317435273592239,0.05,0.634870547184477,-0.88928742370068,-1.11602314755214
0.468,0.0277502448198303,14.3359772277857,-4.09345249271535,-226.018361151694,-178.376488537375,-3251.92764106474,65940.4743564933,159370.85797156,-122784.846873734,6999989.42360638,-1645073870.40181,-15606372.1368026,193883604581.251,-199982049275.791,0.0277502448198303,0.05,0.555004896396605,-0.840787972366915,-1.13839940940044
0.469,0.0235785756062042,14.1083597558815,-4.23894613726352,-229.189439015651,-112.763507099194,-3089.06772202879,65027.4665085155,166329.713867552,-1670916.91498492,6884392.02683168,-1451190265.82056,-215588421.412594,196803460607.154,-199990747457.166,0.0235785756062042,0.05,0.471571512124084,-0.789166527926025,-1.15751393568445
0.47,0.0192940041850237,13.8776537893992,-4.31953322349319,-232.194205131516,-48.8051639482827,-2919.3400764992,62663.7550373882,173072.979892434,-3023705.4505019,6568808.2316905,-1254386805.2134,-415579168.869759,197611159075.508,-199991616512.398,0.0192940041850237,0.05,0.385880083700473,-0.734608586218825,-1.17323538280855
0.471,0.0149603761722387,13.6440290296855,-4.33756108018842,-235.025932899092,12.1459076946138,-2743.06028866976,59045.7913774588,179400.666603605,-4179286.67617754,6053233.25456454,-1056775646.13789,-615570785.382157,197889330011.103,-199989862569.587,0.0149603761722387,0.05,0.299207523444774,-0.677311398017548,-1.1854434105058
0.472,0.0106385463425649,13.4076617135637,-4.29663120782528,-237.678311297616,68.934171848378,-2560.74393348071,54371.0984332142,185112.782821716,-5137117.65730988,5337667.53789759,-858886316.12679,-815560647.951745,197891237510.399,-199982037361.899,0.0106385463425649,0.05,0.212770926851298,-0.617483694921166,-1.1940292530493
0.473,0.00638522314129658,13.1687340977585,-4.2014018108727,-240.14564487664,120.601809201812,-2373.10657624959,48837.5194907593,190009.339696078,-5897058.35468147,4422115.87126489,-660995078.616391,-1015542685.31364,197609214834.413,-160132821206.798,0.00638522314129658,0.05,0.127704462825932,-0.555345293232718,-1.19889632214329
0.474,0.00225201087700672,12.9274337433866,-4.05738997970277,-242.423053412449,166.38886738608,-2181.06210793298,42642.8984659087,193896.995421151,-6459248.82588066,3326506.77534785,-463385863.781977,-1175675506.52044,196739430057.774,199982909952.12,0.00225201087700672,0.05,0.0450402175401343,-0.491126577221942,-1.19996083910852
0.475,-0.0017153502429261,12.683952604171,-3.87077387280379,-244.50665992483,205.733107938004,-1985.68947242066,35984.7466131467,196668.994928231,-6824264.97463374,2250822.72380347,-266646433.724203,-975692596.568322,193035196000.839,199990910697.643,0.0017153502429261,0.05,0.034307004858522,-0.425067864048913,-1.19715249235331
0.476,-0.00547754640231516,12.438485963607,-3.64819527069643,-246.393678749934,238.269324124713,-1788.04934860868,29059.3309543177,198465.3031722,-6994393.81035753,1375125.58258396,-73611237.7233635,-775701685.870679,152884419030.054,199993076905.123,0.00547754640231516,0.05,0.109550928046303,-0.357418653215344,-1.1904150996406
0.477,-0.00900205562328645,12.1912313888438,-3.39656380649436,-248.082296913654,263.825559818357,-1589.01743321463,22053.6122616035,199485.910091333,-6991562.83856586,699420.435165847,79273181.3066906,-575708608.965556,-87490574621.7826,199993404746.521,0.00900205562328645,0.05,0.180041112465729,-0.288436764119637,-1.17970720639443
0.478,-0.0122633218238511,11.9423878554879,-3.1228741270572,-249.571477142997,282.392957416953,-1389.26943128201,15087.104251254,199930.80845614,-6956034.94457006,223708.528573551,-8217393.3150921,-375715204.219035,-46194919685.9221,199991756831.683,0.0122633218238511,0.05,0.245266436477023,-0.218387367546452,-1.16500255707854
0.479,-0.0152427749222519,11.6921550718987,-2.8340976840211,-250.860757873499,293.998749842049,-1189.28105477242,8119.26145674537,199999.991342076,-6987349.79772812,-52010.7972296423,-54412313.0010142,-175723447.387352,142257329453.544,199983018095.563,0.0152427749222519,0.05,0.304855498445038,-0.14754192993598,-1.14629042685193
0.48,-0.0179288114165404,11.440733003476,-2.53720494345226,-251.950053256351,298.621195069824,-989.328023444432,1128.41505742567,199893.449324169,-6970633.44600236,-127742.735569212,87845016.4525303,24259570.708212,182950651488.148,199940003098.547,0.0179288114165404,0.05,0.358576228330808,-0.0761771199202248,-1.12357581234754
0.481,-0.0203168071502018,11.1883215969401,-2.23917612829694,-252.839453168607,296.286557184136,-789.486071392801,-5767.80410510239,199811.159707803,-6791313.10380575,-3513.16331172662,270795667.940678,224199573.806759,189099924295.608,-192581753160.073,0.0203168071502018,0.05,0.406336143004037,-0.0045737097832026,-1.09687948117578
0.482,-0.0224090817527009,10.9351207040502,-1.94689249969713,-253.529026508872,287.176108301967,-589.647325910734,-12392.2027208885,199887.649372535,-6425967.47371727,124395.533914996,459895592.236286,31617820.6466857,190520621865.135,-199503905629.627,0.0224090817527009,0.05,0.448181635054018,0.0669845555542418,-1.06623788053089
0.483,-0.0242147152169367,10.6813301736561,-1.66696273734636,-254.018709622631,271.655509468837,-389.700521797201,-18556.4689615101,199994.603165835,-5870811.57054842,56261.4017468682,650416214.101421,-167886084.982941,190285873837.065,198130778278.16,0.0242147152169367,0.05,0.484294304338733,0.13821215671384,-1.0317029178823
0.484,-0.0257491818771033,10.4271499474268,-1.40553524456217,-254.308408810109,250.279966002479,-189.697513495561,-24070.3581127017,199999.94332147,-5125252.41952846,-12559.2940969925,840702087.938485,30244693.2952197,188650510559.254,-15415955188.6711,0.0257491818771033,0.05,0.514983637542065,0.208823074000117,-0.993341679847377
0.485,-0.0270337951493351,10.1727800228912,-1.16810806501138,-254.39810731343,223.79495913261,10.3005486296101,-28743.817736501,199999.937048156,-4190225.07631035,9977.42160389168,1029352598.49774,14828738.1065486,184592108927.518,-180126690025.925,0.0270337951493351,0.05,0.540675902986702,0.27853213490408,-0.95123614423802
0.486,-0.0280949621294649,9.91842039946401,-0.959338957633893,-254.287806016565,193.135278962242,210.300440566168,-32388.6011620746,199987.307723809,-3068576.42334885,-65257.1853025223,1213944707.42526,-165297951.919377,172879343048.98,199678458881.002,0.0280949621294649,0.05,0.561899242589297,0.347056429831723,-0.905482840827631
0.487,-0.0289632490488462,9.66427107106648,-0.782857386965912,-253.977528021762,159.421917012357,410.23588997446,-34821.3920078693,199872.681305694,-1768192.0443991,-130715.907781398,1386824050.47424,34380506.9616259,73755103421.2722,199368105940.634,0.0289632490488462,0.05,0.579264980976924,0.414116789911196,-0.856192437253602
0.488,-0.0296722610580044,9.41053196822016,-0.641082465670258,-253.467374483197,123.950639453343,610.05725041517,-35883.8795097944,199792.38366905,-344490.442214228,3348.65215054512,1460579153.89551,233748612.90226,-164230875064.892,-199934023394.592,0.0296722610580044,0.05,0.593445221160087,0.479439319529921,-0.803489290151915
0.489,-0.0302573512609068,9.15740292290253,-0.535071692171394,-252.75741240943,88.1311016282966,809.881935928138,-35525.4521875717,199879.284290419,1033973.27414883,137130.253355509,1296348278.83062,33814589.5076677,-181698387674.564,-199982643888.79,0.0302573512609068,0.05,0.605147025218137,0.542756971539442,-0.747510934475356
0.49,-0.0307542246781988,8.90508377039291,-0.464478487399471,-251.847568233895,53.3311233581179,1009.82708849999,-33873.58783862,199999.99139788,2239472.35914217,70953.5209187813,1114649891.15605,-166168054.381123,-187083126087.863,-199991702783.443,0.0307542246781988,0.05,0.615084493563976,0.603811132917515,-0.688407468156799
0.491,-0.0311975808616326,8.65377445032906,-0.427666027848059,-250.737737914376,20.7552515506747,1209.82652899498,-31107.9710549144,199954.528941145,3260580.68725429,-195210.384854063,927566765.068189,-366159757.164566,-189502266597.371,-199993387937.212,0.0311975808616326,0.05,0.623951617232652,0.662353157958478,-0.626340889128732
0.492,-0.0316199106014937,8.40367493997114,-0.421884262280643,-249.427983579243,-8.57573062754276,1409.61409305968,-27415.1906962256,199542.906446385,4093396.31902379,-661366.835987235,738064498.470818,-566153145.101778,-190708641852.598,-199993070848.712,0.0316199106014937,0.05,0.632398212029874,0.718145797586589,-0.561484453244731
0.493,-0.0320504754836932,8.15498498803684,-0.443456192087707,-247.918733517089,-33.8291586079219,1608.72362418593,-22984.5469016085,198565.130859372,4736106.49656831,-1327516.51651337,547355856.61822,-766146215.95049,-191257900106.121,-199990911381.034,0.0320504754836932,0.05,0.641009509673863,0.77096450808835,-0.494022068045295
0.494,-0.0325144753794682,7.90790364854482,-0.48796706038548,-246.210982169576,-54.3623953643143,1806.48897279642,-18006.6387934154,196821.20941632,5187833.40313347,-2193658.18815438,356097956.512098,-966137127.331524,-191360643317.807,-199982922802.399,0.0325144753794682,0.05,0.650289507589365,0.82059863240496,-0.42414772488933
0.495,-0.033032405882572,7.66262861466522,-0.550454893503153,-244.306490124008,-69.7237411568826,2002.04399764232,-12672.6498525789,194111.152177366,5448251.03798667,-3259786.7768871,164737313.194291,-1166120050.13392,-191085363581.861,137577731789.977,0.033032405882572,0.05,0.660648117651441,0.866852448854518,-0.35206497159376
0.496,-0.0336196066370879,7.41935535304769,-0.625601646069974,-242.207981289927,-79.6527711617516,2194.33663549505,-7173.87771859205,190291.234997377,5517445.66939002,-4357117.96112603,-26348050.3875702,-1028542318.34395,-190412534771.999,199982058630.862,0.0336196066370879,0.05,0.672392132741757,0.909546083111459,-0.277986427372594
0.497,-0.0342860009054845,7.17827606544133,-0.707924466419346,-239.919266412673,-84.0802512429954,2382.28622037791,-1701.34149685781,185453.176220185,5395891.35161646,-5285669.25015455,-216760585.159569,-828560259.713083,-189230304379.058,199989877972.615,0.0342860009054845,0.05,0.685720018109691,0.948516280054028,-0.202133331305366
0.498,-0.0350360262947933,6.93957862413843,-0.791966681795752,-237.445167405822,-83.1276584242541,2564.96680150798,3554.63117811569,179786.558486502,5084515.61426736,-6014234.57088132,-405990889.538627,-628570381.740467,-187274917549.79,199991631261.126,0.0350360262947933,0.05,0.700720525895866,0.983617032821643,-0.124735068263464
0.499,-0.0358687561558157,6.70344564900635,-0.872488082273281,-234.791334221335,-77.1062377088257,2741.64981396339,8404.93886135543,173491.370663294,4584887.26595383,-6542809.13699122,-593265807.088418,-428578750.479341,-183945164210.715,199990765617.17,0.0358687561558157,0.05,0.717375123116313,1.01472006715233,-0.0460286081031173
0.5,-0.0367782106961915,6.47005377900967,-0.944653954958767,-231.964045381087,-66.5153972308502,2911.80668321501,12662.5356963966,166767.603945333,3899648.87676006,-6871392.50466198,-777210971.299133,-228587984.862171,-177663830236.35,199982088669.771,0.0367782106961915,0.05,0.73556421392383,1.04171517983251,0.0337421602918794
0.501,-0.0377538561652932,6.23957314363567,-1.00422200718435,-228.970007985966,-52.0399749175499,3075.10882549756,16143.9684491344,159815.247796351,3033605.99034275,-6999989.44518926,-954874801.535483,-28605896.1923999,-162793605793.744,57205207574.993,0.0377538561652932,0.05,0.755077123305864,1.06451043093867,0.114327199361448
0.502,-0.0387812892816708,6.01216703411193,-1.04772553994239,-225.81615891668,-34.5451323404082,3231.42169447227,18673.0047710771,152810.489604328,1997334.38591039,-6999992.73759417,-1117668407.32923,28599311.3825931,-97813222241.0681,-36053601441.8908,0.0387812892816708,0.05,0.775625785633415,1.08303219059546,0.195471194272091
0.503,-0.0398431014478105,5.78799176297931,-1.07264866546009,-222.50949775167,-15.0638139951908,3380.73545202631,20095.202749616,145818.787588852,830759.367460632,-6989420.22693252,-1215481629.57029,-7454290.05929778,125310173771.215,-6238079106.88045,0.0398431014478105,0.05,0.796862028956211,1.0972250425816,0.276914517172291
0.504,-0.040919908159808,5.56719664478829,-1.07757601900235,-219.0570181718,5.24940942380093,3523.05802720005,20339.1063312534,138824.600537039,-322067.175224056,-6999993.55654526,-1090171455.79908,-13692369.1661782,164458131607.05,27490821735.7251,0.040919908159808,0.05,0.81839816319616,1.10705155127641,0.358394253760866
0.505,-0.0419914918988569,5.3499240013212,-1.06225478760169,-215.46571485135,25.2526393469594,3658.38149434819,19499.363116731,131822.342599533,-1330009.56521961,-6999940.51484357,-925713324.192029,13798452.5695469,175614841878.761,-27704235203.4724,0.0419914918988569,0.05,0.839829837977139,1.11249191359703,0.439645249893656
0.506,-0.0430379333603658,5.13630915601977,-1.02751124288873,-211.742588498387,43.9400294121268,3786.70501208927,17735.7660297285,124824.68393844,-2167915.46847226,-6999994.17987576,-750098482.313269,-13905782.6339255,180536375192.449,27861339405.8988,0.0430379333603658,0.05,0.860758667207315,1.11354354691821,0.520401160137506
0.507,-0.0440406149574304,4.92648043239781,-0.975094399340118,-207.894638157255,60.4743436428666,3908.02854219647,15222.890715965,117822.380423815,-2827745.7631893,-6999969.29280674,-569562107.12082,13955556.7719734,183023109206.331,-27961856691.4435,0.0440406149574304,0.05,0.880812299148607,1.11022066050008,0.600395499959439
0.508,-0.0449830573513887,4.72055915398713,-0.907502107861687,-203.92886473793,74.1960604222671,4022.35209882265,12140.8677507496,110824.728599946,-3305796.31570696,-6999994.66438048,-386538997.914488,-14006299.9194702,184222173840.038,28044243326.8258,0.0449830573513887,0.05,0.899661147027773,1.10255382761997,0.67936269642639
0.509,-0.0458515786578881,4.5186596443425,-0.827801150223461,-199.852267290478,84.6272827727542,4129.67566421722,8672.50563172545,103822.40482616,-3600224.22670143,-6999978.84263654,-202316824.07445,14037943.4073557,184549453790.197,-28108295167.1063,0.0458515786578881,0.05,0.917031573157762,1.09058956417254,0.757039132698349
0.51,-0.0466357721881175,4.32088922703043,-0.739444543961516,-195.67184673631,91.4736463810244,4229.99924810034,5001.88123528517,96824.7602393659,-3710266.32388078,-6999995.04681274,-17767370.2842523,-14070351.7597506,184117679155.497,28163691515.5664,0.0466357721881175,0.05,0.93271544376235,1.07438991701469,0.833164182182505
0.511,-0.0473288007487886,4.12734822563361,-0.646087540676598,-191.394602125498,94.6251047959533,4323.32283924481,1313.41750612151,89822.4239652592,-3635974.85458728,-6999983.55281471,166350308.871244,14093339.7558158,182831823048.282,-28210276681.6299,0.0473288007487886,0.05,0.946576014975771,1.05403206443206,0.907481228312127
0.512,-0.0479275066929161,3.93812996374401,-0.551403268075287,-187.027534386059,94.1558779188867,4409.64644489543,-2208.9102235221,82824.7853695421,-3378208.63419189,-6999995.3513997,349182131.919526,-14116936.9258141,180328420454.161,28251949774.0126,0.0479275066929161,0.05,0.958550133858322,1.02960793059013,0.979738665954575
0.513,-0.0484323377721217,3.75332076496642,-0.458898828048192,-182.577642567144,90.3235740844409,4488.97005693103,-5382.47305501187,75822.4402079752,-2938862.29204529,-6999986.31343851,529510552.373687,14135012.8481985,175669644845.028,-28288587980.3592,0.0484323377721217,0.05,0.968646755442434,1.00122381543431,1.04969088055755
0.514,-0.0488470896879922,3.57299995291351,-0.371732774019876,-178.051927601274,83.5672412106705,4561.29368112659,-8027.30179672948,68824.8066362974,-2321516.91724909,-6999995.59458049,705180197.218715,-14153575.1321608,166153105219.42,28322164086.4581,0.0488470896879922,0.05,0.976941793759843,0.969000041105068,1.11709920122104
0.515,-0.0491784673476412,3.39723985120882,-0.29253533607635,-173.457388536476,74.5036340342371,4626.61731112658,-9968.53643116597,61822.4546148319,-1533260.16742066,-6999988.08766942,871333302.438135,14168588.9542974,140634346803.334,-28352578045.9509,0.0491784673476412,0.05,0.983569346952824,0.933070615430158,1.18173282401183
0.516,-0.0494354687188429,3.22610578348286,-0.223234036111775,-168.801026308636,63.919549500884,4684.94095177165,-11042.690889567,54824.8253919653,-591609.691580858,-6999995.7877381,1011967649.24147,-14183989.0916535,7820388053.82566,28380981211.3442,0.0494354687188429,0.05,0.988709374376858,0.893582912241504,1.24336970194858
0.517,-0.0496285996351643,3.05965607337574,-0.164892203182319,-164.089839964625,52.7500408899023,4736.26459781245,-11127.0133585182,47822.4677732166,424268.151687524,-6999989.28622408,1019788037.29529,14196992.1196907,-137413501398.166,-28407289415.4536,0.0496285996351643,0.05,0.992571992703285,0.850697366442754,1.30179739823992
0.518,-0.0497689453349068,2.89794204453395,-0.117593611557352,-159.330830442993,41.9994007175522,4780.58825347085,-10215.753438416,40824.8424348164,1375349.43828373,-6999995.93881212,882374535.897128,-14210297.295763,-164660097418.932,28432249125.6191,0.0497689453349068,0.05,0.995378906698137,0.804587174826373,1.35681389949839
0.519,-0.0498671774410253,2.74100802061267,-0.0804374692144434,-154.530996789455,32.6115235835352,4817.91191423042,-8426.66008175354,33822.480055544,2175393.9254714,-6999990.11154507,717714438.478196,14221951.8298562,-174453053389.316,-28455787122.8638,0.0498671774410253,0.05,0.997343548820506,0.755437972776556,1.4082283858313
0.52,-0.0499326172117237,2.58889132527308,-0.0516482590247147,-149.697339944765,25.3849106603725,4848.2355838977,-5921.48444594126,26824.8582887267,2805881.83725493,-6999996.05327664,543261385.088879,-14233835.2930077,-179046796866.52,28478432493.371,0.0499326172117237,0.05,0.998652344234473,0.703447440566971,1.45586195487566
0.521,-0.0499724387392472,2.44162228218441,-0.0287352997800322,-144.836858953488,20.9494504140374,4871.55925845526,-2873.81304895297,19822.4917232192,3259619.82391055,-6999990.67232296,364214588.222359,14244597.2003634,-181298616947.448,-28500119225.5239,0.0499724387392472,0.05,0.999448774784944,0.64882480800533,1.49954829704433
0.522,-0.0499910396818511,2.29922421502162,-0.00866582113378487,-139.95655475826,19.7585955993706,4887.88294143688,537.697632910855,12824.8733296255,3533185.10365919,-6999996.13473536,182915971.274911,-14255522.0251605,-182155161879.403,28521255876.339,0.0499910396818511,0.05,0.999820793637022,0.591790248762183,1.53913431943928
0.523,-0.0499895881015606,2.16171344746727,0.0119565910051052,-135.063426402483,22.0857819809119,4897.20662916447,4131.98152856093,5822.50297652357,3625023.4939944,-6999991.02882235,760809.395507917,14265733.8511785,-181936224797.92,-28541780593.4157,0.0499895881015606,0.05,0.999791762031212,0.532574163669772,1.57448071610631
0.524,-0.0499657491596805,2.02909930320948,0.0367110498978147,-130.164474830445,28.0228213820027,4899.53032500803,7727.0627231201,-1175.11214880543,3534816.19099094,-6999996.18526788,-181175415.402412,-14276046.7422372,-180643228817.09,28562038625.839,0.0499657491596805,0.05,0.999314983193609,0.471416354615912,1.60546248251369
0.525,-0.049913593331985,1.90138410594371,0.0691774843373274,-125.26669908436,37.4795694968505,4894.85402551041,11141.184001607,-8177.48601767346,3263319.16117999,-6999991.2126972,-361818644.219502,14285991.8836018,-177980754531.779,-28581969566.1408,0.049913593331985,0.0503527029348336,0.991279324102682,0.408565091908778,1.63196937237137
0.526,-0.0498236864896181,1.77856317937082,0.112754973412048,-120.377100109994,50.1846941069054,4883.17773396963,14193.9303815886,-15175.0978960232,2812510.13969459,-6999996.20559666,-539799398.75128,-14295977.682539,-173152245607.433,28601895320.0389,0.0498236864896181,0.0517030600591269,0.963650631754494,0.344276078919738,1.65390629513027
0.527,-0.0496833610649841,1.66062484719891,0.170481449822702,-115.502676948323,65.6876983149824,4864.5014470535,16707.6821143063,-22177.4751079078,2186134.6181396,-6999991.23561918,-712951644.358713,14305917.6374999,-164112147602.683,-28621754242.8288,0.0496833610649841,0.0538304847753265,0.922959569700119,0.278811318650872,1.6711936527485
0.528,-0.049477166232573,1.54755043314143,0.244856271044782,-110.650430546465,83.3627844581487,4838.8251680743,18509.9888856661,-29175.083677082,1391126.89997954,-6999996.1951031,-877063791.961396,-14315836.6053289,-144484861433.552,28641879924.3606,0.049477166232573,0.0565188825572076,0.875409491376497,0.21243788775692,1.68376761454488
0.529,-0.049187493117069,1.43931426091903,0.337668156063917,-105.827359944072,102.416139292585,4806.14889373856,19438.503079426,-36177.4641438338,441820.67730137,-6999991.09174624,-1021548653.39495,14326043.3190317,-85107755929.5033,-28662206523.7135,0.049187493117069,0.0595855445047065,0.825493725465307,0.145426624658255,1.69158032921631
0.53,-0.0487953673627614,1.33588365425775,0.449833909917241,-101.040466089521,121.901748445265,4766.47262746414,19355.3648040417,-43175.0692483411,-622281.85405833,-6999996.15168907,-1106656409.32445,-14336163.2046819,72103545652.7339,28683119413.009,0.0487953673627614,0.0628780337745383,0.776032016804578,0.0780507401535254,1.69460007333669
0.531,-0.048281391734891,1.23721893689095,0.581264117301342,-96.2967480210203,140.764533901792,4719.79636590939,18191.7720029299,-50177.4529617303,-1692886.49055642,-6999990.75518724,-1034552863.67172,14346956.2083271,134996263589.844,-28704544945.6213,0.048281391734891,0.0662711521102122,0.728543117140874,0.0105843630348231,1.69281133591586
0.532,-0.0476267923593544,1.14327343255746,0.730800408055717,-91.6032066881323,157.943062026482,4666.12011270673,16004.1084578026,-57175.0543296377,-2659941.22243321,-6999996.07145173,-899556600.081873,-14357588.7372942,154806507638.541,28726978705.2116,0.0476267923593544,0.0696640089461187,0.683664249012588,-0.0566989551084804,1.68621483884127
0.533,-0.0468144711810561,1.05399346500371,0.896266009303255,-86.9668411274437,172.473724044206,4605.44386436736,12920.1900199349,-64177.4413656739,-3482094.56869581,-6999990.17083641,-744750092.443332,14369389.9679175,163554104177.311,-28750334445.2555,0.0468144711810561,0.0729772126478454,0.641494371770011,-0.123527731499293,1.67482749328738
0.534,-0.0458299660110934,0.969318357981781,1.07458981095966,-82.3946522896492,183.535556518726,4537.76762488399,9092.97942238029,-71175.0385639339,-4145067.60905049,-6999995.94809112,-581195988.266021,-14380944.477338,167931380789.797,28775321300.7394,0.0458299660110934,0.076150200543591,0.601836445392665,-0.189633995453526,1.65868229242059
0.535,-0.0446622702465162,0.889180435251774,1.26195819551673,-77.8936392094502,190.466133279403,4463.09139049365,4685.30238266175,-78177.4290973802,-4642297.90692161,-6999989.23191809,-413264607.476224,14394376.8234013,170041908720.223,-28801833454.744,0.0446622702465162,0.0791387215229665,0.564354204705657,-0.254754658881429,1.6378281409874
0.536,-0.0433044947374112,0.813505020579787,1.45397746132691,-73.4708028386268,192.768494353555,4381.41516576672,-135.287509877939,-85175.0214464624,-4970541.56003772,-6999995.77182206,-243222698.756001,-14407456.6313427,170708002878.477,28831008061.4155,0.0433044947374112,0.0819124821562842,0.528667836664854,-0.318632801883811,1.61232962261089
0.537,-0.0417543644724856,0.742210437740626,1.64584117661976,-69.1331422095976,190.114511780652,4292.73894648358,-5198.98908548059,-92177.4157785899,-5128410.25735449,-6999987.72442269,-72514695.8775243,14423551.4300728,170259732956.954,-28862708962.6831,0.0417543644724856,0.0844529645405612,0.494409695380577,-0.381018865700665,1.58226670587436
0.538,-0.0400145465897344,0.675208010515594,1.83249985620022,-64.8876582751653,182.346325939387,4197.06273815514,-10335.2800686143,-99175.0021787913,-5115795.08675353,-6999995.52747396,97745037.0794301,-14439157.5326102,168765918080.811,28899028293.7149,0.0400145465897344,0.0867514214325962,0.461255227049216,-0.441671747165904,1.54773439049874
0.539,-0.0380928082264321,0.612402062695808,2.00883138868337,-60.7413500648271,169.476471080163,4094.38653581254,-15374.0749838147,-106177.400780316,-4933667.0906337,-6999985.17085971,266510955.160241,14459870.7611047,166086131357.565,-28939781826.7993,0.0380928082264321,0.0888070517023909,0.428939003110792,-0.500359790016026,1.50884229516463
0.54,-0.0360020040659016,0.553689918079679,2.16981103309742,-56.7012185322701,151.686901299031,3984.71034660101,-20146.8055749753,-113174.979312766,-4584113.06979467,-6999995.19101201,432597086.517806,-14479911.0656946,161825197706.925,28989653713.4893,0.0360020040659016,0.0906253567539448,0.397261929281558,-0.556861669348224,1.46571418874392
0.541,-0.0337598945580621,0.498961900477289,2.31067988618591,-52.7742627029398,129.326881420149,3868.03416427647,-24487.6492352266,-120177.382850359,-4070603.3844234,-6999980.27522096,594422284.224731,14509742.6477947,155158377841.226,-29054598953.9151,0.0337598945580621,0.092216676329143,0.366093161258221,-0.610967166395142,1.41848746693735
0.542,-0.0313887969454962,0.448101333707395,2.4271105696727,-48.9674835310168,102.909465805825,3744.35799897065,-28235.1817478975,-127174.950687415,-3398601.91127806,-6999997.83205012,749580662.065957,-14544856.3061203,144347495952.397,199992304757.474,0.0313887969454962,0.0935949000529014,0.335368667820092,-0.662477831678106,1.36731257651076
0.543,-0.0289150726679701,0.400984541840733,2.51536844637609,-45.2878786131283,73.1059276916311,3613.68895823719,-31234.9354121505,-134148.888896825,-2576847.5012359,-6914546.5359775,893928158.018354,185447448.451353,125320872538.578,199997329591.062,0.0289150726679701,0.0947763491979925,0.30508742859007,-0.711207535613594,1.31235238963261
0.544,-0.0263684568255047,0.357480863275637,2.57246572312529,-41.7424071301408,40.7367782582215,3476.12203720252,-33343.9320222874,-140937.378820312,-1620258.90694826,-6629100.42273062,1019249030.55693,385444778.042416,87174851589.6481,199998078316.991,0.0263684568255047,0.0957788211820492,0.275305714771593,-0.756982906924255,1.25378153626103
0.545,-0.0237812389312237,0.317452754878258,2.59630368738792,-38.3378409055691,6.75622390636902,3331.94268222044,-34440.0372720256,-147340.423840968,-557422.450596502,-6143656.60552971,1106423882.14658,585442856.359406,7726946487.06012,199998271874.579,0.0237812389312237,0.0966207867993865,0.246129634408801,-0.799643661047058,1.19178572737197
0.546,-0.0211873111330991,0.280756077747267,2.58579315430282,-35.0805663179321,-27.7777986544935,3181.63633714743,-34442.9599571343,-153158.025973006,552864.904793608,-5458214.61323301,1114150828.63364,785441128.233986,-77270085824.2535,199998218091.583,0.0211873111330991,0.0973207298066409,0.217706044490157,-0.839042823898234,1.1265611078015
0.547,-0.0186211151581414,0.247240582657755,2.54093179885437,-31.9763843028413,-61.7618539413681,3025.8884439816,-33345.8979856613,-158190.186985773,1628380.69051512,-4572774.37595323,1036880742.80939,985439346.325568,-119449482048.306,199997919633.19,0.0186211151581414,0.0978966197735785,0.190212033890541,-0.875046862696414,1.058313648292
0.548,-0.0161165456119557,0.216750595503244,2.46281060065385,-29.0303103547931,-94.1257251863889,2865.58444294555,-31218.9851707495,-162236.908701958,2605536.69230035,-3487336.06981107,917431260.76108,1185437265.95876,-140027251656.026,199997148104.774,0.0161165456119557,0.0983655082362538,0.163843464044806,-0.907535746280427,0.987258579165641
0.549,-0.0137058850232831,0.189125902735888,2.35354669840624,-26.2463745290145,-123.89487126968,2701.80977230086,-28178.0707233446,-165098.193280773,3452954.32723342,-2201900.22979992,777404009.105054,1385434414.06353,-151523996299.307,199994605845.487,0.0137058850232831,0.098743236860596,0.138803278675509,-0.936402964576446,0.913619867753083
0.55,-0.0114188319646186,0.164202836804691,2.2161694132965,-23.6274214436701,-150.223210994403,2535.84986774944,-24361.6683909419,-166574.043869233,4154596.33818882,-716468.512813644,625880012.805747,1585429019.90902,-158549126757.035,-17939554999.4764,0.0114188319646186,0.099044245198782,0.115290211376753,-0.96155553141213,0.837629741527151
0.551,-0.00928165633124401,0.141815561288389,2.0544825579208,-21.1749120992278,-172.409874094398,2369.18108031232,-19920.5569008097,-166500.787797926,4701201.78761605,859990.729595637,467330886.048712,1567489464.90954,-163031676587.589,-199994731081.357,0.00928165633124401,0.099281464814351,0.0934883097121907,-0.982913984140491,0.759528258586689
0.552,-0.00731649925178823,0.121797538215606,1.87291405253022,-18.8887744355879,-189.908734606916,2203.36320300955,-15012.8616162672,-164890.384791055,5087016.83537097,2327482.8289645,304299209.461123,1367494733.82819,-165880146378.686,-199997278553.452,0.00731649925178823,0.0994662862715573,0.0735575794175438,-1.00041238696933,0.679562920159653
0.553,-0.00554082744569172,0.103983071747191,1.67635802005357,-16.7674131988658,-202.334282943353,2039.85614220201,-9801.3418672288,-161912.487474936,5308375.97164275,3594978.92351596,138419063.082437,1167497455.27473,-167536322971.587,-199998059858.444,0.00554082744569172,0.0996085859646439,0.0556260024377661,-1.01399834184224,0.597988284825997
0.554,-0.00396704802095269,0.0882087604470064,1.47001216683015,-14.8078671581705,-209.465347661038,1879.92739384555,-4451.6790845401,-157767.092833759,5363026.87323939,4662477.34886147,-29117259.8891505,967499395.416289,-168172744081.464,-199998374715.013,0.00396704802095269,0.0997167997147297,0.0397831461930351,-1.0236330091714,0.515065519849403
0.555,-0.00260228749123119,0.0743147645248953,1.25921220278035,-13.006007585362,-211.247373383276,1724.64445631985,868.76036807447,-152654.198849642,5249823.24130951,5529977.55692025,-197290003.970614,767501020.701276,-167751817897.915,-199998456058.457,0.00260228749123119,0.0997980295537332,0.0260755397964051,-1.02929113980523,0.431061854653473
0.556,-0.00144833731618474,0.062145873335016,1.04926456177268,-11.3567382529855,-207.793572720955,1574.87482981645,5991.97997108235,-146773.80385838,4968657.32838994,6197479.3495923,-365041821.868529,567502564.642819,-166000407607.554,-199998312308.623,0.00144833731618474,0.0998581710681824,0.014503943950624,-1.03096111898459,0.34624993304406
0.557,-0.000501767122626646,0.0515523728760145,0.845278495179358,-9.85419543258568,-199.385021072972,1431.28601613062,10750.4496539368,-140325.906278518,4520615.30271763,6664982.75808081,-531042229.476083,367504252.334195,-162250447764.388,-199997668101.961,0.000501767122626646,0.099902050832117,0.00502259081217315,-1.02864502254042,0.260907066885305
0.558,0.000245794311896405,0.0423907132928236,0.651998655970514,-8.49194789310469,-186.469531241246,1294.3455187037,14978.5021006223,-133510.504338954,3908447.84935935,6932488.17636402,-693292677.240471,167506584.232234,-154901244355.472,-199992590939.757,0.000245794311896405,0.0999335657153592,0.00245957712142986,-1.0223586851126,0.175314394418351
0.559,0.000807211478677195,0.0345239763801423,0.473639605715884,-7.26319689903833,-169.658808213999,1164.32084319234,18514.4867373022,-126527.594968964,3137704.54994114,6999998.46512637,-848193921.595943,-32486006.7075225,-139407730229.877,33412359045.0801,0.000807211478677195,0.099955817930786,0.00807568279053197,-1.01213177963155,0.0897559467796783
0.56,0.00119923090386068,0.0278221434124973,0.313724488484374,-6.1609742620669,-149.722643510752,1041.28922530312,21204.8597047403,-119538.270780684,2219806.76323026,6984218.63794139,-987601651.825819,926352.33755761,-97868321390.3245,29705190527.9994,0.00119923090386068,0.0999712415167582,0.0119957588369017,-0.998007906560524,0.00451762675710845
0.561,0.00144171233988028,0.0221621817760386,0.174932276981693,-5.1782898495732,-127.576558546425,925.244455949732,22914.5542551593,-112548.638101485,1183270.95070928,6999997.58554295,-1085469973.21614,30631542.865557,35558165755.7517,-61297192366.3672,0.00144171233988028,0.0999817174790622,0.0144197596943881,-0.980044690125983,-0.0801138886841961
0.562,0.00155671573672414,0.017428047884784,0.0589652757904631,-4.3081522809056,-104.249798887874,816.19836784848,23561.0165802198,-105543.540943237,115580.060371009,6999980.53222532,-1049911807.46039,-30665649.5008103,128279707999.057,61365984980.1293,0.00155671573672414,0.099988676037265,0.0155689203859841,-0.958313875874454,-0.163852279158812
0.563,0.00156747919390441,0.0135106956931844,-0.0335274287916503,-3.54355978645889,-80.8006325908791,714.152263145813,23173.0206881938,-98548.6655715992,-870191.893089854,6999997.87521457,-921632099.461334,30700335.479319,156777229145.948,-61415123327.369,0.00156747919390441,0.0999931856191645,0.0156758601518541,-0.932901415290015,-0.246412705167069
0.564,0.00149736989841513,0.0103080790978186,-0.102923677881182,-2.87751442239839,-58.2097808145927,619.106154270929,21868.1422835643,-91543.5533825328,-1713435.37797821,6999990.64903021,-764854870.315386,-30714787.84805,169036671912.784,61444516466.7578,0.00149736989841513,0.0999960290727036,0.0149742936024634,-0.90390750484449,-0.327512926152367
0.565,0.00136890848834907,0.00772515198931866,-0.150515420430986,-2.30301414745575,-37.3187888370737,531.06003726979,19800.4522490805,-84548.6793746822,-2393771.91233721,6999998.11941554,-595818198.402601,30729728.6187079,175413379617.688,-61467671886.4439,0.00136890848834907,0.0999977678387705,0.0136893904527569,-0.871446539853511,-0.406874406432222
0.566,0.00120292928685608,0.00567386825123297,-0.178356309109012,-1.8130610153453,-18.8072166864115,450.013917423256,17138.0068008116,-77543.5610029384,-2901883.42093097,6999994.01209102,-420404818.784914,-30737943.2677361,178956035998.094,61484516343.4743,0.00120292928685608,0.099998795053935,0.0120294378167985,-0.83564695892496,-0.484223403772739
0.567,0.00101790153723802,0.00407318176342828,-0.189094195198989,-1.4006529811315,-3.18276256436295,375.967792290666,14055.7469764879,-70548.6885430906,-3232810.22171683,6999998.32699502,-241448782.78682,30746573.0757382,180797211998.016,-61498429626.2592,0.00101790153723802,0.0999993786893544,0.0101790786160793,-0.796650969983824,-0.559292036333409
0.568,0.000829422123861078,0.00284904640108885,-0.185796439701244,-1.05879209810425,9.22387105463527,308.921664905351,10732.3452320439,-63543.5666678288,-3383860.39850464,6999995.68525763,-60651570.7888034,-30751856.550521,181344412189.435,61509352152.0245,0.000829422123861078,0.0999996958991214,0.00829424646148714,-0.754614155118593,-0.631819323837873
0.569,0.000649885096146703,0.00193441603664371,-0.171771388709019,-0.780476319334689,18.26173350947,248.875533660399,7348.38311684314,-56548.6953521544,-3353839.76319873,6999998.50478312,120692841.400632,30757495.6015035,180563938450.337,-61518635485.4493,0.000649885096146703,0.0999998597667789,0.00649886007502785,-0.709704954015307,-0.701552198925302
0.57,0.000488330817945353,0.00126924453905481,-0.150387903367115,-0.558707698025882,23.960835715716,195.829400533425,4084.98376408645,-49543.5712054848,-3142864.95257293,6999996.6826419,301256779.850969,-30761139.8839459,177844961070.665,61528193138.1001,0.000488330817945353,0.0999999396137454,0.00488331112830222,-0.662104027207818,-0.768246484776397
0.571,0.000350475967837142,0.000800485775069491,-0.124894352187615,-0.386484185960645,26.5320066735357,149.783264487328,1122.38802828411,-42548.7003939285,-2752685.69218663,6999999.639327,479101740.921634,30767053.2541542,170976178714.025,-199998762605.83,0.000350475967837142,0.0999999759772563,0.00350476052031106,-0.612003501472809,-0.831667835240162
0.572,0.000238924218401924,0.000482093416554545,-0.0982385450746075,-0.25680898975953,26.3650261533265,110.731358473496,-1362.25076365603,-35566.6503550754,-2188095.86190798,6930767.31127824,650077919.635659,-169231709.351676,149111230899.557,-199999555015.156,0.000238924218401924,0.0999999912858732,0.00238924239222085,-0.559606100707638,-0.891592633930569
0.573,0.000153555598364053,0.000275009424902482,-0.0728909977731847,-0.16271454656254,24.02328674661,78.5935531743759,-3200.45579392959,-28753.8321576422,-1463462.32682254,6661535.82441899,799189150.535215,-369231264.366832,-34806700799.8035,-199999678721.648,0.000153555598364053,0.0999999971641281,0.00153555602718693,-0.50512416679116,-0.947808853238351
0.574,9.20884686351817e-05,0.000147073558855673,-0.0506788398192443,-0.0974047047962528,20.222847701825,53.1006170649353,-4270.12466228449,-22310.2452451936,-681676.526687228,6192304.72069133,764382449.735412,-569230943.08848,-160536638996.27,-199999702349.199,9.20884686351817e-05,0.0999999991888911,0.000920884693821195,-0.448778576955828,-1.00011689664826
0.575,5.07871089207174e-05,7.27537797124946e-05,-0.0326741557395955,-0.0544525441872806,15.7325928245279,33.7833190353081,-4596.36607060339,-16435.8892797713,2437.60355004893,5523073.92642825,603845810.739142,-769230645.437679,-178374122956.727,-199999660693.16,5.07871089207174e-05,0.0999999998015131,0.000507871090215232,-0.390797572845714,-1.04833046054233
0.576,2.52180744550187e-05,3.26770202104888e-05,-0.0192156658920214,-0.0280003754115191,11.2306542690329,19.9724282919824,-4321.73458217655,-11330.7639528441,517096.352810827,4653843.45064399,425471687.782415,-969230306.130839,-184466112407.901,-199999455927.384,2.52180744550187e-05,0.0999999999599584,0.000252180744651164,-0.331415544274604,-1.09227742013335
0.577,1.09222816763157e-05,1.29599537336905e-05,-0.0100435054192208,-0.0129597397790729,7.23069372320848,10.7987143694415,-3622.6467375425,-7194.86889792011,850334.984389292,3584613.41654946,241005575.374513,-1169229762.05822,-186767416223.865,169230509025.044,1.09222816763157e-05,0.0999999999937015,0.000109222816770036,-0.270871825028544,-1.13180073611895
0.578,3.9275282673972e-06,4.34027667639764e-06,-0.00447392706354659,-0.00520833194167711,4.06560009808038,5.20833182399582,-2682.93686816993,-4166.66527756225,997956.851651872,2499998.90900376,54238159.1506482,-999999253.033179,-186573531394.177,199999618324.243,3.9275282673972e-06,0.0999999999992936,3.92752826742495e-05,-0.209409535100994,-1.16675937822849
0.579,1.08101949843619e-06,1.13777750513895e-06,-0.00158276411373953,-0.00170666624368548,1.88290745178674,2.13333277619342,-1688.95652550843,-2133.33272535438,958908.245105431,1599999.4651327,-132335372.243529,-799999634.708935,-181633160732.477,199999836199.108,1.08101949843619e-06,0.0999999999999515,1.08101949843671e-05,-0.147274481857173,-1.19702925043422
0.58,1.96815803503847e-07,2.02499953632681e-07,-0.000391544467372361,-0.000404999905458339,0.643781105093244,0.674999837462199,-826.488159980178,-899.999771542966,735756.292495663,899999.748523316,-313968532.976006,-599999798.509827,-69415447888.4701,199999905097.684,1.96815803503847e-07,0.0999999999999985,1.9681580350385e-06,-0.0847141263147107,-1.22250405216128
0.581,1.73575594163081e-08,1.77777738284725e-08,-5.20418777929999e-05,-5.3333321409166e-05,0.129950692202877,0.133333303141657,-259.285375287263,-266.666604758283,387080.035575422,399999.90256233,-383383980.864477,-399999893.412143,187995935721.293,199999937555.884,1.73575594163082e-08,0.1,1.73575594163082e-07,-0.0219766187840073,-1.24309600614287
0.582,2.71372284921085e-10,2.77777716467031e-10,-1.62823370952653e-06,-1.66666629880217e-06,0.00814116854763266,0.00833333149401082,-32.5646741905306,-33.3333259760432,97694.0225715917,99999.9779281293,-195388045.143183,-199999955.856259,195388045143.183,199999955856.258,2.71372284927464e-10,0.1,2.71372284927464e-09,0.040690096923501,-1.25873643378404
0.583,-7.35197166133557e-31,2.63645692788628e-28,1.32198057197623e-27,-6.57945141950371e-23,-2.55428671625067e-25,1.59013819697384e-19,3.10402667277531e-21,-1.45180032380181e-16,-1.58216429603771e-18,4.10962956560428e-13,-1.82755839893425e-15,-8.28339876992388e-10,0,0,2.63646717864776e-28,0.1,2.63646717864776e-27,0.103039134778975,-1.2693761749873
0.584,0,-6.50183796835537e-33,2.27872292077692e-27,5.46089538643152e-23,1.75292278664232e-24,0,6.08083177270451e-22,0,0,0,0,0,0,0,6.50183796835537e-33,0.1,6.50183796835537e-32,0.164825531459082,-1.27498585126844
